Date,Open,High,Low,Close,Volume
2016-08-22 00:00:00+02:00,34.58518575770866,35.45580645106963,34.58518575770866,35.01071548461914,20470
2016-08-23 00:00:00+02:00,35.020494615677734,35.020494615677734,34.48247099191837,34.9618034362793,11737
2016-08-24 00:00:00+02:00,35.1036430811707,35.16723016795511,34.506928275628766,35.152557373046875,15919
2016-08-25 00:00:00+02:00,35.152557286845344,35.460697174072266,34.58518434087465,35.460697174072266,23041
2016-08-26 00:00:00+02:00,35.46069839652374,35.705254937189416,34.97647749086396,35.49982833862305,16794
2016-08-29 00:00:00+02:00,35.26504788006067,36.032955169677734,35.26504788006067,36.032955169677734,14907
2016-08-30 00:00:00+02:00,35.99872100085057,36.844888249056226,35.98404820589591,36.83021545410156,29895
2016-08-31 00:00:00+02:00,36.683484520399304,36.888911138120655,35.56830718804109,35.60743713378906,38102
2016-09-01 00:00:00+02:00,35.99872030081218,35.99872030081218,34.73191927253993,35.26015853881836,14732
2016-09-02 00:00:00+02:00,34.97158348356254,35.49493430391123,34.97158348356254,35.06940460205078,37575
2016-09-05 00:00:00+02:00,34.73191966685888,36.07698059082031,34.73191966685888,36.07698059082031,19470
2016-09-06 00:00:00+02:00,36.09165388949519,36.585659135141015,35.582975848808616,36.341102600097656,15933
2016-09-07 00:00:00+02:00,36.331317514873334,36.830214925997616,36.194366455078125,36.194366455078125,28019
2016-09-08 00:00:00+02:00,36.58566087137878,36.830217418028,35.900901794433594,35.900901794433594,18674
2016-09-09 00:00:00+02:00,35.66123780701363,36.48294423021891,35.66123780701363,35.6661262512207,26980
2016-09-12 00:00:00+02:00,35.80307656319227,35.90090141981323,34.629208136834535,35.0204963684082,66625
2016-09-13 00:00:00+02:00,34.99603870422915,36.68347716097971,34.99603870422915,36.2432746887207,21653
2016-09-14 00:00:00+02:00,36.34110657868447,36.34110657868447,35.36288033141584,35.724822998046875,9119
2016-09-15 00:00:00+02:00,36.194367962280126,36.6785888671875,36.14545740055032,36.6785888671875,27018
2016-09-16 00:00:00+02:00,36.67858427347397,37.642137518583695,36.41446279524825,37.14813232421875,148122
2016-09-19 00:00:00+02:00,37.14813672678279,37.14813672678279,36.34110313457963,36.732391357421875,25163
2016-09-20 00:00:00+02:00,36.73239427552308,37.07477569580078,36.34599446597882,37.07477569580078,20197
2016-09-21 00:00:00+02:00,35.75416286870158,36.6834784011924,35.75416286870158,36.282405853271484,35893
2016-09-22 00:00:00+02:00,36.04763017320089,38.44428485660676,36.04763017320089,38.3953742980957,144238
2016-09-23 00:00:00+02:00,38.150824156949454,38.150824156949454,37.45628440763378,37.857357025146484,31858
2016-09-26 00:00:00+02:00,37.82800035638397,38.2730950096626,37.82800035638397,38.17527389526367,51599
2016-09-27 00:00:00+02:00,37.857359513165356,38.625267028808594,37.857359513165356,38.625267028808594,76173
2016-09-28 00:00:00+02:00,38.498090672894676,38.498090672894676,37.813331604003906,37.813331604003906,89675
2016-09-29 00:00:00+02:00,37.91115284176076,38.591019670022455,37.83289296403803,38.43939208984375,32023
2016-09-30 00:00:00+02:00,37.75952844993266,38.41494192047527,37.177486419677734,37.177486419677734,59731
2016-10-03 00:00:00+02:00,36.83021781239913,38.150821685791016,36.83021781239913,38.150821685791016,15283
2016-10-04 00:00:00+02:00,37.666601967440506,38.1899528503418,37.6225798467136,38.1899528503418,25583
2016-10-05 00:00:00+02:00,38.39537760453682,38.41005040019005,37.617689581821644,38.06767272949219,23494
2016-10-06 00:00:00+02:00,37.66170760934868,38.09212578149488,37.66170760934868,37.99430465698242,12728
2016-10-07 00:00:00+02:00,38.09212676116969,38.09212676116969,37.28020095825195,37.28020095825195,17241
2016-10-10 00:00:00+02:00,37.37801989065358,37.75952748795541,37.27041441825838,37.51986312866211,8145
2016-10-11 00:00:00+02:00,37.6127963382199,39.119265509794864,37.422042536869974,38.59102249145508,30276
2016-10-12 00:00:00+02:00,38.8209044669696,38.90894496601765,38.16549103369266,38.224185943603516,15314
2016-10-13 00:00:00+02:00,37.80844474777571,38.341576244404784,37.05031793758619,37.05521011352539,24128
2016-10-14 00:00:00+02:00,37.57366682210187,37.57366682210187,37.08944591562385,37.177486419677734,12393
2016-10-17 00:00:00+02:00,37.17259306769509,38.004083788396805,37.04053418161152,37.94539260864258,102321
2016-10-18 00:00:00+02:00,38.12146945783384,38.576344709553105,37.71061258613443,38.24374771118164,80725
2016-10-19 00:00:00+02:00,38.39537184291666,38.39537184291666,37.832891126916124,38.31711196899414,68470
2016-10-20 00:00:00+02:00,38.29755399825017,38.29755399825017,36.194366352670144,36.43892288208008,47741
2016-10-21 00:00:00+02:00,36.50739882997827,38.12147343522775,36.50739882997827,37.31932830810547,90085
2016-10-24 00:00:00+02:00,37.31443244698543,37.896478130282354,37.31443244698543,37.88180160522461,16345
2016-10-25 00:00:00+02:00,37.90136926872468,38.29266120209246,37.5002967162591,37.9062614440918,33273
2016-10-26 00:00:00+02:00,38.19973351535528,38.19973351535528,36.928040163342395,37.44649887084961,20010
2016-10-27 00:00:00+02:00,37.66170944188068,37.95028438537952,36.732393787247155,37.6812744140625,58200
2016-10-28 00:00:00+02:00,37.67637928903889,37.67637928903889,37.18726621768876,37.338890075683594,15452
2016-10-31 00:00:00+01:00,37.38291185406847,38.008975982666016,37.201938675918385,38.008975982666016,30549
2016-11-02 00:00:00+01:00,37.66170178015485,37.66659395511428,36.69325637817383,36.69325637817383,15619
2016-11-03 00:00:00+01:00,36.69325909346031,36.90357785264597,35.46069585863868,36.78129959106445,49503
2016-11-04 00:00:00+01:00,36.199263569588396,36.277519729447334,35.60743713378906,35.60743713378906,19931
2016-11-07 00:00:00+01:00,35.710148998056525,36.43892648285531,35.225924335197085,35.31396484375,24331
2016-11-08 00:00:00+01:00,35.94981237271372,36.37044993166009,35.36776659731745,35.96448516845703,22236
2016-11-09 00:00:00+01:00,35.2650532804909,36.101436222234845,35.20146992175134,35.900901794433594,14105
2016-11-10 00:00:00+01:00,35.74438441835566,36.77641330518749,35.73460006713867,35.73460006713867,34656
2016-11-14 00:00:00+01:00,35.85198802887694,36.04763026341076,34.49714279174805,34.49714279174805,66392
2016-11-15 00:00:00+01:00,34.58518453053889,35.45580519300804,34.58518453053889,34.90800094604492,19630
2016-11-16 00:00:00+01:00,35.3139657187254,35.3139657187254,34.580296039818606,34.844417572021484,28317
2016-11-17 00:00:00+01:00,34.82485238308876,34.84441735553449,34.091182708740234,34.091182708740234,20616
2016-11-18 00:00:00+01:00,34.09118134507159,34.824850990072875,33.78793361338527,33.79771423339844,17554
2016-11-21 00:00:00+01:00,34.594968588007816,34.77593803307095,33.74880134709535,33.846622467041016,51541
2016-11-22 00:00:00+01:00,34.23791124945728,34.66832936177571,34.01781188407952,34.30149459838867,50075
2016-11-23 00:00:00+01:00,34.67812003601762,34.77594116477243,34.28682805772462,34.3797607421875,57822
2016-11-24 00:00:00+01:00,34.42867069515181,34.55584114558417,34.18900632181286,34.36019515991211,9071
2016-11-25 00:00:00+01:00,34.38953909313402,34.443341829889924,33.11295366944674,33.31349182128906,37694
2016-11-28 00:00:00+01:00,33.73412907368252,33.73412907368252,32.530911367897836,32.56025695800781,33586
2016-11-29 00:00:00+01:00,32.77057519729047,32.77057519729047,32.23255157470703,32.23255157470703,52734
2016-11-30 00:00:00+01:00,32.574927443275314,33.254794264617495,32.521124710797615,32.91730880737305,64986
2016-12-01 00:00:00+01:00,33.20588697440369,34.18411314240883,33.13251926547596,33.768367767333984,42606
2016-12-02 00:00:00+01:00,33.65586511599671,33.79770833708087,33.577608974633534,33.792816162109375,15718
2016-12-05 00:00:00+01:00,33.289037120654314,34.898219702679654,33.289037120654314,34.824851989746094,40716
2016-12-06 00:00:00+01:00,34.824850867052085,35.75416649376487,34.78083247969316,35.65634536743164,91212
2016-12-07 00:00:00+01:00,35.656347115117065,35.656347115117065,35.06940913343876,35.21614456176758,44932
2016-12-08 00:00:00+01:00,35.6514507619653,36.41446594394772,35.33352652559378,35.94981002807617,40071
2016-12-09 00:00:00+01:00,35.92535461511491,36.36066496240991,35.92535461511491,36.316646575927734,31847
2016-12-12 00:00:00+01:00,36.41446397284995,36.41446397284995,35.103640889433365,35.328636169433594,15129
2016-12-13 00:00:00+01:00,35.50471472170042,35.55851745605469,35.196574841737586,35.55851745605469,37516
2016-12-14 00:00:00+01:00,35.6954718026994,35.6954718026994,34.97647502673451,34.98625564575195,10314
2016-12-15 00:00:00+01:00,34.97158700985039,35.43135452270508,34.67811989315803,35.43135452270508,26231
2016-12-16 00:00:00+01:00,35.431351498939556,36.43892321519577,35.21614055696773,35.768836975097656,115456
2016-12-19 00:00:00+01:00,35.607428352094836,35.705249460702596,35.3237419128418,35.3237419128418,13766
2016-12-20 00:00:00+01:00,35.58297366434237,36.14545440673828,35.46558757958622,36.14545440673828,26232
2016-12-21 00:00:00+01:00,35.856879439796884,36.610114046319765,35.856879439796884,36.3900146484375,63401
2016-12-22 00:00:00+01:00,35.9498092701658,37.656812774326355,35.9498092701658,37.162811279296875,82719
2016-12-23 00:00:00+01:00,37.29975941630838,37.61279144609808,37.01118079818704,37.2557373046875,18538
2016-12-27 00:00:00+01:00,36.791081172784,37.24595642089844,36.610108015874424,37.24595642089844,25616
2016-12-28 00:00:00+01:00,36.83021500294533,37.6225757738835,36.83021500294533,37.06498718261719,18583
2016-12-29 00:00:00+01:00,36.83021357627239,37.45627767332785,36.83021357627239,37.451385498046875,47586
2016-12-30 00:00:00+01:00,37.26552117646578,37.55409605924793,36.80575375602117,37.36334228515625,22417
2017-01-02 00:00:00+01:00,37.07965728621092,38.1508160066758,37.07965728621092,38.02853775024414,32439
2017-01-03 00:00:00+01:00,37.505190766456096,38.542111829569386,37.505190766456096,38.527435302734375,46178
2017-01-04 00:00:00+01:00,38.54211365727436,38.61547763674529,37.78887903773284,38.150821685791016,129563
2017-01-05 00:00:00+01:00,38.15081817028569,38.15081817028569,37.011183860119026,37.41714859008789,79181
2017-01-09 00:00:00+01:00,37.63724807246992,37.83778621611418,36.95249278109067,37.17259216308594,35806
2017-01-10 00:00:00+01:00,37.358458078596755,37.80844497680664,37.15792364351751,37.80844497680664,84007
2017-01-11 00:00:00+01:00,37.80844400947069,38.54211365727436,37.49051974909507,38.150821685791016,31375
2017-01-12 00:00:00+01:00,38.24863926737175,38.54211008459927,37.07477092500747,37.35356521606445,46528
2017-01-13 00:00:00+01:00,37.79376873452302,37.79376873452302,36.194370491223005,37.44649887084961,48730
2017-01-16 00:00:00+01:00,37.236173882948314,38.05299548462941,36.95737960322372,37.984519958496094,27920
2017-01-17 00:00:00+01:00,37.984527483861356,38.34647015536379,37.32911394891891,37.857357025146484,55961
2017-01-18 00:00:00+01:00,37.544319869943514,37.92582746313136,37.20683066136817,37.31932830810547,47376
2017-01-19 00:00:00+01:00,37.66170330615492,37.66170330615492,36.98672866821289,36.98672866821289,23406
2017-01-20 00:00:00+01:00,37.15302813801383,37.44649523201677,36.83021545410156,36.83021545410156,10853
2017-01-23 00:00:00+01:00,37.17258946783891,37.36334324684035,36.703041417094134,37.14813232421875,23450
2017-01-24 00:00:00+01:00,37.35356554118373,37.35356554118373,36.556308869285665,36.68347930908203,27688
2017-01-25 00:00:00+01:00,36.92803893945156,38.150821685791016,36.92803893945156,38.150821685791016,65074
2017-01-26 00:00:00+01:00,38.395373844635856,39.070348500044176,38.395373844635856,38.87470626831055,98376
2017-01-27 00:00:00+01:00,38.63993176889565,38.63993176889565,37.93560776784526,38.05299758911133,39418
2017-01-30 00:00:00+01:00,38.390483187677205,38.390483187677205,37.67148638954736,37.87202453613281,36419
2017-01-31 00:00:00+01:00,37.759526975019305,38.22418662390136,37.56388473510742,37.56388473510742,40018
2017-02-01 00:00:00+01:00,38.10190711955649,38.850249484638965,38.02853941615624,38.639930725097656,20425
2017-02-02 00:00:00+01:00,38.639929694962156,38.8062263353753,38.067668340642136,38.419830322265625,16548
2017-02-03 00:00:00+01:00,38.44428978218928,38.44428978218928,37.58834183785208,37.80844497680664,33811
2017-02-06 00:00:00+01:00,37.808441810387464,38.219294998075064,37.568773719266446,37.95517349243164,64136
2017-02-07 00:00:00+01:00,37.90137028527562,38.12636184692383,37.61279536869527,38.12636184692383,21477
2017-02-08 00:00:00+01:00,38.145931259255455,38.145931259255455,37.59812695202155,37.71062088012695,44369
2017-02-09 00:00:00+01:00,38.09212751223991,38.86003494262695,37.90626587456679,38.86003494262695,31674
2017-02-10 00:00:00+01:00,39.08013851152407,40.933877659321695,39.07524633553116,40.302921295166016,190739
2017-02-13 00:00:00+01:00,40.84094285087351,40.84094285087351,39.76489554985249,39.86271667480469,42279
2017-02-14 00:00:00+01:00,40.08281792512958,40.097494453024076,39.61816196266664,39.9849967956543,44770
2017-02-15 00:00:00+01:00,40.107269287109375,40.302915249471326,39.794237239984795,40.107269287109375,21159
2017-02-16 00:00:00+01:00,40.10726947548949,40.54747195996238,39.52033531728321,39.61815643310547,51837
2017-02-17 00:00:00+01:00,39.98498758280052,39.98498758280052,38.835572783934076,38.884483337402344,40407
2017-02-20 00:00:00+01:00,38.8844895910983,39.1290461294071,38.54211193012065,38.59102249145508,19327
2017-02-21 00:00:00+01:00,38.95296364069007,40.09259796142578,38.786666992155155,40.09259796142578,55545
2017-02-22 00:00:00+01:00,40.05835872942798,40.107269287109375,39.618156247022675,40.107269287109375,35947
2017-02-23 00:00:00+01:00,40.043687804509155,40.60127639770508,39.813804067875715,40.60127639770508,38419
2017-02-24 00:00:00+01:00,40.57193081683544,40.63551790912444,39.25132691786121,39.295345306396484,41380
2017-02-27 00:00:00+01:00,39.61815825316108,39.755109314258306,39.27578060041801,39.30512619018555,29428
2017-02-28 00:00:00+01:00,39.30512439157876,39.569245882309986,38.56656265258789,38.56656265258789,68858
2017-03-01 00:00:00+01:00,38.639932001712815,39.61815812833845,38.639932001712815,39.48609924316406,51084
2017-03-02 00:00:00+01:00,39.78445034988487,40.20998001098633,39.78445034988487,40.20998001098633,62351
2017-03-03 00:00:00+01:00,40.20509013685397,40.20509013685397,39.8431475344392,40.09748840332031,22345
2017-03-06 00:00:00+01:00,39.6915218387131,39.9752082824707,39.57902420355538,39.9752082824707,12406
2017-03-07 00:00:00+01:00,39.97521282307034,39.97521282307034,39.44207763671875,39.44207763671875,28760
2017-03-08 00:00:00+01:00,39.3736041982208,39.3784963740354,38.63993455477569,38.70351791381836,50212
2017-03-09 00:00:00+01:00,38.654607722612475,38.96763980829755,38.39537837649548,38.40515899658203,67458
2017-03-10 00:00:00+01:00,38.41004481975445,39.129041555396654,38.405152644701886,38.816009521484375,29850
2017-03-13 00:00:00+01:00,38.889377648987534,40.004554748535156,38.8844854738811,40.004554748535156,32289
2017-03-14 00:00:00+01:00,40.1072665043781,40.1072665043781,38.73774859450099,39.647499084472656,51072
2017-03-15 00:00:00+01:00,39.647501499064056,39.9996634820017,38.57634648787109,39.354034423828125,50733
2017-03-16 00:00:00+01:00,39.618156247022675,40.151287669531726,39.56924568934128,40.107269287109375,45337
2017-03-17 00:00:00+01:00,40.10727152583825,40.83604895138854,40.10237935030613,40.36650085449219,82973
2017-03-20 00:00:00+01:00,40.83116411899938,40.83116411899938,39.784458629102005,39.9849967956543,25516
2017-03-21 00:00:00+01:00,40.298027127570684,40.59638641056481,39.47142481255712,39.5545768737793,71732
2017-03-22 00:00:00+01:00,39.129047263911886,39.86271690011023,38.71330188306017,38.93829345703125,42214
2017-03-23 00:00:00+01:00,38.85025682699301,39.85782870042697,38.85025682699301,39.50077819824219,32328
2017-03-24 00:00:00+01:00,39.6132645238114,39.85782104664552,38.6448227831047,38.82090377807617,45439
2017-03-27 00:00:00+02:00,38.786672225784976,38.82090999519943,37.8622487199576,38.09212875366211,47634
2017-03-28 00:00:00+02:00,38.73775377996638,38.73775377996638,37.847568138876156,38.08234405517578,60267
2017-03-29 00:00:00+02:00,38.49320022507217,38.8844922053277,38.248643670321684,38.55189514160156,52971
2017-03-30 00:00:00+02:00,38.55678447009624,38.8160138019255,37.85735262589813,38.27309799194336,33628
2017-03-31 00:00:00+02:00,38.49319104303217,38.50297539260492,37.285085085317384,37.51496505737305,91826
2017-04-03 00:00:00+02:00,37.9991956091905,38.067671140471774,37.63724925054771,37.95517349243164,8336
2017-04-04 00:00:00+02:00,38.00408673295504,38.5714597254497,37.71551179244047,38.35136032104492,31824
2017-04-05 00:00:00+02:00,38.351361313903475,39.085030989762124,38.31711981332528,39.07035446166992,32221
2017-04-06 00:00:00+02:00,38.938292352113585,39.02633285522461,38.6399330766616,39.02633285522461,19943
2017-04-07 00:00:00+02:00,39.07034886320331,39.075241038533036,38.639930725097656,38.639930725097656,22293
2017-04-10 00:00:00+02:00,37.61280030664854,37.61280030664854,34.99604581698481,36.23350143432617,488552
2017-04-11 00:00:00+02:00,36.659026115219554,36.87912925378198,35.56830596923828,35.56830596923828,69333
2017-04-12 00:00:00+02:00,35.578085119163944,36.41446805520694,35.48026399382573,35.582977294921875,66222
2017-04-13 00:00:00+02:00,35.949807883224445,35.949807883224445,35.46069485079962,35.509605407714844,30874
2017-04-18 00:00:00+02:00,35.514497429398844,35.93513493399704,35.25037594523465,35.318851470947266,29644
2017-04-19 00:00:00+02:00,35.32374978291145,35.9204683806205,35.32374978291145,35.705257415771484,69318
2017-04-20 00:00:00+02:00,36.04763075886493,36.04763075886493,35.51449931865076,35.81285858154297,47478
2017-04-21 00:00:00+02:00,35.705255922686824,35.92535532270621,35.22103500366211,35.22103500366211,60713
2017-04-24 00:00:00+02:00,35.33842268573217,36.18947846403194,35.33842268573217,35.832427978515625,57560
2017-04-25 00:00:00+02:00,35.99871747515886,37.17258946783891,35.87643922033045,37.14813232421875,118362
2017-04-26 00:00:00+02:00,37.148138956111296,37.16281548388524,36.45359924028547,36.92803955078125,56874
2017-04-27 00:00:00+02:00,36.68837200720382,37.407368808967014,36.68347983170136,37.31932830810547,77138
2017-04-28 00:00:00+02:00,36.67369981165933,36.67369981165933,35.96448361767441,36.65902328491211,463668
2017-05-02 00:00:00+02:00,36.65902525342983,37.04053660497534,36.536746978759766,36.536746978759766,33394
2017-05-04 00:00:00+02:00,36.43892441215553,37.563885987333116,36.43892441215553,37.358455657958984,34965
2017-05-05 00:00:00+02:00,37.368238335845525,37.368238335845525,36.54163607462387,36.68347930908203,47318
2017-05-08 00:00:00+02:00,37.31443900094238,37.31443900094238,36.2237151415164,36.48294448852539,131804
2017-05-09 00:00:00+02:00,36.68347644852524,37.14813232421875,36.575870987214444,37.14813232421875,41743
2017-05-10 00:00:00+02:00,37.172594009373775,37.27041513253326,36.468269981388225,36.92314529418945,46954
2017-05-11 00:00:00+02:00,37.123683447794036,37.123683447794036,36.52207271861694,36.92314529418945,34486
2017-05-12 00:00:00+02:00,37.11390320135353,37.11390320135353,36.27263174688072,36.370452880859375,31296
2017-05-15 00:00:00+02:00,36.9231410345593,36.9231410345593,36.199255850762036,36.41446304321289,9440
2017-05-16 00:00:00+02:00,36.42425454871988,36.68348390458369,35.558522238855005,35.65145492553711,44445
2017-05-17 00:00:00+02:00,36.11121672516649,36.11121672516649,35.58786592038015,35.59275436401367,23633
2017-05-18 00:00:00+02:00,35.597648146906714,36.07698059082031,35.21614055462676,36.07698059082031,42113
2017-05-19 00:00:00+02:00,36.07698442824608,36.07698442824608,35.49983080294484,35.705257415771484,36632
2017-05-22 00:00:00+02:00,35.70525220575381,35.70525220575381,35.31396027796771,35.41178512573242,57051
2017-05-23 00:00:00+02:00,35.32374590628172,35.94981002807617,35.32374590628172,35.94981002807617,52876
2017-05-24 00:00:00+02:00,36.023181434202186,36.023181434202186,35.62699727608925,35.75905990600586,39738
2017-05-25 00:00:00+02:00,35.99383322023003,35.99383322023003,35.578087808659575,35.60743713378906,25669
2017-05-26 00:00:00+02:00,35.705250449855136,36.15034508911405,35.65633989419627,36.09654235839844,115936
2017-05-29 00:00:00+02:00,36.14545810698367,36.16991152250816,35.77862328938566,36.018287658691406,7717
2017-05-30 00:00:00+02:00,35.81775592763817,35.871554938495365,35.60743713378906,35.60743713378906,79503
2017-05-31 00:00:00+02:00,35.485158961162426,35.53406952767928,33.99336242675781,33.99336242675781,169292
2017-06-01 00:00:00+02:00,34.27214898140677,35.10363961836758,34.27214898140677,34.91777801513672,50143
2017-06-02 00:00:00+02:00,35.01071671786992,35.534067587462175,34.53138423624824,34.67811965942383,44026
2017-06-05 00:00:00+02:00,34.971586672840345,34.971586672840345,34.14987651503821,34.179222106933594,27798
2017-06-06 00:00:00+02:00,34.179218634413274,34.38464895172023,33.69988993451539,33.880859375,66092
2017-06-07 00:00:00+02:00,34.18411042445008,34.25747812754438,33.88085899309062,34.05205154418945,82309
2017-06-08 00:00:00+02:00,34.23791422070346,34.72702728099922,34.0765060152131,34.707462310791016,45168
2017-06-09 00:00:00+02:00,34.727031374022566,34.80529126407934,34.11563997659259,34.28193664550781,30837
2017-06-12 00:00:00+02:00,34.53138525967674,34.53138525967674,33.846626150624054,34.091182708740234,29044
2017-06-13 00:00:00+02:00,34.01781872661493,34.12053203322729,33.69989445473651,34.091182708740234,44361
2017-06-14 00:00:00+02:00,34.28682401027715,34.43355941772461,34.06672463074239,34.43355941772461,48064
2017-06-15 00:00:00+02:00,34.43355941772461,34.43355941772461,34.43355941772461,34.43355941772461,0
2017-06-16 00:00:00+02:00,34.43356017203167,34.477578556248325,33.94444711200746,34.33573532104492,73056
2017-06-19 00:00:00+02:00,34.72702508496719,34.72702508496719,33.80260175799685,34.14009094238281,61342
2017-06-20 00:00:00+02:00,34.23791434239782,34.67811684455595,34.1890037825217,34.5264892578125,48213
2017-06-21 00:00:00+02:00,34.37486511953367,34.526488973391565,34.2379140603541,34.453125,36654
2017-06-22 00:00:00+02:00,34.296606129853174,34.37975444723395,34.20367346240632,34.237911224365234,55009
2017-06-23 00:00:00+02:00,34.50693033228627,34.531383748045265,34.330849319619716,34.413997650146484,53037
2017-06-26 00:00:00+02:00,34.60964362726235,35.04495398303242,34.24280880622217,34.78572463989258,42199
2017-06-27 00:00:00+02:00,34.84441162277881,35.80307272507465,34.648765662147014,35.45580291748047,70686
2017-06-28 00:00:00+02:00,35.80307445577956,35.944917690803344,35.221032452600625,35.695472717285156,41576
2017-06-29 00:00:00+02:00,35.70525136701203,35.749269748744844,35.225918953315734,35.509605407714844,58086
2017-06-30 00:00:00+02:00,36.375571987985914,36.39643501091327,35.587859543354256,35.87998962402344,56210
2017-07-03 00:00:00+02:00,35.994763554315234,36.04692908231206,34.59148816534496,34.914920806884766,59474
2017-07-04 00:00:00+02:00,34.95143170889953,35.457445610734666,34.73233413696289,34.73233413696289,30331
2017-07-05 00:00:00+02:00,34.847097777738576,35.72870573833123,34.434983438064755,35.650455474853516,49761
2017-07-06 00:00:00+02:00,35.62959261729421,35.80173842177259,35.509608348743825,35.775657653808594,24670
2017-07-07 00:00:00+02:00,35.79130766029572,35.79130766029572,35.493959835456174,35.681758880615234,17432
2017-07-10 00:00:00+02:00,34.956647792440904,35.467875435980375,34.63843296167754,34.894046783447266,51092
2017-07-11 00:00:00+02:00,34.89926694342659,35.00359798565945,34.341087509535086,34.44020080566406,79667
2017-07-12 00:00:00+02:00,34.638434138002175,35.452227382686566,34.581050872802734,34.581050872802734,116616
2017-07-13 00:00:00+02:00,35.207045008682954,35.493961334228516,34.95664892454683,35.493961334228516,21736
2017-07-14 00:00:00+02:00,35.57220919134953,35.650455474853516,35.01924358142108,35.650455474853516,18725
2017-07-17 00:00:00+02:00,35.83825182868284,35.979103088378906,35.50438777751405,35.979103088378906,67256
2017-07-18 00:00:00+02:00,35.96345533654337,36.11473811292546,35.47830849503306,35.89042282104492,22070
2017-07-19 00:00:00+02:00,35.989536961608465,35.989536961608465,35.42092608024571,35.5252571105957,90249
2017-07-20 00:00:00+02:00,35.728707547300814,35.728707547300814,35.48352523331129,35.514827728271484,37621
2017-07-21 00:00:00+02:00,35.7339283670798,35.81739638752194,35.509613037109375,35.509613037109375,19562
2017-07-24 00:00:00+02:00,35.71827987770989,35.98432922363281,35.07141862524521,35.98432922363281,86464
2017-07-25 00:00:00+02:00,35.979109690897054,36.49033737182617,35.707842612058855,36.49033737182617,49349
2017-07-26 00:00:00+02:00,36.5164239511398,36.72509002685547,36.48512543277347,36.72509002685547,34004
2017-07-27 00:00:00+02:00,36.73030593898551,36.73030593898551,36.51642212756503,36.68857192993164,19745
2017-07-28 00:00:00+02:00,36.69899825802976,36.70421600341797,36.51641696917859,36.70421600341797,12407
2017-07-31 00:00:00+02:00,36.77725055855765,37.038082122802734,36.77725055855765,37.038082122802734,55520
2017-08-01 00:00:00+02:00,37.038083820971664,37.28326613939929,36.98591830172566,37.24674987792969,52114
2017-08-02 00:00:00+02:00,37.03807808683839,37.497140157096105,36.7250810398457,37.38237762451172,41050
2017-08-03 00:00:00+02:00,37.38237933054074,37.52844436047178,36.51641668170165,36.751163482666016,105717
2017-08-04 00:00:00+02:00,36.72508972733885,37.14241789539225,36.62075470034475,36.87115478515625,31210
2017-08-07 00:00:00+02:00,37.095465667764195,37.39281349406853,36.88158187306736,36.89201736450195,31986
2017-08-08 00:00:00+02:00,37.038078709233595,37.24674473739299,36.631182143308195,36.8189811706543,133553
2017-08-09 00:00:00+02:00,37.03807985010137,37.03807985010137,35.535691565028586,36.40686798095703,44080
2017-08-10 00:00:00+02:00,35.99997457211987,36.88158257641082,35.99997457211987,36.427738189697266,47140
2017-08-11 00:00:00+02:00,36.307752222476125,36.4068694885032,36.10430392482225,36.31818771362305,24197
2017-08-14 00:00:00+02:00,36.104310150141,36.77203841962316,35.61394546100124,36.23472595214844,46174
2017-08-15 00:00:00+02:00,36.23472595214844,36.23472595214844,36.23472595214844,36.23472595214844,0
2017-08-16 00:00:00+02:00,36.14604599537479,36.876375319655025,35.733931562531126,35.99998092651367,50719
2017-08-17 00:00:00+02:00,36.51119840996026,36.51119840996026,35.765220035018714,35.78608703613281,35002
2017-08-18 00:00:00+02:00,35.786086793147994,36.14081784973202,35.29050845496704,35.38962173461914,47977
2017-08-21 00:00:00+02:00,35.26442423265032,35.98953561232665,35.21747646474505,35.739139556884766,14576
2017-08-22 00:00:00+02:00,35.9843245740622,36.714649774426746,35.9843245740622,36.521636962890625,51460
2017-08-23 00:00:00+02:00,36.52163510865575,36.67291788675732,36.26080355606138,36.38600158691406,39036
2017-08-24 00:00:00+02:00,36.05213948774283,36.662484398966896,36.04692174201325,36.448604583740234,39866
2017-08-25 00:00:00+02:00,36.67291515421904,36.77724617549351,36.30774861981169,36.516414642333984,17729
2017-08-28 00:00:00+02:00,36.51641569964178,37.10589354885984,36.41208467534648,37.09024429321289,20143
2017-08-29 00:00:00+02:00,37.03807570924679,37.03807570924679,36.02604814162808,36.55292892456055,84733
2017-08-30 00:00:00+02:00,36.25558843672239,37.19458368606592,36.25558843672239,36.69900131225586,59548
2017-08-31 00:00:00+02:00,36.56858451116681,37.038082122802734,36.41208796060405,37.038082122802734,41532
2017-09-01 00:00:00+02:00,36.20342145486667,37.03808165388914,36.20342145486667,36.98591613769531,22088
2017-09-04 00:00:00+02:00,36.9754817131678,36.98591720469188,36.74073489353657,36.91809844970703,11027
2017-09-05 00:00:00+02:00,36.71464793730961,37.8153574084627,36.71464793730961,37.298912048339844,61909
2017-09-06 00:00:00+02:00,37.17371716908135,37.45019800167907,36.94940185546875,36.94940185546875,26787
2017-09-07 00:00:00+02:00,36.77725205385592,37.398032475590696,36.391222437470574,36.850284576416016,58973
2017-09-08 00:00:00+02:00,36.51641820568225,36.95983105932793,36.51641820568225,36.8607177734375,22948
2017-09-11 00:00:00+02:00,36.683352670754495,37.26761683348751,36.65726792117818,36.777252197265625,14444
2017-09-12 00:00:00+02:00,37.168502031106755,37.168502031106755,36.53207230690105,36.69378662109375,14304
2017-09-13 00:00:00+02:00,36.53206766253339,37.03808152580855,36.24515533447265,36.245155334472656,55176
2017-09-14 00:00:00+02:00,36.245149440080795,36.516412467220555,34.64364408107448,34.99837112426758,235745
2017-09-15 00:00:00+02:00,35.212262102362985,35.9999745615641,35.144447326660156,35.144447326660156,551355
2017-09-18 00:00:00+02:00,35.473094007414694,35.713058577515035,35.3687629699707,35.3687629699707,19361
2017-09-19 00:00:00+02:00,35.36876343566927,35.64524427051281,35.347896431910925,35.420928955078125,117933
2017-09-20 00:00:00+02:00,35.68175614517993,35.73392165817526,35.47830785851667,35.71305465698242,30024
2017-09-21 00:00:00+02:00,35.69740845431844,35.7860902319929,35.4991778959919,35.70783996582031,22287
2017-09-22 00:00:00+02:00,35.55134449123834,35.8747730972619,35.47309422269348,35.8382568359375,14672
2017-09-25 00:00:00+02:00,35.483522260444666,36.229500651584736,35.483522260444666,35.89042282104492,50605
2017-09-26 00:00:00+02:00,35.86434312993607,36.2190742466384,35.86434312993607,36.119956970214844,12435
2017-09-27 00:00:00+02:00,35.9947517693344,36.14603453697623,35.32180593257178,35.556556701660156,40594
2017-09-28 00:00:00+02:00,35.9947593627949,35.9947593627949,35.70262925605092,35.80174255371094,22878
2017-09-29 00:00:00+02:00,35.78608921650928,36.44338586174385,35.78608921650928,36.04692077636719,30491
2017-10-02 00:00:00+02:00,36.50598952905125,36.50598952905125,36.11995592675061,36.359920501708984,38296
2017-10-03 00:00:00+02:00,35.999975629258444,36.49033629114118,35.999975629258444,36.359920501708984,12524
2017-10-04 00:00:00+02:00,36.464258885044174,36.464258885044174,36.00519271671086,36.30775833129883,62880
2017-10-05 00:00:00+02:00,36.25558641654744,36.44860320148362,35.99475485959386,36.365135192871094,46322
2017-10-06 00:00:00+02:00,36.26601794138081,36.51120024180588,36.26080417582083,36.46425247192383,16776
2017-10-09 00:00:00+02:00,36.51119689727825,36.985912198015804,36.05213483170789,36.516414642333984,35490
2017-10-10 00:00:00+02:00,36.427742162452304,36.82420332834028,36.3860081513143,36.72509002685547,18925
2017-10-11 00:00:00+02:00,36.80333557688089,37.00678388008621,36.636403533738736,36.79290008544922,43800
2017-10-12 00:00:00+02:00,36.77724853549155,36.98591457140396,36.45381598082865,36.8033332824707,27533
2017-10-13 00:00:00+02:00,36.3860024730974,36.76681830034837,36.109521657409445,36.21907043457031,64307
2017-10-16 00:00:00+02:00,36.41730072206806,36.75638254223096,36.370352952186,36.46425247192383,56815
2017-10-17 00:00:00+02:00,36.51642133722756,36.51642133722756,36.26602126829798,36.31297302246094,28395
2017-10-18 00:00:00+02:00,36.26080428689251,36.56336586922009,36.046920499066985,36.19298553466797,27530
2017-10-19 00:00:00+02:00,36.046922748025395,36.45381936686394,35.838256692730916,35.91128921508789,21786
2017-10-20 00:00:00+02:00,36.07822355636778,36.91288375854492,35.739141729865686,36.91288375854492,72899
2017-10-23 00:00:00+02:00,36.82941168613075,36.82941168613075,36.48511613194631,36.516414642333984,11239
2017-10-24 00:00:00+02:00,36.62075281581011,36.62075281581011,35.66611224278028,35.99475860595703,27005
2017-10-25 00:00:00+02:00,35.99475746966423,36.777252197265625,35.853910169884536,36.777252197265625,30011
2017-10-26 00:00:00+02:00,36.69900192851068,36.777252197265625,36.08343925026529,36.777252197265625,12448
2017-10-27 00:00:00+02:00,36.516420521114924,37.28848373474991,36.516420521114924,37.220664978027344,41392
2017-10-30 00:00:00+01:00,37.19458238894683,38.34223967147773,37.16849764071821,38.295291900634766,87476
2017-10-31 00:00:00+01:00,38.29007258897624,38.85346969589225,37.99272477921061,38.82738494873047,89564
2017-11-01 00:00:00+01:00,38.82738494873047,38.82738494873047,38.82738494873047,38.82738494873047,0
2017-11-02 00:00:00+01:00,38.811737876118045,38.811737876118045,37.8205771278083,38.07619094848633,23333
2017-11-03 00:00:00+01:00,37.69016405708875,38.603074605184325,37.69016405708875,38.04489517211914,18506
2017-11-06 00:00:00+01:00,38.04489522757261,38.80652297978272,37.99272970645737,38.7856559753418,34686
2017-11-07 00:00:00+01:00,38.81173354074483,40.81491783653825,38.81173354074483,40.56452178955078,178501
2017-11-08 00:00:00+01:00,40.87230580078535,41.42527142985535,40.55930871601346,41.211387634277344,104497
2017-11-09 00:00:00+01:00,41.206164817577296,41.206164817577296,40.42888795705358,41.05488204956055,51498
2017-11-10 00:00:00+01:00,41.05488314858316,41.25833143309282,40.49670380749731,41.185298919677734,48463
2017-11-13 00:00:00+01:00,40.465414289548846,41.107061777129985,40.465414289548846,40.99750900268555,30415
2017-11-14 00:00:00+01:00,40.95055795621426,40.95055795621426,40.173280964176946,40.33499526977539,102017
2017-11-15 00:00:00+01:00,40.04286320082661,40.663639622673365,39.834197151645625,40.27239227294922,47039
2017-11-16 00:00:00+01:00,39.95939067054005,40.65842125925359,39.95939067054005,40.36628723144531,18991
2017-11-17 00:00:00+01:00,40.63755790746238,40.653207164291025,40.16806030273437,40.168060302734375,30586
2017-11-20 00:00:00+01:00,40.037643369451374,40.585391222521274,40.037643369451374,40.481056213378906,19824
2017-11-21 00:00:00+01:00,40.089813122377926,40.68972655345574,40.089813122377926,40.533226013183594,82218
2017-11-22 00:00:00+01:00,40.42888919856429,40.684502996523925,39.646394568914666,40.56973648071289,24426
2017-11-23 00:00:00+01:00,39.72464807310539,40.215008708029615,39.33340072631836,39.33340072631836,19866
2017-11-24 00:00:00+01:00,39.33339689101468,39.855059969197974,38.87433083503039,39.23427963256836,42935
2017-11-27 00:00:00+01:00,38.99431734660953,39.828977523920145,38.86390156953056,39.15081787109375,44329
2017-11-28 00:00:00+01:00,39.12472844893514,39.703774748377235,39.12472844893514,39.317745208740234,16058
2017-11-29 00:00:00+01:00,39.22906510604095,39.68291345408797,38.23790836014951,38.44135665893555,52866
2017-11-30 00:00:00+01:00,38.34224102595081,39.19776826241765,37.99794144104458,38.0814094543457,109318
2017-12-01 00:00:00+01:00,38.05532613678887,38.71784058237421,38.05532613678887,38.70740509033203,23768
2017-12-04 00:00:00+01:00,38.84825519477165,39.63074991528949,38.707403916293025,39.1195182800293,13031
2017-12-05 00:00:00+01:00,39.75072605888574,39.82897631876013,39.24471620230828,39.26557922363281,8544
2017-12-06 00:00:00+01:00,38.98389009665164,39.75073160651542,38.6030742347687,39.20298767089844,23020
2017-12-07 00:00:00+01:00,39.907228327840805,39.907228327840805,37.752761094043336,37.84666061401367,45509
2017-12-08 00:00:00+01:00,38.02402294744074,38.780432848598046,38.02402294744074,38.60306930541992,12262
2017-12-11 00:00:00+01:00,38.95259367581368,39.02041244506836,38.081417009020434,39.02041244506836,18642
2017-12-12 00:00:00+01:00,38.97345596706271,39.20298904142612,38.4152765198397,39.187339782714844,23549
2017-12-13 00:00:00+01:00,39.17690202369674,39.515983869395924,38.71783988150298,39.36991882324219,27252
2017-12-14 00:00:00+01:00,39.43251284998137,40.16805975060714,38.87433347758097,39.64639663696289,22535
2017-12-15 00:00:00+01:00,40.0689363389008,40.64276885986328,39.77680631366397,40.64276885986328,57479
2017-12-18 00:00:00+01:00,40.64278198812275,40.773197788654564,40.011566011171304,40.65321350097656,17380
2017-12-19 00:00:00+01:00,40.689724902754485,40.7940559387207,40.27761054473228,40.7940559387207,31951
2017-12-20 00:00:00+01:00,40.42889201250833,41.10705566406249,40.42889201250833,41.1070556640625,37658
2017-12-21 00:00:00+01:00,40.428894844160304,41.10705854321326,40.428894844160304,40.90361022949219,21039
2017-12-22 00:00:00+01:00,40.950552915707526,40.950552915707526,40.28282479158476,40.647987365722656,42167
2017-12-25 00:00:00+01:00,40.647987365722656,40.647987365722656,40.647987365722656,40.647987365722656,0
2017-12-26 00:00:00+01:00,40.647987365722656,40.647987365722656,40.647987365722656,40.647987365722656,0
2017-12-27 00:00:00+01:00,40.55931130217772,41.72262191772461,40.28283046000053,41.72262191772461,83763
2017-12-28 00:00:00+01:00,41.72261774071018,42.21297836303711,41.52438320958078,42.21297836303711,35424
2017-12-29 00:00:00+01:00,42.51554128124075,42.776372822843456,42.45815802369028,42.71377182006836,57651
2018-01-01 00:00:00+01:00,42.71377182006836,42.71377182006836,42.71377182006836,42.71377182006836,0
2018-01-02 00:00:00+01:00,42.71377182006836,42.71377182006836,42.71377182006836,42.71377182006836,0
2018-01-03 00:00:00+01:00,42.72421199426474,43.55887222290039,41.73305123152133,43.55887222290039,44599
2018-01-04 00:00:00+01:00,43.350207098177385,43.71537369224988,43.141541041560814,43.663204193115234,54065
2018-01-05 00:00:00+01:00,43.66320107065082,43.66320107065082,42.93287589468121,43.298038482666016,13470
2018-01-08 00:00:00+01:00,43.298038482666016,43.35020399809617,42.985041410111364,43.298038482666016,13843
2018-01-09 00:00:00+01:00,43.29804131368297,43.35020683252394,42.30688053580869,42.724212646484375,21929
2018-01-10 00:00:00+01:00,42.724208360287285,42.77637387389488,42.30687629147937,42.67204284667969,14445
2018-01-11 00:00:00+01:00,42.77637956072135,42.88071060180664,42.30688191588935,42.88071060180664,15236
2018-01-12 00:00:00+01:00,43.08937577388653,43.50670788955538,42.88070971605211,43.24587631225586,26139
2018-01-15 00:00:00+01:00,43.037206925541525,43.55887003979051,42.77637536841703,43.298038482666016,14985
2018-01-16 00:00:00+01:00,43.40237429767169,43.87187194824219,43.037211669435834,43.87187194824219,47619
2018-01-17 00:00:00+01:00,44.028372025620705,44.028372025620705,43.29804279690697,43.819705963134766,24929
2018-01-18 00:00:00+01:00,43.819705963134766,44.18486858750458,43.55887438002087,43.819705963134766,38075
2018-01-19 00:00:00+01:00,43.92403746942243,43.976206970576825,43.767540905881695,43.87187194824219,16735
2018-01-22 00:00:00+01:00,43.871871483762725,44.028372025620705,43.61103990064883,43.819705963134766,26184
2018-01-23 00:00:00+01:00,43.871867112345164,43.871867112345164,43.141537956401834,43.298038482666016,45953
2018-01-24 00:00:00+01:00,43.55887340902048,43.611038928485584,43.08937577388653,43.24587631225586,41344
2018-01-25 00:00:00+01:00,43.29804065270338,43.871869311142014,43.19370961661414,43.55887222290039,80197
2018-01-26 00:00:00+01:00,43.66320279024677,43.66320279024677,43.2980401878807,43.50670623779297,20625
2018-01-29 00:00:00+01:00,43.29804065270338,43.55887222290039,43.24587513465876,43.55887222290039,71810
2018-01-30 00:00:00+01:00,43.55887222290039,43.55887222290039,43.55887222290039,43.55887222290039,0
2018-01-31 00:00:00+01:00,43.611035416337714,44.28919905469122,43.506704385809655,44.18486404418945,57451
2018-02-01 00:00:00+01:00,43.454538493987705,44.654361254558076,43.454538493987705,44.602195739746094,23538
2018-02-02 00:00:00+01:00,44.6021944897502,44.81086052312386,43.97620036960277,44.44569396972656,19713
2018-02-05 00:00:00+01:00,43.298038482666016,43.55887003979051,41.472217582794556,43.298038482666016,43205
2018-02-06 00:00:00+01:00,41.83738192991635,42.567711116567835,40.79405565754962,42.15038299560547,59380
2018-02-07 00:00:00+01:00,41.680886349769125,43.193710276001035,41.680886349769125,42.724212646484375,22102
2018-02-08 00:00:00+01:00,42.98504592251763,42.98504592251763,42.41121723260013,42.93288040161133,11115
2018-02-09 00:00:00+01:00,42.25471491352353,42.411215449637275,41.26355413807572,41.78521728515625,24526
2018-02-12 00:00:00+01:00,41.83737976047885,42.15038080993761,41.83737976047885,41.889549255371094,14064
2018-02-13 00:00:00+01:00,42.150381223307726,43.66320107065082,42.150381223307726,43.298038482666016,17963
2018-02-14 00:00:00+01:00,43.350207098177385,43.81970473057116,43.03721000323953,43.663204193115234,49091
2018-02-15 00:00:00+01:00,43.9240325438366,43.9240325438366,42.46337821471497,42.82854080200195,21636
2018-02-16 00:00:00+01:00,43.037206925541525,43.71537056605469,43.037206925541525,43.298038482666016,18406
2018-02-19 00:00:00+01:00,43.45454376869635,43.61104033212857,43.19371218300183,43.402374267578125,10193
2018-02-20 00:00:00+01:00,43.40236951352633,43.55887003979051,42.985041410111364,43.298038482666016,14204
2018-02-21 00:00:00+01:00,43.40236951352633,43.55887003979051,43.1937074518057,43.298038482666016,21551
2018-02-22 00:00:00+01:00,43.24587794607991,43.29804346751582,41.73305394459356,42.51554870605469,50739
2018-02-23 00:00:00+01:00,43.819705963134766,43.976206504992746,43.29804279690697,43.819705963134766,76580
2018-02-26 00:00:00+01:00,43.87186594348582,43.924031457526155,43.611034393310554,43.61103439331055,28125
2018-02-27 00:00:00+01:00,43.402374756089046,44.028372956786235,43.402374756089046,43.92403793334961,58836
2018-02-28 00:00:00+01:00,43.92403607099765,44.08053660952997,43.03721029924524,43.71537399291992,157763
2018-03-01 00:00:00+01:00,42.98504473495633,43.45454237009028,42.88070971605211,43.24587631225586,107448
2018-03-02 00:00:00+01:00,43.29804131368297,43.29804131368297,42.51554659114653,42.724212646484375,12424
2018-03-05 00:00:00+01:00,42.515545942112354,43.715372757008154,42.25471437191535,43.55887222290039,17550
2018-03-06 00:00:00+01:00,43.45454497502771,43.611041542804394,43.089378356933594,43.089378356933594,15487
2018-03-07 00:00:00+01:00,43.19370861935619,43.40237068671706,42.82854204152701,42.985042572021484,19605
2018-03-08 00:00:00+01:00,43.037207626218546,43.506705232681135,41.10705566406249,41.1070556640625,74306
2018-03-09 00:00:00+01:00,41.10705921337634,41.52438735961914,40.68972708715941,41.52438735961914,64995
2018-03-12 00:00:00+01:00,41.576548751596015,42.41121292114258,41.576548751596015,42.41121292114258,18809
2018-03-13 00:00:00+01:00,42.463380081320715,42.463380081320715,42.09821349800803,42.15038299560547,24621
2018-03-14 00:00:00+01:00,41.99387580965772,42.3590383551437,41.78520979224862,42.25470733642578,16301
2018-03-15 00:00:00+01:00,42.51554023870796,42.567705749754644,41.00271653851386,41.05488204956055,50358
2018-03-16 00:00:00+01:00,41.57654873426028,41.57654873426028,40.585391998291016,40.585391998291016,241570
2018-03-19 00:00:00+01:00,40.53322304506723,41.57654929055131,40.48105752878778,41.1070556640625,26466
2018-03-20 00:00:00+01:00,41.10705566406249,41.26355221290084,40.84622410269147,41.1070556640625,13161
2018-03-21 00:00:00+01:00,41.47222187208092,41.993885040283196,41.00272422470405,41.9938850402832,39644
2018-03-22 00:00:00+01:00,41.21139025494351,41.73305342272761,41.00272419183505,41.52438735961914,23925
2018-03-23 00:00:00+01:00,41.05488710190446,41.315718669210014,40.950556066971785,41.211387634277344,21068
2018-03-26 00:00:00+02:00,41.159222714437455,41.21138823266123,39.907230377197266,39.907230377197266,22890
2018-03-27 00:00:00+02:00,40.689719078555676,40.689719078555676,40.11589050292969,40.11589050292969,26266
2018-03-28 00:00:00+02:00,40.11589478664765,40.428891863141736,39.959394258413724,40.168060302734375,28679
2018-03-29 00:00:00+02:00,40.11589637238899,40.27239292683531,39.4377326965332,39.4377326965332,42546
2018-03-30 00:00:00+02:00,39.4377326965332,39.4377326965332,39.4377326965332,39.4377326965332,0
2018-04-02 00:00:00+02:00,39.4377326965332,39.4377326965332,39.4377326965332,39.4377326965332,0
2018-04-03 00:00:00+02:00,39.12473314504889,40.272390391980856,39.02040211531823,40.06372833251953,19764
2018-04-04 00:00:00+02:00,40.11589572104388,40.53322383943198,40.011560706466454,40.27239227294922,16129
2018-04-05 00:00:00+02:00,40.533225080767465,40.533225080767465,40.01156193182593,40.42889404296875,5749
2018-04-06 00:00:00+02:00,40.5332272123694,40.5332272123694,39.95939851435143,40.22023010253906,10602
2018-04-09 00:00:00+02:00,40.16806200469927,40.37672805786133,39.802899396646126,40.37672805786133,11356
2018-04-10 00:00:00+02:00,40.3245625395643,40.794056184211506,40.06373096810521,40.37672805786133,9753
2018-04-11 00:00:00+02:00,40.2723927989418,40.95055647264394,40.2723927989418,40.7940559387207,11899
2018-04-12 00:00:00+02:00,40.689724436228275,40.74188995361328,40.428892869329374,40.74188995361328,45918
2018-04-13 00:00:00+02:00,40.168056421846785,41.211382562673975,40.168056421846785,41.05488204956055,7952
2018-04-16 00:00:00+02:00,40.89838551642049,41.05488204956055,40.74188500330706,41.05488204956055,3430
2018-04-17 00:00:00+02:00,41.10705867419876,41.10705867419876,40.22022891261336,40.533226013183594,9952
2018-04-18 00:00:00+02:00,40.32455553273206,41.107050111142335,40.32455553273206,40.89838409423828,14003
2018-04-19 00:00:00+02:00,40.63756226152719,41.05489041490886,40.63756226152719,40.689727783203125,29152
2018-04-20 00:00:00+02:00,40.48105647272774,42.46337787942269,40.48105647272774,41.889549255371094,40069
2018-04-23 00:00:00+02:00,41.889551834413574,42.46338049379446,41.73305130004883,41.73305130004883,70287
2018-04-24 00:00:00+02:00,41.7330481690897,42.15038024277004,41.36788558959961,41.36788558959961,28330
2018-04-25 00:00:00+02:00,41.73305130004883,41.889551834413574,41.47221972942352,41.73305130004883,18187
2018-04-26 00:00:00+02:00,41.26355408584496,41.78521723226518,41.26355408584496,41.31571960449219,13589
2018-04-27 00:00:00+02:00,41.211384585825556,42.672042846679695,41.211384585825556,42.67204284667969,22734
2018-04-30 00:00:00+02:00,42.51554381129253,43.40236951352633,42.46337829586238,43.298038482666016,44689
2018-05-01 00:00:00+02:00,43.298038482666016,43.298038482666016,43.298038482666016,43.298038482666016,0
2018-05-02 00:00:00+02:00,42.77637551033891,43.08937258393201,41.88954980516284,42.41121292114258,23848
2018-05-03 00:00:00+02:00,42.41121292114258,42.41121292114258,42.41121292114258,42.41121292114258,0
2018-05-04 00:00:00+02:00,42.09821170457689,42.09821170457689,41.21138600283449,41.47221755981445,31248
2018-05-07 00:00:00+02:00,41.472220655226124,42.046049327416846,41.472220655226124,41.83738327026367,6480
2018-05-08 00:00:00+02:00,41.83738139767369,41.889550894607446,41.10705620028706,41.628719329833984,101248
2018-05-09 00:00:00+02:00,41.628721284685035,43.14154124743285,41.628721284685035,42.7763786315918,53433
2018-05-10 00:00:00+02:00,42.88070895467547,43.767538689731985,42.88070895467547,43.14154052734375,19990
2018-05-11 00:00:00+02:00,43.81970553777063,44.654365799638114,43.71537449752747,44.237037658691406,93226
2018-05-14 00:00:00+02:00,44.341368698934566,44.341368698934566,44.13270263847418,44.237037658691406,16262
2018-05-15 00:00:00+02:00,44.08053489007131,44.18486592504052,42.82854257057156,43.50670623779297,26879
2018-05-16 00:00:00+02:00,42.932877585514625,43.50670623779297,42.932877585514625,43.50670623779297,16440
2018-05-17 00:00:00+02:00,43.24587626622602,43.50670784324792,42.7763786315918,42.7763786315918,24870
2018-05-18 00:00:00+02:00,42.77637692575598,43.03720849237644,42.567710876464844,42.567710876464844,25419
2018-05-21 00:00:00+02:00,42.567711116567835,42.724211649412396,42.15038299560547,42.15038299560547,27343
2018-05-22 00:00:00+02:00,42.20255159746507,42.51554870605469,42.09821657461909,42.51554870605469,28797
2018-05-23 00:00:00+02:00,42.359045002985006,42.56771105314221,41.680885314941406,41.680885314941406,34440
2018-05-24 00:00:00+02:00,41.62872026378827,42.202548923169154,41.62872026378827,41.73305130004883,19604
2018-05-25 00:00:00+02:00,41.62872072901647,42.25471491352353,41.62872072901647,41.78521728515625,16295
2018-05-28 00:00:00+02:00,41.73305124185036,42.15038334625844,41.263553619384766,41.263553619384766,6798
2018-05-29 00:00:00+02:00,41.2635467387125,42.25470733642578,41.00271521194444,42.25470733642578,20700
2018-05-30 00:00:00+02:00,41.993889328592196,41.993889328592196,40.32456861186778,41.57655715942383,161533
2018-05-31 00:00:00+02:00,41.57655715942383,41.57655715942383,41.57655715942383,41.57655715942383,0
2018-06-01 00:00:00+02:00,41.73304981936344,41.73304981936344,40.32456097994943,41.1070556640625,33636
2018-06-04 00:00:00+02:00,41.107050111142335,41.733044181881255,40.84621858500557,40.89838409423828,23592
2018-06-05 00:00:00+02:00,40.63756348028663,41.31572324236083,40.63756348028663,40.846229553222656,23772
2018-06-06 00:00:00+02:00,40.84622762948429,41.52438735961914,40.84622762948429,41.52438735961914,16609
2018-06-07 00:00:00+02:00,41.524391633271414,41.94172380243978,41.211394496382404,41.57655715942383,26057
2018-06-08 00:00:00+02:00,41.42005157470704,41.88954916794158,41.42005157470704,41.42005157470703,19640
2018-06-11 00:00:00+02:00,41.680885723792834,41.73305124185036,40.68972496080411,41.263553619384766,23703
2018-06-12 00:00:00+02:00,41.31571960449219,41.733051713617954,41.26355408584496,41.31571960449219,27158
2018-06-13 00:00:00+02:00,41.36788857645662,41.47221961242284,40.689724902754485,40.7940559387207,18454
2018-06-14 00:00:00+02:00,41.00272486710198,41.47222252183457,40.16806458089638,40.22023010253906,43293
2018-06-15 00:00:00+02:00,39.95022107208072,40.666571545351125,38.18690265122198,38.46242141723633,67829
2018-06-18 00:00:00+02:00,38.682834962647675,39.840017199888244,38.02159157343844,38.07669448852539,18221
2018-06-19 00:00:00+02:00,37.58076092531494,38.297111454294686,36.919517517089844,36.919517517089844,30857
2018-06-20 00:00:00+02:00,37.02971625943449,38.35220702671763,37.02971625943449,37.69096374511719,38396
2018-06-21 00:00:00+02:00,38.186902482277354,38.186902482277354,37.0848274230957,37.0848274230957,32804
2018-06-22 00:00:00+02:00,37.084821585904926,38.297102278557375,37.084821585904926,38.021583557128906,18073
2018-06-25 00:00:00+02:00,38.02158697825157,38.29710572447079,37.85627404888707,37.96648406982422,18989
2018-06-26 00:00:00+02:00,37.96648240023454,39.89511353895679,37.96648240023454,38.95834732055664,48101
2018-06-27 00:00:00+02:00,38.958353130828236,40.00532531738281,38.737941473939166,40.00532531738281,31303
2018-06-28 00:00:00+02:00,38.84813972141432,39.233864249781355,38.021583557128906,38.021583557128906,27665
2018-06-29 00:00:00+02:00,38.18690570256105,39.784911309867326,38.18690570256105,39.01346206665039,38212
2018-07-02 00:00:00+02:00,39.01346012978379,39.01346012978379,38.24200672078345,38.62773132324219,11114
2018-07-03 00:00:00+02:00,38.1868996461105,39.288974623440296,38.1868996461105,38.57262420654297,14308
2018-07-04 00:00:00+02:00,38.7930439461448,39.28897857666016,38.352212229223845,39.288978576660156,36282
2018-07-05 00:00:00+02:00,39.17876355240188,39.674698119714776,38.62772607851695,39.06855773925781,26797
2018-07-06 00:00:00+02:00,39.1236656317941,39.399184403848984,38.57262808768432,39.288978576660156,23352
2018-07-09 00:00:00+02:00,39.399182254320955,40.611463103590104,39.34407934373283,40.225738525390625,118790
2018-07-10 00:00:00+02:00,40.22573891626901,41.107398106493996,40.22573891626901,40.28084182739258,58632
2018-07-11 00:00:00+02:00,40.225740787900726,40.28084370158813,39.399184470341126,39.95022201538086,25717
2018-07-12 00:00:00+02:00,39.72980410819675,39.72980410819675,38.793042011559024,38.90324783325195,15018
2018-07-13 00:00:00+02:00,38.90324754909441,39.674700907557884,38.90324754909441,39.56449508666992,20588
2018-07-16 00:00:00+02:00,39.17876970247409,39.61960143241434,39.17876970247409,39.454288482666016,3427
2018-07-17 00:00:00+02:00,39.28897174324847,40.00531790354957,38.68282718688634,39.39917755126953,12647
2018-07-18 00:00:00+02:00,39.89511624028303,39.89511624028303,38.79304122924804,38.79304122924805,8121
2018-07-19 00:00:00+02:00,38.84814413898329,39.123662891742036,38.627728295959784,38.79304122924805,11308
2018-07-20 00:00:00+02:00,38.627733240958854,39.068564983439735,38.46242449059083,39.01346206665039,14995
2018-07-23 00:00:00+02:00,39.178766591566884,39.95021995566522,38.90324783325195,38.90324783325195,11617
2018-07-24 00:00:00+02:00,39.123664935153315,40.17063709113594,39.123664935153315,39.784908294677734,53805
2018-07-25 00:00:00+02:00,39.78490790474897,40.11553378535349,39.61959916852941,39.72980499267578,11423
2018-07-26 00:00:00+02:00,39.78490048489696,40.55635372229425,39.78490048489696,40.44614791870117,19548
2018-07-27 00:00:00+02:00,40.446153308326785,40.886980785523185,40.446153308326785,40.72167205810547,10634
2018-07-30 00:00:00+02:00,40.39105386160547,41.327816009521484,40.225740915934246,41.327816009521484,14636
2018-07-31 00:00:00+02:00,41.327816009521484,42.15437232971192,40.83188137659066,41.327816009521484,44845
2018-08-01 00:00:00+02:00,42.154370526845895,42.374786376953125,41.60333300361915,42.374786376953125,24996
2018-08-02 00:00:00+02:00,42.31968205536612,42.31968205536612,40.77677536010742,40.77677536010742,9247
2018-08-03 00:00:00+02:00,41.65843098650434,42.15436553955078,41.38291225748767,42.15436553955078,13227
2018-08-06 00:00:00+02:00,42.26457894920009,42.26457894920009,40.83188214151386,41.43802261352539,19404
2018-08-07 00:00:00+02:00,41.38291853420871,41.38291853420871,40.7767780792526,41.27271270751953,9270
2018-08-08 00:00:00+02:00,40.886982832811874,41.87885206331289,40.83187992091353,41.713539123535156,10893
2018-08-09 00:00:00+02:00,41.82375064245231,41.82375064245231,40.83188137659066,41.327816009521484,5564
2018-08-10 00:00:00+02:00,41.71353315236861,41.71353315236861,39.39917755126953,39.39917755126953,15320
2018-08-13 00:00:00+02:00,39.72980182826985,40.22573640559364,39.17876434326172,39.17876434326172,11044
2018-08-14 00:00:00+02:00,40.115537218769525,40.17064013555886,39.01346206665039,39.01346206665039,16866
2018-08-15 00:00:00+02:00,39.01346206665039,39.01346206665039,39.01346206665039,39.01346206665039,0
2018-08-16 00:00:00+02:00,39.0134574662075,39.34407913203992,38.6828315962925,38.84814453125,25260
2018-08-17 00:00:00+02:00,38.84814685973921,39.56449734871505,38.84814685973921,39.288978576660156,10537
2018-08-20 00:00:00+02:00,39.28897710586979,39.95022045241462,39.28897710586979,39.67470169067383,25622
2018-08-21 00:00:00+02:00,39.72980326004492,40.77677536010742,39.72980326004492,40.77677536010742,19156
2018-08-22 00:00:00+02:00,40.77677377713781,41.05229251887523,40.225736293662976,40.50125503540039,13861
2018-08-23 00:00:00+02:00,40.55636038314155,40.997192078078484,38.90324783325195,38.90324783325195,33196
2018-08-24 00:00:00+02:00,39.013460521047875,39.45428804198135,38.62773171063782,38.68283462524414,105980
2018-08-27 00:00:00+02:00,38.84814876300353,39.72980803595721,38.84814876300353,39.61960220336914,63056
2018-08-28 00:00:00+02:00,39.72980392193231,40.28084143597875,39.56449519016793,40.225738525390625,31264
2018-08-29 00:00:00+02:00,40.225736684918125,40.66656835761869,39.84001212436694,40.556358337402344,17477
2018-08-30 00:00:00+02:00,40.55635805578205,40.94208681773716,39.12366143557738,39.17876434326172,21285
2018-08-31 00:00:00+02:00,39.12366306080537,39.399181814754705,37.470550537109375,37.470550537109375,99147
2018-09-03 00:00:00+02:00,37.63586435319015,38.848145217346634,37.63586435319015,38.2971076965332,19610
2018-09-04 00:00:00+02:00,38.84814672336925,38.84814672336925,37.58075869473259,37.85627746582031,86251
2018-09-05 00:00:00+02:00,38.131792795106286,38.131792795106286,37.36034366895843,37.96648406982422,52252
2018-09-06 00:00:00+02:00,38.02159041010607,38.462422125479556,37.746071639018346,37.85627746582031,17930
2018-09-07 00:00:00+02:00,38.02159026553752,38.02159026553752,36.42358055848822,36.47868347167969,45303
2018-09-10 00:00:00+02:00,36.533793277042,37.08483085766657,36.42358323846723,36.9746208190918,16047
2018-09-11 00:00:00+02:00,36.97461542984143,37.305237089209655,36.09295627016534,36.6990966796875,53508
2018-09-12 00:00:00+02:00,36.64399015527222,37.47054632418814,36.42357433607823,37.415443420410156,76928
2018-09-13 00:00:00+02:00,37.470547294714606,38.51751930994218,37.470547294714606,38.242000579833984,63054
2018-09-14 00:00:00+02:00,38.07668646059819,38.24199937508809,37.3603403073334,38.021583557128906,46272
2018-09-17 00:00:00+02:00,38.021591071795704,38.021591071795704,36.478684245220116,36.64399719238281,67200
2018-09-18 00:00:00+02:00,36.91951518537701,36.91951518537701,36.09295887525663,36.47868347167969,52412
2018-09-19 00:00:00+02:00,36.53378845531466,37.96648513503468,36.53378845531466,37.470550537109375,81830
2018-09-20 00:00:00+02:00,37.96648240023454,39.01345443064307,37.525650744036554,38.95834732055664,123117
2018-09-21 00:00:00+02:00,39.01345301911372,39.56449046738322,38.29710265473052,39.39917755126953,569514
2018-09-24 00:00:00+02:00,38.9583545955916,39.78491095225125,38.57262997745031,39.61960220336914,40153
2018-09-25 00:00:00+02:00,39.61959877914221,39.95022045241462,39.2338699902555,39.67470169067383,96643
2018-09-26 00:00:00+02:00,40.06042530706754,41.217607441671575,39.674700731587905,40.831878662109375,52978
2018-09-27 00:00:00+02:00,40.776770728869856,42.15436433457492,40.44614910431705,41.9339485168457,81071
2018-09-28 00:00:00+02:00,41.87885291851036,42.54009628295899,41.82375000548677,42.540096282958984,80176
2018-10-01 00:00:00+02:00,42.42988586425781,42.705404603636104,41.54822673906372,42.42988586425781,73339
2018-10-02 00:00:00+02:00,42.650305138566495,42.650305138566495,41.65843591512529,42.374786376953125,20879
2018-10-03 00:00:00+02:00,42.374786376953125,42.374786376953125,42.099267615339755,42.374786376953125,19663
2018-10-04 00:00:00+02:00,41.87885237131507,41.98905819592228,41.107398986816406,41.107398986816406,8351
2018-10-05 00:00:00+02:00,41.05229717131422,41.438021771827664,40.66657257080078,40.66657257080078,12667
2018-10-08 00:00:00+02:00,40.66656372996925,40.77676953356232,40.11552630384003,40.44614791870117,26855
2018-10-09 00:00:00+02:00,40.44614791870117,40.66656372996925,40.2257321074331,40.44614791870117,12555
2018-10-10 00:00:00+02:00,40.55636058709305,40.942089373123295,40.11553309402188,40.28084182739258,7499
2018-10-11 00:00:00+02:00,39.56449851719255,40.22574190801997,39.123666787252304,39.454288482666016,34431
2018-10-12 00:00:00+02:00,39.23386910737406,39.67470079787234,38.6828315962925,38.84814453125,27238
2018-10-15 00:00:00+02:00,39.1236656317941,39.84001612076994,38.95835268692803,39.288978576660156,28718
2018-10-16 00:00:00+02:00,39.288977492007604,39.72980499267578,38.462421198661715,39.72980499267578,36661
2018-10-17 00:00:00+02:00,40.060423478458254,40.060423478458254,38.737936877704634,39.17876434326172,35149
2018-10-18 00:00:00+02:00,39.178765801477276,39.178765801477276,38.46241956675405,38.79304122924805,37294
2018-10-19 00:00:00+02:00,38.95834591102109,39.39917755126953,37.96648102658524,39.39917755126953,66050
2018-10-22 00:00:00+02:00,39.729800616861986,39.729800616861986,38.95834732055663,38.95834732055664,18575
2018-10-23 00:00:00+02:00,38.95834876697543,38.95834876697543,38.24200255416051,38.57262420654297,19549
2018-10-24 00:00:00+02:00,38.35221326804306,38.682834962647675,38.07669448852539,38.07669448852539,66648
2018-10-25 00:00:00+02:00,38.021591241802476,38.903250487752324,37.801175379294286,38.68283462524414,15130
2018-10-26 00:00:00+02:00,38.903248128611445,38.903248128611445,38.24200478526839,38.2971076965332,7243
2018-10-29 00:00:00+01:00,38.848145217346634,38.848145217346634,38.02158893612649,38.2971076965332,17108
2018-10-30 00:00:00+01:00,38.848145217346634,38.848145217346634,38.24200478526839,38.2971076965332,9723
2018-10-31 00:00:00+01:00,38.29710546221052,39.123661695207865,38.29710546221052,38.57262420654297,26419
2018-11-01 00:00:00+01:00,38.57262420654297,38.57262420654297,38.57262420654297,38.57262420654297,0
2018-11-02 00:00:00+01:00,39.12366024265144,39.12366024265144,38.627725680449274,38.95834732055664,11300
2018-11-05 00:00:00+01:00,39.013460956808714,39.45428848266601,38.903250922282176,39.454288482666016,25035
2018-11-06 00:00:00+01:00,39.56449508449424,39.67470090537614,39.17876630324242,39.5093879699707,41981
2018-11-07 00:00:00+01:00,39.50939023103781,39.72980608949828,39.17876854538851,39.288978576660156,28373
2018-11-08 00:00:00+01:00,39.61959877914221,39.89511754088299,39.34408001740142,39.67470169067383,28496
2018-11-09 00:00:00+01:00,39.67470090537614,39.67470090537614,39.3991821490888,39.5093879699707,12456
2018-11-12 00:00:00+01:00,39.5093879699707,39.5093879699707,39.5093879699707,39.5093879699707,0
2018-11-13 00:00:00+01:00,39.5644973497013,39.78490900408445,39.23387145996093,39.23387145996094,77306
2018-11-14 00:00:00+01:00,39.50938786291484,39.50938786291484,38.51752286541758,38.84814453125,50666
2018-11-15 00:00:00+01:00,38.572627632181984,38.79304348803958,38.242005950436976,38.51752471923828,42206
2018-11-16 00:00:00+01:00,38.572629132473786,39.06856377642218,37.41545109931616,38.07669448852539,78213
2018-11-19 00:00:00+01:00,38.02158826462766,38.84814453125,38.02158826462766,38.84814453125,42415
2018-11-20 00:00:00+01:00,38.57262447069,38.68283028754472,37.96648406982422,37.96648406982422,21851
2018-11-21 00:00:00+01:00,37.96648524789809,38.51752275743483,37.96648524789809,38.1869010925293,24387
2018-11-22 00:00:00+01:00,38.186901092529304,38.737938602066045,38.186901092529304,38.1869010925293,13628
2018-11-23 00:00:00+01:00,38.297106910313374,38.407312730580536,38.021588155562924,38.13179397583008,8921
2018-11-26 00:00:00+01:00,38.1317905653414,38.57262221514738,38.076687660136194,38.242000579833984,19325
2018-11-27 00:00:00+01:00,38.24199937508809,38.572620999985844,37.91137775019034,38.021583557128906,19868
2018-11-28 00:00:00+01:00,38.29710847599463,38.46242141723633,37.91138388520763,38.46242141723633,82090
2018-11-29 00:00:00+01:00,38.46242226145428,39.23387145996093,38.46242226145428,39.23387145996094,46574
2018-11-30 00:00:00+01:00,39.233871320447,39.233871320447,37.91138458251953,37.91138458251953,107152
2018-12-03 00:00:00+01:00,38.40731514377566,39.39918440483112,38.35221223017988,39.23387145996094,27753
2018-12-04 00:00:00+01:00,39.12366143557738,39.28897436271277,38.737936877704634,39.17876434326172,30211
2018-12-05 00:00:00+01:00,39.01345910992683,39.784908294677734,38.462421575628895,39.784908294677734,77434
2018-12-06 00:00:00+01:00,39.344077531490306,39.39918043954032,38.51752129849296,38.57262420654297,19341
2018-12-07 00:00:00+01:00,38.572626456939915,39.123663977753345,38.0766918473913,38.2971076965332,15605
2018-12-10 00:00:00+01:00,38.7930415122032,38.7930415122032,38.076691068172416,38.1869010925293,14840
2018-12-11 00:00:00+01:00,38.35220518202666,38.737933914475754,38.021583557128906,38.021583557128906,21939
2018-12-12 00:00:00+01:00,38.627725120352586,38.627725120352586,38.076687660136194,38.242000579833984,21801
2018-12-13 00:00:00+01:00,38.2420055636083,38.68283306678162,37.91138388520763,38.46242141723633,49118
2018-12-14 00:00:00+01:00,38.13179668859319,38.79304426948614,38.07669377453949,38.62773132324219,37253
2018-12-17 00:00:00+01:00,38.627730864883105,38.84814672256529,37.7460716382372,37.91138458251953,35975
2018-12-18 00:00:00+01:00,37.74606940326688,38.29710691280363,37.74606940326688,38.1869010925293,32561
2018-12-19 00:00:00+01:00,38.186901092529304,38.352209822940786,38.076691068172416,38.1869010925293,9858
2018-12-20 00:00:00+01:00,38.24200478526839,38.40731351906283,37.80117308698459,38.2971076965332,26695
2018-12-21 00:00:00+01:00,38.02158815803525,38.186901092529304,37.47055064849851,38.1869010925293,71657
2018-12-24 00:00:00+01:00,38.186901092529304,38.186901092529304,38.186901092529304,38.1869010925293,0
2018-12-25 00:00:00+01:00,38.186901092529304,38.186901092529304,38.186901092529304,38.1869010925293,0
2018-12-26 00:00:00+01:00,38.186901092529304,38.186901092529304,38.186901092529304,38.1869010925293,0
2018-12-27 00:00:00+01:00,38.407310335654735,38.407310335654735,37.47054830954893,37.74606704711914,11405
2018-12-28 00:00:00+01:00,37.9664886583515,38.40731618313001,37.746072793920774,38.07669448852539,27791
2018-12-31 00:00:00+01:00,38.07669448852539,38.07669448852539,38.07669448852539,38.07669448852539,0
2019-01-01 00:00:00+01:00,38.07669448852539,38.07669448852539,38.07669448852539,38.07669448852539,0
2019-01-02 00:00:00+01:00,37.80117423872179,38.51752471923828,37.80117423872179,38.51752471923828,8263
2019-01-03 00:00:00+01:00,38.57262566506383,38.68283148533099,37.746069400812466,38.13179397583008,20403
2019-01-04 00:00:00+01:00,38.18690097901066,38.18690097901066,37.36034471716266,37.470550537109375,60213
2019-01-07 00:00:00+01:00,37.746069400812466,38.13179397583008,37.58075646632917,38.13179397583008,32729
2019-01-08 00:00:00+01:00,38.2420040001798,38.2420040001798,37.746069400812466,38.13179397583008,23106
2019-01-09 00:00:00+01:00,38.02158893612649,38.46242063441029,37.91138311359686,38.2971076965332,48127
2019-01-10 00:00:00+01:00,38.0766918473913,38.517523545675104,38.0766918473913,38.2971076965332,107028
2019-01-11 00:00:00+01:00,38.407318115234375,38.572631072894325,38.24200936165757,38.407318115234375,55404
2019-01-14 00:00:00+01:00,38.352212933523305,38.68283462524414,38.24200710431066,38.68283462524414,47684
2019-01-15 00:00:00+01:00,38.62772976174889,38.62772976174889,38.242005174882735,38.352210998535156,21752
2019-01-16 00:00:00+01:00,38.29710546221052,38.57262420654297,38.29710546221052,38.57262420654297,53574
2019-01-17 00:00:00+01:00,38.682833458069396,38.682833458069396,38.40731468926809,38.51752471923828,28198
2019-01-18 00:00:00+01:00,38.57262616409056,38.95835074409842,38.57262616409056,38.90324783325195,20213
2019-01-21 00:00:00+01:00,38.95835035183328,38.95835035183328,38.40731284075172,38.84814453125,9056
2019-01-22 00:00:00+01:00,38.793039002315346,39.06855773925781,38.62772607851695,39.06855773925781,12747
2019-01-23 00:00:00+01:00,39.01346206665039,39.068564983439735,38.848149112199295,39.01346206665039,12200
2019-01-24 00:00:00+01:00,39.01346206665039,39.01346206665039,38.73794327862061,39.01346206665039,24384
2019-01-25 00:00:00+01:00,39.01345980557779,39.23387145996093,39.01345980557779,39.23387145996094,35242
2019-01-28 00:00:00+01:00,39.344081490254574,39.454287317443395,39.068562718199686,39.288978576660156,37088
2019-01-29 00:00:00+01:00,39.399184403848984,39.399184403848984,39.01345980460527,39.288978576660156,13835
2019-01-30 00:00:00+01:00,39.39918512737503,39.39918512737503,38.68283462524414,38.68283462524414,44998
2019-01-31 00:00:00+01:00,38.682834962647675,38.95835374216535,38.07669448852539,38.07669448852539,62339
2019-02-01 00:00:00+01:00,38.40730828187848,38.95834572755296,38.021583751539175,38.73793411254883,34149
2019-02-04 00:00:00+01:00,38.57262566506383,38.73793859954713,38.0766910656965,38.13179397583008,10395
2019-02-05 00:00:00+01:00,38.5726236632016,38.5726236632016,37.580754515943475,37.801170349121094,35277
2019-02-06 00:00:00+01:00,38.131795534752925,38.46242141723633,37.91138388520763,38.46242141723633,27382
2019-02-07 00:00:00+01:00,38.46241519304728,38.46241519304728,37.96648065365962,38.021583557128906,8148
2019-02-08 00:00:00+01:00,38.462417848653956,38.462417848653956,37.580754515943475,37.801170349121094,26069
2019-02-11 00:00:00+01:00,37.911384583304105,38.02159041010607,37.63586581221638,37.85627746582031,35611
2019-02-12 00:00:00+01:00,38.02159041010607,38.02159041010607,37.63586581221638,37.85627746582031,9157
2019-02-13 00:00:00+01:00,38.02158618229872,38.02158618229872,37.580754515943475,37.801170349121094,19715
2019-02-14 00:00:00+01:00,37.25013732910156,37.41545027480238,37.139931501356244,37.25013732910156,73318
2019-02-15 00:00:00+01:00,37.25013615904654,37.58075783598026,37.029720306396484,37.029720306396484,32757
2019-02-18 00:00:00+01:00,37.13992876131548,37.13992876131548,36.643994164884,36.80930709838867,22725
2019-02-19 00:00:00+01:00,37.08483047118765,37.305242137873975,36.423582858879485,36.919517517089844,200019
2019-02-20 00:00:00+01:00,37.25013771483333,38.13179695817414,36.97461893853414,37.360347747802734,32422
2019-02-21 00:00:00+01:00,37.41544751157506,37.525653331181395,36.64399416208312,36.75419998168945,92338
2019-02-22 00:00:00+01:00,37.19502821792515,37.305234027308366,36.80930368100175,36.86440658569336,36228
2019-02-25 00:00:00+01:00,37.19503409607315,38.18690335360156,36.919515324991124,37.91138458251953,18501
2019-02-26 00:00:00+01:00,37.91138411543934,37.91138411543934,36.91951487013107,37.139930725097656,31241
2019-02-27 00:00:00+01:00,37.13993377491241,37.91138722860342,36.91951790184596,36.9746208190918,32358
2019-02-28 00:00:00+01:00,37.02971593236954,37.360341774331765,36.03785101872952,36.31336975097656,182242
2019-03-01 00:00:00+01:00,36.69909932852835,36.80930935899408,36.09295887525663,36.47868347167969,22701
2019-03-04 00:00:00+01:00,36.91951012110361,36.91951012110361,36.31336975097656,36.31336975097656,23107
2019-03-05 00:00:00+01:00,36.258267240511486,36.75419760069538,36.258267240511486,36.368473052978516,52145
2019-03-06 00:00:00+01:00,36.64399719238281,36.97461888262533,36.478684245220116,36.64399719238281,15817
2019-03-07 00:00:00+01:00,36.91951790184596,37.19503669215824,36.643999111533674,36.9746208190918,12213
2019-03-08 00:00:00+01:00,36.974618490896745,37.30524017763648,36.58889389038086,36.58889389038086,17335
2019-03-11 00:00:00+01:00,36.974618169826165,37.690968654944164,36.588893572659735,37.19503402709961,32083
2019-03-12 00:00:00+01:00,37.195029571978715,37.91137997129419,37.195029571978715,37.74606704711914,26245
2019-03-13 00:00:00+01:00,37.69096334865529,38.07668789151783,37.635860443115234,37.635860443115234,105735
2019-03-14 00:00:00+01:00,37.74606704711914,38.02158578468936,37.36034249615376,37.74606704711914,17359
2019-03-15 00:00:00+01:00,37.801168930028,38.462416404736985,37.746066024822795,38.242000579833984,104326
2019-03-18 00:00:00+01:00,38.13179592046679,38.51752471923828,38.02159009457938,38.51752471923828,17903
2019-03-19 00:00:00+01:00,38.51752075592778,38.51752075592778,37.801170349121094,37.801170349121094,31000
2019-03-20 00:00:00+01:00,38.021583557128906,38.021583557128906,37.74606483570044,38.021583557128906,15468
2019-03-21 00:00:00+01:00,37.966487495919374,38.02159040931922,37.7460716382372,37.91138458251953,12394
2019-03-22 00:00:00+01:00,37.80116915973538,38.02158498597778,37.635860443115234,37.635860443115234,32711
2019-03-25 00:00:00+01:00,37.47055318867504,37.5256561025477,37.02972146952808,37.25013732910156,13636
2019-03-26 00:00:00+01:00,37.36034460177189,37.525653331181395,36.478681228591086,36.75419998168945,27379
2019-03-27 00:00:00+01:00,37.02972373633763,37.13993377491241,36.58889619428784,36.9746208190918,25232
2019-03-28 00:00:00+01:00,37.08482852253188,37.30524017763648,36.533790976604706,36.58889389038086,66821
2019-03-29 00:00:00+01:00,37.13993111380195,37.911384512217616,36.699099399255054,37.19503402709961,32464
2019-04-01 00:00:00+02:00,37.911382107968635,37.911382107968635,36.75419998168945,36.75419998168945,28687
2019-04-02 00:00:00+02:00,36.80930368100175,37.19502821792515,36.64399076284478,36.86440658569336,36353
2019-04-03 00:00:00+02:00,36.9746208190918,37.25013960940408,36.864414984600124,36.9746208190918,15157
2019-04-04 00:00:00+02:00,36.97461739425465,37.415449099554756,36.97461739425465,37.029720306396484,17270
2019-04-05 00:00:00+02:00,37.02972101175994,37.2501368686086,36.47868347167969,36.47868347167969,86094
2019-04-08 00:00:00+02:00,36.64399218639176,36.75419800005626,36.36847344814822,36.42357635498047,28504
2019-04-09 00:00:00+02:00,36.699095345894776,36.699095345894776,35.81743621826172,35.81743621826172,98705
2019-04-10 00:00:00+02:00,35.87254030979184,36.53378783040922,35.87254030979184,36.0378532409668,40271
2019-04-11 00:00:00+02:00,36.203163839957284,36.643995543162234,35.70723342895508,35.70723342895508,73325
2019-04-12 00:00:00+02:00,35.70722800204697,36.258265445263234,35.37660217285156,35.37660217285156,81646
2019-04-15 00:00:00+02:00,35.486819448684145,35.76233822669554,35.32150650024414,35.32150650024414,41204
2019-04-16 00:00:00+02:00,35.541920489232545,35.70723342895508,35.486817577352596,35.70723342895508,25575
2019-04-17 00:00:00+02:00,35.81743621826172,36.14805786561382,35.707230403838466,35.81743621826172,17841
2019-04-18 00:00:00+02:00,36.037860112353606,36.148065951428364,35.76234131058345,35.8725471496582,34049
2019-04-19 00:00:00+02:00,35.8725471496582,35.8725471496582,35.8725471496582,35.8725471496582,0
2019-04-22 00:00:00+02:00,35.8725471496582,35.8725471496582,35.8725471496582,35.8725471496582,0
2019-04-23 00:00:00+02:00,36.20316278916113,36.20316278916113,35.156192779541016,35.156192779541016,56539
2019-04-24 00:00:00+02:00,35.266397791584644,35.32150069731755,34.880671145330965,34.99087905883789,112781
2019-04-25 00:00:00+02:00,35.37661285322156,35.37661285322156,35.04599112829192,35.26640701293945,27525
2019-04-26 00:00:00+02:00,35.26639964999395,35.26639964999395,34.605154236148316,34.66025924682617,67370
2019-04-29 00:00:00+02:00,34.715362940946676,35.26640044794583,34.715362940946676,34.77046585083008,35220
2019-04-30 00:00:00+02:00,35.101088553590486,35.101088553590486,34.21942730785883,34.274532318115234,61323
2019-05-01 00:00:00+02:00,34.274532318115234,34.274532318115234,34.274532318115234,34.274532318115234,0
2019-05-02 00:00:00+02:00,34.329636838847705,34.5500526861442,33.44797765374433,33.55818557739258,73007
2019-05-03 00:00:00+02:00,33.55818557739258,33.55818557739258,33.55818557739258,33.55818557739258,0
2019-05-06 00:00:00+02:00,33.613285119724864,33.66838802500634,32.18058856199565,32.290794372558594,95776
2019-05-07 00:00:00+02:00,32.511212401861435,32.73162824201258,30.417270328590472,30.69278907775879,218499
2019-05-08 00:00:00+02:00,30.85809838928018,31.409135860517328,29.039675154605824,29.094778060913086,179219
2019-05-09 00:00:00+02:00,29.149885384255796,30.96830876334375,29.094780371531133,30.52747917175293,171256
2019-05-10 00:00:00+02:00,30.80299788902782,32.51121334247704,30.80299788902782,31.519346237182617,240766
2019-05-13 00:00:00+02:00,31.68465655931393,31.68465655931393,30.527478638833752,30.747892379760742,96813
2019-05-14 00:00:00+02:00,29.92133845375535,30.74789477624606,29.2600929753545,29.81113052368164,362096
2019-05-15 00:00:00+02:00,30.03154145102334,30.30706017993181,29.204985264297928,29.31519317626953,239572
2019-05-16 00:00:00+02:00,29.480508938973667,29.645819783643738,28.102915063320694,28.819263458251953,256264
2019-05-17 00:00:00+02:00,29.039678378724222,29.590715911140084,28.874367539407736,28.984573364257812,200631
2019-05-20 00:00:00+02:00,29.204988429965287,29.53561009967667,28.543742988501208,28.874366760253906,211268
2019-05-21 00:00:00+02:00,28.819258110330487,30.196851730346676,28.433531476317743,30.19685173034668,232084
2019-05-22 00:00:00+02:00,30.527476066091648,31.40913515957919,29.75602278275923,30.30706024169922,235587
2019-05-23 00:00:00+02:00,30.52748219989595,30.582585116045195,29.370302042388253,30.03154754638672,159261
2019-05-24 00:00:00+02:00,29.81112905580587,31.243827872136364,29.81112905580587,30.25196075439453,278154
2019-05-27 00:00:00+02:00,30.582581413009823,31.07851600646973,29.866233079599827,31.078516006469727,193874
2019-05-28 00:00:00+02:00,31.078519769554422,31.684660255362136,30.031547546386722,30.03154754638672,3699308
2019-05-29 00:00:00+02:00,30.362168072008778,30.80299979230363,29.53561174951807,29.81113052368164,209213
2019-05-30 00:00:00+02:00,29.866232312275407,30.527477719219455,29.866232312275407,29.921335220336914,164239
2019-05-31 00:00:00+02:00,29.921337081340138,30.41727169290388,29.53561039479515,29.590715408325195,107633
2019-06-03 00:00:00+02:00,29.756025314331055,29.97644115747594,29.480506561420583,29.756025314331055,134611
2019-06-04 00:00:00+02:00,30.08664831416773,30.08664831416773,29.4805078716421,29.64581871032715,211271
2019-06-05 00:00:00+02:00,29.75602251634106,29.866230427550533,29.204985062334742,29.260087966918945,72207
2019-06-06 00:00:00+02:00,29.535606958366802,30.692786883365425,29.370296141093025,30.30706024169922,172521
2019-06-07 00:00:00+02:00,30.527481852062678,31.298933179569634,30.307065985894123,30.63768768310547,209055
2019-06-10 00:00:00+02:00,30.85810186488559,31.29893147111854,30.802998952371986,31.023412704467773,64509
2019-06-11 00:00:00+02:00,31.188720354683465,31.24382536360339,30.36216413925502,30.47237205505371,78284
2019-06-12 00:00:00+02:00,31.14612318315428,31.4416271938967,30.850619172411864,31.205223083496094,85322
2019-06-13 00:00:00+02:00,31.55983102883615,31.55983102883615,30.90972081583145,31.08702278137207,67174
2019-06-14 00:00:00+02:00,31.264329199835696,31.382529015496335,30.43691696310943,31.323429107666016,81144
2019-06-17 00:00:00+02:00,31.382526307394343,31.382526307394343,30.96882247924805,30.968822479248047,38130
2019-06-18 00:00:00+02:00,30.96882515165017,31.382529015496335,30.850623081472563,31.323429107666016,62638
2019-06-19 00:00:00+02:00,31.44162885175945,31.67803072010844,31.3825266937846,31.61893081665039,50679
2019-06-20 00:00:00+02:00,31.61893081665039,31.61893081665039,31.61893081665039,31.61893081665039,0
2019-06-21 00:00:00+02:00,31.678027438955684,31.737129590808838,31.087019447523552,31.441625595092773,118341
2019-06-24 00:00:00+02:00,31.32342599754331,31.618930016388056,30.85062001829506,31.264326095581055,36407
2019-06-25 00:00:00+02:00,31.264325305493074,31.85533332824707,31.027921194584803,31.85533332824707,95684
2019-06-26 00:00:00+02:00,31.796235737792664,32.50544591781196,31.796235737792664,32.20994186401367,58671
2019-06-27 00:00:00+02:00,32.44634136992983,32.80094528198242,32.26903715938685,32.80094528198242,36961
2019-06-28 00:00:00+02:00,32.50544304724549,32.50544304724549,31.678030867872515,31.737133026123047,24845
2019-07-01 00:00:00+02:00,32.150838965840016,32.150838965840016,31.559830913192346,31.61893081665039,14772
2019-07-02 00:00:00+02:00,32.09173609257373,32.09173609257373,31.382525994300725,31.678030014038086,38266
2019-07-03 00:00:00+02:00,31.678033063681863,32.03263927421468,31.087024967310803,31.323429107666016,57437
2019-07-04 00:00:00+02:00,31.14612325003894,31.85533332824707,31.14612325003894,31.85533332824707,81217
2019-07-05 00:00:00+02:00,31.914433880300983,32.623643972988795,31.737131920758213,32.09173583984375,81601
2019-07-08 00:00:00+02:00,32.38724220858731,32.44634436907024,31.382528025546446,31.796234130859375,41871
2019-07-09 00:00:00+02:00,31.50073136374233,31.796235414536376,31.205227312948278,31.559833526611328,21639
2019-07-10 00:00:00+02:00,31.67803334331536,31.67803334331536,31.205227312948278,31.559833526611328,19873
2019-07-11 00:00:00+02:00,31.678033665369945,32.38724384538924,31.500731683994374,32.20994186401367,57582
2019-07-12 00:00:00+02:00,32.20993924989636,32.38724121688233,32.032637282910386,32.269039154052734,69951
2019-07-15 00:00:00+02:00,32.32814131272595,32.32814131272595,31.7962331572512,32.269039154052734,36941
2019-07-16 00:00:00+02:00,32.269040142138344,32.269040142138344,31.559832252478344,31.796234130859375,75570
2019-07-17 00:00:00+02:00,32.15084162819943,32.15084162819943,31.55983352661133,31.559833526611328,10564
2019-07-18 00:00:00+02:00,31.559830209756544,31.678030014038086,31.323426092159956,31.678030014038086,21571
2019-07-19 00:00:00+02:00,32.03263955697841,32.03263955697841,31.55983352661133,31.559833526611328,18011
2019-07-22 00:00:00+02:00,31.618932158444377,31.79623413085938,31.50073009199541,31.796234130859375,6205
2019-07-23 00:00:00+02:00,31.85533671862973,31.85533671862973,31.205226471698698,31.500730514526367,40091
2019-07-24 00:00:00+02:00,31.855335088107303,32.209939019543256,31.382526840170282,31.737133026123047,88816
2019-07-25 00:00:00+02:00,31.79623413085938,32.15084033020628,31.737134224893342,31.796234130859375,69372
2019-07-26 00:00:00+02:00,31.737134650595276,31.914436625388493,31.500730514526367,31.500730514526367,67718
2019-07-29 00:00:00+02:00,31.382529015496335,31.796235133859465,31.027925059480488,31.323429107666016,22869
2019-07-30 00:00:00+02:00,31.50072765128113,31.50072765128113,31.027921676635742,31.027921676635742,47351
2019-07-31 00:00:00+02:00,30.968820030073772,31.678027824817757,30.436911929499185,31.146121978759766,92001
2019-08-01 00:00:00+02:00,31.02792249142545,31.146124551819952,30.023208359847366,30.436914443969727,64366
2019-08-02 00:00:00+02:00,30.3778161596706,30.3778161596706,30.08231212019722,30.200511932373047,12066
2019-08-05 00:00:00+02:00,30.14141195868199,30.14141195868199,29.166247728800222,29.786808013916016,50837
2019-08-06 00:00:00+02:00,30.141409628731864,31.382525593990604,29.727703555473376,31.027921676635742,71324
2019-08-07 00:00:00+02:00,30.909721649131892,31.264327844289838,30.25961367311763,30.496015548706055,40118
2019-08-08 00:00:00+02:00,30.555117708490815,31.02792371418454,30.20051151333287,30.496015548706055,65560
2019-08-09 00:00:00+02:00,30.673320199143983,30.673320199143983,30.08231212019722,30.200511932373047,16486
2019-08-12 00:00:00+02:00,30.259609059971936,30.496010899520368,29.668601079326063,30.141407012939453,56257
2019-08-13 00:00:00+02:00,30.37781403904681,31.26432609558106,29.964107961760817,31.264326095581055,38842
2019-08-14 00:00:00+02:00,31.205226559023725,31.205226559023725,29.72770634075066,29.90500831604004,42641
2019-08-15 00:00:00+02:00,29.905008316040043,29.905008316040043,29.905008316040043,29.90500831604004,0
2019-08-16 00:00:00+02:00,29.905008316040043,30.37781658950097,29.905008316040043,29.90500831604004,15747
2019-08-19 00:00:00+02:00,30.318714428059888,30.55511856479035,29.905008316040043,29.90500831604004,31195
2019-08-20 00:00:00+02:00,29.964110477481125,30.082312545846356,29.55040436546128,29.90500831604004,24575
2019-08-21 00:00:00+02:00,29.905004578592475,30.850618752817063,29.66860272592382,30.55511474609375,59107
2019-08-22 00:00:00+02:00,30.31871357838552,30.732419678811354,29.55040353731861,30.496015548706055,86446
2019-08-23 00:00:00+02:00,30.555115795904566,30.555115795904566,29.3139975723144,29.55040168762207,31990
2019-08-26 00:00:00+02:00,29.78680595535342,29.78680595535342,29.195797918576698,29.668603897094727,36022
2019-08-27 00:00:00+02:00,29.845903616386686,29.845903616386686,28.60478773414555,29.43219757080078,273457
2019-08-28 00:00:00+02:00,29.520849671467968,29.72770156700263,28.841189578397085,29.43219757080078,46600
2019-08-29 00:00:00+02:00,29.13669847915933,29.491304687002113,28.39793836429973,29.077598571777344,81530
2019-08-30 00:00:00+02:00,28.929845850461874,30.377816091537234,28.929845850461874,29.786808013916016,35802
2019-09-02 00:00:00+02:00,29.84590798681175,30.20051193237305,29.28444986090894,30.200511932373047,26315
2019-09-03 00:00:00+02:00,30.377811812739825,30.377811812739825,29.461747617843557,30.082307815551758,41844
2019-09-04 00:00:00+02:00,29.845908549390003,30.614218615599626,29.845908549390003,30.023210525512695,20198
2019-09-05 00:00:00+02:00,30.31871308775369,30.61421711834489,30.023209057162493,30.37781524658203,25498
2019-09-06 00:00:00+02:00,30.31871142892903,30.496013386679678,29.964107513427734,29.964107513427734,14085
2019-09-09 00:00:00+02:00,29.964110053504484,31.027924144705285,29.964110053504484,30.200511932373047,45114
2019-09-10 00:00:00+02:00,30.55511650436423,31.02792249142545,30.259612480636367,30.436914443969727,24780
2019-09-11 00:00:00+02:00,30.79151796245815,30.909720021285743,30.49601394264755,30.732418060302734,7105
2019-09-12 00:00:00+02:00,30.732419181484737,30.96882330776443,30.37781524658203,30.37781524658203,16149
2019-09-13 00:00:00+02:00,30.318710638908442,30.614214645631755,30.318710638908442,30.55511474609375,66050
2019-09-16 00:00:00+02:00,30.496016870939748,31.500731085673937,30.43691696310943,31.323429107666016,159587
2019-09-17 00:00:00+02:00,31.618926674907176,31.618926674907176,31.087018595391854,31.382522583007812,28870
2019-09-18 00:00:00+02:00,31.382523443239617,31.618927541619097,31.146121599376706,31.441625595092773,28379
2019-09-19 00:00:00+02:00,31.618926674907176,31.618926674907176,31.087018595391854,31.382522583007812,29370
2019-09-20 00:00:00+02:00,31.264325238354587,31.323425138696397,30.850619172411864,31.205223083496094,41044
2019-09-23 00:00:00+02:00,31.205225831713115,31.205225831713115,29.550403676720162,30.61421775817871,32417
2019-09-24 00:00:00+02:00,30.55511305029487,30.55511305029487,30.141407012939457,30.141407012939453,5909
2019-09-25 00:00:00+02:00,30.496014346908588,30.496014346908588,29.905006299452864,30.436914443969727,11746
2019-09-26 00:00:00+02:00,30.555118276344466,30.555118276344466,30.141412168230083,30.318714141845703,13358
2019-09-27 00:00:00+02:00,30.55511650436423,30.55511650436423,29.964108456908505,30.436914443969727,12603
2019-09-30 00:00:00+02:00,30.43691444396973,30.61421640730309,30.14141042024187,30.436914443969727,13296
2019-10-01 00:00:00+02:00,30.673317283626176,30.673317283626176,29.727703094482422,29.727703094482422,19445
2019-10-02 00:00:00+02:00,29.845907337308923,29.905007242110713,29.048047349900475,29.31399917602539,36333
2019-10-03 00:00:00+02:00,29.313996766440397,29.786804984057714,28.81164085336783,29.195796966552734,47979
2019-10-04 00:00:00+02:00,29.55040168762207,29.964107762152125,29.373099728399684,29.55040168762207,18852
2019-10-07 00:00:00+02:00,29.786805555677088,29.964107513427734,29.40264943512009,29.964107513427734,63374
2019-10-08 00:00:00+02:00,30.023207414505713,30.023207414505713,29.668603499004416,29.964107513427734,8678
2019-10-09 00:00:00+02:00,30.02320534211862,30.02320534211862,29.55039940258064,29.845903396606445,13071
2019-10-10 00:00:00+02:00,29.964110053504484,30.259614092977866,29.550403947338367,30.200511932373047,63839
2019-10-11 00:00:00+02:00,30.25961381586482,30.96882395500948,29.96410977909762,30.61421775817871,37645
2019-10-14 00:00:00+02:00,30.850624664719327,30.850624664719327,29.964112474667143,30.673322677612305,9620
2019-10-15 00:00:00+02:00,30.732420110411365,30.85062217712402,30.25961409807765,30.850622177124023,7427
2019-10-16 00:00:00+02:00,30.791520016509242,30.968824243836675,30.67332020431349,30.850622177124023,12535
2019-10-17 00:00:00+02:00,30.791519165039062,30.850621324019503,30.614217197131417,30.791519165039062,9796
2019-10-18 00:00:00+02:00,30.79151890789393,30.79151890789393,29.6095027923584,29.6095027923584,203817
2019-10-21 00:00:00+02:00,30.14140947117838,30.14140947117838,29.668603499004416,29.964107513427734,13395
2019-10-22 00:00:00+02:00,30.023209134428043,30.850621324019503,29.845907166520398,30.791519165039062,25381
2019-10-23 00:00:00+02:00,30.791520016509242,30.85062217712402,30.555118137600836,30.850622177124023,8427
2019-10-24 00:00:00+02:00,30.85062217712402,31.08702405603243,30.67332020431349,30.850622177124023,20952
2019-10-25 00:00:00+02:00,30.850620119130326,30.850620119130326,30.555116099319722,30.732418060302734,7465
2019-10-28 00:00:00+01:00,30.49601394264755,30.79151796245815,30.31871198166454,30.732418060302734,11137
2019-10-29 00:00:00+01:00,30.850621889399225,30.850621889399225,30.20051165580125,30.61421775817871,12959
2019-10-30 00:00:00+01:00,30.61421804369871,30.85062217712402,30.555118137600836,30.850622177124023,11486
2019-10-31 00:00:00+01:00,30.850617040617806,30.850617040617806,30.141407012939457,30.141407012939453,21379
2019-11-01 00:00:00+01:00,30.141407012939457,30.141407012939457,30.141407012939457,30.141407012939453,0
2019-11-04 00:00:00+01:00,30.436915643438166,30.673319773543465,30.25961367311763,30.496015548706055,10504
2019-11-05 00:00:00+01:00,30.318712143444404,30.318712143444404,29.373100176811416,29.461750030517578,83581
2019-11-06 00:00:00+01:00,29.52085466980081,29.786808762315886,29.136698507888255,29.28445053100586,39536
2019-11-07 00:00:00+01:00,29.3139975723144,29.786805802929738,29.3139975723144,29.55040168762207,63203
2019-11-08 00:00:00+01:00,29.668603745275902,29.668603745275902,29.432199629968235,29.55040168762207,6584
2019-11-11 00:00:00+01:00,29.55040168762207,29.55040168762207,29.55040168762207,29.55040168762207,0
2019-11-12 00:00:00+01:00,29.727706102501426,29.727706102501426,28.516139984130856,28.51613998413086,51149
2019-11-13 00:00:00+01:00,28.752542539227374,29.5504025050572,28.752542539227374,28.959394454956055,17158
2019-11-14 00:00:00+01:00,29.313998123565018,29.40265023210168,29.077596258328537,29.37310028076172,61538
2019-11-15 00:00:00+01:00,29.491302236269732,29.520852187505117,29.2548981173531,29.461750030517578,43753
2019-11-18 00:00:00+01:00,29.520853928083092,29.786808013916016,29.46175176761083,29.786808013916016,59867
2019-11-19 00:00:00+01:00,29.786808220998847,30.3187141418457,29.609503992866316,30.318714141845703,50303
2019-11-20 00:00:00+01:00,30.259614663354245,30.259614663354245,29.609504411548453,30.023210525512695,6122
2019-11-21 00:00:00+01:00,30.141407012939457,30.141407012939457,29.461746933390092,30.141407012939453,24425
2019-11-22 00:00:00+01:00,30.141412874439165,30.318714852208945,30.082312966688228,30.259614944458008,7902
2019-11-25 00:00:00+01:00,30.20051151333287,30.496015548706055,29.905007477959686,30.496015548706055,36670
2019-11-26 00:00:00+01:00,30.496015692568452,30.61421775817871,30.37781588147508,30.61421775817871,35575
2019-11-27 00:00:00+01:00,30.614216001475143,31.027922080113335,30.49601394264755,30.732418060302734,88615
2019-11-28 00:00:00+01:00,30.732419823788966,30.96882395500948,30.496015692568452,30.61421775817871,9670
2019-11-29 00:00:00+01:00,30.49601394264755,30.79151796245815,30.49601394264755,30.732418060302734,18304
2019-12-02 00:00:00+01:00,30.732418060302734,30.79151796245815,30.49601394264755,30.732418060302734,32306
2019-12-03 00:00:00+01:00,30.732422588475618,30.732422588475618,30.259616538017873,30.673322677612305,17845
2019-12-04 00:00:00+01:00,30.614214645631755,30.850618752817063,30.436912692501096,30.55511474609375,199266
2019-12-05 00:00:00+01:00,30.732418060302734,30.968822177957918,30.555116099319722,30.732418060302734,77560
2019-12-06 00:00:00+01:00,30.5551206013686,30.732422588475618,30.318716448881183,30.673322677612305,87834
2019-12-09 00:00:00+01:00,30.614219230877907,30.90972328186035,30.377817342802146,30.90972328186035,119400
2019-12-10 00:00:00+01:00,30.85062217712402,30.85062217712402,30.43691607088818,30.850622177124023,88789
2019-12-11 00:00:00+01:00,30.85062337347066,30.968825444767035,30.377817342802146,30.90972328186035,104945
2019-12-12 00:00:00+01:00,30.732419260575462,31.02792329192715,30.732419260575462,30.791519165039062,27694
2019-12-13 00:00:00+01:00,30.85062337347066,31.02792535315673,30.67332139378459,30.90972328186035,27637
2019-12-16 00:00:00+01:00,31.027921676635742,31.027921676635742,30.67331775928088,31.027921676635742,16889
2019-12-17 00:00:00+01:00,31.027922381978442,31.264326501933557,30.732418359292932,30.968822479248047,90259
2019-12-18 00:00:00+01:00,30.968824243836675,31.32342818945774,30.555118137600836,30.850622177124023,34386
2019-12-19 00:00:00+01:00,31.14612373392627,31.20522363531317,30.73241766066778,31.027921676635742,74799
2019-12-20 00:00:00+01:00,30.85061971795831,31.087021578022643,30.73241766066778,31.027921676635742,44199
2019-12-23 00:00:00+01:00,30.850621324019503,31.02792329192715,30.614217197131417,30.791519165039062,25105
2019-12-24 00:00:00+01:00,30.791519165039062,30.791519165039062,30.791519165039062,30.791519165039062,0
2019-12-25 00:00:00+01:00,30.791519165039062,30.791519165039062,30.791519165039062,30.791519165039062,0
2019-12-26 00:00:00+01:00,30.791519165039062,30.791519165039062,30.791519165039062,30.791519165039062,0
2019-12-27 00:00:00+01:00,30.85062041927049,31.205224344686393,30.791518262023324,30.968822479248047,14854
2019-12-30 00:00:00+01:00,31.087023766102856,31.087023766102856,30.25961381586482,30.61421775817871,25380
2019-12-31 00:00:00+01:00,30.61421775817871,30.61421775817871,30.61421775817871,30.61421775817871,0
2020-01-01 00:00:00+01:00,30.61421775817871,30.61421775817871,30.61421775817871,30.61421775817871,0
2020-01-02 00:00:00+01:00,30.96882207673631,31.32342599754331,30.67331805789156,31.264326095581055,9780
2020-01-03 00:00:00+01:00,31.264325238354587,31.323425138696397,30.968821227612167,31.205223083496094,7855
2020-01-06 00:00:00+01:00,31.205223083496094,31.205223083496094,31.205223083496094,31.205223083496094,0
2020-01-07 00:00:00+01:00,31.20522703748841,31.323429107666016,30.73242101129496,31.323429107666016,36515
2020-01-08 00:00:00+01:00,31.205227332842796,31.264329495749482,30.732421302174284,30.90972328186035,16635
2020-01-09 00:00:00+01:00,30.968825444767035,31.146127424453105,30.67332139378459,30.90972328186035,6024
2020-01-10 00:00:00+01:00,31.087021028295787,31.264325238354587,30.732417117211558,31.205223083496094,5679
2020-01-13 00:00:00+01:00,31.264325791216798,31.323425692603703,30.909719619345214,31.027921676635742,14602
2020-01-14 00:00:00+01:00,31.205223939102062,31.26432609558106,30.791517861816065,31.264326095581055,26360
2020-01-15 00:00:00+01:00,31.264325238354587,31.50072709423851,31.027921127953977,31.205223083496094,181288
2020-01-16 00:00:00+01:00,31.205223083496094,31.4416271938967,31.087021028295787,31.205223083496094,8982
2020-01-17 00:00:00+01:00,31.32342853973315,31.500730514526367,31.264328632974387,31.500730514526367,6032
2020-01-20 00:00:00+01:00,31.500730373292914,32.03263854980469,31.38252830578842,32.03263854980469,44712
2020-01-21 00:00:00+01:00,32.0326364928978,32.0326364928978,31.796232373068992,31.9144344329834,17933
2020-01-22 00:00:00+01:00,32.03263854980469,32.20994052380297,31.973536388793978,32.03263854980469,31686
2020-01-23 00:00:00+01:00,32.09174010494191,33.273756331676545,32.03264019541199,32.860050201416016,61517
2020-01-24 00:00:00+01:00,33.09645095368449,33.332855076588956,32.8009469273123,33.21465301513672,45812
2020-01-27 00:00:00+01:00,33.21465024876516,33.21465024876516,32.80094419539737,33.155548095703125,45522
2020-01-28 00:00:00+01:00,33.037350902460666,33.21465286658765,32.91914884153708,33.09645080566406,14317
2020-01-29 00:00:00+01:00,33.2737530663624,33.45105503206969,33.15555100438527,33.332855224609375,20626
2020-01-30 00:00:00+01:00,33.39195512833953,33.39195512833953,32.91914913494782,33.332855224609375,30773
2020-01-31 00:00:00+01:00,33.51015719031666,33.51015719031666,33.2737530663624,33.332855224609375,26169
2020-02-03 00:00:00+01:00,33.451054733918035,33.451054733918035,32.20993873051235,33.09645080566406,26452
2020-02-04 00:00:00+01:00,33.09645095368449,33.451054883524385,33.09645095368449,33.21465301513672,25333
2020-02-05 00:00:00+01:00,33.451056235201506,33.62836046180269,33.2146543572614,33.3919563293457,29672
2020-02-06 00:00:00+01:00,33.56925679484162,33.746558758968604,32.978248744740476,33.09645080566406,20313
2020-02-07 00:00:00+01:00,33.03735039572133,33.98296235957229,33.03735039572133,33.92386245727539,27060
2020-02-10 00:00:00+01:00,33.92386365762365,34.04206346639979,33.74655943542577,33.98296356201172,44611
2020-02-11 00:00:00+01:00,34.10116918465504,34.10116918465504,33.569260971576526,33.74656295776367,5669
2020-02-12 00:00:00+01:00,33.805662721885795,34.042064601839854,33.391956613820035,33.628360748291016,52032
2020-02-13 00:00:00+01:00,33.805660247802734,33.805660247802734,33.62835828718388,33.805660247802734,24198
2020-02-14 00:00:00+01:00,33.864759051900364,34.455767071146504,33.864759051900364,34.16026306152344,49469
2020-02-17 00:00:00+01:00,34.27846691802944,34.75127290737476,34.101164953839536,34.69217300415039,23155
2020-02-18 00:00:00+01:00,34.86947481856387,35.04677678199219,34.101164807363276,34.573970794677734,57795
2020-02-19 00:00:00+01:00,34.75127510493747,34.75127510493747,34.2193691787317,34.27846908569336,42007
2020-02-20 00:00:00+01:00,34.27846418461364,34.92857208630829,34.21936428610199,34.6330680847168,54535
2020-02-21 00:00:00+01:00,34.987677718226735,34.987677718226735,33.98296356201172,33.98296356201172,89321
2020-02-24 00:00:00+01:00,33.98296068271643,33.98296068271643,33.21465071818443,33.510154724121094,40330
2020-02-25 00:00:00+01:00,33.45105503206969,33.45105503206969,32.91914913494782,33.332855224609375,38719
2020-02-26 00:00:00+01:00,33.510155672909846,33.510155672909846,32.328139615696216,33.037349700927734,29217
2020-02-27 00:00:00+01:00,33.332855071135356,33.332855071135356,31.559830913192346,31.61893081665039,76233
2020-02-28 00:00:00+01:00,31.027925059480488,31.796235133859465,30.496016870939748,31.323429107666016,81024
2020-03-02 00:00:00+01:00,31.618930111897313,32.3872401123111,31.50072805309902,31.678030014038086,46087
2020-03-03 00:00:00+01:00,32.209939019543256,32.80094707494772,31.618930964138794,31.737133026123047,51277
2020-03-04 00:00:00+01:00,31.737131920758213,32.623643972988795,31.737131920758213,32.09173583984375,19581
2020-03-05 00:00:00+01:00,32.32813765136517,32.623641647713086,31.678027506689812,32.387237548828125,14580
2020-03-06 00:00:00+01:00,32.150838965840016,32.150838965840016,31.44162885175945,31.61893081665039,27619
2020-03-09 00:00:00+01:00,30.73241560499223,30.73241560499223,29.107143625882063,29.43219757080078,51464
2020-03-10 00:00:00+01:00,30.14141042024187,30.55511650436423,29.668604433180644,30.436914443969727,66571
2020-03-11 00:00:00+01:00,30.732418467697592,30.732418467697592,30.14141042024187,30.436914443969727,210373
2020-03-12 00:00:00+01:00,29.07759930878304,29.28445124437985,27.393224851500538,28.368389129638672,198523
2020-03-13 00:00:00+01:00,28.338838121168745,28.516140095731046,27.393223832641603,27.777379989624023,129248
2020-03-16 00:00:00+01:00,26.595364015421918,26.713566084171628,24.76323984061074,26.093008041381836,76945
2020-03-17 00:00:00+01:00,26.093006836812254,27.89558097485038,26.093006836812254,27.186370849609375,135472
2020-03-18 00:00:00+01:00,26.743115637037487,28.1615359317479,26.181657509776414,26.59536361694336,155888
2020-03-19 00:00:00+01:00,26.59536361694336,27.984231704021415,26.24075967052421,26.59536361694336,144781
2020-03-20 00:00:00+01:00,26.949969222099,27.718281577490654,26.2112090761586,26.35896110534668,93310
2020-03-23 00:00:00+01:00,26.00435256958008,26.35895647554042,25.53154661012741,26.004352569580078,35251
2020-03-24 00:00:00+01:00,26.89086644261056,26.89086644261056,25.945254458523284,26.53626251220703,53546
2020-03-25 00:00:00+01:00,26.890869592898515,27.068171578871354,25.472449196081655,25.531551361083984,68801
2020-03-26 00:00:00+01:00,26.004357096666165,26.24076124480631,25.531551054902916,25.94525718688965,35861
2020-03-27 00:00:00+01:00,26.033902519324002,26.447608579288833,25.64974866361974,26.004352569580078,18590
2020-03-30 00:00:00+02:00,26.299856374842633,26.299856374842633,24.881436252819746,24.94053840637207,60417
2020-03-31 00:00:00+02:00,24.82234001159668,25.413348107110885,24.31998403221639,24.82234001159668,57433
2020-04-01 00:00:00+02:00,24.822336038513477,25.058740140686915,24.526832038054984,24.704133987426758,13940
2020-04-02 00:00:00+02:00,24.585936327871526,24.881440381112853,24.40863434683013,24.733688354492188,11243
2020-04-03 00:00:00+02:00,24.704138351787854,24.704138351787854,24.260882272792198,24.319984436035156,11681
2020-04-06 00:00:00+02:00,24.585931936340042,25.1473899881145,24.34953008868321,24.704133987426758,28083
2020-04-07 00:00:00+02:00,25.117841767063982,25.76794971099305,25.117841767063982,25.32469367980957,33843
2020-04-08 00:00:00+02:00,25.59064782351834,25.59064782351834,23.374367661183896,23.640321731567383,67796
2020-04-09 00:00:00+02:00,23.758525390567993,24.113129338606967,22.842463312703217,23.197067260742188,106564
2020-04-10 00:00:00+02:00,23.197067260742188,23.197067260742188,23.197067260742188,23.197067260742188,0
2020-04-13 00:00:00+02:00,23.197067260742188,23.197067260742188,23.197067260742188,23.197067260742188,0
2020-04-14 00:00:00+02:00,23.581221578665197,24.231329517573897,23.108413345440606,24.054027557373047,76945
2020-04-15 00:00:00+02:00,24.408632160721442,24.408632160721442,23.167516150072665,23.344818115234375,31838
2020-04-16 00:00:00+02:00,23.344820462740387,23.433472581494314,22.990216496758737,23.04931640625,28090
2020-04-17 00:00:00+02:00,23.256165305356262,23.344817412526982,22.281003399062012,22.45830535888672,48706
2020-04-20 00:00:00+02:00,22.931111338376137,22.931111338376137,21.158087230957623,21.512693405151367,67422
2020-04-21 00:00:00+02:00,21.394492395744315,21.68999642813162,21.158088268027733,21.45359230041504,45113
2020-04-22 00:00:00+02:00,21.571794933742947,22.162803014119465,20.862584786387742,21.276290893554688,53648
2020-04-23 00:00:00+02:00,21.483142819879706,21.483142819879706,20.98078685336643,21.276290893554688,91520
2020-04-24 00:00:00+02:00,21.305840284221386,21.453592300415036,20.951236347163356,21.45359230041504,29806
2020-04-27 00:00:00+02:00,21.926398449339377,21.9855006089259,21.217190570436014,21.571794509887695,51334
2020-04-28 00:00:00+02:00,21.27629065213821,22.399206893918926,21.27629065213821,21.896848678588867,28027
2020-04-29 00:00:00+02:00,22.22189896285101,22.22189896285101,21.63089098772714,22.015047073364258,30170
2020-04-30 00:00:00+02:00,22.458306141256415,22.990214293777107,21.571794056733136,21.660446166992188,75046
2020-05-01 00:00:00+02:00,21.660446166992188,21.660446166992188,21.660446166992188,21.660446166992188,0
2020-05-04 00:00:00+02:00,21.77864748483058,22.369655582161307,21.364943620312648,22.162803649902344,24308
2020-05-05 00:00:00+02:00,22.428756189342334,22.428756189342334,21.335389932386867,21.660446166992188,59916
2020-05-06 00:00:00+02:00,21.39449175201259,21.63089361809931,20.89213355935935,21.21718978881836,49276
2020-05-07 00:00:00+02:00,21.453590492847454,21.660444650800226,21.276288539256978,21.364940643310547,22445
2020-05-08 00:00:00+02:00,21.394491093823106,21.689995108228075,21.394491093823106,21.48314094543457,17478
2020-05-11 00:00:00+02:00,21.808198491989913,21.837748444325275,21.039886204169438,21.45359230041504,17714
2020-05-12 00:00:00+02:00,21.57179390923156,21.68999597059646,21.305839834789726,21.54224395751953,17995
2020-05-13 00:00:00+02:00,21.5126950943741,22.783361118422736,21.483142886649897,22.340105056762695,50961
2020-05-14 00:00:00+02:00,22.22190129413027,22.22190129413027,21.335389238441294,21.719545364379883,31772
2020-05-15 00:00:00+02:00,22.044598010218746,22.221899959807022,21.689994111042193,21.749094009399414,24927
2020-05-18 00:00:00+02:00,22.162800061449797,22.19235001062841,21.571792059811138,21.749094009399414,43570
2020-05-19 00:00:00+02:00,21.86729973102438,21.86729973102438,21.39449370125698,21.424043655395508,28519
2020-05-20 00:00:00+02:00,21.630895324005298,22.221903417606722,21.453593346828264,22.044601440429688,25289
2020-05-21 00:00:00+02:00,21.86729752501001,22.044599486471604,21.660445612390944,21.83774757385254,12066
2020-05-22 00:00:00+02:00,21.808199822747326,21.808199822747326,21.21719172190883,21.424043655395508,29508
2020-05-25 00:00:00+02:00,21.68999460064586,21.68999460064586,21.187636435203412,21.364940643310547,34004
2020-05-26 00:00:00+02:00,21.453592730154966,21.985500900913586,21.394492824300407,21.808198928833008,54804
2020-05-27 00:00:00+02:00,22.162801248055917,24.379081372861506,22.162801248055917,23.93582534790039,162366
2020-05-28 00:00:00+02:00,24.408633683602144,25.147393796631974,22.753811481318717,22.783361434936523,115066
2020-05-29 00:00:00+02:00,22.75380958683474,22.901561597138862,21.749095465863363,21.83774757385254,419943
2020-06-01 00:00:00+02:00,22.10370074779702,22.931110619268477,22.10370074779702,22.517404556274414,52375
2020-06-02 00:00:00+02:00,22.60605736782676,22.753809376766807,22.16280134100663,22.45830535888672,29233
2020-06-03 00:00:00+02:00,22.458304424055914,23.344816440794965,22.458304424055914,22.931110382080078,68433
2020-06-04 00:00:00+02:00,22.96066157997811,23.90627580195087,22.93111162871701,23.640321731567383,56574
2020-06-05 00:00:00+02:00,23.935827596768142,25.088293820849255,23.935827596768142,24.585935592651367,104095
2020-06-08 00:00:00+02:00,24.52683309230498,25.47244503261126,24.290428979970056,25.08829116821289,62701
2020-06-09 00:00:00+02:00,25.23604507926513,25.29514498455056,24.290430813080093,24.438182830810547,46750
2020-06-10 00:00:00+02:00,24.349532520833478,24.704136454996604,23.551670287191204,24.52683448791504,46519
2020-06-11 00:00:00+02:00,24.526834487915043,24.526834487915043,24.526834487915043,24.52683448791504,0
2020-06-12 00:00:00+02:00,23.16751674535171,23.788074766621058,23.16751674535171,23.37436866760254,60771
2020-06-15 00:00:00+02:00,23.522121255530735,23.522121255530735,22.576509224415528,23.197067260742188,35255
2020-06-16 00:00:00+02:00,23.758524996340796,23.758524996340796,22.931112791956622,23.69942283630371,57501
2020-06-17 00:00:00+02:00,23.876727073120176,24.585934957763506,23.344818905120796,24.349533081054688,130074
2020-06-18 00:00:00+02:00,24.231329774856565,24.231329774856565,23.58122182904517,23.640321731567383,14154
2020-06-19 00:00:00+02:00,23.699422764264344,23.876726989319774,22.901562769582416,23.28571891784668,81173
2020-06-22 00:00:00+02:00,23.344817312291898,23.344817312291898,22.96066118889053,22.99021339416504,14676
2020-06-23 00:00:00+02:00,23.256166005395116,23.7585242036229,23.197066101846815,23.344818115234375,23036
2020-06-24 00:00:00+02:00,24.201779303862438,24.201779303862438,23.049313193294374,23.0788631439209,27771
2020-06-25 00:00:00+02:00,23.226617645232885,23.285719807347988,22.842463736811037,22.90156364440918,18991
2020-06-26 00:00:00+02:00,23.078862623586595,23.16751472798413,22.517404556274414,22.517404556274414,26280
2020-06-29 00:00:00+02:00,22.606057861562043,23.019763946533203,22.517405752455083,23.019763946533203,7189
2020-06-30 00:00:00+02:00,23.049316715993793,23.108416626279258,22.57651067015887,22.635610580444336,13863
2020-07-01 00:00:00+02:00,22.931108803678597,23.16751289367676,22.63560481843914,23.167512893676758,8611
2020-07-02 00:00:00+02:00,23.28571937501039,23.522121255530735,23.16751730749176,23.197067260742188,12506
2020-07-03 00:00:00+02:00,23.344818072563626,23.344818072563626,22.872012081491015,23.13796615600586,8050
2020-07-06 00:00:00+02:00,23.1675199441508,23.788078051102204,23.1675199441508,23.551673889160156,23375
2020-07-07 00:00:00+02:00,23.75852359161075,23.75852359161075,23.31526756286621,23.31526756286621,9560
2020-07-08 00:00:00+02:00,23.285716541485684,23.522118393239445,22.8720104827708,22.931110382080078,21253
2020-07-09 00:00:00+02:00,23.16751381476085,23.16751381476085,22.6947078704834,22.6947078704834,15116
2020-07-10 00:00:00+02:00,22.66515908416681,23.197067260742188,22.369655042628693,23.197067260742188,16938
2020-07-13 00:00:00+02:00,23.167517595518813,23.167517595518813,22.753811481318717,22.783361434936523,12064
2020-07-14 00:00:00+02:00,22.78335861495036,22.931110619268477,22.517404556274414,22.517404556274414,15809
2020-07-15 00:00:00+02:00,22.517407314032386,22.842463566955953,22.458307406873704,22.576509475708008,11761
2020-07-16 00:00:00+02:00,22.75381083631448,22.75381083631448,21.86729872580872,21.896848678588867,43837
2020-07-17 00:00:00+02:00,21.92639874054213,22.133252920066877,21.749096768461555,21.808198928833008,34241
2020-07-20 00:00:00+02:00,21.9263973236084,22.251453548353286,21.9263973236084,21.9263973236084,18841
2020-07-21 00:00:00+02:00,22.192351776590883,23.522119886094533,22.162801825060825,23.019763946533203,59299
2020-07-22 00:00:00+02:00,23.16751545270228,23.16751545270228,22.45830535888672,22.45830535888672,21499
2020-07-23 00:00:00+02:00,22.635607420616818,22.694709577168958,21.867297421573006,21.9263973236084,23206
2020-07-24 00:00:00+02:00,22.221901689869483,22.428755859257393,21.926397666044004,22.369653701782227,5737
2020-07-27 00:00:00+02:00,22.428755408002058,22.48785530977138,22.015049332066585,22.45830535888672,6906
2020-07-28 00:00:00+02:00,22.576508126899295,22.694710188671745,22.22190194158194,22.399206161499023,24598
2020-07-29 00:00:00+02:00,22.39920851067919,22.665160359413644,22.10370445251465,22.10370445251465,8395
2020-07-30 00:00:00+02:00,22.044600513995558,22.10370267358208,21.512694604818037,21.571794509887695,18721
2020-07-31 00:00:00+02:00,21.689995261662524,22.22190113864413,21.601343154907227,21.601343154907227,5349
2020-08-03 00:00:00+02:00,21.60134431660869,21.837748444325275,21.394492395744315,21.45359230041504,10841
2020-08-04 00:00:00+02:00,21.453592445231514,21.808198639200057,21.33539038057533,21.571794509887695,13817
2020-08-05 00:00:00+02:00,21.778645217650755,21.837747373941415,21.276289289022206,21.512693405151367,24627
2020-08-06 00:00:00+02:00,21.512694882629912,21.749096760478274,21.098988778249165,21.15808868408203,21442
2020-08-07 00:00:00+02:00,21.51269619220763,21.51269619220763,20.714833887792988,20.921688079833984,17515
2020-08-10 00:00:00+02:00,20.921683565845047,21.21718755827497,20.921683565845047,20.980783462524414,6481
2020-08-11 00:00:00+02:00,21.217190164815463,21.926398030160517,21.039885943962382,21.867298126220703,17074
2020-08-12 00:00:00+02:00,22.103700001392127,22.22189979724188,21.630891799926758,21.630891799926758,29674
2020-08-13 00:00:00+02:00,21.867297220656393,22.015049228904072,21.601343154907227,21.601343154907227,13845
2020-08-14 00:00:00+02:00,21.689993952368226,21.689993952368226,21.217188005419448,21.630891799926758,25867
2020-08-17 00:00:00+02:00,21.689997610779212,21.689997610779212,21.246741538029706,21.30584144592285,10753
2020-08-18 00:00:00+02:00,21.305839239909165,21.689995364989873,21.158087230957623,21.512693405151367,29329
2020-08-19 00:00:00+02:00,21.571793456852205,21.571793456852205,21.158087378009224,21.187637329101562,8260
2020-08-20 00:00:00+02:00,21.187638492702185,21.42404262345743,20.980786569179003,21.039886474609375,12565
2020-08-21 00:00:00+02:00,21.03988335920378,21.305837403294017,20.980783462524414,20.980783462524414,12377
2020-08-24 00:00:00+02:00,21.15808868408203,21.21719084443179,21.010336664982972,21.15808868408203,5879
2020-08-25 00:00:00+02:00,21.542243763760585,21.571793715206827,21.21718978881836,21.21718978881836,15100
2020-08-26 00:00:00+02:00,21.424042913648815,21.424042913648815,21.187638779691447,21.276290893554688,8225
2020-08-27 00:00:00+02:00,21.276291630185884,21.630895588882186,21.276291630185884,21.424043655395508,10471
2020-08-28 00:00:00+02:00,21.571794933742947,21.601344886858392,21.276290893554688,21.276290893554688,9523
2020-08-31 00:00:00+02:00,21.571793652097572,21.955949783325195,21.2762896294661,21.955949783325195,99731
2020-09-01 00:00:00+02:00,21.867299560903778,21.867299560903778,21.069439532785697,21.098989486694336,23037
2020-09-02 00:00:00+02:00,21.394492540161853,21.571794509887695,21.217190570436014,21.571794509887695,5355
2020-09-03 00:00:00+02:00,21.54224091247126,21.74909279973322,21.394488920279436,21.689992904663086,9509
2020-09-04 00:00:00+02:00,21.542245586529376,21.60134549442252,21.30584144592285,21.30584144592285,12103
2020-09-07 00:00:00+02:00,21.68999758293498,21.68999758293498,21.03988732436009,21.098989486694336,21883
2020-09-08 00:00:00+02:00,21.335387351633702,21.689993495259532,20.980783462524414,20.980783462524414,21869
2020-09-09 00:00:00+02:00,21.217190663570516,21.571794604578763,20.83303451538086,20.83303451538086,20896
2020-09-10 00:00:00+02:00,21.0398839565297,21.749094009399414,20.83303205776281,21.749094009399414,15492
2020-09-11 00:00:00+02:00,21.394492540161853,21.86729854426972,21.3058404280405,21.571794509887695,14234
2020-09-14 00:00:00+02:00,21.896848496804548,21.896848496804548,21.571794509887695,21.571794509887695,9007
2020-09-15 00:00:00+02:00,21.86729858138804,21.86729858138804,21.158088446763976,21.77864646911621,22072
2020-09-16 00:00:00+02:00,21.778646721388835,21.83774888176029,21.512694890526422,21.808198928833008,40707
2020-09-17 00:00:00+02:00,21.808198928833008,21.83774888176029,21.512694890526422,21.808198928833008,25916
2020-09-18 00:00:00+02:00,21.749095266763796,21.749095266763796,21.246739338135242,21.512693405151367,27493
2020-09-21 00:00:00+02:00,21.246740940439242,21.51269502751206,21.01033680648187,21.276290893554688,8013
2020-09-22 00:00:00+02:00,21.27629149197628,21.630895448369095,21.039887351369753,21.30584144592285,9861
2020-09-23 00:00:00+02:00,21.571794509887695,21.660446622009047,21.27629047550567,21.571794509887695,25556
2020-09-24 00:00:00+02:00,21.542243763760585,21.542243763760585,21.158087631409092,21.21718978881836,12492
2020-09-25 00:00:00+02:00,21.21719124253509,21.21719124253509,20.537531040120026,20.655733108520508,53813
2020-09-28 00:00:00+02:00,20.80348325877563,21.01033516897903,20.744381102634136,20.86258316040039,14894
2020-09-29 00:00:00+02:00,20.980783462524414,20.980783462524414,20.833031466309453,20.980783462524414,5493
2020-09-30 00:00:00+02:00,20.98078600038428,21.660446166992188,20.86258393821115,21.660446166992188,20887
2020-10-01 00:00:00+02:00,21.689994111042193,21.749094009399414,21.483139957758695,21.749094009399414,7349
2020-10-02 00:00:00+02:00,21.749096760478274,21.749096760478274,21.15808868408203,21.15808868408203,11981
2020-10-05 00:00:00+02:00,21.689996574543876,21.689996574543876,21.27629047550567,21.571794509887695,4133
2020-10-06 00:00:00+02:00,21.571795077417807,21.837749166261958,21.217191128636884,21.394493103027344,23449
2020-10-07 00:00:00+02:00,21.335392113339385,21.39449427772592,21.15809012921388,21.246742248535156,4445
2020-10-08 00:00:00+02:00,21.39449175201259,21.39449175201259,21.158087631409092,21.21718978881836,7617
2020-10-09 00:00:00+02:00,21.36494358090602,21.36494358090602,20.862585346391292,21.098989486694336,9762
2020-10-12 00:00:00+02:00,20.98078577859061,21.158087742717598,20.65573180193834,20.68528175354004,13797
2020-10-13 00:00:00+02:00,21.01033644915353,21.03988640176641,20.27157636124717,20.626182556152344,11872
2020-10-14 00:00:00+02:00,20.56707802142494,20.803482124062942,20.271574020385742,20.271574020385742,13697
2020-10-15 00:00:00+02:00,20.271575021392263,20.419327029207828,19.97607100576113,20.0056209564209,20993
2020-10-16 00:00:00+02:00,20.03517457992068,21.010336547826718,19.798770448873647,19.887422561645508,35932
2020-10-19 00:00:00+02:00,19.916969513246094,20.212473505268985,19.503263473510742,19.503263473510742,16538
2020-10-20 00:00:00+02:00,19.50326818227768,19.50326818227768,18.912260055541992,18.912260055541992,35065
2020-10-21 00:00:00+02:00,19.030460783768806,19.089560690449197,18.3508005843597,18.734956741333008,27408
2020-10-22 00:00:00+02:00,18.76450640105549,18.823607434069555,17.493839263916016,17.493839263916016,199459
2020-10-23 00:00:00+02:00,17.6120409443761,18.084848101141386,17.52338995475089,17.641592025756836,42415
2020-10-26 00:00:00+01:00,17.671139001016176,17.877992026777658,17.671139001016176,17.84844207763672,4740
2020-10-27 00:00:00+01:00,17.996195088426322,17.996195088426322,17.582489013671875,17.582489013671875,20971
2020-10-28 00:00:00+01:00,17.582489569144883,17.730241582330976,16.518675525108385,16.60732650756836,46445
2020-10-29 00:00:00+01:00,16.607326358486855,16.87327930347936,16.13451924418064,16.489124298095703,11083
2020-10-30 00:00:00+01:00,16.548225892824007,16.548225892824007,16.25272185902358,16.31182289123535,6233
2020-11-02 00:00:00+01:00,16.518674696514307,16.75507768030215,16.28227058546812,16.40047264099121,17813
2020-11-03 00:00:00+01:00,16.6368757400619,17.493837830396668,16.6368757400619,17.257434844970703,13059
2020-11-04 00:00:00+01:00,17.493839263916016,17.493839263916016,16.96193222130629,17.493839263916016,10011
2020-11-05 00:00:00+01:00,17.493836008922983,18.912254901050094,17.375633964888127,18.203044891357422,51567
2020-11-06 00:00:00+01:00,18.203047547572236,18.350799560546875,17.84844361823982,18.350799560546875,15053
2020-11-09 00:00:00+01:00,18.55765509865283,19.857872311247696,17.84844601739887,19.237314224243164,53189
2020-11-10 00:00:00+01:00,19.26686120730099,20.419327336509866,18.971357187222655,20.24202537536621,37036
2020-11-11 00:00:00+01:00,20.24202537536621,20.24202537536621,20.24202537536621,20.24202537536621,0
2020-11-12 00:00:00+01:00,20.626181550662483,20.626181550662483,20.094273411492736,20.448877334594727,18896
2020-11-13 00:00:00+01:00,20.448878316410532,20.448878316410532,19.59191841868255,19.976072311401367,36221
2020-11-16 00:00:00+01:00,20.123823316431526,20.567079346549033,20.094273365327044,20.24202537536621,49180
2020-11-17 00:00:00+01:00,20.33067782528607,21.098987839514198,20.30112561916758,20.68528175354004,27730
2020-11-18 00:00:00+01:00,20.833034551086193,21.128538587271812,20.56708046761576,21.039886474609375,22239
2020-11-19 00:00:00+01:00,21.03988657405848,21.03988657405848,20.21247662153796,20.30112648010254,18114
2020-11-20 00:00:00+01:00,20.36023099924965,20.36023099924965,19.739672899332657,19.79877281188965,50904
2020-11-23 00:00:00+01:00,19.857868274307798,21.03988429669556,19.857868274307798,20.507978439331055,25395
2020-11-24 00:00:00+01:00,20.626181850336643,20.773933862861927,20.36022777688777,20.68528175354004,16484
2020-11-25 00:00:00+01:00,20.862583160400394,20.951235267354267,20.537529192430735,20.86258316040039,31494
2020-11-26 00:00:00+01:00,20.77393605174057,20.980787989264538,20.5375319049843,20.921688079833984,10971
2020-11-27 00:00:00+01:00,20.95123700834932,20.95123700834932,20.360228924923483,20.53753089904785,8861
2020-11-30 00:00:00+01:00,20.271576492213654,20.3897785579457,20.094274520874023,20.094274520874023,37100
2020-12-01 00:00:00+01:00,20.36022748107761,20.537529442628607,20.212475470698987,20.448877334594727,5965
2020-12-02 00:00:00+01:00,20.59662949545565,20.655731652748965,20.448877483997528,20.567079544067383,6737
2020-12-03 00:00:00+01:00,20.68528175354004,20.744381656743435,20.537529741014755,20.68528175354004,6942
2020-12-04 00:00:00+01:00,20.68528281317817,21.276290893554688,20.596630699314925,21.276290893554688,27448
2020-12-07 00:00:00+01:00,21.571792546746657,21.601342496592295,20.9807845317673,21.364940643310547,26504
2020-12-08 00:00:00+01:00,21.542244557352866,21.571794509887695,21.394492540161853,21.571794509887695,13993
2020-12-09 00:00:00+01:00,21.57179612379808,23.04931640625,21.512696214306814,23.04931640625,62659
2020-12-10 00:00:00+01:00,22.75380958683474,23.108413509757927,21.83774757385254,21.83774757385254,42216
2020-12-11 00:00:00+01:00,22.34010454837758,22.458306613033763,21.571794509887695,21.571794509887695,21142
2020-12-14 00:00:00+01:00,21.719543901330663,22.25145200072091,21.394489953710664,21.630891799926758,19833
2020-12-15 00:00:00+01:00,21.630891799926758,21.630891799926758,21.394489953710664,21.630891799926758,16294
2020-12-16 00:00:00+01:00,21.660442957128016,22.103698933703487,21.54224091247126,21.689992904663086,27913
2020-12-17 00:00:00+01:00,21.808198920828033,21.808198920828033,20.567080607685792,21.15808868408203,48937
2020-12-18 00:00:00+01:00,20.803482285425517,20.951234287091157,20.27157417762256,20.3897762298584,57238
2020-12-21 00:00:00+01:00,20.38977607170474,20.38977607170474,19.207760067547945,20.271574020385742,59450
2020-12-22 00:00:00+01:00,20.301126445017445,20.3897785579457,19.976072455141978,20.094274520874023,26103
2020-12-23 00:00:00+01:00,20.094273062916926,20.094273062916926,19.828318997945566,20.0056209564209,32882
2020-12-28 00:00:00+01:00,20.035172172264346,20.330676173303544,20.035172172264346,20.271574020385742,57126
2020-12-29 00:00:00+01:00,20.38977547766457,21.010333410864096,20.38977547766457,20.980783462524414,27865
2020-12-30 00:00:00+01:00,21.246737438770726,21.246737438770726,20.685279404043385,20.7739315032959,19625
2021-01-04 00:00:00+01:00,20.77393479475995,21.808198928833008,20.714832634388493,21.808198928833008,25258
2021-01-05 00:00:00+01:00,21.778644328495915,22.192350387573242,21.364940523935235,22.192350387573242,28821
2021-01-07 00:00:00+01:00,22.22190205172017,23.46302032470703,21.955950229560035,23.46302032470703,46117
2021-01-08 00:00:00+01:00,23.64032142871593,24.349531522480753,23.28571750909188,23.40391731262207,89845
2021-01-11 00:00:00+01:00,23.551672095495746,24.615488488698926,23.551672095495746,24.319984436035156,43212
2021-01-12 00:00:00+01:00,24.52683486931589,24.674586886600924,23.610772813052044,24.024478912353516,32397
2021-01-13 00:00:00+01:00,23.81762338852795,23.81762338852795,23.04931339299803,23.40391731262207,27433
2021-01-14 00:00:00+01:00,23.640323667857558,23.935827713705777,23.403919529372203,23.84717559814453,11869
2021-01-15 00:00:00+01:00,23.847174357999,23.847174357999,23.167516440603112,23.581222534179688,15454
2021-01-18 00:00:00+01:00,23.5812219778379,23.93582590424218,23.13796594257415,23.75852394104004,12602
2021-01-19 00:00:00+01:00,23.8176212310791,24.05402532575899,23.64031928732745,23.8176212310791,8437
2021-01-20 00:00:00+01:00,23.817623693650784,23.817623693650784,23.403917612445003,23.640321731567383,14416
2021-01-21 00:00:00+01:00,23.640319056480937,23.640319056480937,23.285715172440327,23.49256706237793,11792
2021-01-22 00:00:00+01:00,23.522119930655677,23.522119930655677,22.635607855973802,23.22661590576172,22705
2021-01-25 00:00:00+01:00,22.931114640905797,23.16751879108179,22.458308595070875,22.635610580444336,110503
2021-01-26 00:00:00+01:00,22.635607855973802,23.22661590576172,22.39920598876871,23.22661590576172,7857
2021-01-27 00:00:00+01:00,23.226618820526433,23.226618820526433,22.546960830688477,22.546960830688477,10919
2021-01-28 00:00:00+01:00,22.517404863280895,22.753808975219727,22.162800949889345,22.753808975219727,22196
2021-01-29 00:00:00+01:00,22.8720104827708,23.01976248556064,22.281002471611433,22.931110382080078,10596
2021-02-01 00:00:00+01:00,22.842463736811037,22.90156364440918,22.665159504982686,22.90156364440918,2622
2021-02-02 00:00:00+01:00,22.931109715363835,23.226613712351813,22.665155667171337,22.6947078704834,15648
2021-02-03 00:00:00+01:00,22.694710038229093,23.049313966678973,22.162801891037475,22.281003952026367,16459
2021-02-04 00:00:00+01:00,22.310553301298658,22.931111286590372,22.162801292680786,22.251453399658203,14237
2021-02-05 00:00:00+01:00,22.103702215742686,22.87201223831838,21.985500153534854,22.812910079956055,7140
2021-02-08 00:00:00+01:00,22.81290842802459,23.01976258553875,22.81290842802459,22.84246063232422,4178
2021-02-09 00:00:00+01:00,23.01976676085106,23.01976676085106,22.517408505356343,22.635610580444336,3726
2021-02-10 00:00:00+01:00,22.635610561559442,22.96066457689244,22.133254561000903,22.42875862121582,33001
2021-02-11 00:00:00+01:00,22.281006436509966,22.39920851067919,21.98550237834542,22.10370445251465,62425
2021-02-12 00:00:00+01:00,22.310551060926194,22.310551060926194,21.896845027436182,22.015047073364258,24417
2021-02-15 00:00:00+01:00,22.221900337253768,22.28100249113147,21.926396331415198,22.192350387573242,29126
2021-02-16 00:00:00+01:00,22.221904272166828,22.251456481596918,22.07415224308456,22.10370445251465,228346
2021-02-17 00:00:00+01:00,22.28100093795839,23.16751289367676,22.10369899771801,23.167512893676758,368844
2021-02-18 00:00:00+01:00,23.256164438319235,23.403916441750784,22.635606474810057,22.84246063232422,69333
2021-02-19 00:00:00+01:00,22.842461284392012,23.137965299690656,22.842461284392012,23.0788631439209,107598
2021-02-22 00:00:00+01:00,23.04931423371141,23.581222387065324,22.546958286834684,23.46302032470703,150764
2021-02-23 00:00:00+01:00,23.463020294840735,23.463020294840735,22.487856099772127,22.812910079956055,21527
2021-02-24 00:00:00+01:00,22.93111173339629,23.433469925195393,22.665157661798737,23.108413696289062,23767
2021-02-25 00:00:00+01:00,23.37436957569077,23.90627776002435,23.226617552766662,23.84717559814453,66341
2021-02-26 00:00:00+01:00,23.433472581494314,23.788076547475963,23.04931640625,23.04931640625,35887
2021-03-01 00:00:00+01:00,23.226614672555637,23.935824745549322,23.137964822504347,23.906274795532227,36802
2021-03-02 00:00:00+01:00,23.994923935423053,24.999637987885254,23.78807203690875,24.704133987426758,51149
2021-03-03 00:00:00+01:00,24.64503655080836,25.26559456285224,24.20178050584604,24.52683448791504,58524
2021-03-04 00:00:00+01:00,24.260879516601562,24.290429467607474,23.699421429422216,24.260879516601562,16675
2021-03-05 00:00:00+01:00,24.11312730698149,24.201779413780407,23.669871282020374,23.93582534790039,16282
2021-03-08 00:00:00+01:00,23.935827992445123,24.43818397443039,23.75852601377485,24.083580017089844,19626
2021-03-09 00:00:00+01:00,24.23133083474582,24.497284916762254,23.87672689506848,24.024478912353516,18623
2021-03-10 00:00:00+01:00,24.1722287536829,24.37908065745464,23.906274695607337,23.994924545288086,8990
2021-03-11 00:00:00+01:00,24.08357776403427,24.29042967737878,23.52211967200619,23.640321731567383,37635
2021-03-12 00:00:00+01:00,24.024477861512057,24.024477861512057,23.52211967200619,23.640321731567383,13473
2021-03-15 00:00:00+01:00,23.640322438469127,23.75852450156484,23.463020471083976,23.581222534179688,37507
2021-03-16 00:00:00+01:00,24.290429571374297,24.467733787200704,23.994925551019296,24.172229766845703,108769
2021-03-17 00:00:00+01:00,24.201779823595462,24.201779823595462,23.226615650361598,23.640321731567383,59603
2021-03-18 00:00:00+01:00,23.994927900496222,24.083580017089847,23.699423851206774,24.083580017089844,10836
2021-03-19 00:00:00+01:00,24.08357479701578,24.08357479701578,23.16751289367676,23.167512893676758,96228
2021-03-22 00:00:00+01:00,23.640319056480937,23.93582304468695,23.46301711446063,23.49256706237793,15168
2021-03-23 00:00:00+01:00,23.640322477921195,23.847174397796273,23.34481844694718,23.788074493408203,11661
2021-03-24 00:00:00+01:00,23.758525390567993,23.758525390567993,23.16751730749176,23.197067260742188,24744
2021-03-25 00:00:00+01:00,23.374366006066943,23.58122015928107,22.48785400390625,22.48785400390625,55026
2021-03-26 00:00:00+01:00,22.812906667348006,23.34481474045613,22.812906667348006,23.256162643432617,13343
2021-03-29 00:00:00+02:00,23.551673292657032,23.610775458904225,23.1675193573773,23.522123336791992,14467
2021-03-30 00:00:00+02:00,23.52212154051282,23.728975724805792,23.167517588177645,23.4334716796875,18757
2021-03-31 00:00:00+02:00,23.43346693129557,23.463016878916218,23.049310848677678,23.167512893676758,30025
2021-04-01 00:00:00+02:00,23.433471737570585,23.935827713705777,23.167517645403798,23.84717559814453,33505
2021-04-06 00:00:00+02:00,23.96537490274701,24.2313289642334,23.96537490274701,24.2313289642334,25573
2021-04-07 00:00:00+02:00,24.231330726311832,24.231330726311832,23.817624628861672,24.113128662109375,18397
2021-04-08 00:00:00+02:00,24.142676858899037,24.2313289642334,23.906275002201898,24.2313289642334,13316
2021-04-09 00:00:00+02:00,24.20177901396084,24.2313289642334,23.96537490274701,24.2313289642334,20421
2021-04-12 00:00:00+02:00,24.2313289642334,24.2313289642334,23.906275002201898,24.2313289642334,9945
2021-04-13 00:00:00+02:00,24.142676858899037,24.2313289642334,24.024477057808813,24.2313289642334,12615
2021-04-14 00:00:00+02:00,24.172229063688285,24.2313289642334,23.96537490274701,24.2313289642334,14487
2021-04-15 00:00:00+02:00,24.17222894749534,25.73839884957934,23.935824837417876,25.501996994018555,108662
2021-04-16 00:00:00+02:00,25.53155005237557,25.6201999135594,24.970091913476843,25.561100006103516,114714
2021-04-19 00:00:00+02:00,25.44289337799882,25.561095426248947,25.206491536015122,25.41334342956543,28278
2021-04-20 00:00:00+02:00,25.413344578436245,25.590646531568517,25.02918846788578,25.265592575073242,21820
2021-04-21 00:00:00+02:00,25.26559288394109,25.501996994018555,25.117840878771844,25.501996994018555,9944
2021-04-22 00:00:00+02:00,25.50199789589637,25.531547847071916,25.206493875107384,25.32469367980957,6559
2021-04-23 00:00:00+02:00,25.41334342956543,25.41334342956543,25.147389384631783,25.41334342956543,5125
2021-04-26 00:00:00+02:00,25.413344039430466,25.501996141374654,24.46773213976993,24.704133987426758,28808
2021-04-27 00:00:00+02:00,24.70413493214437,24.881436888296395,23.906275002201898,24.2313289642334,42631
2021-04-28 00:00:00+02:00,24.23132926899162,24.82233729994263,24.172229367703203,24.46773338317871,33209
2021-04-29 00:00:00+02:00,24.851887250586838,25.2951432738001,24.46773338317871,24.46773338317871,126650
2021-04-30 00:00:00+02:00,24.704134615317372,25.058740777590344,23.994924545288086,23.994924545288086,56590
2021-05-04 00:00:00+02:00,24.024477654037508,24.704135545240508,24.024477654037508,24.260879516601562,30898
2021-05-05 00:00:00+02:00,24.43818087065798,24.585932876537452,24.172229063688285,24.2313289642334,34344
2021-05-06 00:00:00+02:00,24.23133191608247,25.2064961754877,24.23133191608247,24.82234001159668,104189
2021-05-07 00:00:00+02:00,24.910992127730594,24.97009203547523,24.674587987718127,24.82234001159668,22937
2021-05-10 00:00:00+02:00,25.058746337890625,25.413350324330228,24.970094214022144,25.058746337890625,61940
2021-05-11 00:00:00+02:00,25.117840038971973,25.17693993725703,24.615484139999175,24.704133987426758,40338
2021-05-12 00:00:00+02:00,24.704137202744402,25.117843308134706,24.585935136273328,24.67458724975586,25270
2021-05-13 00:00:00+02:00,24.52683505221552,24.64503711782837,24.290430920989824,24.349533081054688,38358
2021-05-14 00:00:00+02:00,24.585934392103283,24.7927885657958,24.349532520833478,24.52683448791504,38356
2021-05-17 00:00:00+02:00,24.763236357000483,25.265592260370795,24.58593215156002,25.02918815612793,86544
2021-05-18 00:00:00+02:00,25.0587412178002,25.3542452309605,24.99963906245812,25.08829116821289,67186
2021-05-19 00:00:00+02:00,25.088293499852178,25.20649556700502,24.645037438916685,24.792789459228516,52255
2021-05-20 00:00:00+02:00,24.99964127561598,25.14739329527626,24.61548737720939,24.881439208984375,182237
2021-05-21 00:00:00+02:00,25.08829116821289,25.29514307561842,24.940539161632742,25.08829116821289,185542
2021-05-24 00:00:00+02:00,25.236041484448513,25.561095426248947,25.206491536015122,25.41334342956543,77812
2021-05-25 00:00:00+02:00,25.531546944149067,25.531546944149067,25.324692784202117,25.501996994018555,29610
2021-05-26 00:00:00+02:00,25.472443326432217,25.738397371365863,25.295141381315304,25.41334342956543,55994
2021-05-27 00:00:00+02:00,25.620199023539268,25.620199023539268,25.29514503479004,25.29514503479004,89263
2021-05-28 00:00:00+02:00,25.531545802167113,27.33411973370256,25.32469165147239,27.127267837524414,197777
2021-05-31 00:00:00+02:00,27.83647788027438,28.457038128074313,27.30457199511028,28.30928611755371,129527
2021-06-01 00:00:00+02:00,28.36838597303188,28.663889993584295,27.422774009070856,27.659175872802734,111754
2021-06-02 00:00:00+02:00,27.65917587280273,27.895579991051367,27.511423862526524,27.659175872802734,65974
2021-06-04 00:00:00+02:00,27.777377530271398,28.220633554690625,27.777377530271398,27.954679489135742,18625
2021-06-07 00:00:00+02:00,28.102433232114624,28.102433232114624,27.600077275234405,27.629627227783203,36799
2021-06-08 00:00:00+02:00,27.629628675428158,27.718280792236325,27.275024717229456,27.718280792236328,65632
2021-06-09 00:00:00+02:00,27.718280680059774,27.89558265844158,27.629628563610385,27.806930541992188,69212
2021-06-10 00:00:00+02:00,27.74782772984365,28.13198160037772,27.363671604792838,28.0728816986084,30202
2021-06-11 00:00:00+02:00,28.07288154655088,28.161533653241417,27.806927480996002,27.954679489135742,10651
2021-06-14 00:00:00+02:00,28.161536900603014,28.811644909576405,27.83648064159933,28.782094955444336,51250
2021-06-15 00:00:00+02:00,28.870745395611884,29.461753508148604,28.397939356485917,28.604793548583984,108581
2021-06-16 00:00:00+02:00,28.516135078033805,28.722986969539356,28.131978988647464,28.13197898864746,34727
2021-06-17 00:00:00+02:00,28.072880236709427,28.45703634175526,27.659174182317756,27.984228134155273,42614
2021-06-18 00:00:00+02:00,27.98423131339645,28.30928755667968,27.27502343045781,27.74782943725586,74206
2021-06-21 00:00:00+02:00,27.718277982522817,27.718277982522817,27.186369844625617,27.45232391357422,35736
2021-06-22 00:00:00+02:00,27.659175574513945,27.866029739379883,27.511423565831162,27.866029739379883,19789
2021-06-23 00:00:00+02:00,27.92512953841114,28.04333159582628,27.777377530271398,27.954679489135742,15379
2021-06-24 00:00:00+02:00,27.954679883684783,29.13669596548555,27.895579981401447,29.048046112060547,69841
2021-06-25 00:00:00+02:00,29.284450502131254,29.314000455822246,28.870744386906484,29.077598571777344,56901
2021-06-28 00:00:00+02:00,29.07759722602549,29.37310125829299,28.604791225300858,28.90029525756836,42558
2021-06-29 00:00:00+02:00,28.959397236506142,28.959397236506142,28.16153719404186,28.368389129638672,51412
2021-06-30 00:00:00+02:00,28.368385559209152,28.368385559209152,26.80221337132112,27.00906753540039,109609
2021-07-01 00:00:00+02:00,26.65446411233694,27.600078414551103,26.65446411233694,27.2750244140625,62646
2021-07-02 00:00:00+02:00,27.304574966430664,27.866033118410925,27.186372894247924,27.304574966430664,64766
2021-07-05 00:00:00+02:00,27.481873223644044,28.191083306125293,27.481873223644044,28.16153335571289,29661
2021-07-06 00:00:00+02:00,28.250185249375498,28.2797352019243,27.481875210522333,27.629627227783203,31771
2021-07-07 00:00:00+02:00,27.54097655861999,27.92513272543274,27.54097655861999,27.718280792236328,12887
2021-07-08 00:00:00+02:00,27.777380420315648,27.895582490028897,27.304574395979625,27.481876373291016,35279
2021-07-09 00:00:00+02:00,27.48187665042587,27.718280792236325,27.48187665042587,27.718280792236328,12350
2021-07-12 00:00:00+02:00,27.98422918337781,27.98422918337781,27.156819298088713,27.422773361206055,28724
2021-07-13 00:00:00+02:00,27.393222398202088,27.718278631481226,27.33412249461505,27.6887264251709,34062
2021-07-14 00:00:00+02:00,27.629628536712378,27.777380560972873,27.540976420349292,27.600078582763672,19936
2021-07-15 00:00:00+02:00,27.60007384567871,27.60007384567871,27.186367797851563,27.33411979675293,26128
2021-07-16 00:00:00+02:00,27.393220792931654,27.452322947572053,26.920414828391824,26.979516983032227,25113
2021-07-19 00:00:00+02:00,26.97951977099486,27.156821744204432,26.24075967052421,26.59536361694336,69965
2021-07-20 00:00:00+02:00,26.506709002055313,27.15681918183887,26.00435308294153,26.565811157226562,33264
2021-07-21 00:00:00+02:00,26.38850896372827,26.979516983032223,26.38850896372827,26.979516983032227,37408
2021-07-22 00:00:00+02:00,26.949967880211666,27.60007812897929,26.86131801982308,27.038619995117188,18939
2021-07-23 00:00:00+02:00,27.18636979600832,27.304571854720404,26.56581180591583,26.802213668823242,19030
2021-07-26 00:00:00+02:00,26.97951667087998,27.06816652003989,26.35895645417735,26.743112564086914,22089
2021-07-27 00:00:00+02:00,26.743113113706915,26.743113113706915,26.38850920074621,26.565811157226562,18542
2021-07-28 00:00:00+02:00,26.56581394599108,26.831768035888672,26.53626399256178,26.831768035888672,16120
2021-07-29 00:00:00+02:00,27.009070041654322,27.186372016948425,26.949967880211666,27.038619995117188,11676
2021-07-30 00:00:00+02:00,27.038617178954695,27.06816712933983,26.772663116455078,26.772663116455078,16030
2021-08-02 00:00:00+02:00,27.12726959280044,27.30457155164215,27.00906753540039,27.00906753540039,12972
2021-08-03 00:00:00+02:00,27.15682399500058,27.304576027340605,27.068171873789723,27.245473861694336,17598
2021-08-04 00:00:00+02:00,27.45232168594409,27.481871634647923,27.18636763857644,27.215917587280273,10565
2021-08-05 00:00:00+02:00,27.186373950565166,27.36367593846978,27.127274039435992,27.245473861694336,15405
2021-08-06 00:00:00+02:00,27.245469149450024,27.481873262113595,27.245469149450024,27.422773361206055,25252
2021-08-09 00:00:00+02:00,27.54097385923318,28.33883606875448,27.481873956831645,28.30928611755371,29920
2021-08-10 00:00:00+02:00,28.338834000469472,28.368383949513564,27.718276052477183,28.191082000732422,30571
2021-08-11 00:00:00+02:00,28.191080861458598,28.33883285522461,28.13197871124229,28.33883285522461,15844
2021-08-12 00:00:00+02:00,28.30928274330437,28.486584683892705,28.220630645751953,28.220630645751953,19245
2021-08-13 00:00:00+02:00,28.22063475451335,28.663890797777956,28.191084802532405,28.45703887939453,18454
2021-08-16 00:00:00+02:00,28.42748860502286,28.870744678414173,28.36838869704414,28.66389274597168,23266
2021-08-17 00:00:00+02:00,28.604793135274576,28.604793135274576,28.220636965869552,28.250186920166016,27036
2021-08-18 00:00:00+02:00,28.36838280307451,28.427482698774316,28.13197871124229,28.33883285522461,13610
2021-08-19 00:00:00+02:00,28.19108609994734,28.27973595997003,27.68872787508441,27.777379989624023,32902
2021-08-20 00:00:00+02:00,27.481875737508137,27.481875737508137,26.38851169061834,26.59536361694336,132018
2021-08-23 00:00:00+02:00,26.89086557526019,26.89086557526019,26.418059598466655,26.47715950012207,51608
2021-08-24 00:00:00+02:00,26.536264716598936,26.772666605000474,25.64975256242993,26.12255859375,68294
2021-08-25 00:00:00+02:00,26.29985655473741,26.743112564086918,26.15210455162091,26.743112564086914,34225
2021-08-26 00:00:00+02:00,26.743113566604915,26.831765673604774,26.418059598466655,26.47715950012207,27388
2021-08-27 00:00:00+02:00,26.565813663827914,26.654463523174247,26.477161549964674,26.59536361694336,25981
2021-08-30 00:00:00+02:00,26.595361756964664,26.979517884149743,26.595361756964664,26.802213668823242,75587
2021-08-31 00:00:00+02:00,26.80221163707793,27.39321963132015,26.654459638517377,27.127267837524414,53983
2021-09-01 00:00:00+02:00,27.186367735142007,27.39321963132015,26.890863738020897,27.127267837524414,74735
2021-09-02 00:00:00+02:00,27.186372016948425,27.39322394570539,26.920417926748804,27.038619995117188,27569
2021-09-03 00:00:00+02:00,27.03861688315595,27.245468788105665,26.74311287350397,26.979516983032227,26903
2021-09-06 00:00:00+02:00,26.979519111680325,27.659177034793974,26.979519111680325,27.511425018310547,53913
2021-09-07 00:00:00+02:00,27.65917572180912,27.98422969173893,27.48187376134893,27.540973663330078,72210
2021-09-08 00:00:00+02:00,27.86602692607667,28.33883285522461,27.215916800796307,28.33883285522461,87421
2021-09-09 00:00:00+02:00,28.36838899186887,28.427488900461796,27.984232822463845,28.250186920166016,65784
2021-09-10 00:00:00+02:00,27.984229542712725,28.368385667094657,27.77737763236352,27.866029739379883,33093
2021-09-13 00:00:00+02:00,28.191082996592513,28.191082996592513,27.80692688189909,27.925128936767578,44233
2021-09-14 00:00:00+02:00,27.955451965332035,28.319298727139778,27.89481199499737,27.95545196533203,34335
2021-09-15 00:00:00+02:00,28.046411848178497,28.19801407438487,28.016091865590504,28.167694091796875,23120
2021-09-16 00:00:00+02:00,28.167692951942097,28.198012933303144,27.834168530438006,28.137372970581055,13834
2021-09-17 00:00:00+02:00,28.13737297058105,28.13737297058105,27.92512847452114,28.137372970581055,25171
2021-09-20 00:00:00+02:00,27.925128461255788,27.925128461255788,26.6819907199131,26.98519515991211,77801
2021-09-21 00:00:00+02:00,26.985196298501993,27.28840075129415,26.803274089479977,27.01551628112793,31923
2021-09-22 00:00:00+02:00,27.22775982755235,27.591604232788086,27.22775982755235,27.591604232788086,30680
2021-09-23 00:00:00+02:00,27.65224385565281,27.743206112475637,27.258079473708555,27.470321655273438,33164
2021-09-24 00:00:00+02:00,27.591603949056015,27.71288618730952,27.258079528808597,27.258079528808594,32884
2021-09-27 00:00:00+02:00,27.318719436079583,27.53096393091075,27.318719436079583,27.470321655273438,16119
2021-09-28 00:00:00+02:00,27.47032633369944,27.47032633369944,27.015519598660486,27.227764129638672,16484
2021-09-29 00:00:00+02:00,26.985199612311227,27.227764129638672,26.954879625961965,27.227764129638672,17878
2021-09-30 00:00:00+02:00,27.22775949252304,27.47032165527344,27.16711721688573,27.470321655273438,23560
2021-10-01 00:00:00+02:00,27.349040418031983,28.228333784185054,27.258080471147,27.834169387817383,33608
2021-10-04 00:00:00+02:00,27.834167517941825,29.4714695845427,27.834167517941825,29.1379451751709,128296
2021-10-05 00:00:00+02:00,28.895385933161084,29.441152572631836,28.86506363657956,29.441152572631836,55428
2021-10-06 00:00:00+02:00,29.441154781920822,30.92685720851249,28.743785860277082,30.441730499267578,158505
2021-10-07 00:00:00+02:00,31.048138225648355,31.351342695990102,30.017242563833104,30.6236515045166,65259
2021-10-08 00:00:00+02:00,30.32044703417485,31.108778194410093,30.290127049793984,30.6236515045166,59113
2021-10-11 00:00:00+02:00,30.92685574255158,31.351342460494806,30.744933524366346,31.16942024230957,41779
2021-10-12 00:00:00+02:00,31.04814214954657,31.53326890075091,30.866219907003295,31.230064392089844,53723
2021-10-13 00:00:00+02:00,31.53326363454452,31.83646809256899,30.50236801460805,30.866214752197266,77858
2021-10-14 00:00:00+02:00,30.684294450223838,31.59390794949846,30.684294450223838,31.533267974853516,36352
2021-10-15 00:00:00+02:00,31.654544006553536,31.897106170654297,31.29069729050295,31.897106170654297,39228
2021-10-18 00:00:00+02:00,31.836468057894923,33.10992585490415,31.65454584593167,33.049285888671875,58797
2021-10-19 00:00:00+02:00,33.10992531673812,33.35248980425746,31.957749784187246,32.38223648071289,34946
2021-10-20 00:00:00+02:00,32.382237397093036,32.503517331018394,31.472624013054087,32.01839065551758,28185
2021-10-21 00:00:00+02:00,31.83646603165386,33.23120598562544,31.654543831269095,32.442874908447266,188474
2021-10-22 00:00:00+02:00,32.746084317294034,33.6556977705522,32.50351980445187,33.35249328613281,76079
2021-10-25 00:00:00+02:00,33.53441484708683,34.86851501464844,33.473774876715815,34.86851501464844,93699
2021-10-26 00:00:00+02:00,34.80787280952938,34.80787280952938,33.95889939924176,34.747230529785156,38353
2021-10-27 00:00:00+02:00,34.74723207121863,34.74723207121863,34.01954087487167,34.68659210205078,45472
2021-10-28 00:00:00+02:00,34.56530897163234,34.98979568481445,34.262104506968896,34.98979568481445,27145
2021-10-29 00:00:00+02:00,35.050437884922644,37.41543378523875,35.050437884922644,35.111080169677734,240321
2021-11-02 00:00:00+01:00,36.020688889961264,37.6579910377416,35.53555992871312,37.59735107421875,163773
2021-11-03 00:00:00+01:00,37.83991845615797,37.90055842433029,35.71748718439547,36.141971588134766,109743
2021-11-04 00:00:00+01:00,36.08133020081274,38.26440135488308,36.08133020081274,37.96119689941406,217796
2021-11-05 00:00:00+01:00,37.96119262425433,38.14311712766067,36.68773498000683,36.748374938964844,78321
2021-11-08 00:00:00+01:00,37.11222288133442,37.718631744384766,37.11222288133442,37.718631744384766,37875
2021-11-09 00:00:00+01:00,37.7186350711878,37.83991731714827,36.68773945042344,36.990943908691406,34289
2021-11-10 00:00:00+01:00,37.29414996089621,37.53671446318427,36.384536547215816,36.86966323852539,38837
2021-11-12 00:00:00+01:00,36.445173075885,36.8090197949715,35.83876419067383,35.83876419067383,35622
2021-11-15 00:00:00+01:00,35.778127604762226,37.415432212040244,34.56530971985503,36.86966323852539,55710
2021-11-16 00:00:00+01:00,36.99094703849092,37.29415152241298,36.56646029834672,36.809024810791016,24686
2021-11-17 00:00:00+01:00,36.56645737996814,36.93030411959589,36.202612953606845,36.50581741333008,12826
2021-11-18 00:00:00+01:00,36.38453307816101,36.38453307816101,34.86851086657097,35.89940643310547,58267
2021-11-19 00:00:00+01:00,35.778126643254204,36.081331106332634,34.68659103882517,35.47492218017578,70663
2021-11-22 00:00:00+01:00,35.5355639658894,36.62710193944044,33.65569712391434,36.56645965576172,112749
2021-11-23 00:00:00+01:00,36.74838052292405,36.74838052292405,35.7781271525678,36.141971588134766,12972
2021-11-24 00:00:00+01:00,36.38453631798871,37.536714226698294,36.20261409905207,37.41543197631836,50188
2021-11-25 00:00:00+01:00,37.23350840061235,37.29414836695937,36.990943908691406,36.990943908691406,11663
2021-11-26 00:00:00+01:00,36.68774022427643,36.68774022427643,34.98979568481445,34.98979568481445,65627
2021-11-29 00:00:00+01:00,35.111075345731905,35.89940643310547,34.080179779197415,35.89940643310547,56199
2021-11-30 00:00:00+01:00,34.56530897163234,35.71748686266001,34.56530897163234,34.98979568481445,105519
2021-12-01 00:00:00+01:00,35.47492283495858,36.56645845953477,34.98979614773211,35.71748733520508,42592
2021-12-02 00:00:00+01:00,35.535562147484875,35.96004885844797,34.92915322132802,35.47492218017578,22818
2021-12-03 00:00:00+01:00,35.535560607910156,36.26325175042452,35.050433950656036,35.535560607910156,17281
2021-12-06 00:00:00+01:00,35.96005244604041,36.20261696600944,35.23236119940001,36.020694732666016,17912
2021-12-07 00:00:00+01:00,35.89940889113887,36.44517553672015,35.47492218017578,35.47492218017578,20867
2021-12-08 00:00:00+01:00,35.656845287826556,36.20261426033439,34.86851412674476,35.17171859741211,29022
2021-12-09 00:00:00+01:00,34.92914973002361,35.353636398557605,34.08017870622186,34.50466537475586,32184
2021-12-10 00:00:00+01:00,34.38338422151542,35.89940643310547,34.262101981934954,35.89940643310547,44700
2021-12-13 00:00:00+01:00,35.7781271525678,36.384536087357084,35.59620493478431,36.141971588134766,45938
2021-12-14 00:00:00+01:00,35.17171949303668,35.89941070382179,34.686592790268804,34.86851501464844,65307
2021-12-15 00:00:00+01:00,34.868509768775716,35.11107424029978,34.14081866746976,34.50466537475586,27125
2021-12-16 00:00:00+01:00,34.50466748809202,35.171716355739136,34.50466748809202,35.05043411254883,29135
2021-12-17 00:00:00+01:00,34.68658918638089,34.98979363326662,34.3227424621582,34.3227424621582,55193
2021-12-20 00:00:00+01:00,33.95890090570382,34.74723207121863,32.26095632307194,34.68659210205078,47218
2021-12-21 00:00:00+01:00,34.56530794046693,35.77812576293945,34.56530794046693,35.77812576293945,24380
2021-12-22 00:00:00+01:00,35.535562803386945,36.0813317723083,35.35364058483533,35.71748733520508,20700
2021-12-23 00:00:00+01:00,35.89940917827184,37.17286700808009,35.89940917827184,36.687740325927734,59699
2021-12-27 00:00:00+01:00,36.687743692680804,36.687743692680804,35.8994124726815,36.020694732666016,29654
2021-12-28 00:00:00+01:00,36.44517605552941,36.44517605552941,35.960049370351285,36.141971588134766,27037
2021-12-29 00:00:00+01:00,35.89940713938646,36.14196931005322,35.656842655453346,36.081329345703125,18393
2021-12-30 00:00:00+01:00,35.89940800783999,35.96004797365705,35.535561273138384,35.77812576293945,10535
2022-01-03 00:00:00+01:00,35.89940815373737,37.59735264944617,35.89940815373737,37.476070404052734,53681
2022-01-04 00:00:00+01:00,37.476071101806305,38.749531232247826,37.476071101806305,37.65799331665039,75288
2022-01-05 00:00:00+01:00,37.65799085314168,38.20375977523731,37.233506484029874,38.14311981201172,16246
2022-01-07 00:00:00+01:00,38.08248182761463,38.87081300472801,37.597355127334595,38.81017303466797,23032
2022-01-10 00:00:00+01:00,39.113374544879576,39.113374544879576,37.71863451988599,38.50696563720703,44279
2022-01-11 00:00:00+01:00,38.62824876214602,39.416579897441565,38.143122087600034,38.20376205444336,87697
2022-01-12 00:00:00+01:00,38.567605602667726,39.05273457941888,38.264401148831446,38.50696563720703,41585
2022-01-13 00:00:00+01:00,38.50696563720703,38.810170091043304,38.08247893918296,38.50696563720703,29397
2022-01-14 00:00:00+01:00,38.50696563720703,38.810170091043304,37.961196694995174,38.50696563720703,54053
2022-01-17 00:00:00+01:00,38.26440405106132,39.23465745162139,38.26440405106132,38.81017303466797,55200
2022-01-18 00:00:00+01:00,38.81017097594246,39.052735469848685,37.96119756053714,38.20376205444336,26035
2022-01-19 00:00:00+01:00,37.90055741816025,38.74953082963361,37.1122262865158,38.68888854980469,49189
2022-01-20 00:00:00+01:00,38.628245626560194,38.628245626560194,37.900554517177135,38.38568115234375,16445
2022-01-21 00:00:00+01:00,38.50696584456485,38.50696584456485,37.59735247815781,37.96119689941406,108190
2022-01-24 00:00:00+01:00,37.65799388453266,38.08248060108109,35.17171817988208,36.202613830566406,82839
2022-01-25 00:00:00+01:00,35.960048497495755,36.99094412426799,35.59620407076036,36.44517517089844,38237
2022-01-26 00:00:00+01:00,36.38453482204468,37.7186348948396,36.32389485598117,37.476070404052734,45131
2022-01-27 00:00:00+01:00,36.687739750695606,38.20376205444336,36.62709978385228,38.20376205444336,37796
2022-01-28 00:00:00+01:00,38.082477722200565,38.082477722200565,37.23350666654897,37.59735107421875,26137
2022-01-31 00:00:00+01:00,37.96119529580229,38.506964217897924,37.839915369351104,38.14311981201172,24909
2022-02-01 00:00:00+01:00,38.506968557834625,39.17401748156135,38.325046334387935,38.81017303466797,47559
2022-02-02 00:00:00+01:00,38.931450650471916,41.235806387442125,38.81017071759259,40.93260192871094,102439
2022-02-03 00:00:00+01:00,40.75067740285907,41.35708632032145,40.32619301124855,40.93260192871094,35002
2022-02-04 00:00:00+01:00,40.99323961240504,41.175164128126276,39.78042184501712,40.8719596862793,33857
2022-02-07 00:00:00+01:00,41.23580551147461,41.53900996376487,40.204912224300855,41.23580551147461,25724
2022-02-08 00:00:00+01:00,41.4783729394846,42.14542185651125,40.811324022457946,41.53901290893555,44741
2022-02-09 00:00:00+01:00,41.53901197491788,41.96349637806296,40.0836296081543,40.0836296081543,52606
2022-02-10 00:00:00+01:00,40.265550869573346,41.053879643767424,39.96234642722194,40.750675201416016,24845
2022-02-11 00:00:00+01:00,40.93260139597234,40.93260139597234,39.65914361118199,40.26555252075195,19605
2022-02-14 00:00:00+01:00,39.598506525047924,39.598506525047924,36.38453722000122,38.81017303466797,81583
2022-02-15 00:00:00+01:00,38.56761202529043,40.32619907570299,38.56761202529043,39.3559455871582,55539
2022-02-16 00:00:00+01:00,39.23465187464429,40.26554972526143,39.17401191320387,39.41657638549805,43161
2022-02-17 00:00:00+01:00,40.32619194387383,41.59964971153171,39.5378585214256,39.59850311279297,114102
2022-02-18 00:00:00+01:00,39.59850364553156,40.75067687248823,39.59850364553156,40.26555252075195,41047
2022-02-21 00:00:00+01:00,39.841066405288075,40.44747535895476,38.26440405106132,38.81017303466797,60070
2022-02-22 00:00:00+01:00,37.77927297905187,39.295297501054335,37.1728640955574,38.567604064941406,67391
2022-02-23 00:00:00+01:00,38.992094613958194,40.1442678373098,38.20376118337075,38.50696563720703,63406
2022-02-24 00:00:00+01:00,35.8387652492571,36.627098673929986,32.13967186551394,32.80672073364258,240616
2022-02-25 00:00:00+01:00,34.686588521124946,36.627097406629765,33.95889739990235,36.3845329284668,105198
2022-02-28 00:00:00+01:00,34.92915256774155,36.14197039736128,34.92915256774155,35.232357025146484,104788
2022-03-01 00:00:00+01:00,35.29299643730971,36.02068753861567,33.95889647045983,34.50466537475586,110841
2022-03-02 00:00:00+01:00,34.565308790940506,35.596204428060446,33.59505543439613,35.47492218017578,41518
2022-03-03 00:00:00+01:00,35.47491863431964,35.778123067091606,34.50466537475586,34.50466537475586,89053
2022-03-04 00:00:00+01:00,34.262103719448824,34.3227436856811,31.957750303625904,33.049285888671875,163035
2022-03-07 00:00:00+01:00,32.68544146474536,33.170568134402856,30.32044576942374,33.049285888671875,138953
2022-03-08 00:00:00+01:00,32.80672034589522,34.86851151745105,32.7460803816062,33.898258209228516,117627
2022-03-09 00:00:00+01:00,34.201460941983896,35.23235416279557,33.837614234697796,34.50466537475586,99475
2022-03-10 00:00:00+01:00,34.56531122381037,34.98979796465084,33.10992877329065,33.35249328613281,62974
2022-03-11 00:00:00+01:00,33.473775542553895,34.38338899581206,33.170571058134506,33.35249328613281,96195
2022-03-14 00:00:00+01:00,33.95890225497159,34.26210673939098,33.170571058134506,33.35249328613281,54464
2022-03-15 00:00:00+01:00,33.53441024447239,33.837614681245675,32.62479693415252,32.988643646240234,64479
2022-03-16 00:00:00+01:00,34.86851086657097,36.020688672685935,34.262101981934954,35.89940643310547,207965
2022-03-17 00:00:00+01:00,36.384535166787494,37.41543079249976,36.32389520014943,36.50581741333008,119705
2022-03-18 00:00:00+01:00,36.86966323852539,37.29414996089621,36.081332075989025,36.86966323852539,135247
2022-03-21 00:00:00+01:00,36.93030394234439,37.23350840061235,36.26325274619501,36.990943908691406,43938
2022-03-22 00:00:00+01:00,36.93030706701316,37.11222929471307,36.50582032686896,36.809024810791016,20935
2022-03-23 00:00:00+01:00,37.112221632511385,37.29414382265158,36.50581278986664,36.748374938964844,28560
2022-03-24 00:00:00+01:00,37.112224426236935,37.6579910377416,36.62709777825512,37.59735107421875,60069
2022-03-25 00:00:00+01:00,37.65799416381171,37.65799416381171,36.44517628654542,37.41543197631836,38612
2022-03-28 00:00:00+02:00,37.597353132944264,38.325044301396474,37.53671316610093,38.20376205444336,45998
2022-03-29 00:00:00+02:00,38.38568084814716,39.719780819232646,37.71863201923754,39.41657638549805,80680
2022-03-30 00:00:00+02:00,39.65914085779223,40.14426517584809,38.81016751802885,39.41657638549805,84017
2022-03-31 00:00:00+02:00,39.23465745162139,39.78042643522804,38.62825081122128,38.81017303466797,21605
2022-04-01 00:00:00+02:00,39.17401437769094,39.9017078403536,38.93144989013672,38.93144989013672,44342
2022-04-04 00:00:00+02:00,38.99209668008383,39.53786102468202,38.99209668008383,39.11337661743164,16764
2022-04-05 00:00:00+02:00,39.41658556271721,39.598510115927795,39.05274108282961,39.3559455871582,20603
2022-04-06 00:00:00+02:00,39.41657655609599,39.537856479501734,38.50696325095531,38.87080764770508,68390
2022-04-07 00:00:00+02:00,38.81017030003387,38.81017030003387,37.96119689941406,37.96119689941406,25722
2022-04-08 00:00:00+02:00,38.08247980749025,38.62824876214602,37.65799309978759,38.20376205444336,22613
2022-04-11 00:00:00+02:00,38.20376205444336,38.74953100909914,37.71863537989737,38.20376205444336,35813
2022-04-12 00:00:00+02:00,38.32504452210065,38.50696673694473,37.65799331665039,37.65799331665039,19417
2022-04-13 00:00:00+02:00,38.203763133888145,38.26440310244485,37.35478969449513,37.41543197631836,17939
2022-04-14 00:00:00+02:00,37.41542747819027,37.96119406938746,36.748376337927596,37.1728630065918,26173
2022-04-19 00:00:00+02:00,37.35479058684246,37.597355093396814,36.26325493388103,37.11222839355469,34610
2022-04-20 00:00:00+02:00,36.990941810607914,37.476068453667544,36.263250689385316,36.3845329284668,43660
2022-04-21 00:00:00+02:00,36.384535166787494,37.35478851259525,36.384535166787494,36.50581741333008,22981
2022-04-22 00:00:00+02:00,36.990944982289776,36.990944982289776,35.96004933160545,36.202613830566406,26152
2022-04-25 00:00:00+02:00,35.778130777097566,36.08133527520856,34.08018605032933,34.92915725708008,97850
2022-04-26 00:00:00+02:00,35.292998242820026,36.081329345703125,35.0504337588869,36.081329345703125,32917
2022-04-27 00:00:00+02:00,35.596205975543924,35.77812819864644,34.9291547398126,35.414283752441406,33729
2022-04-28 00:00:00+02:00,35.53556284251664,35.960049561782164,35.293000655269566,35.65684509277344,48475
2022-04-29 00:00:00+02:00,35.35364039746955,36.202613830566406,35.35364039746955,36.202613830566406,47399
2022-05-02 00:00:00+02:00,36.20261562930458,36.20261562930458,35.414284438412736,35.59620666503906,57119
2022-05-04 00:00:00+02:00,35.778127781271806,35.778127781271806,34.62594985961914,34.62594985961914,22366
2022-05-05 00:00:00+02:00,35.474921876350336,35.77812633683196,33.958899573942205,34.26210403442383,50086
2022-05-06 00:00:00+02:00,34.26210107122149,34.26210107122149,33.35248776844569,33.95889663696289,52882
2022-05-09 00:00:00+02:00,34.2621024980876,35.35363804422296,34.08018029260943,34.3227424621582,38107
2022-05-10 00:00:00+02:00,34.74723502086683,35.17172178087557,34.56531278465358,34.92915725708008,54678
2022-05-11 00:00:00+02:00,34.929152922176826,35.171717415868706,34.08018182078814,34.26210403442383,70994
2022-05-12 00:00:00+02:00,34.01954196998875,35.59620666503906,33.837619743362424,35.59620666503906,120265
2022-05-13 00:00:00+02:00,35.65684351803892,36.02069025274053,35.05043460680266,35.77812576293945,24176
2022-05-16 00:00:00+02:00,35.77812593626402,36.687739307524964,35.05043477660197,35.292999267578125,46308
2022-05-17 00:00:00+02:00,35.414281341504264,36.14197018437465,35.232356817520255,35.77812576293945,25019
2022-05-18 00:00:00+02:00,36.2026133542173,36.869662247683245,35.35363993229112,35.47492218017578,43469
2022-05-19 00:00:00+02:00,35.23235837350791,35.77812734303023,34.92915390449918,35.65684509277344,17253
2022-05-20 00:00:00+02:00,35.77812597378193,36.20261267680212,35.17171705897207,35.232357025146484,22626
2022-05-23 00:00:00+02:00,35.53555956816272,36.56645513045587,35.53555956816272,36.3845329284668,28151
2022-05-24 00:00:00+02:00,36.38453833008499,36.44517830199514,35.83876932982706,36.26325607299805,29150
2022-05-25 00:00:00+02:00,36.384536281047694,36.384536281047694,35.53556284251664,35.65684509277344,17029
2022-05-26 00:00:00+02:00,36.02069025274053,36.02069025274053,35.65684351803892,35.77812576293945,5869
2022-05-27 00:00:00+02:00,35.77812628412806,36.44517517089844,35.77812628412806,36.44517517089844,13340
2022-05-30 00:00:00+02:00,36.50581838257518,37.90055847167969,36.44517610106059,37.90055847167969,36255
2022-05-31 00:00:00+02:00,37.90055759369381,38.44632654834958,37.35478863903804,38.20376205444336,38900
2022-06-01 00:00:00+02:00,37.9005553325767,38.20375977523731,37.718633129633595,38.14311981201172,38189
2022-06-02 00:00:00+02:00,37.71863350487504,38.143120191476136,37.05158233642578,37.05158233642578,38035
2022-06-03 00:00:00+02:00,37.83991255830951,37.83991255830951,36.627094877764534,37.29414367675781,46605
2022-06-06 00:00:00+02:00,37.051584391659134,37.77927556430193,37.051584391659134,37.65799331665039,17745
2022-06-07 00:00:00+02:00,37.59735261248827,37.59735261248827,36.99094369938362,37.536712646484375,15463
2022-06-08 00:00:00+02:00,37.47607079767067,37.47607079767067,36.38453520419802,36.44517517089844,29143
2022-06-09 00:00:00+02:00,36.38453348124286,37.23350685444507,36.38453348124286,37.05158233642578,13903
2022-06-10 00:00:00+02:00,37.05158405287202,37.05158405287202,36.384535166787494,36.50581741333008,38086
2022-06-13 00:00:00+02:00,36.687742338063664,36.687742338063664,35.17171992739988,35.59620666503906,52131
2022-06-14 00:00:00+02:00,35.23235814798907,36.202613830566406,35.17171817988208,36.202613830566406,18887
2022-06-15 00:00:00+02:00,36.2026161010879,36.26325607299805,35.656847100829964,36.26325607299805,15088
2022-06-17 00:00:00+02:00,36.08133181203896,36.62710078156128,35.4749228740215,35.65684509277344,44042
2022-06-20 00:00:00+02:00,36.08132848739624,37.112224049689395,35.89940628540717,36.3845329284668,41148
2022-06-21 00:00:00+02:00,36.93030222240204,37.59735107421875,36.80901998209001,37.59735107421875,25729
2022-06-22 00:00:00+02:00,37.53671512339151,37.597355093396814,36.99094614027751,37.11222839355469,15556
2022-06-23 00:00:00+02:00,37.354789929834965,37.354789929834965,36.384536547215816,36.86966323852539,40658
2022-06-24 00:00:00+02:00,36.869661490351994,37.476070404052734,36.869661490351994,37.476070404052734,27097
2022-06-27 00:00:00+02:00,37.53671111069589,37.83991555484282,37.05158214944775,37.59735107421875,38395
2022-06-28 00:00:00+02:00,37.47606781200253,38.74952783065448,37.35478557499764,38.44632339477539,103126
2022-06-29 00:00:00+02:00,38.44632567174634,38.688887846855515,37.961196694995174,38.50696563720703,77088
2022-06-30 00:00:00+02:00,38.155269613907166,38.28798410143659,36.89448577935509,37.29262924194336,89617
2022-07-01 00:00:00+02:00,37.29262755048342,37.62441248859925,36.62905767425175,36.76177215576172,19558
2022-07-04 00:00:00+02:00,36.76178051704136,36.76178051704136,34.30657091029563,34.7047119140625,48639
2022-07-05 00:00:00+02:00,35.10285340897315,35.43463840326848,33.31121393351465,33.510284423828125,30339
2022-07-06 00:00:00+02:00,33.37756779207615,34.43928122492973,33.112141332351605,33.178497314453125,42134
2022-07-07 00:00:00+02:00,33.3775680234109,34.43928146362305,33.3775680234109,34.43928146362305,28738
2022-07-08 00:00:00+02:00,33.974783082914655,35.43463752801884,33.974783082914655,35.16920852661133,28579
2022-07-11 00:00:00+02:00,34.70471084808418,36.16456536925357,34.43928436416528,36.098209381103516,43506
2022-07-12 00:00:00+02:00,35.500990834149505,36.09820477659713,35.36827634345911,35.899131774902344,30618
2022-07-13 00:00:00+02:00,36.16455959524689,36.89448547363281,35.500989694416674,36.89448547363281,37395
2022-07-14 00:00:00+02:00,36.76177774489541,37.757132710573245,36.69541922839241,37.55805969238281,141171
2022-07-15 00:00:00+02:00,37.69077135958105,37.956200342994634,37.159915924072266,37.159915924072266,57784
2022-07-18 00:00:00+02:00,37.159918976364686,38.3543444371984,37.093562990720045,37.95620346069336,29329
2022-07-19 00:00:00+02:00,38.088916327738396,38.088916327738396,37.22627336348893,37.42534637451172,9654
2022-07-20 00:00:00+02:00,37.558057838091564,37.75713084645349,37.15991688400461,37.62441635131836,24780
2022-07-21 00:00:00+02:00,37.62441635131836,38.022557305405314,36.69541741669086,37.62441635131836,40713
2022-07-22 00:00:00+02:00,37.624413704549056,37.8234841675885,37.027199784112454,37.49169921875,22530
2022-07-25 00:00:00+02:00,37.027207030408185,38.08892059326172,36.960851040181794,38.08892059326172,30654
2022-07-26 00:00:00+02:00,38.155274624586845,38.155274624586845,37.35899012615783,38.022560119628906,22937
2022-07-27 00:00:00+02:00,38.022556802535654,38.022556802535654,37.2262723735746,37.823486328125,22465
2022-07-28 00:00:00+02:00,37.88984561467096,38.08891863776719,37.69077512289336,38.022560119628906,21111
2022-07-29 00:00:00+02:00,37.956205936611966,39.0179169640942,37.75713543537389,38.951560974121094,41738
2022-08-01 00:00:00+02:00,38.8851988792619,39.41605687553569,38.22162891523819,38.35434341430664,16680
2022-08-02 00:00:00+02:00,38.75248617788095,39.283341632786474,38.28798670559417,39.15062713623047,27474
2022-08-03 00:00:00+02:00,39.15062735795578,40.41141128540039,39.15062735795578,40.41141128540039,47046
2022-08-04 00:00:00+02:00,40.477765315721015,40.67683578641991,39.4824104309082,39.4824104309082,57805
2022-08-05 00:00:00+02:00,39.54876809458,39.88055307031077,38.818842160499706,39.15062713623047,13565
2022-08-08 00:00:00+02:00,39.0842727603369,40.14598371379411,38.88519974165992,39.68148422241211,166406
2022-08-09 00:00:00+02:00,39.54876955681419,40.34505403427271,39.28334308520707,39.41605758666992,15418
2022-08-10 00:00:00+02:00,39.416060353958166,39.81420135498047,39.15063133239746,39.81420135498047,6497
2022-08-11 00:00:00+02:00,39.814198559739886,39.814198559739886,39.41605758666992,39.41605758666992,115309
2022-08-12 00:00:00+02:00,39.416060353958166,39.88055734471127,39.349701832908615,39.81420135498047,10797
2022-08-16 00:00:00+02:00,39.81420083388144,40.145985840830456,39.41605983807012,40.01327133178711,14998
2022-08-17 00:00:00+02:00,40.07963037654117,40.14598636627197,39.48241634368896,39.81420135498047,30366
2022-08-18 00:00:00+02:00,40.013267056027004,40.013267056027004,39.2833411312655,39.34969711303711,5948
2022-08-19 00:00:00+02:00,39.681483275463314,39.681483275463314,38.686128331105614,39.216983795166016,10108
2022-08-22 00:00:00+02:00,39.216985073231456,39.416058093645525,37.757133132319005,38.22163009643555,12418
2022-08-23 00:00:00+02:00,38.1552765834881,38.619776109029104,37.95620608149018,38.08892059326172,5987
2022-08-24 00:00:00+02:00,37.82348705036733,37.82348705036733,36.76177614569143,37.02720260620117,13798
2022-08-25 00:00:00+02:00,37.425347981580444,38.3543444371984,37.159918976364686,37.95620346069336,11756
2022-08-26 00:00:00+02:00,38.022556533154535,38.022556533154535,36.56270217895508,36.56270217895508,12452
2022-08-29 00:00:00+02:00,36.5627036922541,36.5627036922541,35.368278273497715,35.965492248535156,26906
2022-08-30 00:00:00+02:00,37.42534747991873,39.017913895910205,36.761777507092646,38.1552734375,52857
2022-08-31 00:00:00+02:00,37.5580596288272,39.48241357174206,37.5580596288272,39.41605758666992,36580
2022-09-01 00:00:00+02:00,39.48241285941065,39.48241285941065,38.15527293136323,38.35434341430664,23296
2022-09-02 00:00:00+02:00,38.28798786222888,40.14598327618532,38.22162934628703,39.017913818359375,109460
2022-09-05 00:00:00+02:00,38.55341344714994,38.55341344714994,37.690773010253906,37.690773010253906,8749
2022-09-06 00:00:00+02:00,37.889845358079825,38.88520034154587,37.889845358079825,38.619773864746094,10219
2022-09-07 00:00:00+02:00,38.487057184768936,39.41605612934248,38.28798670559417,39.15062713623047,17348
2022-09-08 00:00:00+02:00,39.15062991790336,39.81419991651189,39.01791541191792,39.548770904541016,19630
2022-09-09 00:00:00+02:00,39.615130854469314,39.81420135498047,39.349701832908615,39.81420135498047,27239
2022-09-12 00:00:00+02:00,39.81419797803535,40.47776794433594,39.5487689789877,40.47776794433594,46085
2022-09-13 00:00:00+02:00,40.477767268394956,40.87590822899931,40.01326779347754,40.41141128540039,48817
2022-09-14 00:00:00+02:00,39.81419731317536,40.477767268394956,39.61512683287319,40.41141128540039,33527
2022-09-15 00:00:00+02:00,40.47776577746155,41.1413357082396,40.079624831522075,41.00862121582031,37342
2022-09-16 00:00:00+02:00,41.00862409367692,41.00862409367692,40.3450541163316,40.544124603271484,44264
2022-09-19 00:00:00+02:00,40.079624167430325,41.008620536335734,40.079624167430325,40.942264556884766,14495
2022-09-20 00:00:00+02:00,40.80955005827404,41.80490493774414,40.61047958864369,41.80490493774414,56941
2022-09-21 00:00:00+02:00,41.141335212875475,41.60583466509097,40.80955025148131,41.20769119262695,41932
2022-09-22 00:00:00+02:00,40.74319737689943,41.40676735026054,40.74319737689943,41.14133834838867,14298
2022-09-23 00:00:00+02:00,41.14134057809991,41.14134057809991,39.9469150675801,40.6104850769043,50108
2022-09-26 00:00:00+02:00,40.013267857222424,40.47776733287982,37.02720305397719,37.690773010253906,167554
2022-09-27 00:00:00+02:00,37.62441388333703,37.823484347322434,36.89448547363281,36.89448547363281,67033
2022-09-28 00:00:00+02:00,36.828135254781024,37.823490261667,36.16456525019037,36.96084976196289,47773
2022-09-29 00:00:00+02:00,36.828135659761514,36.828135659761514,33.84207060626734,35.50099563598633,54167
2022-09-30 00:00:00+02:00,35.10285246716003,36.562704377836596,35.10285246716003,36.0318489074707,33542
2022-10-03 00:00:00+02:00,36.0318489074707,36.16456340789181,34.77106748176652,36.0318489074707,36654
2022-10-04 00:00:00+02:00,36.0982055081414,37.823486328125,35.96549101476149,37.823486328125,61887
2022-10-05 00:00:00+02:00,37.823484347322434,37.95619883375213,36.56270052321771,36.89448547363281,19696
2022-10-06 00:00:00+02:00,36.894485770346094,36.894485770346094,35.89913091109591,36.429988861083984,29062
2022-10-07 00:00:00+02:00,36.42999144446928,36.629061924172476,35.4346365146348,35.56734848022461,12839
2022-10-10 00:00:00+02:00,35.56734949740403,35.70006399810779,34.90377952520382,35.16920852661133,24048
2022-10-11 00:00:00+02:00,35.50099178649724,36.429990714932956,34.57199285806153,36.36363220214844,39873
2022-10-12 00:00:00+02:00,36.36363035167632,37.02720025784311,35.50098997992316,36.429988861083984,41317
2022-10-13 00:00:00+02:00,36.16455959524689,36.96084398250681,35.70006015840208,36.89448547363281,25793
2022-10-14 00:00:00+02:00,37.22627091350484,37.42534391142598,35.76641913753863,35.8327751159668,30553
2022-10-17 00:00:00+02:00,35.63370624744443,37.22627258300781,34.83742181400352,37.22627258300781,31064
2022-10-18 00:00:00+02:00,37.425347245285344,38.75248718261719,37.425347245285344,38.75248718261719,29388
2022-10-19 00:00:00+02:00,38.08891837982793,38.619773864746094,37.29263388679137,38.619773864746094,19128
2022-10-20 00:00:00+02:00,38.48705695229597,38.55341293451392,37.69077250908823,37.88984298706055,185473
2022-10-21 00:00:00+02:00,38.287985789295476,38.287985789295476,37.29263088592377,37.823486328125,16517
2022-10-24 00:00:00+02:00,37.82349128723144,39.81420135498047,37.690776776451095,39.81420135498047,44778
2022-10-25 00:00:00+02:00,39.81419589307894,39.81419589307894,38.61977052255025,39.28334045410156,10967
2022-10-26 00:00:00+02:00,39.21698473103012,39.68148422241211,39.01791424367171,39.68148422241211,8741
2022-10-27 00:00:00+02:00,39.68148397781671,40.345053952466884,39.150628504360284,40.2786979675293,16739
2022-10-28 00:00:00+02:00,40.14597770378636,41.00861804074457,39.61512230652886,40.21233367919922,14002
2022-10-31 00:00:00+01:00,40.21233679262296,41.340406181209346,39.81419584668349,41.00862121582031,17874
2022-11-02 00:00:00+01:00,41.00862121582031,41.473120673628635,40.34505128504225,41.00862121582031,17009
2022-11-03 00:00:00+01:00,40.809554381241824,40.809554381241824,40.14598439130293,40.74319839477539,13286
2022-11-04 00:00:00+01:00,40.74319522502411,41.67219161987305,40.74319522502411,41.67219161987305,47233
2022-11-07 00:00:00+01:00,41.67219257340689,42.46847702386811,41.27405161383552,42.13669204711914,35249
2022-11-08 00:00:00+01:00,42.13668738943015,42.80025726957865,41.406761533794075,42.667545318603516,23286
2022-11-09 00:00:00+01:00,42.468478140071674,43.06569212644386,42.2694076550538,42.86661911010742,21121
2022-11-10 00:00:00+01:00,42.932973436498315,45.12275628107588,42.60118846384334,45.056400299072266,77021
2022-11-14 00:00:00+01:00,45.45454496325869,46.44989996245413,43.132049965135984,43.79561996459961,54375
2022-11-15 00:00:00+01:00,44.39282726675489,45.45453809289371,43.59654035017336,45.12275314331055,26837
2022-11-16 00:00:00+01:00,44.459187438522555,45.91903932935953,43.86197346040306,45.78632736206055,36492
2022-11-17 00:00:00+01:00,45.7863279441963,45.7863279441963,43.861974018072225,44.72461700439453,40074
2022-11-18 00:00:00+01:00,44.45918678185834,46.11811166177843,43.9946898405355,45.719970703125,23853
2022-11-21 00:00:00+01:00,45.71996875431699,45.71996875431699,44.79096984863281,44.79096984863281,7031
2022-11-22 00:00:00+01:00,45.12275717362264,46.648970103079385,44.724616211088666,46.383541107177734,23225
2022-11-23 00:00:00+01:00,46.31718366304513,46.44989562549179,45.78632568798477,46.11811065673828,16009
2022-11-24 00:00:00+01:00,46.38354312537424,46.78168410523174,45.919041096676125,46.582611083984375,15978
2022-11-25 00:00:00+01:00,46.58260894317324,48.108821868896484,46.184467981613224,48.108821868896484,29568
2022-11-28 00:00:00+01:00,48.108824338843874,48.307897361162965,47.24618132564419,47.976112365722656,26836
2022-11-29 00:00:00+01:00,47.97611512909976,48.90510911973195,47.57796906152877,48.3742561340332,20064
2022-11-30 00:00:00+01:00,48.04246708911869,48.971466064453125,47.378897115685106,48.971466064453125,86216
2022-12-01 00:00:00+01:00,49.10417602539063,49.76774597167969,48.83874703434762,49.76774597167969,30474
2022-12-02 00:00:00+01:00,49.43596099853516,49.76774597167969,48.50696206120308,49.76774597167969,40524
2022-12-05 00:00:00+01:00,49.10417556762695,51.02852940645322,49.10417556762695,49.10417556762695,59511
2022-12-06 00:00:00+01:00,49.236892265042165,49.568677266997,47.445255279541016,47.445255279541016,25817
2022-12-07 00:00:00+01:00,47.77703507402652,48.57331696687224,47.24617710370484,47.312538146972656,21548
2022-12-08 00:00:00+01:00,47.31253937137659,47.64432434575472,46.11811143856053,46.31718444824219,23660
2022-12-09 00:00:00+01:00,46.44989490509033,47.777034759521484,46.317182944701926,47.777034759521484,19302
2022-12-12 00:00:00+01:00,47.644319840355934,47.710675816429344,46.91438891563909,47.24617385864258,16449
2022-12-13 00:00:00+01:00,47.17982381358729,47.9761108144795,46.91439481328988,47.577964782714844,22993
2022-12-14 00:00:00+01:00,47.77703162791495,48.10881656977547,47.57795863774406,47.843387603759766,15532
2022-12-15 00:00:00+01:00,47.843394380471835,48.042467398840145,46.44989843980511,46.51625442504883,22394
2022-12-16 00:00:00+01:00,47.11346900626405,48.83874995734627,46.449899020260325,48.440608978271484,47755
2022-12-19 00:00:00+01:00,48.37425130773827,48.97146528687322,47.843393312365635,48.77239227294922,8934
2022-12-20 00:00:00+01:00,48.838746164445794,50.43131501970054,48.3078932544521,50.29860305786133,37722
2022-12-21 00:00:00+01:00,50.298608214983496,50.43132019042969,49.36960919894811,50.43132019042969,22586
2022-12-22 00:00:00+01:00,50.56402550188119,50.69674252247353,49.76774362887388,50.033172607421875,10772
2022-12-23 00:00:00+01:00,50.03317769722212,50.16588966867837,48.905105689295226,49.03782272338867,13149
2022-12-27 00:00:00+01:00,48.772390597575416,49.701389526247084,48.772390597575416,49.10417556762695,4095
2022-12-28 00:00:00+01:00,49.36960556771239,49.36960556771239,48.70603561401367,48.70603561401367,25124
2022-12-29 00:00:00+01:00,49.10417556762695,49.17053154910988,48.506961609006815,49.10417556762695,6228
2022-12-30 00:00:00+01:00,49.10417877891942,50.43131874591724,48.63968181552506,50.165889739990234,13969
2023-01-02 00:00:00+01:00,50.763100347954186,51.62574329395456,49.56867243235934,50.8294563293457,15280
2023-01-03 00:00:00+01:00,51.55938327232796,52.4220262354342,50.431316378392395,52.28931427001953,26321
2023-01-04 00:00:00+01:00,52.289313063201526,53.74916489961789,52.289313063201526,53.28466796875,34459
2023-01-05 00:00:00+01:00,52.95288173519178,53.55009061414409,51.161239910424655,52.42202377319336,32451
2023-01-09 00:00:00+01:00,52.753811661615146,53.284669653076136,52.422026682611275,52.952884674072266,44089
2023-01-10 00:00:00+01:00,52.95288478475753,54.213663657497975,52.75381177188429,54.08095169067383,38002
2023-01-11 00:00:00+01:00,54.08094927609969,54.08094927609969,52.488380432128906,52.488380432128906,18623
2023-01-12 00:00:00+01:00,52.488381673529965,53.61645361839779,52.42202569151113,53.35102462768555,14098
2023-01-13 00:00:00+01:00,53.4173793463316,53.483735326781044,52.28931249078055,52.488380432128906,15239
2023-01-16 00:00:00+01:00,52.82017135620117,52.82017135620117,52.22295733950466,52.82017135620117,8123
2023-01-17 00:00:00+01:00,52.82016685007427,52.82016685007427,50.89581298828125,50.89581298828125,42707
2023-01-18 00:00:00+01:00,50.96217236256056,52.222951172363395,50.829455339724575,51.227596282958984,16976
2023-01-19 00:00:00+01:00,51.227596282958984,51.75845424902938,50.165885413454966,51.227596282958984,12897
2023-01-20 00:00:00+01:00,51.49302458275593,52.023882541782605,51.09488364480428,51.16123962402344,6852
2023-01-23 00:00:00+01:00,51.227597528338954,52.35566946800359,51.227597528338954,52.090240478515625,5294
2023-01-24 00:00:00+01:00,51.824810229128985,52.422024175298986,51.227596282958984,51.227596282958984,8654
2023-01-25 00:00:00+01:00,51.09488620085946,51.09488620085946,49.17053233141659,49.30324935913086,48288
2023-01-26 00:00:00+01:00,50.0331768547891,51.094887796474126,49.96682087017824,50.696746826171875,12277
2023-01-27 00:00:00+01:00,50.696744824237854,51.559382715389,50.564027797619815,51.49302673339844,15479
2023-01-30 00:00:00+01:00,51.094888896326864,51.82481486803266,50.76310390349357,51.426673889160156,21065
2023-01-31 00:00:00+01:00,51.75845845540364,54.61181139530769,51.559385436289524,53.749168395996094,54735
2023-02-01 00:00:00+01:00,53.284669198540435,54.34638010976867,52.1565972419679,52.28931427001953,17432
2023-02-02 00:00:00+01:00,53.15195083618164,53.28466786090159,52.48838090049239,53.15195083618164,24699
2023-02-03 00:00:00+01:00,53.15195273499375,54.346380686959144,53.15195273499375,54.08095169067383,13348
2023-02-06 00:00:00+01:00,53.88187675291245,53.88187675291245,52.15659593264776,53.15195083618164,22752
2023-02-07 00:00:00+01:00,53.2183005359195,54.280016357818496,52.820159634025494,54.01458740234375,15616
2023-02-08 00:00:00+01:00,54.34638281403963,54.678167806722854,53.21831080133434,54.41273880004883,28760
2023-02-09 00:00:00+01:00,54.41274092623028,56.00530996586694,54.346384937628216,55.87259292602539,98152
2023-02-10 00:00:00+01:00,55.80623233694432,56.735231288701925,54.67816543579101,54.678165435791016,101231
2023-02-13 00:00:00+01:00,55.20901991004129,56.40344789042275,55.20901991004129,56.07166290283203,22098
2023-02-14 00:00:00+01:00,56.07166497012629,56.469805957386704,54.545451945884494,55.27538299560547,17051
2023-02-15 00:00:00+01:00,55.275377241744884,55.73987416809093,54.34637832641601,54.346378326416016,14807
2023-02-16 00:00:00+01:00,54.28002633168587,55.673522275685634,53.28467136273787,55.6071662902832,25009
2023-02-17 00:00:00+01:00,55.076303239302206,55.47444417790235,54.21366032013797,54.7445182800293,11945
2023-02-20 00:00:00+01:00,55.076303239302206,55.076303239302206,54.412733320756395,54.7445182800293,3586
2023-02-21 00:00:00+01:00,54.61180613790248,54.810874075215416,53.55009022168673,53.616451263427734,17496
2023-02-22 00:00:00+01:00,53.61645497559069,53.61645497559069,52.28931505107248,53.48373794555664,37102
2023-02-23 00:00:00+01:00,53.483734242582415,53.61645126342773,53.085593305319854,53.616451263427734,10526
2023-02-24 00:00:00+01:00,53.61645351171178,53.61645351171178,52.62109859549909,53.21830749511719,12121
2023-02-27 00:00:00+01:00,52.82015949954509,54.877225039623674,52.82015949954509,54.61180114746094,17756
2023-02-28 00:00:00+01:00,54.41273754371141,55.540804467733516,54.3463815592343,55.4080924987793,16839
2023-03-01 00:00:00+01:00,55.40809394176072,56.27073695034003,55.07630894809748,55.67352294921875,21237
2023-03-02 00:00:00+01:00,55.67351807575758,55.67351807575758,54.01459325265775,54.213661193847656,26813
2023-03-03 00:00:00+01:00,54.54544626800568,54.74451927223216,54.08094934165965,54.346378326416016,13314
2023-03-06 00:00:00+01:00,55.00995229638696,55.673522275685634,54.6118113213352,55.6071662902832,23446
2023-03-07 00:00:00+01:00,55.67352534698369,56.536163330078125,55.275384349967986,56.536163330078125,30003
2023-03-08 00:00:00+01:00,56.005305801801974,56.46980275011792,54.81087784522235,55.34173583984375,27810
2023-03-09 00:00:00+01:00,55.9389458490504,55.9389458490504,54.87722993514043,55.209014892578125,15416
2023-03-10 00:00:00+01:00,54.81087977874126,55.00995279940608,53.88188078670078,54.41273880004883,18012
2023-03-13 00:00:00+01:00,53.94823961108388,54.744521535638356,52.090241703607404,52.952884674072266,51347
2023-03-14 00:00:00+01:00,52.95288201769879,54.280021867138494,52.753809015228136,53.68280792236328,23238
2023-03-15 00:00:00+01:00,54.34638364998747,54.34638364998747,51.55938663099689,51.62574768066406,34397
2023-03-16 00:00:00+01:00,51.75845728467445,52.886524200439446,50.696746352900846,52.88652420043945,30727
2023-03-17 00:00:00+01:00,52.82016719431517,52.886523177022504,50.763101354566025,52.28931427001953,33852
2023-03-20 00:00:00+01:00,55.00994626001161,55.07630223813264,52.82016354356133,53.41737747192383,41588
2023-03-21 00:00:00+01:00,54.080954062859625,55.607167061467614,53.81552505493164,53.81552505493164,53706
2023-03-22 00:00:00+01:00,54.34637932594139,55.27537825835619,53.88187732841555,53.948238372802734,22796
2023-03-23 00:00:00+01:00,54.08095192411725,54.87723385377336,53.41738196185814,53.48373794555664,16770
2023-03-24 00:00:00+01:00,54.0145993895942,54.0145993895942,52.09024536363315,52.82017135620117,34257
2023-03-27 00:00:00+02:00,52.82016432626592,53.81551920074067,52.48837936810767,53.616451263427734,23428
2023-03-28 00:00:00+02:00,53.74916322163635,55.47444399153191,53.61645126342773,53.616451263427734,42103
2023-03-29 00:00:00+02:00,54.61181139530769,54.6781673808,53.616456425011464,53.749168395996094,19879
2023-03-30 00:00:00+02:00,54.080948665742056,54.81087456772166,53.81551968430309,54.28002166748047,24446
2023-03-31 00:00:00+02:00,54.28002155667904,54.28002155667904,53.4173786344225,54.14730453491211,25130
2023-04-03 00:00:00+02:00,53.948241835347204,55.00995279940608,53.749168814682385,54.41273880004883,45922
2023-04-04 00:00:00+02:00,54.41273644062641,55.20901836348322,54.34638045749451,54.678165435791016,30281
2023-04-05 00:00:00+02:00,54.67816230070206,55.076303239302206,53.88187536086507,54.7445182800293,15006
2023-04-06 00:00:00+02:00,54.41273088605965,55.275373766624945,54.08094594163246,54.877227783203125,10792
2023-04-11 00:00:00+02:00,55.00995644085052,56.53616447064004,55.00995644085052,56.2707405090332,30965
2023-04-12 00:00:00+02:00,56.403452489836624,56.9343105383254,56.00531148478881,56.2707405090332,34666
2023-04-13 00:00:00+02:00,56.53616070525581,57.59787673152165,56.403448733291185,57.3988037109375,29645
2023-04-14 00:00:00+02:00,57.133372355372614,57.730586329933814,56.93430440561022,57.66423034667969,31819
2023-04-17 00:00:00+02:00,57.730589882519496,58.394159881169145,57.664233895181994,58.26144790649414,32795
2023-04-18 00:00:00+02:00,58.39415261148755,59.58858048541356,57.79693867452454,58.792293548583984,73466
2023-04-19 00:00:00+02:00,58.39415572861494,59.190437645314,57.59787381191588,58.7259407043457,60091
2023-04-20 00:00:00+02:00,58.85865514279993,59.588586170188584,58.593231201171875,58.593231201171875,43256
2023-04-21 00:00:00+02:00,58.72594148271779,59.45586742647276,58.394156502589446,58.92501449584961,31733
2023-04-24 00:00:00+02:00,58.99137014701479,59.72129608665765,58.72594115188002,59.38951110839844,36185
2023-04-25 00:00:00+02:00,59.65493547328905,59.65493547328905,59.12407752422318,59.190433502197266,35259
2023-04-26 00:00:00+02:00,59.45586972026641,59.45586972026641,58.39415875542254,58.52687072753906,74872
2023-04-27 00:00:00+02:00,59.190436427771864,60.11943535323598,58.792295477612065,59.72129440307617,59315
2023-04-28 00:00:00+02:00,60.053082529934336,60.11943851467756,59.12408355561787,59.65494155883789,61683
2023-05-02 00:00:00+02:00,59.38950943417019,60.25215237838048,59.38950943417019,59.72129440307617,61748
2023-05-04 00:00:00+02:00,59.85400759677553,60.25215361776202,58.12872673550294,58.7259407043457,92906
2023-05-05 00:00:00+02:00,60.20331990791424,60.20331990791424,58.72593782428444,60.05558395385742,73825
2023-05-08 00:00:00+02:00,59.981712341308594,60.42493148979014,59.46463084910091,59.981712341308594,49906
2023-05-09 00:00:00+02:00,59.83397181730093,59.83397181730093,58.79980327602171,59.46462631225586,38922
2023-05-10 00:00:00+02:00,59.46463068225716,59.46463068225716,58.28272610640889,58.35659408569336,30499
2023-05-11 00:00:00+02:00,60.2033289346579,61.16362968730863,57.83951950073242,57.83951950073242,71963
2023-05-12 00:00:00+02:00,57.76564146472336,58.134987012798994,55.180222628193896,55.54956817626953,158099
2023-05-15 00:00:00+02:00,55.91891577041382,57.39629801677366,55.77117980008424,57.1746940612793,53941
2023-05-16 00:00:00+02:00,57.24855458510801,58.87367258999206,56.95307704719311,57.1008186340332,73544
2023-05-17 00:00:00+02:00,57.17469361318743,58.57820786338281,56.87921603907799,58.2088623046875,48481
2023-05-18 00:00:00+02:00,58.20886238046472,58.20886238046472,56.95308409780629,57.32242965698242,79707
2023-05-19 00:00:00+02:00,57.544035600203145,57.98724911597467,56.43599899289153,57.248558044433594,37924
2023-05-22 00:00:00+02:00,57.91338643843153,58.06112241195997,57.47017288208008,57.47017288208008,118544
2023-05-23 00:00:00+02:00,57.47016935523098,59.021419525146484,57.32242775500306,59.021419525146484,53098
2023-05-24 00:00:00+02:00,58.65207630763914,58.65207630763914,56.36213495293458,57.1746940612793,128590
2023-05-25 00:00:00+02:00,56.73147704793835,58.87367666564786,56.58373545087053,58.7259407043457,84597
2023-05-26 00:00:00+02:00,58.35659534720327,59.68624154612937,57.9872498070311,58.65207290649414,102896
2023-05-29 00:00:00+02:00,58.35659876984637,59.3168994849224,57.839517237584516,58.79981231689453,85866
2023-05-30 00:00:00+02:00,59.09528642754761,59.16915440842891,58.061117787912394,58.65207290649414,153869
2023-05-31 00:00:00+02:00,58.35659388907655,61.015880584716804,57.98724835813302,61.0158805847168,1017830
2023-06-01 00:00:00+02:00,60.868143187758434,61.75457018676206,59.316893121619394,61.680702209472656,107690
2023-06-02 00:00:00+02:00,61.90231199419826,64.26612109034143,61.45909285737666,64.19225311279297,119425
2023-06-05 00:00:00+02:00,64.26612785874642,65.59577413771653,63.60130471926134,63.749046325683594,74261
2023-06-06 00:00:00+02:00,64.11838923228429,65.7435073852539,63.89677964971307,65.7435073852539,74253
2023-06-07 00:00:00+02:00,65.74351042103585,65.89124639239468,63.97065058589965,64.41386413574219,74352
2023-06-09 00:00:00+02:00,64.26613126722097,65.74351359520305,64.26613126722097,65.52190399169922,47418
2023-06-12 00:00:00+02:00,65.37416044651737,65.37416044651737,63.675168711680136,63.82291030883789,36129
2023-06-13 00:00:00+02:00,63.60130748735764,64.04452105438216,62.64101236476555,63.379703521728516,34903
2023-06-14 00:00:00+02:00,63.37969745525313,65.37416113384377,63.010351912124065,65.22642517089844,41982
2023-06-15 00:00:00+02:00,64.78321460761701,65.66964741022066,64.26613303292307,65.59577941894531,27982
2023-06-16 00:00:00+02:00,65.66964513822187,65.89124910438099,64.19226282076251,64.93095397949219,47177
2023-06-19 00:00:00+02:00,65.07869163472611,66.03899242013874,64.8570876628538,65.8173828125,32519
2023-06-20 00:00:00+02:00,65.81738216317841,65.81738216317841,64.70934540744892,65.30030059814453,16139
2023-06-21 00:00:00+02:00,64.56160736083984,65.07868890932033,64.48773937330924,64.56160736083984,15571
2023-06-22 00:00:00+02:00,64.857087023006,65.5219045678306,63.89678624706723,65.30030059814453,23527
2023-06-23 00:00:00+02:00,65.30029656063806,65.37416454596618,63.37970076327701,63.749046325683594,32768
2023-06-26 00:00:00+02:00,63.749046325683594,64.41386382940263,63.23195915685476,63.749046325683594,43463
2023-06-27 00:00:00+02:00,64.11838513524451,64.48773065875223,62.86260697385904,64.19225311279297,60213
2023-06-28 00:00:00+02:00,64.19225311279297,64.85707618225993,63.67516599842291,64.19225311279297,30551
2023-06-29 00:00:00+02:00,64.19226036610051,64.48773794544681,63.82291480085916,64.33999633789062,16143
2023-06-30 00:00:00+02:00,64.33999180947582,64.70933734872169,63.45356476959203,63.82291030883789,45743
2023-07-03 00:00:00+02:00,63.82291461454082,64.56160574286707,63.74904662886141,64.41386413574219,18498
2023-07-04 00:00:00+02:00,64.26612835199558,64.33999633789062,63.60130520740792,64.33999633789062,9983
2023-07-05 00:00:00+02:00,64.11839216483607,64.19226015048301,62.56713628742009,62.78874588012695,31051
2023-07-06 00:00:00+02:00,62.788746740907094,63.60130586569502,61.97618761611917,63.23196029663086,16546
2023-07-07 00:00:00+02:00,63.749045951597424,63.89678192138672,62.936481210458325,63.89678192138672,19172
2023-07-10 00:00:00+02:00,63.67517233093678,64.26612748162594,62.936481210458325,63.89678192138672,10741
2023-07-11 00:00:00+02:00,63.749043814964566,63.749043814964566,62.93647910105963,63.15808868408203,63021
2023-07-12 00:00:00+02:00,63.158092869349886,64.8570847563991,63.01035689472221,64.6354751586914,29111
2023-07-13 00:00:00+02:00,64.63546897573731,65.15255047323696,63.970645881976594,64.8570785522461,28084
2023-07-14 00:00:00+02:00,64.9309472444896,66.18671982976777,64.63546968449307,65.37416076660156,51222
2023-07-17 00:00:00+02:00,65.30029385587727,66.18672091463056,65.22642587360879,65.7435073852539,35510
2023-07-18 00:00:00+02:00,65.37416058360219,65.81737410447347,65.07868302443278,65.44802856445312,33623
2023-07-19 00:00:00+02:00,65.59577353523086,66.4822006225586,65.4480319301656,66.4822006225586,76611
2023-07-20 00:00:00+02:00,66.55606984950802,67.22089299529603,66.33446589142274,66.77767944335938,28580
2023-07-21 00:00:00+02:00,66.48219974386058,66.92541328166647,65.5957726682488,66.03898620605469,10427
2023-07-24 00:00:00+02:00,66.3344648398496,67.36862789938559,66.11285524951133,66.40833282470703,33572
2023-07-25 00:00:00+02:00,66.48219937055791,67.14702249141666,65.96511785198214,66.18672180175781,32310
2023-07-26 00:00:00+02:00,66.26058997083767,66.77767712662944,66.11285400390625,66.11285400390625,15907
2023-07-27 00:00:00+02:00,66.4822009969868,66.7776785730155,65.81737785986374,66.33446502685547,23524
2023-07-28 00:00:00+02:00,66.33446396337612,66.40833194725754,65.74350882079297,65.96511840820312,12026
2023-07-31 00:00:00+02:00,65.96511909424508,66.8515461815728,65.89124547382946,66.4822006225586,20890
2023-08-01 00:00:00+02:00,66.26059468374584,66.26059468374584,64.41386678692163,64.93095397949219,46362
2023-08-02 00:00:00+02:00,64.4138630751717,64.48773669540086,63.45356800561842,64.04451751708984,27564
2023-08-03 00:00:00+02:00,63.67517547590068,64.3399986443206,63.01035794324703,63.379703521728516,35914
2023-08-04 00:00:00+02:00,63.60130642899911,65.15255670565446,63.60130642899911,64.6354751586914,50124
2023-08-07 00:00:00+02:00,64.78320439152868,65.59576907471833,64.48773247302219,65.07868194580078,22763
2023-08-08 00:00:00+02:00,65.0786902774879,65.3002998805049,63.23196237156731,63.97065353393555,30841
2023-08-09 00:00:00+02:00,63.970655098726645,64.4877423064927,63.084227936508334,63.30583190917969,31068
2023-08-10 00:00:00+02:00,64.11839025625473,64.11839025625473,63.084221580683035,63.60130310058594,14764
2023-08-11 00:00:00+02:00,63.97065855414491,64.2661361694336,62.86262172363744,64.2661361694336,61361
2023-08-14 00:00:00+02:00,64.04451751708984,64.11839113731898,63.379700021155244,64.04451751708984,15660
2023-08-16 00:00:00+02:00,64.70934422280207,64.70934422280207,62.936484318937715,63.379703521728516,25376
2023-08-17 00:00:00+02:00,62.93648147583008,63.52743662901101,62.78874550541786,62.93648147583008,17931
2023-08-18 00:00:00+02:00,62.56713989727419,63.15809508807737,62.41940391745658,62.86261749267578,14999
2023-08-21 00:00:00+02:00,62.7148724449944,63.67516744649376,62.7148724449944,63.52743148803711,5493
2023-08-22 00:00:00+02:00,63.45357027220276,63.52743825930454,63.084224700927734,63.084224700927734,7898
2023-08-23 00:00:00+02:00,63.08422258135373,63.45356814021907,62.05005388937757,62.34553146362305,13622
2023-08-24 00:00:00+02:00,62.93648463433068,63.30583021466306,62.271667098345446,62.419403076171875,16427
2023-08-25 00:00:00+02:00,62.64100990883308,63.45356902248151,62.64100990883308,62.78874588012695,9451
2023-08-28 00:00:00+02:00,62.788746740907094,63.60130586569502,62.714878754247486,63.23196029663086,11793
2023-08-29 00:00:00+02:00,63.23196391828923,63.74905112605529,63.23196391828923,63.30583190917969,13596
2023-08-30 00:00:00+02:00,63.23195905242054,64.26612775260416,62.93648147583008,62.93648147583008,11519
2023-08-31 00:00:00+02:00,63.01035483111897,64.63547304186518,62.936481210458325,63.89678192138672,29472
2023-09-01 00:00:00+02:00,64.04451932202485,64.4877385128269,63.23196019849798,64.11839294433594,15193
2023-09-04 00:00:00+02:00,64.26613065577756,64.56160824571599,63.305829897419194,63.379703521728516,9835
2023-09-05 00:00:00+02:00,64.19226549380356,64.19226549380356,62.93648709021126,63.01036071777344,16108
2023-09-06 00:00:00+02:00,63.08422070166317,63.749043814964566,61.23749296236252,63.15808868408203,64417
2023-09-07 00:00:00+02:00,63.01034851652458,63.15808447150849,60.055584330723015,60.720401763916016,42333
2023-09-08 00:00:00+02:00,60.94201350457901,62.12391809387833,60.86814552445386,61.4590950012207,15465
2023-09-11 00:00:00+02:00,61.311356855382506,61.828438333591606,60.72040176391602,60.720401763916016,15820
2023-09-12 00:00:00+02:00,60.720401597414224,61.97617975439567,60.424929688256626,61.680702209472656,26644
2023-09-13 00:00:00+02:00,61.31135940551758,61.75457292466939,61.089749828058835,61.31135940551758,11665
2023-09-14 00:00:00+02:00,61.82844090523375,61.82844090523375,61.16362344438886,61.31135940551758,8640
2023-09-15 00:00:00+02:00,61.237491822984786,61.606837363972915,60.1294552000204,60.277191162109375,35464
2023-09-18 00:00:00+02:00,60.720403407757054,60.94201298199783,59.76010840283341,59.981712341308594,9566
2023-09-19 00:00:00+02:00,61.01588451630309,61.01588451630309,59.16915674259074,59.316898345947266,19341
2023-09-20 00:00:00+02:00,59.39076179081539,60.94201187502661,59.09528424245004,60.49879837036133,12003
2023-09-21 00:00:00+02:00,60.5726674487736,60.5726674487736,59.61236680808437,59.981712341308594,8769
2023-09-22 00:00:00+02:00,60.27719026101238,61.16362292759183,59.53849919007898,59.83397674560547,10088
2023-09-25 00:00:00+02:00,59.83397804256365,61.53296979684397,59.24302291870117,59.24302291870117,12074
2023-09-26 00:00:00+02:00,59.16915365461228,60.05558632119173,59.16915365461228,59.83397674560547,3474
2023-09-27 00:00:00+02:00,59.61237142577716,59.907849002397946,58.79981231689453,58.79981231689453,13261
2023-09-28 00:00:00+02:00,59.169153129353695,59.169153129353695,57.76563897988644,58.35659408569336,22401
2023-09-29 00:00:00+02:00,58.94755172729492,59.68624282344766,58.652074161680666,58.94755172729492,23750
2023-10-02 00:00:00+02:00,59.61236590317511,59.61236590317511,58.652070912828634,59.53849792480469,15193
2023-10-03 00:00:00+02:00,59.6862448568088,59.6862448568088,58.13498899342799,58.873680114746094,13697
2023-10-04 00:00:00+02:00,58.652070912828634,59.53849792480469,58.134983792704695,59.53849792480469,32786
2023-10-05 00:00:00+02:00,59.907849002397946,59.907849002397946,58.79981231689453,58.79981231689453,11721
2023-10-06 00:00:00+02:00,59.09528863676779,59.538502174390366,58.50433349609375,58.50433349609375,23905
2023-10-09 00:00:00+02:00,58.50433256099063,59.98171475329611,58.430464578528515,58.94755172729492,38000
2023-10-10 00:00:00+02:00,59.83397969233694,62.05005301427535,59.46463413868054,61.90231704711914,73553
2023-10-11 00:00:00+02:00,62.050053518490145,63.010354220106485,61.60683997765412,62.49326705932617,27196
2023-10-12 00:00:00+02:00,62.86261172884891,62.86261172884891,60.49880245390488,62.050052642822266,28493
2023-10-13 00:00:00+02:00,61.53296935060859,61.90231489140272,60.794278269020325,61.16362380981445,33398
2023-10-16 00:00:00+02:00,61.385231243437666,63.23195905242054,61.0897536668472,62.93648147583008,49707
2023-10-17 00:00:00+02:00,63.15809385110412,64.26613058533401,62.419402694950854,62.567138671875,32600
2023-10-18 00:00:00+02:00,62.05004773168507,63.0103483437435,60.868143187758434,61.680702209472656,112338
2023-10-19 00:00:00+02:00,61.68070494410503,62.1977864438212,60.86814588636576,61.31135940551758,14135
2023-10-20 00:00:00+02:00,61.31136089350713,61.38522887586422,60.57266979840463,60.64653778076172,10712
2023-10-23 00:00:00+02:00,60.646540481769414,63.23195942977464,60.57267249612248,62.78874588012695,35683
2023-10-24 00:00:00+02:00,63.01035547283383,63.74904660083532,62.78874588012696,62.78874588012695,21523
2023-10-25 00:00:00+02:00,63.379702467057584,64.93095274371295,62.93648327164219,64.6354751586914,28723
2023-10-26 00:00:00+02:00,64.56160871813665,64.56160871813665,63.30583036065088,63.97065353393555,28473
2023-10-27 00:00:00+02:00,64.04451574464002,64.26612532766242,63.15808868408203,63.15808868408203,68567
2023-10-30 00:00:00+01:00,63.37969952100255,64.41386256685806,63.23195791747611,63.45356750488281,20392
2023-10-31 00:00:00+01:00,63.52743673393323,64.1922598734183,63.52743673393323,63.749046325683594,16033
2023-11-02 00:00:00+01:00,63.97064499917263,64.19225457262317,63.010349997673266,63.52743148803711,17652
2023-11-03 00:00:00+01:00,63.89677556683371,64.56159863630067,63.749039611736805,64.19225311279297,16863
2023-11-06 00:00:00+01:00,64.1922681745531,64.85709140001094,63.89679055926443,64.2661361694336,24030
2023-11-07 00:00:00+01:00,63.82291030883788,64.48773340663357,63.6013007309841,63.82291030883789,16222
2023-11-08 00:00:00+01:00,63.82291393649207,64.26612748162594,63.30582677069756,63.89678192138672,15786
2023-11-09 00:00:00+01:00,64.11839464377739,65.15255775434939,63.89678504250267,65.00482177734375,19399
2023-11-10 00:00:00+01:00,65.0048192927096,65.74351042103585,64.33999615006277,64.41386413574219,84541
2023-11-13 00:00:00+01:00,64.93094934571612,65.15255329606055,63.5274351171378,63.60130310058594,16353
2023-11-14 00:00:00+01:00,63.601305322242254,66.85154742938781,63.601305322242254,66.77767944335938,52969
2023-11-15 00:00:00+01:00,66.85154354096426,68.69827126309035,66.26058841557762,68.4766616821289,56924
2023-11-16 00:00:00+01:00,68.47666331852331,71.209823794044,67.66410422852316,71.13595581054688,46534
2023-11-17 00:00:00+01:00,71.20982791580457,71.28369590357731,69.51083601820038,70.1756591796875,22991
2023-11-20 00:00:00+01:00,70.545003240354,72.98268623490304,70.24952565983804,72.4655990600586,32204
2023-11-21 00:00:00+01:00,72.76107539013383,73.49976651084584,71.6530387090658,72.17012023925781,30243
2023-11-22 00:00:00+01:00,72.24398731560939,73.13041432585906,71.87464178871112,72.53945922851562,14126
2023-11-23 00:00:00+01:00,73.13042515395384,73.86911631712509,72.68721158320436,73.64750671386719,20663
2023-11-24 00:00:00+01:00,73.2042869893019,74.6078012084961,73.2042869893019,73.86911010742188,19866
2023-11-27 00:00:00+01:00,74.16458292832733,74.60779643345218,71.57916424003939,72.53945922851562,18362
2023-11-28 00:00:00+01:00,72.3917254291573,74.01684354162803,72.24398946830202,73.27815246582031,11298
2023-11-29 00:00:00+01:00,73.86910666984738,73.86910666984738,71.94851102358447,72.8349380493164,12790
2023-11-30 00:00:00+01:00,72.90880308252217,73.42589018977449,71.2098170792326,71.57916259765625,22499
2023-12-01 00:00:00+01:00,71.65303994046428,72.90881261294948,71.65303994046428,72.4655990600586,24771
2023-12-04 00:00:00+01:00,72.46559125028907,73.13041432585906,72.02237774516423,72.53945922851562,7634
2023-12-05 00:00:00+01:00,72.53946723496631,73.13042239753567,71.80077609963767,72.39173126220703,10092
2023-12-06 00:00:00+01:00,73.05655334507689,73.13042133037861,71.28369351900541,72.02238464355469,15200
2023-12-07 00:00:00+01:00,72.02237774516423,72.98267836940595,71.57916424003939,72.53945922851562,10702
2023-12-08 00:00:00+01:00,72.98268090852423,73.20428485091367,72.39172579062105,73.13041687011719,8382
2023-12-11 00:00:00+01:00,73.0565563207424,73.72137948706886,72.46560114272638,73.20429229736328,17231
2023-12-12 00:00:00+01:00,73.2042935242041,73.86911670167243,72.61334397205053,73.49977111816406,36480
2023-12-13 00:00:00+01:00,73.49977073553947,74.9032850727181,72.76107957236822,73.64750671386719,15325
2023-12-14 00:00:00+01:00,74.31232401408617,75.05101511886987,73.49976492597729,73.72137451171875,14481
2023-12-15 00:00:00+01:00,74.31232614237588,75.7897083942552,73.49976703099547,74.46006774902344,31744
2023-12-18 00:00:00+01:00,74.16458437072886,76.08518002079983,74.16458437072886,75.34648895263672,20850
2023-12-19 00:00:00+01:00,76.08519020272962,76.08519020272962,75.19876305661602,75.93745422363281,15095
2023-12-20 00:00:00+01:00,75.78970801313338,76.08518558917659,74.16458979854475,74.60780334472656,18434
2023-12-21 00:00:00+01:00,74.60780910903871,75.05102268946388,73.7213819481884,73.79524993896484,17734
2023-12-22 00:00:00+01:00,73.8691125939653,75.3464948458446,73.72137662308378,74.46006774902344,17650
2023-12-27 00:00:00+01:00,74.16458892822266,75.49422955116474,74.0168473240518,74.16458892822266,29276
2023-12-28 00:00:00+01:00,74.60780334472656,75.34649446695157,74.16458979854475,74.60780334472656,8874
2023-12-29 00:00:00+01:00,74.60780458457383,76.232922826169,74.31232700362031,74.90328216552734,23814
2024-01-02 00:00:00+01:00,74.90328546265603,76.82388136974642,74.31233027473606,75.93745422363281,25568
2024-01-03 00:00:00+01:00,75.93745136990134,76.08518734344624,73.7952459389035,75.49423217773438,26519
2024-01-04 00:00:00+01:00,75.49423081672613,75.49423081672613,73.8691125939653,74.46006774902344,21954
2024-01-05 00:00:00+01:00,74.60780334472656,74.60780334472656,73.05655311520722,74.60780334472656,21141
2024-01-08 00:00:00+01:00,73.7952391934839,76.08518038870939,73.20428408178961,75.1987533569336,19266
2024-01-09 00:00:00+01:00,75.9374427801337,75.9374427801337,74.75553258240335,75.05101013183594,11403
2024-01-10 00:00:00+01:00,75.05101139821835,75.78970246638146,74.7555338438,75.34648895263672,12657
2024-01-11 00:00:00+01:00,75.49422955116474,75.78970712374051,74.16458892822266,74.16458892822266,15575
2024-01-12 00:00:00+01:00,75.05101689090837,75.19875849681297,74.01684819264014,74.60780334472656,9882
2024-01-15 00:00:00+01:00,74.60780371990495,74.90328129743402,73.57363501643623,74.46006774902344,11131
2024-01-16 00:00:00+01:00,74.0168473240518,74.90328004177913,73.42589781466619,74.16458892822266,16159
2024-01-17 00:00:00+01:00,74.16458804743579,74.16458804743579,72.6872058378684,73.72137451171875,29980
2024-01-18 00:00:00+01:00,73.72137588310738,75.05101651499291,73.72137588310738,74.75553894042969,12102
2024-01-19 00:00:00+01:00,74.60780334472656,75.34649446695157,74.16458979854475,74.60780334472656,18735
2024-01-22 00:00:00+01:00,75.34649620418948,75.93745136990134,74.60780506493272,75.49423217773438,15898
2024-01-23 00:00:00+01:00,75.64196766755718,75.78970362915013,72.68720334957264,73.13041687011719,70022
2024-01-24 00:00:00+01:00,73.13042572558112,73.79524890478514,72.7610801411085,73.4259033203125,23403
2024-01-25 00:00:00+01:00,73.13041687011719,74.01684391120628,72.98268090852423,73.13041687011719,6672
2024-01-26 00:00:00+01:00,73.13042231557236,74.90328216552734,73.13042231557236,74.90328216552734,14089
2024-01-29 00:00:00+01:00,74.90327966611349,74.90327966611349,74.31232452392578,74.31232452392578,4160
2024-01-30 00:00:00+01:00,74.46006228519855,75.34648931697436,74.31232068939217,75.1987533569336,7025
2024-01-31 00:00:00+01:00,75.19875637567348,76.82387454442222,74.6078012402562,76.38066101074219,21890
2024-02-01 00:00:00+01:00,76.2329206548537,78.89221317192553,75.64197114554459,76.67613983154297,64083
2024-02-02 00:00:00+01:00,76.82387922969838,78.4489974975586,76.82387922969838,78.4489974975586,12401
2024-02-05 00:00:00+01:00,78.59673862726996,79.33542976918834,77.85804748535156,77.85804748535156,22249
2024-02-06 00:00:00+01:00,78.30125941581173,78.30125941581173,76.38066361389787,77.7103042602539,28677
2024-02-07 00:00:00+01:00,78.15352630615234,78.30126228256766,76.5284023867525,78.15352630615234,22227
2024-02-08 00:00:00+01:00,78.00577969893308,78.3012572686093,76.08518394968641,76.97161102294922,16465
2024-02-09 00:00:00+01:00,76.3806682558549,77.41483702304863,76.08519066011864,76.52840423583984,15755
2024-02-12 00:00:00+01:00,76.82387505599404,76.97161102294922,75.1987568764236,76.97161102294922,19453
2024-02-13 00:00:00+01:00,77.26708807810226,77.56256564581089,76.08518344303354,76.38066101074219,22519
2024-02-14 00:00:00+01:00,76.8238818315761,76.8238818315761,74.90328591293998,76.52840423583984,26850
2024-02-15 00:00:00+01:00,76.82388098263046,77.26709455345392,75.78971222686486,76.08518981933594,24086
2024-02-16 00:00:00+01:00,76.23292785574449,77.26709663942948,76.23292785574449,76.82388305664062,21347
2024-02-19 00:00:00+01:00,77.56256775687739,79.63090515136719,76.82387663538331,79.63090515136719,30744
2024-02-20 00:00:00+01:00,79.77863243519938,81.84696960449219,79.63089648129221,81.84696960449219,44454
2024-02-21 00:00:00+01:00,81.84697934223895,83.619833543112,80.22185547708389,82.5856704711914,33494
2024-02-22 00:00:00+01:00,82.73339659946603,83.47208764053269,81.40375047123987,81.84696960449219,31748
2024-02-23 00:00:00+01:00,82.29018787008977,82.58566543079026,80.96054166482041,81.40375518798828,31600
2024-02-26 00:00:00+01:00,81.8469786000548,82.88114166259766,81.55150102399998,82.88114166259766,22676
2024-02-27 00:00:00+01:00,83.17661009695294,83.47208764053269,81.84696960449219,81.84696960449219,26136
2024-02-28 00:00:00+01:00,81.84697471635353,82.43792420465616,80.36959254194835,81.25601959228516,44240
2024-02-29 00:00:00+01:00,80.81280606711675,82.14244664262198,79.77863741787998,81.25601959228516,53402
2024-03-01 00:00:00+01:00,81.1082818300951,81.84697290091285,79.33542213297937,80.36959075927734,34645
2024-03-04 00:00:00+01:00,80.51732970620985,80.81280727265185,79.03994750976562,79.03994750976562,15171
2024-03-05 00:00:00+01:00,79.77863860798773,80.22185213976783,78.59673397798552,79.03994750976562,34849
2024-03-06 00:00:00+01:00,79.92637634277344,80.36959552013157,78.3012581450135,79.92637634277344,23823
2024-03-07 00:00:00+01:00,80.07412052269999,80.07412052269999,77.71030549856734,78.00578308105469,39447
2024-03-08 00:00:00+01:00,78.30126228256766,78.59673987116457,77.71030710537387,78.15352630615234,17494
2024-03-11 00:00:00+01:00,78.15352630615234,78.74447584757989,76.97161595176473,78.15352630615234,28007
2024-03-12 00:00:00+01:00,79.1876780254609,80.07411066378323,77.85803752162556,79.77863311767578,41573
2024-03-13 00:00:00+01:00,79.92637709135201,80.81280981860449,79.18768596985794,79.63090515136719,26578
2024-03-14 00:00:00+01:00,79.77863733715519,80.07411489889039,78.3012551642449,78.74446868896484,29269
2024-03-15 00:00:00+01:00,80.07411919266751,80.22185516357422,77.85804581447061,80.22185516357422,65843
2024-03-18 00:00:00+01:00,80.07411398691508,80.22184994821723,77.85804075278882,78.30125427246094,27344
2024-03-19 00:00:00+01:00,79.03994999986553,79.92637709135201,77.85804533262821,79.63090515136719,14868
2024-03-20 00:00:00+01:00,79.77863311767578,80.22184661895423,78.74446452418245,79.77863311767578,14377
2024-03-21 00:00:00+01:00,80.517333984375,81.25602512184633,80.07412042904544,80.517333984375,32324
2024-03-22 00:00:00+01:00,80.51733060244494,80.8128081721759,79.48316192626953,79.48316192626953,12529
2024-03-25 00:00:00+01:00,79.63089843014264,80.66506140433329,79.33542087933151,80.07411193847656,16653
2024-03-26 00:00:00+01:00,79.77864284690368,80.517333984375,79.03995170943234,80.517333984375,23524
2024-03-27 00:00:00+01:00,80.517333984375,80.96054753970458,79.77864284690368,80.517333984375,27124
2024-03-28 00:00:00+01:00,80.51733274115368,80.96054628963985,80.07411919266751,80.22185516357422,30739
2024-04-02 00:00:00+02:00,80.5173330558181,83.02888402140967,80.07411950559982,82.5856704711914,38102
2024-04-03 00:00:00+02:00,82.58566972230885,83.17661923865248,81.9947145701992,82.88114166259766,20863
2024-04-04 00:00:00+02:00,83.1766141169443,84.0630467905255,82.58566463698914,83.47209167480469,27382
2024-04-05 00:00:00+02:00,83.17661661618997,84.06304931640625,82.437925517226,84.06304931640625,23075
2024-04-08 00:00:00+02:00,83.61983103630322,87.60876414021693,83.61983103630322,87.01781463623047,116452
2024-04-09 00:00:00+02:00,87.16556056975578,88.34746534863305,84.94948699594843,85.24496459960938,94828
2024-04-10 00:00:00+02:00,85.39269380650788,86.57459849158526,85.24495783428549,85.68817138671875,16270
2024-04-11 00:00:00+02:00,86.27912094371061,86.42685690633823,83.76757012868097,83.9153060913086,21261
2024-04-12 00:00:00+02:00,84.94947854732769,84.94947854732769,81.84697810686211,82.29019165039062,21489
2024-04-15 00:00:00+02:00,82.29019165039062,83.32436034246781,82.14245004537047,82.29019165039062,21159
2024-04-16 00:00:00+02:00,82.29018787008977,83.02887895395813,80.6650641041199,81.40375518798828,26987
2024-04-17 00:00:00+02:00,81.40376015625462,83.17661999289373,80.81281063455229,82.5856704711914,15481
2024-04-18 00:00:00+02:00,82.5856704711914,82.73340644267547,81.55150176350475,82.5856704711914,9816
2024-04-19 00:00:00+02:00,82.43792724609375,82.43792724609375,81.40375855870269,82.43792724609375,6722
2024-04-22 00:00:00+02:00,82.43792848950241,82.73340606689453,81.99471494129726,82.73340606689453,10943
2024-04-23 00:00:00+02:00,82.733401845385,84.21078402119545,82.733401845385,83.76757049560547,10499
2024-04-24 00:00:00+02:00,83.47209381638912,84.35852087694711,82.8811386855066,84.21078491210938,10188
2024-04-25 00:00:00+02:00,84.21078614930849,84.21078614930849,81.99471282958984,81.99471282958984,13971
2024-04-26 00:00:00+02:00,83.32436122167876,83.32436122167876,82.14245091211029,82.73340606689453,17805
2024-04-29 00:00:00+02:00,82.73340644267547,83.32436160014386,81.69923773498881,82.5856704711914,21129
2024-04-30 00:00:00+02:00,82.29019251868937,83.4720971924918,81.69923736390514,82.73340606689453,35264
2024-05-02 00:00:00+02:00,82.43792510405075,83.32435779982424,81.55149804404304,81.69923400878906,23760
2024-05-06 00:00:00+02:00,81.69923525980752,83.02888150594507,81.55149929279929,81.99471282958984,13319
2024-05-07 00:00:00+02:00,82.73340606689453,83.91531074069695,81.99471494129726,82.73340606689453,24584
2024-05-08 00:00:00+02:00,83.47209256766,84.35851961495719,83.02887904401142,83.9153060913086,33741
2024-05-09 00:00:00+02:00,83.76757352002613,83.76757352002613,79.48316280118128,79.92637634277344,134659
2024-05-10 00:00:00+02:00,81.10828521911183,81.4037571511724,78.74447031226637,78.8922119140625,85480
2024-05-13 00:00:00+02:00,79.03994714082026,80.36959336571982,79.03994714082026,79.18768310546875,35405
2024-05-14 00:00:00+02:00,79.63089716250478,80.51732416506167,79.1876780254609,79.77863311767578,36275
2024-05-15 00:00:00+02:00,79.92637420024278,80.07411580065705,79.03994714082026,79.18768310546875,54850
2024-05-16 00:00:00+02:00,79.33542757561635,79.7786411213596,79.03994999986553,79.63090515136719,41874
2024-05-17 00:00:00+02:00,79.1876780254609,80.22184661895423,78.44898697807501,79.77863311767578,70757
2024-05-20 00:00:00+02:00,80.36959165550132,81.25601869606118,79.92637249945572,80.81280517578125,39246
2024-05-21 00:00:00+02:00,81.1082818300951,81.1082818300951,80.36959075927734,80.36959075927734,27962
2024-05-22 00:00:00+02:00,80.8128035449726,81.10828109778501,80.22184843934775,80.6650619506836,20377
2024-05-23 00:00:00+02:00,81.10828538937834,82.88113952852677,80.66506621882536,82.14244842529297,53549
2024-05-24 00:00:00+02:00,82.73339918460495,83.02887673741736,80.22184843934775,80.6650619506836,65588
2024-05-27 00:00:00+02:00,80.6650665834523,82.4379263663804,80.6650665834523,81.99471282958984,21366
2024-05-28 00:00:00+02:00,82.43792420465616,82.43792420465616,80.96054203025098,81.25601959228516,27360
2024-05-29 00:00:00+02:00,81.69923433621206,81.69923433621206,79.03994750976562,79.03994750976562,92039
2024-05-31 00:00:00+02:00,79.03994875945264,79.77863986935408,78.15352168187731,79.3354263305664,64864
2024-06-03 00:00:00+02:00,79.77863823559429,80.22185176530554,79.03994714082026,79.18768310546875,28305
2024-06-04 00:00:00+02:00,79.48316138226828,80.07411651768557,75.78970587532491,76.38066101074219,223816
2024-06-05 00:00:00+02:00,76.67613983154297,77.7103028817754,76.2329206548537,76.67613983154297,43398
2024-06-06 00:00:00+02:00,77.56257214592499,77.71030812427736,75.93745384098357,76.08518981933594,44636
2024-06-07 00:00:00+02:00,76.08518896870034,76.52840253456863,75.64197540283203,75.64197540283203,31213
2024-06-10 00:00:00+02:00,76.08519187340369,77.85805184032561,76.08519187340369,76.82388305664062,57442
2024-06-11 00:00:00+02:00,76.97161696098284,77.26709455345392,76.08518981933594,76.08518981933594,33466
2024-06-12 00:00:00+02:00,76.2329290620701,77.26709786212,76.08519307739151,77.1193618774414,35540
2024-06-13 00:00:00+02:00,77.41483306884766,78.74447372809577,77.11935548820382,77.41483306884766,38751
2024-06-14 00:00:00+02:00,77.41483269282949,78.30125979468936,76.52839995520355,77.56256866455078,28124
2024-06-17 00:00:00+02:00,78.4489923768816,79.18768347510371,77.85804287976342,79.03994750976562,76487
2024-06-18 00:00:00+02:00,79.18768131180518,79.77863642854511,78.30125427246094,78.30125427246094,47942
2024-06-19 00:00:00+02:00,79.03994838955605,79.63090352901796,78.3012572831116,79.48316192626953,68540
2024-06-20 00:00:00+02:00,79.77864284690368,80.517333984375,79.18768768262017,80.517333984375,53892
2024-06-21 00:00:00+02:00,80.51732970620985,80.66506567154794,79.03994750976562,79.03994750976562,89071
2024-06-24 00:00:00+02:00,79.77864037416471,80.36959552013157,79.03994925958911,79.92637634277344,64204
2024-06-25 00:00:00+02:00,80.22185640223324,80.81281156651676,79.77864284690368,80.517333984375,110776
2024-06-26 00:00:00+02:00,81.29905442027447,81.38133965446882,79.15960066345598,80.3938980102539,46784
2024-06-27 00:00:00+02:00,80.55847811165127,80.55847811165127,79.4064659510694,79.65332794189453,36571
2024-06-28 00:00:00+02:00,79.90017947056077,80.80532959291678,79.57103225935109,80.47618865966797,36421
2024-07-01 00:00:00+02:00,80.88761794812108,81.87505326526157,80.47618551965242,81.54590606689453,29441
2024-07-02 00:00:00+02:00,81.46362375475697,81.62819422085497,79.7356087488846,79.8178939819336,37370
2024-07-03 00:00:00+02:00,79.90017713921455,80.80532723515988,79.40645947578626,80.22932434082031,44290
2024-07-04 00:00:00+02:00,80.39389452528108,80.47618603386914,79.3241739712038,79.57102966308594,32587
2024-07-05 00:00:00+02:00,79.65331438741116,80.14703200708499,78.58358764648438,78.58358764648438,26697
2024-07-08 00:00:00+02:00,78.66587858097105,79.73560539955626,78.58359335137848,79.32417297363281,23852
2024-07-09 00:00:00+02:00,79.32418272061898,79.48875320002577,78.41903252795888,78.91275024414062,21757
2024-07-10 00:00:00+02:00,79.32418272061898,79.48875320002577,78.74817348677246,78.91275024414062,13699
2024-07-11 00:00:00+02:00,79.07731616310531,79.15960139806326,78.5835984753966,78.7481689453125,16777
2024-07-12 00:00:00+02:00,78.99503326416016,79.40646572907765,78.41903032446012,78.99503326416016,14703
2024-07-15 00:00:00+02:00,78.99503548384402,79.48875320002577,77.92530853381575,78.91275024414062,19779
2024-07-16 00:00:00+02:00,78.74816870092134,78.83046021358491,76.52643597414664,76.85558319091797,29435
2024-07-17 00:00:00+02:00,76.52643403082017,78.25444902753684,76.11500158979425,77.59616088867188,62197
2024-07-18 00:00:00+02:00,77.59616333660742,80.22932853105772,77.10243936943209,79.40646362304688,40667
2024-07-19 00:00:00+02:00,79.57103213261105,80.14704132080078,78.50131154533449,80.14704132080078,24570
2024-07-22 00:00:00+02:00,79.57103670589701,82.2864935026696,79.24189575425532,81.87506103515625,51772
2024-07-23 00:00:00+02:00,81.79277210340146,82.2042045523341,80.06475707347656,80.3938980102539,14919
2024-07-24 00:00:00+02:00,79.90018463134766,80.06476138656302,79.24189644437003,79.90018463134766,8131
2024-07-25 00:00:00+02:00,78.99503006283977,79.07731529689637,77.8430179521645,78.83045959472656,26519
2024-07-26 00:00:00+02:00,78.58359935543372,78.995031812792,77.43158721923828,77.43158721923828,19934
2024-07-29 00:00:00+02:00,77.67844920483769,77.76073444071713,76.8555842901211,77.43158721923828,10917
2024-07-30 00:00:00+02:00,78.00758814597879,81.13447072321328,77.67844095943819,79.07730865478516,87463
2024-07-31 00:00:00+02:00,78.99502909552191,80.88762084545313,78.66588188536505,79.8178939819336,16944
2024-08-01 00:00:00+02:00,79.81789470471834,80.22932715164988,77.92530293764891,78.17216491699219,16730
2024-08-02 00:00:00+02:00,77.18473028454314,78.0898804207494,75.78585618498713,76.52643585205078,26741
2024-08-05 00:00:00+02:00,73.23497983426024,73.72869754384277,69.94352006642832,72.82354736328125,82859
2024-08-06 00:00:00+02:00,73.39954101138485,74.14012062090421,71.01323800443205,71.26009368896484,27596
2024-08-07 00:00:00+02:00,71.42467011835434,74.05783507655892,71.42467011835434,73.56411743164062,18494
2024-08-08 00:00:00+02:00,73.48183205370854,73.72868773668318,71.67152565542551,73.23497009277344,32138
2024-08-09 00:00:00+02:00,73.23496602376302,75.12755754454993,72.90581885345746,74.05783081054688,15901
2024-08-12 00:00:00+02:00,74.88071134148441,76.60872650146484,74.46927886158615,76.60872650146484,18250
2024-08-13 00:00:00+02:00,77.18472019970953,77.26700542352958,75.70356105910814,76.2795639038086,19219
2024-08-14 00:00:00+02:00,76.44415380746926,76.93787151346072,75.9504361014778,76.69100952148438,11020
2024-08-16 00:00:00+02:00,74.05783925962861,77.84301645508414,73.89326879468044,77.26701354980469,51199
2024-08-19 00:00:00+02:00,77.34929770091773,78.00759210742899,76.19728562850341,77.92530059814453,11998
2024-08-20 00:00:00+02:00,77.67844809386578,77.67844809386578,76.44415073944405,76.85558319091797,10719
2024-08-21 00:00:00+02:00,76.44415183276281,78.50131411955428,76.44415183276281,77.43158721923828,9339
2024-08-22 00:00:00+02:00,78.08987968319806,78.91274457706115,76.69100559685428,78.17216491699219,20424
2024-08-23 00:00:00+02:00,78.25444902753684,78.4190257707237,77.349298912872,77.59616088867188,10915
2024-08-26 00:00:00+02:00,77.43158611179703,77.92530379797353,76.60872120884922,76.85558319091797,6492
2024-08-27 00:00:00+02:00,76.77329710860933,78.17216491699219,75.95043221474626,78.17216491699219,11666
2024-08-28 00:00:00+02:00,77.92529973918123,78.0898764779753,76.69100244904872,78.0075912475586,13080
2024-08-29 00:00:00+02:00,78.00759444940394,78.41902689633548,76.85558234240345,78.17216491699219,29855
2024-08-30 00:00:00+02:00,77.6784417007806,77.76072692871094,76.44414444794391,77.76072692871094,25617
2024-09-02 00:00:00+02:00,76.93786687949269,79.8178939819336,76.93786687949269,79.8178939819336,36412
2024-09-03 00:00:00+02:00,79.8178967275086,79.8178967275086,77.34930198335884,77.43158721923828,14192
2024-09-04 00:00:00+02:00,77.10243474088568,78.08987633799808,77.02014951061648,77.6784439086914,15605
2024-09-05 00:00:00+02:00,77.34930087709445,78.08988054533968,76.52643597414664,76.85558319091797,14359
2024-09-06 00:00:00+02:00,77.43158573796121,77.43158573796121,75.70357070570577,75.8681411743164,13825
2024-09-09 00:00:00+02:00,75.70356764188878,76.52643250756148,75.70356764188878,76.03271484375,7253
2024-09-10 00:00:00+02:00,76.27957223627597,76.60871944547098,74.14012479344962,74.63384246826172,9832
2024-09-11 00:00:00+02:00,74.63383554956249,74.79841227788384,73.31725311279297,73.31725311279297,14883
2024-09-12 00:00:00+02:00,72.98811319870558,76.11500229047145,72.98811319870558,75.95043182373047,36197
2024-09-13 00:00:00+02:00,76.1972886358046,77.51387122282833,75.9504329320907,76.52643585205078,32414
2024-09-16 00:00:00+02:00,75.7858550790286,76.77329671335718,74.7161344892904,75.95043182373047,11761
2024-09-17 00:00:00+02:00,75.95043280986695,76.60872096333897,75.37442361287285,76.1972885131836,4498
2024-09-18 00:00:00+02:00,76.52643784060463,76.85558506540376,75.78585815429688,75.78585815429688,9248
2024-09-19 00:00:00+02:00,76.69099630086896,77.51386109498971,75.78584628292818,76.2795639038086,13653
2024-09-20 00:00:00+02:00,76.85557928848989,76.85557928848989,74.63384039656547,75.04527282714844,25379
2024-09-23 00:00:00+02:00,75.2098517839424,76.03271666937293,74.22241015464925,74.9629898071289,10723
2024-09-24 00:00:00+02:00,76.03271828797016,76.85558319091797,75.3744238544275,76.85558319091797,19172
2024-09-25 00:00:00+02:00,75.29213157066933,76.36185835553513,74.88069915771484,74.88069915771484,15448
2024-09-26 00:00:00+02:00,75.04526961171248,75.86813443762144,73.81097237284905,74.88069915771484,18211
2024-09-27 00:00:00+02:00,75.20985216747424,76.19728752384195,74.88070495603138,75.95043182373047,11744
2024-09-30 00:00:00+02:00,74.88070457417803,75.78585469255943,74.63384259736452,74.9629898071289,17651
2024-10-01 00:00:00+02:00,75.12756852955552,75.53900098310629,74.0578416391391,74.222412109375,17890
2024-10-02 00:00:00+02:00,74.2224012567196,75.04526604350346,73.81096886332769,74.05783081054688,11780
2024-10-03 00:00:00+02:00,74.38698211386982,74.63383779684447,73.070399637457,73.23497009277344,34686
2024-10-04 00:00:00+02:00,73.31725646944653,73.97555085694985,72.49439162404768,73.81097412109375,9438
2024-10-07 00:00:00+02:00,73.81097903905584,73.89327055144717,71.09552863508779,71.3423843383789,33353
2024-10-08 00:00:00+02:00,72.412109375,72.90582704696466,71.3423825207759,72.412109375,18595
2024-10-09 00:00:00+02:00,72.16524344675156,73.72868788729323,72.16524344675156,73.56411743164062,16009
2024-10-10 00:00:00+02:00,74.05783081054688,74.63383365011154,73.64639841715496,74.05783081054688,11713
2024-10-11 00:00:00+02:00,74.38698151776155,75.2098463436705,74.14011955880471,74.88069915771484,12712
2024-10-14 00:00:00+02:00,74.8807087834655,75.0452792586183,73.81098186108865,74.14012908935547,11859
2024-10-15 00:00:00+02:00,74.46927114413522,74.88070358139564,73.81097673333426,74.71613311767578,6631
2024-10-16 00:00:00+02:00,74.71613140198194,77.02014923095703,73.23497215067174,77.02014923095703,39797
2024-10-17 00:00:00+02:00,76.27957323310356,76.27957323310356,73.31726086755835,73.64640808105469,23713
2024-10-18 00:00:00+02:00,74.6338438258538,76.27957362380394,73.89327043914503,75.8681411743164,19903
2024-10-21 00:00:00+02:00,76.1149967047333,76.2795671593972,74.63383750091648,75.53899383544922,11787
2024-10-22 00:00:00+02:00,75.5390022415219,75.5390022415219,73.64641041247496,73.89327239990234,14520
2024-10-23 00:00:00+02:00,73.81098088545247,74.46927533328474,73.72869564896372,73.89327239990234,9146
2024-10-24 00:00:00+02:00,74.30469275776608,74.71612515115801,73.89326036437416,74.05783081054688,5042
2024-10-25 00:00:00+02:00,74.46927409268987,74.46927409268987,73.8932711689032,74.222412109375,8228
2024-10-28 00:00:00+01:00,74.88070093129649,75.04527138919204,73.81097412109375,73.81097412109375,16597
2024-10-29 00:00:00+01:00,74.71613410827626,76.11500190232381,74.71613410827626,74.9629898071289,52109
2024-10-30 00:00:00+01:00,75.20984841816549,75.37441887670244,73.48183349168535,74.46926879882812,20745
2024-10-31 00:00:00+01:00,73.81098088545247,74.55156056977349,73.81098088545247,73.89327239990234,11296
2024-11-04 00:00:00+01:00,74.14012160379367,74.79841599386258,73.89326591598827,74.46926879882812,23279
2024-11-05 00:00:00+01:00,74.46927409268987,74.55155932780782,73.8932711689032,74.222412109375,7293
2024-11-06 00:00:00+01:00,74.22241099620258,75.29213787057546,72.90582842017815,73.64640808105469,43282
2024-11-07 00:00:00+01:00,74.05784417885573,75.29214158183666,73.81098218707506,75.12757110595703,30674
2024-11-08 00:00:00+01:00,75.29213157066933,75.37441679766815,74.30469629076273,74.88069915771484,17415
2024-11-12 00:00:00+01:00,75.20985191290413,76.27957249902154,74.55155749224659,75.2921371459961,35762
2024-11-13 00:00:00+01:00,75.12756942575477,75.12756942575477,72.41211268874248,72.90583038330078,52900
2024-11-14 00:00:00+01:00,71.5892404277673,74.14012015293473,71.5892404277673,73.23497009277344,32815
2024-11-15 00:00:00+01:00,73.39955031146732,73.72869754384277,72.24754441509518,72.82354736328125,24337
2024-11-18 00:00:00+01:00,72.24754441509518,73.23497983426024,72.16525289853035,72.82354736328125,26312
2024-11-19 00:00:00+01:00,73.15268773743783,73.39954343010521,70.02579873996544,71.5069580078125,35843
2024-11-20 00:00:00+01:00,71.50696342010934,72.3298283472039,70.766383730132,71.58924865722656,31191
2024-11-21 00:00:00+01:00,71.83610854668942,72.74125868444264,70.84866689626327,72.00067901611328,21164
2024-11-22 00:00:00+01:00,72.32982635498047,72.49439682468206,70.60181131126988,72.32982635498047,26514
2024-11-25 00:00:00+01:00,72.82354938948731,73.39955235369979,72.08296966552734,72.08296966552734,30623
2024-11-26 00:00:00+01:00,72.08296090199708,72.4121081035143,71.5069580078125,71.5069580078125,36376
2024-11-27 00:00:00+01:00,71.75381791027966,71.75381791027966,70.27266483349398,70.68409729003906,46150
2024-11-28 00:00:00+01:00,70.68409081376117,71.83610284212901,70.43722885126789,71.26009368896484,30025
2024-11-29 00:00:00+01:00,71.67152270354563,71.75380792781483,70.76637268066406,70.76637268066406,45094
2024-12-02 00:00:00+01:00,70.68408660927135,72.08295423896338,70.43722466146211,71.7538070678711,71614
2024-12-03 00:00:00+01:00,71.75381496040659,72.57667983966795,71.09552682377398,72.412109375,27206
2024-12-04 00:00:00+01:00,72.65896941394449,73.89326669994834,72.41210744555946,73.1526870727539,36959
2024-12-05 00:00:00+01:00,73.23497383235399,74.71613311767578,72.82354139509357,74.71613311767578,39236
2024-12-06 00:00:00+01:00,74.88069946087276,76.1149967047333,74.79841423354081,75.53899383544922,54236
2024-12-09 00:00:00+01:00,75.95043268658267,76.52643560468084,75.78585594001109,75.8681411743164,70502
2024-12-10 00:00:00+01:00,76.27957179634409,77.34929865056819,74.96298924511807,76.9378662109375,65842
2024-12-11 00:00:00+01:00,76.93787145247789,76.93787145247789,75.12757110595703,75.12757110595703,34274
2024-12-12 00:00:00+01:00,75.29213688665175,75.78585456146386,74.38698676983608,74.63384246826172,62633
2024-12-13 00:00:00+01:00,74.7161339790311,74.88070444464819,73.72869235144606,74.63384246826172,58673
2024-12-16 00:00:00+01:00,74.79841037424437,74.9629808204171,73.81096886332769,74.05783081054688,22195
2024-12-17 00:00:00+01:00,74.22240973244018,74.46927170784943,72.65897148138437,72.74125671386719,57048
2024-12-18 00:00:00+01:00,72.90582730951294,73.23497451799497,72.4121096357703,73.07040405273438,21869
2024-12-19 00:00:00+01:00,72.57668738884684,72.98811987127331,71.42468146042185,72.08296966552734,48672
2024-12-20 00:00:00+01:00,72.2475357055664,72.49439139161827,70.76637647741308,72.2475357055664,88513
2024-12-23 00:00:00+01:00,72.32982193537379,72.98811005191739,71.75381277069243,72.49439239501953,45292
2024-12-27 00:00:00+01:00,72.49439048792858,73.48183205370854,72.32982003261215,73.23497009277344,39264
2024-12-30 00:00:00+01:00,73.23497538208474,73.23497538208474,72.65897246891562,72.98811340332031,30842
2025-01-02 00:00:00+01:00,73.8109729643414,74.05783492527651,72.74125244886368,73.23497009277344,58058
2025-01-03 00:00:00+01:00,73.97554558746052,74.79841037424437,73.23496602376302,74.05783081054688,111115
2025-01-07 00:00:00+01:00,74.46927886158615,76.60872650146484,74.22241686246261,76.60872650146484,83961
2025-01-08 00:00:00+01:00,76.69100044389589,77.1024328631828,74.96298553848295,75.45670318603516,79938
2025-01-09 00:00:00+01:00,75.62128559415045,76.1972885131836,74.2224114968456,76.1972885131836,43842
2025-01-10 00:00:00+01:00,76.52643795528928,76.52643795528928,75.70357303103886,76.11500549316406,55712
2025-01-13 00:00:00+01:00,76.11500190232381,76.27957236822557,74.304701665561,74.9629898071289,51469
2025-01-14 00:00:00+01:00,76.1149934561685,76.52642585322889,74.96298148880744,76.2795639038086,59514
2025-01-15 00:00:00+01:00,76.36186856946424,77.34930398144714,75.78585934750649,76.69100952148438,76058
2025-01-16 00:00:00+01:00,76.93787151346072,77.51387445745722,76.03272133948285,76.69100952148438,79895
2025-01-17 00:00:00+01:00,76.69100296951174,77.43158260420931,75.86813810383904,76.03271484375,53948
2025-01-20 00:00:00+01:00,76.60871107704892,76.69099630086896,75.70356105910814,76.2795639038086,41743
2025-01-21 00:00:00+01:00,76.52643377130681,77.10243667560545,76.27957179634409,76.9378662109375,23628
2025-01-22 00:00:00+01:00,77.10243181350208,79.24188538703565,77.02014658635703,79.07730865478516,77532
2025-01-23 00:00:00+01:00,79.32417702399269,79.32417702399269,77.92530293764891,78.17216491699219,33996
2025-01-24 00:00:00+01:00,78.50131556185138,79.24189525429513,78.08988309693389,78.99503326416016,16588
2025-01-27 00:00:00+01:00,78.41902702193346,78.83045946952396,77.84301782853021,78.50131225585938,16777
2025-01-28 00:00:00+01:00,78.50130910900866,79.81789163292875,78.25444713916585,79.57102966308594,26301
2025-01-29 00:00:00+01:00,79.57103200482574,80.22932642513943,79.24189107262976,79.8178939819336,20527
2025-01-30 00:00:00+01:00,79.98246457647762,80.3938970203442,79.2418911998865,80.14704132080078,25654
2025-01-31 00:00:00+01:00,80.31161510481913,80.64076232910156,79.81789740737604,80.64076232910156,44069
2025-02-03 00:00:00+01:00,80.14704329584885,80.14704329584885,78.74816918545379,79.40646362304688,27357
2025-02-04 00:00:00+01:00,79.65332682056984,80.47619174112135,79.32417959675702,80.31161499023438,43961
2025-02-05 00:00:00+01:00,80.31160589584204,80.31160589584204,78.91273820049507,79.07730865478516,28686
2025-02-06 00:00:00+01:00,78.9950323729442,80.31161499023438,78.83046190001835,80.31161499023438,20598
2025-02-07 00:00:00+01:00,80.31161838209815,81.38134533517817,80.06476266228371,81.13448333740234,23732
2025-02-10 00:00:00+01:00,81.79277051625799,83.1093530717027,81.4636233079066,82.12191772460938,37911
2025-02-11 00:00:00+01:00,82.28648631135785,84.425933699861,81.54590667896349,84.09678649902344,56285
2025-02-12 00:00:00+01:00,86.89452818024083,87.38824584189774,85.41337519527009,87.0591049194336,110293
2025-02-13 00:00:00+01:00,87.2236745933991,88.70483384296182,86.89452739594509,88.37568664550781,96635
2025-02-14 00:00:00+01:00,87.8819727574151,88.21111369102478,85.90709576595256,86.56538391113281,54052
2025-02-17 00:00:00+01:00,87.22368201139932,88.7048413869283,87.0591115376566,88.04654693603516,60572
2025-02-18 00:00:00+01:00,88.21111323407752,89.19855486367413,87.5528250923073,88.8694076538086,52231
2025-02-19 00:00:00+01:00,89.19855571480473,89.19855571480473,86.89453150172187,87.55282592773438,61440
2025-02-20 00:00:00+01:00,88.21110962338226,88.540256819775,87.22367431216463,87.71739196777344,55696
2025-02-21 00:00:00+01:00,87.0591115376566,88.37569416148173,87.0591115376566,88.04654693603516,23979
2025-02-24 00:00:00+01:00,88.04653902061847,88.37568621647458,86.89452697410238,87.38824462890625,54885
2025-02-25 00:00:00+01:00,87.05910413365241,89.03397476245522,87.05910413365241,88.37568664550781,65614
2025-02-26 00:00:00+01:00,88.86941108353642,89.69227600097656,88.54026386096814,89.69227600097656,72028
2025-02-27 00:00:00+01:00,89.69227253949201,90.51513742517541,88.8694076538086,88.8694076538086,85471
2025-02-28 00:00:00+01:00,88.37569338866454,89.69227600097656,88.04654616609626,89.69227600097656,777517
2025-03-03 00:00:00+01:00,89.52769776871457,89.69226822675375,88.04653853451974,89.36312103271484,80350
2025-03-04 00:00:00+01:00,88.8694083735628,89.1985555860941,86.89453137633589,87.22367858886719,84334
2025-03-05 00:00:00+01:00,88.04654616609626,89.69227600097656,87.88197569379267,89.69227600097656,98537
2025-03-06 00:00:00+01:00,89.5277011126436,90.51513645368125,89.03397716416397,89.85684204101562,70748
2025-03-07 00:00:00+01:00,89.85684175814607,92.4900131225586,89.69227129447813,92.4900131225586,136245
2025-03-10 00:00:00+01:00,92.49001821397088,92.49001821397088,89.69227623187966,90.35057067871094,73144
2025-03-11 00:00:00+01:00,90.67970290588603,91.66714448119669,90.18598525721097,91.00885009765625,69632
2025-03-12 00:00:00+01:00,89.85683806544075,91.50256774633132,88.5402555763204,91.00885009765625,87150
2025-03-13 00:00:00+01:00,91.9962919682172,92.81915681130336,90.84427993230446,91.66714477539062,104185
2025-03-14 00:00:00+01:00,91.33800432323353,93.31288134797674,91.33800432323353,92.98373413085938,71181
2025-03-17 00:00:00+01:00,92.98373011630758,94.30031264997288,92.98373011630758,94.1357421875,104569
2025-03-18 00:00:00+01:00,94.30032040179931,95.2877620916901,93.47745546587093,94.46489715576172,60476
2025-03-19 00:00:00+01:00,94.6294676317629,94.9586148617265,93.9711731718357,94.46489715576172,49900
2025-03-20 00:00:00+01:00,94.46489247754155,94.95861015905575,93.14830362288907,93.9711685180664,34868
2025-03-21 00:00:00+01:00,92.16086825986066,94.13574526387843,91.17343289683224,93.9711685180664,97364
2025-03-24 00:00:00+01:00,94.13574575863993,95.4523283422512,93.80659854324688,95.28775787353516,66552
2025-03-25 00:00:00+01:00,95.2877560783927,98.2500684052008,95.12317933481619,97.5917739868164,104256
2025-03-26 00:00:00+01:00,97.75635098843965,98.74378634066193,96.76890935825651,98.25006866455078,74313
2025-03-27 00:00:00+01:00,98.08548414930036,98.57920806425498,96.11061360132332,97.92091369628906,54522
2025-03-28 00:00:00+01:00,97.75634324327777,98.57920806425498,96.93347842230055,97.92091369628906,106429
2025-03-31 00:00:00+02:00,97.26263198556815,98.08549691362867,93.80660179889847,95.78147888183594,105568
2025-04-01 00:00:00+02:00,96.27519238713809,97.26262774659105,95.61689796219552,96.60433959960938,42016
2025-04-02 00:00:00+02:00,96.93348584639286,97.5917739868164,96.27519142800845,97.5917739868164,56950
2025-04-03 00:00:00+02:00,96.43975568344898,96.93347960442468,94.30030837840927,94.62945556640625,67083
2025-04-04 00:00:00+02:00,93.80660667143258,93.80660667143258,84.42594474869702,84.91966247558594,222583
2025-04-07 00:00:00+02:00,80.22932137279818,88.21110775716417,78.089874058449,84.59050750732422,177917
2025-04-08 00:00:00+02:00,88.0465433532042,88.0465433532042,84.5905133215525,86.89453125,57550
2025-04-09 00:00:00+02:00,85.08423258362147,86.07166796018981,82.7802083343473,83.93222045898438,49495
2025-04-10 00:00:00+02:00,90.51513716043321,90.51513716043321,86.40081274404989,88.21111297607422,74651
2025-04-11 00:00:00+02:00,88.04653916416619,89.52769840895323,87.55282150855737,87.71739196777344,50493
2025-04-14 00:00:00+02:00,88.21111162332605,91.66714784686502,88.21111162332605,91.50257110595703,55979
2025-04-15 00:00:00+02:00,91.83171926997602,92.9837313565341,90.02141904678534,90.51513671875,113725
2025-04-16 00:00:00+02:00,90.35056557412463,92.65458345194045,90.35056557412463,92.1608657836914,32043
2025-04-17 00:00:00+02:00,91.66715479762938,94.46489682559977,91.66715479762938,93.47745513916016,40785
2025-04-22 00:00:00+02:00,93.47745012737022,96.11062153873723,92.98373244960167,95.61689758300781,80580
2025-04-23 00:00:00+02:00,96.27519180794101,98.57921600341797,95.61689738695877,98.57921600341797,74157
2025-04-24 00:00:00+02:00,98.41463913060088,98.74378634066193,96.76890935825651,98.25006866455078,52091
2025-04-25 00:00:00+02:00,97.92091705068272,99.56664674901353,97.26262266016617,98.41463470458984,72411
2025-04-28 00:00:00+02:00,98.41463470458984,99.56664674901353,97.92091705068272,98.41463470458984,47887
2025-04-29 00:00:00+02:00,98.7437906812728,99.23750837908695,97.09806083658492,97.75635528564453,11732
2025-04-30 00:00:00+02:00,97.75635493913224,98.08549588453421,95.61690112625271,96.76891326904297,84750
2025-05-02 00:00:00+02:00,97.09804976359888,98.41463223361491,96.43975538961065,96.93347930908203,14654
2025-05-05 00:00:00+02:00,96.76890671549194,96.93348345500829,94.62945932546486,96.1106185913086,35175
2025-05-06 00:00:00+02:00,96.6043324164277,96.6043324164277,93.31287309237878,94.62945556640625,32692
2025-05-07 00:00:00+02:00,94.62945527808365,97.09804976359888,94.62945527808365,96.93347930908203,64537
2025-05-08 00:00:00+02:00,97.09805297851562,97.75634737429999,96.60433532065768,97.09805297851562,20094
2025-05-09 00:00:00+02:00,97.42720718188276,99.23750748351792,97.09805996032335,99.07293701171875,61891
2025-05-12 00:00:00+02:00,98.90836014445522,100.71866672190082,97.92092475891114,98.74378967285156,45887
2025-05-13 00:00:00+02:00,98.74378608000868,98.74378608000868,96.60433863720066,97.5917739868164,35634
2025-05-14 00:00:00+02:00,98.25006757800936,99.23750291931165,97.4272027009372,98.90835571289062,29662
2025-05-15 00:00:00+02:00,97.9209211960086,99.23750375481654,97.09805631200854,97.5917739868164,28767
2025-05-16 00:00:00+02:00,97.59177063637358,98.25006503215795,95.61689372698115,97.09805297851562,46288
2025-05-19 00:00:00+02:00,94.95860969054645,97.59177483093794,94.95860969054645,96.27519226074219,51280
2025-05-20 00:00:00+02:00,97.09806083658492,97.92092575892886,96.43976638752532,97.75635528564453,18115
2025-05-21 00:00:00+02:00,97.92091797595516,98.08548843615907,96.76890592064592,97.42720031738281,18101
2025-05-22 00:00:00+02:00,97.26262749033039,97.42720423511288,95.61689771027092,95.946044921875,33310
2025-05-23 00:00:00+02:00,96.76890629495442,97.09805349459603,92.65458199433594,95.12317657470703,53230
2025-05-26 00:00:00+02:00,96.11062166665748,97.0980570235088,94.6294623534196,95.946044921875,30309
2025-05-27 00:00:00+02:00,96.27519238713809,97.75635170427843,96.1106219198829,96.60433959960938,13225
2025-05-28 00:00:00+02:00,97.09805311901437,98.57921237269206,97.09805311901437,97.42720031738281,45583
2025-05-29 00:00:00+02:00,98.57921633674668,98.57921633674668,95.45232724344933,95.946044921875,50129
2025-05-30 00:00:00+02:00,96.43976540263394,98.74378967285156,95.6169004886935,98.74378967285156,178827
2025-06-02 00:00:00+02:00,97.42720111763596,98.41463644289132,94.95860652653688,96.1106185913086,52127
2025-06-03 00:00:00+02:00,96.60433583411395,97.09805349459603,94.95860611386655,95.12317657470703,37215
2025-06-04 00:00:00+02:00,95.12317291959461,97.26262021811573,94.4648848235668,96.93347930908203,51647
2025-06-05 00:00:00+02:00,97.75634886355013,97.75634886355013,93.97116544706638,94.1357421875,79154
2025-06-06 00:00:00+02:00,94.30031251329663,94.62945971572609,92.49001231687573,93.80659484863281,47915
2025-06-09 00:00:00+02:00,94.46488859116978,96.11061831381762,93.9711646520069,95.45232391357422,48254
2025-06-10 00:00:00+02:00,95.94604935626357,96.76891428432408,93.9711722733261,95.78147888183594,65184
2025-06-11 00:00:00+02:00,96.76890287144596,96.76890287144596,93.97116119041229,94.62945556640625,37333
2025-06-12 00:00:00+02:00,94.79402923583984,95.12317643499803,92.9837290574108,94.79402923583984,45210
2025-06-13 00:00:00+02:00,94.30032007221256,94.46489682559977,93.14830791034696,93.47745513916016,39740
2025-06-16 00:00:00+02:00,93.64202758236422,94.46489247754155,92.81916268718689,93.9711685180664,45286
2025-06-17 00:00:00+02:00,94.13573867793997,94.30030913427736,92.4900090027241,93.31287384033203,39481
2025-06-18 00:00:00+02:00,93.64202103096731,93.64202103096731,92.4900090027241,93.31287384033203,37298
2025-06-20 00:00:00+02:00,93.31287384033203,94.46488586857524,92.81915619335938,93.31287384033203,41841
2025-06-23 00:00:00+02:00,92.98372970914617,93.47744737236366,91.66714718124598,93.14830017089844,58176
2025-06-24 00:00:00+02:00,93.14830057878046,94.79403031535229,93.14830057878046,94.1357421875,43992
2025-06-25 00:00:00+02:00,94.46489285120084,95.28775774963304,94.30031610473783,94.95861053466797,51202
2025-06-26 00:00:00+02:00,95.28775690258561,97.42720436389881,95.28775690258561,96.27519226074219,60479
2025-06-27 00:00:00+02:00,96.27519557297889,96.76891326904297,94.62946573412455,96.76891326904297,63349
2025-06-30 00:00:00+02:00,97.26262703436765,98.25006866455078,96.93348610226747,98.25006866455078,90672
2025-07-01 00:00:00+02:00,98.41463925919197,99.89579856742156,98.25006879292685,98.57921600341797,78926
2025-07-02 00:00:00+02:00,99.89580080797586,100.06037127793212,98.08549424865194,99.7312240600586,77902
2025-07-03 00:00:00+02:00,99.73122003956378,101.21237932130374,99.23750237163738,100.88323211669922,151629
2025-07-04 00:00:00+02:00,102.40128902772,103.83849873116198,100.784423828125,100.784423828125,62821
2025-07-07 00:00:00+02:00,102.04198091375281,102.04198091375281,100.60477126629414,101.32337951660156,23490
2025-07-08 00:00:00+02:00,101.323385309622,101.68268260216185,99.7065200805664,99.7065200805664,63868
2025-07-09 00:00:00+02:00,99.70651537312764,100.60477226838105,98.80825847787425,100.24546813964844,58755
2025-07-10 00:00:00+02:00,100.42512649186186,100.42512649186186,97.55070023326032,98.08965301513672,42244
2025-07-11 00:00:00+02:00,98.08965301513672,99.70651821392237,97.91000437223006,98.08965301513672,30924
2025-07-14 00:00:00+02:00,97.73035755897095,99.88616872683633,97.73035755897095,99.7065200805664,26195
2025-07-15 00:00:00+02:00,99.70651972201945,100.0658238664238,97.91000585315423,98.2693099975586,37752
2025-07-16 00:00:00+02:00,98.80826278758684,99.3472155776151,98.2693099975586,98.2693099975586,25521
2025-07-17 00:00:00+02:00,98.26931531912643,100.60478210449219,98.26931531912643,100.60478210449219,39112
2025-07-18 00:00:00+02:00,100.60477953885508,101.86234065372213,100.60477953885508,101.50303649902344,43375
2025-07-21 00:00:00+02:00,101.50303431052598,101.86233845747775,99.70652042892375,101.14373016357422,13562
2025-07-22 00:00:00+02:00,100.96407932427803,101.32338346342763,99.88616690682922,100.784423828125,30304
2025-07-23 00:00:00+02:00,100.78442786997714,101.50303617709537,99.52687361225532,100.06582641601562,40006
2025-07-24 00:00:00+02:00,100.42512512207031,100.78442240298283,100.06582098800145,100.42512512207031,34528
2025-07-25 00:00:00+02:00,100.42512363059286,100.42512363059286,99.34721124439504,100.24546813964844,21074
2025-07-28 00:00:00+02:00,100.24547026873942,100.24547026873942,97.91000366210938,97.91000366210938,21298
2025-07-29 00:00:00+02:00,97.91000802823515,99.16756913500896,97.91000802823515,98.62861633300781,26260
2025-07-30 00:00:00+02:00,98.4489608302363,98.80826498262263,97.91000802823515,98.62861633300781,32631
2025-07-31 00:00:00+02:00,98.80826278758684,99.1675669319912,97.55070170874988,98.2693099975586,38429
2025-08-01 00:00:00+02:00,98.2693103509373,98.80826314290364,96.6524451218817,97.01174926757812,39019
2025-08-04 00:00:00+02:00,97.55069881562973,97.91000294937798,96.83209740128957,97.73035430908203,18106
2025-08-05 00:00:00+02:00,98.26930963368999,98.26930963368999,96.11349162840293,96.83209991455078,20475
2025-08-06 00:00:00+02:00,97.7303557293234,98.08965301513672,96.65244331241418,98.08965301513672,16461
2025-08-07 00:00:00+02:00,98.44895720338724,100.96407932427803,98.08965306423764,100.784423828125,72002
2025-08-08 00:00:00+02:00,99.70651826383263,100.784423828125,98.98790998553342,100.784423828125,22870
2025-08-11 00:00:00+02:00,100.78442566449908,101.50303395589192,99.34721593486998,99.7065200805664,17906
2025-08-12 00:00:00+02:00,100.2454696284577,100.42512512207031,99.34721271986372,100.42512512207031,7695
2025-08-13 00:00:00+02:00,100.42512654213184,100.784423828125,99.52686962083605,100.784423828125,23425
2025-08-14 00:00:00+02:00,100.24547216067242,100.60477630381736,98.44895829810426,99.52687072753906,24083
2025-08-18 00:00:00+02:00,99.70651788289403,99.88616652520426,98.44895682725328,99.34721374511719,10509
2025-08-19 00:00:00+02:00,99.526876184329,99.88617349401672,97.91001087810668,99.16757202148438,31942
2025-08-20 00:00:00+02:00,98.8082663868945,99.16757054438729,97.91000941974092,98.9879150390625,22259
2025-08-21 00:00:00+02:00,97.91000586255157,100.96408081054688,97.91000586255157,100.96408081054688,33544
2025-08-22 00:00:00+02:00,98.98791252952212,98.98791252952212,93.2390735680091,94.49662780761719,109103
2025-08-25 00:00:00+02:00,95.3948858645798,97.01175112458557,94.85593306229678,95.93384552001953,32318
2025-08-26 00:00:00+02:00,96.4727968316425,96.83210097866493,95.39488439057524,95.75418853759766,35971
2025-08-27 00:00:00+02:00,95.57454464340556,96.65245028491843,94.49663214873576,95.21524047851562,29890
2025-08-28 00:00:00+02:00,94.67628188948254,95.57453882040143,93.59836946048596,94.1373291015625,31839
2025-08-29 00:00:00+02:00,94.13732722074526,94.85592863922916,92.52046203613281,92.52046203613281,27555
2025-09-01 00:00:00+02:00,93.41872476057831,94.31698172943003,91.98151498104693,93.59837341308594,35436
2025-09-02 00:00:00+02:00,93.59837050861972,96.11349268462008,92.70011356764196,95.75418853759766,52286
2025-09-03 00:00:00+02:00,95.75418890038189,96.1134930487656,93.95767501161991,94.49662780761719,21177
2025-09-04 00:00:00+02:00,95.57454174847746,95.57454174847746,93.59837232801894,94.67628479003906,18839
2025-09-05 00:00:00+02:00,94.67628517765226,95.57454213976821,93.4187240600586,93.4187240600586,16795
2025-09-08 00:00:00+02:00,94.3169766389657,95.57453769811652,93.77802385737432,95.39488220214844,21602
2025-09-09 00:00:00+02:00,94.49662928645735,95.75419039890245,93.59837232801894,94.67628479003906,21550
2025-09-10 00:00:00+02:00,94.67628588760208,94.8559345401097,92.16116363355455,93.59837341308594,34947
2025-09-11 00:00:00+02:00,94.13733414643133,95.7541925968397,93.59837447647165,95.03559112548828,26348
2025-09-12 00:00:00+02:00,95.39488843458555,95.7541925968397,94.31698280097996,95.03559112548828,21083
2025-09-15 00:00:00+02:00,95.0355870967094,95.93384403768717,94.8559315966199,95.75418853759766,15817
2025-09-16 00:00:00+02:00,95.75418595259707,95.75418595259707,93.95767211914062,93.95767211914062,20478
2025-09-17 00:00:00+02:00,94.49663038193765,94.49663038193765,93.23907610807069,93.59837341308594,25361
2025-09-18 00:00:00+02:00,94.13733016579184,94.49662745969606,92.52046493059645,93.05941772460938,19013
2025-09-19 00:00:00+02:00,93.23907287065715,94.31697845458984,92.87976872496074,94.31697845458984,37290
2025-09-22 00:00:00+02:00,94.31698172943003,94.67628588760208,93.05942060240626,93.59837341308594,13615
2025-09-23 00:00:00+02:00,93.95767211914062,95.03558453110834,93.77802347705754,93.95767211914062,8229
2025-09-24 00:00:00+02:00,93.95767360348482,94.1373291015625,92.87976802764474,94.1373291015625,19864
2025-09-25 00:00:00+02:00,94.13732690071191,94.49662418215419,93.41871863151464,93.77802276611328,14704
2025-09-26 00:00:00+02:00,93.41872081556478,94.49662639140485,93.41872081556478,94.1373291015625,18442
2025-09-29 00:00:00+02:00,94.13733198560736,95.03558894404577,93.77802783160065,94.67628479003906,14799
2025-09-30 00:00:00+02:00,94.67628588760208,95.21523869828175,93.23907610807069,93.59837341308594,29941
2025-10-01 00:00:00+02:00,93.59837232801894,94.85593344046406,93.41872367759395,94.67628479003906,9884
2025-10-02 00:00:00+02:00,95.75418382922544,97.19139349348885,94.31697416496203,96.29313659667969,45943
2025-10-03 00:00:00+02:00,96.29314352407025,96.29314352407025,95.21523791161653,96.11349487304688,12895
2025-10-06 00:00:00+02:00,97.19139604289064,97.19139604289064,95.2152335593368,95.39488220214844,26702
2025-10-07 00:00:00+02:00,96.11349487304688,96.83210318345385,95.21523791161653,96.11349487304688,11894
2025-10-08 00:00:00+02:00,96.65244767927373,96.65244767927373,95.3948865626399,96.11349487304688,10812
2025-10-09 00:00:00+02:00,96.11348795858035,96.47279208793528,95.57453519112612,96.29313659667969,21540
2025-10-10 00:00:00+02:00,95.9338462220235,96.29314352407025,95.21523791161653,96.11349487304688,13754
2025-10-13 00:00:00+02:00,95.93384183689625,95.93384183689625,94.67628077774542,95.39488220214844,19645
2025-10-14 00:00:00+02:00,95.21523721487102,96.1134941697283,94.13733161030498,95.93384552001953,39349
2025-10-15 00:00:00+02:00,95.93384669872638,96.6524481595474,92.16116333007812,92.16116333007812,57577
2025-10-16 00:00:00+02:00,94.85593375641304,96.47279902825036,94.85593375641304,96.11349487304688,36444
2025-10-17 00:00:00+02:00,96.1134941697283,96.29314281943708,94.85593306229678,95.93384552001953,112484
2025-10-20 00:00:00+02:00,97.45600972011135,97.64163738231977,95.97096717871985,97.08474731445312,21768
2025-10-21 00:00:00+02:00,97.64163657180033,98.01289897437674,96.71348410598003,97.45600891113281,18768
2025-10-22 00:00:00+02:00,97.08474721635844,99.31231456681567,96.89911955433759,98.75542449951172,29924
2025-10-23 00:00:00+02:00,98.01290498060216,98.75542983125683,97.08475245790471,98.19853973388672,15670
2025-10-24 00:00:00+02:00,98.19853371628561,98.56978903762065,97.45600891113281,97.45600891113281,7205
2025-10-27 00:00:00+01:00,98.19853836227193,98.56979370117188,97.8272759421303,98.56979370117188,18274
2025-10-28 00:00:00+01:00,98.38416371756125,98.75542612897017,97.64163889474344,98.01290130615234,50331
2025-10-29 00:00:00+01:00,98.94105297471297,99.12668771950094,96.89912035073569,98.38416290283203,18077
2025-10-30 00:00:00+01:00,97.08475099170644,98.38416592010714,96.89912332246706,97.2703857421875,30026
2025-10-31 00:00:00+01:00,97.64164274574095,98.19853992543918,96.52786254882812,96.52786254882812,44683
2025-11-03 00:00:00+01:00,97.27038803511977,98.38416823929428,97.08475328026279,97.82727813720703,9073
2025-11-04 00:00:00+01:00,98.38416137695313,98.38416137695313,96.34222878464497,97.45600891113281,13759
2025-11-05 00:00:00+01:00,98.01290060782574,98.19853535282833,96.15659564524859,96.71348571777344,12847
2025-11-06 00:00:00+01:00,97.08474731445312,97.82727212576958,96.7134849087949,97.08474731445312,12657
2025-11-07 00:00:00+01:00,97.08474731445312,97.82727212576958,96.15659484092826,97.08474731445312,15264
2025-11-10 00:00:00+01:00,97.27038656838167,97.8272766620716,96.71348939345,96.89912414550781,9190
2025-11-12 00:00:00+01:00,97.45601042261664,98.56979056637853,97.27038275907015,98.38416290283203,18635
2025-11-13 00:00:00+01:00,98.56979056637853,98.56979056637853,97.27038275907015,98.38416290283203,13973
2025-11-14 00:00:00+01:00,97.27038656838167,97.6416419100138,95.22844678319629,96.89912414550781,24595
2025-11-17 00:00:00+01:00,97.64164358792164,97.64164358792164,95.78533852289468,96.15660095214844,10167
2025-11-18 00:00:00+01:00,95.78533472782047,96.15659714236459,94.48592689877842,94.67155456542969,25006
2025-11-19 00:00:00+01:00,94.48592689877842,95.04281697997381,93.00087724060195,94.67155456542969,26193
2025-11-20 00:00:00+01:00,94.85718223208096,96.52785955690871,93.92902973634145,94.67155456542969,19532
2025-11-21 00:00:00+01:00,94.85718527551795,95.2284477019738,93.00088022448048,93.55777740478516,24296
2025-11-24 00:00:00+01:00,93.74340057373047,95.042815463278,93.55777291004145,93.74340057373047,29929
2025-11-25 00:00:00+01:00,94.6715576909898,95.59971021737206,93.55777749182782,94.85718536376953,14807
2025-11-26 00:00:00+01:00,94.85718536376953,95.78533789015178,94.30029526418853,94.85718536376953,17492
2025-11-27 00:00:00+01:00,95.59970623851261,95.59970623851261,94.48592608570615,95.04281616210938,12737
2025-11-28 00:00:00+01:00,94.8571859903812,96.15660095214844,94.11466821311552,96.15660095214844,40335
2025-12-01 00:00:00+01:00,96.34223039025117,97.45601053530089,96.15659564524859,96.71348571777344,14976
2025-12-02 00:00:00+01:00,97.08475032406893,97.08475032406893,95.04281765151111,95.9709701538086,10435
2025-12-03 00:00:00+01:00,95.0428138298274,95.78533155306367,94.11466136485103,94.48592376708984,14596
2025-12-04 00:00:00+01:00,94.6715530546585,95.22844312696702,93.00087575649147,93.74340057373047,41999
2025-12-05 00:00:00+01:00,93.74340057373047,94.48592539096948,92.81524809280245,93.74340057373047,20448
2025-12-08 00:00:00+01:00,93.74340057373047,94.11466298234997,91.97990944371894,93.74340057373047,30333
2025-12-09 00:00:00+01:00,93.74340434743134,95.59970938401413,93.00087950030151,95.22844696044922,22256
2025-12-10 00:00:00+01:00,95.22844547253936,95.41408022204222,92.81525037893536,94.30029296875,45373
2025-12-11 00:00:00+01:00,94.6715576909898,95.04282011779107,93.55777749182782,94.85718536376953,16816
2025-12-12 00:00:00+01:00,94.85718223208096,95.5997070611692,94.1146644842343,94.67155456542969,20897
2025-12-15 00:00:00+01:00,94.67155686572274,95.59970938401413,93.37214192386642,95.22844696044922,32200
2025-12-16 00:00:00+01:00,95.41407939451793,95.41407939451793,94.1146644842343,94.67155456542969,17163
2025-12-17 00:00:00+01:00,94.300290646039,94.48592539096948,93.00087575649147,93.74340057373047,27868
2025-12-18 00:00:00+01:00,93.1865149783293,93.74340507739218,92.81525255187346,93.55777740478516,18670
2025-12-19 00:00:00+01:00,93.37213885165818,95.22844382716328,93.18651118660428,95.04281616210938,74868
2025-12-22 00:00:00+01:00,95.04282054552888,97.82727813720703,94.48593044344163,97.82727813720703,43165
2025-12-23 00:00:00+01:00,97.82727283095109,99.86920545492838,97.45601042261664,98.38416290283203,37144
2025-12-29 00:00:00+01:00,99.31231538304743,99.68357779138188,97.27038275907015,98.38416290283203,24272
2025-12-30 00:00:00+01:00,98.38416371756125,99.31231620546278,96.34223107667451,98.01290130615234,31685
2026-01-02 00:00:00+01:00,98.01289975086115,101.72550964355469,97.82727208872303,101.72550964355469,39446
2026-01-05 00:00:00+01:00,101.72551561170998,103.02493056663664,100.24047298375457,102.4680404663086,43901
2026-01-07 00:00:00+01:00,103.39618753072357,105.25249248789547,103.02492512304089,104.69560241699219,50050
2026-01-08 00:00:00+01:00,104.69560487616262,104.8812325437434,102.28240271016284,103.58181762695312,33069
2026-01-09 00:00:00+01:00,103.76745074508004,104.3243408203125,102.6536635133736,104.3243408203125,18328
2026-01-12 00:00:00+01:00,104.50997161865234,104.88123404035326,103.39619143479129,104.50997161865234,18602
2026-01-13 00:00:00+01:00,104.13870688974981,104.69560405058395,103.02492673056466,103.95307922363281,13018
2026-01-14 00:00:00+01:00,103.9530839399858,103.9530839399858,101.91115119508997,102.0967788696289,41659
2026-01-15 00:00:00+01:00,103.02492973451774,103.39619215881841,102.09677721438695,102.83930206298828,26507
2026-01-16 00:00:00+01:00,102.83929756851678,103.58181530342549,102.4680351604417,103.0249252319336,22064
2026-01-19 00:00:00+01:00,102.46803373047216,102.83929613336616,100.05483873352313,100.42609405517578,29890
2026-01-20 00:00:00+01:00,100.42609938281433,100.9829965573196,98.56979435110802,99.86920928955078,48337
2026-01-21 00:00:00+01:00,101.16861957589894,102.46803445458995,99.4979422916903,101.72550964355469,26852
2026-01-22 00:00:00+01:00,101.9111496366031,104.13871002197266,101.72551488366112,104.13871002197266,34115
2026-01-23 00:00:00+01:00,104.3243455215633,104.3243455215633,102.28240571203803,102.4680404663086,20173
2026-01-26 00:00:00+01:00,102.46804109182851,103.95308372884942,102.28240633642474,103.7674560546875,19017
2026-01-27 00:00:00+01:00,103.76745222973075,105.80938489521188,102.83929973064994,105.25249481201172,41946
2026-01-28 00:00:00+01:00,105.43812396151172,106.36627647363989,104.88123387048316,106.18064880371094,26599
2026-01-29 00:00:00+01:00,106.18064897568563,106.92316673784576,104.50997161865234,104.50997161865234,46445
2026-01-30 00:00:00+01:00,104.50997289305509,107.29443046790333,104.32434522056194,107.10880279541016,40669
2026-02-02 00:00:00+01:00,106.92316194256313,108.22257681961943,105.62375414674823,108.03694915771484,22422
2026-02-03 00:00:00+01:00,108.22257900932033,110.45014640345342,108.03695134365988,110.26451873779297,38261
2026-02-04 00:00:00+01:00,109.89325632523052,110.82140881601585,109.15073150010565,110.26451873779297,24599
2026-02-05 00:00:00+01:00,110.26452204587747,110.26452204587747,108.22258225614388,108.77947235107422,24832
2026-02-06 00:00:00+01:00,108.7794715268661,109.70762403846476,108.22258143615524,109.1507339477539,26621
2026-02-09 00:00:00+01:00,109.52199784125442,110.26452269301387,108.96510774305573,110.07888793945312,20218
2026-02-10 00:00:00+01:00,110.07888711304031,110.45014953613281,109.52199701902245,110.45014953613281,13343
2026-02-11 00:00:00+01:00,110.45014640345342,110.45014640345342,109.15073150010565,110.26451873779297,21917
2026-02-12 00:00:00+01:00,110.07888399089097,111.19267122857829,109.33636624700765,110.26451873779297,26017
2026-02-13 00:00:00+01:00,109.33636568228141,109.5219933469831,107.29442596435547,107.29442596435547,33711
2026-02-16 00:00:00+01:00,107.10880044868593,109.5219955444336,107.10880044868593,109.5219955444336,10498
2026-02-17 00:00:00+01:00,109.33636869881865,109.89325878952951,108.03695376633219,109.1507339477539,12353
2026-02-18 00:00:00+01:00,109.5219939126681,110.45014640345342,108.9651038344452,110.26451873779297,15564
2026-02-19 00:00:00+01:00,109.1507339477539,110.45014888024036,108.59384385704304,109.1507339477539,12939
2026-02-20 00:00:00+01:00,108.59384303981975,109.5219955444336,108.59384303981975,109.5219955444336,13321
2026-02-23 00:00:00+01:00,109.52199784125442,110.82141279121258,109.52199784125442,110.07888793945312,28079
2026-02-24 00:00:00+01:00,110.45014488725012,111.19266970218199,108.59383993116188,109.33636474609375,27909
2026-02-25 00:00:00+01:00,110.45014871248857,111.19267355313643,109.52199620229959,110.8214111328125,32673
2026-02-26 00:00:00+01:00,110.82140881601585,111.0070364816763,109.70762157832854,110.26451873779297,11770
2026-02-27 00:00:00+01:00,111.00703963015067,111.00703963015067,109.15073459592996,110.45014953613281,63404
2026-03-02 00:00:00+01:00,109.70762171052222,109.70762171052222,107.29442664782087,108.59384155273438,22994
2026-03-03 00:00:00+01:00,109.33636807821448,109.33636807821448,104.13870837777107,104.88123321533203,49759
2026-03-04 00:00:00+01:00,105.25249856351824,107.66569373089334,104.69560846046889,106.73754119873047,55449
2026-03-05 00:00:00+01:00,106.73753519242041,108.03695008057643,105.62375504899609,105.99501037597656,24262
2026-03-06 00:00:00+01:00,105.9950110460099,107.48006068828516,104.13870607440735,104.3243408203125,36924
2026-03-09 00:00:00+01:00,103.95308225464852,104.13870992617798,101.72551479008628,102.83930206298828,43395
2026-03-10 00:00:00+01:00,104.88123633937326,107.10880383716585,104.5099739095342,105.06686401367188,25664
2026-03-11 00:00:00+01:00,106.73753906761615,106.92316673784576,103.76745385649221,104.50997161865234,7210
2026-03-12 00:00:00+01:00,105.43812487060944,105.43812487060944,102.28240488591639,102.83930206298828,28139
2026-03-13 00:00:00+01:00,104.8812325437434,104.8812325437434,102.65366512656601,103.58181762695312,7697
2026-03-16 00:00:00+01:00,103.58181992563027,104.32434477491464,102.2824049800035,104.13871002197266,29003
2026-03-17 00:00:00+01:00,105.43812478303893,105.99501487840654,103.76745449693612,105.80938720703125,15902
2026-03-18 00:00:00+01:00,105.99501571008877,108.22258319027938,105.25249793751976,105.43812561035156,41147
2026-03-19 00:00:00+01:00,105.2524972958992,105.8093873922416,103.21055750098809,104.13871002197266,36576
2026-03-20 00:00:00+01:00,103.76745016137701,105.0668579691963,100.05484023905571,101.354248046875,70762
2026-03-23 00:00:00+01:00,100.2404693836266,103.5818169468325,98.01290198107547,102.28240203857422,57807
2026-03-24 00:00:00+01:00,104.69560264195734,104.69560264195734,101.16862038325552,101.354248046875,24335
2026-03-25 00:00:00+01:00,102.6536689744876,103.9530839399858,101.16862633445047,102.0967788696289,49368
2026-03-26 00:00:00+01:00,102.46803678617772,103.21055453286705,100.9829942115575,102.28240203857422,17574
2026-03-27 00:00:00+01:00,102.46803597036985,102.6536636352539,99.68357850966002,102.6536636352539,26225
2026-03-30 00:00:00+02:00,101.16862038325552,102.46803527231627,100.98299271963603,101.354248046875,18469
2026-03-31 00:00:00+02:00,100.98299783835319,103.58182066696469,100.98299783835319,102.4680404663086,23785
2026-04-01 00:00:00+02:00,103.76745074508004,105.06685856020863,103.21055358860606,104.3243408203125,14716
2026-04-02 00:00:00+02:00,104.5099739095342,105.62376119905142,103.21055894571836,105.06686401367188,13979
2026-04-07 00:00:00+02:00,105.06685924856885,107.10879897945462,103.58181667780562,105.6237564086914,15405
2026-04-08 00:00:00+02:00,107.66569279309756,110.45015036533285,107.10880269489887,110.07888793945312,79961
2026-04-09 00:00:00+02:00,109.5219955444336,109.89325796252746,108.22258062172588,109.5219955444336,15252
2026-04-10 00:00:00+02:00,109.52199256236422,111.37829752104837,108.77946774639399,110.63577270507812,41908
2026-04-13 00:00:00+02:00,109.15073081390753,109.70762088862942,108.22257832895723,108.96510314941406,14013
2026-04-14 00:00:00+02:00,109.52199701902245,110.45014953613281,109.15073459592996,110.45014953613281,14445
2026-04-15 00:00:00+02:00,110.45014953613281,110.45014953613281,108.96510692500458,110.45014953613281,27739
2026-04-16 00:00:00+02:00,110.4501472234707,110.4501472234707,108.22257981279944,109.89325714111328,36253
2026-04-17 00:00:00+02:00,110.07888182919923,111.37829670702952,108.59383928935378,111.00703430175781,33455
2026-04-20 00:00:00+02:00,110.8214074496914,110.8214074496914,109.1507301543791,110.63577270507812,33783
2026-04-21 00:00:00+02:00,110.45015036533285,111.37830288941127,109.52199784125442,110.07888793945312,36136
2026-04-22 00:00:00+02:00,110.45015036533285,110.45015036533285,108.59384531717599,110.07888793945312,29108
2026-04-23 00:00:00+02:00,108.59384073918565,109.89325563436437,107.8513159187288,108.96510314941406,19340
2026-04-24 00:00:00+02:00,108.222580778005,109.15073328395914,106.92316585342085,107.851318359375,21818
2026-04-27 00:00:00+02:00,107.48005989773685,108.5938400400096,107.10879748989878,107.66568756103516,8864
2026-04-28 00:00:00+02:00,107.29442596435547,108.77946852569339,106.92316355371062,107.29442596435547,17917
2026-04-29 00:00:00+02:00,108.22258299285274,108.22258299285274,106.9231680416752,107.10880279541016,19221
2026-04-30 00:00:00+02:00,108.22258149789623,108.22258149789623,105.99501405254028,106.18064880371094,20504
2026-05-04 00:00:00+02:00,106.55190671597161,108.03694925628744,106.36627197265625,106.36627197265625,23433
2026-05-05 00:00:00+02:00,106.73753428065855,108.03694915771484,106.36627187560798,108.03694915771484,11582
2026-05-06 00:00:00+02:00,107.66569198480173,110.63577720705818,107.66569198480173,110.45014953613281,32959
2026-05-07 00:00:00+02:00,110.45014570908626,110.45014570908626,108.03695066446376,108.96510314941406,32116
2026-05-08 00:00:00+02:00,110.07888719314498,110.07888719314498,106.92316721642499,107.48006439208984,19641
2026-05-11 00:00:00+02:00,107.48006522163828,108.4082177465877,106.18065027046076,107.10880279541016,27984
2026-05-12 00:00:00+02:00,106.36627647363989,108.03695382796727,105.43812396151172,106.18064880371094,36850
2026-05-13 00:00:00+02:00,106.73754119873047,106.73754119873047,105.62376099263176,106.73754119873047,24240
2026-05-14 00:00:00+02:00,107.10879898193674,108.7794692186185,106.36627415591715,108.59384155273438,19905
2026-05-15 00:00:00+02:00,107.29443130177982,107.66569373089334,106.18065109568111,106.73754119873047,18094
2026-05-18 00:00:00+02:00,106.1806472909607,108.22257995605469,105.80938487515046,108.22257995605469,33976
2026-05-19 00:00:00+02:00,108.96510478767519,109.7076225380541,107.66568987296012,108.22257995605469,37141
2026-05-20 00:00:00+02:00,109.52199701902245,110.45014953613281,108.03695440789421,110.45014953613281,51608
2026-05-21 00:00:00+02:00,110.4501512001451,111.37830373123874,109.33637099532945,109.70762634277344,35719
2026-05-22 00:00:00+02:00,111.0070342051681,112.86333914867005,109.70761932846845,112.6777114868164,51366
2026-05-25 00:00:00+02:00,112.67771674237297,115.27653953574614,112.67771674237297,115.09091186523438,34648
2026-05-26 00:00:00+02:00,114.9052827084613,115.09091037657203,113.79149545607207,114.16275787353516,15177
2026-05-27 00:00:00+02:00,114.53402029099823,115.83343521149817,113.79149545607207,114.16275787353516,26439
2026-05-28 00:00:00+02:00,115.0909135271274,115.0909135271274,113.42023614343043,114.348388671875,23887
2026-05-29 00:00:00+02:00,115.09090726337735,116.94721221923828,113.97712712235737,116.94721221923828,126828
2026-06-01 00:00:00+02:00,116.94721707525967,116.94721707525967,112.67771691574457,113.42023468017578,43774
2026-06-02 00:00:00+02:00,113.97712870700033,115.09090886350539,112.49207905667156,113.23460388183594,36473
2026-06-03 00:00:00+02:00,113.42022992367431,114.16275473820801,112.86333985339476,113.97712707519531,17161
2026-06-05 00:00:00+02:00,114.53402111713748,114.53402111713748,112.67771609767412,113.79149627685547,30438
2026-06-08 00:00:00+02:00,114.90528188501735,115.83343438140281,112.3064520626414,114.53401947021484,42080
2026-06-09 00:00:00+02:00,114.5340217724574,116.57595447305357,114.34838702070392,115.09091186523438,25417
2026-06-10 00:00:00+02:00,115.09091333007812,116.39032828392415,113.97713313034829,116.0190658569336,26636
2026-06-11 00:00:00+02:00,115.27653871148793,116.76158838993034,115.27653871148793,115.46217346191406,18962
2026-06-12 00:00:00+02:00,116.01906136576626,119.36041599809356,116.01906136576626,119.17477416992188,64000
2026-06-15 00:00:00+02:00,119.17477565909704,121.5879778306529,119.17477565909704,120.1029281616211,48039
2026-06-16 00:00:00+02:00,121.21672219615886,124.18680736442583,120.4741973634713,123.44428253173828,55678
2026-06-17 00:00:00+02:00,123.44428104071716,126.59999383841897,123.44428104071716,125.48621368408203,74273
2026-06-18 00:00:00+02:00,125.67184585907704,126.7856402158651,124.37243799280238,125.30059051513672,69474
2026-06-19 00:00:00+02:00,125.85748778569672,126.5999984741211,124.55806575598693,126.5999984741211,96484
2026-06-22 00:00:00+02:00,126.59999220326426,126.78563402865856,124.55805958627282,126.2287368774414,99134
2026-06-23 00:00:00+02:00,126.78564030871075,126.97126798081685,124.92933526268268,126.5999984741211,99308
2026-06-24 00:00:00+02:00,127.4000015258789,128.39999389648438,119.19999694824219,121.19999694824219,76190
2026-06-25 00:00:00+02:00,121.80000305175781,124.19999694824219,119.80000305175781,122.19999694824219,38110
2026-06-26 00:00:00+02:00,122.0,123.5999984741211,120.80000305175781,123.0,56450
2026-06-29 00:00:00+02:00,121.4000015258789,123.19999694824219,120.4000015258789,122.80000305175781,66473
2026-06-30 00:00:00+02:00,123.19999694824219,124.19999694824219,121.0,122.0,39107
2026-07-01 00:00:00+02:00,123.0,123.0,121.5999984741211,122.80000305175781,34024
2026-07-02 00:00:00+02:00,122.5999984741211,123.5999984741211,121.4000015258789,123.0,20890
2026-07-03 00:00:00+02:00,122.19999694824219,123.19999694824219,121.0,122.19999694824219,26720
2026-07-06 00:00:00+02:00,122.19999694824219,123.0,121.80000305175781,123.0,22827
2026-07-07 00:00:00+02:00,123.0,123.0,121.0,121.4000015258789,15991
2026-07-08 00:00:00+02:00,121.19999694824219,122.19999694824219,119.5999984741211,122.19999694824219,54764
2026-07-09 00:00:00+02:00,122.19999694824219,122.80000305175781,121.19999694824219,122.0,32501
2026-07-10 00:00:00+02:00,122.4000015258789,124.0,121.5999984741211,123.0,28398
2026-07-13 00:00:00+02:00,123.80000305175781,124.0,122.19999694824219,123.80000305175781,26864
2026-07-14 00:00:00+02:00,123.0,123.0,120.4000015258789,123.0,34882
2026-07-15 00:00:00+02:00,123.5999984741211,123.5999984741211,121.19999694824219,122.80000305175781,21703
2026-07-16 00:00:00+02:00,122.80000305175781,123.0,121.19999694824219,121.80000305175781,22743
2026-07-17 00:00:00+02:00,121.0,122.0,120.0,122.0,42151
2026-07-20 00:00:00+02:00,120.4000015258789,123.5999984741211,120.4000015258789,123.19999694824219,21837
2026-07-21 00:00:00+02:00,123.0,124.0,122.19999694824219,124.0,33068
2026-07-22 00:00:00+02:00,124.0,124.0,122.80000305175781,123.4000015258789,20464
2026-07-23 00:00:00+02:00,122.80000305175781,123.19999694824219,119.5999984741211,120.0,49423
2026-07-24 00:00:00+02:00,120.0,121.4000015258789,119.80000305175781,120.0,24604
2026-07-27 00:00:00+02:00,120.4000015258789,122.0,120.19999694824219,121.80000305175781,13836
2026-07-28 00:00:00+02:00,121.4000015258789,122.4000015258789,120.0,121.0,13070
2026-07-29 00:00:00+02:00,121.0,121.80000305175781,120.0,120.4000015258789,18238
2026-07-30 00:00:00+02:00,120.5999984741211,122.4000015258789,119.80000305175781,122.4000015258789,35408
2026-07-31 00:00:00+02:00,122.5999984741211,122.5999984741211,119.80000305175781,121.5999984741211,39733
2026-08-03 00:00:00+02:00,121.80000305175781,123.80000305175781,121.80000305175781,123.80000305175781,27521
2026-08-04 00:00:00+02:00,123.5999984741211,126.0,123.0,126.0,38228
2026-08-05 00:00:00+02:00,126.0,126.0,121.80000305175781,123.0,31569
2026-08-06 00:00:00+02:00,123.0,124.0,122.19999694824219,122.5999984741211,65592
2026-08-07 00:00:00+02:00,122.5999984741211,122.80000305175781,121.80000305175781,122.5999984741211,17429
2026-08-10 00:00:00+02:00,122.5999984741211,122.5999984741211,120.80000305175781,122.5999984741211,32446
2026-08-11 00:00:00+02:00,121.4000015258789,122.5999984741211,121.4000015258789,121.80000305175781,17363
2026-08-12 00:00:00+02:00,121.5999984741211,122.0,120.80000305175781,122.0,17472
2026-08-13 00:00:00+02:00,121.5999984741211,122.80000305175781,121.4000015258789,122.80000305175781,34630
2026-08-14 00:00:00+02:00,122.5999984741211,123.4000015258789,121.4000015258789,123.0,13591
2026-08-17 00:00:00+02:00,122.19999694824219,124.0,122.19999694824219,123.5999984741211,22924
2026-08-18 00:00:00+02:00,122.4000015258789,123.80000305175781,121.80000305175781,122.4000015258789,17132
2026-08-19 00:00:00+02:00,122.0,123.5999984741211,121.0,123.0,22357
2026-08-20 00:00:00+02:00,123.0,123.19999694824219,121.80000305175781,122.4000015258789,19746
2026-08-21 00:00:00+02:00,121.4000015258789,123.5999984741211,121.4000015258789,123.0,19979
