Date,Open,High,Low,Close,Volume
2016-08-22 00:00:00+02:00,33.67125549282881,35.088114099447054,33.523087295617806,35.05107116699219,266527
2016-08-23 00:00:00+02:00,35.189975453121626,35.189975453121626,34.55100085479066,34.94920349121094,435420
2016-08-24 00:00:00+02:00,35.00476842799981,35.05107032615342,33.95832857320784,34.2639274597168,321221
2016-08-25 00:00:00+02:00,35.65300686054251,36.14381335701915,34.82882103339928,35.847476959228516,354958
2016-08-26 00:00:00+02:00,35.84747760379864,37.958878891782454,35.84747760379864,37.87553405761719,1016884
2016-08-29 00:00:00+02:00,38.43116172646681,39.73689503177255,37.92183378360157,39.144222259521484,677879
2016-08-30 00:00:00+02:00,39.15347739126015,39.15347739126015,37.56992932063532,38.52376174926758,551731
2016-08-31 00:00:00+02:00,38.53303004340269,39.357215881347656,38.53303004340269,39.357215881347656,348561
2016-09-01 00:00:00+02:00,39.4035138489502,39.54242306888704,37.59771165281234,38.245948791503906,363222
2016-09-02 00:00:00+02:00,38.218174619265135,39.82024449721685,37.96814010199746,39.62577438354492,253411
2016-09-05 00:00:00+02:00,39.949887949352096,41.20931939959065,39.72763741849146,40.29252624511719,1677371
2016-09-06 00:00:00+02:00,40.29252749216219,40.93150573653186,39.820242450009864,40.82963943481445,156788
2016-09-07 00:00:00+02:00,40.922240797995585,40.977805195423315,39.959149304173664,40.00545120239258,127058
2016-09-08 00:00:00+02:00,40.00545201393744,40.00545201393744,38.35707684955999,38.755279541015625,221970
2016-09-09 00:00:00+02:00,38.75528057835421,39.72763814974494,38.75528057835421,39.357215881347656,265868
2016-09-12 00:00:00+02:00,38.977533754236816,38.98679272106108,36.67166242806201,37.273597717285156,276529
2016-09-13 00:00:00+02:00,37.41250821664057,40.190664662452235,37.41250821664057,39.227569580078125,145091
2016-09-14 00:00:00+02:00,39.2275713154327,39.99619279581984,38.52376967309806,38.829368591308594,52453
2016-09-15 00:00:00+02:00,38.57007099180868,38.61637288982334,37.27359665174801,37.597713470458984,124721
2016-09-16 00:00:00+02:00,38.0607452969409,39.58873289177217,37.356947155435094,38.43116760253906,305402
2016-09-19 00:00:00+02:00,38.431157962401386,39.301645569810866,38.29224874949408,38.52376174926758,94195
2016-09-20 00:00:00+02:00,38.431161880493164,38.894187927246094,37.625497548273415,38.894187927246094,122513
2016-09-21 00:00:00+02:00,38.89419191169953,39.07940305589604,38.07000602926425,38.33856201171875,65675
2016-09-22 00:00:00+02:00,38.33856052406101,38.51450916128551,37.542155107745195,37.56067657470703,109728
2016-09-23 00:00:00+02:00,37.96813190288676,37.96813190288676,36.20863169434392,36.301239013671875,288110
2016-09-26 00:00:00+02:00,36.301243404002854,36.94021808790825,35.42149319333302,36.04194641113281,114051
2016-09-27 00:00:00+02:00,36.3012430289087,36.78279054485338,35.74560964930712,36.35680389404297,91832
2016-09-28 00:00:00+02:00,36.68092651295593,36.884659117980505,36.11603413183043,36.199378967285156,47612
2016-09-29 00:00:00+02:00,36.532759326714896,37.49585444488322,35.430754968049875,36.80131530761719,1214846
2016-09-30 00:00:00+02:00,36.89391597296767,37.597714017818355,36.22715732750291,36.912437438964844,176296
2016-10-03 00:00:00+02:00,37.64402097541049,38.24595274798652,37.22729680509874,37.69032287597656,88801
2016-10-04 00:00:00+02:00,37.9681369365625,37.9681369365625,36.671662554953556,36.71796798706055,158935
2016-10-05 00:00:00+02:00,36.94948367383355,37.134691285144,36.18085866298196,36.67166519165039,477149
2016-10-06 00:00:00+02:00,37.08838487179255,37.08838487179255,35.46779374165398,35.81969451904297,148144
2016-10-07 00:00:00+02:00,36.00491018759801,37.29212216831347,36.00491018759801,36.11603546142578,151541
2016-10-10 00:00:00+02:00,36.57905960083008,36.84761556977615,36.48645579969419,36.57905960083008,56035
2016-10-11 00:00:00+02:00,36.62536150139802,37.0328267046565,36.57905960083008,36.57905960083008,83815
2016-10-12 00:00:00+02:00,36.57905875595656,36.71796798706055,36.39384762535406,36.71796798706055,92195
2016-10-13 00:00:00+02:00,36.717964382342444,36.94021489115961,35.83821424780482,36.032684326171875,76306
2016-10-14 00:00:00+02:00,36.02342733279852,36.801311221470314,36.02342733279852,36.68092346191406,63611
2016-10-17 00:00:00+02:00,36.11603529250156,36.71797062708674,36.078992357195965,36.67166519165039,77545
2016-10-18 00:00:00+02:00,36.76427167612853,36.98652221758318,36.57906053651054,36.81057357788086,71083
2016-10-19 00:00:00+02:00,36.48645510482763,36.67166270357222,36.48645510482763,36.58831787109375,158630
2016-10-20 00:00:00+02:00,36.5883146093312,36.875392013966646,36.13455108720701,36.8290901184082,277484
2016-10-21 00:00:00+02:00,36.99578024889925,37.03282317887029,36.76426723549263,37.00503921508789,238832
2016-10-24 00:00:00+02:00,37.04208747948877,37.7181051520764,36.57906138599517,36.67166519165039,97114
2016-10-25 00:00:00+02:00,36.68092769178116,36.866138835700355,36.59758285364796,36.67166519165039,67843
2016-10-26 00:00:00+02:00,36.560540089345665,36.856876507958916,35.625228930461724,36.11603546142578,159904
2016-10-27 00:00:00+02:00,36.11603232581386,37.292118930593126,36.11603232581386,37.0328254699707,324315
2016-10-28 00:00:00+02:00,37.0143022870451,37.0143022870451,36.62535858154297,36.62535858154297,91067
2016-10-31 00:00:00+01:00,36.71797003323748,37.21803552134024,36.69944856588423,36.93096160888672,55068
2016-11-02 00:00:00+01:00,36.94021941789611,36.94021941789611,36.17159797618663,36.7642707824707,144217
2016-11-03 00:00:00+01:00,36.31976706061055,36.85687547963319,36.20863825727456,36.81057357788086,96483
2016-11-04 00:00:00+01:00,36.810569701657876,36.930957459623805,36.36606513294708,36.62535858154297,65564
2016-11-07 00:00:00+01:00,36.57905827564314,37.39398512002834,36.57905827564314,36.66240310668945,110750
2016-11-08 00:00:00+01:00,36.77353149743638,36.94948367383355,36.625363288822776,36.67166519165039,64097
2016-11-09 00:00:00+01:00,36.12528852267709,37.634754336866344,36.12528852267709,36.64387893676758,122150
2016-11-10 00:00:00+01:00,36.736483840568596,37.13468651240274,36.57905668466631,36.62535858154297,63570
2016-11-14 00:00:00+01:00,36.76426780478122,36.90317349541118,36.57905668466631,36.62535858154297,199410
2016-11-15 00:00:00+01:00,36.63462696434576,37.03282970013498,36.59758402785168,37.02356719970703,92062
2016-11-16 00:00:00+01:00,37.03282179202663,37.06060222216044,36.6438781071128,36.78278732299805,68951
2016-11-17 00:00:00+01:00,36.78279288233116,37.03282738914984,36.44941353990626,36.690185546875,181973
2016-11-18 00:00:00+01:00,36.856872615011525,37.042083740234375,35.48631594053586,37.042083740234375,484682
2016-11-21 00:00:00+01:00,37.042083315118326,37.22729443821559,36.71796649915438,37.171730041503906,106809
2016-11-22 00:00:00+01:00,37.17172948908871,40.02397155761719,37.17172948908871,40.02397155761719,290333
2016-11-23 00:00:00+01:00,40.19066121266668,40.74629104109282,39.5331615588122,40.02397155761719,515528
2016-11-24 00:00:00+01:00,40.311046208180976,45.54324191167179,40.311046208180976,45.070953369140625,775553
2016-11-25 00:00:00+01:00,45.83958318652187,46.2470448764407,43.54297419018089,45.3672981262207,544751
2016-11-28 00:00:00+01:00,45.38581143458702,46.1173934344485,44.5894096035597,45.00613021850586,308702
2016-11-29 00:00:00+01:00,45.00612744956502,45.376549676292306,44.098596879952154,44.682010650634766,395943
2016-11-30 00:00:00+01:00,44.70979136634116,45.043170666000044,43.9874719054857,44.181941986083984,266815
2016-12-01 00:00:00+01:00,44.50606579774185,47.11753247233933,44.13564353970468,46.53411865234375,605052
2016-12-02 00:00:00+01:00,47.11753187130532,50.00681343627059,46.376690897289656,47.83985137939453,500135
2016-12-05 00:00:00+01:00,48.4325267791252,49.7290012032567,48.4325267791252,49.710479736328125,218544
2016-12-06 00:00:00+01:00,50.0160714748076,50.46983855006411,47.830591525168316,48.719600677490234,197753
2016-12-07 00:00:00+01:00,48.75664598507244,49.0159394506523,45.58954586822352,47.32126235961914,328904
2016-12-08 00:00:00+01:00,47.552773434359636,48.562170354313814,45.71919071907385,48.40474319458008,283430
2016-12-09 00:00:00+01:00,49.0715071593462,49.08076612690908,46.76563564922469,47.70094680786133,212072
2016-12-12 00:00:00+01:00,47.96949768066406,48.15470880566908,47.06196705400869,47.96949768066406,165285
2016-12-13 00:00:00+01:00,47.969495382265194,48.96037079106584,47.41386556648084,48.4417839050293,71525
2016-12-14 00:00:00+01:00,48.61773681640625,49.69195714571203,47.92319771902902,48.61773681640625,165678
2016-12-15 00:00:00+01:00,49.08076206678831,49.488223725415054,48.15470995232061,49.06224060058594,101350
2016-12-16 00:00:00+01:00,49.080761335598915,49.25670996298751,47.247178600182,47.83985137939453,242534
2016-12-19 00:00:00+01:00,47.59908096058557,47.59908096058557,46.44151579649164,46.76563262939453,394929
2016-12-20 00:00:00+01:00,46.76563009101193,48.617734253032204,46.441513275701716,47.423126220703125,1606940
2016-12-21 00:00:00+01:00,48.247316480645026,48.33066131696726,47.487953986424074,48.15471267700195,102121
2016-12-22 00:00:00+01:00,47.876895639091735,47.96949943868386,47.691684507298966,47.756507873535156,51248
2016-12-23 00:00:00+01:00,47.830589694623214,48.57143062653844,47.74724486899474,48.4417839050293,86238
2016-12-27 00:00:00+01:00,48.33992381689677,48.58995832586347,48.145453709681114,48.15471267700195,144712
2016-12-28 00:00:00+01:00,47.96949878637355,48.80294710180315,47.87689498804069,48.75664520263672,80100
2016-12-29 00:00:00+01:00,48.75664104241101,48.88628776205812,48.15470580678296,48.45104217529297,47747
2016-12-30 00:00:00+01:00,48.61773496579963,48.61773496579963,48.21953228251869,48.33992004394531,241401
2017-01-02 00:00:00+01:00,48.33992120671749,48.673300534005165,48.33992120671749,48.50661087036133,28583
2017-01-03 00:00:00+01:00,48.534389234306914,48.9048114783032,47.59907819049836,48.293617248535156,152715
2017-01-04 00:00:00+01:00,48.33991748277543,48.47882317003882,47.75650370496621,48.07136154174805,79860
2017-01-05 00:00:00+01:00,47.87689399665198,48.80294609123864,47.76576873443193,48.33992004394531,78297
2017-01-09 00:00:00+01:00,48.386216678140684,48.793678283691406,47.71945811214131,48.793678283691406,130706
2017-01-10 00:00:00+01:00,48.33992374464452,49.8216057963711,48.33992374464452,49.08076477050781,186092
2017-01-11 00:00:00+01:00,49.25670684213253,51.74778909597629,49.25670684213253,50.42353439331055,395581
2017-01-12 00:00:00+01:00,50.92361084365407,51.979309761793814,50.5439295918212,50.79396057128906,269707
2017-01-13 00:00:00+01:00,51.3958925524811,51.581103682615336,49.31227528683997,49.92346954345703,170346
2017-01-16 00:00:00+01:00,49.923468902244466,51.27550412942458,49.923468902244466,50.923606872558594,159824
2017-01-17 00:00:00+01:00,51.1643766265282,51.38663067662909,50.71060956001768,51.081031799316406,164311
2017-01-18 00:00:00+01:00,51.47923580397897,51.47923580397897,50.76617527104889,50.99768829345703,142877
2017-01-19 00:00:00+01:00,51.02547096187939,52.0719108581543,50.849522328877356,52.0719108581543,249944
2017-01-20 00:00:00+01:00,52.4052894920388,54.16478992905101,52.13673353002805,54.11848449707031,240893
2017-01-23 00:00:00+01:00,54.27591671230487,56.026154698836265,52.97944229796605,54.77598571777344,347712
2017-01-24 00:00:00+01:00,54.822286539800324,55.155665870220055,53.89623441423819,55.100101470947266,133411
2017-01-25 00:00:00+01:00,55.100097929539984,55.72981361705768,54.294433621213166,55.22048568725586,128595
2017-01-26 00:00:00+01:00,55.56312683134801,55.6557306296902,54.637074717492204,55.10935974121094,240055
2017-01-27 00:00:00+01:00,55.276045307356426,55.276045307356426,54.19256611010266,54.86858367919922,75201
2017-01-30 00:00:00+01:00,54.6370735168457,54.785241710502305,54.40556049346924,54.6370735168457,106573
2017-01-31 00:00:00+01:00,54.45185963640695,54.5907688564475,53.24799268228561,54.31295394897461,125858
2017-02-01 00:00:00+01:00,54.54446972053847,55.090840597011265,54.45186239162285,54.6370735168457,113341
2017-02-02 00:00:00+01:00,54.6370735168457,55.40569845010759,53.35912063867727,54.6370735168457,250409
2017-02-03 00:00:00+01:00,54.63707910378696,54.98897992443332,53.96106143031417,54.42408752441406,98060
2017-02-06 00:00:00+01:00,54.45186432578469,55.5446061175451,54.45186432578469,55.28531265258789,126051
2017-02-07 00:00:00+01:00,55.553862886026316,57.23001480102539,55.451996597413704,57.23001480102539,215361
2017-02-08 00:00:00+01:00,57.2300168158547,61.10091825637152,57.2300168158547,58.80430603027344,375168
2017-02-09 00:00:00+01:00,60.00818114987979,60.276730051530414,59.35994041651103,59.906314849853516,184739
2017-02-10 00:00:00+01:00,60.100794058564084,62.35110136934869,59.90632392864667,61.730648040771484,253378
2017-02-13 00:00:00+01:00,62.04549927265855,64.35136734199338,62.04549927265855,64.30506896972656,231554
2017-02-14 00:00:00+01:00,64.36062263783276,64.9255149988642,63.4345705135474,64.1754150390625,160414
2017-02-15 00:00:00+01:00,64.54583382978365,64.54583382978365,63.536440349425185,64.36062622070312,108956
2017-02-16 00:00:00+01:00,64.45323002524339,64.45323002524339,63.8976001327844,64.36062622070312,109289
2017-02-17 00:00:00+01:00,64.36062027200776,64.82364631713013,64.08280181884766,64.08280181884766,147002
2017-02-20 00:00:00+01:00,64.351363800118,64.73104858398438,64.17541869083952,64.73104858398438,112322
2017-02-21 00:00:00+01:00,64.73104495855846,68.94457788869997,64.72178245904654,68.74085235595703,316980
2017-02-22 00:00:00+01:00,71.30601512616822,72.00981673424575,65.86083106001173,67.23138427734375,505657
2017-02-23 00:00:00+01:00,68.0648244561824,69.62059215493237,67.41659085887672,68.84270477294922,187370
2017-02-24 00:00:00+01:00,69.30573930768755,69.45391104254924,65.20333507804948,65.74970245361328,316903
2017-02-27 00:00:00+01:00,65.74970216829092,67.41659885216545,65.74043966859797,66.8609619140625,202823
2017-02-28 00:00:00+01:00,67.13877360266198,67.60179962750793,61.212039071590596,65.24036407470703,1000402
2017-03-01 00:00:00+01:00,65.74970766857128,68.66677357676974,65.33298699535052,68.62046813964844,347862
2017-03-02 00:00:00+01:00,68.99088407472624,70.32440141032868,67.60180587187939,68.23152160644531,227187
2017-03-03 00:00:00+01:00,68.5093331203504,68.5278510524802,67.1387729906056,67.60179901123047,139002
2017-03-06 00:00:00+01:00,67.60179291848384,67.8610863362298,65.7959944268846,65.84229278564453,150604
2017-03-07 00:00:00+01:00,65.5645016804284,68.43526222287151,63.53644500584388,67.85184478759766,413516
2017-03-08 00:00:00+01:00,68.06483770751603,68.5278638143699,66.76836319528172,67.76850128173828,229671
2017-03-09 00:00:00+01:00,67.76849441060571,67.78701234430653,65.91639017097748,67.13877868652344,131812
2017-03-10 00:00:00+01:00,67.13878549380834,68.86124317652208,67.13878549380834,67.76850128173828,130422
2017-03-13 00:00:00+01:00,68.25003261401872,68.6111923448888,66.84243662001434,67.60179901123047,126023
2017-03-14 00:00:00+01:00,68.06483822028153,68.62046813964844,67.69441591896434,68.62046813964844,163230
2017-03-15 00:00:00+01:00,68.99088236862266,70.37069803773439,68.12965362154662,68.50933837890625,295806
2017-03-16 00:00:00+01:00,69.63911460555391,70.75038135689101,69.36130321663222,70.37995910644531,182911
2017-03-17 00:00:00+01:00,70.84298136327175,71.3060073852539,70.37995534128957,71.3060073852539,234450
2017-03-20 00:00:00+01:00,71.30601353701394,71.67643579960027,70.37996141315661,70.83372497558594,137332
2017-03-21 00:00:00+01:00,70.833729448844,70.833729448844,69.90767726650506,70.6392593383789,190343
2017-03-22 00:00:00+01:00,69.82432743244757,69.82432743244757,67.13877501865794,68.43524932861328,278182
2017-03-23 00:00:00+01:00,68.0740900445929,70.65777618292448,68.0740900445929,70.15770721435547,102956
2017-03-24 00:00:00+01:00,70.1484477658572,70.61147382371765,69.25017608317323,70.10214233398438,107131
2017-03-27 00:00:00+02:00,69.00015294143344,70.0095464706746,68.2037474664277,68.62046813964844,81060
2017-03-28 00:00:00+02:00,69.13906024384552,69.68542764738437,67.23138791851936,67.78701782226562,171531
2017-03-29 00:00:00+02:00,67.78701373288287,68.50934033591658,67.13878006182111,67.24064636230469,122937
2017-03-30 00:00:00+02:00,69.03718067106209,71.57456121855921,67.62031515072968,68.99087524414062,385369
2017-03-31 00:00:00+02:00,69.9169367115992,70.18549268056915,68.25004003013647,68.71306610107422,136353
2017-04-03 00:00:00+02:00,69.35203791534809,69.35203791534809,67.98148482885642,68.3241195678711,90891
2017-04-04 00:00:00+02:00,67.97222772599498,68.89827985559923,67.97222772599498,68.24078369140625,88390
2017-04-05 00:00:00+02:00,68.34264179295201,69.25016881458173,67.87035328524566,67.8796157836914,124212
2017-04-06 00:00:00+02:00,65.28667352273803,68.06482984285454,65.28667352273803,66.90726470947266,113951
2017-04-07 00:00:00+02:00,66.90727141168382,67.11100402600196,65.74970616234674,66.6757583618164,114318
2017-04-10 00:00:00+02:00,66.49054481310829,66.67575241038368,63.61052216460908,63.81425476074219,288361
2017-04-11 00:00:00+02:00,63.89759060509025,64.4902633440361,60.91570191308475,61.4898567199707,945384
2017-04-12 00:00:00+02:00,61.036097823055286,62.78633574177071,61.026835323715545,61.3509521484375,420625
2017-04-13 00:00:00+02:00,61.39724905041928,61.9343538288207,57.60969278137094,60.00817108154297,508057
2017-04-18 00:00:00+02:00,60.47121015081053,63.79573408409663,60.22117210580982,61.58246994018555,315206
2017-04-19 00:00:00+02:00,62.04548774428493,64.86994934082031,61.86028015919455,64.86994934082031,227936
2017-04-20 00:00:00+02:00,65.74970204106596,66.5831503813905,63.06414941789448,63.53643798828125,188586
2017-04-21 00:00:00+02:00,63.50865949288548,64.0828073163532,61.62877471885272,61.776939392089844,237758
2017-04-24 00:00:00+02:00,62.32330006523989,62.83262440681672,60.93422211785906,61.813968658447266,130870
2017-04-25 00:00:00+02:00,62.04549049467925,62.415912746496815,60.10078250415803,60.93423080444336,270967
2017-04-26 00:00:00+02:00,60.65641393017311,60.65641393017311,58.804309688030415,60.28599166870117,333714
2017-04-27 00:00:00+02:00,60.19338036919752,62.62889460065802,59.9248244397244,62.45294952392578,169395
2017-04-28 00:00:00+02:00,62.68447672738322,63.11045989868247,62.415920737065015,62.77708053588867,192905
2017-05-02 00:00:00+02:00,63.40678418738484,65.93490229520535,62.79558645085553,63.89759063720703,176851
2017-05-04 00:00:00+02:00,64.80513452031195,65.08294593456081,61.14722417835377,62.62890625,177668
2017-05-05 00:00:00+02:00,61.30465670668285,63.425317227168286,61.15649201918772,62.42518615722656,188579
2017-05-08 00:00:00+02:00,62.971548209513045,63.434574299288876,61.582469940185554,61.58246994018555,88085
2017-05-09 00:00:00+02:00,61.656542384831205,62.49924601081611,60.7675333338645,61.11943054199219,192903
2017-05-10 00:00:00+02:00,61.119437653449445,63.65681838989258,60.79532083651238,63.65681838989258,207352
2017-05-11 00:00:00+02:00,63.82351590047271,64.08280938592465,62.53630390825231,62.980812072753906,75696
2017-05-12 00:00:00+02:00,62.2862641067868,63.425304194542754,62.13809238451994,62.323307037353516,92269
2017-05-15 00:00:00+02:00,63.71239261061171,63.71239261061171,61.702854016738065,62.138099670410156,199121
2017-05-16 00:00:00+02:00,61.22130479194551,62.54555957529871,61.119438495901655,61.4250373840332,147673
2017-05-17 00:00:00+02:00,61.119445733778555,61.350958785800444,59.73036742164722,60.7490234375,223115
2017-05-18 00:00:00+02:00,60.70271564659108,61.77693236736627,59.73035815289912,60.656410217285156,196594
2017-05-19 00:00:00+02:00,61.25834815074251,61.665806272541495,60.711973734951556,61.29539108276367,179344
2017-05-22 00:00:00+02:00,61.582469849774014,64.34210844948211,61.582469849774014,63.804996490478516,234094
2017-05-23 00:00:00+02:00,64.35135415767444,64.35135415767444,62.925233170989074,63.89759063720703,169572
2017-05-24 00:00:00+02:00,65.00884518012732,67.5091897271881,65.00884518012732,66.20345306396484,658186
2017-05-25 00:00:00+02:00,68.53710963326961,70.28734732596298,68.15742492675781,68.15742492675781,505912
2017-05-26 00:00:00+02:00,68.38894183324946,68.98161457443199,66.98134583924508,67.60179901123047,163910
2017-05-29 00:00:00+02:00,68.4004359301961,70.20440167519295,67.84608803361485,69.99769592285156,367008
2017-05-30 00:00:00+02:00,70.26077017700534,73.74656045898112,69.99769274716904,72.91034698486328,603892
2017-05-31 00:00:00+02:00,72.41237913998089,74.21634483231595,71.72649254253635,74.15997314453125,499969
2017-06-01 00:00:00+02:00,74.13179429299794,77.04444885253906,73.47409347740921,77.04444885253906,505589
2017-06-02 00:00:00+02:00,77.23235927509405,77.88066241905808,76.10488240311786,77.04444885253906,239235
2017-06-05 00:00:00+02:00,77.49543373420092,77.98400506973266,75.1653060913086,75.1653060913086,195868
2017-06-06 00:00:00+02:00,73.38012863797557,75.1653060913086,72.15869671498513,75.1653060913086,355533
2017-06-07 00:00:00+02:00,75.63509084973003,77.02565219581174,73.86870869992244,75.35321807861328,194476
2017-06-08 00:00:00+02:00,75.71026218076496,76.90350835388918,74.69552874905952,76.75318145751953,235180
2017-06-09 00:00:00+02:00,76.66861070692725,77.88065212670143,75.64448685319684,77.25114440917969,266929
2017-06-12 00:00:00+02:00,77.0350407062748,77.0350407062748,75.2122869167016,76.76256561279297,237484
2017-06-13 00:00:00+02:00,75.72904753898331,78.92357461169252,75.63509233620532,78.91417694091797,399841
2017-06-14 00:00:00+02:00,78.91418004269777,79.75979123758205,76.80015563964844,76.80015563964844,243343
2017-06-15 00:00:00+02:00,76.80015563964844,76.80015563964844,76.80015563964844,76.80015563964844,0
2017-06-16 00:00:00+02:00,76.3867527701375,78.90479106104664,76.3867527701375,77.60818481445312,151045
2017-06-19 00:00:00+02:00,78.73566420613652,79.39335779390497,78.45379142948005,78.91417694091797,161372
2017-06-20 00:00:00+02:00,78.92357400471272,79.29000431055451,77.52362213961653,78.33164978027344,130359
2017-06-21 00:00:00+02:00,78.7168705400962,79.15846788770702,77.58939374611667,77.94642639160156,193493
2017-06-22 00:00:00+02:00,77.70213923546147,79.09270067624819,77.51422882080078,77.51422882080078,207983
2017-06-23 00:00:00+02:00,77.51423417605507,78.73567346070405,77.51423417605507,78.5665512084961,45848
2017-06-26 00:00:00+02:00,78.31286645396531,80.80271911621094,78.31286645396531,80.80271911621094,204122
2017-06-27 00:00:00+02:00,80.99062954915178,81.61074688083893,80.06046071994459,80.80271911621094,108802
2017-06-28 00:00:00+02:00,80.80270706979852,81.51677951149912,80.33292388916016,80.33292388916016,112065
2017-06-29 00:00:00+02:00,80.3423335376794,80.80271911621094,80.1826017845238,80.80271911621094,60258
2017-06-30 00:00:00+02:00,80.75572918078291,81.2630958967813,79.87254163959112,80.84029388427734,97600
2017-07-03 00:00:00+02:00,80.84029028174909,80.89666196935143,79.40275490131002,80.15440368652344,156263
2017-07-04 00:00:00+02:00,80.15439941808447,80.15439941808447,78.18131160552815,78.575927734375,71421
2017-07-05 00:00:00+02:00,78.57593787377617,78.8202271524376,73.3049696338147,77.70214080810547,506062
2017-07-06 00:00:00+02:00,77.70213032074335,77.70213032074335,75.5693179689172,76.57465362548828,321310
2017-07-07 00:00:00+02:00,76.19883248465288,77.0350459948776,74.88343811035156,74.88343811035156,82170
2017-07-10 00:00:00+02:00,75.07135568209841,76.94109078328327,75.07135568209841,76.48070526123047,86082
2017-07-11 00:00:00+02:00,77.04444482524987,77.88065834805809,75.74784577342112,76.13306427001953,105729
2017-07-12 00:00:00+02:00,76.13306610554912,77.89005789708132,76.13306610554912,77.78670501708984,85819
2017-07-13 00:00:00+02:00,77.98401239364931,78.3598403930664,77.23235639481511,78.3598403930664,162257
2017-07-14 00:00:00+02:00,78.6416919097192,78.6416919097192,76.19882110419206,76.90349578857422,79306
2017-07-17 00:00:00+02:00,77.64577177532199,77.64577177532199,76.33977496780025,76.95989227294922,71453
2017-07-18 00:00:00+02:00,76.20823208443736,77.59878635690124,76.20823208443736,77.51422882080078,104374
2017-07-19 00:00:00+02:00,77.41086673925415,78.17191314697266,77.23234684872384,78.17191314697266,71823
2017-07-20 00:00:00+02:00,78.17192521188663,81.26309967041016,78.17192521188663,81.26309967041016,225986
2017-07-21 00:00:00+02:00,81.26309816839827,82.68184547862788,81.26309816839827,81.74227905273438,135020
2017-07-24 00:00:00+02:00,81.74227905273438,81.9301894705839,81.34766287425661,81.74227905273438,75549
2017-07-25 00:00:00+02:00,81.74228061858993,82.8697574839309,78.97056247643825,81.93019104003906,125057
2017-07-26 00:00:00+02:00,82.36239566160967,82.68184480300812,81.46040559199817,82.00535583496094,74539
2017-07-27 00:00:00+02:00,82.21206412532776,83.15163057247436,81.74228090175446,82.10871124267578,104058
2017-07-28 00:00:00+02:00,82.68184808941601,82.68184808941601,80.33293195051215,81.53557586669922,86920
2017-07-31 00:00:00+02:00,82.68184101788295,82.68184101788295,80.63358603320704,81.27249145507812,110562
2017-08-01 00:00:00+02:00,81.5543701971408,82.16508265101203,81.05639396048673,81.93019104003906,73552
2017-08-02 00:00:00+02:00,81.96777654276883,82.67245139275077,80.80271613126254,81.45101928710938,108079
2017-08-03 00:00:00+02:00,80.89666369702795,81.25370350832772,79.87253978599405,80.47386169433594,102464
2017-08-04 00:00:00+02:00,79.86314974707734,81.62014162210941,79.86314974707734,80.16381072998047,76422
2017-08-07 00:00:00+02:00,80.99061139242853,81.3664393423795,80.34231552629309,80.52082824707031,85541
2017-08-08 00:00:00+02:00,80.98122993193724,81.5355706645553,78.94236540552699,79.68462371826172,112646
2017-08-09 00:00:00+02:00,79.86314433274599,79.86314433274599,79.04571898074404,79.11148834228516,69144
2017-08-10 00:00:00+02:00,79.11148480351856,80.89666232476749,79.02692727174355,79.71280670166016,52960
2017-08-11 00:00:00+02:00,78.92357635498047,79.33698785832219,78.07796517465543,78.92357635498047,95120
2017-08-14 00:00:00+02:00,78.92357566752467,79.65643629464866,78.1907150404007,79.49671173095703,37609
2017-08-15 00:00:00+02:00,79.49671173095703,79.49671173095703,79.49671173095703,79.49671173095703,0
2017-08-16 00:00:00+02:00,79.86314620094738,81.9301894705839,79.24302891906265,81.74227905273438,109510
2017-08-17 00:00:00+02:00,81.7234893055688,81.93018789389632,80.89666627896744,81.55436706542969,175867
2017-08-18 00:00:00+02:00,81.36644665893392,81.55436423496812,80.33292507987491,81.27249145507812,34410
2017-08-21 00:00:00+02:00,80.99061867518813,81.73287697179738,80.60540018888254,81.27249145507812,50827
2017-08-22 00:00:00+02:00,81.27248769932758,81.74227086521964,79.39335503575931,79.91950988769531,134068
2017-08-23 00:00:00+02:00,80.78392879326836,80.78392879326836,79.11149444391926,79.5906753540039,347702
2017-08-24 00:00:00+02:00,79.76918713797907,79.86314234236438,79.39335915211518,79.67523193359375,55004
2017-08-25 00:00:00+02:00,79.86313549418033,80.42687384047484,79.01752439057755,79.76918029785156,68804
2017-08-28 00:00:00+02:00,79.76918349840457,79.85374102799652,79.15846394528097,79.29940032958984,67552
2017-08-29 00:00:00+02:00,79.85374792666194,79.85374792666194,75.20289702093226,75.65388488769531,334123
2017-08-30 00:00:00+02:00,76.92230842729666,77.87126538782336,75.74785035586176,76.1142807006836,178137
2017-08-31 00:00:00+02:00,77.04444597926799,79.04571986130397,77.04444597926799,78.3598403930664,228526
2017-09-01 00:00:00+02:00,79.04571898074404,79.69402209330845,77.8054916143096,79.11148834228516,215247
2017-09-04 00:00:00+02:00,79.01753016522645,80.80270769922262,78.01219443756204,80.3799057006836,112568
2017-09-05 00:00:00+02:00,80.14501391720466,81.37584356326336,77.34510299141206,78.73566436767578,230563
2017-09-06 00:00:00+02:00,78.73566531337742,79.29000603538888,76.48070457338217,77.05384063720703,190341
2017-09-07 00:00:00+02:00,80.89665817829174,84.57036590576172,80.89665817829174,84.57036590576172,926848
2017-09-08 00:00:00+02:00,85.03076012224764,89.4937005706529,84.74888733186134,88.92996215820312,870937
2017-09-11 00:00:00+02:00,90.38628688181635,94.70829815541511,90.38628688181635,93.9566421508789,874801
2017-09-12 00:00:00+02:00,95.31900525155767,100.15777348475167,92.08690181720506,98.27864074707031,655504
2017-09-13 00:00:00+02:00,98.27865408733597,102.97648656921936,96.35254707075786,100.53361511230469,536512
2017-09-14 00:00:00+02:00,100.53360386909075,102.69460943640964,98.65447108649093,100.15777587890625,369692
2017-09-15 00:00:00+02:00,99.96987256592331,100.53361100706465,96.30556194601988,97.62095642089844,1045428
2017-09-18 00:00:00+02:00,97.57397069255843,100.53360633130345,97.15116867344753,99.59403991699219,234026
2017-09-19 00:00:00+02:00,100.11081194615558,102.88253021240234,99.5940475115493,102.88253021240234,255508
2017-09-20 00:00:00+02:00,102.41274722436401,108.51992939829398,102.224836794034,107.0166244506836,524797
2017-09-21 00:00:00+02:00,108.05012907300677,109.92926175253733,103.44625257449246,105.23143005371094,459626
2017-09-22 00:00:00+02:00,105.56027925577578,107.48639316372206,103.07042696472797,107.11056518554688,350866
2017-09-25 00:00:00+02:00,107.2984835053182,109.36553395359593,105.04352980657595,106.31194305419922,157767
2017-09-26 00:00:00+02:00,106.68776793639626,107.4863979453447,103.58719593892252,104.33885192871094,207984
2017-09-27 00:00:00+02:00,103.63417154055244,106.68776218595568,103.63417154055244,105.37236785888672,159441
2017-09-28 00:00:00+02:00,105.37237593511225,107.95618360233455,105.37237593511225,107.86222839355469,287320
2017-09-29 00:00:00+02:00,107.86222570209053,109.45948571646085,106.40589491321194,109.22459411621094,195254
2017-10-02 00:00:00+02:00,109.22459461641164,109.88228823279425,106.73474220869555,107.62733459472656,113194
2017-10-03 00:00:00+02:00,107.7212859550162,109.22459071615468,107.43941317616162,108.05013275146484,59383
2017-10-04 00:00:00+02:00,107.81524383557705,108.33200822020085,106.6877670288086,106.6877670288086,127601
2017-10-05 00:00:00+02:00,107.62734410174129,107.86223572381552,106.45288599137014,107.0166244506836,212774
2017-10-06 00:00:00+02:00,107.06358358123065,108.98969748164033,107.06358358123065,108.70782470703125,259904
2017-10-09 00:00:00+02:00,108.70782691169553,109.36552767634782,108.33200609569145,108.94271850585938,199964
2017-10-10 00:00:00+02:00,108.98969126207442,108.98969126207442,108.05012495809102,108.8487548828125,277317
2017-10-11 00:00:00+02:00,108.94272259153726,116.50623507459623,107.2045261632018,111.80840301513672,493158
2017-10-12 00:00:00+02:00,113.02983984477424,115.84853902126913,109.92926788330078,109.92926788330078,467959
2017-10-13 00:00:00+02:00,111.90235546629364,115.56666581607772,109.27157387879117,110.68092346191406,668716
2017-10-16 00:00:00+02:00,112.09026629134432,112.56004945741311,109.74135046100032,110.82184600830078,328596
2017-10-17 00:00:00+02:00,110.86883518268968,111.33861838261633,106.64078638334982,107.58035278320312,434284
2017-10-18 00:00:00+02:00,107.11056600664763,107.5803491908873,103.58719212485,104.76165008544922,339621
2017-10-19 00:00:00+02:00,104.24488790636731,105.98309145924391,104.19791388794961,104.99654388427734,188298
2017-10-20 00:00:00+02:00,106.17100850423176,108.56690581125828,105.13748684626228,105.70122528076172,267282
2017-10-23 00:00:00+02:00,105.70122483764474,107.11057450214666,105.70122483764474,106.452880859375,149805
2017-10-24 00:00:00+02:00,107.11056761954484,107.11056761954484,105.51330763640699,106.54682922363281,256192
2017-10-25 00:00:00+02:00,106.1710048287764,107.11057124319036,106.1710048287764,106.92266082763672,203203
2017-10-26 00:00:00+02:00,107.11056831734032,112.1372470634808,106.9696319253635,110.68092346191406,404612
2017-10-27 00:00:00+02:00,111.1507126263614,113.21775592530328,110.4460377969508,111.338623046875,272323
2017-10-30 00:00:00+01:00,111.33861035830535,111.80839352437415,110.07019724358403,110.82184600830078,164412
2017-10-31 00:00:00+01:00,111.38560722134763,113.6875421917859,110.96279801137597,113.31171417236328,433067
2017-11-01 00:00:00+01:00,113.31171417236328,113.31171417236328,113.31171417236328,113.31171417236328,0
2017-11-02 00:00:00+01:00,114.1103313033304,114.1103313033304,111.52652381902152,112.74796295166016,246557
2017-11-03 00:00:00+01:00,113.02983610488951,114.1573128708529,111.99630737304688,111.99630737304688,167254
2017-11-06 00:00:00+01:00,111.99630818800416,114.53314168236511,111.33861459779345,113.68753051757812,121717
2017-11-07 00:00:00+01:00,113.96940366387457,117.44579636907002,113.2177476997835,116.97601318359375,273736
2017-11-08 00:00:00+01:00,117.35184134751428,120.26449566831683,117.02299455083575,118.62025451660156,522698
2017-11-09 00:00:00+01:00,118.62026037564166,120.26450160857135,117.63371276855469,117.63371276855469,254983
2017-11-10 00:00:00+01:00,117.63371040658943,119.3249327938311,116.1304056003317,117.35184478759766,153949
2017-11-13 00:00:00+01:00,116.50622771352465,116.50622771352465,104.8556035085077,107.81523895263672,970441
2017-11-14 00:00:00+01:00,109.92927565577452,110.2581224826186,92.08691061416006,100.90943908691406,1708208
2017-11-15 00:00:00+01:00,100.29872348821051,102.41274810505804,96.96325955874391,100.53361511230469,534183
2017-11-16 00:00:00+01:00,104.29187663685191,105.60727110917955,101.94296049638227,103.35231018066406,418827
2017-11-17 00:00:00+01:00,104.47978335059841,106.31194217609719,102.17784848201102,104.57374572753906,381213
2017-11-20 00:00:00+01:00,105.23143563291575,108.80179078064732,104.66769723283252,106.64078521728516,456916
2017-11-21 00:00:00+01:00,108.51991614654028,108.61387135023209,103.5871926853339,105.65423583984375,547279
2017-11-22 00:00:00+01:00,93.01707501681346,103.25835036647062,90.19837577387972,99.59403991699219,1252117
2017-11-23 00:00:00+01:00,98.79540716601869,101.66108034941577,96.91627438936906,98.46656036376953,463542
2017-11-24 00:00:00+01:00,99.0303003460762,101.00338835943313,98.46656193773462,98.65447235107422,254250
2017-11-27 00:00:00+01:00,98.65446792238477,101.75503978156013,98.65446792238477,100.62755584716797,972024
2017-11-28 00:00:00+01:00,101.47316701788651,102.50668858162642,98.18468475341797,98.18468475341797,593281
2017-11-29 00:00:00+01:00,97.80886061411476,99.54705701703419,92.07750701904297,92.07750701904297,1027149
2017-11-30 00:00:00+01:00,91.13794817243304,96.91628343352517,89.46552099207682,95.36599731445312,6416313
2017-12-01 00:00:00+01:00,96.21158963237858,97.24511111881758,86.5904328196373,90.95001983642578,1108879
2017-12-04 00:00:00+01:00,89.25880846671971,91.38223054895312,85.69785093190133,90.5272216796875,692953
2017-12-05 00:00:00+01:00,89.85073925236493,93.94724964902133,89.40914903134835,93.5432357788086,586872
2017-12-06 00:00:00+01:00,93.95664582253852,94.23851862733541,88.9393643764101,92.068115234375,838274
2017-12-07 00:00:00+01:00,91.28827458591837,92.81976523264363,89.55946868767188,90.12320709228516,203990
2017-12-08 00:00:00+01:00,90.95004111169862,92.00235101605513,87.56759593819956,88.31925201416016,405722
2017-12-11 00:00:00+01:00,88.31923500785614,89.03330742568818,83.71535855782473,84.0911865234375,726362
2017-12-12 00:00:00+01:00,83.62141007725938,86.13005065917969,82.7757988787686,86.13005065917969,426030
2017-12-13 00:00:00+01:00,86.44009938879975,93.58080181768838,86.38372770480052,91.22248840332031,831204
2017-12-14 00:00:00+01:00,92.07751432961946,93.29895361152536,88.05617097317597,89.58766174316406,282704
2017-12-15 00:00:00+01:00,89.77556669935005,91.34464076753956,88.07494674863804,90.66815185546875,323425
2017-12-18 00:00:00+01:00,91.13794534156868,92.50031382212886,88.51655409474128,90.15139770507812,176504
2017-12-19 00:00:00+01:00,90.17018253559284,94.23850649640806,89.82254041020362,93.86267852783203,329583
2017-12-20 00:00:00+01:00,93.95663837008242,95.64786072807294,93.0170719863816,93.5338363647461,198132
2017-12-21 00:00:00+01:00,93.43987314265343,94.37943951781665,90.57419999939914,94.28548431396484,314250
2017-12-22 00:00:00+01:00,94.05059876694695,95.08412041240994,92.97009593237621,94.09757995605469,180759
2017-12-25 00:00:00+01:00,94.09757995605469,94.09757995605469,94.09757995605469,94.09757995605469,0
2017-12-26 00:00:00+01:00,94.09757995605469,94.09757995605469,94.09757995605469,94.09757995605469,0
2017-12-27 00:00:00+01:00,94.23850969309397,95.83576965332031,93.76872650851888,95.83576965332031,249957
2017-12-28 00:00:00+01:00,96.77534022475733,96.77534022475733,92.60366307072002,93.01707458496094,303466
2017-12-29 00:00:00+01:00,90.76211906294758,93.45867739742881,90.60239448433457,91.13794708251953,437899
2018-01-01 00:00:00+01:00,91.13794708251953,91.13794708251953,91.13794708251953,91.13794708251953,0
2018-01-02 00:00:00+01:00,91.13794708251953,91.13794708251953,91.13794708251953,91.13794708251953,0
2018-01-03 00:00:00+01:00,91.79563423226782,93.95663981534996,91.79563423226782,92.07750701904297,212199
2018-01-04 00:00:00+01:00,93.01707341719646,93.72174821581159,91.37283222042784,92.07750701904297,192525
2018-01-05 00:00:00+01:00,93.01707458496094,93.39290258260515,91.84261657252456,93.01707458496094,120812
2018-01-08 00:00:00+01:00,93.39290208106455,94.99016210207124,92.40635448858683,94.61433410644531,284250
2018-01-09 00:00:00+01:00,94.61433577860589,94.70829815541511,93.20498614634272,93.9566421508789,122877
2018-01-10 00:00:00+01:00,93.86267828073385,93.86267828073385,91.84260922723757,92.21843719482422,102408
2018-01-11 00:00:00+01:00,93.01706707321627,100.34568734631372,92.35937350669414,97.9028091430664,447301
2018-01-12 00:00:00+01:00,98.65448211955133,101.84900964089674,97.99678843941705,100.53361511230469,364636
2018-01-15 00:00:00+01:00,101.94296216498269,102.78857342305734,99.31217317726671,99.40613555908203,131011
2018-01-16 00:00:00+01:00,100.53359793804451,105.32538481731488,100.06381477010972,104.38581848144531,390235
2018-01-17 00:00:00+01:00,105.23143813189338,111.80840301513672,104.76165492594743,111.80840301513672,770193
2018-01-18 00:00:00+01:00,113.68751873089703,115.94247921376926,108.98968737838062,112.46607971191406,642804
2018-01-19 00:00:00+01:00,112.74796695195445,114.06336133339178,109.92926777815559,113.96940612792969,335162
2018-01-22 00:00:00+01:00,114.53313433285345,114.53313433285345,110.96277949655892,112.09026336669922,202318
2018-01-23 00:00:00+01:00,111.52653189529991,113.31170953830735,109.08366062144272,111.15071105957031,258942
2018-01-24 00:00:00+01:00,109.92927878711357,111.62050132809082,107.29848976077636,109.4594955444336,259783
2018-01-25 00:00:00+01:00,108.98969541277205,109.36552338234262,105.23143005371094,105.23143005371094,206717
2018-01-26 00:00:00+01:00,104.38582832211638,109.55344365656099,104.38582832211638,107.86222839355469,125625
2018-01-29 00:00:00+01:00,108.0501323680151,108.80178833007812,105.79517165014855,108.80178833007812,98301
2018-01-30 00:00:00+01:00,108.80178833007812,108.80178833007812,108.80178833007812,108.80178833007812,0
2018-01-31 00:00:00+01:00,107.11057505114324,111.52653448855412,106.45288140500057,108.98970794677734,321184
2018-02-01 00:00:00+01:00,109.08365432672738,110.30509347733383,106.73473839734771,108.05013275146484,114568
2018-02-02 00:00:00+01:00,107.20452282414307,107.7682612200551,105.88912845479993,106.54682922363281,164583
2018-02-05 00:00:00+01:00,104.29187994133936,105.51331924041415,101.94296372644433,102.88253021240234,196752
2018-02-06 00:00:00+01:00,96.39951267466938,101.09734474622562,95.6478638442141,99.59403991699219,562601
2018-02-07 00:00:00+01:00,103.25835130192215,104.57374572753906,101.66108408212914,104.57374572753906,296436
2018-02-08 00:00:00+01:00,106.17100291209178,107.67430771435066,102.97647572708996,104.2918701171875,252099
2018-02-09 00:00:00+01:00,102.6006433467168,104.19791045507176,99.78194427490234,99.78194427490234,364186
2018-02-12 00:00:00+01:00,102.60064786927573,102.69461024380261,99.87591104774204,100.2517318725586,183269
2018-02-13 00:00:00+01:00,101.19131167177223,103.54022797955082,100.6275731915701,102.50670623779297,257193
2018-02-14 00:00:00+01:00,102.6946146302861,104.57374750792484,101.19130259351667,102.31878662109375,282082
2018-02-15 00:00:00+01:00,104.2918747089498,104.47978512938447,102.31878662109375,102.31878662109375,221133
2018-02-16 00:00:00+01:00,102.8825189643469,104.94956214013716,102.8825189643469,104.10395812988281,163430
2018-02-19 00:00:00+01:00,104.00999495724362,104.19791253343963,101.94295179734536,102.41273498535156,62447
2018-02-20 00:00:00+01:00,102.41273498535156,102.78856296942104,100.43964702939004,102.41273498535156,38368
2018-02-21 00:00:00+01:00,102.03691894137545,103.1644030255191,101.28527005360309,102.88253021240234,55321
2018-02-22 00:00:00+01:00,102.88253176700539,103.07044219970703,101.3792268004216,103.07044219970703,112305
2018-02-23 00:00:00+01:00,103.07042492463083,103.35229769476366,100.81547143685748,102.03690338134766,81704
2018-02-26 00:00:00+01:00,103.07043315791479,103.16439553434634,99.68799548774274,100.43965148925781,97067
2018-02-27 00:00:00+01:00,100.53361262401046,101.09735107421875,98.84239010506226,101.09735107421875,86237
2018-02-28 00:00:00+01:00,100.53361511230469,101.66109204062731,97.43304280693225,100.53361511230469,263866
2018-03-01 00:00:00+01:00,99.40612675209435,100.06382035659266,97.05721078128232,98.46656036376953,146953
2018-03-02 00:00:00+01:00,98.37259993407788,100.34569512320562,97.62095110955939,99.50008392333984,126885
2018-03-05 00:00:00+01:00,99.59403991699219,100.06382312414782,98.18469029552533,99.59403991699219,126778
2018-03-06 00:00:00+01:00,99.5940416784403,100.34569769051245,96.02368637358212,97.33908081054688,149552
2018-03-07 00:00:00+01:00,97.43302995727149,103.16439056396484,93.62779044978254,103.16439056396484,341821
2018-03-08 00:00:00+01:00,103.82208494717597,104.66769612249169,101.66107940673828,101.66107940673828,136269
2018-03-09 00:00:00+01:00,101.66109091332757,103.82209669836035,99.78195794141155,102.88253021240234,333051
2018-03-12 00:00:00+01:00,103.1643935712217,107.95618077680899,102.2248271713684,107.58035278320312,299351
2018-03-13 00:00:00+01:00,108.05014207494162,108.5199253013544,105.98309874605461,107.39244842529297,267233
2018-03-14 00:00:00+01:00,107.39243554640949,107.67430114746094,105.32538529708735,107.67430114746094,175902
2018-03-15 00:00:00+01:00,107.58035160686477,107.67430681215819,106.35891243308221,106.64078521728516,249618
2018-03-16 00:00:00+01:00,106.17101001868083,106.17101001868083,100.62756646899658,102.60065460205078,947313
2018-03-19 00:00:00+01:00,103.72813220413566,105.2314370135214,101.47317140589564,102.69461059570312,205761
2018-03-20 00:00:00+01:00,103.63417375019725,103.63417375019725,101.66107863336312,103.16439056396484,213151
2018-03-21 00:00:00+01:00,103.82208096767482,106.35890722806283,102.41273145227652,106.07704162597656,268744
2018-03-22 00:00:00+01:00,106.64077956335886,108.98969541277205,102.03690306484454,105.23143005371094,350478
2018-03-23 00:00:00+01:00,102.69461010884795,104.57374290375223,100.81547731394367,104.2918701171875,229845
2018-03-26 00:00:00+02:00,104.76165092538257,104.76165092538257,102.03690700128209,102.41273498535156,141885
2018-03-27 00:00:00+02:00,104.00999136906566,108.23803991526057,103.82208096767482,106.07704162597656,215890
2018-03-28 00:00:00+02:00,104.29187709799622,105.23144355833853,102.03691615951004,102.60065460205078,178170
2018-03-29 00:00:00+02:00,103.63417779121127,104.29187141025311,102.13086580199081,102.78856658935547,141581
2018-03-30 00:00:00+02:00,102.78856658935547,102.78856658935547,102.78856658935547,102.78856658935547,0
2018-04-02 00:00:00+02:00,102.78856658935547,102.78856658935547,102.78856658935547,102.78856658935547,0
2018-04-03 00:00:00+02:00,102.31878494757302,103.63417937407023,101.19130093843702,102.97647857666016,226888
2018-04-04 00:00:00+02:00,103.07042775485735,104.85560528863265,102.22482375788394,104.76165008544922,283473
2018-04-05 00:00:00+02:00,105.23143286601024,109.74135428473967,105.13747766318723,107.9561767578125,407094
2018-04-06 00:00:00+02:00,108.51992513941863,113.78149583372581,108.51992513941863,113.1238021850586,639251
2018-04-09 00:00:00+02:00,112.74796923838102,118.38536770030007,111.43257483026866,115.84854125976562,433609
2018-04-10 00:00:00+02:00,116.22436913584453,117.44580841064453,113.12380409479746,117.44580841064453,264411
2018-04-11 00:00:00+02:00,117.44580560106476,119.70076650226983,114.90897906741101,117.16393280029297,293666
2018-04-12 00:00:00+02:00,116.69414079201486,119.13701909925177,115.19083602716931,116.22435760498047,257170
2018-04-13 00:00:00+02:00,116.50623938890861,118.1974618602704,114.72106170654297,114.72106170654297,121863
2018-04-16 00:00:00+02:00,114.72104472704913,116.03643899138511,111.4325626503702,112.09026336669922,255336
2018-04-17 00:00:00+02:00,111.80839659372965,113.59357410746209,110.11717428212577,112.74796295166016,205824
2018-04-18 00:00:00+02:00,112.74796850887346,114.90897410595598,112.56005809535445,114.15731811523438,166508
2018-04-19 00:00:00+02:00,114.15731168646968,114.62709486213417,112.46608938674859,112.65400695800781,127953
2018-04-20 00:00:00+02:00,111.80839979099929,113.87544297022652,111.43257180341543,112.27818298339844,89250
2018-04-23 00:00:00+02:00,112.65401693898124,114.06336659084091,111.99631613378625,112.93588256835938,129356
2018-04-24 00:00:00+02:00,112.74796210604859,113.68752845693233,111.0567398071289,111.0567398071289,211423
2018-04-25 00:00:00+02:00,111.05674060103212,112.46609013743264,108.4259591007446,108.70782470703125,221981
2018-04-26 00:00:00+02:00,108.9897043431385,110.58696438428638,108.5199211347629,108.61387634277344,163854
2018-04-27 00:00:00+02:00,109.92927439459439,110.30510240738583,108.70783514510298,108.98970794677734,149553
2018-04-30 00:00:00+02:00,109.17761917761007,118.94911174094224,109.17761917761007,117.25789642333984,326055
2018-05-01 00:00:00+02:00,117.25789642333984,117.25789642333984,117.25789642333984,117.25789642333984,0
2018-05-02 00:00:00+02:00,117.25789642333984,121.95572869721848,115.56667393741427,117.25789642333984,417270
2018-05-03 00:00:00+02:00,117.25789642333984,117.25789642333984,117.25789642333984,117.25789642333984,0
2018-05-04 00:00:00+02:00,117.44579999392825,118.85514959385539,116.69414400663801,117.35184478759766,288199
2018-05-07 00:00:00+02:00,118.76120615320815,121.2040776014328,117.72768444453504,120.26451110839844,155857
2018-05-08 00:00:00+02:00,121.20405077412181,128.7205810546875,121.11008841095723,128.7205810546875,761942
2018-05-09 00:00:00+02:00,129.1903872046887,138.86792453171466,129.1903872046887,136.14317321777344,857377
2018-05-10 00:00:00+02:00,137.17670205006945,138.0223061225689,134.35800269287625,136.14317321777344,328228
2018-05-11 00:00:00+02:00,136.1431744600646,137.1767033017915,132.9486542274212,136.2371368408203,285878
2018-05-14 00:00:00+02:00,136.7069131316041,139.05582916479318,129.66016503203687,130.5997314453125,674595
2018-05-15 00:00:00+02:00,127.31125598713722,133.13656520187618,127.31125598713722,131.3513946533203,382740
2018-05-16 00:00:00+02:00,132.29096057207067,136.51900964644096,131.16348368623454,136.2371368408203,228394
2018-05-17 00:00:00+02:00,136.23712992496627,139.90143320208296,130.1299482386747,130.5997314453125,485851
2018-05-18 00:00:00+02:00,131.44532901047663,134.82777366638183,130.5997250148228,131.53929138183594,154707
2018-05-21 00:00:00+02:00,133.41843959263394,139.05583844866072,132.47887311662947,138.11627197265625,400947
2018-05-22 00:00:00+02:00,138.96185626047935,139.52560180039129,135.57942603094148,137.64646911621094,289294
2018-05-23 00:00:00+02:00,138.1162665860181,138.1162665860181,133.51239676780926,135.86131286621094,138073
2018-05-24 00:00:00+02:00,135.76733557178122,136.98877467608807,134.45194843584738,135.9552459716797,196617
2018-05-25 00:00:00+02:00,137.08272270771505,137.08272270771505,135.20359003544127,135.9552459716797,150841
2018-05-28 00:00:00+02:00,136.2371368408203,136.98879287692654,135.20360799909344,136.2371368408203,153148
2018-05-29 00:00:00+02:00,136.61294601496866,136.61294601496866,132.57282204739764,135.01568603515625,159068
2018-05-30 00:00:00+02:00,134.35797793674422,138.39811580496806,133.88819479710526,138.3041534423828,413647
2018-05-31 00:00:00+02:00,138.3041534423828,138.3041534423828,138.3041534423828,138.3041534423828,0
2018-06-01 00:00:00+02:00,138.3041888394013,140.46519470214844,137.17671188303459,140.46519470214844,277261
2018-06-04 00:00:00+02:00,141.6866140356391,148.357526781762,141.49870362555663,148.07566833496094,323629
2018-06-05 00:00:00+02:00,148.92128204540083,149.2971028900367,145.06905387297485,147.51193237304688,251099
2018-06-06 00:00:00+02:00,149.29709497554543,150.0487509616169,142.34430936183668,143.37783813476562,277327
2018-06-07 00:00:00+02:00,143.753662109375,146.29048857338773,140.08935880987278,143.753662109375,283231
2018-06-08 00:00:00+02:00,144.69325007845273,144.69325007845273,140.93498384264876,141.12289428710938,243390
2018-06-11 00:00:00+02:00,150.142728844632,150.142728844632,131.91513023038056,135.1096649169922,741450
2018-06-12 00:00:00+02:00,135.48549493340343,144.50533963399212,135.39154687949707,141.12289428710938,551065
2018-06-13 00:00:00+02:00,147.51191752668888,149.0152294272239,142.06242980805547,145.91465759277344,912013
2018-06-14 00:00:00+02:00,145.91466367333595,156.90758760208078,144.22344129891857,154.74658203125,564828
2018-06-15 00:00:00+02:00,155.96801993960426,162.07520144326347,152.8674480011867,157.84715270996094,760620
2018-06-18 00:00:00+02:00,158.88070111316196,161.98125909830355,153.9009957886707,161.60543823242188,367391
2018-06-19 00:00:00+02:00,159.16254572334577,159.44441851651555,153.24328875000938,155.21636962890625,404811
2018-06-20 00:00:00+02:00,155.4982480462446,158.59882020996426,155.31033762288357,155.78012084960938,218967
2018-06-21 00:00:00+02:00,156.71968789469187,157.09550874283275,151.5520723811997,154.182861328125,251567
2018-06-22 00:00:00+02:00,155.02846915628072,158.31695183535334,152.8674633855608,156.24990844726562,183091
2018-06-25 00:00:00+02:00,156.90759772642207,158.12903698323845,155.4982480462446,155.78012084960938,110770
2018-06-26 00:00:00+02:00,153.90098671391624,157.18946927474076,153.24329306908058,155.6861572265625,199502
2018-06-27 00:00:00+02:00,154.84054598030355,155.87406042093923,154.0888899910668,154.9344940185547,211677
2018-06-28 00:00:00+02:00,154.55868530273438,154.9345061584775,145.4448933528204,147.98171997070312,459752
2018-06-29 00:00:00+02:00,147.69982446693336,152.3976561251478,147.60587643575573,152.02183532714844,248707
2018-07-02 00:00:00+02:00,150.0487494544031,154.84054377291116,149.57896625990801,151.36415100097656,139224
2018-07-03 00:00:00+02:00,152.20975454626145,153.80701453528206,150.98831537701795,152.96141052246094,69842
2018-07-04 00:00:00+02:00,153.14931373321156,157.4713246407085,152.6795305622508,157.09548950195312,167911
2018-07-05 00:00:00+02:00,157.37736025336068,169.96754333897175,157.28339788571583,168.182373046875,523385
2018-07-06 00:00:00+02:00,168.18238311892588,169.12194950506515,165.2697215872361,166.02137756347656,291108
2018-07-09 00:00:00+02:00,166.02138530228362,170.15548619598763,164.9878708313421,165.17578125,164074
2018-07-10 00:00:00+02:00,166.30324674456307,177.10825995113072,165.36368037877457,167.24281311035156,541056
2018-07-11 00:00:00+02:00,167.24281875788677,169.5917347516773,165.6455587494383,167.8065643310547,357701
2018-07-12 00:00:00+02:00,169.59174313744643,173.6318817138672,167.7126102494969,173.6318817138672,273133
2018-07-13 00:00:00+02:00,171.9406464099884,180.39674377441406,171.9406464099884,180.39674377441406,346622
2018-07-16 00:00:00+02:00,181.33631160581677,185.47039794921875,179.2692684341158,185.47039794921875,334953
2018-07-17 00:00:00+02:00,183.2154474310061,189.60450179849337,182.36984340829042,189.04075622558594,555185
2018-07-18 00:00:00+02:00,188.66496436070676,198.43645065558516,187.44352498968505,197.12106323242188,528161
2018-07-19 00:00:00+02:00,196.93313910519439,196.93313910519439,181.05445705873095,190.73199462890625,527994
2018-07-20 00:00:00+02:00,186.9737129704029,192.98693217549635,185.1885425510723,192.23529052734375,268281
2018-07-23 00:00:00+02:00,194.4902662268898,195.8056535971471,190.54408977947074,191.29574584960938,168042
2018-07-24 00:00:00+02:00,193.55067678598257,196.18146555137355,192.79902080492153,195.4298095703125,206525
2018-07-25 00:00:00+02:00,194.8660678717958,199.18807909627898,193.55068063128994,197.49685668945312,200300
2018-07-26 00:00:00+02:00,198.06059335686143,203.51008116175822,197.49684780107572,201.44302368164062,233859
2018-07-27 00:00:00+02:00,202.38260363600492,204.82548209287188,198.81226266517075,204.4496612548828,215932
2018-07-30 00:00:00+02:00,203.8859045055804,207.64417002642062,200.87929495623732,201.63095092773438,230767
2018-07-31 00:00:00+02:00,201.4430277898672,201.4430277898672,183.68522879685028,185.56436157226562,533926
2018-08-01 00:00:00+02:00,183.02752546522333,192.79900964338944,174.00768288795882,192.61109924316406,415021
2018-08-02 00:00:00+02:00,190.9198833648854,192.42319529034827,183.5912628173828,183.5912628173828,184112
2018-08-03 00:00:00+02:00,185.37646203357042,190.9198983114858,185.09458923339844,185.09458923339844,155478
2018-08-06 00:00:00+02:00,187.72536223024727,188.8528389987316,185.37644632230285,186.69183349609375,63915
2018-08-07 00:00:00+02:00,188.10119834666475,194.67816342407713,187.44350470625272,193.17486572265625,182153
2018-08-08 00:00:00+02:00,195.4298233880436,202.19469902260812,194.30234650505722,201.81887817382812,338290
2018-08-09 00:00:00+02:00,201.81885883104613,201.81885883104613,197.3089373946955,201.44302368164062,109360
2018-08-10 00:00:00+02:00,199.75183853320777,201.06722586495536,190.73199462890625,190.73199462890625,196609
2018-08-13 00:00:00+02:00,188.85285245881684,198.81226235299494,187.25559239490232,197.87269592285156,215397
2018-08-14 00:00:00+02:00,199.18807338660872,201.81886212885524,193.7385854926649,200.1276397705078,157389
2018-08-15 00:00:00+02:00,200.1276397705078,200.1276397705078,200.1276397705078,200.1276397705078,0
2018-08-16 00:00:00+02:00,196.5572897183915,199.37598894285213,193.92650090823247,194.1144256591797,164204
2018-08-17 00:00:00+02:00,195.4298129859656,196.36937939455197,190.91989135742188,190.91989135742188,150481
2018-08-20 00:00:00+02:00,192.79902309877022,198.248511105492,191.1078007054227,197.30894470214844,108748
2018-08-21 00:00:00+02:00,199.18807338660872,201.6309517194045,197.4968510282613,200.1276397705078,151206
2018-08-22 00:00:00+02:00,197.68476238983465,199.000163935616,192.61110962700104,193.73858642578125,169563
2018-08-23 00:00:00+02:00,194.67814718920886,196.5572799117623,191.48362729552593,196.36936950683594,112975
2018-08-24 00:00:00+02:00,197.30894317357686,197.30894317357686,192.23529036948594,193.92649841308594,119216
2018-08-27 00:00:00+02:00,194.67815817796125,201.0672126626069,194.67815817796125,199.18807983398438,231624
2018-08-28 00:00:00+02:00,206.704613159411,208.95956684103712,202.9463474656035,205.9529571533203,429135
2018-08-29 00:00:00+02:00,204.07382987176985,206.7046187965092,203.88591944928407,206.51670837402344,181503
2018-08-30 00:00:00+02:00,206.14088235299863,206.14088235299863,197.68478393554688,197.68478393554688,275920
2018-08-31 00:00:00+02:00,196.18146317195965,196.36937358078447,191.10779611381827,193.55067443847656,304100
2018-09-03 00:00:00+02:00,193.92650439961974,196.18147242177332,185.94018978653173,189.60450744628906,248861
2018-09-04 00:00:00+02:00,190.73198097837002,191.4836369727075,181.33631689076557,182.74566650390625,306205
2018-09-05 00:00:00+02:00,182.2758727973789,184.15500550663023,172.78624688100174,173.53790283203125,385808
2018-09-06 00:00:00+02:00,171.56484737536013,177.2022463339812,170.06153525173573,171.37692260742188,357132
2018-09-07 00:00:00+02:00,172.8802338965688,177.67202872292592,162.54500252231742,163.01478576660156,478073
2018-09-10 00:00:00+02:00,160.6658771778695,170.06154250990866,157.6592671389465,168.84010314941406,383800
2018-09-11 00:00:00+02:00,171.84669305234317,175.79288349872604,169.4038289542421,171.56483459472656,274840
2018-09-12 00:00:00+02:00,173.63186890509152,174.75934568735838,166.58512109511742,167.43072509765625,257788
2018-09-13 00:00:00+02:00,167.24281704347493,171.75273857265051,166.39721302903683,169.3098602294922,183381
2018-09-14 00:00:00+02:00,171.37691948855561,172.3164859645601,168.27636158705823,171.0010986328125,138131
2018-09-17 00:00:00+02:00,171.0011067674836,173.81980632958496,169.3098841628933,170.24945068359375,140705
2018-09-18 00:00:00+02:00,170.62528195497543,179.83302217596125,169.4038426389323,178.0478515625,285483
2018-09-19 00:00:00+02:00,180.39675552655038,183.59127567100796,178.14180181712692,178.4236602783203,251085
2018-09-20 00:00:00+02:00,180.39673849612365,180.77255929999936,175.69890676445374,178.23573303222656,361492
2018-09-21 00:00:00+02:00,179.45719200622202,187.63141725645366,178.51762555592765,181.9940185546875,1927480
2018-09-24 00:00:00+02:00,184.34292473256426,185.8462367065692,172.8802175248745,176.07473754882812,257125
2018-09-25 00:00:00+02:00,176.0747481173075,176.63849372555828,172.41044467361672,175.51101684570312,153708
2018-09-26 00:00:00+02:00,176.8263916236529,176.8263916236529,172.97417802897155,175.79287719726562,114828
2018-09-27 00:00:00+02:00,175.13515462459324,180.86651485598605,173.91372988968632,180.77255249023438,254215
2018-09-28 00:00:00+02:00,182.27589698745237,183.12150108417876,173.63188824506747,175.98080444335938,253951
2018-10-01 00:00:00+02:00,177.4840747520161,181.24234008789062,175.980777219653,181.24234008789062,147354
2018-10-02 00:00:00+02:00,179.17531754314825,179.9269735637464,175.2291413558157,178.5176239013672,170677
2018-10-03 00:00:00+02:00,178.70551509028928,182.6516908529393,177.20221754752214,181.3363037109375,234808
2018-10-04 00:00:00+02:00,180.39676405350951,181.5242409615146,169.2159286827684,169.40383911132812,313230
2018-10-05 00:00:00+02:00,170.53130299091512,173.35000221390547,164.42412134110273,171.282958984375,323376
2018-10-08 00:00:00+02:00,169.21591499098923,169.21591499098923,153.2432861328125,153.2432861328125,525806
2018-10-09 00:00:00+02:00,152.30372718583632,156.81363467374112,147.32402213657468,154.08889770507812,572004
2018-10-10 00:00:00+02:00,155.21636044218164,155.96801640059786,140.46517139692398,146.10256958007812,583277
2018-10-11 00:00:00+02:00,140.65309644369623,145.1630183270103,137.83439705870575,142.81410217285156,655504
2018-10-12 00:00:00+02:00,146.38443274280212,153.3372176440784,145.1629936826741,153.14930725097656,452716
2018-10-15 00:00:00+02:00,156.81363353449754,156.90759591341552,147.23005868735467,149.01524353027344,218034
2018-10-16 00:00:00+02:00,149.8608423868815,155.02845764160156,149.01523835258558,155.02845764160156,227005
2018-10-17 00:00:00+02:00,156.90758600206,158.59880835923158,151.646008521225,154.5586700439453,278913
2018-10-18 00:00:00+02:00,155.12240770432138,155.12240770432138,144.8811260467966,145.63278198242188,489187
2018-10-19 00:00:00+02:00,148.45149882128285,149.95481087311887,143.94157700242096,147.51193237304688,250093
2018-10-22 00:00:00+02:00,149.3910652695188,149.3910652695188,145.63279947657495,147.51193237304688,130445
2018-10-23 00:00:00+02:00,145.2569905958891,145.2569905958891,133.60635707618232,135.57945251464844,901334
2018-10-24 00:00:00+02:00,136.0492270170192,140.93496976832517,134.63987731933594,134.63987731933594,285477
2018-10-25 00:00:00+02:00,129.66017767293565,141.9685046214746,126.8414781583066,141.87454223632812,632955
2018-10-26 00:00:00+02:00,140.46518230356259,142.15640475715543,132.8546884307178,134.2640380859375,321111
2018-10-29 00:00:00+01:00,135.39153008462836,144.2234489085384,134.82778448452936,139.24374389648438,383407
2018-10-30 00:00:00+01:00,138.77396654860942,143.75367177141933,136.33110229696553,143.18992614746094,487739
2018-10-31 00:00:00+01:00,145.2569750153332,150.80041118724654,145.2569750153332,148.73336791992188,585300
2018-11-01 00:00:00+01:00,148.73336791992188,148.73336791992188,148.73336791992188,148.73336791992188,0
2018-11-02 00:00:00+01:00,155.02846697465955,159.53838888125168,152.3037299564302,154.3707733154297,660958
2018-11-05 00:00:00+01:00,154.08888126629307,158.22296746804793,150.80039904414656,152.3037109375,297903
2018-11-06 00:00:00+01:00,153.61910853540016,156.71968056582912,148.6394036788501,153.4311981201172,242402
2018-11-07 00:00:00+01:00,154.2768032094375,156.15593604837497,152.49163274710523,155.21636962890625,183605
2018-11-08 00:00:00+01:00,155.7801106882801,160.1021074902517,146.19653635552655,146.57235717773438,367145
2018-11-09 00:00:00+01:00,146.6663264709347,147.04214731087276,139.05583260069756,140.74705505371094,633371
2018-11-12 00:00:00+01:00,140.74705505371094,140.74705505371094,140.74705505371094,140.74705505371094,0
2018-11-13 00:00:00+01:00,139.99538497143638,142.25033845779495,134.8277700899404,137.64646911621094,532628
2018-11-14 00:00:00+01:00,130.5997215505346,140.8409889446597,130.50575918166774,137.64646911621094,347077
2018-11-15 00:00:00+01:00,136.89481427488118,139.8074756934159,129.66015625,129.66015625,351216
2018-11-16 00:00:00+01:00,132.6667938447931,136.23714959814293,121.1101224253452,124.39860534667969,724443
2018-11-19 00:00:00+01:00,124.39858168863809,128.9085031332467,122.23759050634098,125.90189361572266,446751
2018-11-20 00:00:00+01:00,123.27111435045177,126.84146969817405,116.78811163387023,121.20407104492188,885393
2018-11-21 00:00:00+01:00,123.0832021262429,129.28434628863565,122.42550849366086,129.1903839111328,447528
2018-11-22 00:00:00+01:00,130.69369382129835,131.9151186892401,124.30463934369493,130.5997314453125,293165
2018-11-23 00:00:00+01:00,132.2909489307736,132.94864252824863,127.31124425849956,131.72720336914062,215712
2018-11-26 00:00:00+01:00,133.41841381090745,135.20358403569162,127.0293601413662,130.50575256347656,274623
2018-11-27 00:00:00+01:00,131.2574265667158,131.2574265667158,124.58651355824004,126.65355682373047,246374
2018-11-28 00:00:00+01:00,127.8749859203463,131.06950577445653,126.46563639588977,129.66015625,329135
2018-11-29 00:00:00+01:00,131.53928499695257,135.29755028257978,130.78762907249828,132.47885131835938,247979
2018-11-30 00:00:00+01:00,133.136555303479,133.7942489126465,126.84146332434081,133.60633850097656,338753
2018-12-03 00:00:00+01:00,139.8074797532361,147.13610036055218,139.61956934518085,144.69322204589844,747467
2018-12-04 00:00:00+01:00,144.97509607862378,145.35091689798068,141.0289201287951,144.7871856689453,427185
2018-12-05 00:00:00+01:00,140.93495251986982,141.68660846730475,136.33108313887865,139.431640625,435014
2018-12-06 00:00:00+01:00,137.1766915780296,138.3041683675063,134.17008202721004,135.01568603515625,229459
2018-12-07 00:00:00+01:00,136.23714341057672,140.65310312276253,135.01570408508348,135.29757690429688,253762
2018-12-10 00:00:00+01:00,133.60633612572363,136.8008704139019,131.72720336914062,131.72720336914062,193384
2018-12-11 00:00:00+01:00,133.136539130099,135.10963405455604,131.63324168271413,131.91510009765625,205858
2018-12-12 00:00:00+01:00,134.0761338828392,135.20361079196536,131.53930725314362,133.23052978515625,207650
2018-12-13 00:00:00+01:00,135.10966647037034,136.42505384450325,132.10305651760427,135.29757690429688,193353
2018-12-14 00:00:00+01:00,133.41842573082263,137.45856402521179,132.76073213328144,134.92173767089844,172980
2018-12-17 00:00:00+01:00,135.48547392701664,135.67338434234262,130.5997314453125,130.5997314453125,206396
2018-12-18 00:00:00+01:00,129.75414360562357,134.7338347482977,127.2173025037813,133.98219299316406,286163
2018-12-19 00:00:00+01:00,134.17008750274582,143.753662109375,132.66677549766266,143.753662109375,398828
2018-12-20 00:00:00+01:00,140.27727183546534,143.56575436318454,139.4316534406356,140.74705505371094,380857
2018-12-21 00:00:00+01:00,141.02893811659825,147.32403083194035,139.99540922657545,141.87454223632812,649369
2018-12-24 00:00:00+01:00,141.87454223632812,141.87454223632812,141.87454223632812,141.87454223632812,0
2018-12-25 00:00:00+01:00,141.87454223632812,141.87454223632812,141.87454223632812,141.87454223632812,0
2018-12-26 00:00:00+01:00,141.87454223632812,141.87454223632812,141.87454223632812,141.87454223632812,0
2018-12-27 00:00:00+01:00,146.57234259136652,147.51190889002913,137.7404251185956,138.58602905273438,237923
2018-12-28 00:00:00+01:00,136.2371272312572,138.02229764652586,134.54590485347114,136.80087280273438,284736
2018-12-31 00:00:00+01:00,136.80087280273438,136.80087280273438,136.80087280273438,136.80087280273438,0
2019-01-01 00:00:00+01:00,136.80087280273438,136.80087280273438,136.80087280273438,136.80087280273438,0
2019-01-02 00:00:00+01:00,136.61296407436174,142.15641505512045,133.51240607758749,141.87454223632812,197015
2019-01-03 00:00:00+01:00,141.68662078560146,141.68662078560146,138.1162654773609,139.0558319091797,223586
2019-01-04 00:00:00+01:00,139.05582499474752,141.6866137403556,139.05582499474752,141.5926513671875,163950
2019-01-07 00:00:00+01:00,142.8141015834295,145.2569801083309,142.34431835453663,144.41136169433594,187987
2019-01-08 00:00:00+01:00,145.163017405549,147.2300607407583,142.81410126630064,144.31741333007812,278310
2019-01-09 00:00:00+01:00,144.78718950781462,155.02845764160156,144.69322713216144,155.02845764160156,477150
2019-01-10 00:00:00+01:00,154.5586664300216,161.79332454452341,150.42458017506195,160.6658477783203,695069
2019-01-11 00:00:00+01:00,162.54500621719384,166.3972346425492,154.08890762786004,155.1224365234375,484480
2019-01-14 00:00:00+01:00,154.08887292748335,154.08887292748335,149.2031310434529,149.86082458496094,262026
2019-01-15 00:00:00+01:00,151.45810935067342,154.08889828630547,149.39106602147908,152.49163818359375,312692
2019-01-16 00:00:00+01:00,154.08890543196384,156.5317840576172,153.61912218369565,156.5317840576172,149840
2019-01-17 00:00:00+01:00,155.02845081827596,161.60541539844525,154.65263000549572,160.7598114013672,369086
2019-01-18 00:00:00+01:00,162.5449752604041,164.42410792237408,160.1960594329416,163.3905792236328,301796
2019-01-21 00:00:00+01:00,163.29665263600586,163.29665263600586,160.38399089281512,162.35708618164062,122117
2019-01-22 00:00:00+01:00,162.2631049841723,165.7394975948431,161.88728418066802,163.57850646972656,148452
2019-01-23 00:00:00+01:00,166.77305261082893,186.40998659203674,165.3637028704557,182.8396453857422,1224218
2019-01-24 00:00:00+01:00,183.0275456883099,189.22867560079075,174.7593581350226,178.5176239013672,779462
2019-01-25 00:00:00+01:00,179.45720412199537,182.65172453401075,176.4505941453961,178.32972717285156,360438
2019-01-28 00:00:00+01:00,176.54452324947567,180.58466169227995,174.0076968019716,176.26266479492188,241278
2019-01-29 00:00:00+01:00,176.26267140408586,180.96050364474226,174.4774865506487,178.61158752441406,222237
2019-01-30 00:00:00+01:00,180.39674101682817,185.75226639843626,179.4571746573655,183.3094024658203,305933
2019-01-31 00:00:00+01:00,186.03415543405634,186.97372187564247,178.5176239013672,178.5176239013672,442301
2019-02-01 00:00:00+01:00,178.5176239013672,180.49071916335654,176.73245339701197,178.5176239013672,218099
2019-02-04 00:00:00+01:00,178.5176298227316,179.45719629548282,176.07475125891978,179.17532348632812,180285
2019-02-05 00:00:00+01:00,179.92697268023807,181.33632233569685,177.57805658780674,180.02093505859375,149697
2019-02-06 00:00:00+01:00,179.4571695406143,179.4571695406143,170.1554685818057,171.47085571289062,504678
2019-02-07 00:00:00+01:00,170.43733301937445,172.22251771635956,166.11533633873438,167.24281311035156,358009
2019-02-08 00:00:00+01:00,166.67905519343793,171.28293864631306,165.92741362587327,167.52467346191406,341057
2019-02-11 00:00:00+01:00,169.49777094261879,173.8197820692696,168.65216692666968,172.5983428955078,262880
2019-02-12 00:00:00+01:00,173.81976975513393,174.57142568086337,163.57850256908378,166.39720153808594,335766
2019-02-13 00:00:00+01:00,168.1823718171296,170.2494148604023,162.9207946736678,166.39720153808594,286542
2019-02-14 00:00:00+01:00,166.3972106875138,168.93403703177543,164.98786112551895,167.43072509765625,126857
2019-02-15 00:00:00+01:00,166.86698641744889,171.94063887922732,165.6455473176446,171.47085571289062,210235
2019-02-18 00:00:00+01:00,172.8802072092973,173.72581118381538,169.59172500694655,170.06150817871094,175537
2019-02-19 00:00:00+01:00,170.06150898421316,172.41042485416085,164.4241108963387,166.8669891357422,195196
2019-02-20 00:00:00+01:00,166.77304010220212,171.56483459472656,165.1757800502426,171.56483459472656,208144
2019-02-21 00:00:00+01:00,171.47087966071234,171.47087966071234,167.24283057318792,169.12196350097656,223595
2019-02-22 00:00:00+01:00,168.37027739374628,170.24940998594576,166.58510716581432,167.52467346191406,226400
2019-02-25 00:00:00+01:00,167.52470553892533,171.7527546809454,167.52470553892533,171.0010986328125,133219
2019-02-26 00:00:00+01:00,171.00108520641066,174.57144040222528,168.93404198882712,174.47747802734375,195883
2019-02-27 00:00:00+01:00,173.72583993239266,178.79950762903786,171.37692368486626,178.0478515625,324647
2019-02-28 00:00:00+01:00,178.51762514494243,183.21545738559882,177.76596911910818,178.61158752441406,297051
2019-03-01 00:00:00+01:00,180.39673737046633,181.3363037109375,178.1417838879933,181.3363037109375,131284
2019-03-04 00:00:00+01:00,180.3967356180269,181.9939955139826,176.35659752591928,177.953857421875,148171
2019-03-05 00:00:00+01:00,177.20223120782308,178.51761845122647,175.7928815884713,176.26266479492188,73539
2019-03-06 00:00:00+01:00,177.48410815337147,177.85994335967538,175.6049751317936,176.6385040283203,161360
2019-03-07 00:00:00+01:00,176.63849623065101,177.57806269996297,173.8197968227151,174.19561767578125,131665
2019-03-08 00:00:00+01:00,174.10166424928522,175.69892433041431,171.56483772788653,171.94065856933594,151725
2019-03-11 00:00:00+01:00,171.00108212416444,173.162087677678,170.6252613047035,170.90711975097656,224415
2019-03-12 00:00:00+01:00,172.9741904666068,173.9137569235973,165.83347965882058,169.0279998779297,272189
2019-03-13 00:00:00+01:00,169.12193795909053,172.97416561392754,167.33676768195787,172.8802032470703,244917
2019-03-14 00:00:00+01:00,172.9741777251405,173.5379089558219,171.37690339659653,172.50439453125,163167
2019-03-15 00:00:00+01:00,172.03460297561307,175.6989059751973,171.75273020565012,174.85330200195312,379343
2019-03-18 00:00:00+01:00,174.8533213870179,178.04784156970504,172.88022611517536,177.01431274414062,190879
2019-03-19 00:00:00+01:00,176.074745977782,178.79949726902305,174.3835378468727,176.9203643798828,136610
2019-03-20 00:00:00+01:00,179.26926094255697,179.26926094255697,174.477466863121,174.85330200195312,162623
2019-03-21 00:00:00+01:00,174.94725806479437,175.60495166713494,171.56482767990911,174.10165405273438,163792
2019-03-22 00:00:00+01:00,175.7928658195193,177.29616334332516,173.72580842723906,174.66537475585938,139258
2019-03-25 00:00:00+01:00,173.63186361586807,176.35660028473163,172.22251409680524,173.34999084472656,191781
2019-03-26 00:00:00+01:00,174.28956886037625,175.04122485486602,172.03461521355254,174.57144165039062,108192
2019-03-27 00:00:00+01:00,175.04122165593853,187.91327835599512,172.6923056764886,184.06105041503906,723255
2019-03-28 00:00:00+01:00,185.0945802251703,190.16823303475536,182.55775382037777,189.04075622558594,359905
2019-03-29 00:00:00+01:00,189.7924171447754,192.2352955753566,184.24898099253187,187.9132843017578,382104
2019-04-01 00:00:00+02:00,188.85284019919,196.65124393046568,187.44349064546472,191.67153930664062,424529
2019-04-02 00:00:00+02:00,192.61109126743148,200.12762165835565,192.61109126743148,199.8457489013672,327180
2019-04-03 00:00:00+02:00,202.0067868653117,206.61065673828125,201.53700364004357,206.61065673828125,439970
2019-04-04 00:00:00+02:00,206.70459692028984,207.1743800951087,192.23528087052745,194.490234375,663474
2019-04-05 00:00:00+02:00,194.4902384140912,195.33584241166838,188.47701938618795,191.67153930664062,364301
2019-04-08 00:00:00+02:00,192.79901767083695,195.8056272095612,190.26219132055854,191.8594512939453,346123
2019-04-09 00:00:00+02:00,193.2688086411451,193.4567190567605,190.54407177310736,191.01385498046875,219034
2019-04-10 00:00:00+02:00,191.0138491729332,195.33584594726562,191.0138491729332,195.33584594726562,305732
2019-04-11 00:00:00+02:00,196.55728741785862,201.06720899153999,196.08750421928025,200.40951538085938,313065
2019-04-12 00:00:00+02:00,201.8188369992419,201.8188369992419,195.89956665039062,195.89956665039062,224398
2019-04-15 00:00:00+02:00,196.36939991670496,200.4095387631819,196.36939991670496,199.6578826904297,147744
2019-04-16 00:00:00+02:00,200.12762298551104,201.34906204946506,194.396262789766,195.14791870117188,151137
2019-04-17 00:00:00+02:00,194.96002576837492,194.96002576837492,188.1951506331387,188.85284423828125,417129
2019-04-18 00:00:00+02:00,188.85285300075418,190.73198586643332,184.24898321449865,189.79241943359375,234317
2019-04-19 00:00:00+02:00,189.79241943359375,189.79241943359375,189.79241943359375,189.79241943359375,0
2019-04-22 00:00:00+02:00,189.79241943359375,189.79241943359375,189.79241943359375,189.79241943359375,0
2019-04-23 00:00:00+02:00,190.73196897644928,194.96001754981884,190.73196897644928,194.490234375,200317
2019-04-24 00:00:00+02:00,196.83915664700532,199.56389341485948,194.02045750647542,198.43641662597656,231765
2019-04-25 00:00:00+02:00,198.81227080636623,199.65787489479143,194.58422169094712,197.21499633789062,184297
2019-04-26 00:00:00+02:00,195.80564693983345,199.18809197213207,195.80564693983345,198.81227111816406,115018
2019-04-29 00:00:00+02:00,199.6578826904297,200.50348681187148,197.5908392428464,199.6578826904297,105646
2019-04-30 00:00:00+02:00,199.18807448561407,201.91281127929688,197.3089417074479,201.91281127929688,204851
2019-05-01 00:00:00+02:00,201.91281127929688,201.91281127929688,201.91281127929688,201.91281127929688,0
2019-05-02 00:00:00+02:00,202.0067863606792,203.6040464552716,197.68477496435034,199.9397430419922,195634
2019-05-03 00:00:00+02:00,199.9397430419922,199.9397430419922,199.9397430419922,199.9397430419922,0
2019-05-06 00:00:00+02:00,197.5908465030727,199.00019631502522,195.52380297953854,197.12106323242188,123856
2019-05-07 00:00:00+02:00,198.2485276830448,202.85239770974593,197.30896120113465,197.40292358398438,200001
2019-05-08 00:00:00+02:00,197.8726884994656,202.28864768814122,197.8726884994656,202.00677490234375,198611
2019-05-09 00:00:00+02:00,202.4765674346971,206.23483318754532,200.31556175948018,201.34909057617188,214150
2019-05-10 00:00:00+02:00,202.664473967729,202.94634676111528,198.53038745354982,199.28204345703125,148390
2019-05-13 00:00:00+02:00,199.2820425173412,200.22160893310115,192.89298802284446,194.30233764648438,288105
2019-05-14 00:00:00+02:00,195.42979113238437,198.6243108296984,193.83253128372732,196.74517822265625,198223
2019-05-15 00:00:00+02:00,198.90619868209782,199.65785464928297,195.05398514732227,196.6512451171875,149510
2019-05-16 00:00:00+02:00,196.55731035073123,200.50348681187148,196.55731035073123,199.6578826904297,275199
2019-05-17 00:00:00+02:00,199.75181782965143,199.93972823804677,195.52376912585336,198.34246826171875,153340
2019-05-20 00:00:00+02:00,197.68477922625544,198.62434569470085,190.54408266805825,193.8325653076172,219997
2019-05-21 00:00:00+02:00,194.0204823040786,196.08752573732534,189.88639543758512,192.89300537109375,207672
2019-05-22 00:00:00+02:00,193.55068143289108,195.80563509356745,190.16823660523082,191.01385498046875,457361
2019-05-23 00:00:00+02:00,191.67154167693795,196.83915677116912,191.67154167693795,193.55067443847656,262750
2019-05-24 00:00:00+02:00,200.785349707822,211.30849119632657,199.46996239800134,205.20130920410156,713424
2019-05-27 00:00:00+02:00,205.76503713512702,208.58373627396438,202.6644652150769,203.32215881347656,163662
2019-05-28 00:00:00+02:00,202.94634623019772,207.26835748642506,200.87930297851562,200.87930297851562,715676
2019-05-29 00:00:00+02:00,202.00677382552254,202.1007361991693,193.64463869019394,197.02706909179688,431101
2019-05-30 00:00:00+02:00,197.35758583602745,202.74006256797867,193.20269505562837,202.3623504638672,255550
2019-05-31 00:00:00+02:00,199.24618168635465,201.32362714445364,194.90242030313468,196.2244415283203,420938
2019-06-03 00:00:00+02:00,197.0742949809285,197.92416883021218,191.6918182373047,191.6918182373047,364295
2019-06-04 00:00:00+02:00,191.69180054595506,195.46897888183594,186.40374511220506,195.46897888183594,473776
2019-06-05 00:00:00+02:00,197.3575984440981,199.7183352675921,196.1300124141224,198.113037109375,192364
2019-06-06 00:00:00+02:00,198.96287431262812,200.75704274276043,196.2244256676794,200.19046020507812,203944
2019-06-07 00:00:00+02:00,201.13474456161464,207.36709452281517,201.0403093405573,207.2726593017578,272333
2019-06-10 00:00:00+02:00,219.17079835777585,220.02065779604587,207.74482710356264,215.77133178710938,886619
2019-06-11 00:00:00+02:00,216.33789964005118,216.8100469422697,207.9336690152859,209.1612548828125,588078
2019-06-12 00:00:00+02:00,210.10553451435732,210.48324656569812,198.49070882573798,198.58514404296875,611566
2019-06-13 00:00:00+02:00,197.357579445038,203.77878586854897,193.58040089106598,195.09127807617188,679503
2019-06-14 00:00:00+02:00,195.4689647208015,197.64084498834632,194.9023822479495,196.88540649414062,452545
2019-06-17 00:00:00+02:00,196.88541872361125,198.20742536399413,192.16394585254145,192.63609313964844,254724
2019-06-18 00:00:00+02:00,192.6361137707251,196.60214852542254,189.42551763806364,193.10826110839844,407216
2019-06-19 00:00:00+02:00,194.52469108670653,196.7909924038114,193.58039646978077,196.0355682373047,252944
2019-06-20 00:00:00+02:00,196.0355682373047,196.0355682373047,196.0355682373047,196.0355682373047,0
2019-06-21 00:00:00+02:00,195.94115582988908,196.69659449316072,190.8419700681951,191.31411743164062,694667
2019-06-24 00:00:00+02:00,193.48595392220224,194.99683101562212,190.0865020751953,190.0865020751953,388256
2019-06-25 00:00:00+02:00,192.6361060654744,193.76925674880687,190.55866074456605,191.12522888183594,511096
2019-06-26 00:00:00+02:00,191.50293063721006,196.88540649414062,191.21963940078405,196.88540649414062,303547
2019-06-27 00:00:00+02:00,196.8854365731141,202.4567693025531,195.6578506335855,202.17349243164062,400852
2019-06-28 00:00:00+02:00,202.92889889003118,206.42280035293302,202.3623307889492,203.30662536621094,730590
2019-07-01 00:00:00+02:00,206.139523475417,206.42281475011234,198.9628784241683,204.5342254638672,314376
2019-07-02 00:00:00+02:00,204.34535266898658,204.34535266898658,198.01858151424892,203.02334594726562,279829
2019-07-03 00:00:00+02:00,202.07906004163712,203.77879333496094,200.3793267483133,203.77879333496094,135919
2019-07-04 00:00:00+02:00,203.02334501815903,203.58992755847092,199.718313820189,201.60690307617188,112503
2019-07-05 00:00:00+02:00,201.60689380009143,205.2896369162953,201.13474650781953,204.81748962402344,176654
2019-07-08 00:00:00+02:00,203.68435558671462,205.28965362937143,202.07905754405783,204.9119415283203,310115
2019-07-09 00:00:00+02:00,203.30665627387737,204.06209493229056,200.2849160490185,200.66262817382812,233709
2019-07-10 00:00:00+02:00,201.04031564779464,204.9119292919427,200.7570387933188,203.87319946289062,166681
2019-07-11 00:00:00+02:00,204.5342181734469,205.28964233398438,203.0233410347874,205.28964233398438,302002
2019-07-12 00:00:00+02:00,205.38407556360397,207.36709998773492,204.43978096331153,205.1007843017578,222447
2019-07-15 00:00:00+02:00,205.10077789227944,206.80051100144695,204.43977457448977,205.85621643066406,87193
2019-07-16 00:00:00+02:00,205.95066492848298,206.8005243334596,205.00637029682335,205.66737365722656,86161
2019-07-17 00:00:00+02:00,205.85623061992916,209.82226520882983,204.91193598405795,207.0838165283203,229762
2019-07-18 00:00:00+02:00,205.85621885271976,208.6891025983994,205.1952155271529,207.36709594726562,170772
2019-07-19 00:00:00+02:00,208.31139645639456,213.31614635579888,207.8392491520136,210.57769775390625,419776
2019-07-22 00:00:00+02:00,210.57768752468783,213.78828327500054,210.48325230488211,212.37184143066406,160718
2019-07-23 00:00:00+02:00,212.46628793151447,213.41058254454344,210.1999866237619,211.994140625,154854
2019-07-24 00:00:00+02:00,211.99414832862394,214.2604497187313,211.5220010049522,213.9771728515625,224553
2019-07-25 00:00:00+02:00,214.166036816838,214.73260498091403,208.8779808327014,209.35012817382812,289483
2019-07-26 00:00:00+02:00,209.63341582290167,212.84401192333877,207.08382310681418,211.7108612060547,195770
2019-07-29 00:00:00+02:00,212.46628553692662,213.5994361780318,209.91669299224193,210.48326110839844,77286
2019-07-30 00:00:00+02:00,210.86100459055393,213.316162109375,209.91670991205507,213.316162109375,110565
2019-07-31 00:00:00+02:00,213.12728971149266,218.22648922962378,212.08857429007514,217.18775939941406,464597
2019-08-01 00:00:00+02:00,216.99890335995562,219.1707838357082,214.6381668447446,217.18775939941406,273775
2019-08-02 00:00:00+02:00,215.29916726934937,217.09332123307715,212.65513952638844,212.9384307861328,201647
2019-08-05 00:00:00+02:00,212.46628668893715,213.41058129644352,199.90716552734375,199.90716552734375,363738
2019-08-06 00:00:00+02:00,199.907171193229,209.63340880796994,199.81275037507757,205.7617950439453,322859
2019-08-07 00:00:00+02:00,208.02811038028233,209.35011710200328,201.4180479540923,203.02334594726562,301255
2019-08-08 00:00:00+02:00,206.13952154292895,208.12253162962065,204.4397883194842,205.7617950439453,189706
2019-08-09 00:00:00+02:00,207.839260201177,209.44455823965475,205.38408832435715,206.23394775390625,234655
2019-08-12 00:00:00+02:00,207.46153598792577,211.427570717695,205.57294664910296,207.7448272705078,132599
2019-08-13 00:00:00+02:00,207.74480955941337,212.6551385399684,207.74480955941337,211.52198791503906,325030
2019-08-14 00:00:00+02:00,210.95541135241126,212.46628850082294,207.46152415660066,208.02810668945312,370451
2019-08-15 00:00:00+02:00,208.02810668945312,208.02810668945312,208.02810668945312,208.02810668945312,0
2019-08-16 00:00:00+02:00,208.02810362037485,219.83178614072304,205.6673671163052,218.41534423828125,475473
2019-08-19 00:00:00+02:00,218.41534904031954,225.49755870823657,218.32091381456368,222.85353088378906,375830
2019-08-20 00:00:00+02:00,222.85352650361133,224.64768048736929,216.2434642768093,221.15379333496094,284785
2019-08-21 00:00:00+02:00,220.20950926782783,224.83656169326207,220.20950926782783,224.74212646484375,190439
2019-08-22 00:00:00+02:00,224.74209560925468,227.4805439519015,221.15377355390333,226.06410217285156,402617
2019-08-23 00:00:00+02:00,226.6307107638065,228.04715270608028,222.75909702474112,227.0084228515625,205711
2019-08-26 00:00:00+02:00,222.85352537509343,228.04714566985197,221.72037473799546,227.66943359375,183084
2019-08-27 00:00:00+02:00,227.57501147987418,233.14634417167343,227.00842892429094,231.54104614257812,574986
2019-08-28 00:00:00+02:00,232.0131810890413,232.8630548770668,226.4418486945292,229.08587646484375,256208
2019-08-29 00:00:00+02:00,228.51930787066425,234.37393188476562,227.57501321004165,234.37393188476562,329680
2019-08-30 00:00:00+02:00,236.0736560444587,245.32773183436748,235.3182174633579,238.9065399169922,807671
2019-09-02 00:00:00+02:00,238.90655346679688,239.7564129132405,233.80736797054857,236.07366943359375,191336
2019-09-03 00:00:00+02:00,235.79038409361857,236.545822736612,232.67420869676675,235.22381591796875,187927
2019-09-04 00:00:00+02:00,236.54580044187946,240.039687626528,236.26250917635826,237.30123901367188,287683
2019-09-05 00:00:00+02:00,238.9065429737545,240.60627620078088,236.82909765574126,237.86781311035156,220216
2019-09-06 00:00:00+02:00,239.18982768816593,241.45612898953405,237.01794720255933,241.26727294921875,201971
2019-09-09 00:00:00+02:00,242.49484724700451,247.12191394590417,242.2115703876202,245.5166015625,295148
2019-09-10 00:00:00+02:00,245.5165890613234,246.36644841378822,233.71290689491363,235.1293487548828,411902
2019-09-11 00:00:00+02:00,236.07364533439514,239.75638843809497,235.60149804372637,237.9622344970703,234886
2019-09-12 00:00:00+02:00,239.85082813278137,240.51183147028652,235.1293551380416,237.0179443359375,173825
2019-09-13 00:00:00+02:00,237.01794984576475,238.90653908756366,234.18506598306635,234.8460693359375,169211
2019-09-16 00:00:00+02:00,234.65721901452093,239.4731274620383,233.52406832357357,236.64024353027344,258633
2019-09-17 00:00:00+02:00,236.26252548738196,236.73467282624915,234.65722741699219,236.07366943359375,147640
2019-09-18 00:00:00+02:00,235.88480933079208,236.262521431885,230.88004474294908,231.7299041748047,276667
2019-09-19 00:00:00+02:00,231.82433344243452,233.9962139898452,230.21903544088497,231.163330078125,139712
2019-09-20 00:00:00+02:00,232.29647332574956,233.33520315698323,227.38614425102875,230.5023193359375,433734
2019-09-23 00:00:00+02:00,230.50234166852727,233.24079053067362,223.2312609630058,229.84132385253906,218745
2019-09-24 00:00:00+02:00,230.12459428006994,234.65721130371094,228.8025875855378,234.65721130371094,200623
2019-09-25 00:00:00+02:00,235.12938076480367,235.12938076480367,227.66945838357435,231.2577667236328,141231
2019-09-26 00:00:00+02:00,231.3521748204385,234.37391463021237,231.3521748204385,234.18505859375,87809
2019-09-27 00:00:00+02:00,233.52407010659022,234.0906382519934,230.78560697303297,231.44662475585938,65827
2019-09-30 00:00:00+02:00,231.9187837162844,231.9187837162844,228.51931703814986,229.84132385253906,124748
2019-10-01 00:00:00+02:00,230.50232939571214,231.35218881559925,224.64769104967084,227.3861541748047,339753
2019-10-02 00:00:00+02:00,226.7251415996259,226.8195624153402,220.9649387157414,221.24822998046875,216796
2019-10-03 00:00:00+02:00,220.0206488445713,227.2917146156162,220.0206488445713,225.68641662597656,146034
2019-10-04 00:00:00+02:00,226.15856052276985,230.4078862945964,223.42011189999855,225.4031219482422,156806
2019-10-07 00:00:00+02:00,226.44185333062552,227.48056876997788,222.85353088378906,222.85353088378906,130505
2019-10-08 00:00:00+02:00,224.55326420259252,224.64768501960503,218.1320578852509,220.20950317382812,211101
2019-10-09 00:00:00+02:00,221.90922942153367,225.3086957208697,220.30393149471075,224.93096923828125,111640
2019-10-10 00:00:00+02:00,225.68641646047993,226.1585637752508,217.1877647946041,217.659912109375,236345
2019-10-11 00:00:00+02:00,219.92622240160628,224.3644188679971,219.0763629639702,223.79783630371094,166415
2019-10-14 00:00:00+02:00,224.93097547412017,229.46359252929688,220.96494095413772,229.46359252929688,136976
2019-10-15 00:00:00+02:00,230.40788263592486,234.46835230184098,229.5580232585715,233.05191040039062,151073
2019-10-16 00:00:00+02:00,233.14634491663224,233.14634491663224,227.38615615749768,227.57501220703125,134797
2019-10-17 00:00:00+02:00,227.19729298873773,228.80259097266034,221.62594604492188,221.62594604492188,231588
2019-10-18 00:00:00+02:00,221.90924072265625,225.11983673980737,219.7373601657398,221.90924072265625,104610
2019-10-21 00:00:00+02:00,224.26998645962564,225.30871637095598,219.07636572056063,220.02066040039062,99468
2019-10-22 00:00:00+02:00,220.02064749557488,223.797825993353,218.22649347264726,221.53152465820312,174993
2019-10-23 00:00:00+02:00,221.72038863743882,223.32568667469494,220.30394665007287,222.28695678710938,98153
2019-10-24 00:00:00+02:00,223.79784273896723,230.0301934901521,222.47583592934308,228.4248809814453,264820
2019-10-25 00:00:00+02:00,228.42487110547995,230.88004297011076,227.10286435301285,228.8970184326172,135150
2019-10-28 00:00:00+01:00,228.99146520267024,231.2577667236328,228.8970299689661,231.2577667236328,67251
2019-10-29 00:00:00+01:00,231.35218364436454,234.46835879561857,230.9744715570336,232.29647827148438,237343
2019-10-30 00:00:00+01:00,231.44661713332476,240.13412475585938,231.44661713332476,240.13412475585938,323952
2019-10-31 00:00:00+01:00,240.13413174413566,242.6837244106603,236.35695315408648,238.0566864013672,197305
2019-11-01 00:00:00+01:00,238.0566864013672,238.0566864013672,238.0566864013672,238.0566864013672,0
2019-11-04 00:00:00+01:00,242.49484349024297,244.2890262971642,239.75639489414107,243.91128540039062,262328
2019-11-05 00:00:00+01:00,244.10015332332782,245.32772477238828,239.85082763684824,240.98397827148438,213900
2019-11-06 00:00:00+01:00,241.73943280346822,245.04446411132812,239.09540487542168,245.04446411132812,175238
2019-11-07 00:00:00+01:00,245.32773567105286,252.97652801002994,245.04445880640333,252.59881591796875,272481
2019-11-08 00:00:00+01:00,251.1823774083788,251.1823774083788,246.27203369140625,246.27203369140625,238840
2019-11-11 00:00:00+01:00,246.27203369140625,246.27203369140625,246.27203369140625,246.27203369140625,0
2019-11-12 00:00:00+01:00,248.0662085672984,249.29378004807694,242.2115703876202,245.5166015625,305298
2019-11-13 00:00:00+01:00,245.51662707701863,251.93781964276704,245.51662707701863,250.52137756347656,266317
2019-11-14 00:00:00+01:00,251.3712507558494,251.5600923978513,244.19460555529614,246.46090698242188,254642
2019-11-15 00:00:00+01:00,246.83860476243177,250.14363589036145,246.08318060308162,247.87733459472656,178555
2019-11-18 00:00:00+01:00,250.1436254238158,250.89907836914062,248.53834194796914,250.89907836914062,121229
2019-11-19 00:00:00+01:00,251.18236764451655,252.59880956732397,248.82163110650416,250.71022033691406,131559
2019-11-20 00:00:00+01:00,250.42691410943684,252.1266326904297,249.01047235274902,252.1266326904297,179338
2019-11-21 00:00:00+01:00,252.12665438239497,252.50436645315898,245.516592282482,248.72718811035156,195382
2019-11-22 00:00:00+01:00,251.08796832591113,253.92085257663805,247.12194766544675,251.18240356445312,209428
2019-11-25 00:00:00+01:00,252.12669831469543,252.97655782639575,248.91610192738938,251.18240356445312,110169
2019-11-26 00:00:00+01:00,251.93778735056074,253.07095239578447,249.10490355508554,251.65451049804688,410959
2019-11-27 00:00:00+01:00,252.59882524945337,253.4486846923828,250.3325237957793,253.4486846923828,131991
2019-11-28 00:00:00+01:00,253.07095177882783,254.20411682128906,251.9377867363666,254.20411682128906,60172
2019-11-29 00:00:00+01:00,254.20411999522577,254.20411999522577,246.4608926827567,247.87733459472656,245129
2019-12-02 00:00:00+01:00,249.29378365822208,250.14364306626715,239.66198126227656,243.15586853027344,343806
2019-12-03 00:00:00+01:00,243.6280104343993,247.31075366582098,242.58928059538687,242.6837158203125,210176
2019-12-04 00:00:00+01:00,244.95005198892053,247.49965933681798,243.62804510458398,245.79991149902344,203230
2019-12-05 00:00:00+01:00,246.9330345910924,248.06619962294167,245.51659271007276,247.40518188476562,159737
2019-12-06 00:00:00+01:00,246.93304159243604,249.57705498493877,243.72244566794424,246.74417114257812,135204
2019-12-09 00:00:00+01:00,247.78291408302755,249.19935607910156,243.15587599270305,249.19935607910156,93267
2019-12-10 00:00:00+01:00,249.29379524592883,249.29379524592883,242.68373249319586,242.77816772460938,137756
2019-12-11 00:00:00+01:00,242.68371841370353,244.95001974821332,238.9065399169922,238.9065399169922,190835
2019-12-12 00:00:00+01:00,241.17284937119544,244.38344543797592,238.33996540328576,243.62802124023438,217125
2019-12-13 00:00:00+01:00,244.28904726269906,246.177636638313,238.90655601516454,240.322998046875,185869
2019-12-16 00:00:00+01:00,240.79511980589677,243.43913312379073,238.4343833372115,242.11712646484375,130521
2019-12-17 00:00:00+01:00,243.34474837219807,249.29379327560406,239.661990508078,247.97178649902344,227121
2019-12-18 00:00:00+01:00,249.86034382906638,253.7319572496833,246.27200724657007,253.16537475585938,271418
2019-12-19 00:00:00+01:00,253.54310891651585,256.8481401314425,251.3712427880267,253.7319793701172,322475
2019-12-20 00:00:00+01:00,254.95953511594703,255.99826491141758,252.88207552500594,255.05397033691406,310732
2019-12-23 00:00:00+01:00,256.84813929966515,264.4024963378906,255.1484204930985,264.4024963378906,283552
2019-12-24 00:00:00+01:00,264.4024963378906,264.4024963378906,264.4024963378906,264.4024963378906,0
2019-12-25 00:00:00+01:00,264.4024963378906,264.4024963378906,264.4024963378906,264.4024963378906,0
2019-12-26 00:00:00+01:00,264.4024963378906,264.4024963378906,264.4024963378906,264.4024963378906,0
2019-12-27 00:00:00+01:00,265.3467819836183,269.1239603748442,261.7584740389874,262.2306213378906,204130
2019-12-30 00:00:00+01:00,261.7584624176442,266.95208247499755,261.6640271985394,263.9303283691406,160022
2019-12-31 00:00:00+01:00,263.9303283691406,263.9303283691406,263.9303283691406,263.9303283691406,0
2020-01-01 00:00:00+01:00,263.9303283691406,263.9303283691406,263.9303283691406,263.9303283691406,0
2020-01-02 00:00:00+01:00,266.2910970601611,270.8236999511719,265.346802389735,270.8236999511719,167487
2020-01-03 00:00:00+01:00,271.0125318407179,273.65654501457,265.4411998416551,270.0682373046875,243976
2020-01-06 00:00:00+01:00,270.0682373046875,270.0682373046875,270.0682373046875,270.0682373046875,0
2020-01-07 00:00:00+01:00,271.10700389181534,272.3345754284061,267.1409547746072,267.9908142089844,212866
2020-01-08 00:00:00+01:00,267.7075244664445,267.99080132508936,261.85288630204917,265.44122314453125,224466
2020-01-09 00:00:00+01:00,268.17970644543715,272.5234680175781,267.23541170443207,272.5234680175781,194898
2020-01-10 00:00:00+01:00,273.373288124486,276.3950423872654,268.6518150998835,269.12396240234375,264610
2020-01-13 00:00:00+01:00,271.76800586273333,274.41204833984375,268.3685679626576,274.41204833984375,209116
2020-01-14 00:00:00+01:00,274.31760547975114,275.5451770409219,270.2571498688756,272.42901611328125,269718
2020-01-15 00:00:00+01:00,273.2788648878629,273.46773534416553,266.95210804792276,267.42425537109375,262715
2020-01-16 00:00:00+01:00,266.76324179717085,270.0682731114721,263.64708094214984,266.5743713378906,248310
2020-01-17 00:00:00+01:00,239.66197197896028,253.07095239578447,229.46358743349114,251.65451049804688,2794383
2020-01-20 00:00:00+01:00,253.7319794327325,266.85766906887756,252.2211022563047,265.8189392089844,763165
2020-01-21 00:00:00+01:00,266.0077949656203,269.7849732892069,258.3590030968407,263.2693176269531,442059
2020-01-22 00:00:00+01:00,266.19663337199876,268.17965773141674,259.11442410092263,260.2475891113281,497118
2020-01-23 00:00:00+01:00,258.7366943359375,262.98601960787806,257.60352940305415,258.7366943359375,455065
2020-01-24 00:00:00+01:00,257.79242142387056,262.0417470517366,256.0927026997577,260.62530517578125,329149
2020-01-27 00:00:00+01:00,261.664057593626,263.74148856733353,253.35424724603726,255.9038543701172,262715
2020-01-28 00:00:00+01:00,256.3759670803347,260.9085693359375,256.3759670803347,260.9085693359375,245633
2020-01-29 00:00:00+01:00,261.5696283942691,262.41948784936125,258.92561479674083,261.8529052734375,399482
2020-01-30 00:00:00+01:00,261.56960473311284,262.89161141229044,258.7367209273391,262.4194641113281,335483
2020-01-31 00:00:00+01:00,262.5139244575083,265.91339111328125,259.2088930344821,265.91339111328125,555265
2020-02-03 00:00:00+01:00,264.96908685064585,277.1504821777344,263.93035696312353,277.1504821777344,590142
2020-02-04 00:00:00+01:00,277.15046912021324,288.0098571777344,274.1287148293474,288.0098571777344,665747
2020-02-05 00:00:00+01:00,286.1212698205725,302.74086089379927,285.4602520596296,290.8427429199219,787824
2020-02-06 00:00:00+01:00,292.25920109322385,296.9806744549884,288.6708928653174,296.2252502441406,331441
2020-02-07 00:00:00+01:00,295.8475009542406,299.15253221400593,290.27616830843914,291.5981750488281,234342
2020-02-10 00:00:00+01:00,293.58117560754073,295.941912028987,292.7313162593367,293.392333984375,122257
2020-02-11 00:00:00+01:00,295.564227855148,299.34140648588465,293.2034912109375,293.2034912109375,216763
2020-02-12 00:00:00+01:00,293.6756529173225,298.2082559690758,291.2204809236281,295.75311279296875,234320
2020-02-13 00:00:00+01:00,295.65866050812417,300.94671630859375,294.80880108713114,300.94671630859375,253247
2020-02-14 00:00:00+01:00,301.51324177036304,308.5954509771606,299.8135230877648,307.84002685546875,397178
2020-02-17 00:00:00+01:00,309.3509039164355,317.28297246453224,305.57372567281016,307.84002685546875,171203
2020-02-18 00:00:00+01:00,307.27344639234155,312.372631291522,305.0071451946595,310.67291259765625,114450
2020-02-19 00:00:00+01:00,311.617225974187,313.411379996582,307.55677061731495,312.3726501464844,306093
2020-02-20 00:00:00+01:00,312.18379956390567,313.41137101309863,308.40662117551625,310.2007751464844,197254
2020-02-21 00:00:00+01:00,309.7286395392749,315.3944073357251,308.4066328169536,312.5615234375,202845
2020-02-24 00:00:00+01:00,309.35093384287126,311.6172352447706,301.2299940699449,302.3631591796875,400033
2020-02-25 00:00:00+01:00,298.58597755192136,303.7795980868261,288.29314289231445,290.1817321777344,615225
2020-02-26 00:00:00+01:00,284.79929023633576,298.9637108831934,280.4555288077819,290.6539001464844,527802
2020-02-27 00:00:00+01:00,290.842775524172,293.6756597013555,274.5064882961158,276.2062072753906,458097
2020-02-28 00:00:00+01:00,260.6252866570355,270.06823182576863,247.02745137757603,262.98602294921875,1106623
2020-03-02 00:00:00+01:00,271.8624040800549,281.399785110748,256.8481260071257,268.557373046875,677207
2020-03-03 00:00:00+01:00,278.56694816422487,289.8040498012302,274.0343449414695,288.76531982421875,745525
2020-03-04 00:00:00+01:00,283.5716511265442,287.443264671878,276.2061649223159,279.13348388671875,412457
2020-03-05 00:00:00+01:00,286.1212800934232,288.48201672785734,277.81149866724917,281.0220947265625,303548
2020-03-06 00:00:00+01:00,278.18916350962036,278.47244033059826,267.23534162303963,276.8671569824219,363928
2020-03-09 00:00:00+01:00,251.18234038176362,268.17964161060473,245.04442604912654,254.9595184326172,706198
2020-03-10 00:00:00+01:00,259.68102468164284,264.4024978576727,253.070962235201,255.24282836914062,454369
2020-03-11 00:00:00+01:00,255.90383631489667,256.5648540611939,228.51929294540588,237.0179443359375,797219
2020-03-12 00:00:00+01:00,215.29917294682443,221.9092352741392,193.7692527703835,204.06207275390625,1333242
2020-03-13 00:00:00+01:00,217.18777132210934,238.90654845432027,211.33314732475023,230.31346130371094,1236428
2020-03-16 00:00:00+01:00,222.75908597401852,256.84812612382194,209.6333970569429,237.9622344970703,982178
2020-03-17 00:00:00+01:00,247.4051775353818,257.6035473724024,240.9839715725525,253.6375274658203,861016
2020-03-18 00:00:00+01:00,254.48739652319347,265.53565494937885,241.07841598888754,243.91128540039062,715112
2020-03-19 00:00:00+01:00,243.9112683389084,258.2645568847656,242.21154969265953,258.2645568847656,511952
2020-03-20 00:00:00+01:00,265.346782176177,267.5186482256743,242.11712928976354,251.65451049804688,934660
2020-03-23 00:00:00+01:00,242.77811926404564,256.8481014085726,236.07362261817332,250.42691040039062,439015
2020-03-24 00:00:00+01:00,261.66404183560235,264.96907296606895,253.3542319884499,261.19189453125,433759
2020-03-25 00:00:00+01:00,268.1796799326151,271.67358165595454,256.84814416081446,262.1361999511719,382919
2020-03-26 00:00:00+01:00,260.5308795990652,266.10221208723084,258.26457827715194,265.44122314453125,294820
2020-03-27 00:00:00+01:00,266.76322198683215,267.99079342823353,259.3033004806287,263.45819091796875,284034
2020-03-30 00:00:00+02:00,264.40249046909616,265.2523498535156,257.9812986561662,265.2523498535156,279021
2020-03-31 00:00:00+02:00,267.2354318680568,273.7510603090955,265.5357127330348,272.9956359863281,355097
2020-04-01 00:00:00+02:00,267.7075353210398,271.86242604927776,263.458209363563,266.3855285644531,268501
2020-04-02 00:00:00+02:00,266.385483000986,271.7679443359375,261.0974280615399,271.7679443359375,289435
2020-04-03 00:00:00+02:00,272.90117801961674,281.2109601485421,269.21843432197005,280.4555358886719,414091
2020-04-06 00:00:00+02:00,288.0098482963769,300.9466956321329,287.3488305601386,300.47454833984375,399014
2020-04-07 00:00:00+02:00,310.67291821632176,313.12808989887327,285.8379821777344,285.8379821777344,566762
2020-04-08 00:00:00+02:00,278.56693639174335,294.4310758185433,276.6783469924773,291.692626953125,303777
2020-04-09 00:00:00+02:00,312.5615017319885,315.2999502132536,301.8909846500446,310.67291259765625,688443
2020-04-10 00:00:00+02:00,310.67291259765625,310.67291259765625,310.67291259765625,310.67291259765625,0
2020-04-13 00:00:00+02:00,310.67291259765625,310.67291259765625,310.67291259765625,310.67291259765625,0
2020-04-14 00:00:00+02:00,312.5615201358907,323.7041851575078,306.51804031369863,322.9487609863281,414126
2020-04-15 00:00:00+02:00,324.5540762239407,325.6872124906671,319.4548621621236,323.13763427734375,571736
2020-04-16 00:00:00+02:00,323.7041933786799,325.40394103338036,314.1668405005789,315.5832824707031,416488
2020-04-17 00:00:00+02:00,319.45487807214323,325.02623972696676,318.2273065176558,320.5880432128906,233059
2020-04-20 00:00:00+02:00,320.1158817466875,326.72594420163387,316.33870320100385,325.97052001953125,224055
2020-04-21 00:00:00+02:00,323.5153397021155,325.0262168442132,317.2829895019531,317.2829895019531,187420
2020-04-22 00:00:00+02:00,317.2830159739733,327.6702575683594,315.39442659317587,327.6702575683594,259665
2020-04-23 00:00:00+02:00,323.89308557913273,334.94134521484375,322.94879086898953,334.94134521484375,303812
2020-04-24 00:00:00+02:00,332.0139821427093,352.59959258685444,324.8373375268551,343.1566467285156,446099
2020-04-27 00:00:00+02:00,347.0282494503519,353.1661640664806,345.70624283501,347.5003967285156,327997
2020-04-28 00:00:00+02:00,347.78368430203545,351.6552978659844,338.34073844732274,339.09619140625,328814
2020-04-29 00:00:00+02:00,339.09622953441186,344.7619976843015,333.7137382649819,341.0792541503906,256529
2020-04-30 00:00:00+02:00,342.4956876232287,347.0282905027609,331.8251405838846,337.6797790527344,326043
2020-05-01 00:00:00+02:00,337.6797790527344,337.6797790527344,337.6797790527344,337.6797790527344,0
2020-05-04 00:00:00+02:00,331.44744594129423,344.6675719902347,329.18114438213627,337.96307373046875,245954
2020-05-05 00:00:00+02:00,340.2293098047115,340.89032750696566,331.63625258090093,337.5852966308594,205543
2020-05-06 00:00:00+02:00,341.36251742045084,343.34554195736484,336.4521736926244,339.9460754394531,432837
2020-05-07 00:00:00+02:00,339.946089617836,342.96784416369604,334.3747566903944,335.79119873046875,197347
2020-05-08 00:00:00+02:00,339.1906416587102,339.6627889723679,332.8638561286633,335.1301574707031,192114
2020-05-11 00:00:00+02:00,338.05748788712765,343.34554374049935,334.37474448092473,342.7789611816406,237309
2020-05-12 00:00:00+02:00,340.70148466931994,354.9603390818528,340.4182078125985,352.03302001953125,422044
2020-05-13 00:00:00+02:00,350.3332981114645,358.45423747001803,349.7667155855032,358.35980224609375,275912
2020-05-14 00:00:00+02:00,356.09350509872866,357.50994702130305,343.9121103281055,349.3890075683594,341333
2020-05-15 00:00:00+02:00,349.4834397681245,353.7327654990641,345.8951029714471,350.427734375,240329
2020-05-18 00:00:00+02:00,354.4882047386808,363.7423095703125,350.3333140551823,363.7423095703125,244895
2020-05-19 00:00:00+02:00,366.4807445107129,367.33060389760175,356.66008631398546,358.5486755371094,247629
2020-05-20 00:00:00+02:00,360.53166811411046,375.26266969324246,359.0208198024738,372.9963684082031,326271
2020-05-21 00:00:00+02:00,372.8074721976382,377.9066857585765,369.5968765309017,370.73004150390625,323010
2020-05-22 00:00:00+02:00,368.27493840437126,374.7905661664695,367.14177322070736,371.48553466796875,224817
2020-05-25 00:00:00+02:00,373.37412256232267,380.6452033561988,373.37412256232267,375.3571472167969,114837
2020-05-26 00:00:00+02:00,377.7178230932203,394.4318482921285,375.8292339777542,389.99365234375,431807
2020-05-27 00:00:00+02:00,389.9936949003727,390.4658422307606,359.7762657555497,360.2484130859375,708638
2020-05-28 00:00:00+02:00,367.4250484422354,377.43457734220686,363.83671153672884,376.7735595703125,375602
2020-05-29 00:00:00+02:00,388.1050850690742,389.89923906621726,371.2022172979526,381.30615234375,844539
2020-06-01 00:00:00+02:00,382.4393194972112,384.9889264875598,372.71309647900733,374.79052734375,211412
2020-06-02 00:00:00+02:00,373.94068206863574,375.26268881748246,364.0255882259068,366.5751953125,483494
2020-06-03 00:00:00+02:00,368.27489740125645,375.82925427102583,364.4977189663718,366.4807434082031,273641
2020-06-04 00:00:00+02:00,365.06427427404805,372.3353249284834,364.49769178754576,370.73004150390625,290667
2020-06-05 00:00:00+02:00,372.5242350272256,373.940676985504,366.8584671941119,368.84149169921875,382035
2020-06-08 00:00:00+02:00,364.5921967034837,366.8584982651563,350.14447021484375,350.14447021484375,464852
2020-06-09 00:00:00+02:00,351.27762969753434,364.4033203125,332.580606095507,364.4033203125,389151
2020-06-10 00:00:00+02:00,366.85843492018006,371.296630859375,359.7762257518368,371.296630859375,279795
2020-06-11 00:00:00+02:00,371.296630859375,371.296630859375,371.296630859375,371.296630859375,0
2020-06-12 00:00:00+02:00,357.0378231507652,367.04735249086235,351.1831846261084,358.17095947265625,332987
2020-06-15 00:00:00+02:00,354.11049931452004,360.53169150838886,352.2219099848426,352.31634521484375,299781
2020-06-16 00:00:00+02:00,356.7545174571025,364.025597997313,354.4882159957338,358.17095947265625,153016
2020-06-17 00:00:00+02:00,362.4202964799379,369.5969420059697,356.47125136173076,365.81976318359375,271985
2020-06-18 00:00:00+02:00,365.8197159836111,374.4128024593087,364.686579773654,365.72528076171875,185354
2020-06-19 00:00:00+02:00,352.59961972589474,371.95766022544734,352.50518449652606,370.82452392578125,861534
2020-06-22 00:00:00+02:00,368.2748895358892,386.2164867184069,366.3863003587821,384.4223327636719,458160
2020-06-23 00:00:00+02:00,384.6111863468276,389.0493825780283,377.9067176137498,381.4950256347656,240157
2020-06-24 00:00:00+02:00,387.16077140589823,389.89921987915505,382.4392985838751,384.89447021484375,192029
2020-06-25 00:00:00+02:00,385.27223594954376,389.6159973144531,382.4393518616795,389.6159973144531,226136
2020-06-26 00:00:00+02:00,391.8822791914578,393.29872116443903,372.99638621837556,373.2796630859375,534525
2020-06-29 00:00:00+02:00,372.052024414974,380.4562395075322,368.27484650213165,379.2286682128906,293128
2020-06-30 00:00:00+02:00,377.7178554418855,382.6281990896642,371.8632171555021,372.9019470214844,293413
2020-07-01 00:00:00+02:00,373.46851357298004,381.5894528806881,368.2748932830903,380.7395935058594,225748
2020-07-02 00:00:00+02:00,382.3448791503906,385.83878070997923,378.5677007368178,382.3448791503906,213800
2020-07-03 00:00:00+02:00,384.3279311457291,386.97194469782977,381.3061766711114,383.3836364746094,108266
2020-07-06 00:00:00+02:00,386.97190294236776,387.6329206678603,381.40057074744254,382.4393005371094,161782
2020-07-07 00:00:00+02:00,382.43932423938674,384.7056255824735,378.09556318821245,381.87274169921875,188402
2020-07-08 00:00:00+02:00,381.8727308144266,382.5337485620453,374.7905213081591,376.86798095703125,182174
2020-07-09 00:00:00+02:00,376.96245715944275,378.56774086481994,364.4033203125,364.4033203125,439101
2020-07-10 00:00:00+02:00,360.05954174380753,364.49773816560446,357.88767555638367,358.83197021484375,390769
2020-07-13 00:00:00+02:00,361.6648161479036,363.931117326306,348.1614154793362,348.9168395996094,454143
2020-07-14 00:00:00+02:00,346.4616818094302,347.4059764062494,331.54183870672125,334.18585205078125,624805
2020-07-15 00:00:00+02:00,337.4908666378908,358.0765051325554,337.4908666378908,344.6675109863281,564238
2020-07-16 00:00:00+02:00,345.61185566933426,349.86118176362936,341.4569648073187,347.7837219238281,216848
2020-07-17 00:00:00+02:00,348.8224054081215,350.89986497136914,345.8006801005413,350.3332824707031,219457
2020-07-20 00:00:00+02:00,351.27758783973513,371.3910511002993,351.18315261712166,371.20220947265625,311464
2020-07-21 00:00:00+02:00,374.8849588228962,375.82925342950296,358.8319505105807,359.7762451171875,409221
2020-07-22 00:00:00+02:00,360.0595435027724,364.4977399462508,354.11049865244576,361.66485595703125,300839
2020-07-23 00:00:00+02:00,363.6478831261685,367.99164437103656,360.8149991165919,365.9141845703125,328465
2020-07-24 00:00:00+02:00,360.8150194366511,367.1417767904584,358.0765705033561,366.3863525390625,429776
2020-07-27 00:00:00+02:00,366.3862916755664,378.8509914760983,361.7592540648297,376.96240234375,503004
2020-07-28 00:00:00+02:00,375.4515737044319,375.82928581610656,368.463798776896,373.1852722167969,287328
2020-07-29 00:00:00+02:00,371.57990034678926,381.1172809349628,369.4080344385042,378.662109375,573524
2020-07-30 00:00:00+02:00,383.3836009792582,387.9162034539499,375.7348090878301,376.3013916015625,629451
2020-07-31 00:00:00+02:00,377.34014393982307,382.2504587776922,375.9237019797018,379.6064453125,237486
2020-08-03 00:00:00+02:00,377.717806223771,395.47053158925553,377.151223750919,393.77081298828125,681050
2020-08-04 00:00:00+02:00,395.6594534320032,399.43663198505334,391.1268506953772,394.2430114746094,710091
2020-08-05 00:00:00+02:00,393.5819580327992,396.1315648520865,385.64988955374713,387.1607666015625,342348
2020-08-06 00:00:00+02:00,388.57722031102037,394.33742302203945,384.89447720646183,389.5215148925781,235949
2020-08-07 00:00:00+02:00,389.0493867324722,407.55756720462136,387.34966792912167,403.21380615234375,339692
2020-08-10 00:00:00+02:00,403.2137578466728,410.76811396558,400.56974473208794,401.702880859375,271458
2020-08-11 00:00:00+02:00,403.40271833215473,405.6690199102389,389.2382974471435,393.3931884765625,224346
2020-08-12 00:00:00+02:00,393.39314222878124,396.98145023743626,387.1607920085414,394.71514892578125,229809
2020-08-13 00:00:00+02:00,394.71514698742396,396.50930098294083,387.8218078613281,387.8218078613281,308820
2020-08-14 00:00:00+02:00,386.97191965824453,392.7321225428698,384.32790627722864,387.8218078613281,169427
2020-08-17 00:00:00+02:00,387.82179315670794,391.8822482987946,384.7056037712518,385.2721862792969,321626
2020-08-18 00:00:00+02:00,385.27221304950604,386.7830902367467,379.0398626631293,383.6669006347656,245034
2020-08-19 00:00:00+02:00,383.3836116928652,391.88226318359375,381.49502247270334,391.88226318359375,189910
2020-08-20 00:00:00+02:00,390.9379606624988,390.9379606624988,382.06159727087675,385.8387756347656,139003
2020-08-21 00:00:00+02:00,390.4658202762303,392.25997426730794,386.21649454166436,386.4053649902344,178876
2020-08-24 00:00:00+02:00,391.1268350424687,395.7538728212639,388.8605049472689,391.5045471191406,187027
2020-08-25 00:00:00+02:00,390.93795372458067,392.8265428730086,384.3278917050829,385.2721862792969,252312
2020-08-26 00:00:00+02:00,386.6886654991307,413.3177865916731,385.08335304084216,412.6567687988281,251762
2020-08-27 00:00:00+02:00,410.76816117149355,436.2641160028277,408.97400715058336,435.1309509277344,635392
2020-08-28 00:00:00+02:00,429.93732384226445,432.7702076685502,419.0779358415025,421.1553955078125,352899
2020-08-31 00:00:00+02:00,421.1553906361352,424.83813380419,410.76815005990767,414.07318115234375,335642
2020-09-01 00:00:00+02:00,414.0731751534431,422.8551032590824,412.0901507631938,416.150634765625,279982
2020-09-02 00:00:00+02:00,414.6397784585467,425.87687880997123,413.69548382703897,415.39520263671875,167363
2020-09-03 00:00:00+02:00,418.7002097943387,421.91080559351195,405.85779778006236,406.6132507324219,302440
2020-09-04 00:00:00+02:00,396.41491382183494,411.6180646499471,388.6717143714141,404.15814208984375,813825
2020-09-07 00:00:00+02:00,406.1411374679742,414.63978937529834,401.98624674346627,412.279052734375,152475
2020-09-08 00:00:00+02:00,415.48967510890105,415.77295199671295,404.34700898528837,409.25732421875,388166
2020-09-09 00:00:00+02:00,408.87959741663053,410.107168976528,402.83611721371267,407.935302734375,419624
2020-09-10 00:00:00+02:00,407.27422186286816,409.1628109349289,403.9691909867619,405.10235595703125,460988
2020-09-11 00:00:00+02:00,406.04669473073096,408.87957864745704,403.30824604141293,406.2355651855469,423621
2020-09-14 00:00:00+02:00,408.879575424639,410.2960173718375,394.05413818359375,394.05413818359375,609769
2020-09-15 00:00:00+02:00,393.95974652844,393.95974652844,378.1900140653473,380.5507507324219,449657
2020-09-16 00:00:00+02:00,383.0059008893634,389.89924003890417,379.1342872116059,382.72259521484375,343710
2020-09-17 00:00:00+02:00,379.60643639895,383.5724853211968,374.69609285879534,381.4950256347656,328478
2020-09-18 00:00:00+02:00,382.43931529211454,388.38835978073587,379.70086669921875,379.70086669921875,687672
2020-09-21 00:00:00+02:00,379.60643189859263,386.4053645939594,363.8367004394531,363.8367004394531,421148
2020-09-22 00:00:00+02:00,369.5024841242679,385.17778103987195,368.4637830658487,378.5677185058594,558150
2020-09-23 00:00:00+02:00,378.5677084158946,386.59421270755087,378.5677084158946,384.3279113769531,321576
2020-09-24 00:00:00+02:00,381.49501080053915,386.5941957754454,376.1125201607258,380.1730041503906,534190
2020-09-25 00:00:00+02:00,382.0615817805707,387.1607666015625,377.81225629348035,387.1607666015625,280907
2020-09-28 00:00:00+02:00,390.93800335622313,405.66900634765625,390.2769855433203,405.66900634765625,315506
2020-09-29 00:00:00+02:00,405.95227137910643,410.48490306901755,400.8530859433444,407.36871337890625,311730
2020-09-30 00:00:00+02:00,401.32521527328953,406.42440048030375,395.0928649902344,395.0928649902344,428692
2020-10-01 00:00:00+02:00,393.6764349536954,393.6764349536954,355.99908407385254,361.2871398925781,1170664
2020-10-02 00:00:00+02:00,368.36932468064987,378.18998263602106,362.7035571505222,375.0738220214844,758118
2020-10-05 00:00:00+02:00,380.55072010613105,387.6329295373866,373.09079860205867,376.4902648925781,388529
2020-10-06 00:00:00+02:00,377.7178355056888,378.4732596496666,352.22188160905483,353.9216003417969,793733
2020-10-07 00:00:00+02:00,354.39375825810407,358.6430840349043,345.3285529883314,356.093505859375,529453
2020-10-08 00:00:00+02:00,359.9651540960752,367.2362060546875,358.73755368553384,367.2362060546875,363144
2020-10-09 00:00:00+02:00,368.18046230123457,368.18046230123457,352.6940364764931,357.1322326660156,367450
2020-10-12 00:00:00+02:00,356.9433444041126,361.38154037214935,350.3332824707031,350.3332824707031,430801
2020-10-13 00:00:00+02:00,350.333320000153,362.79802107975354,346.55614134786026,361.66485595703125,283063
2020-10-14 00:00:00+02:00,361.664829362021,375.5459714154821,358.9263808039977,367.3305969238281,424438
2020-10-15 00:00:00+02:00,364.8754577130452,365.9141876220703,352.50519167120757,354.1105041503906,311455
2020-10-16 00:00:00+02:00,356.94336619521334,368.274901629982,356.94336619521334,357.50994873046875,627822
2020-10-19 00:00:00+02:00,360.34282172873856,362.609122983871,351.277587890625,351.277587890625,310368
2020-10-20 00:00:00+02:00,351.2775889404096,356.9433565039646,342.02351344697007,347.4059753417969,485651
2020-10-21 00:00:00+02:00,346.7450092052623,348.8224401578809,334.94132600543156,345.4229736328125,686253
2020-10-22 00:00:00+02:00,339.9460856128768,355.52694787013365,338.0574962483608,346.1784362792969,333209
2020-10-23 00:00:00+02:00,346.9338566792979,349.4834638203651,333.0527422934497,333.80816650390625,782009
2020-10-26 00:00:00+01:00,334.7524548424615,345.2341312653618,334.28030751546225,339.9460754394531,374905
2020-10-27 00:00:00+01:00,342.9677981242597,358.83193531648135,342.4012156207696,343.8176574707031,686229
2020-10-28 00:00:00+01:00,329.55882682685046,334.1858647637677,302.1742824773414,312.5615234375,1568707
2020-10-29 00:00:00+01:00,317.2830293299788,336.6410712980281,315.3944398696813,334.28033447265625,764403
2020-10-30 00:00:00+01:00,332.10841927464065,332.3916961249863,314.73337574131284,316.7164001464844,582121
2020-11-02 00:00:00+01:00,324.4596311070511,329.3699457483584,322.38217145500056,323.6097717285156,463670
2020-11-03 00:00:00+01:00,328.1423563499973,346.08395281229934,323.8930308720837,344.6675109863281,585150
2020-11-04 00:00:00+01:00,344.6675341333336,365.34758041781674,339.7571906131674,359.9651184082031,754994
2020-11-05 00:00:00+01:00,366.29187224347396,374.1295347710909,349.3890045439201,350.427734375,764027
2020-11-06 00:00:00+01:00,352.2218958481517,367.33060987917156,350.8054539077436,361.75927734375,378072
2020-11-09 00:00:00+01:00,367.3306207418467,378.7565918292105,348.539162873583,350.7110290527344,973131
2020-11-10 00:00:00+01:00,354.11048063890473,357.60438224157576,333.8081464156075,345.32855224609375,808745
2020-11-11 00:00:00+01:00,345.32855224609375,345.32855224609375,345.32855224609375,345.32855224609375,0
2020-11-12 00:00:00+01:00,350.3332972760439,357.3210715660114,346.7449893161531,351.6553039550781,443935
2020-11-13 00:00:00+01:00,351.7497332231207,351.7497332231207,342.873369879799,343.1566467285156,286437
2020-11-16 00:00:00+01:00,349.38899472098393,351.1831486600885,340.3237609863281,340.3237609863281,308156
2020-11-17 00:00:00+01:00,339.9460872642536,350.3333288195502,339.19066304181223,349.0113220214844,293779
2020-11-18 00:00:00+01:00,350.333305002373,357.69879153199264,349.38901037972505,353.6383361816406,309337
2020-11-19 00:00:00+01:00,353.1661640664806,353.1661640664806,345.1396603376969,347.5003967285156,338478
2020-11-20 00:00:00+01:00,347.59484756325037,355.1492043532473,347.50041233985854,351.4664611816406,295547
2020-11-23 00:00:00+01:00,356.4712459878108,367.33063493843287,351.2776251853394,351.8442077636719,325867
2020-11-24 00:00:00+01:00,354.1104775782974,355.9990667920483,345.13967881298055,350.427734375,278353
2020-11-25 00:00:00+01:00,351.4664945740171,352.6940661419879,342.87340714546065,343.7232666015625,346767
2020-11-26 00:00:00+01:00,348.44473048828553,356.4712351201295,338.05748920001685,338.9073486328125,496367
2020-11-27 00:00:00+01:00,339.00176492058785,343.7232379696211,332.95828518134215,342.49566650390625,382787
2020-11-30 00:00:00+01:00,345.61184069495147,369.40807731901515,345.61184069495147,367.8027648925781,1054873
2020-12-01 00:00:00+01:00,370.5412231838638,394.9040429893046,370.5412231838638,383.3836364746094,938472
2020-12-02 00:00:00+01:00,388.2940007274028,402.26955106847424,382.1560850420857,401.32525634765625,565809
2020-12-03 00:00:00+01:00,402.2695386438075,404.1581280271118,394.7151811105905,397.5480651855469,482448
2020-12-04 00:00:00+01:00,399.24774722896234,418.79465706784356,398.9644703746649,418.322509765625,471516
2020-12-07 00:00:00+01:00,421.6275782991953,438.3416058080795,379.5120294401704,401.419677734375,1427636
2020-12-08 00:00:00+01:00,377.7178414260285,387.5384995395884,363.5534223725524,372.9963684082031,1871186
2020-12-09 00:00:00+01:00,377.4346034419274,389.1438519684892,361.8537408785155,373.7518310546875,1413456
2020-12-10 00:00:00+01:00,369.69131431790345,378.7565477122038,338.34072390107633,341.8346252441406,2046291
2020-12-11 00:00:00+01:00,338.8128954755744,338.8128954755744,291.1260175390311,302.64642333984375,3966471
2020-12-14 00:00:00+01:00,250.2380824531144,281.3998059284079,225.21427420780296,279.60565185546875,5364891
2020-12-15 00:00:00+01:00,286.87669920701535,299.15252948859086,277.62262329101566,283.28839111328125,2655726
2020-12-16 00:00:00+01:00,282.6273733403161,287.0655696614583,273.84544474283854,283.28839111328125,1120401
2020-12-17 00:00:00+01:00,288.0098424120493,296.41405827957277,288.0098424120493,291.97589111328125,1073399
2020-12-18 00:00:00+01:00,245.51663146200454,257.4147509040655,228.99147357513885,256.2815856933594,5437869
2020-12-21 00:00:00+01:00,245.516619682312,250.52137001803203,234.18508338928223,241.73944091796875,2711140
2020-12-22 00:00:00+01:00,247.97176576472063,260.53087231847917,247.40518324567938,252.7876739501953,1494473
2020-12-23 00:00:00+01:00,259.6810266430936,260.24760919201384,237.96224986930764,254.0152587890625,1448707
2020-12-28 00:00:00+01:00,250.23804379205635,258.7366943359375,242.7781229670547,258.7366943359375,1032496
2020-12-29 00:00:00+01:00,263.9303391944491,269.31282991077916,259.11443099840386,264.8746337890625,690382
2020-12-30 00:00:00+01:00,264.87463269480094,264.87463269480094,255.33725156508987,259.3977355957031,650137
2021-01-04 00:00:00+01:00,261.09745646359335,263.45819295964753,253.16538760036812,261.0030212402344,694603
2021-01-05 00:00:00+01:00,260.2475888334631,260.2475888334631,248.91605401183992,250.89907836914062,907149
2021-01-07 00:00:00+01:00,252.12665582472277,252.22109104734994,234.18505859375,234.18505859375,1523326
2021-01-08 00:00:00+01:00,236.26250746197076,239.28424731842148,221.15379377092492,226.53627014160156,1521292
2021-01-11 00:00:00+01:00,226.63071050876525,242.6837191698028,226.63071050876525,232.29647827148438,795943
2021-01-12 00:00:00+01:00,232.29647477148046,238.81210183691968,229.46359093280387,234.65721130371094,656346
2021-01-13 00:00:00+01:00,234.65722601069788,239.3786993710741,233.33521923330983,235.97923278808594,654826
2021-01-14 00:00:00+01:00,239.2842445635395,261.6640379877761,237.30123455969547,250.23806762695312,1285147
2021-01-15 00:00:00+01:00,250.23808027766466,252.31554001832478,237.11239050963636,241.9282989501953,760614
2021-01-18 00:00:00+01:00,242.68372388610237,243.81688898770207,235.41265799773257,239.37869262695312,480233
2021-01-19 00:00:00+01:00,241.07842973870316,242.68372778000293,229.2747464809209,234.37393188476562,752443
2021-01-20 00:00:00+01:00,233.24076884009108,241.4561290713237,225.68641195458207,238.6232452392578,741544
2021-01-21 00:00:00+01:00,240.7951158013742,245.98873594610973,237.58452002087256,239.0953826904297,901494
2021-01-22 00:00:00+01:00,237.96224483931417,242.68371795120532,235.97922036880288,236.1680908203125,519925
2021-01-25 00:00:00+01:00,237.96224675779803,261.1919004191001,236.35694876857139,260.342041015625,1607105
2021-01-26 00:00:00+01:00,257.88687114030745,283.28839111328125,257.88687114030745,283.28839111328125,2679833
2021-01-27 00:00:00+01:00,290.84276488881954,325.7816684631258,290.84276488881954,298.208251953125,5869312
2021-01-28 00:00:00+01:00,293.86447568852714,355.5268983187741,282.4385058621761,344.6675109863281,6857539
2021-01-29 00:00:00+01:00,334.28029654445436,338.0574750364821,281.116520796198,288.19873046875,2947173
2021-02-01 00:00:00+01:00,288.4820429293922,298.39713769455955,275.07304610089244,288.76531982421875,1008657
2021-02-02 00:00:00+01:00,288.48199769820104,288.85970977127766,266.66878687141605,267.5186462402344,1379193
2021-02-03 00:00:00+01:00,268.1796997918023,279.13352427921035,267.6131171977387,271.9568786621094,690037
2021-02-04 00:00:00+01:00,272.0513154710019,282.1552517169645,272.0513154710019,274.7897644042969,403339
2021-02-05 00:00:00+01:00,276.8672191404948,281.30538696516487,272.14574561366226,277.0560607910156,434366
2021-02-08 00:00:00+01:00,280.45549571186973,281.2109198635212,270.3515319824219,270.3515319824219,484611
2021-02-09 00:00:00+01:00,271.01252514874494,272.14569009103366,253.44864144875945,254.9595184326172,1125810
2021-02-10 00:00:00+01:00,253.9208137132884,260.1531638745253,249.6714879875702,254.48739624023438,655249
2021-02-11 00:00:00+01:00,253.54311236876876,256.2815610777635,253.0709650459219,255.43170166015625,350845
2021-02-12 00:00:00+01:00,254.10969030226764,254.6762728429056,245.79988028060916,248.3494873046875,366961
2021-02-15 00:00:00+01:00,245.51657330548323,255.52610090376155,243.91126110683783,254.9595184326172,270924
2021-02-16 00:00:00+01:00,255.90382969045052,257.98128928139164,251.84337454711883,255.05397033691406,326736
2021-02-17 00:00:00+01:00,256.9425868195808,257.3202989260467,253.16540811974892,256.1871337890625,294253
2021-02-18 00:00:00+01:00,256.18712852090596,267.7075348455256,254.2041327983412,259.6810302734375,498948
2021-02-19 00:00:00+01:00,259.68103352023724,263.3637769593706,249.95480997360468,250.6157989501953,429130
2021-02-22 00:00:00+01:00,251.56007629932475,253.2598238740837,243.62800740320245,243.72244262695312,467362
2021-02-23 00:00:00+01:00,244.57231333415598,246.55533785443654,236.16809674758048,243.34474182128906,556188
2021-02-24 00:00:00+01:00,243.81689453125,247.68847961163988,241.73943473694487,243.81689453125,341058
2021-02-25 00:00:00+01:00,240.79511419165595,241.73940875711344,235.2237820189735,237.5845184326172,767659
2021-02-26 00:00:00+01:00,235.69595070495785,235.97922757328584,221.1538044310836,223.4201202392578,1478281
2021-03-01 00:00:00+01:00,224.17553840470785,227.57500482115498,212.65514685153653,226.91400146484375,1089101
2021-03-02 00:00:00+01:00,227.4805803712709,232.20205372400622,222.85354224910753,227.85830688476562,674141
2021-03-03 00:00:00+01:00,228.33043550351172,231.63546657950897,214.35487264325064,215.58245849609375,836642
2021-03-04 00:00:00+01:00,215.58246950721568,224.26997732608876,213.4105889502992,221.90924072265625,531892
2021-03-05 00:00:00+01:00,220.49281228821852,224.55328237699797,216.05463008323366,219.0763702392578,458449
2021-03-08 00:00:00+01:00,221.81481910373108,224.26999108544712,219.0763702392578,219.0763702392578,407552
2021-03-09 00:00:00+01:00,218.60420192838248,220.68164718590023,210.57769775390625,210.57769775390625,1020824
2021-03-10 00:00:00+01:00,210.57769645564167,214.0715836047616,198.49072265625,198.49072265625,1263988
2021-03-11 00:00:00+01:00,198.77400908319117,211.14427384428419,195.09126598483405,208.68910217285156,1199773
2021-03-12 00:00:00+01:00,210.5776899392505,222.00366004476237,208.02809747196858,213.88272094726562,846781
2021-03-15 00:00:00+01:00,218.13205257731508,221.5315189004784,212.93843227785518,217.09332275390625,523875
2021-03-16 00:00:00+01:00,220.0206377282901,222.94795669763388,213.88272294187857,216.71560668945312,418635
2021-03-17 00:00:00+01:00,217.18775497370467,219.07634414738908,210.6721280880103,218.13204956054688,535624
2021-03-18 00:00:00+01:00,218.13206036175154,218.79306372351348,208.40582275390625,208.40582275390625,634370
2021-03-19 00:00:00+01:00,208.4058192419136,214.3548782151045,205.76179143062961,210.7665557861328,961059
2021-03-22 00:00:00+01:00,208.68912017400365,208.68912017400365,204.72308547779477,204.9119415283203,536426
2021-03-23 00:00:00+01:00,205.856230124943,208.68911402574497,199.62387977966162,208.40582275390625,589239
2021-03-24 00:00:00+01:00,207.1782289626185,210.01111275559208,203.11777371972335,205.00636291503906,480745
2021-03-25 00:00:00+01:00,207.65038620623923,209.5389754920033,196.50772094726562,196.50772094726562,740462
2021-03-26 00:00:00+01:00,198.30187095786042,204.81749809724454,197.82972364605598,200.19046020507812,437112
2021-03-29 00:00:00+02:00,205.85623610547827,229.93574996185302,203.96764678340966,226.34742736816406,2085034
2021-03-30 00:00:00+02:00,236.0736585675337,237.584535745883,204.72307959152377,205.7617950439453,1652983
2021-03-31 00:00:00+02:00,188.67006528179536,192.35280848404494,171.38947109913263,179.88812255859375,3528905
2021-04-01 00:00:00+02:00,180.17142725888553,186.7626000700856,174.75117062557368,183.74085998535156,1055635
2021-04-06 00:00:00+02:00,187.89574710512747,189.80322634967078,183.21205366810943,186.10159301757812,734970
2021-04-07 00:00:00+02:00,187.1780918417624,187.76354993010716,180.36028312788952,181.07794189453125,522394
2021-04-08 00:00:00+02:00,181.0968294567276,181.0968294567276,171.9560640280776,172.80592346191406,1176280
2021-04-09 00:00:00+02:00,173.2969757665592,181.30459117568975,171.4839315838576,174.10906982421875,1061406
2021-04-12 00:00:00+02:00,175.35550807740654,177.62182381100723,173.16475205126423,176.11094665527344,391286
2021-04-13 00:00:00+02:00,176.77195000760983,179.8881251358155,175.6199094183411,176.11094665527344,361855
2021-04-14 00:00:00+02:00,177.99954295916854,179.6992762246221,173.93907304969414,175.41217041015625,547448
2021-04-15 00:00:00+02:00,175.6387788181432,178.28280632727123,174.71337423302515,176.97967529296875,325032
2021-04-16 00:00:00+02:00,179.41596283816594,181.77669919129968,165.25154471936335,166.9134979248047,1703454
2021-04-19 00:00:00+02:00,168.97207594131396,174.78893406354155,167.23457735689541,167.61228942871094,685110
2021-04-20 00:00:00+02:00,168.5565809569607,171.10617341740848,162.62641220260682,163.3629608154297,571326
2021-04-21 00:00:00+02:00,163.36297210081693,169.9352691101752,157.98049555497627,162.98526000976562,735255
2021-04-22 00:00:00+02:00,165.9125742212982,166.85686891169692,162.7019780374599,163.8351287841797,302258
2021-04-23 00:00:00+02:00,167.1212598308727,169.0287390207645,158.16935075965392,161.60658264160156,708623
2021-04-26 00:00:00+02:00,163.81622015289577,164.2128221485277,155.9030413487872,159.56689453125,689756
2021-04-27 00:00:00+02:00,156.75290889360727,163.68402803356378,156.75290889360727,158.92478942871094,614501
2021-04-28 00:00:00+02:00,160.5300867937613,164.96826866453623,159.2080800778003,162.8908233642578,666274
2021-04-29 00:00:00+02:00,165.25155929337635,167.14014854244348,161.09666870894557,165.4781951904297,524519
2021-04-30 00:00:00+02:00,165.96923603771566,169.72753942567408,164.30728250528782,164.42059326171875,480142
2021-05-04 00:00:00+02:00,165.4593132082219,166.00700584580463,158.3582132562989,159.51025390625,591802
2021-05-05 00:00:00+02:00,158.64148516108747,159.03808714493522,147.59324175484144,152.50357055664062,772183
2021-05-06 00:00:00+02:00,151.5592989945597,152.29584770612882,146.00684156076747,147.80101013183594,773761
2021-05-07 00:00:00+02:00,148.2542598396079,152.4658203125,147.44216586540864,152.4658203125,449907
2021-05-10 00:00:00+02:00,153.9200213891868,156.18632268906893,147.87654165030617,147.93319702148438,468415
2021-05-11 00:00:00+02:00,148.2164924204519,148.329803165969,142.66403534943294,145.66688537597656,771292
2021-05-12 00:00:00+02:00,146.6111768249781,161.26663329296093,143.32503559728448,152.03143310546875,963645
2021-05-13 00:00:00+02:00,153.16458082297163,154.97762472100095,147.06444579243433,149.1230010986328,604194
2021-05-14 00:00:00+02:00,150.59611254830955,157.4705767124018,146.46011161997518,155.6953125,614872
2021-05-17 00:00:00+02:00,157.69720962849843,168.0844509812738,156.28076762584726,162.15428161621094,927411
2021-05-18 00:00:00+02:00,164.779416252585,166.81909615256112,157.9238422879237,160.53009033203125,935851
2021-05-19 00:00:00+02:00,159.58580067937987,160.8133866432876,156.75291664365122,159.6424560546875,578879
2021-05-20 00:00:00+02:00,159.79353992759047,166.498037626468,159.77465000035284,165.7237091064453,681645
2021-05-21 00:00:00+02:00,165.72369724339833,166.5357911509712,161.90875351566936,163.3629608154297,659440
2021-05-24 00:00:00+02:00,162.41867569821522,162.41867569821522,158.73593241973782,158.8492431640625,463011
2021-05-25 00:00:00+02:00,159.79353191447876,163.98620220583445,153.070159034311,155.71417236328125,641936
2021-05-26 00:00:00+02:00,155.80861853387594,158.8114686293991,152.5980224609375,152.5980224609375,392376
2021-05-27 00:00:00+02:00,156.37519794600908,165.7237091064453,156.2807627186137,165.7237091064453,1112344
2021-05-28 00:00:00+02:00,167.80114202299129,172.76814067736404,164.307254999586,168.6321258544922,598754
2021-05-31 00:00:00+02:00,170.01165388394222,170.01165388394222,163.48320518889167,163.9300994873047,525989
2021-06-01 00:00:00+02:00,151.66982186050384,153.4962375317253,148.2501695203036,149.0079345703125,1833059
2021-06-02 00:00:00+02:00,149.61024739390405,157.16847818672792,148.44445622313495,156.97418212890625,1247488
2021-06-04 00:00:00+02:00,160.12184745378212,166.31997680664062,157.20736182694668,166.31997680664062,516368
2021-06-07 00:00:00+02:00,165.79537508578755,168.72927992894006,162.35627376199844,164.9210205078125,454673
2021-06-08 00:00:00+02:00,164.45471364071005,167.2914779729888,163.21120091488487,166.1256866455078,418030
2021-06-09 00:00:00+02:00,168.06866939209675,173.70334450989466,165.93138291950868,171.46890258789062,879838
2021-06-10 00:00:00+02:00,172.05180211701355,173.17872525844723,167.66063975760093,169.0401611328125,284215
2021-06-11 00:00:00+02:00,169.04016814561123,181.18385838595685,167.89381090236608,180.50381469726562,674704
2021-06-14 00:00:00+02:00,180.89241780071347,182.54395680856234,177.45333103904795,181.4558868408203,406463
2021-06-15 00:00:00+02:00,186.04135509215126,198.86509044182876,185.4584519665032,193.30813598632812,1572918
2021-06-16 00:00:00+02:00,201.09951281557122,205.6169597101528,180.69811296471616,180.83412170410156,1529527
2021-06-17 00:00:00+02:00,179.72660254378346,181.08668982268708,173.13986662024817,175.8406219482422,843200
2021-06-18 00:00:00+02:00,176.81212842180585,178.61911010742188,173.89764278847937,178.61911010742188,889324
2021-06-21 00:00:00+02:00,178.61911507730343,179.35744612170683,174.30567384814898,178.15280151367188,256814
2021-06-22 00:00:00+02:00,177.76418974014425,180.6592561450541,172.07122720490074,172.71241760253906,356451
2021-06-23 00:00:00+02:00,172.05180770106446,173.62562519837215,168.10752469459234,172.9261474609375,575110
2021-06-24 00:00:00+02:00,172.9261458139904,177.2007187697439,171.50775629774543,174.90798950195312,394299
2021-06-25 00:00:00+02:00,174.86913966818162,178.8522760012709,173.89764444780283,174.5971221923828,511215
2021-06-28 00:00:00+02:00,174.49996014388222,182.25250238258732,172.98443002920004,180.2123565673828,504103
2021-06-29 00:00:00+02:00,179.7266201142368,187.73174626023203,179.7266201142368,182.9908447265625,667808
2021-06-30 00:00:00+02:00,182.03877726306348,184.58408997060815,177.39503134339435,179.7460479736328,506269
2021-07-01 00:00:00+02:00,179.82376395210167,185.51672630633152,179.82376395210167,183.37942504882812,365127
2021-07-02 00:00:00+02:00,184.2731997004381,187.30427475990683,183.4182940172691,184.77838134765625,264189
2021-07-05 00:00:00+02:00,187.12940940313737,187.40142688590984,183.94290618451038,186.429931640625,146929
2021-07-06 00:00:00+02:00,186.4299188827268,187.0128219195445,181.98048400878906,181.98048400878906,437746
2021-07-07 00:00:00+02:00,184.273212976737,187.9843319687736,181.53360406419415,187.88717651367188,407522
2021-07-08 00:00:00+02:00,186.52707234634164,188.37290723689972,181.49473448910743,182.1359100341797,319783
2021-07-09 00:00:00+02:00,183.74861731138478,184.4675291576918,181.76677345571684,182.64111328125,220831
2021-07-12 00:00:00+02:00,184.7783854198958,196.2420318280868,184.6812447934931,196.0963134765625,1032701
2021-07-13 00:00:00+02:00,196.72777832402917,200.27372988033358,195.56198704687708,197.65069580078125,417145
2021-07-14 00:00:00+02:00,197.21353621380808,197.40783229949682,189.9273218216723,190.3547821044922,329109
2021-07-15 00:00:00+02:00,190.39364372466002,192.02576352832546,187.61516658857204,189.36386108398438,400152
2021-07-16 00:00:00+02:00,189.38329355445256,192.31721347085903,187.9843379698391,188.60609436035156,279128
2021-07-19 00:00:00+02:00,188.08149693680275,188.47008912918182,179.3768924833975,180.9895782470703,508610
2021-07-20 00:00:00+02:00,181.53359066868958,183.41829369739648,179.86261776636223,182.25250244140625,399604
2021-07-21 00:00:00+02:00,182.64110290079944,188.70323846132354,175.2577332369755,179.221435546875,415891
2021-07-22 00:00:00+02:00,181.9610624910256,185.5555919354787,179.95978465662506,180.73696899414062,254135
2021-07-23 00:00:00+02:00,182.15534861189087,183.69031279505455,180.5620970889858,180.97012329101562,219461
2021-07-26 00:00:00+02:00,183.51543210883392,183.51543210883392,177.14242615067633,178.75511169433594,338742
2021-07-27 00:00:00+02:00,179.16313620166574,179.51287505333852,176.0543546444855,177.99734497070312,317100
2021-07-28 00:00:00+02:00,177.99736212277602,178.81341458070182,171.76036435347248,178.54139709472656,669129
2021-07-29 00:00:00+02:00,180.6981020388396,183.90403907203861,177.64760779092245,178.75511169433594,540016
2021-07-30 00:00:00+02:00,177.45331773538624,179.5323168815118,173.54790285989864,179.47402954101562,307103
2021-08-02 00:00:00+02:00,178.24993274943637,178.24993274943637,169.623065569603,170.01165771484375,828778
2021-08-03 00:00:00+02:00,171.9546544825865,172.32382741098039,169.13732426523293,170.516845703125,411366
2021-08-04 00:00:00+02:00,170.51683661789144,172.9261404920493,167.73835983500942,170.1088104248047,244126
2021-08-05 00:00:00+02:00,170.86657259913795,174.65539777397146,169.75906871542972,173.1593017578125,290573
2021-08-06 00:00:00+02:00,173.21761152195916,173.25646481069876,168.55443120960524,169.15675354003906,181795
2021-08-09 00:00:00+02:00,170.01166898150777,170.24483317840807,165.79538314848824,167.09718322753906,230117
2021-08-10 00:00:00+02:00,167.68009229192995,167.8743883843602,161.4236602783203,161.4236602783203,527025
2021-08-11 00:00:00+02:00,161.46250896413832,163.75523836667213,159.40294376017857,162.58944702148438,226485
2021-08-12 00:00:00+02:00,162.2397074731213,163.28892412665874,160.0441335349182,162.10369873046875,175533
2021-08-13 00:00:00+02:00,162.82259367209323,167.95208689716878,161.73450901985564,164.0855255126953,197493
2021-08-16 00:00:00+02:00,164.08553248377177,165.63993072509766,160.2967071533203,160.2967071533203,279203
2021-08-17 00:00:00+02:00,160.78245349937237,166.65027790821932,159.810958312065,166.14511108398438,396754
2021-08-18 00:00:00+02:00,165.29020677269983,165.54279020956855,161.7539645373299,161.8511199951172,214894
2021-08-19 00:00:00+02:00,162.31742962759205,163.87181314744802,159.88869148046595,163.50265502929688,192913
2021-08-20 00:00:00+02:00,163.4832163654374,163.50265042074219,159.69439089225062,161.015625,412701
2021-08-23 00:00:00+02:00,161.4236602107738,162.99747782979458,159.51952292853395,160.5104522705078,191400
2021-08-24 00:00:00+02:00,161.48193413890908,162.12312453184305,160.3161428578367,161.05447387695312,178932
2021-08-25 00:00:00+02:00,160.99619245654932,161.65680210470714,159.46122819755558,160.8601837158203,229919
2021-08-26 00:00:00+02:00,160.27727285637906,166.02852262244343,158.54801259803511,163.2500457763672,460051
2021-08-27 00:00:00+02:00,163.42492731019482,163.67751073114584,160.7824591223968,162.99746704101562,205621
2021-08-30 00:00:00+02:00,163.09460872151,165.03759900001705,159.71379496374337,162.84201049804688,440313
2021-08-31 00:00:00+02:00,162.99746512526175,167.6994983832872,162.5117175203292,164.4935760498047,718032
2021-09-01 00:00:00+02:00,166.12569315485314,168.94302354197777,164.57129477474479,165.50393676757812,438621
2021-09-02 00:00:00+02:00,174.86911921573775,187.45970232175998,174.48052710257167,184.56463623046875,1619048
2021-09-03 00:00:00+02:00,184.56465870246353,186.58537054940805,179.7266166324387,181.6890411376953,426207
2021-09-06 00:00:00+02:00,181.99992283647683,183.80690465657477,179.74606148736117,182.64111328125,298438
2021-09-07 00:00:00+02:00,181.57244318858847,182.23306761929842,176.617826665544,179.7266082763672,424729
2021-09-08 00:00:00+02:00,179.72663045931264,179.72663045931264,173.21761491555455,173.4119110107422,466063
2021-09-09 00:00:00+02:00,172.828984005811,175.5297393798828,171.56605214978475,175.5297393798828,325655
2021-09-10 00:00:00+02:00,175.549179497364,178.6191078839752,174.07250264418488,176.2486572265625,307768
2021-09-13 00:00:00+02:00,177.06472382600396,183.3211557808706,176.3263927521646,182.58282470703125,489358
2021-09-14 00:00:00+02:00,183.61257960184892,184.35091056419483,178.98826811882893,183.3988494873047,427519
2021-09-15 00:00:00+02:00,182.05820605474486,186.13849801165128,181.31987499267214,185.41958618164062,350844
2021-09-16 00:00:00+02:00,185.55558714827018,190.89881086196382,185.55558714827018,190.76280212402344,597918
2021-09-17 00:00:00+02:00,191.3845646002354,193.73558133067684,186.79910582593666,189.4415740966797,1079275
2021-09-20 00:00:00+02:00,186.64364131766024,186.77965004413502,178.75510553444278,179.1631317138672,384305
2021-09-21 00:00:00+02:00,178.94943026783332,182.64111535140668,177.7836388792948,179.53233337402344,367099
2021-09-22 00:00:00+02:00,180.89241865875715,187.18770393944803,180.50382647524648,184.68125915527344,443804
2021-09-23 00:00:00+02:00,185.55557535596463,190.89879873008925,184.99210638492346,187.49856567382812,256997
2021-09-24 00:00:00+02:00,187.24600672879615,187.3042940741317,178.77456665039062,178.77456665039062,363197
2021-09-27 00:00:00+02:00,180.1152140857375,180.83412590997565,172.14895597108153,176.0155029296875,295818
2021-09-28 00:00:00+02:00,175.16057888566596,179.72660313569682,173.8976322231877,178.5802459716797,230900
2021-09-29 00:00:00+02:00,178.75512420952265,181.57245447676678,177.7836289692535,178.85227966308594,137603
2021-09-30 00:00:00+02:00,180.7952593562996,186.33277893066406,179.22142708075597,186.33277893066406,364149
2021-10-01 00:00:00+02:00,185.06983367726124,189.83015417826888,181.2032869721071,184.13719177246094,433807
2021-10-04 00:00:00+02:00,182.75767985580242,182.75767985580242,177.29788134911894,178.85227966308594,423246
2021-10-05 00:00:00+02:00,178.7551395376933,188.4700927734375,177.29789655233168,188.4700927734375,516587
2021-10-06 00:00:00+02:00,187.2071222592965,188.25633885518897,182.6410977795752,187.63458251953125,375756
2021-10-07 00:00:00+02:00,184.5840938488608,191.67601199834834,184.2732082595665,188.56723022460938,494755
2021-10-08 00:00:00+02:00,188.3534960956637,191.0931048800082,187.16827075332216,189.30555725097656,253153
2021-10-11 00:00:00+02:00,189.20841921296412,192.2589138607456,187.30429672710508,189.63587951660156,272269
2021-10-12 00:00:00+02:00,189.59701637615274,198.9622299847244,189.59701637615274,198.08787536621094,618027
2021-10-13 00:00:00+02:00,197.26211411771894,203.43110008094314,195.0762497981221,202.89678955078125,402533
2021-10-14 00:00:00+02:00,202.84821847990506,205.9570004272461,193.61901327208034,194.29905700683594,577646
2021-10-15 00:00:00+02:00,195.07624221012802,195.270538288433,182.66053454366624,182.75767517089844,963877
2021-10-18 00:00:00+02:00,183.4182997591149,186.0413338777405,180.79526564048928,183.67088317871094,334339
2021-10-19 00:00:00+02:00,183.70977043436912,191.88975922732556,183.70977043436912,191.85089111328125,303807
2021-10-20 00:00:00+02:00,191.3845442500928,191.94801321507057,187.9843112304211,188.0814666748047,209050
2021-10-21 00:00:00+02:00,178.1916384296839,179.2020016858748,170.7499820315009,175.8406219482422,1260413
2021-10-22 00:00:00+02:00,175.84062713060408,179.70717378644713,175.84062713060408,179.02713012695312,289500
2021-10-25 00:00:00+02:00,180.21236790897285,182.33022042717639,179.43516874837078,181.86390686035156,222791
2021-10-26 00:00:00+02:00,181.92219341803178,183.1268528529576,176.8121337890625,176.8121337890625,215290
2021-10-27 00:00:00+02:00,176.637272043141,177.91963805438158,171.1774587020466,172.94558715820312,348705
2021-10-28 00:00:00+02:00,173.8782134847474,175.3743244520864,167.89381408691406,167.89381408691406,370009
2021-10-29 00:00:00+02:00,169.13732938461482,172.14895577296804,167.66065245018444,168.92359924316406,383668
2021-11-02 00:00:00+01:00,171.17745536370023,171.17745536370023,165.79537834964236,168.47669982910156,323189
2021-11-03 00:00:00+01:00,168.8652956726701,172.26552872956975,168.06866252675343,168.6515655517578,406803
2021-11-04 00:00:00+01:00,169.0596166566474,176.42355282693046,168.28241745004027,175.93780517578125,281405
2021-11-05 00:00:00+01:00,176.8121259327043,177.97791720485517,172.3626761496029,173.7227783203125,206708
2021-11-08 00:00:00+01:00,173.72278201915117,176.69555501477512,173.13987895874465,173.89764404296875,85696
2021-11-09 00:00:00+01:00,173.3147385201737,177.64761365390623,173.1593105536021,176.5206756591797,194948
2021-11-10 00:00:00+01:00,177.0647205923911,177.29788479116507,173.27589501132186,175.5880584716797,148479
2021-11-12 00:00:00+01:00,177.29789123208363,181.94163755351525,176.88986498728724,179.53233337402344,305790
2021-11-15 00:00:00+01:00,179.4546157092242,184.44810103360405,178.0945281982422,178.0945281982422,257870
2021-11-16 00:00:00+01:00,178.75512561902323,182.0193502450199,177.18130806100663,177.78363037109375,247348
2021-11-17 00:00:00+01:00,179.24085223142615,179.24085223142615,174.11135910957216,174.8108367919922,198916
2021-11-18 00:00:00+01:00,174.79142274448913,176.69555994764707,172.92615365249173,176.1709442138672,181267
2021-11-19 00:00:00+01:00,174.86915225074404,184.19551296698708,173.4119093153212,183.61260986328125,463903
2021-11-22 00:00:00+01:00,183.6125816282073,191.87029032577217,181.2809992196071,188.93637084960938,604454
2021-11-23 00:00:00+01:00,188.47007182107043,195.27053833007812,184.9726831154731,195.27053833007812,959888
2021-11-24 00:00:00+01:00,194.1824588271791,195.2705286711708,181.183848742156,181.2227020263672,556521
2021-11-25 00:00:00+01:00,183.61261419316952,185.53617076261264,179.90149498133428,181.74734497070312,194865
2021-11-26 00:00:00+01:00,179.72661460265752,181.47530895274878,175.9377891973269,180.23179626464844,553810
2021-11-29 00:00:00+01:00,181.66959814619102,193.13324420253684,181.61131080737027,186.06076049804688,538882
2021-11-30 00:00:00+01:00,174.8691393486661,181.18385826959016,170.30311478599683,177.5504608154297,1307219
2021-12-01 00:00:00+01:00,178.3082187912641,180.30951131382656,173.02329746478463,179.7266082763672,450969
2021-12-02 00:00:00+01:00,177.29787868923611,178.4636699953013,172.44040256076389,174.869140625,361135
2021-12-03 00:00:00+01:00,176.40411130880938,178.34710183122317,174.791425617484,176.28753662109375,621878
2021-12-06 00:00:00+01:00,176.90927679659345,180.05691166743182,175.93778162434162,178.75511169433594,278651
2021-12-07 00:00:00+01:00,179.62947558326223,184.27322194538723,178.17223262885878,180.29010009765625,364939
2021-12-08 00:00:00+01:00,180.11519593023357,182.6993766020165,178.3082143477483,180.89239501953125,249958
2021-12-09 00:00:00+01:00,178.75512980855362,181.436451419099,173.48962722022785,175.00515747070312,319071
2021-12-10 00:00:00+01:00,174.6554193653594,176.1320963341345,172.9844463063395,173.4507598876953,147386
2021-12-13 00:00:00+01:00,173.56733138122428,178.34708585945313,173.56733138122428,177.41444396972656,266656
2021-12-14 00:00:00+01:00,177.4144683150157,179.0077200263889,167.990966796875,167.990966796875,447537
2021-12-15 00:00:00+01:00,168.2629688131212,176.38466942953414,168.01038539299336,173.89764404296875,370788
2021-12-16 00:00:00+01:00,178.26938372526948,181.9027814058988,175.84064552737752,178.71627807617188,464350
2021-12-17 00:00:00+01:00,177.51159538288394,183.6708710896591,176.90927313219274,183.57373046875,752662
2021-12-20 00:00:00+01:00,178.98828377534537,187.5374298095703,178.81340692822172,187.5374298095703,408734
2021-12-21 00:00:00+01:00,185.55558035427725,187.49857072447912,181.6890336682508,185.9053192138672,220562
2021-12-22 00:00:00+01:00,185.94417582405538,192.2006072998047,185.55558367260178,192.2006072998047,334359
2021-12-23 00:00:00+01:00,192.20062336535946,192.2200574217087,185.76932933103285,189.03355407714844,224342
2021-12-27 00:00:00+01:00,185.73044110914418,191.63713357325182,182.8353896279056,189.7135772705078,301036
2021-12-28 00:00:00+01:00,188.47007274877993,189.63586404843724,184.19549970875624,185.06983947753906,260010
2021-12-29 00:00:00+01:00,184.09834603614982,187.98432695511866,183.14628486167786,184.70066833496094,162686
2021-12-30 00:00:00+01:00,183.80688378811888,187.4014129638672,183.80688378811888,187.4014129638672,162817
2022-01-03 00:00:00+01:00,187.3820133022427,196.1448900056773,186.87683160879192,194.8819580078125,650787
2022-01-04 00:00:00+01:00,195.17338388422672,196.0477384770497,192.06460214315092,192.80294799804688,513845
2022-01-05 00:00:00+01:00,192.35604185216567,198.1850128173828,191.5788427587021,198.1850128173828,348892
2022-01-07 00:00:00+01:00,194.68764000510325,195.80486842448184,190.2964921971082,192.97781372070312,530654
2022-01-10 00:00:00+01:00,192.93896631363296,193.96874892674856,182.73826599121094,182.73826599121094,403340
2022-01-11 00:00:00+01:00,184.09834275921247,187.5957314535675,182.83539601825981,183.1851348876953,343540
2022-01-12 00:00:00+01:00,183.90404067390682,191.05424579691464,180.698103612783,190.41305541992188,523991
2022-01-13 00:00:00+01:00,187.49857131665513,192.12288307575804,186.52707612848593,187.51800537109375,294449
2022-01-14 00:00:00+01:00,187.45974034529803,189.77188908814878,184.29265616762487,185.55560302734375,256701
2022-01-17 00:00:00+01:00,186.04135067924778,186.3522362919105,183.32116086381677,185.55560302734375,113825
2022-01-18 00:00:00+01:00,184.58411147913984,202.16818276537373,181.14502455617696,188.4700927734375,1468991
2022-01-19 00:00:00+01:00,186.52706801328281,186.89624091235441,181.66959228377024,182.3885040283203,541809
2022-01-20 00:00:00+01:00,183.90404749955172,186.87682049105703,182.13591908958472,184.58409118652344,394610
2022-01-21 00:00:00+01:00,183.61259042063065,185.55558079545216,178.9105572712843,180.69810485839844,377091
2022-01-24 00:00:00+01:00,179.72661393412045,182.1553519602572,170.9831570400281,172.9261474609375,492727
2022-01-25 00:00:00+01:00,172.92615230252133,175.7240633305957,167.48577304211912,167.89381408691406,515298
2022-01-26 00:00:00+01:00,168.55442990546462,172.14895945164858,167.1166210517593,168.1852569580078,316123
2022-01-27 00:00:00+01:00,167.05832223745978,170.71113887743158,163.7552296409521,170.40025329589844,269912
2022-01-28 00:00:00+01:00,170.01167634256137,171.8575114704582,161.3653741609621,161.48194885253906,474339
2022-01-31 00:00:00+01:00,164.37697604240574,174.9274139404297,161.753942108123,174.9274139404297,524308
2022-02-01 00:00:00+01:00,176.11265345205953,180.60095665430103,172.75128827013936,175.7823486328125,888178
2022-02-02 00:00:00+01:00,176.81212558121587,181.2810094100574,175.78234304579905,180.54266357421875,372931
2022-02-03 00:00:00+01:00,178.01678209637444,180.54266066973827,177.25901704198128,179.7266082763672,112530
2022-02-04 00:00:00+01:00,177.78362097539585,181.99990657086116,172.8095703125,172.8095703125,360363
2022-02-07 00:00:00+01:00,172.94559990629176,176.15153740646932,170.9831752218201,174.4416961669922,407030
2022-02-08 00:00:00+01:00,174.1502312071298,174.8691430205749,168.45726851361746,173.373046875,495046
2022-02-09 00:00:00+01:00,174.67484650816473,178.3665313720703,172.867864775107,178.3665313720703,363955
2022-02-10 00:00:00+01:00,178.5608217937174,178.75511787011246,173.08158942586974,176.30694580078125,197816
2022-02-11 00:00:00+01:00,175.60747463443568,175.60747463443568,171.76036177687294,172.94558715820312,242564
2022-02-14 00:00:00+01:00,168.72928811540817,175.6269103285642,167.9715230053685,173.70335388183594,466445
2022-02-15 00:00:00+01:00,174.86913390637739,182.01933908572508,174.3056649182627,175.70462036132812,622285
2022-02-16 00:00:00+01:00,182.15534798305754,182.641095577679,175.06343013681578,176.61782836914062,334219
2022-02-17 00:00:00+01:00,176.81213107638888,178.56082544740704,173.50905323856406,174.869140625,346062
2022-02-18 00:00:00+01:00,174.86912402418605,177.122999849274,169.81735229492188,169.81735229492188,274160
2022-02-21 00:00:00+01:00,171.5271950310493,172.1489513838242,163.5803711838998,164.1826934814453,322394
2022-02-22 00:00:00+01:00,161.2682077656621,166.22283935546875,154.66203725386686,166.22283935546875,403438
2022-02-23 00:00:00+01:00,170.73056437035322,174.77197296073035,164.18268167012226,164.57127380371094,418291
2022-02-24 00:00:00+01:00,155.4392313907633,159.32521217553239,145.918575503311,155.30322265625,763166
2022-02-25 00:00:00+01:00,159.6360995807385,162.7060131697216,155.65296330122843,159.71380615234375,427057
2022-02-28 00:00:00+01:00,156.81875985619268,165.15419079394817,154.50659644144832,163.59979248046875,653468
2022-03-01 00:00:00+01:00,165.15419400457438,167.05833123441138,162.16198682845408,163.50265502929688,597472
2022-03-02 00:00:00+01:00,162.2396983054802,170.0116599009523,161.24876905138223,167.60235595703125,581855
2022-03-03 00:00:00+01:00,166.6114230009676,167.09717058989168,158.3537139892578,158.3537139892578,434390
2022-03-04 00:00:00+01:00,158.35371212999942,161.15162295298032,155.01176638562555,156.6827392578125,312568
2022-03-07 00:00:00+01:00,153.49625050494151,158.8200403591209,150.58176473586033,158.23715209960938,578622
2022-03-08 00:00:00+01:00,157.38223178037777,160.18014286676924,151.55326023295638,153.4573974609375,437218
2022-03-09 00:00:00+01:00,155.82782043022496,159.81095658466754,155.59467107504898,157.4405059814453,351241
2022-03-10 00:00:00+01:00,158.08170500933488,159.69439064883449,153.49624633789062,153.49624633789062,298591
2022-03-11 00:00:00+01:00,155.76955444223816,160.5687436452853,154.00144068649777,158.85891723632812,343457
2022-03-14 00:00:00+01:00,158.97547900711416,161.94825204214519,155.94441863003794,158.06227111816406,300110
2022-03-15 00:00:00+01:00,158.35371275722355,164.57127591754175,157.12963417924087,162.16197204589844,356643
2022-03-16 00:00:00+01:00,164.1826862295748,167.4469106434241,161.32648801447667,165.4456329345703,518055
2022-03-17 00:00:00+01:00,166.6114217945606,168.94300427497768,163.9883877981314,168.06866455078125,388040
2022-03-18 00:00:00+01:00,168.82642779811505,169.40933082392445,163.40548302391048,165.270751953125,509006
2022-03-21 00:00:00+01:00,163.75523290316966,167.87437799749992,163.40549402889783,166.4365692138672,183151
2022-03-22 00:00:00+01:00,181.61131509728415,181.80561117255615,166.78628885496767,169.21502685546875,1108734
2022-03-23 00:00:00+01:00,169.8950914806157,176.22922974114854,169.33162246532152,172.88729858398438,491886
2022-03-24 00:00:00+01:00,172.92615441308763,172.94558846875339,169.04017341504073,170.96372985839844,237858
2022-03-25 00:00:00+01:00,171.08030781072273,173.83935057521902,169.04016199503968,170.43911743164062,219224
2022-03-28 00:00:00+02:00,170.12825233756485,173.7616500992488,168.82645219217588,171.37176513671875,207048
2022-03-29 00:00:00+02:00,172.18780783222866,174.49995623734623,169.52590575203277,173.21759033203125,274921
2022-03-30 00:00:00+02:00,173.21760612332588,177.58933475043472,172.73185849809155,176.44296264648438,284349
2022-03-31 00:00:00+02:00,175.35488465228818,176.83156151582486,168.78758239746094,168.78758239746094,448331
2022-04-01 00:00:00+02:00,169.04017369461428,171.66320790786594,168.16583389814411,170.75,227596
2022-04-04 00:00:00+02:00,170.01167413072574,170.8860139538614,167.19434374609605,169.15675354003906,189763
2022-04-05 00:00:00+02:00,170.01166565994433,174.79142042420872,169.50648398845078,171.2746124267578,335436
2022-04-06 00:00:00+02:00,173.0038618846144,173.0038618846144,168.67098689811056,170.1088104248047,187272
2022-04-07 00:00:00+02:00,171.56605452755144,172.28495147269777,168.74870961436724,169.0401611328125,237134
2022-04-08 00:00:00+02:00,170.9831603265781,170.9831603265781,165.6399365663725,166.0091094970703,200791
2022-04-11 00:00:00+02:00,165.25135360406003,170.88601438762186,164.0855474051312,170.76943969726562,237853
2022-04-12 00:00:00+02:00,169.77849098752299,169.91449971870176,163.89123261475007,163.98838806152344,253047
2022-04-13 00:00:00+02:00,165.15418759794977,166.43656840533032,163.38605917998703,165.03761291503906,124379
2022-04-14 00:00:00+02:00,163.03633350624096,165.40676937022937,158.31486618548806,162.2397003173828,467344
2022-04-19 00:00:00+02:00,162.23969441296208,163.17233630453217,145.5299803483711,145.6271209716797,1670727
2022-04-20 00:00:00+02:00,145.72426955654035,148.05585193990927,133.5222930908203,133.5222930908203,1229628
2022-04-21 00:00:00+02:00,134.06633220058808,135.75673911709083,124.15708452444298,124.97313690185547,1404510
2022-04-22 00:00:00+02:00,125.32287855145779,128.3345195469591,122.03922750266429,123.96278381347656,1070373
2022-04-25 00:00:00+02:00,123.37990228865492,127.55733501595253,122.11695544219167,126.99386596679688,922892
2022-04-26 00:00:00+02:00,128.179076982774,129.40315557835626,123.16615827428272,124.3125228881836,569591
2022-04-27 00:00:00+02:00,124.35139082827622,127.18815515268535,121.4369051057385,125.43946075439453,643449
2022-04-28 00:00:00+02:00,126.29438130449915,126.97442500829365,118.85272420221992,119.96023559570312,641557
2022-04-29 00:00:00+02:00,120.62084138478573,123.28273602051583,116.32682718861761,117.53148651123047,642613
2022-05-02 00:00:00+02:00,116.4045602747963,117.76465510386528,112.20770110150264,116.01596069335938,389237
2022-05-04 00:00:00+02:00,116.579434732903,120.15453769452219,111.93568843528303,119.55220794677734,748431
2022-05-05 00:00:00+02:00,121.145447964172,121.84492569112844,115.51078027509432,116.07424926757812,417241
2022-05-06 00:00:00+02:00,113.66493809751252,115.08332019630748,111.1001913692915,114.38384246826172,497092
2022-05-09 00:00:00+02:00,114.3838427218475,114.63643354907293,110.88646148578523,111.78023529052734,297618
2022-05-10 00:00:00+02:00,114.01468574585066,114.83073821683043,110.05098325615278,113.17919921875,300498
2022-05-11 00:00:00+02:00,114.11182396996958,117.99780472458903,112.47971175655262,117.6286392211914,408027
2022-05-12 00:00:00+02:00,113.78151631998085,116.11309878494677,110.38128324466567,113.29576873779297,388453
2022-05-13 00:00:00+02:00,114.0340990232938,118.2503918648961,112.94602918952793,117.24003601074219,328131
2022-05-16 00:00:00+02:00,117.0651782231957,117.93952543504767,113.5483627319336,113.5483627319336,233204
2022-05-17 00:00:00+02:00,115.10275109949079,121.82549590267476,114.05353453614903,120.60140991210938,548383
2022-05-18 00:00:00+02:00,121.24260527376498,121.39804065329594,115.43306065188064,115.705078125,429685
2022-05-19 00:00:00+02:00,113.85924091704534,114.67530078541404,111.46936347926369,113.5483627319336,676736
2022-05-20 00:00:00+02:00,113.66494143685554,118.21153939080658,113.31520256255774,114.98617553710938,389424
2022-05-23 00:00:00+02:00,116.5794197250919,118.38640132378441,112.2271181274437,113.29576873779297,277643
2022-05-24 00:00:00+02:00,112.34370518680075,113.47064318506652,107.66109858377551,107.83596801757812,565229
2022-05-25 00:00:00+02:00,107.83597162034776,108.20513714318912,102.86191332416287,104.9214859008789,480379
2022-05-26 00:00:00+02:00,105.40722447503083,108.41885797764775,103.58081624919241,107.466796875,378584
2022-05-27 00:00:00+02:00,108.86575289612347,111.46936040407694,104.14428549429799,109.07948303222656,596168
2022-05-30 00:00:00+02:00,110.75045342956129,114.6170076087856,109.79838486690439,109.87610626220703,341852
2022-05-31 00:00:00+02:00,109.87610132528367,109.93439607510149,105.38779842106602,105.56266784667969,1183493
2022-06-01 00:00:00+02:00,106.18443287452928,107.46680629699925,105.11578217920389,105.27122497558594,288755
2022-06-02 00:00:00+02:00,105.9512595302953,105.9512595302953,103.42537360257946,104.86318969726562,246179
2022-06-03 00:00:00+02:00,105.79582927244712,106.57302098904202,101.03550128711258,101.22979736328125,260094
2022-06-06 00:00:00+02:00,101.61840218709054,105.64039194969736,100.62748028826996,103.85284423828125,275871
2022-06-07 00:00:00+02:00,103.42538222651204,103.83340844792068,100.56918385281067,102.18186950683594,390569
2022-06-08 00:00:00+02:00,101.3075213220249,102.84248556312718,100.08343525781113,100.43317413330078,345853
2022-06-09 00:00:00+02:00,100.54974653680698,100.54974653680698,90.49477336551021,91.27196502685547,1104148
2022-06-10 00:00:00+02:00,90.59192459162611,93.16638827420108,87.10426048946631,90.96109008789062,948624
2022-06-13 00:00:00+02:00,88.98895488495097,90.13531946650916,85.78302531450238,85.90931701660156,594369
2022-06-14 00:00:00+02:00,85.97732492230163,89.7661576724481,83.89832579397022,88.79466247558594,603543
2022-06-15 00:00:00+02:00,88.8918167449467,89.28041633331966,87.34714283136299,89.19297790527344,413808
2022-06-17 00:00:00+02:00,87.78431047868717,90.69879619866505,87.4345715993362,87.949462890625,849086
2022-06-20 00:00:00+02:00,88.0174618140423,90.85422596040848,88.0174618140423,89.8633041381836,215985
2022-06-21 00:00:00+02:00,90.53364691936116,91.0291041723184,88.17291310801644,88.7655258178711,284657
2022-06-22 00:00:00+02:00,87.61915191617301,89.09582131605944,85.85103099997951,88.35748291015625,246972
2022-06-23 00:00:00+02:00,87.43457207148458,89.0861110236222,86.511654553276,88.0854721069336,206790
2022-06-24 00:00:00+02:00,88.89180988044131,91.96173823840552,88.1049011483961,91.71886444091797,226062
2022-06-27 00:00:00+02:00,92.00059626157685,92.77779541833105,90.42677871643427,92.27262115478516,324293
2022-06-28 00:00:00+02:00,92.68063645792482,95.06079655070494,92.29203692532899,94.62362670898438,291396
2022-06-29 00:00:00+02:00,93.74929735486134,95.54656219482422,91.52457220695794,95.54656219482422,312577
2022-06-30 00:00:00+02:00,94.23503295479001,98.21816173131981,92.69035916820117,92.9526596069336,573893
2022-07-01 00:00:00+02:00,92.68064580329435,95.47854937865314,90.89309073787486,95.16767120361328,309696
2022-07-04 00:00:00+02:00,96.09029750055856,96.09029750055856,92.37035562288511,93.53836059570312,259136
2022-07-05 00:00:00+02:00,94.99100266665727,94.99100266665727,87.23703412484436,90.13250732421875,372657
2022-07-06 00:00:00+02:00,89.90675297110141,97.24848687107341,89.75952425541216,95.64861297607422,490559
2022-07-07 00:00:00+02:00,96.08047412527148,101.9990066137998,95.69768398838697,101.8615951538086,449301
2022-07-08 00:00:00+02:00,101.88123321533203,102.96089793386349,98.64223157137445,101.88123321533203,313801
2022-07-11 00:00:00+02:00,102.07753333862888,104.06018982590321,100.72304568821554,102.56829071044922,433046
2022-07-12 00:00:00+02:00,102.56829228165044,102.56829228165044,99.03484064808923,100.1341323852539,420778
2022-07-13 00:00:00+02:00,100.13413198299456,100.62488936036114,94.4315336542713,95.84491729736328,218603
2022-07-14 00:00:00+02:00,95.84492667899563,97.0914472446406,92.0759057579467,93.0672378540039,278104
2022-07-15 00:00:00+02:00,93.24390051079827,95.76639309876639,91.2808710263604,91.59495544433594,336672
2022-07-18 00:00:00+02:00,93.2439021771874,93.79354804637664,89.57303907242722,92.07589721679688,347752
2022-07-19 00:00:00+02:00,92.066088391804,92.26238835039564,89.0430211039668,92.25257110595703,283409
2022-07-20 00:00:00+02:00,93.84262306357842,94.01929601287354,90.10305437325506,92.65499114990234,350660
2022-07-21 00:00:00+02:00,93.24390345036574,93.53836087765964,89.98527470300328,90.83919525146484,419948
2022-07-22 00:00:00+02:00,91.28087718750676,96.97366607196557,90.98641974962092,96.68902587890625,392698
2022-07-25 00:00:00+02:00,95.20693213064945,95.20693213064945,88.43447875976562,88.43447875976562,534747
2022-07-26 00:00:00+02:00,88.07132488855267,88.92523795832582,85.19548627107027,87.9731674194336,471224
2022-07-27 00:00:00+02:00,89.51413919446767,89.51413919446767,84.90102301994314,87.2959213256836,365852
2022-07-28 00:00:00+02:00,90.0834267810671,90.19139400769899,86.44200778641675,86.86405944824219,241716
2022-07-29 00:00:00+02:00,88.23818072468168,89.13135528564453,87.1585159581752,89.13135528564453,324899
2022-08-01 00:00:00+02:00,87.64927289261915,89.46507373884295,85.78439331202574,88.69949340820312,227477
2022-08-02 00:00:00+02:00,88.33632540840634,88.48355411509297,84.8028738897427,84.9010238647461,300054
2022-08-03 00:00:00+02:00,84.97955041541682,87.54130455910968,84.95010617051331,86.07884216308594,252404
2022-08-04 00:00:00+02:00,86.86406033095302,91.82071309659582,86.07884549080796,90.77049255371094,439234
2022-08-05 00:00:00+02:00,90.79011286167989,93.13593247600991,90.31898249465301,90.94715881347656,426476
2022-08-08 00:00:00+02:00,91.77162758702627,91.77162758702627,88.44429323935715,90.00489807128906,331814
2022-08-09 00:00:00+02:00,90.26991698858828,91.41828750273065,86.82479795779754,86.86405944824219,235344
2022-08-10 00:00:00+02:00,87.84556774471118,91.03549059577611,85.98068827256984,90.29935455322266,281536
2022-08-11 00:00:00+02:00,90.29935953304053,94.12726866309211,89.76934065456906,93.8426284790039,340818
2022-08-12 00:00:00+02:00,94.61803495143157,94.61803495143157,91.46737311780949,92.26239776611328,285226
2022-08-16 00:00:00+02:00,93.70521659188991,94.9026658132854,90.11286892770347,90.83919525146484,295824
2022-08-17 00:00:00+02:00,90.83918576234613,92.15441182657906,90.00489230161871,91.77162170410156,286366
2022-08-18 00:00:00+02:00,91.771628857535,92.75314360467442,89.1215420356039,90.39750671386719,186722
2022-08-19 00:00:00+02:00,89.2884009796113,89.71045263570332,87.2861099243164,87.2861099243164,468736
2022-08-22 00:00:00+02:00,86.76590269532623,87.2861042984863,84.11580845984614,84.46915435791016,496123
2022-08-23 00:00:00+02:00,84.46916081718103,84.86176823264812,82.34909275504054,82.4472427368164,370051
2022-08-24 00:00:00+02:00,82.4472445226788,83.37968060229217,81.05349528152654,82.45706176757812,360298
2022-08-25 00:00:00+02:00,83.23245315837708,84.15507192422938,80.63143759310971,81.30867767333984,209135
2022-08-26 00:00:00+02:00,81.36757796055463,84.27286085362928,80.48421314784459,82.4472427368164,452520
2022-08-29 00:00:00+02:00,80.79829259452514,81.39701718126882,79.35546473756455,81.00440979003906,203984
2022-08-30 00:00:00+02:00,81.32831772665388,82.12334232619385,79.99345698646101,80.39588165283203,367147
2022-08-31 00:00:00+02:00,80.49402856127121,84.41027040543266,80.48421131680787,82.56502532958984,570406
2022-09-01 00:00:00+02:00,82.4472330479534,82.4472330479534,79.79714640961429,79.99344635009766,369252
2022-09-02 00:00:00+02:00,80.40568417840262,80.97496451401129,78.63896217293293,80.48420715332031,374489
2022-09-05 00:00:00+02:00,80.533287586884,81.82888674695741,79.50269411230514,80.15049743652344,361222
2022-09-06 00:00:00+02:00,80.68051064536542,80.86700084689394,76.97038603374824,77.11761474609375,415886
2022-09-07 00:00:00+02:00,79.50269139652302,82.64353546869481,75.39014237121685,76.45018005371094,704962
2022-09-08 00:00:00+02:00,79.5027038774718,82.87911740138416,77.56911839984441,80.5921859741211,959964
2022-09-09 00:00:00+02:00,83.1342927394411,86.17699432373047,81.46572073184487,86.17699432373047,610037
2022-09-12 00:00:00+02:00,86.37329913806951,86.57941633968176,81.09275240930289,83.07540893554688,635211
2022-09-13 00:00:00+02:00,83.82136084391078,87.82594280660568,83.43857069186704,84.56731414794922,855973
2022-09-14 00:00:00+02:00,84.31212550283148,88.97432095131232,83.43857790207997,88.76820373535156,652750
2022-09-15 00:00:00+02:00,88.9252333620555,90.88826282915767,86.86405391927086,90.00489807128906,1035128
2022-09-16 00:00:00+02:00,88.19892150509776,89.25895929805968,84.9108483863094,87.12906646728516,2820700
2022-09-19 00:00:00+02:00,93.34205066606853,95.6584260612094,86.2751475039066,87.2664794921875,1637824
2022-09-20 00:00:00+02:00,88.14002467618907,88.97431068885852,86.19662223957135,87.63945007324219,544301
2022-09-21 00:00:00+02:00,86.78554197505622,88.56208896069501,85.11696971126537,86.29478454589844,403643
2022-09-22 00:00:00+02:00,85.09732807012041,89.80860198950542,84.45934945651415,86.85424041748047,940573
2022-09-23 00:00:00+02:00,88.33632823681224,91.89922411321953,86.86405609953202,88.81726837158203,1556309
2022-09-26 00:00:00+02:00,93.21445868525426,102.07753583931847,89.42581108291817,100.78193664550781,1475812
2022-09-27 00:00:00+02:00,100.42859515866611,105.00245777218953,98.17110809809523,102.13642883300781,1638940
2022-09-28 00:00:00+02:00,101.0960175441444,104.53131911117843,98.83853066189107,103.80500030517578,837862
2022-09-29 00:00:00+02:00,105.02207225087479,106.4943442917749,96.01176706103158,96.79698181152344,906182
2022-09-30 00:00:00+02:00,96.79699065339751,100.07524643617162,95.20693400817183,98.3477783203125,701004
2022-10-03 00:00:00+02:00,98.1514760061545,103.96204158851165,94.81432432427258,103.39276123046875,1016949
2022-10-04 00:00:00+02:00,105.0220799179066,107.47586683187637,103.7657422160922,106.39620208740234,926616
2022-10-05 00:00:00+02:00,116.1524504017422,121.04039708770581,107.49549071947766,108.22181701660156,2663295
2022-10-06 00:00:00+02:00,110.89154069173786,110.91116769202473,106.59250125767146,109.47815704345703,827347
2022-10-07 00:00:00+02:00,108.94813935205158,114.07164764404297,107.00473681467562,114.07164764404297,786409
2022-10-10 00:00:00+02:00,112.77603879894522,113.99311491154722,110.9111593998591,112.56010437011719,736061
2022-10-11 00:00:00+02:00,112.38344009643353,118.56698608398438,110.30262610800753,118.56698608398438,976532
2022-10-12 00:00:00+02:00,118.56699103141841,118.56699103141841,111.89268738503573,112.67790222167969,677536
2022-10-13 00:00:00+02:00,111.8926816634722,114.73907594030337,109.22296034143369,109.98854064941406,651177
2022-10-14 00:00:00+02:00,112.87420365345784,115.05316773951496,110.93080102610955,111.6571273803711,498209
2022-10-17 00:00:00+02:00,112.38344722125692,115.79912209980489,111.26452092222792,115.77948760986328,381471
2022-10-18 00:00:00+02:00,116.99655356853962,123.55307230638581,116.15245029627475,118.97921752929688,950593
2022-10-19 00:00:00+02:00,120.392607048155,121.06002991271377,116.52543640136719,116.52543640136719,637334
2022-10-20 00:00:00+02:00,117.78177852660299,118.25290893558949,114.77834557045104,116.72174072265625,680867
2022-10-21 00:00:00+02:00,115.79911942500918,120.03926306243139,115.03353159061096,116.40765380859375,487838
2022-10-24 00:00:00+02:00,117.78176804219396,122.55193024697186,117.29101067535149,118.7632827758789,638906
2022-10-25 00:00:00+02:00,118.27253518014655,118.84181556992219,115.36725222702212,116.07394409179688,649381
2022-10-26 00:00:00+02:00,116.07393769246531,121.11892296319178,115.13168442083473,120.19629669189453,624191
2022-10-27 00:00:00+02:00,120.19629638784117,120.19629638784117,116.30949884406095,117.87992095947266,412610
2022-10-28 00:00:00+02:00,117.29100848782447,122.39488201245155,116.34875525966392,121.70782470703125,603435
2022-10-31 00:00:00+01:00,121.70783212282473,126.22280607936221,120.43185991974005,124.75052642822266,443323
2022-11-02 00:00:00+01:00,125.14312535663024,133.9767577347453,123.84752624070786,133.70193481445312,918443
2022-11-03 00:00:00+01:00,130.54144612712196,132.9755982223252,127.89135961462307,131.75852966308594,505825
2022-11-04 00:00:00+01:00,132.50449881047658,137.41207284049423,131.44446102278548,136.6072235107422,361603
2022-11-07 00:00:00+01:00,137.3924354504362,139.78733392280316,130.5611009318334,133.76083374023438,434480
2022-11-08 00:00:00+01:00,133.48600644147842,134.60493266110998,129.50105893957524,133.5645294189453,431525
2022-11-09 00:00:00+01:00,133.19156047973598,134.526421258069,131.07148483590217,133.80010986328125,194133
2022-11-10 00:00:00+01:00,133.38786431263887,140.35662585265797,132.42598393734235,138.19729614257812,393953
2022-11-14 00:00:00+01:00,138.3935732990056,146.22605644542355,138.3935732990056,142.86927795410156,715801
2022-11-15 00:00:00+01:00,146.2456943317995,146.8346091587254,140.90625182032207,144.77342224121094,429611
2022-11-16 00:00:00+01:00,142.81039928883402,147.44315020960653,142.31964190296176,142.49630737304688,507270
2022-11-17 00:00:00+01:00,144.341560058456,146.12792413336956,140.55291243725128,144.12562561035156,287222
2022-11-18 00:00:00+01:00,144.61639757703927,150.6625327800882,142.22149889422582,142.3196563720703,422211
2022-11-21 00:00:00+01:00,142.02517598977002,143.20299065014106,132.54374026684016,136.7053680419922,489773
2022-11-22 00:00:00+01:00,137.41207004042906,141.18108322426633,134.6049371533912,135.39015197753906,377089
2022-11-23 00:00:00+01:00,136.23424856055345,139.3554582369796,134.64418450162714,136.03794860839844,236652
2022-11-24 00:00:00+01:00,137.41207579100058,140.72960069907901,137.41207579100058,138.76657104492188,250569
2022-11-25 00:00:00+01:00,138.39357833862306,141.92703739327845,137.4120635986328,137.4120635986328,376523
2022-11-28 00:00:00+01:00,137.41207993305167,138.35434078521016,134.80124681990895,135.95944213867188,363614
2022-11-29 00:00:00+01:00,139.39473483255975,139.98363472121324,126.105016173426,129.049560546875,1280178
2022-11-30 00:00:00+01:00,129.04956478473773,131.83707826545466,126.34058926382627,128.55880737304688,755586
2022-12-01 00:00:00+01:00,130.54146030733162,132.01373241606092,121.1189203091367,121.29559326171875,990990
2022-12-02 00:00:00+01:00,121.70783241961766,127.10616369629425,118.99884953676181,124.96646118164062,601966
2022-12-05 00:00:00+01:00,126.30131437271108,130.38441944129409,125.14313412415568,125.43759155273438,461701
2022-12-06 00:00:00+01:00,125.63390457328425,129.06920665146,123.35679035242805,128.34288024902344,389618
2022-12-07 00:00:00+01:00,128.3428670558263,128.3428670558263,125.71241463805416,126.12464904785156,289342
2022-12-08 00:00:00+01:00,126.61540457234042,127.4006193789871,122.78749549457373,124.1419906616211,267767
2022-12-09 00:00:00+01:00,125.14311908544829,129.7562349897237,124.16160442595458,128.95140075683594,265106
2022-12-12 00:00:00+01:00,129.55994955933613,134.17306598011862,127.5969200205583,132.0333709716797,250399
2022-12-13 00:00:00+01:00,132.97561103292125,137.21576184278663,131.3266734802355,134.48715209960938,309985
2022-12-14 00:00:00+01:00,134.56568824793027,140.35661971396942,133.85899637710634,139.96401977539062,407503
2022-12-15 00:00:00+01:00,138.39358409590085,138.39358409590085,127.49876403808594,127.49876403808594,914582
2022-12-16 00:00:00+01:00,126.90985481920417,132.21002825503228,124.31865658753084,130.1881103515625,886980
2022-12-19 00:00:00+01:00,130.54146167435394,131.11074202623124,125.83018788173872,126.36021423339844,286411
2022-12-20 00:00:00+01:00,124.8486810294653,127.12580258101116,124.31866962100685,125.63389587402344,199558
2022-12-21 00:00:00+01:00,125.63388150032007,128.32323716780758,125.45720855492573,127.695068359375,214304
2022-12-22 00:00:00+01:00,127.59692077392914,128.2250896309779,124.47570348930927,124.75052642822266,191799
2022-12-23 00:00:00+01:00,124.84867176174437,128.08767339465564,123.49418411820933,126.90985870361328,188307
2022-12-27 00:00:00+01:00,127.596925709552,127.596925709552,124.49533530558215,124.69164276123047,145358
2022-12-28 00:00:00+01:00,124.65237253954608,126.57614802834122,123.19972742294556,123.35677337646484,241389
2022-12-29 00:00:00+01:00,123.67086391909787,126.90986573137207,123.67086391909787,126.47799682617188,156595
2022-12-30 00:00:00+01:00,125.63389240246715,127.96990238187819,125.63389240246715,127.24357604980469,156063
2023-01-02 00:00:00+01:00,126.61540052375848,129.30475628309387,126.2816891090404,126.94911193847656,154161
2023-01-03 00:00:00+01:00,127.59691696758418,129.63846943627271,125.8301874296108,126.61540222167969,442436
2023-01-04 00:00:00+01:00,128.18583689458558,128.18583689458558,124.35792024756016,125.14313507080078,448472
2023-01-05 00:00:00+01:00,124.84868377725473,131.64076462522345,124.75053379161572,130.10960388183594,553374
2023-01-09 00:00:00+01:00,130.14886550065023,133.48600975380458,128.87289329442288,131.26779174804688,506013
2023-01-10 00:00:00+01:00,129.81513319100318,136.0772019799048,129.06918738556737,135.6060791015625,340647
2023-01-11 00:00:00+01:00,135.78275246040607,136.80353622902004,131.81743929838436,133.2504425048828,460254
2023-01-12 00:00:00+01:00,133.19155225617214,133.28970972457225,126.28169481519743,127.53803253173828,845556
2023-01-13 00:00:00+01:00,127.79321618537068,131.71927514637576,127.67543920909297,129.69735717773438,289523
2023-01-16 00:00:00+01:00,130.541468262147,130.93406819104146,126.4387435913086,126.4387435913086,280499
2023-01-17 00:00:00+01:00,126.61541092958575,128.73548652096085,124.8486812701065,127.00801086425781,246420
2023-01-18 00:00:00+01:00,126.83133670626107,132.30819078744383,126.83133670626107,130.8162841796875,327117
2023-01-19 00:00:00+01:00,128.7550982914373,132.01373446482532,127.71469504806512,130.0507049560547,299002
2023-01-20 00:00:00+01:00,130.44330845031558,132.11189555998698,129.1673512159462,130.07034301757812,191743
2023-01-23 00:00:00+01:00,130.0899683945959,133.466381790919,130.0899683945959,133.19155883789062,258887
2023-01-24 00:00:00+01:00,133.19155312428705,134.76198276856232,130.4433087351688,131.4444580078125,225860
2023-01-25 00:00:00+01:00,130.54145901723982,130.91443940698431,128.57842955833397,129.0888214111328,131581
2023-01-26 00:00:00+01:00,130.8948042302664,133.09340260429545,130.08995496752078,132.1707763671875,142428
2023-01-27 00:00:00+01:00,132.50450755361373,133.89825687289618,130.93407776969437,131.42483520507812,123915
2023-01-30 00:00:00+01:00,131.03221109614978,131.52296844107917,128.77472431412943,130.34515380859375,321847
2023-01-31 00:00:00+01:00,131.7585620670902,137.72617429775144,130.54147823180304,136.74465942382812,674466
2023-02-01 00:00:00+01:00,136.92131091625785,139.2180518920516,134.64418945269261,135.72386169433594,353195
2023-02-02 00:00:00+01:00,138.88435317827245,145.42124576326881,137.54949236491038,143.08523559570312,574696
2023-02-03 00:00:00+01:00,144.26304548541123,145.79420622356858,141.88778139458668,144.0863800048828,471926
2023-02-06 00:00:00+01:00,142.9085569494385,143.24226837786728,138.70767491884425,139.92474365234375,263532
2023-02-07 00:00:00+01:00,139.35546862701406,139.35546862701406,133.50564874232228,138.6684112548828,324216
2023-02-08 00:00:00+01:00,139.92474601837634,142.71224442661065,138.90397722688462,139.0806427001953,185104
2023-02-09 00:00:00+01:00,140.3566069059504,141.004410224546,138.49173490278562,138.8647003173828,143707
2023-02-10 00:00:00+01:00,138.07947756509466,138.4917269089338,133.66266151880058,136.0771942138672,795935
2023-02-13 00:00:00+01:00,137.0194544551989,137.7850347026362,134.46751031259097,136.33238220214844,334401
2023-02-14 00:00:00+01:00,137.90280587113259,140.35659245246947,131.32666082849468,131.75852966308594,286175
2023-02-15 00:00:00+01:00,131.2285276559689,135.939801759215,130.8359277210015,135.84164428710938,126874
2023-02-16 00:00:00+01:00,136.58760256081536,138.04024026493357,134.2712270439487,136.94094848632812,145150
2023-02-17 00:00:00+01:00,136.4305511678332,136.76426259066386,133.30934143066406,133.30934143066406,201949
2023-02-20 00:00:00+01:00,133.72157491827227,135.1938470431253,132.60264870245305,133.81971740722656,91629
2023-02-21 00:00:00+01:00,133.48601207911872,133.48601207911872,128.79437255859375,128.79437255859375,352516
2023-02-22 00:00:00+01:00,128.77474175474757,130.10960251281153,126.77245810601543,129.50106811523438,187685
2023-02-23 00:00:00+01:00,129.6188345413835,133.34859355946926,129.6188345413835,132.01373291015625,180542
2023-02-24 00:00:00+01:00,131.66038676822797,131.66038676822797,127.0669049688432,127.12579345703125,170550
2023-02-27 00:00:00+01:00,127.59692773071355,130.58072622019463,126.98839332947378,129.677734375,133393
2023-02-28 00:00:00+01:00,129.67773746436032,131.3659442080775,128.28398817161298,129.9525604248047,207581
2023-03-01 00:00:00+01:00,131.38558485692678,133.09342617121962,129.46180906691657,129.81515502929688,203936
2023-03-02 00:00:00+01:00,129.55994050005663,129.85439790562918,127.0276307748939,128.3821258544922,201939
2023-03-03 00:00:00+01:00,129.55994662577103,131.07147274664536,127.30245971194638,128.24472045898438,235163
2023-03-06 00:00:00+01:00,129.5599561350202,130.05071354462257,127.79322646510623,129.75625610351562,177401
2023-03-07 00:00:00+01:00,130.05070494435734,132.30819187458584,128.97103272393997,130.9929656982422,169147
2023-03-08 00:00:00+01:00,132.19041928545872,132.19041928545872,129.0299550922107,129.81515502929688,174683
2023-03-09 00:00:00+01:00,129.5599525682282,131.30704770017672,129.02994117020904,129.7366180419922,134126
2023-03-10 00:00:00+01:00,128.48027520141088,128.77473262271212,125.26091549746087,126.3209457397461,187719
2023-03-13 00:00:00+01:00,126.3405795840421,127.6361712637437,118.56698457565295,124.73089599609375,412405
2023-03-14 00:00:00+01:00,124.6916409226421,129.952553354261,124.65237943209135,127.596923828125,412439
2023-03-15 00:00:00+01:00,127.59691884756509,130.1095942378255,126.43873861916217,126.96875,257203
2023-03-16 00:00:00+01:00,129.06919308950373,132.8970947265625,127.59692092498469,132.8970947265625,365862
2023-03-17 00:00:00+01:00,132.70078906393434,133.78046126220775,127.87173836904344,128.57843017578125,530350
2023-03-20 00:00:00+01:00,127.59692751118088,129.83478011862337,126.43874720413946,128.30361938476562,192225
2023-03-21 00:00:00+01:00,123.18009930791054,125.33942873071192,112.77604460905846,114.30720520019531,1283726
2023-03-22 00:00:00+01:00,113.30606912743454,114.24832242202142,110.24374030375452,110.69523620605469,793652
2023-03-23 00:00:00+01:00,110.14559310321188,111.1074734228896,107.20104867516677,107.96662902832031,885634
2023-03-24 00:00:00+01:00,107.96662698599661,111.1074713211529,107.49549659154138,108.55553436279297,635854
2023-03-27 00:00:00+02:00,109.43890072903997,112.24603366967905,108.47701292551008,111.95157623291016,355488
2023-03-28 00:00:00+02:00,112.63863446127726,112.65826146133722,106.88695744484868,106.985107421875,593245
2023-03-29 00:00:00+02:00,107.96662233382332,108.79109112813998,103.56943296571141,108.14329528808594,470410
2023-03-30 00:00:00+02:00,108.18255664931633,112.57973852389023,107.71142627571606,111.18598937988281,751779
2023-03-31 00:00:00+02:00,117.78176831281039,122.1004346486194,109.16407012939453,109.16407012939453,1575543
2023-04-03 00:00:00+02:00,108.88924426771597,108.94813275400956,104.47242807498586,106.0624771118164,603616
2023-04-04 00:00:00+02:00,107.5740161791078,108.06477355902013,105.94470557174783,106.43546295166016,292127
2023-04-05 00:00:00+02:00,107.08325298537507,107.08325298537507,105.02207359932264,105.84654235839844,202352
2023-04-06 00:00:00+02:00,105.80729175414332,106.6513950279115,104.040562230358,104.23686218261719,246748
2023-04-11 00:00:00+02:00,105.31654354300663,105.88581644940506,101.9990186474613,103.68722534179688,444063
2023-04-12 00:00:00+02:00,103.64795080473073,108.24143989948539,103.35350088779845,106.82805633544922,400404
2023-04-13 00:00:00+02:00,106.82806825506162,108.14330199353756,106.49435681429776,107.96662902832031,285617
2023-04-14 00:00:00+02:00,108.84999335087916,110.73449997890323,108.35923594847516,108.69294738769531,281607
2023-04-17 00:00:00+02:00,109.73334732736674,111.10746192759615,108.1040293180048,108.88924407958984,330665
2023-04-18 00:00:00+02:00,109.69409816368803,109.87077113047428,107.49549957960046,107.67217254638672,345370
2023-04-19 00:00:00+02:00,107.35808470435549,107.96662656809563,105.84655103379852,107.18141174316406,232674
2023-04-20 00:00:00+02:00,107.62309265136719,108.5555286582655,106.4943492036102,107.62309265136719,220145
2023-04-21 00:00:00+02:00,106.98510911617598,109.83150342519646,106.44527300143709,108.75183868408203,216507
2023-04-24 00:00:00+02:00,109.34074258784736,109.68427124620311,107.57401307578475,108.26107788085938,143665
2023-04-25 00:00:00+02:00,108.45737800941811,110.1750287923727,108.06477061849871,108.94813537597656,171653
2023-04-26 00:00:00+02:00,109.1444409993089,110.71487064459906,108.4573836457671,109.88057708740234,220623
2023-04-27 00:00:00+02:00,109.53704049772729,112.38343466373912,108.84998319381818,111.8926773071289,234982
2023-04-28 00:00:00+02:00,111.9908347714848,113.07049953056998,111.009319992614,111.20562744140625,277618
2023-05-02 00:00:00+02:00,111.99083091945063,114.15016785171196,109.53704405667405,109.68427276611328,307006
2023-05-04 00:00:00+02:00,109.83149937806333,111.15654276098523,109.43889198984418,109.92964935302734,261551
2023-05-05 00:00:00+02:00,110.12594638615694,111.59821843671178,110.07687514415618,110.8130111694336,170891
2023-05-08 00:00:00+02:00,111.35285375902278,111.89268990743048,109.14444540558665,109.73336029052734,186574
2023-05-09 00:00:00+02:00,110.1259535967074,110.32226104265244,108.50646022575027,109.78242492675781,99142
2023-05-10 00:00:00+02:00,110.42041356584667,111.64730704991163,109.29167006283419,110.91117095947266,229192
2023-05-11 00:00:00+02:00,112.38343340675945,117.38915689052332,111.30376873196535,114.54276275634766,563326
2023-05-12 00:00:00+02:00,114.83722505531726,117.04563322945798,112.72696685791016,112.72696685791016,340639
2023-05-15 00:00:00+02:00,114.24832316094472,114.54277310520304,112.03991488137116,112.28529357910156,217803
2023-05-16 00:00:00+02:00,112.28529931095927,112.383449297389,109.14444732666016,109.14444732666016,432667
2023-05-17 00:00:00+02:00,109.14444027869163,110.17503379056345,106.54343210862523,107.13233947753906,328266
2023-05-18 00:00:00+02:00,107.96662561425335,109.83150519071769,106.54343218104722,107.47586822509766,168867
2023-05-19 00:00:00+02:00,108.75183412389306,112.23620689176283,108.60460541801395,111.59822082519531,472566
2023-05-22 00:00:00+02:00,111.89267558755384,116.11319178488567,110.96023961966938,115.86781311035156,467731
2023-05-23 00:00:00+02:00,115.81873857482407,119.05774019132966,114.29738774226713,118.7632827758789,576203
2023-05-24 00:00:00+02:00,117.9780736539499,117.9780736539499,112.23621368408203,112.23621368408203,537854
2023-05-25 00:00:00+02:00,112.87420410782113,113.36496151698556,111.10747443948362,112.0889892578125,218615
2023-05-26 00:00:00+02:00,113.65940850189436,116.70210266113281,112.82511499237343,116.70210266113281,379637
2023-05-29 00:00:00+02:00,118.81236596531608,122.98380373997428,117.2910150756836,122.68934631347656,822101
2023-05-30 00:00:00+02:00,122.78750018796308,123.08195762380167,118.02715489766352,121.16799926757812,592288
2023-05-31 00:00:00+02:00,120.23556700440378,120.23556700440378,117.63455120010512,118.9595947265625,571198
2023-06-01 00:00:00+02:00,119.35218789244837,121.9041246547619,118.86143053475872,121.70782470703125,228307
2023-06-02 00:00:00+02:00,122.68934619324386,127.30246261476448,121.5115314651341,126.07556915283203,474348
2023-06-05 00:00:00+02:00,127.54784522347983,129.06919615833417,125.68297309477276,128.2839813232422,479019
2023-06-06 00:00:00+02:00,127.98950526088272,131.03220668776814,126.22279085995584,130.1488494873047,721822
2023-06-07 00:00:00+02:00,130.3451596926258,130.5414596441138,127.69507290572213,128.57843017578125,301968
2023-06-09 00:00:00+02:00,129.55995447490068,129.95255440686094,126.12465265170256,126.95894622802734,533344
2023-06-12 00:00:00+02:00,131.55853839355376,141.94473879304485,131.50907727773063,139.86749267578125,1584134
2023-06-13 00:00:00+02:00,141.20287813056672,141.5490908743823,137.09786179145723,138.77943420410156,440282
2023-06-14 00:00:00+02:00,138.92779162853412,158.26591059846697,138.77942337471342,157.27674865722656,1352766
2023-06-15 00:00:00+02:00,158.16699007706217,166.5748666685108,153.56739303792924,166.42649841308594,1428362
2023-06-16 00:00:00+02:00,166.42649832332836,171.12501759248622,158.0680828526671,168.15753173828125,1616168
2023-06-19 00:00:00+02:00,167.1683669295111,173.94413221816134,163.2117191915345,164.0030517578125,587152
2023-06-20 00:00:00+02:00,163.95358636782453,164.10195461676508,153.8641379177179,154.3587188720703,805024
2023-06-21 00:00:00+02:00,154.30925996550212,158.76048861835315,151.44069642658562,153.1222686767578,580036
2023-06-22 00:00:00+02:00,152.380400702328,156.48541673823186,151.53960701140144,153.91360473632812,320138
2023-06-23 00:00:00+02:00,152.18255554410433,154.70490616838154,150.35260009765625,150.35260009765625,345374
2023-06-26 00:00:00+02:00,149.56128327812272,151.8858198895456,148.6710435637214,150.4515380859375,426203
2023-06-27 00:00:00+02:00,151.04502051849113,151.3417721099383,144.76385145102182,145.70355224609375,449026
2023-06-28 00:00:00+02:00,146.39597026372164,153.36956510915599,146.04975753992167,149.215087890625,455125
2023-06-29 00:00:00+02:00,149.85802310416568,155.99082367126425,148.9183223476075,152.973876953125,353347
2023-06-30 00:00:00+02:00,154.80384889020274,156.08976247474664,151.73744073424533,153.17173767089844,216562
2023-07-03 00:00:00+02:00,153.32009887695312,155.69408146736,152.47930520058517,153.32009887695312,270689
2023-07-04 00:00:00+02:00,153.32009982889434,153.616851427891,150.0558624267578,150.0558624267578,205865
2023-07-05 00:00:00+02:00,149.80857419270265,149.80857419270265,139.22454435458891,141.79637145996094,493622
2023-07-06 00:00:00+02:00,141.45015734572107,143.23065185546875,139.1256207505764,143.23065185546875,280648
2023-07-07 00:00:00+02:00,143.28011380124772,144.17035351457267,141.54908039712765,143.42848205566406,194668
2023-07-10 00:00:00+02:00,142.63715161881458,143.92306518554688,140.26316895208856,143.92306518554688,133594
2023-07-11 00:00:00+02:00,144.36818866126075,145.55518002432464,142.19203531340793,142.98336791992188,127768
2023-07-12 00:00:00+02:00,142.93389456612724,150.05585722824824,142.93389456612724,148.86886596679688,302756
2023-07-13 00:00:00+02:00,150.896658684428,156.43595655547375,149.51182289660636,152.38040161132812,386534
2023-07-14 00:00:00+02:00,152.33093345495504,154.50708662848612,149.95695091899623,152.5287628173828,179123
2023-07-17 00:00:00+02:00,152.13311166355683,158.85941597473075,150.55044649854642,157.77133178710938,283203
2023-07-18 00:00:00+02:00,157.87024613482237,157.9691532693119,154.80383819080234,157.72186279296875,159922
2023-07-19 00:00:00+02:00,158.0680855420287,159.2550768852234,154.8533091452773,158.2659149169922,232119
2023-07-20 00:00:00+02:00,156.831633898472,158.6121284692432,155.4962591970401,158.4637451171875,167285
2023-07-21 00:00:00+02:00,158.2659214837637,159.0572541098654,154.7543933321598,158.0186309814453,251656
2023-07-24 00:00:00+02:00,155.79299492858595,158.2658996099921,154.95220129954293,156.5348663330078,200447
2023-07-25 00:00:00+02:00,156.83163104490444,157.27675090614474,154.50709441238527,156.04029846191406,183936
2023-07-26 00:00:00+02:00,156.28757417453193,157.57348761363772,151.58905533067733,156.1392059326172,184105
2023-07-27 00:00:00+02:00,156.28759408464217,163.70630899372327,156.28759408464217,162.51931762695312,541173
2023-07-28 00:00:00+02:00,162.22256633907296,162.6676862158327,160.34316459568106,162.61822509765625,243327
2023-07-31 00:00:00+02:00,162.81607287375516,163.70631264533682,160.49153611302657,161.57962036132812,304425
2023-08-01 00:00:00+02:00,160.73882334051893,160.73882334051893,157.17783413991717,159.0572509765625,202070
2023-08-02 00:00:00+02:00,157.87025319047103,158.66157067540487,153.51793155626711,157.57350158691406,246522
2023-08-03 00:00:00+02:00,156.28758738282878,160.98610662376825,155.79300641009831,160.9366455078125,264370
2023-08-04 00:00:00+02:00,161.62905767925628,163.0633545911298,160.3926052334437,161.3323211669922,208629
2023-08-07 00:00:00+02:00,160.34316393328893,161.23340368313077,158.7604987186656,160.68936157226562,110863
2023-08-08 00:00:00+02:00,160.49152101531797,160.93664085923564,157.52403526464954,158.11753845214844,142971
2023-08-09 00:00:00+02:00,158.46373925968734,160.14531153359664,153.61685180664062,153.61685180664062,175248
2023-08-10 00:00:00+02:00,154.70492368993177,159.25507471927654,154.40818717822924,157.77133178710938,144452
2023-08-11 00:00:00+02:00,156.38650901984002,157.2272876142354,154.50709227456554,155.54571533203125,122062
2023-08-14 00:00:00+02:00,154.952212129647,156.18866455676968,154.50709227456554,155.54571533203125,80213
2023-08-16 00:00:00+02:00,155.29842428218865,157.7218680118586,148.02807799976543,148.4237518310547,301650
2023-08-17 00:00:00+02:00,148.37429545551572,151.44070359896193,146.59380089136675,147.78079223632812,183961
2023-08-18 00:00:00+02:00,148.37428501674106,152.67714531959166,148.37428501674106,152.3309326171875,209938
2023-08-21 00:00:00+02:00,152.87498167501104,155.9413746495978,152.33093958637699,153.91360473632812,239465
2023-08-22 00:00:00+02:00,154.8038508966748,156.9305431304136,152.42986816629588,155.39735412597656,205533
2023-08-23 00:00:00+02:00,155.89193141673212,158.06808471679688,153.3695653922284,158.06808471679688,238256
2023-08-24 00:00:00+02:00,158.71103600885914,161.57961479491607,153.07281576511133,153.27064514160156,225661
2023-08-25 00:00:00+02:00,151.83636073496334,155.39734982539636,150.45154002946921,154.40818786621094,160789
2023-08-28 00:00:00+02:00,156.18866961607222,156.2875918508117,151.9352852037243,153.17173767089844,128854
2023-08-29 00:00:00+02:00,153.3200953510446,154.5565477329079,150.9461128152323,154.25979614257812,128467
2023-08-30 00:00:00+02:00,153.81468124037505,154.95221143083242,151.29231528173767,151.8858184814453,145445
2023-08-31 00:00:00+02:00,151.539610523924,153.91360830387737,145.80246808913734,145.9508514404297,580779
2023-09-01 00:00:00+02:00,146.19813910355424,149.8085741805987,143.42848262724203,148.8194122314453,232537
2023-09-04 00:00:00+02:00,149.36345663599647,159.45290565497706,149.36345663599647,154.60601806640625,454896
2023-09-05 00:00:00+02:00,154.65547492439197,158.26590995794217,151.83635736590077,151.8858184814453,255934
2023-09-06 00:00:00+02:00,152.03418324727548,154.21033644059747,148.96779036822588,149.3634490966797,224520
2023-09-07 00:00:00+02:00,149.36344297712844,150.15477549502748,145.06058278777334,146.24758911132812,261125
2023-09-08 00:00:00+02:00,147.58295296411907,152.9738823188029,147.58295296411907,152.4298553466797,270852
2023-09-11 00:00:00+02:00,153.5179260438174,155.99083082897366,152.7265934938848,154.55654907226562,245177
2023-09-12 00:00:00+02:00,155.64464280660758,156.7821730405139,152.87498625787157,155.00167846679688,196776
2023-09-13 00:00:00+02:00,154.35872575619766,154.7543844999601,152.0341891297059,154.21034240722656,199607
2023-09-14 00:00:00+02:00,154.21034897040929,156.08976581680272,152.77606709646048,153.9630584716797,210628
2023-09-15 00:00:00+02:00,155.49624101431493,155.89191481344872,152.52875544116614,152.57821655273438,937817
2023-09-18 00:00:00+02:00,153.27063035243782,154.7049120603647,151.19339945960274,151.63851928710938,208026
2023-09-19 00:00:00+02:00,153.5179301926489,153.5179301926489,145.7035568977364,146.7916259765625,384652
2023-09-20 00:00:00+02:00,148.17646632658082,152.77606345598247,146.98947497964625,151.34178161621094,248489
2023-09-21 00:00:00+02:00,154.60601541259766,156.73270756235266,146.0992166267507,146.98947143554688,430891
2023-09-22 00:00:00+02:00,147.2862082775134,148.96779566678617,144.5165668929987,147.08837890625,220422
2023-09-25 00:00:00+02:00,149.01724469845743,154.11143789847844,147.33567236864434,147.78079223632812,394342
2023-09-26 00:00:00+02:00,147.38512825060315,148.22592193235113,136.70217633858817,139.5707550048828,715132
2023-09-27 00:00:00+02:00,138.48267505787035,140.4609989872685,132.94336201819004,133.536865234375,548711
2023-09-28 00:00:00+02:00,133.53686218846073,133.53686218846073,120.23263708540418,122.35932922363281,1150766
2023-09-29 00:00:00+02:00,122.85390905095885,125.92031708040055,121.76583243407951,123.84307098388672,529601
2023-10-02 00:00:00+02:00,124.9311512652671,125.17844174081459,119.14454810009106,119.49076080322266,366472
2023-10-03 00:00:00+02:00,119.14455340266694,129.23400223535631,118.6994335455538,127.70081329345703,719961
2023-10-04 00:00:00+02:00,126.61273338983486,129.33292883375708,124.09036732315144,125.17845153808594,449997
2023-10-05 00:00:00+02:00,125.27736313300503,127.10731124074836,116.91894008370215,117.46298217773438,613004
2023-10-06 00:00:00+02:00,117.26515034151319,117.36406502561162,105.09845552974056,106.43382263183594,1251997
2023-10-09 00:00:00+02:00,106.1865329857585,109.89589026900606,103.07067135848922,108.3626937866211,504617
2023-10-10 00:00:00+02:00,109.59915040159673,113.951457076188,109.15402298257695,111.08289337158203,482899
2023-10-11 00:00:00+02:00,112.76446201500313,112.76446201500313,107.07678081687797,108.51106262207031,410227
2023-10-12 00:00:00+02:00,109.79697346879033,110.39046911333436,104.25766820853501,104.40604400634766,496068
2023-10-13 00:00:00+02:00,104.35658438711792,106.9778650303537,103.41688356534787,104.75225067138672,397778
2023-10-16 00:00:00+02:00,106.82949403042106,107.07678452586185,100.39994114896054,100.5483169555664,563294
2023-10-17 00:00:00+02:00,100.6472247941204,104.80170181607963,99.95481447269603,104.20820617675781,451954
2023-10-18 00:00:00+02:00,104.30712442881642,106.63166104467044,102.27934696283978,103.26850891113281,486756
2023-10-19 00:00:00+02:00,103.26850454669645,104.75224740642857,102.57608668413093,104.0103759765625,201897
2023-10-20 00:00:00+02:00,103.86200540315771,105.19737253471409,102.42772358532063,103.46633911132812,232999
2023-10-23 00:00:00+02:00,103.61471761135708,104.05983748456077,101.7353083362727,102.32880401611328,258683
2023-10-24 00:00:00+02:00,102.32880491953829,104.3071289009442,101.98259973213366,102.52664184570312,236356
2023-10-25 00:00:00+02:00,103.26850645071093,105.04899338719335,102.37825920911642,104.45549774169922,406034
2023-10-26 00:00:00+02:00,104.10928915812588,106.6811085686053,102.77392211294486,105.39520263671875,336988
2023-10-27 00:00:00+02:00,105.44466441397769,107.81865464954765,105.04899811693154,105.5435791015625,255269
2023-10-30 00:00:00+01:00,106.23598958132789,107.71973243149529,103.86199951171875,103.86199951171875,226759
2023-10-31 00:00:00+01:00,104.35658046177456,105.54357172322592,103.86199951171875,103.86199951171875,214824
2023-11-02 00:00:00+01:00,105.34574170284849,107.17568969726562,104.15875044882287,107.17568969726562,494546
2023-11-03 00:00:00+01:00,107.81865359219638,109.40131121815331,105.7908685564127,108.80781555175781,339613
2023-11-06 00:00:00+01:00,109.69806106748663,110.63776189533449,107.6208224950236,108.41214752197266,243416
2023-11-07 00:00:00+01:00,108.313232421875,108.8078133918379,105.64249820275802,108.313232421875,210184
2023-11-08 00:00:00+01:00,107.8186536969544,109.30239663773817,106.4338254428815,107.0767822265625,125942
2023-11-09 00:00:00+01:00,107.0767821225253,109.79697751131926,105.64250029984396,108.80781555175781,190796
2023-11-10 00:00:00+01:00,108.80781205307431,108.80781205307431,107.02731756443228,108.0164794921875,204035
2023-11-13 00:00:00+01:00,108.3132322394845,108.90672789309924,106.23599367847956,106.5327377319336,194102
2023-11-14 00:00:00+01:00,105.88979299970293,113.11067092718034,102.18043557393156,112.8633804321289,555080
2023-11-15 00:00:00+01:00,113.06120929422099,115.18790136265115,110.39046761008203,112.76445770263672,424386
2023-11-16 00:00:00+01:00,112.96228861025207,113.70416005264875,110.29155443630664,111.37963104248047,309444
2023-11-17 00:00:00+01:00,111.37962585660544,112.41824884628477,110.78613023966278,111.92366790771484,164063
2023-11-20 00:00:00+01:00,112.6160888671875,116.6716514381603,112.26988368674597,112.6160888671875,342438
2023-11-21 00:00:00+01:00,113.4074186222355,114.44603413754803,111.92367570318324,111.97312927246094,186647
2023-11-22 00:00:00+01:00,111.7753027013418,113.70416552573529,110.39047443286876,112.6160888671875,211039
2023-11-23 00:00:00+01:00,112.61608150980358,112.7644573050726,109.20347595214844,109.20347595214844,221118
2023-11-24 00:00:00+01:00,109.30238971452637,111.18179882981879,108.26376670308136,110.7366714477539,132684
2023-11-27 00:00:00+01:00,111.18180398306119,112.91283738456482,108.41214752197266,108.41214752197266,199037
2023-11-28 00:00:00+01:00,108.26376448386995,108.41214027485015,105.69194511146944,106.78002166748047,384126
2023-11-29 00:00:00+01:00,113.75362304727398,114.3965798173173,103.0212175125899,103.07067108154297,1146698
2023-11-30 00:00:00+01:00,103.86200096767499,108.80781053756428,103.71362517123701,107.67027282714844,693059
2023-12-01 00:00:00+01:00,106.13707806140725,110.24209403175219,105.49412129784625,109.7969741821289,414055
2023-12-04 00:00:00+01:00,109.25293648629464,109.79697858807145,104.90062985890779,105.5435791015625,668543
2023-12-05 00:00:00+01:00,105.59303715610726,107.91756620711114,105.24683198624825,106.58219909667969,486950
2023-12-06 00:00:00+01:00,106.68111700138392,108.70890205944534,106.58220231368244,107.3240737915039,238782
2023-12-07 00:00:00+01:00,107.32407271669314,108.31323467721565,106.48328655959037,107.0767822265625,261477
2023-12-08 00:00:00+01:00,107.07677633425115,110.98396284462439,107.07677633425115,110.93450927734375,381749
2023-12-11 00:00:00+01:00,110.9345165354961,113.50633615025639,110.43993555009195,112.6160888671875,415342
2023-12-12 00:00:00+01:00,113.1106675218764,113.35795800948291,111.13234362102432,112.07205200195312,173024
2023-12-13 00:00:00+01:00,112.07205000520699,112.46770874096268,111.1818027563434,111.62692260742188,230773
2023-12-14 00:00:00+01:00,112.71499658847053,113.55579024905711,111.8742104745904,112.76445770263672,281546
2023-12-15 00:00:00+01:00,112.86337413623117,114.1987412256762,111.82475864297685,113.16012573242188,755118
2023-12-18 00:00:00+01:00,113.16012961964296,114.09983046201604,111.08289101507145,114.05037689208984,450394
2023-12-19 00:00:00+01:00,114.05037441629868,117.51244119766604,113.25904184758919,115.23736572265625,424431
2023-12-20 00:00:00+01:00,115.73194451167666,117.46297786975728,114.74278259277344,114.74278259277344,260047
2023-12-21 00:00:00+01:00,114.00091115359602,115.83085919422567,113.16012503186958,114.74278259277344,320409
2023-12-22 00:00:00+01:00,114.74278475388948,115.53411732259897,113.45687121641322,115.23736572265625,303527
2023-12-27 00:00:00+01:00,115.23736688365106,115.63303317199207,113.35795767406132,113.75362396240234,357764
2023-12-28 00:00:00+01:00,114.4954984098284,116.27599298045668,113.95145630582894,114.44603729248047,268861
2023-12-29 00:00:00+01:00,114.44603430696904,115.1384521982425,113.65470927699377,113.75362396240234,164252
2024-01-02 00:00:00+01:00,113.80308703945134,114.59441208306228,108.75835498291225,110.68722534179688,399398
2024-01-03 00:00:00+01:00,110.63776314915799,110.78613895173828,107.22515742334521,110.43993377685547,390528
2024-01-04 00:00:00+01:00,110.43992874088991,111.28071485489673,108.80781008034347,111.0334243774414,211875
2024-01-05 00:00:00+01:00,110.83559764690212,110.83559764690212,106.48328363096404,109.89588928222656,509914
2024-01-08 00:00:00+01:00,109.59914921850384,109.79697859368356,108.06594514738676,109.05510711669922,133249
2024-01-09 00:00:00+01:00,109.0551046298412,110.29155706328612,108.461608971129,110.24209594726562,225119
2024-01-10 00:00:00+01:00,110.14318018222447,111.92367468761408,109.25293292952966,109.99480438232422,199370
2024-01-11 00:00:00+01:00,109.99480408632581,110.58830728432967,106.43382263183594,106.43382263183594,385541
2024-01-12 00:00:00+01:00,106.8294906616211,108.65943876083529,105.98870451297746,106.8294906616211,230382
2024-01-15 00:00:00+01:00,106.78003139621708,106.82949251328562,104.35658759399661,105.49412536621094,259067
2024-01-16 00:00:00+01:00,105.44465704255605,105.79086219825382,103.71362371736073,103.86199951171875,315846
2024-01-17 00:00:00+01:00,103.76308597436814,103.9609153378877,98.91619110107422,98.91619110107422,651055
2024-01-18 00:00:00+01:00,99.70752322645872,100.89451449596395,96.0476196431891,98.81727600097656,594224
2024-01-19 00:00:00+01:00,99.41077622785188,100.3504770640593,96.70047459103611,98.12486267089844,506057
2024-01-22 00:00:00+01:00,98.96565137219842,100.44939422607422,98.56009136971996,100.44939422607422,248633
2024-01-23 00:00:00+01:00,102.67501043114497,107.42298312450659,99.70752466777901,102.62554931640625,466631
2024-01-24 00:00:00+01:00,103.07067666129625,104.50496607930101,102.92230839969842,104.3565902709961,304587
2024-01-25 00:00:00+01:00,104.35657871544524,105.84032154078334,101.53746885664414,105.1973648071289,478910
2024-01-26 00:00:00+01:00,105.19736724566562,105.44465772228764,102.52663311683038,104.0103759765625,232329
2024-01-29 00:00:00+01:00,104.20820466741652,104.50495625613257,102.62554713657924,103.86199951171875,185957
2024-01-30 00:00:00+01:00,103.86200197070636,104.90062500909605,102.57608845143403,102.67501068115234,316217
2024-01-31 00:00:00+01:00,102.82337541632945,104.05982777846283,101.43855480810511,103.61470794677734,274878
2024-02-01 00:00:00+01:00,102.52663917193375,104.4555019848193,102.52663917193375,103.66417694091797,202703
2024-02-02 00:00:00+01:00,103.91146476751861,105.39520767683088,102.5760901117722,103.07067108154297,225095
2024-02-05 00:00:00+01:00,103.31795929707923,108.51105936560724,103.31795929707923,107.7691879272461,491632
2024-02-06 00:00:00+01:00,108.26376627124016,108.26376627124016,105.9392373298613,107.17568969726562,240257
2024-02-07 00:00:00+01:00,107.1756971614251,108.1648591242379,106.18653519861232,107.1262435913086,278601
2024-02-08 00:00:00+01:00,107.81865359219638,109.94535331459484,106.82949163263496,108.80781555175781,493498
2024-02-09 00:00:00+01:00,107.81865113947617,110.24209486658907,107.81865113947617,109.99480438232422,212739
2024-02-12 00:00:00+01:00,109.895883867603,113.06120642628584,109.79696918848616,112.12149810791016,304140
2024-02-13 00:00:00+01:00,111.9731277203774,112.0720499509751,107.57136014021891,108.11540222167969,320700
2024-02-14 00:00:00+01:00,108.06594539262744,109.59914946722392,107.7691937824775,109.10456848144531,203121
2024-02-15 00:00:00+01:00,109.10456060099281,113.80307962652296,107.81864711216517,112.51716613769531,524823
2024-02-16 00:00:00+01:00,112.51716938601831,113.75362179685368,111.57746857246609,113.25904083251953,334885
2024-02-19 00:00:00+01:00,112.07205537598855,114.05037933639994,111.28072277314119,112.8633804321289,329348
2024-02-20 00:00:00+01:00,112.26987997483064,113.60524708193002,109.4507699605749,113.50633239746094,468422
2024-02-21 00:00:00+01:00,113.7536251387407,115.08899227233238,112.17096751571698,112.26988220214844,494349
2024-02-22 00:00:00+01:00,112.96229327251284,114.29766796130666,112.96229327251284,114.19874572753906,264746
2024-02-23 00:00:00+01:00,114.19874315325113,114.9900757253123,112.86337604126626,113.6052474975586,222237
2024-02-26 00:00:00+01:00,113.55579751695832,113.75362689287185,111.42909776570673,112.6655502319336,160782
2024-02-27 00:00:00+01:00,112.66554864013989,114.49549675495987,111.87421605425224,114.05037689208984,211441
2024-02-28 00:00:00+01:00,114.05037393018381,114.05037393018381,109.69805991424573,109.89588928222656,278646
2024-02-29 00:00:00+01:00,109.6980614870944,110.88505280541173,108.36269436731071,108.51106262207031,363039
2024-03-01 00:00:00+01:00,108.80780943037426,110.43992808117116,107.91756220751174,109.15401458740234,147171
2024-03-04 00:00:00+01:00,109.15401827377205,109.94535084230965,104.75225067138672,104.75225067138672,329817
2024-03-05 00:00:00+01:00,104.80170206772752,105.8403250990645,103.12012982782686,104.2576675415039,173831
2024-03-06 00:00:00+01:00,104.55441089978585,106.18652956111836,104.3565815364089,105.84032440185547,151204
2024-03-07 00:00:00+01:00,105.79086652553906,108.70889877825176,104.40604584610301,106.58219909667969,268902
2024-03-08 00:00:00+01:00,107.32407553031875,109.89589518575917,104.45550426025915,109.50022888183594,425118
2024-03-11 00:00:00+01:00,110.88505415494338,116.57273542229072,110.29155848856155,115.83086395263672,921374
2024-03-12 00:00:00+01:00,115.92977342806361,118.35322464802034,114.14928650895318,116.3749008178711,863119
2024-03-13 00:00:00+01:00,116.47381814457316,116.8694844289279,114.34711846953473,115.23736572265625,340744
2024-03-14 00:00:00+01:00,115.23736393248195,117.80918342077544,114.84169765427376,116.5727310180664,458565
2024-03-15 00:00:00+01:00,116.7211148597942,117.66081573193173,112.61609109055324,114.89116668701172,963575
2024-03-18 00:00:00+01:00,115.63303782525938,116.62219981256408,109.94535639825743,111.28072357177734,557815
2024-03-19 00:00:00+01:00,111.28071749821231,111.97312783285186,108.26377058291145,109.89588928222656,282810
2024-03-20 00:00:00+01:00,110.29155575381019,112.26987962383369,109.50022318711812,111.67638397216797,234726
2024-03-21 00:00:00+01:00,113.75362863472556,113.90200444228618,110.93451847790203,113.06121826171875,308211
2024-03-22 00:00:00+01:00,112.76446160346232,115.33628114823503,112.02259014554481,113.65470886230469,273887
2024-03-25 00:00:00+01:00,113.65471059914603,114.99007773446294,112.61608752350685,114.05037689208984,243560
2024-03-26 00:00:00+01:00,113.55579358059501,114.000913434324,111.1818034183914,111.77529907226562,522706
2024-03-27 00:00:00+01:00,112.17096056983887,114.64386531103149,111.62691850809395,114.14928436279297,315277
2024-03-28 00:00:00+01:00,114.44603488145994,115.7319484383465,113.35795824309034,115.6330337524414,558605
2024-04-02 00:00:00+02:00,117.61135212193912,122.75499101398411,114.39657592773438,114.39657592773438,1692229
2024-04-03 00:00:00+02:00,114.74278152198123,115.23736247681735,112.2698767478006,112.76445770263672,436705
2024-04-04 00:00:00+02:00,112.96229195276318,116.07815361236771,112.96229195276318,115.6330337524414,354939
2024-04-05 00:00:00+02:00,114.24820188225475,115.92977412937155,113.16012527843172,114.79224395751953,372071
2024-04-08 00:00:00+02:00,115.43518963722316,115.73194122314453,114.44602774642706,115.73194122314453,193074
2024-04-09 00:00:00+02:00,116.22653024579355,118.50160577141523,115.43519765947988,115.83086395263672,373870
2024-04-10 00:00:00+02:00,116.32544351655878,117.41352014946649,112.96229138572032,113.75362396240234,306001
2024-04-11 00:00:00+02:00,114.00091509351375,119.68859632377583,114.00091509351375,117.41352081298828,539574
2024-04-12 00:00:00+02:00,118.50160416140504,118.69943353194225,116.86948544099948,117.21569061279297,235661
2024-04-15 00:00:00+02:00,116.02870165006846,118.15539383996193,114.24820709228516,114.24820709228516,317370
2024-04-16 00:00:00+02:00,113.75361652441318,114.05036810794198,110.19263525559889,110.34101104736328,445099
2024-04-17 00:00:00+02:00,110.53884425423463,111.92367244774532,109.84643393083255,111.23125457763672,326580
2024-04-18 00:00:00+02:00,111.77529773932977,112.56663029952979,109.94534968391216,111.47854614257812,338970
2024-04-19 00:00:00+02:00,110.78613795590184,112.56663247744723,110.39047166814655,111.97312927246094,195122
2024-04-22 00:00:00+02:00,112.02258837299962,115.08898884119736,112.02258837299962,114.99007415771484,285597
2024-04-23 00:00:00+02:00,115.03953309675485,116.47381484688745,113.80308070984522,114.49549102783203,364389
2024-04-24 00:00:00+02:00,114.74279087911972,116.91894423917881,114.3965856918431,114.89116668701172,276867
2024-04-25 00:00:00+02:00,114.64386946329414,115.68248496418863,112.81392139787435,113.35795593261719,201047
2024-04-26 00:00:00+02:00,114.34712457364341,115.53412349007235,113.65471419909017,114.89116668701172,176839
2024-04-29 00:00:00+02:00,114.74278297139834,117.116773093941,114.74278297139834,116.5727310180664,222908
2024-04-30 00:00:00+02:00,116.91893901028041,118.35322836014876,116.47381915321833,117.21569061279297,244947
2024-05-02 00:00:00+02:00,117.21569513514589,122.26041974554494,115.7814132766476,118.25431823730469,528880
2024-05-06 00:00:00+02:00,118.69943474239419,125.03007277132991,118.35322956707024,122.75499725341797,695889
2024-05-07 00:00:00+02:00,122.8539155095957,128.24484530878019,122.75500082044412,127.10731506347656,654081
2024-05-08 00:00:00+02:00,126.6127329845114,133.3884985605012,126.2170666845934,130.37155151367188,901842
2024-05-09 00:00:00+02:00,131.16288278440985,132.8444551086379,128.88780724296538,130.07479858398438,248695
2024-05-10 00:00:00+02:00,131.55853491535223,132.30040635284482,129.13509123822573,130.32208251953125,311155
2024-05-13 00:00:00+02:00,129.58021951855244,140.65883068771535,129.58021951855244,139.32347106933594,946280
2024-05-14 00:00:00+02:00,140.46099547463047,143.32955906315544,137.49350965474392,141.49961853027344,867007
2024-05-15 00:00:00+02:00,140.708286440645,141.4501578981528,134.92168303471882,138.13645935058594,585313
2024-05-16 00:00:00+02:00,138.48266338810907,142.7855236093189,138.3837411626097,141.35122680664062,482213
2024-05-17 00:00:00+02:00,140.65882407685942,141.10394392873226,139.07617403759892,139.5707550048828,214075
2024-05-20 00:00:00+02:00,139.47183172865562,141.7469071797915,138.82888251337104,141.10394287109375,281552
2024-05-21 00:00:00+02:00,141.1534110416756,142.4393246299342,140.21371018259148,140.95558166503906,378599
2024-05-22 00:00:00+02:00,141.1039454470517,147.3356687205667,139.9664152474239,143.42848205566406,620697
2024-05-23 00:00:00+02:00,143.42849279224794,143.42849279224794,139.17509309076044,140.609375,444037
2024-05-24 00:00:00+02:00,139.5707628733363,140.36208039087128,135.76248317318903,137.88917541503906,375094
2024-05-27 00:00:00+02:00,137.88915414072252,139.86747781616137,136.9989145241398,138.23536682128906,202270
2024-05-28 00:00:00+02:00,138.28483311831076,139.96640528681976,137.29567124349225,137.6913299560547,431776
2024-05-29 00:00:00+02:00,140.46101028170676,141.45017232594412,128.09648472873963,128.8878173828125,1269988
2024-05-31 00:00:00+02:00,128.98672453118726,130.81668035039237,125.1289985960275,128.8878173828125,926449
2024-06-03 00:00:00+02:00,130.07478772950128,134.2292646230918,129.580206787564,132.79498291015625,523314
2024-06-04 00:00:00+02:00,132.0531109606745,133.73468313774592,130.6188292535669,130.96502685546875,458703
2024-06-05 00:00:00+02:00,131.0639525992351,132.10257561964747,130.12425180682882,131.75636291503906,321197
2024-06-06 00:00:00+02:00,133.0422733522811,133.53685429411115,131.06394958496094,131.06394958496094,225198
2024-06-07 00:00:00+02:00,131.06396725103056,136.20760672068997,130.51992512300373,133.3885040283203,374299
2024-06-10 00:00:00+02:00,133.48739979194076,133.7841513904173,130.96503384500994,132.54769897460938,231884
2024-06-11 00:00:00+02:00,133.53687048981905,136.05923661775407,131.80583698346956,132.99282836914062,386672
2024-06-12 00:00:00+02:00,133.04228425202547,134.67439545641344,129.6296784924964,133.536865234375,378973
2024-06-13 00:00:00+02:00,132.59714778298945,134.32818100445562,130.56936299058958,131.50906372070312,243228
2024-06-14 00:00:00+02:00,130.0747933249528,133.1412013342371,129.3823829951376,132.34986877441406,326457
2024-06-17 00:00:00+02:00,132.34987085996391,135.9603059109444,132.34987085996391,134.5754852294922,313802
2024-06-18 00:00:00+02:00,134.77332281313372,136.45489519835783,134.03145131141005,134.72386169433594,430326
2024-06-19 00:00:00+02:00,134.52602567605987,137.0483916761687,134.3281963040425,136.70217895507812,274191
2024-06-20 00:00:00+02:00,137.10073671268864,137.89782182106183,134.90870705439062,136.70217895507812,292176
2024-06-21 00:00:00+02:00,136.25381110572744,138.14691099218896,135.20761792492561,135.4567108154297,646749
2024-06-24 00:00:00+02:00,135.50653404506198,142.97932084901763,135.50653404506198,142.63058471679688,535196
2024-06-25 00:00:00+02:00,142.48112849672174,144.8724140824304,140.38874220665943,143.27822875976562,370858
2024-06-26 00:00:00+02:00,143.32805485554036,144.42405444847822,140.68766110191484,140.88693237304688,288938
2024-06-27 00:00:00+02:00,140.88693860888023,141.18585313052034,136.10436707633525,137.99746704101562,438876
2024-06-28 00:00:00+02:00,137.99746711783047,139.0436603424411,136.75200261315692,138.44583129882812,284590
2024-07-01 00:00:00+02:00,139.34256618615734,139.49201583604096,136.60254444652082,137.79818725585938,219249
2024-07-02 00:00:00+02:00,138.4956410526355,139.89055509697639,136.50289801590694,138.34619140625,213920
2024-07-03 00:00:00+02:00,139.4920186111263,142.28186202403353,138.74473993999527,142.23204040527344,235771
2024-07-04 00:00:00+02:00,142.48112799416126,142.73022087526994,139.84074953577849,141.48475646972656,139965
2024-07-05 00:00:00+02:00,141.4847622575431,145.0717059736108,141.4847622575431,144.473876953125,352760
2024-07-08 00:00:00+02:00,144.17496443139495,146.36697886437003,142.97932157735616,145.7691650390625,219658
2024-07-09 00:00:00+02:00,145.66951528052553,147.5626303178345,144.97205824716877,146.8651580810547,296137
2024-07-10 00:00:00+02:00,146.86516491731905,149.4059154888495,145.81898692029807,147.1142578125,418633
2024-07-11 00:00:00+02:00,147.26371985790473,150.0535632713108,147.1142550015977,149.4557342529297,291454
2024-07-12 00:00:00+02:00,149.60518583819962,158.57253000920278,148.70845750246878,157.97471618652344,773133
2024-07-15 00:00:00+02:00,157.67580772603338,163.40494449964913,156.03180064627855,163.20567321777344,582917
2024-07-16 00:00:00+02:00,162.90674769321336,163.10601896163354,156.97834003802876,159.91763305664062,577198
2024-07-17 00:00:00+02:00,159.41945560499332,163.90312779388375,157.72562692987506,159.22018432617188,550084
2024-07-18 00:00:00+02:00,160.41582085540693,162.40856397162318,157.52634941826278,161.21292114257812,294915
2024-07-19 00:00:00+02:00,159.41945684523807,160.61509973089255,156.57979168881263,156.92852783203125,355432
2024-07-22 00:00:00+02:00,156.92852783203125,158.42308523995536,150.00374821600104,156.92852783203125,305767
2024-07-23 00:00:00+02:00,156.9285193164334,158.47289826150202,154.93577621400252,156.729248046875,215293
2024-07-24 00:00:00+02:00,155.93215426460205,158.47290486678676,154.63686815334867,155.63323974609375,247530
2024-07-25 00:00:00+02:00,151.84701994425413,158.4230783338198,150.05356329566663,156.67942810058594,337436
2024-07-26 00:00:00+02:00,156.67942765748577,158.37325626715227,154.5372348869404,154.88595581054688,151590
2024-07-29 00:00:00+02:00,155.83250317798525,158.47289688787347,155.18486775667816,158.12416076660156,299421
2024-07-30 00:00:00+02:00,157.9248886981472,159.81798853808067,154.985595703125,154.985595703125,319134
2024-07-31 00:00:00+02:00,156.72925015257158,158.62235004394586,156.0317930980349,158.472900390625,237815
2024-08-01 00:00:00+02:00,156.87869505679893,161.16309569557296,154.18849495449717,159.5190887451172,332120
2024-08-02 00:00:00+02:00,157.32705844547357,158.2238019441845,154.98559447292268,156.82887268066406,336898
2024-08-05 00:00:00+02:00,149.4059096067007,152.79358196984236,144.47387351697816,150.9004669189453,1097279
2024-08-06 00:00:00+02:00,151.24920620124703,152.64412030712919,148.35971954845755,149.9040985107422,810641
2024-08-07 00:00:00+02:00,150.45210574690944,156.62960638589917,149.95391996629053,156.23106384277344,431601
2024-08-08 00:00:00+02:00,155.43396024866325,163.20566130178105,153.6903100535661,163.10601806640625,746881
2024-08-09 00:00:00+02:00,163.10602156256587,164.99913665130398,161.1631000584959,163.4547576904297,490669
2024-08-12 00:00:00+02:00,163.4049342511345,169.88134932816118,162.45838431902297,169.83152770996094,548717
2024-08-13 00:00:00+02:00,169.881349683389,172.17300729458273,167.3904208024009,171.1766357421875,451904
2024-08-14 00:00:00+02:00,170.87772851524457,174.813393274182,170.87772851524457,173.66757202148438,677825
2024-08-16 00:00:00+02:00,174.36502526163073,180.941083724296,173.36865368870713,179.1974334716797,599636
2024-08-19 00:00:00+02:00,178.25086831466334,180.4428979378342,177.50358963497064,179.1974334716797,328555
2024-08-20 00:00:00+02:00,179.19743414418835,179.44652703835405,169.3831680326895,174.6639404296875,392563
2024-08-21 00:00:00+02:00,174.66393309969942,179.645790773944,174.36501859856014,178.94833374023438,243304
2024-08-22 00:00:00+02:00,179.3468776393581,186.32147843644424,178.7490486325243,184.3287353515625,405828
2024-08-23 00:00:00+02:00,184.32873268291397,185.92293320910835,180.5425178357695,180.79161071777344,270648
2024-08-26 00:00:00+02:00,180.7916223269085,182.13673005747208,177.55341465292295,179.54615783691406,149185
2024-08-27 00:00:00+02:00,178.74905395507812,180.29343293253262,177.00540370388646,178.74905395507812,258011
2024-08-28 00:00:00+02:00,178.69924262905133,179.8450638241238,176.6566779216661,179.3468780517578,274034
2024-08-29 00:00:00+02:00,179.3468867774298,181.53890124180248,171.37591403176626,180.44290161132812,493346
2024-08-30 00:00:00+02:00,179.3468805152687,184.8269240865686,176.95559485643452,182.43563842773438,527822
2024-09-02 00:00:00+02:00,182.4356345475076,182.53526257917636,178.49995481272518,180.74179077148438,233328
2024-09-03 00:00:00+02:00,180.54252167578395,182.28617188689776,174.8632068859837,175.7101287841797,330569
2024-09-04 00:00:00+02:00,174.36501801199537,176.85594684073817,172.12318206612687,176.7064971923828,286690
2024-09-05 00:00:00+02:00,176.35776029800115,177.75267435458224,173.46828895075902,174.0162811279297,180996
2024-09-06 00:00:00+02:00,172.47192668347822,174.56429788068695,166.59332523587545,170.1304473876953,339256
2024-09-09 00:00:00+02:00,167.39042623894804,168.93480523600405,163.55438955626929,165.59695434570312,589594
2024-09-10 00:00:00+02:00,165.1984091839373,165.74641658758213,159.91763682745497,161.61146545410156,655917
2024-09-11 00:00:00+02:00,161.41218640848587,166.64313689394604,161.2129151449624,164.10238647460938,262773
2024-09-12 00:00:00+02:00,167.3405981728871,170.3795344300135,165.29803346213504,167.14132690429688,349982
2024-09-13 00:00:00+02:00,168.38679190242993,170.32971338369637,167.58969162197045,169.38316345214844,339283
2024-09-16 00:00:00+02:00,169.38317247621472,173.6177517881201,169.13407957551442,172.27264404296875,248018
2024-09-17 00:00:00+02:00,173.11955497359554,176.35776247669878,172.77081885343054,175.7599334716797,232807
2024-09-18 00:00:00+02:00,176.3577642097955,177.15486448984646,171.87409223836002,175.7101287841797,216791
2024-09-19 00:00:00+02:00,175.8097538004749,179.44651901473748,174.81338226836294,177.1548614501953,287095
2024-09-20 00:00:00+02:00,175.56067053455723,177.154871154635,172.92029191119133,175.06248474121094,897195
2024-09-23 00:00:00+02:00,175.06248297285114,175.06248297285114,164.65040303777351,166.99188232421875,528469
2024-09-24 00:00:00+02:00,167.39042904369688,171.32609382874185,165.64677874115839,170.92755126953125,288599
2024-09-25 00:00:00+02:00,170.87772638908615,171.67482669572584,168.38679743297703,171.47555541992188,296240
2024-09-26 00:00:00+02:00,171.97373434547586,175.11229862350368,170.3795337958414,171.22645568847656,295868
2024-09-27 00:00:00+02:00,169.3831727562881,174.3650307785319,168.88498695406375,173.6177520751953,161866
2024-09-30 00:00:00+02:00,172.5217253877661,176.6566763844773,172.5217253877661,173.51809692382812,341530
2024-10-01 00:00:00+02:00,173.66757147270556,174.71376468466758,170.8777279752815,170.9773712158203,261610
2024-10-02 00:00:00+02:00,171.0770022515165,172.37228838410502,168.43662356862097,169.08425903320312,252354
2024-10-03 00:00:00+02:00,167.14132523308072,171.22645461373838,163.90311773974236,167.19114685058594,268261
2024-10-04 00:00:00+02:00,167.39041880498533,171.37590496700878,167.39041880498533,169.88134765625,402929
2024-10-07 00:00:00+02:00,171.17663151290682,172.72101042164698,167.3405950495932,168.1376953125,184464
2024-10-08 00:00:00+02:00,166.89223646951376,170.23008728027344,166.59332196052546,170.23008728027344,250904
2024-10-09 00:00:00+02:00,169.68208510593513,172.72102150128237,168.28715575551112,170.9773712158203,268502
2024-10-10 00:00:00+02:00,170.47918132459796,171.52535930800397,167.3904233831817,167.9384307861328,245708
2024-10-11 00:00:00+02:00,167.93843605436157,169.08425731185713,156.18124814532086,160.56527709960938,803224
2024-10-14 00:00:00+02:00,161.5616469300652,163.40494044943136,159.02091154313325,160.16673278808594,283855
2024-10-15 00:00:00+02:00,160.16672705448036,164.84967031025639,159.86781254806414,164.40130615234375,309317
2024-10-16 00:00:00+02:00,164.00276528120756,164.3514862060547,160.36599995575486,164.3514862060547,216380
2024-10-17 00:00:00+02:00,164.3016650191155,164.3016650191155,157.07797117145924,158.9212646484375,220489
2024-10-18 00:00:00+02:00,157.02816329796838,160.01727796579704,151.44847650331886,159.86781311035156,332890
2024-10-21 00:00:00+02:00,159.8678120889321,160.76455560560532,154.7365046899803,155.83250427246094,237582
2024-10-22 00:00:00+02:00,155.48378560391103,159.4194502410523,155.2845143317944,158.0245361328125,392406
2024-10-23 00:00:00+02:00,158.07434980548229,160.51547241210938,157.47653596168675,160.51547241210938,254997
2024-10-24 00:00:00+02:00,159.3198139645408,160.4158288142063,157.47653561264326,158.7220001220703,201921
2024-10-25 00:00:00+02:00,158.77181139133182,159.41944681263888,156.8786963383778,158.12416076660156,199292
2024-10-28 00:00:00+01:00,158.5227174241275,160.81435979368536,158.32343095423283,160.4158172607422,150810
2024-10-29 00:00:00+01:00,159.91763197094906,162.20928955078125,159.1205316992566,162.20928955078125,199776
2024-10-30 00:00:00+01:00,162.20929075622632,163.05619744841198,158.77181196264425,160.36599731445312,197295
2024-10-31 00:00:00+01:00,158.42308250889994,160.615096962049,155.9819751587243,160.16673278808594,314535
2024-11-04 00:00:00+01:00,160.41581547773214,161.21291573818186,157.02815837509954,160.01727294921875,331127
2024-11-05 00:00:00+01:00,161.2129176376801,162.60783170733555,158.7219887965646,160.8641815185547,202230
2024-11-06 00:00:00+01:00,160.11690237928715,161.36236679605733,158.27362416452115,159.07070922851562,229351
2024-11-07 00:00:00+01:00,159.41945456288343,162.4085693359375,159.31981132241205,162.4085693359375,180619
2024-11-08 00:00:00+01:00,162.4085603323042,164.00276087092305,159.91763149285168,160.4158172607422,197927
2024-11-12 00:00:00+01:00,160.41581903491465,161.71110508644023,158.97108333273826,160.81436157226562,173537
2024-11-13 00:00:00+01:00,160.81436775568932,160.81436775568932,156.1314243463482,157.92489624023438,298741
2024-11-14 00:00:00+01:00,158.17398320939319,161.2627410888672,157.6259758174319,161.2627410888672,193776
2024-11-15 00:00:00+01:00,161.3125512210843,161.41219445952754,155.28451538085938,155.28451538085938,248275
2024-11-18 00:00:00+01:00,155.13505228158087,158.67217443847656,154.63686649056524,155.6830596923828,184641
2024-11-19 00:00:00+01:00,156.67942897262458,157.07797151821254,149.75464961992463,153.0426788330078,243572
2024-11-20 00:00:00+01:00,152.54449730119197,158.57253328920342,152.44485406030583,157.4267120361328,254542
2024-11-21 00:00:00+01:00,158.5725269491406,160.21654913748645,156.48015580500507,159.41944885253906,260379
2024-11-22 00:00:00+01:00,160.1667294425652,161.2627442479584,156.43033606521143,160.26637268066406,327118
2024-11-25 00:00:00+01:00,160.81435931938483,165.54712410038596,160.81435931938483,164.94931030273438,605191
2024-11-26 00:00:00+01:00,165.64677229641856,171.72464491016783,164.40130784306203,171.57518005371094,404809
2024-11-27 00:00:00+01:00,171.57517643548468,172.37227670950807,157.42670358440623,164.0027618408203,801468
2024-11-28 00:00:00+01:00,165.34786287696792,167.78897024000864,162.95657713427985,164.20204162597656,244593
2024-11-29 00:00:00+01:00,164.20203707745856,167.83878721110264,164.10239383951344,166.59332275390625,263151
2024-12-02 00:00:00+01:00,168.1377074583474,169.88135775791545,166.84242133798347,169.5824432373047,197783
2024-12-03 00:00:00+01:00,169.58243694559133,178.7988739013672,169.3831656737187,178.7988739013672,584973
2024-12-04 00:00:00+01:00,178.79887399637218,182.6349105965082,176.65668121661218,179.2472381591797,599687
2024-12-05 00:00:00+01:00,179.59597560902333,192.29971313476562,179.59597560902333,192.29971313476562,641582
2024-12-06 00:00:00+01:00,192.29971139243986,199.27431232377185,191.1040685591819,199.12486267089844,853412
2024-12-09 00:00:00+01:00,199.12486653570133,201.26705935339018,190.40661520232428,193.59500122070312,545507
2024-12-10 00:00:00+01:00,193.39572477977262,195.9862816990161,187.41749545370143,193.29608154296875,451480
2024-12-11 00:00:00+01:00,193.29608867946106,195.23901024148222,191.3033454971986,194.89028930664062,352976
2024-12-12 00:00:00+01:00,194.94009819447857,195.88666338079088,182.88401091102443,190.30697631835938,624000
2024-12-13 00:00:00+01:00,199.27430996782854,201.26705306750685,177.6032287588272,182.93382263183594,1085245
2024-12-16 00:00:00+01:00,183.83055727627797,189.31060098912096,183.38219310409377,188.61314392089844,250392
2024-12-17 00:00:00+01:00,188.3142243408497,192.20006733318039,186.02256671823932,188.76258850097656,353135
2024-12-18 00:00:00+01:00,188.76259744349352,194.7906486917755,188.76259744349352,191.20370483398438,500533
2024-12-19 00:00:00+01:00,189.3105905943917,192.2000619484106,187.11857627029914,188.0153045654297,299693
2024-12-20 00:00:00+01:00,187.3178488806379,188.01530591557267,182.18654154852157,186.62039184570312,805200
2024-12-23 00:00:00+01:00,186.62039184570312,188.66295653641598,185.47455545656027,186.62039184570312,169889
2024-12-27 00:00:00+01:00,186.62040434963347,190.45642590050718,183.33237501786732,189.85861206054688,238569
2024-12-30 00:00:00+01:00,189.85861221379554,193.39573444925625,188.06514028561872,190.75534057617188,196230
2025-01-02 00:00:00+01:00,191.30333999515506,196.584112316956,189.5596897608242,192.7978973388672,332300
2025-01-03 00:00:00+01:00,192.79790131353192,198.0288521243642,192.2997155220241,195.3884735107422,291971
2025-01-07 00:00:00+01:00,195.587747604613,199.67286203177972,192.39936153371062,192.5986328125,394133
2025-01-08 00:00:00+01:00,192.5986238363714,192.94734475714455,182.5352650905611,183.83055114746094,460017
2025-01-09 00:00:00+01:00,183.9800101992424,188.5135040283203,183.83056054033534,188.5135040283203,178721
2025-01-10 00:00:00+01:00,188.7127675147227,191.85134705297367,186.32148185041828,191.45278930664062,249047
2025-01-13 00:00:00+01:00,189.3105926513672,190.30696419163752,186.52074929792556,189.3105926513672,206273
2025-01-14 00:00:00+01:00,189.41024479240878,192.15026665698196,188.31422996520996,191.3033447265625,273171
2025-01-15 00:00:00+01:00,191.30333523162966,193.84408569335938,188.91204962260355,193.84408569335938,208413
2025-01-16 00:00:00+01:00,194.84046193972662,208.2416564044989,193.64481910631852,206.3485565185547,776182
2025-01-17 00:00:00+01:00,206.14926776787357,219.4010124334733,203.65833889100983,217.70718383789062,813954
2025-01-20 00:00:00+01:00,217.7071833760737,220.69629802196943,215.3158977407264,215.91371154785156,356520
2025-01-21 00:00:00+01:00,215.9137196510998,221.99159240722656,213.223519409515,221.99159240722656,381692
2025-01-22 00:00:00+01:00,221.99158102494673,223.08758059132506,208.44092206841609,211.031494140625,547562
2025-01-23 00:00:00+01:00,209.23802254986492,213.3231519286363,207.6438220109729,211.92822265625,250602
2025-01-24 00:00:00+01:00,207.2452848427549,212.82497166989077,204.55508466673078,206.3485565185547,264534
2025-01-27 00:00:00+01:00,204.25616455078125,205.85036508718096,201.0677786814049,204.25616455078125,347210
2025-01-28 00:00:00+01:00,204.7543566473599,206.54782850539377,200.56959911422996,202.263427734375,150350
2025-01-29 00:00:00+01:00,202.3630662691964,207.444552011534,202.3630662691964,203.7579803466797,140814
2025-01-30 00:00:00+01:00,203.75799018172856,210.23440551757812,203.5587189043872,210.23440551757812,185762
2025-01-31 00:00:00+01:00,211.0315024714618,211.52968825859773,207.6438299968833,210.33404541015625,204205
2025-02-03 00:00:00+01:00,204.25617387185264,209.83586080045322,204.25617387185264,208.04238891601562,301443
2025-02-04 00:00:00+01:00,208.6401990655167,214.41915716757646,208.04238525018715,214.02061462402344,276321
2025-02-05 00:00:00+01:00,214.41915709520666,220.99521548557644,213.5224287708033,220.7959442138672,557301
2025-02-06 00:00:00+01:00,221.1944826727044,223.28686899557223,214.41915313573872,218.2053680419922,358572
2025-02-07 00:00:00+01:00,218.7035583692342,219.10210091359463,215.01698662191816,215.8140869140625,212529
2025-02-10 00:00:00+01:00,216.2126249548507,218.8031970495039,215.31589664700633,218.2053680419922,174201
2025-02-11 00:00:00+01:00,218.40464395781356,223.48614501953125,217.3086443586161,223.48614501953125,250017
2025-02-12 00:00:00+01:00,223.4861445068926,235.04404550970705,222.98795872564827,228.46800231933594,608530
2025-02-13 00:00:00+01:00,229.86292098587643,231.0585638438994,222.68904863431482,226.0767059326172,260359
2025-02-14 00:00:00+01:00,226.87380965499082,229.0658241282739,222.98796650705376,225.97708129882812,238419
2025-02-17 00:00:00+01:00,225.97708025281116,230.56038045692864,224.18360834536344,229.16546630859375,123813
2025-02-18 00:00:00+01:00,229.1654541815212,230.36109698874017,226.9734398343826,228.16908264160156,179744
2025-02-19 00:00:00+01:00,228.4680054874379,237.93353546233607,224.9807049703701,227.4716339111328,396845
2025-02-20 00:00:00+01:00,228.36835479940336,229.56399761128463,223.6854115842049,224.98069763183594,203364
2025-02-21 00:00:00+01:00,226.07670790960955,230.85929458694793,224.98070828159746,227.3719940185547,186125
2025-02-24 00:00:00+01:00,226.77417009483972,227.07306939609074,219.30138349509883,220.89556884765625,212579
2025-02-25 00:00:00+01:00,220.8955720003056,222.8883151220105,217.50791477477662,219.89920043945312,231351
2025-02-26 00:00:00+01:00,219.4010168406486,222.09121704101562,218.30501723486685,222.09121704101562,191047
2025-02-27 00:00:00+01:00,222.19085742355486,222.78868643969614,214.71807073890616,217.20899963378906,241224
2025-02-28 00:00:00+01:00,214.6184283669159,221.9915870475462,214.41915709520666,220.7959442138672,374141
2025-03-03 00:00:00+01:00,218.90283401698986,221.99159200950547,216.5115482961818,220.1981201171875,241825
2025-03-04 00:00:00+01:00,217.50792050843788,218.90283464903285,214.71807702382407,215.2162628173828,355340
2025-03-05 00:00:00+01:00,218.00610527554747,224.48252056131807,215.71444759528234,218.40464782714844,210316
2025-03-06 00:00:00+01:00,219.20174049184067,219.99884077067748,209.6365675526456,215.01698303222656,372409
2025-03-07 00:00:00+01:00,215.016993132314,217.90646467497464,212.02787834883446,214.71807861328125,270698
2025-03-10 00:00:00+01:00,213.72169788976552,215.1166119811033,209.43729717576622,211.82859802246094,334970
2025-03-11 00:00:00+01:00,211.72896089827915,215.3159046701607,205.75073141409246,208.93911743164062,411471
2025-03-12 00:00:00+01:00,210.0351322517777,211.92823217373396,207.64383133604875,208.93911743164062,323682
2025-03-13 00:00:00+01:00,207.64383212567913,213.22351908017475,206.54783250479795,212.52606201171875,249698
2025-03-14 00:00:00+01:00,213.2235196431478,215.31590605746413,210.83223391543532,215.2162628173828,250543
2025-03-17 00:00:00+01:00,215.7144486109416,219.20174916585287,214.0206199535266,215.2162628173828,238362
2025-03-18 00:00:00+01:00,216.01335321676137,218.0060962995665,212.8249673249578,216.41189575195312,282651
2025-03-19 00:00:00+01:00,216.21263654326185,218.80320877676272,212.62569271278744,217.4082794189453,207029
2025-03-20 00:00:00+01:00,216.81045815299862,221.6926727294922,214.81771502734026,221.6926727294922,251282
2025-03-21 00:00:00+01:00,221.6926812351219,225.27962508029577,219.1021089910048,221.89195251464844,654792
2025-03-24 00:00:00+01:00,221.8919460050512,225.2796184713151,220.7959463980964,222.9879608154297,184696
2025-03-25 00:00:00+01:00,223.18723172148836,228.86654663085938,221.59303112782257,228.86654663085938,305370
2025-03-26 00:00:00+01:00,218.50429457884152,219.20175165706559,199.27431968824143,210.63294982910156,1270461
2025-03-27 00:00:00+01:00,210.23439516812735,213.02423852383927,205.35218069819888,209.63656616210938,343076
2025-03-28 00:00:00+01:00,209.23802887180955,219.79957355337507,206.846743194644,217.6075439453125,548759
2025-03-31 00:00:00+02:00,216.0133518153167,218.3050093863595,209.43729360335442,211.031494140625,349952
2025-04-01 00:00:00+02:00,212.12749321382003,214.1202362790637,208.2416503179641,209.23802185058594,235194
2025-04-02 00:00:00+02:00,208.64020272370593,218.50429048554167,203.2598022742855,215.71444702148438,518305
2025-04-03 00:00:00+02:00,213.2235188521482,215.71444781070133,211.2307756853057,211.6293182373047,208438
2025-04-04 00:00:00+02:00,210.23439408581666,221.9915812507318,209.93547958434652,211.92822265625,579779
2025-04-07 00:00:00+02:00,204.25616632645162,209.73620981325888,194.5913653994944,204.6547088623047,651357
2025-04-08 00:00:00+02:00,205.05327529232002,215.2162624215414,204.55508949967756,213.42279052734375,390649
2025-04-09 00:00:00+02:00,205.85037613361607,209.73621924490752,197.33139601671294,199.8721466064453,514477
2025-04-10 00:00:00+02:00,214.21989043556945,215.11661877927907,207.2452893516207,211.6293182373047,457669
2025-04-11 00:00:00+02:00,210.23439516812735,213.32315302684827,206.54782350681165,209.63656616210938,218761
2025-04-14 00:00:00+02:00,213.2235169179032,218.006103515625,209.33767385918003,218.006103515625,276248
2025-04-15 00:00:00+02:00,218.10572372140348,221.69266734178592,216.51153838167374,220.4970245361328,280209
2025-04-16 00:00:00+02:00,218.20537852592207,221.99159361408863,215.2162637515944,219.69993591308594,254766
2025-04-17 00:00:00+02:00,219.20174363334618,221.9915870475462,216.41190021914616,220.7959442138672,153822
2025-04-22 00:00:00+02:00,220.69630178307625,224.68178804552457,220.09847276233958,224.38287353515625,349577
2025-04-23 00:00:00+02:00,225.67816320773773,228.6672779522111,224.48252035063317,225.1799774169922,302362
2025-04-24 00:00:00+02:00,224.18360583550106,225.5785199682191,217.1093615255446,225.1799774169922,260253
2025-04-25 00:00:00+02:00,225.08033217753547,226.67453277512558,222.68904648457394,223.8846893310547,83194
2025-04-28 00:00:00+02:00,223.18722473473053,227.67089666020502,223.18722473473053,227.27235412597656,213884
2025-04-29 00:00:00+02:00,227.17271397043618,233.54948582507907,226.57488495756567,233.05130004882812,267426
2025-04-30 00:00:00+02:00,233.05130320662755,234.54586055563138,229.8629172361041,232.054931640625,235407
2025-05-02 00:00:00+02:00,232.55311038998374,256.8645697837688,231.75602532402863,256.6653137207031,716893
2025-05-05 00:00:00+02:00,254.07475180254724,254.67258082933446,245.40632213467447,249.59107971191406,214037
2025-05-06 00:00:00+02:00,250.08926730518925,250.48780985697542,239.2288231330665,242.31756591796875,305623
2025-05-07 00:00:00+02:00,242.91539534726562,246.20342461687457,241.7197524865234,244.1110382080078,223234
2025-05-08 00:00:00+02:00,244.1110382080078,246.4026958930943,240.32482314613762,244.1110382080078,170639
2025-05-09 00:00:00+02:00,242.8157483568303,245.00776276823643,240.9226484568486,242.41720581054688,185516
2025-05-12 00:00:00+02:00,244.80849527648877,248.09652454609773,241.12192345444038,244.1110382080078,155943
2025-05-13 00:00:00+02:00,244.11102695261013,245.80485552751503,235.94078337692167,239.92626953125,223146
2025-05-14 00:00:00+02:00,239.12916917067307,239.62735493977863,230.85928236283598,233.15093994140625,274923
2025-05-15 00:00:00+02:00,231.45711402917107,233.35021389217593,228.76691388574503,230.36109924316406,159356
2025-05-16 00:00:00+02:00,233.64913024904635,235.44260209334846,229.26510147712872,230.75965881347656,135503
2025-05-19 00:00:00+02:00,230.75965385173615,231.85565341943794,226.37560997065978,231.3574676513672,183135
2025-05-20 00:00:00+02:00,231.15819747435506,232.95166928854763,228.06943961638882,229.06581115722656,174804
2025-05-21 00:00:00+02:00,228.16909539116753,228.96619570832803,223.7850664519208,224.18360900878906,178998
2025-05-22 00:00:00+02:00,223.28688134493052,223.28688134493052,216.8104659535287,219.20175170898438,279233
2025-05-23 00:00:00+02:00,220.69630872964285,220.79595197070984,212.3267933964346,217.4082794189453,262748
2025-05-26 00:00:00+02:00,219.69993415357814,220.6963057370411,217.8068342263681,219.3013916015625,137938
2025-05-27 00:00:00+02:00,220.69630231445066,221.09484486028566,217.90645888333498,219.40101623535156,220776
2025-05-28 00:00:00+02:00,220.6963089470823,220.79595218824744,217.80683739438174,218.30502319335938,338354
2025-05-29 00:00:00+02:00,224.7814371108126,229.36473730939403,218.00610724831836,219.69993591308594,527755
2025-05-30 00:00:00+02:00,219.69993787787945,224.58215263824047,218.6039230361213,220.99522399902344,690726
2025-06-02 00:00:00+02:00,218.8032044062231,227.1727195722524,217.6075463509986,220.69630432128906,321324
2025-06-03 00:00:00+02:00,222.78868905367057,235.9407907322809,218.40464502518472,235.64187622070312,777763
2025-06-04 00:00:00+02:00,236.93717306122832,259.554805678518,233.7487869342692,256.9642333984375,1207638
2025-06-05 00:00:00+02:00,254.07475534092964,262.64355709262077,249.19254063339508,258.06024169921875,931887
2025-06-06 00:00:00+02:00,255.17076529663953,266.92793766627153,250.48780675236307,266.3301086425781,660478
2025-06-09 00:00:00+02:00,266.33011561026103,270.51488847874884,262.3446292238338,267.027587890625,437638
2025-06-10 00:00:00+02:00,266.230482905723,269.418853532789,263.63991086652544,268.5221252441406,313091
2025-06-11 00:00:00+02:00,265.03483462838733,267.32647705078125,260.05297683462067,267.32647705078125,287919
2025-06-12 00:00:00+02:00,267.1272380837794,273.80290971067393,263.24139483725133,267.7250671386719,371599
2025-06-13 00:00:00+02:00,263.0420921860586,270.0166931152344,262.3446199304022,270.0166931152344,276632
2025-06-16 00:00:00+02:00,270.01668467115496,272.0094277314587,262.24499889870884,263.9388122558594,197276
2025-06-17 00:00:00+02:00,263.6399234639601,266.0312091502332,256.0674934517226,265.4333801269531,192253
2025-06-18 00:00:00+02:00,265.0348284275261,269.3192138671875,263.44062788944996,269.3192138671875,181753
2025-06-20 00:00:00+02:00,269.2196248455968,271.71055390446855,267.2268815984994,269.5185241699219,568628
2025-06-23 00:00:00+02:00,266.3300928890231,272.60725165623586,263.9388073425425,270.41522216796875,218537
2025-06-24 00:00:00+02:00,274.0021940590679,277.98768051810885,273.30472176599625,274.9985656738281,329345
2025-06-25 00:00:00+02:00,275.4967479707253,276.9913053738215,272.60727640610907,274.20147705078125,252372
2025-06-26 00:00:00+02:00,274.30107639349086,275.6960208932462,270.9134191944709,274.6000061035156,158189
2025-06-27 00:00:00+02:00,278.0,278.6000061035156,271.1000061035156,275.29998779296875,168775
2025-06-30 00:00:00+02:00,276.0,286.6000061035156,276.0,280.79998779296875,301069
2025-07-01 00:00:00+02:00,278.0,282.3999938964844,274.3999938964844,276.0,166155
2025-07-02 00:00:00+02:00,275.1000061035156,275.70001220703125,267.29998779296875,269.79998779296875,197843
2025-07-03 00:00:00+02:00,267.70001220703125,273.79998779296875,267.6000061035156,269.5,126223
2025-07-04 00:00:00+02:00,269.8999938964844,270.1000061035156,267.1000061035156,269.8999938964844,142962
2025-07-07 00:00:00+02:00,272.0,278.0,269.20001220703125,274.0,150786
2025-07-08 00:00:00+02:00,274.5,280.0,272.20001220703125,274.0,187202
2025-07-09 00:00:00+02:00,274.0,275.70001220703125,267.3999938964844,269.3999938964844,137668
2025-07-10 00:00:00+02:00,272.0,272.0,266.6000061035156,267.8999938964844,155593
2025-07-11 00:00:00+02:00,267.8999938964844,269.0,263.79998779296875,269.0,130250
2025-07-14 00:00:00+02:00,269.8999938964844,269.8999938964844,266.1000061035156,269.0,101147
2025-07-15 00:00:00+02:00,269.0,271.1000061035156,265.0,266.79998779296875,128833
2025-07-16 00:00:00+02:00,265.0,266.79998779296875,262.1000061035156,265.3999938964844,83573
2025-07-17 00:00:00+02:00,266.0,267.1000061035156,260.0,267.1000061035156,225109
2025-07-18 00:00:00+02:00,268.3999938964844,272.79998779296875,265.5,269.6000061035156,215865
2025-07-21 00:00:00+02:00,270.1000061035156,270.8999938964844,262.20001220703125,265.20001220703125,214376
2025-07-22 00:00:00+02:00,265.20001220703125,265.20001220703125,253.60000610351562,255.89999389648438,395346
2025-07-23 00:00:00+02:00,256.20001220703125,259.6000061035156,252.39999389648438,257.1000061035156,228207
2025-07-24 00:00:00+02:00,258.29998779296875,262.1000061035156,252.6999969482422,253.8000030517578,229225
2025-07-25 00:00:00+02:00,252.3000030517578,254.39999389648438,248.89999389648438,253.3000030517578,187092
2025-07-28 00:00:00+02:00,255.3000030517578,256.8999938964844,248.1999969482422,249.8000030517578,210324
2025-07-29 00:00:00+02:00,250.6999969482422,254.89999389648438,250.6999969482422,252.10000610351562,149946
2025-07-30 00:00:00+02:00,252.10000610351562,254.8000030517578,249.6999969482422,254.3000030517578,103308
2025-07-31 00:00:00+02:00,254.3000030517578,255.5,250.1999969482422,251.1999969482422,103936
2025-08-01 00:00:00+02:00,250.60000610351562,251.0,245.5,247.10000610351562,162444
2025-08-04 00:00:00+02:00,247.10000610351562,248.89999389648438,241.60000610351562,247.3000030517578,203802
2025-08-05 00:00:00+02:00,250.0,252.39999389648438,243.6999969482422,246.3000030517578,181625
2025-08-06 00:00:00+02:00,246.3000030517578,248.89999389648438,244.8000030517578,248.0,145882
2025-08-07 00:00:00+02:00,248.0,252.60000610351562,247.10000610351562,248.89999389648438,178128
2025-08-08 00:00:00+02:00,250.0,257.5,247.39999389648438,256.3999938964844,197306
2025-08-11 00:00:00+02:00,257.8999938964844,263.0,254.0,255.8000030517578,224519
2025-08-12 00:00:00+02:00,256.1000061035156,257.20001220703125,251.39999389648438,252.5,125003
2025-08-13 00:00:00+02:00,255.0,259.0,253.5,255.0,218382
2025-08-14 00:00:00+02:00,255.10000610351562,255.10000610351562,245.0,246.60000610351562,156000
2025-08-18 00:00:00+02:00,247.8000030517578,256.70001220703125,245.0,255.0,220994
2025-08-19 00:00:00+02:00,254.3000030517578,257.5,251.0,253.8000030517578,152386
2025-08-20 00:00:00+02:00,253.5,256.0,250.60000610351562,251.89999389648438,104760
2025-08-21 00:00:00+02:00,253.0,262.70001220703125,252.1999969482422,260.8999938964844,268115
2025-08-22 00:00:00+02:00,259.8999938964844,265.6000061035156,254.89999389648438,257.8999938964844,276119
2025-08-25 00:00:00+02:00,255.60000610351562,260.29998779296875,255.60000610351562,259.0,81865
2025-08-26 00:00:00+02:00,259.0,265.79998779296875,255.60000610351562,260.20001220703125,393845
2025-08-27 00:00:00+02:00,260.3999938964844,264.0,255.8000030517578,257.6000061035156,137200
2025-08-28 00:00:00+02:00,257.8999938964844,259.3999938964844,250.0,254.8000030517578,150223
2025-08-29 00:00:00+02:00,257.70001220703125,258.20001220703125,246.1999969482422,252.0,325699
2025-09-01 00:00:00+02:00,253.0,257.6000061035156,242.60000610351562,245.6999969482422,272349
2025-09-02 00:00:00+02:00,248.8000030517578,250.60000610351562,243.89999389648438,248.89999389648438,118874
2025-09-03 00:00:00+02:00,250.6999969482422,252.10000610351562,245.89999389648438,245.89999389648438,166137
2025-09-04 00:00:00+02:00,246.0,252.0,245.5,250.0,193379
2025-09-05 00:00:00+02:00,250.39999389648438,253.5,249.0,250.1999969482422,191397
2025-09-08 00:00:00+02:00,251.0,256.0,248.5,255.0,191374
2025-09-09 00:00:00+02:00,256.0,256.1000061035156,251.0,252.5,168547
2025-09-10 00:00:00+02:00,252.0,259.0,252.0,255.3000030517578,283016
2025-09-11 00:00:00+02:00,255.3000030517578,257.20001220703125,253.0,255.0,171886
2025-09-12 00:00:00+02:00,254.39999389648438,256.8999938964844,251.5,252.3000030517578,122280
2025-09-15 00:00:00+02:00,254.0,258.1000061035156,253.89999389648438,257.0,283589
2025-09-16 00:00:00+02:00,257.6000061035156,258.3999938964844,255.10000610351562,257.1000061035156,133806
2025-09-17 00:00:00+02:00,256.6000061035156,257.8999938964844,255.0,256.70001220703125,118392
2025-09-18 00:00:00+02:00,257.0,262.6000061035156,257.0,262.6000061035156,295113
2025-09-19 00:00:00+02:00,263.0,263.1000061035156,252.10000610351562,255.0,661260
2025-09-22 00:00:00+02:00,255.0,260.79998779296875,254.8000030517578,259.5,200688
2025-09-23 00:00:00+02:00,259.0,260.8999938964844,254.5,254.5,158311
2025-09-24 00:00:00+02:00,255.0,255.6999969482422,252.5,255.0,186904
2025-09-25 00:00:00+02:00,253.0,255.3000030517578,251.89999389648438,253.6999969482422,123509
2025-09-26 00:00:00+02:00,253.6999969482422,257.70001220703125,250.8000030517578,256.29998779296875,173602
2025-09-29 00:00:00+02:00,258.0,267.79998779296875,257.79998779296875,267.79998779296875,328052
2025-09-30 00:00:00+02:00,267.79998779296875,270.8999938964844,262.29998779296875,270.5,327132
2025-10-01 00:00:00+02:00,269.8999938964844,274.79998779296875,266.8999938964844,272.20001220703125,264798
2025-10-02 00:00:00+02:00,272.5,272.79998779296875,269.0,270.3999938964844,276032
2025-10-03 00:00:00+02:00,270.3999938964844,273.79998779296875,270.0,273.5,307222
2025-10-06 00:00:00+02:00,273.0,275.6000061035156,271.5,273.5,390951
2025-10-07 00:00:00+02:00,272.79998779296875,274.5,269.8999938964844,274.5,283628
2025-10-08 00:00:00+02:00,272.1000061035156,278.6000061035156,271.1000061035156,278.6000061035156,393478
2025-10-09 00:00:00+02:00,278.70001220703125,285.3999938964844,273.20001220703125,275.0,378924
2025-10-10 00:00:00+02:00,275.0,275.0,259.0,259.8999938964844,472334
2025-10-13 00:00:00+02:00,258.6000061035156,259.20001220703125,252.0,255.0,341459
2025-10-14 00:00:00+02:00,253.60000610351562,254.6999969482422,245.6999969482422,248.8000030517578,345262
2025-10-15 00:00:00+02:00,248.3000030517578,252.3000030517578,248.3000030517578,251.0,392596
2025-10-16 00:00:00+02:00,251.89999389648438,257.1000061035156,251.0,252.5,366516
2025-10-17 00:00:00+02:00,251.6999969482422,261.6000061035156,243.39999389648438,256.8999938964844,397019
2025-10-20 00:00:00+02:00,259.0,261.0,252.5,253.1999969482422,278470
2025-10-21 00:00:00+02:00,253.39999389648438,262.0,253.39999389648438,258.20001220703125,294751
2025-10-22 00:00:00+02:00,260.3999938964844,263.5,258.0,260.8999938964844,199965
2025-10-23 00:00:00+02:00,260.5,262.70001220703125,259.20001220703125,260.20001220703125,287938
2025-10-24 00:00:00+02:00,261.1000061035156,264.0,258.5,259.5,159341
2025-10-27 00:00:00+01:00,262.0,262.1000061035156,253.89999389648438,254.8000030517578,212382
2025-10-28 00:00:00+01:00,254.60000610351562,262.79998779296875,254.0,259.20001220703125,212404
2025-10-29 00:00:00+01:00,260.3999938964844,261.8999938964844,256.20001220703125,256.79998779296875,156459
2025-10-30 00:00:00+01:00,256.8999938964844,259.1000061035156,254.39999389648438,257.29998779296875,135736
2025-10-31 00:00:00+01:00,257.5,258.70001220703125,253.8000030517578,253.8000030517578,217684
2025-11-03 00:00:00+01:00,256.1000061035156,258.6000061035156,253.10000610351562,255.39999389648438,207782
2025-11-04 00:00:00+01:00,254.0,254.8000030517578,250.8000030517578,252.5,152685
2025-11-05 00:00:00+01:00,252.39999389648438,253.60000610351562,249.5,250.1999969482422,139884
2025-11-06 00:00:00+01:00,251.5,253.3000030517578,248.6999969482422,250.0,226691
2025-11-07 00:00:00+01:00,251.0,252.0,240.89999389648438,242.89999389648438,283367
2025-11-10 00:00:00+01:00,243.1999969482422,247.1999969482422,243.1999969482422,245.60000610351562,150326
2025-11-12 00:00:00+01:00,245.60000610351562,246.3000030517578,242.3000030517578,243.39999389648438,203709
2025-11-13 00:00:00+01:00,245.1999969482422,245.6999969482422,233.8000030517578,237.39999389648438,355867
2025-11-14 00:00:00+01:00,233.10000610351562,236.6999969482422,230.5,236.6999969482422,223023
2025-11-17 00:00:00+01:00,237.0,238.1999969482422,228.6999969482422,230.89999389648438,307563
2025-11-18 00:00:00+01:00,228.8000030517578,230.3000030517578,225.8000030517578,229.8000030517578,248987
2025-11-19 00:00:00+01:00,230.39999389648438,230.60000610351562,226.39999389648438,229.1999969482422,212277
2025-11-20 00:00:00+01:00,230.1999969482422,233.1999969482422,227.39999389648438,227.8000030517578,174080
2025-11-21 00:00:00+01:00,226.10000610351562,228.8000030517578,223.1999969482422,228.1999969482422,218360
2025-11-24 00:00:00+01:00,235.0,235.3000030517578,225.60000610351562,230.89999389648438,382241
2025-11-25 00:00:00+01:00,233.6999969482422,234.3000030517578,229.8000030517578,231.5,254345
2025-11-26 00:00:00+01:00,234.89999389648438,243.5,233.1999969482422,243.0,358306
2025-11-27 00:00:00+01:00,245.8000030517578,257.70001220703125,240.0,249.3000030517578,766142
2025-11-28 00:00:00+01:00,249.39999389648438,256.79998779296875,247.8000030517578,256.3999938964844,305766
2025-12-01 00:00:00+01:00,256.79998779296875,260.70001220703125,253.6999969482422,255.8000030517578,206137
2025-12-02 00:00:00+01:00,255.8000030517578,258.79998779296875,253.5,255.3000030517578,174597
2025-12-03 00:00:00+01:00,257.0,258.1000061035156,251.39999389648438,251.89999389648438,150449
2025-12-04 00:00:00+01:00,251.89999389648438,255.1999969482422,251.10000610351562,254.60000610351562,134336
2025-12-05 00:00:00+01:00,255.5,255.60000610351562,238.8000030517578,238.8000030517578,360977
2025-12-08 00:00:00+01:00,241.10000610351562,243.89999389648438,234.10000610351562,243.0,315344
2025-12-09 00:00:00+01:00,243.0,253.60000610351562,239.10000610351562,252.8000030517578,320382
2025-12-10 00:00:00+01:00,253.89999389648438,254.0,245.10000610351562,245.39999389648438,184808
2025-12-11 00:00:00+01:00,245.39999389648438,255.0,242.6999969482422,253.0,248273
2025-12-12 00:00:00+01:00,250.39999389648438,251.8000030517578,244.60000610351562,247.6999969482422,256186
2025-12-15 00:00:00+01:00,247.60000610351562,251.89999389648438,245.1999969482422,247.3000030517578,220805
2025-12-16 00:00:00+01:00,246.89999389648438,247.3000030517578,243.39999389648438,244.60000610351562,219579
2025-12-17 00:00:00+01:00,247.0,247.5,240.0,240.3000030517578,288205
2025-12-18 00:00:00+01:00,241.1999969482422,242.89999389648438,238.8000030517578,242.6999969482422,260940
2025-12-19 00:00:00+01:00,243.39999389648438,247.6999969482422,242.0,242.0,584907
2025-12-22 00:00:00+01:00,242.60000610351562,248.1999969482422,242.60000610351562,245.8000030517578,205808
2025-12-23 00:00:00+01:00,245.10000610351562,247.3000030517578,240.10000610351562,240.10000610351562,209017
2025-12-29 00:00:00+01:00,241.1999969482422,242.39999389648438,238.6999969482422,241.5,115050
2025-12-30 00:00:00+01:00,241.0,244.5,240.5,241.0,205596
2026-01-02 00:00:00+01:00,246.89999389648438,247.0,240.0,241.6999969482422,224702
2026-01-05 00:00:00+01:00,243.0,245.5,238.10000610351562,239.39999389648438,245095
2026-01-07 00:00:00+01:00,240.6999969482422,246.10000610351562,235.39999389648438,246.10000610351562,396896
2026-01-08 00:00:00+01:00,246.10000610351562,246.8000030517578,233.8000030517578,235.0,361725
2026-01-09 00:00:00+01:00,238.0,240.8000030517578,235.6999969482422,240.60000610351562,310964
2026-01-12 00:00:00+01:00,241.0,244.8000030517578,239.3000030517578,241.0,171143
2026-01-13 00:00:00+01:00,241.0,254.8000030517578,240.5,253.5,436848
2026-01-14 00:00:00+01:00,253.5,255.1999969482422,251.0,254.1999969482422,291694
2026-01-15 00:00:00+01:00,254.0,274.70001220703125,253.1999969482422,274.6000061035156,595424
2026-01-16 00:00:00+01:00,274.5,283.0,274.0,280.6000061035156,671297
2026-01-19 00:00:00+01:00,277.0,280.1000061035156,275.0,276.70001220703125,285026
2026-01-20 00:00:00+01:00,276.0,276.20001220703125,265.0,270.29998779296875,278724
2026-01-21 00:00:00+01:00,271.20001220703125,273.0,263.0,265.0,332659
2026-01-22 00:00:00+01:00,267.0,271.0,265.79998779296875,270.0,345518
2026-01-23 00:00:00+01:00,270.0,270.0,267.20001220703125,269.6000061035156,175918
2026-01-26 00:00:00+01:00,270.0,270.0,264.1000061035156,266.3999938964844,144897
2026-01-27 00:00:00+01:00,268.1000061035156,268.5,262.3999938964844,265.79998779296875,237194
2026-01-28 00:00:00+01:00,266.0,286.0,265.29998779296875,285.6000061035156,535307
2026-01-29 00:00:00+01:00,286.0,294.0,280.1000061035156,282.3999938964844,518549
2026-01-30 00:00:00+01:00,282.3999938964844,284.0,257.6000061035156,259.79998779296875,831187
2026-02-02 00:00:00+01:00,261.0,263.79998779296875,254.3000030517578,259.70001220703125,625964
2026-02-03 00:00:00+01:00,264.70001220703125,264.79998779296875,246.89999389648438,250.6999969482422,955386
2026-02-04 00:00:00+01:00,255.0,262.70001220703125,249.8000030517578,251.89999389648438,886534
2026-02-05 00:00:00+01:00,252.89999389648438,255.5,248.89999389648438,249.0,574266
2026-02-06 00:00:00+01:00,245.0,247.0,240.0,240.0,726737
2026-02-09 00:00:00+01:00,246.1999969482422,251.0,242.8000030517578,248.8000030517578,536058
2026-02-10 00:00:00+01:00,251.5,252.0,245.1999969482422,247.39999389648438,562839
2026-02-11 00:00:00+01:00,250.0,252.89999389648438,241.0,241.1999969482422,423264
2026-02-12 00:00:00+01:00,243.5,249.0,242.5,244.0,319974
2026-02-13 00:00:00+01:00,244.0,244.5,238.6999969482422,240.6999969482422,521334
2026-02-16 00:00:00+01:00,244.5,244.8000030517578,241.1999969482422,242.89999389648438,130770
2026-02-17 00:00:00+01:00,243.5,245.0,239.60000610351562,244.0,262963
2026-02-18 00:00:00+01:00,246.39999389648438,250.5,241.0,243.0,233625
2026-02-19 00:00:00+01:00,244.39999389648438,245.0,241.8000030517578,242.0,176013
2026-02-20 00:00:00+01:00,242.0,245.89999389648438,241.1999969482422,244.3000030517578,155610
2026-02-23 00:00:00+01:00,245.0,245.0,240.8000030517578,242.1999969482422,231296
2026-02-24 00:00:00+01:00,242.1999969482422,243.10000610351562,239.3000030517578,240.0,256229
2026-02-25 00:00:00+01:00,240.0,250.8000030517578,240.0,249.0,431718
2026-02-26 00:00:00+01:00,249.3000030517578,251.89999389648438,246.8000030517578,249.1999969482422,220960
2026-02-27 00:00:00+01:00,250.8000030517578,250.8000030517578,242.3000030517578,242.6999969482422,416002
2026-03-02 00:00:00+01:00,240.0,245.1999969482422,231.6999969482422,243.89999389648438,295944
2026-03-03 00:00:00+01:00,243.8000030517578,243.8000030517578,233.5,235.8000030517578,523785
2026-03-04 00:00:00+01:00,236.0,247.8000030517578,236.0,247.8000030517578,407830
2026-03-05 00:00:00+01:00,248.0,250.60000610351562,243.6999969482422,248.5,269125
2026-03-06 00:00:00+01:00,249.5,253.39999389648438,244.6999969482422,245.3000030517578,319927
2026-03-09 00:00:00+01:00,243.0,252.60000610351562,240.0,246.8000030517578,367155
2026-03-10 00:00:00+01:00,251.0,256.5,249.0,249.0,414938
2026-03-11 00:00:00+01:00,252.0,252.10000610351562,247.39999389648438,247.39999389648438,199279
2026-03-12 00:00:00+01:00,249.0,250.89999389648438,245.60000610351562,248.0,200268
2026-03-13 00:00:00+01:00,248.39999389648438,250.89999389648438,244.39999389648438,246.89999389648438,203799
2026-03-16 00:00:00+01:00,248.0,248.6999969482422,244.6999969482422,246.3000030517578,155584
2026-03-17 00:00:00+01:00,246.0,248.39999389648438,242.60000610351562,245.39999389648438,184324
2026-03-18 00:00:00+01:00,247.5,247.8000030517578,238.60000610351562,238.60000610351562,313121
2026-03-19 00:00:00+01:00,238.5,241.6999969482422,231.0,234.60000610351562,465674
2026-03-20 00:00:00+01:00,249.89999389648438,255.8000030517578,244.0,244.5,1262633
2026-03-23 00:00:00+01:00,243.8000030517578,254.0,241.0,244.0,442006
2026-03-24 00:00:00+01:00,244.0,245.0,234.3000030517578,235.3000030517578,444331
2026-03-25 00:00:00+01:00,239.89999389648438,240.5,236.39999389648438,240.3000030517578,242165
2026-03-26 00:00:00+01:00,240.0,240.10000610351562,232.8000030517578,234.6999969482422,283469
2026-03-27 00:00:00+01:00,237.8000030517578,237.89999389648438,232.0,235.1999969482422,317473
2026-03-30 00:00:00+02:00,235.1999969482422,235.39999389648438,231.8000030517578,231.8000030517578,244352
2026-03-31 00:00:00+02:00,234.60000610351562,238.3000030517578,232.3000030517578,236.60000610351562,204570
2026-04-01 00:00:00+02:00,239.89999389648438,244.39999389648438,239.0,241.0,319225
2026-04-02 00:00:00+02:00,239.1999969482422,244.0,236.6999969482422,243.8000030517578,194156
2026-04-07 00:00:00+02:00,243.8000030517578,249.6999969482422,241.0,243.3000030517578,270314
2026-04-08 00:00:00+02:00,249.8000030517578,256.29998779296875,248.0,252.60000610351562,472208
2026-04-09 00:00:00+02:00,252.0,252.1999969482422,244.0,244.10000610351562,269994
2026-04-10 00:00:00+02:00,246.0,247.3000030517578,240.8000030517578,246.39999389648438,183084
2026-04-13 00:00:00+02:00,246.1999969482422,246.1999969482422,240.10000610351562,245.10000610351562,234347
2026-04-14 00:00:00+02:00,246.0,261.0,245.39999389648438,260.20001220703125,543450
2026-04-15 00:00:00+02:00,260.20001220703125,273.5,258.29998779296875,271.0,525597
2026-04-16 00:00:00+02:00,270.0,278.79998779296875,269.0,277.70001220703125,569337
2026-04-17 00:00:00+02:00,277.3999938964844,291.0,265.6000061035156,288.3999938964844,733013
2026-04-20 00:00:00+02:00,285.0,286.20001220703125,273.0,282.1000061035156,518699
2026-04-21 00:00:00+02:00,282.1000061035156,285.0,280.20001220703125,282.20001220703125,244626
2026-04-22 00:00:00+02:00,283.6000061035156,297.0,283.3999938964844,293.1000061035156,701753
2026-04-23 00:00:00+02:00,293.0,293.0,283.0,283.70001220703125,311722
2026-04-24 00:00:00+02:00,282.79998779296875,285.20001220703125,277.0,278.8999938964844,273843
2026-04-27 00:00:00+02:00,278.0,280.0,275.1000061035156,279.8999938964844,169897
2026-04-28 00:00:00+02:00,281.1000061035156,282.6000061035156,277.3999938964844,277.5,136925
2026-04-29 00:00:00+02:00,277.5,281.0,275.29998779296875,276.20001220703125,282965
2026-04-30 00:00:00+02:00,276.0,279.3999938964844,273.29998779296875,275.6000061035156,212647
2026-05-04 00:00:00+02:00,276.0,279.5,264.20001220703125,264.20001220703125,248814
2026-05-05 00:00:00+02:00,265.0,266.0,260.29998779296875,262.20001220703125,225070
2026-05-06 00:00:00+02:00,265.0,272.0,262.29998779296875,267.1000061035156,384869
2026-05-07 00:00:00+02:00,268.1000061035156,268.20001220703125,261.6000061035156,266.0,290934
2026-05-08 00:00:00+02:00,266.3999938964844,266.3999938964844,260.0,260.79998779296875,190580
2026-05-11 00:00:00+02:00,261.0,262.29998779296875,257.70001220703125,260.70001220703125,162036
2026-05-12 00:00:00+02:00,262.0,262.8999938964844,255.0,255.5,193262
2026-05-13 00:00:00+02:00,259.79998779296875,259.8999938964844,254.39999389648438,256.1000061035156,152032
2026-05-14 00:00:00+02:00,260.0,267.29998779296875,258.5,259.29998779296875,342048
2026-05-15 00:00:00+02:00,258.0,260.20001220703125,254.8000030517578,257.79998779296875,170272
2026-05-18 00:00:00+02:00,261.0,265.79998779296875,257.8999938964844,262.8999938964844,456974
2026-05-19 00:00:00+02:00,266.29998779296875,267.5,258.8999938964844,260.29998779296875,274602
2026-05-20 00:00:00+02:00,260.20001220703125,260.3999938964844,255.60000610351562,257.20001220703125,277032
2026-05-21 00:00:00+02:00,255.0,257.6000061035156,249.3000030517578,255.0,308796
2026-05-22 00:00:00+02:00,259.0,261.6000061035156,255.60000610351562,256.0,196657
2026-05-25 00:00:00+02:00,260.0,260.29998779296875,255.3000030517578,255.8000030517578,193747
2026-05-26 00:00:00+02:00,257.3999938964844,257.70001220703125,252.0,252.0,218979
2026-05-27 00:00:00+02:00,257.5,262.79998779296875,231.8000030517578,233.0,2024887
2026-05-28 00:00:00+02:00,236.0,236.8000030517578,228.10000610351562,228.1999969482422,628912
2026-05-29 00:00:00+02:00,232.5,236.89999389648438,229.10000610351562,232.60000610351562,785477
2026-06-01 00:00:00+02:00,238.1999969482422,238.1999969482422,225.60000610351562,225.89999389648438,576359
2026-06-02 00:00:00+02:00,229.60000610351562,231.39999389648438,226.1999969482422,227.39999389648438,460662
2026-06-03 00:00:00+02:00,227.6999969482422,228.8000030517578,223.1999969482422,227.5,450024
2026-06-05 00:00:00+02:00,228.0,230.60000610351562,227.0,227.8000030517578,331386
2026-06-08 00:00:00+02:00,225.39999389648438,227.39999389648438,223.60000610351562,227.10000610351562,316526
2026-06-09 00:00:00+02:00,227.10000610351562,227.60000610351562,224.0,225.5,272191
2026-06-10 00:00:00+02:00,226.8000030517578,227.3000030517578,220.1999969482422,221.39999389648438,340660
2026-06-11 00:00:00+02:00,221.39999389648438,224.10000610351562,218.60000610351562,220.60000610351562,444571
2026-06-12 00:00:00+02:00,221.5,225.39999389648438,219.10000610351562,220.89999389648438,352588
2026-06-15 00:00:00+02:00,225.0,227.5,222.1999969482422,222.5,485341
2026-06-16 00:00:00+02:00,222.5,229.60000610351562,220.6999969482422,222.89999389648438,548411
2026-06-17 00:00:00+02:00,223.0,228.60000610351562,223.0,224.6999969482422,422858
2026-06-18 00:00:00+02:00,225.0,227.0,220.3000030517578,223.0,462609
2026-06-19 00:00:00+02:00,224.60000610351562,227.0,223.10000610351562,224.10000610351562,650905
2026-06-22 00:00:00+02:00,226.3000030517578,232.0,223.5,229.5,360494
2026-06-23 00:00:00+02:00,230.0,230.5,225.89999389648438,228.6999969482422,263429
2026-06-24 00:00:00+02:00,228.6999969482422,228.6999969482422,222.1999969482422,226.0,431443
2026-06-25 00:00:00+02:00,227.5,228.3000030517578,221.39999389648438,223.39999389648438,385735
2026-06-26 00:00:00+02:00,223.39999389648438,223.39999389648438,211.3000030517578,217.39999389648438,497372
2026-06-29 00:00:00+02:00,217.5,223.8000030517578,213.8000030517578,221.10000610351562,317941
2026-06-30 00:00:00+02:00,220.0,226.60000610351562,219.89999389648438,224.39999389648438,283157
2026-07-01 00:00:00+02:00,226.0,226.1999969482422,221.6999969482422,224.5,237374
2026-07-02 00:00:00+02:00,225.39999389648438,234.0,224.39999389648438,232.5,331375
2026-07-03 00:00:00+02:00,232.89999389648438,234.0,230.6999969482422,233.39999389648438,180224
2026-07-06 00:00:00+02:00,234.39999389648438,237.1999969482422,233.1999969482422,233.3000030517578,187840
2026-07-07 00:00:00+02:00,232.5,238.39999389648438,230.39999389648438,237.5,408105
2026-07-08 00:00:00+02:00,237.3000030517578,237.5,230.1999969482422,234.5,346343
2026-07-09 00:00:00+02:00,236.0,236.60000610351562,230.60000610351562,231.5,201453
2026-07-10 00:00:00+02:00,232.89999389648438,235.1999969482422,232.1999969482422,233.0,195827
2026-07-13 00:00:00+02:00,233.0,234.1999969482422,229.8000030517578,231.0,179174
2026-07-14 00:00:00+02:00,232.0,232.89999389648438,225.5,231.60000610351562,235256
2026-07-15 00:00:00+02:00,231.60000610351562,232.8000030517578,227.5,231.89999389648438,269350
2026-07-16 00:00:00+02:00,232.0,239.8000030517578,231.3000030517578,234.60000610351562,305758
2026-07-17 00:00:00+02:00,233.10000610351562,235.8000030517578,231.39999389648438,232.1999969482422,305435
2026-07-20 00:00:00+02:00,232.39999389648438,234.5,229.0,230.39999389648438,152145
2026-07-21 00:00:00+02:00,231.89999389648438,233.1999969482422,228.5,230.89999389648438,218091
2026-07-22 00:00:00+02:00,232.0,235.5,228.6999969482422,233.0,212314
2026-07-23 00:00:00+02:00,232.8000030517578,232.89999389648438,225.0,226.3000030517578,300155
2026-07-24 00:00:00+02:00,226.5,229.8000030517578,225.1999969482422,226.1999969482422,303602
2026-07-27 00:00:00+02:00,229.60000610351562,235.6999969482422,228.89999389648438,234.5,247016
2026-07-28 00:00:00+02:00,234.5,237.89999389648438,233.3000030517578,237.6999969482422,253091
2026-07-29 00:00:00+02:00,238.0,253.3000030517578,237.8000030517578,253.0,797113
2026-07-30 00:00:00+02:00,249.8000030517578,256.70001220703125,248.0,252.89999389648438,306683
2026-07-31 00:00:00+02:00,252.5,254.60000610351562,248.3000030517578,249.89999389648438,305586
2026-08-03 00:00:00+02:00,250.60000610351562,255.3000030517578,249.5,253.8000030517578,266693
2026-08-04 00:00:00+02:00,253.3000030517578,257.29998779296875,252.5,257.29998779296875,322917
2026-08-05 00:00:00+02:00,257.29998779296875,258.29998779296875,250.0,253.5,231752
2026-08-06 00:00:00+02:00,255.0,255.0,248.0,248.5,265368
2026-08-07 00:00:00+02:00,248.0,259.6000061035156,248.0,256.1000061035156,320086
2026-08-10 00:00:00+02:00,256.6000061035156,259.0,253.6999969482422,257.1000061035156,267702
2026-08-11 00:00:00+02:00,257.1000061035156,264.0,256.0,260.5,478428
2026-08-12 00:00:00+02:00,260.70001220703125,268.0,257.20001220703125,266.3999938964844,371606
2026-08-13 00:00:00+02:00,266.3999938964844,269.0,260.6000061035156,261.20001220703125,398005
2026-08-14 00:00:00+02:00,263.6000061035156,266.5,258.0,263.1000061035156,200723
2026-08-17 00:00:00+02:00,263.1000061035156,264.29998779296875,255.0,257.79998779296875,201367
2026-08-18 00:00:00+02:00,257.79998779296875,265.79998779296875,255.60000610351562,258.29998779296875,240826
2026-08-19 00:00:00+02:00,258.5,260.5,251.60000610351562,256.5,214371
2026-08-20 00:00:00+02:00,258.0,258.0,252.0,255.39999389648438,171500
2026-08-21 00:00:00+02:00,256.8999938964844,260.8999938964844,254.10000610351562,258.70001220703125,217489
