Date,Open,High,Low,Close,Volume
2016-08-22 00:00:00+02:00,20.047103103857268,20.230487190939222,19.98041841488794,20.080446243286133,127007
2016-08-23 00:00:00+02:00,20.005423243653766,20.313840884877568,20.005423243653766,20.15546417236328,284862
2016-08-24 00:00:00+02:00,20.005428306290888,20.313846025563855,20.005428306290888,20.29717445373535,275787
2016-08-25 00:00:00+02:00,19.838711549301646,20.297170137767854,19.838711549301646,20.188806533813477,467299
2016-08-26 00:00:00+02:00,20.130456735789743,20.18046984851861,19.90539534367756,20.0220947265625,208155
2016-08-29 00:00:00+02:00,20.13045928997549,20.297171806742053,20.005425697344766,20.172138214111328,205770
2016-08-30 00:00:00+02:00,20.022096672699867,20.422204793197473,20.022096672699867,20.3138427734375,212331
2016-08-31 00:00:00+02:00,20.17213650585552,20.805640200188737,20.080444470409912,20.50555992126465,472610
2016-09-01 00:00:00+02:00,20.65560220805899,20.92234095785053,20.447212361048305,20.713951110839844,532871
2016-09-02 00:00:00+02:00,20.838985443115234,21.25576515197754,20.805642303259813,20.838985443115234,572528
2016-09-05 00:00:00+02:00,21.089051465250115,21.630866328693724,21.089051465250115,21.414140701293945,268571
2016-09-06 00:00:00+02:00,21.48082527573221,21.505831039221334,20.813976827995294,21.214086532592773,418008
2016-09-07 00:00:00+02:00,21.28910714562859,21.497496988840044,21.205750890366343,21.25576400756836,208836
2016-09-08 00:00:00+02:00,21.25576443124909,21.45581849393307,20.89733363939883,21.00569725036621,341327
2016-09-09 00:00:00+02:00,21.2140870977314,21.25576443124909,20.905669424080042,21.00569725036621,268999
2016-09-12 00:00:00+02:00,20.838985246481354,20.838985246481354,19.638659251115275,20.213815689086914,529898
2016-09-13 00:00:00+02:00,20.22214997729894,20.455547167145262,19.63865779762728,19.963747024536133,408943
2016-09-14 00:00:00+02:00,20.080444359867485,20.080444359867485,19.7303493781431,19.922067642211914,141567
2016-09-15 00:00:00+02:00,19.922068613911684,20.7889711213746,19.913732829429733,20.672271728515625,267751
2016-09-16 00:00:00+02:00,20.74729262399535,20.805641526676016,20.197143556022844,20.647266387939453,544810
2016-09-19 00:00:00+02:00,20.838986083782146,21.21408846924561,20.59725308206381,20.763965606689453,187758
2016-09-20 00:00:00+02:00,20.588916343307194,20.763963041640334,20.02209573746761,20.38886070251465,437751
2016-09-21 00:00:00+02:00,20.39719694732438,20.58891680825606,20.18047132314515,20.430540084838867,222316
2016-09-22 00:00:00+02:00,20.71395004167837,21.23075594525218,20.588916457903306,21.19741439819336,352784
2016-09-23 00:00:00+02:00,21.23075718334767,21.330785010133923,20.98069000121459,21.205751419067383,331190
2016-09-26 00:00:00+02:00,21.005693921881214,21.005693921881214,20.513893832837134,20.730619430541992,294509
2016-09-27 00:00:00+02:00,20.738955858127152,20.939011500550492,20.588916511142067,20.880661010742188,253423
2016-09-28 00:00:00+02:00,20.86399097816376,21.3307837662052,20.86399097816376,21.19741439819336,181758
2016-09-29 00:00:00+02:00,21.180744677191253,21.330785626763827,20.56391089886165,20.838985443115234,219940
2016-09-30 00:00:00+02:00,20.79730733123172,21.2557643578977,20.422204971313477,20.422204971313477,434532
2016-10-03 00:00:00+02:00,20.530566608661125,20.755628020409606,20.222150531721347,20.738956451416016,79529
2016-10-04 00:00:00+02:00,20.797308635275265,20.797308635275265,20.272165298461914,20.272165298461914,243613
2016-10-05 00:00:00+02:00,20.58058053295937,20.605586295610458,20.022095712019986,20.547237396240234,309143
2016-10-06 00:00:00+02:00,20.413868583781756,20.62225842427347,20.213814527696307,20.338848114013672,214878
2016-10-07 00:00:00+02:00,20.42220436818802,20.53890217009912,20.22215031210257,20.338848114013672,272888
2016-10-10 00:00:00+02:00,20.638929993086002,20.863991402390248,20.28049921305812,20.338848114013672,173863
2016-10-11 00:00:00+02:00,20.338849106421375,20.338849106421375,20.02209723296933,20.105453491210938,530674
2016-10-12 00:00:00+02:00,20.022096739809374,20.163801898363285,19.722014853486193,19.997089385986328,465767
2016-10-13 00:00:00+02:00,20.06377217840268,20.06377217840268,19.71367720738008,19.83871078491211,428089
2016-10-14 00:00:00+02:00,19.78869880063882,20.072109107151054,19.772027232046735,19.872055053710938,184819
2016-10-17 00:00:00+02:00,19.847049637643817,20.1137884015943,19.59698244391235,19.93874168395996,250564
2016-10-18 00:00:00+02:00,19.755358447972146,20.13045922464703,19.755358447972146,19.81370735168457,283151
2016-10-19 00:00:00+02:00,19.93874098215296,20.005425670793404,19.613653323766854,19.655330657958984,277504
2016-10-20 00:00:00+02:00,19.655330764618192,19.872056401347784,19.63032341003418,19.63032341003418,145350
2016-10-21 00:00:00+02:00,19.838711850400575,20.113786371699895,19.688672503236816,19.963747024536133,245475
2016-10-24 00:00:00+02:00,19.955411570655308,20.455547505813083,19.863719532074693,20.338848114013672,148928
2016-10-25 00:00:00+02:00,20.338849474502787,20.89733434797381,20.338849474502787,20.838985443115234,300212
2016-10-26 00:00:00+02:00,20.83898548423862,20.922341744153258,20.605588274455318,20.68060874938965,187179
2016-10-27 00:00:00+02:00,20.68894254752003,20.87232661969874,20.513895849409366,20.547237396240234,341111
2016-10-28 00:00:00+02:00,20.75562898751775,20.75562898751775,20.0471031711597,20.213815689086914,367739
2016-10-31 00:00:00+01:00,20.13879341885129,20.463881050937896,19.838711549301646,20.188806533813477,283786
2016-11-02 00:00:00+01:00,19.880392525550928,19.88872831055455,19.18020248413086,19.18020248413086,688242
2016-11-03 00:00:00+01:00,19.171865463256836,19.488617323533695,19.013488738174246,19.171865463256836,540072
2016-11-04 00:00:00+01:00,19.171867966906323,19.555304563097955,19.021827006696196,19.54697036743164,189970
2016-11-07 00:00:00+01:00,19.788699396325203,19.888727221000476,19.58864533686299,19.730350494384766,343395
2016-11-08 00:00:00+01:00,19.88039403731148,20.122125461244774,19.805373556462534,20.013763427734375,327848
2016-11-09 00:00:00+01:00,19.713680380212633,20.222152145885865,19.44694161457699,20.205480575561523,371339
2016-11-10 00:00:00+01:00,20.29716859215063,20.380524837332253,19.505286647757416,19.555299758911133,491461
2016-11-14 00:00:00+01:00,19.83871428093431,19.83871428093431,18.84677967980953,18.8801212310791,655522
2016-11-15 00:00:00+01:00,19.105182755768627,19.205210589833555,19.01349070703315,19.080175399780273,222133
2016-11-16 00:00:00+01:00,19.163529536009616,19.196872673626288,18.946803911166164,19.13018798828125,371523
2016-11-17 00:00:00+01:00,19.26355890597874,19.54696923892719,19.17186686005764,19.513626098632812,420738
2016-11-18 00:00:00+01:00,19.171863978149155,19.955410168511772,19.171863978149155,19.83871078491211,350892
2016-11-21 00:00:00+01:00,19.713678321530047,19.73034989011339,19.43026801516636,19.64699363708496,683922
2016-11-22 00:00:00+01:00,19.688675542086923,19.78870178896799,19.38859362166667,19.54697036743164,217783
2016-11-23 00:00:00+01:00,19.463611449047264,20.288835027843486,19.463611449047264,20.180471420288086,335431
2016-11-24 00:00:00+01:00,20.263828769402423,20.43887707187701,20.172138315618973,20.3721923828125,240345
2016-11-25 00:00:00+01:00,20.2554916698003,20.580580899041404,19.75535732922314,20.00542449951172,424563
2016-11-28 00:00:00+01:00,19.93040394344865,20.29717050284077,19.630322068501616,19.64699363708496,268670
2016-11-29 00:00:00+01:00,19.797035888604732,19.838713222941173,19.338578851350295,19.788700103759766,466903
2016-11-30 00:00:00+01:00,19.738686493157704,20.33051289342053,19.738686493157704,20.13045883178711,824972
2016-12-01 00:00:00+01:00,19.8387150512485,19.947078674331312,19.588647842407227,19.588647842407227,339764
2016-12-02 00:00:00+01:00,19.538630390785777,19.830376463070838,19.40526103029344,19.638656616210938,470038
2016-12-05 00:00:00+01:00,19.747023001647076,20.2554931640625,19.68867409693452,20.2554931640625,218807
2016-12-06 00:00:00+01:00,20.37219192358944,21.089051917401598,20.072110034619293,21.00569725036621,910100
2016-12-07 00:00:00+01:00,20.838983431214174,20.964017013823806,20.5055600142924,20.863990783691406,573907
2016-12-08 00:00:00+01:00,20.588918685913086,20.822314310246348,20.363857256830197,20.588918685913086,804410
2016-12-09 00:00:00+01:00,20.680605745471834,20.82231088977711,20.0220947265625,20.0220947265625,729741
2016-12-12 00:00:00+01:00,20.055437421051305,20.15546524212943,19.59698041667324,19.672000885009766,688068
2016-12-13 00:00:00+01:00,19.713679596028793,19.93040523195881,19.563638648855058,19.722015380859375,498553
2016-12-14 00:00:00+01:00,19.588644228638273,20.072108575792114,19.588644228638273,19.922067642211914,771586
2016-12-15 00:00:00+01:00,20.088780530491082,20.13045786178165,19.630321936853452,19.83037757873535,627695
2016-12-16 00:00:00+01:00,19.83871258645296,20.113787117958044,19.72201478214424,19.863719940185547,2887498
2016-12-19 00:00:00+01:00,19.897063081167637,20.147130258973718,19.46361182240798,20.088781356811523,360838
2016-12-20 00:00:00+01:00,20.147129653312128,20.33884792319259,20.00542449951172,20.00542449951172,301877
2016-12-21 00:00:00+01:00,20.047104123989318,20.230488220403092,19.621990203857422,19.621990203857422,282997
2016-12-22 00:00:00+01:00,19.621987818979047,20.16380107730943,19.571973113369513,19.963747024536133,661577
2016-12-23 00:00:00+01:00,20.072110317617113,20.247158618613835,19.922069371016605,20.038768768310547,222265
2016-12-27 00:00:00+01:00,20.222151367329236,20.413869649012607,20.18047244312303,20.23882293701172,75431
2016-12-28 00:00:00+01:00,20.380526863630248,20.59725089680648,20.188807003684662,20.455547332763672,280500
2016-12-29 00:00:00+01:00,20.33051426734428,20.57224726850105,20.28883693122892,20.405534744262695,136731
2016-12-30 00:00:00+01:00,20.130457585249218,20.580580388467734,20.130457585249218,20.50555992126465,189765
2017-01-02 00:00:00+01:00,20.530565683740175,20.588916172588995,20.347183202737217,20.50555992126465,36959
2017-01-03 00:00:00+01:00,20.438875394900517,20.822311928089,20.438875394900517,20.77229881286621,212754
2017-01-04 00:00:00+01:00,20.922341100516103,20.964018434247087,20.438876715750194,20.75562858581543,529300
2017-01-05 00:00:00+01:00,20.755628620701142,20.83898487819158,20.57224612613287,20.82231330871582,469859
2017-01-09 00:00:00+01:00,20.822314003722656,21.105724334716797,20.713951978290037,21.105724334716797,713537
2017-01-10 00:00:00+01:00,21.222420029647836,21.255763166388537,20.75562724449586,20.77229881286621,541707
2017-01-11 00:00:00+01:00,20.797307403001025,21.03070301452148,20.530567062867362,21.00569725036621,275152
2017-01-12 00:00:00+01:00,20.964018049155676,21.46415399418225,20.82231289122962,21.297441482543945,488952
2017-01-13 00:00:00+01:00,21.214087982762045,21.255765318018472,20.838985605900465,21.172409057617188,262988
2017-01-16 00:00:00+01:00,21.164072040355904,21.505831257203408,21.097387353895133,21.38913345336914,323937
2017-01-17 00:00:00+01:00,21.25576474754177,21.447483028397365,21.164072704572405,21.38079833984375,162329
2017-01-18 00:00:00+01:00,20.730622606575725,20.730622606575725,20.047102575301096,20.13045883178711,3655150
2017-01-19 00:00:00+01:00,20.213814527696307,20.438875937000553,20.172137195553287,20.338848114013672,879184
2017-01-20 00:00:00+01:00,20.438877111322128,20.438877111322128,20.213815689086914,20.213815689086914,585440
2017-01-23 00:00:00+01:00,20.213814270764704,20.322176286892184,20.097116470336914,20.097116470336914,351104
2017-01-24 00:00:00+01:00,20.11378740328569,20.43887664686756,20.11378740328569,20.397197723388672,948236
2017-01-25 00:00:00+01:00,20.455546806425343,20.697278186388864,20.355518986858478,20.50555992126465,848911
2017-01-26 00:00:00+01:00,20.588916317139155,20.747291446890248,20.355519129770006,20.547237396240234,651280
2017-01-27 00:00:00+01:00,20.54723731702529,20.822311834344603,20.33884748299889,20.413867950439453,260274
2017-01-30 00:00:00+01:00,20.347183267146537,20.472216849584726,20.18880654811776,20.413867950439453,236093
2017-01-31 00:00:00+01:00,20.255493556960595,20.388862938858676,20.163803100585938,20.163803100585938,540389
2017-02-01 00:00:00+01:00,20.238822369944078,20.338848605459575,19.89706315047083,19.997089385986328,759697
2017-02-02 00:00:00+01:00,19.997089236722697,19.997089236722697,19.396927058444454,19.50528907775879,952122
2017-02-03 00:00:00+01:00,19.50528971480401,19.73035113521701,19.430269241333008,19.430269241333008,525087
2017-02-06 00:00:00+01:00,19.43860392126979,20.122122338587257,19.43860392126979,20.07210922241211,712846
2017-02-07 00:00:00+01:00,20.0054258366221,20.272164593394915,19.913733792773293,20.213815689086914,409994
2017-02-08 00:00:00+01:00,20.047100463159392,20.080443598196144,19.63865659828834,19.797033309936523,1074438
2017-02-09 00:00:00+01:00,19.855382855675323,20.138793153203054,19.7803623892775,19.94707489013672,1010776
2017-02-10 00:00:00+01:00,20.005427157849958,20.005427157849958,19.688675260734943,19.905399322509766,459942
2017-02-13 00:00:00+01:00,19.972081890219282,19.98875345931616,19.73868628241633,19.955411911010742,188204
2017-02-14 00:00:00+01:00,19.947077004702457,20.12212371826172,19.646995107299837,20.12212371826172,890513
2017-02-15 00:00:00+01:00,20.113788878535516,20.16380359037852,19.713680723122366,19.755359649658203,751750
2017-02-16 00:00:00+01:00,19.755357098485398,19.87205489793863,19.588644593647977,19.605316162109375,1124003
2017-02-17 00:00:00+01:00,19.6803385549305,19.6803385549305,19.230215701782797,19.38025665283203,1150629
2017-02-20 00:00:00+01:00,19.52196301076711,19.638660828757864,19.463614101771732,19.54697036743164,729032
2017-02-21 00:00:00+01:00,19.588644632426043,19.672000885009766,19.346911658922068,19.672000885009766,1189460
2017-02-22 00:00:00+01:00,19.7553585832967,20.080446243286133,19.7553585832967,20.080446243286133,543999
2017-02-23 00:00:00+01:00,20.080444863254264,20.088780647538602,19.70534251990051,20.030431747436523,424308
2017-02-24 00:00:00+01:00,19.8387150512485,20.005427583735038,19.355250614903778,19.588647842407227,367977
2017-02-27 00:00:00+01:00,19.58864451529504,19.69700653008413,19.39692624842066,19.471946716308594,102064
2017-02-28 00:00:00+01:00,19.588647157795215,19.588647157795215,19.30523681640625,19.30523681640625,348587
2017-03-01 00:00:00+01:00,19.421935309920684,19.68867567987686,19.413601114196045,19.588647842407227,308991
2017-03-02 00:00:00+01:00,19.838713261902434,19.838713261902434,19.48861824716823,19.63032341003418,442153
2017-03-03 00:00:00+01:00,19.48861703744494,20.07210922241211,19.463611274301513,20.07210922241211,1295837
2017-03-06 00:00:00+01:00,19.92207058613611,19.95541372736478,19.64699603055351,19.755359649658203,387477
2017-03-07 00:00:00+01:00,19.66366761828605,19.75535966685623,19.480285111034163,19.530298233032227,583877
2017-03-08 00:00:00+01:00,19.471948784295577,19.80537223815918,19.471948784295577,19.80537223815918,250187
2017-03-09 00:00:00+01:00,19.763689576921124,19.763689576921124,19.3052326132544,19.555299758911133,489326
2017-03-10 00:00:00+01:00,19.446939350619626,19.605316070486193,19.213542162915648,19.246885299682617,554821
2017-03-13 00:00:00+01:00,19.24688790904178,19.30523681640625,19.096846953025448,19.30523681640625,342141
2017-03-14 00:00:00+01:00,19.313572132864113,19.530297776305446,19.313572132864113,19.488618850708008,317182
2017-03-15 00:00:00+01:00,19.296898466665358,19.772027037650254,19.296898466665358,19.538631439208984,319256
2017-03-16 00:00:00+01:00,19.805371769042488,20.238823043742514,19.780364414386884,20.213815689086914,902694
2017-03-17 00:00:00+01:00,20.247159595113562,20.588918838902583,20.205480669109743,20.405534744262695,960505
2017-03-20 00:00:00+01:00,20.34718449864978,20.447212324587422,20.088781533986047,20.1971435546875,213743
2017-03-21 00:00:00+01:00,20.355522630045943,20.447214681902395,19.5553046999545,19.588647842407227,375189
2017-03-22 00:00:00+01:00,19.555303434112346,19.77202907636048,19.513626098632812,19.513626098632812,366280
2017-03-23 00:00:00+01:00,19.588644632426043,19.847047584536135,19.54696730107832,19.672000885009766,758587
2017-03-24 00:00:00+01:00,19.76369170189352,20.113786697387695,19.730350154168907,20.113786697387695,239615
2017-03-27 00:00:00+02:00,19.605316315790784,19.9637470910791,19.56363739431058,19.872055053710938,259451
2017-03-28 00:00:00+02:00,20.00542651443844,20.047103850388137,19.72201617829282,19.980419158935547,153268
2017-03-29 00:00:00+02:00,19.980418312582593,20.0304330214698,19.68867379351584,19.88039207458496,367314
2017-03-30 00:00:00+02:00,19.847048513667676,20.13045883178711,19.713679139245396,20.13045883178711,331318
2017-03-31 00:00:00+02:00,20.13879507480266,20.19714397870444,19.747022727256144,20.172138214111328,416519
2017-04-03 00:00:00+02:00,20.172138394094514,20.205479943812275,19.747022903446293,20.055438995361328,190699
2017-04-04 00:00:00+02:00,19.913736251122703,20.29717445373535,19.913736251122703,20.29717445373535,356730
2017-04-05 00:00:00+02:00,20.338848714677383,20.422204971313477,20.16380200664111,20.422204971313477,433560
2017-04-06 00:00:00+02:00,20.13045950317717,20.180472622781473,19.888728100182707,20.12212371826172,172313
2017-04-07 00:00:00+02:00,20.08878038228769,20.37219068465989,19.930403662753047,20.322175979614258,234317
2017-04-10 00:00:00+02:00,20.338848714677383,20.422204971313477,20.080445750005016,20.422204971313477,170354
2017-04-11 00:00:00+02:00,20.205479729190156,20.38052803048637,19.88039207092511,20.105453491210938,458513
2017-04-12 00:00:00+02:00,20.105452997870575,20.422204863550277,20.105452997870575,20.222150802612305,752172
2017-04-13 00:00:00+02:00,20.22215087291056,20.305507129396574,20.08878149848828,20.13045883178711,150088
2017-04-18 00:00:00+02:00,20.3305141414259,20.3305141414259,19.9554133490455,20.138795852661133,424856
2017-04-19 00:00:00+02:00,20.255494242467652,20.697281328636738,20.097119089784062,20.447214126586914,675801
2017-04-20 00:00:00+02:00,20.372191853287163,20.54723856132344,20.16380200664111,20.422204971313477,430767
2017-04-21 00:00:00+02:00,20.422205368422574,20.422205368422574,19.872056289770427,19.88039207458496,463059
2017-04-24 00:00:00+02:00,20.17213874341925,20.17213874341925,19.28022882216973,19.38025665283203,889694
2017-04-25 00:00:00+02:00,19.57197439600075,20.038768806284335,19.538632846631,19.88039207458496,478134
2017-04-26 00:00:00+02:00,19.797035253453657,20.1304586871131,19.630322741679763,19.863719940185547,460556
2017-04-27 00:00:00+02:00,19.67200239065608,20.213815689086914,19.67200239065608,20.213815689086914,410157
2017-04-28 00:00:00+02:00,20.088781323581454,20.38052742379818,20.02209663695092,20.24715805053711,543517
2017-05-02 00:00:00+02:00,20.363856869580125,20.788972364245204,20.272164824685184,20.68060874938965,699105
2017-05-04 00:00:00+02:00,20.46388223293521,20.7973072583105,19.96374787464897,20.288835525512695,561333
2017-05-05 00:00:00+02:00,19.97208234569457,20.713951288541054,19.97208234569457,20.597251892089844,504915
2017-05-08 00:00:00+02:00,20.555573888701502,20.73895637731074,20.49722498732076,20.605587005615234,211241
2017-05-09 00:00:00+02:00,20.588917032185297,20.964017793973092,20.422204522576283,20.83064842224121,739801
2017-05-10 00:00:00+02:00,20.922339682916686,21.214085768931337,20.822311862896022,20.863990783691406,700985
2017-05-11 00:00:00+02:00,21.33912044404826,22.372733884368202,21.16407214752215,21.589187622070312,2520407
2017-05-12 00:00:00+02:00,21.839256428482308,22.089323606945218,21.697551270049768,21.88093376159668,866895
2017-05-15 00:00:00+02:00,21.39746897668552,22.231028342212984,21.255763820950317,22.131000518798828,545801
2017-05-16 00:00:00+02:00,22.264368842459188,22.906209905287188,22.264368842459188,22.83952522277832,1381747
2017-05-17 00:00:00+02:00,22.58112593127271,22.739502674070707,22.172681986068188,22.572790145874023,805040
2017-05-18 00:00:00+02:00,22.58945963030455,22.664480102075302,21.772571815343422,22.464426040649414,767883
2017-05-19 00:00:00+02:00,22.59779351849809,22.59779351849809,21.814247317919953,21.922609329223633,771229
2017-05-22 00:00:00+02:00,22.222695523554105,22.39774384041829,21.689217967184266,22.256038665771484,820723
2017-05-23 00:00:00+02:00,22.08932194886384,22.822853449879066,21.980959936967405,22.506101608276367,958967
2017-05-24 00:00:00+02:00,22.631136648226597,22.989567432828537,22.43941837410083,22.689485549926758,1014985
2017-05-25 00:00:00+02:00,22.756170800490295,23.331327227019752,22.539446757340198,23.156280517578125,901860
2017-05-26 00:00:00+02:00,23.006239430792156,23.164616159708533,22.014303313730327,22.214357376098633,475753
2017-05-29 00:00:00+02:00,22.256037473551192,22.50610466723172,21.96429135433161,22.089324951171875,364907
2017-05-30 00:00:00+02:00,22.19768521695022,22.58112335205078,21.805912887291406,22.58112335205078,496873
2017-05-31 00:00:00+02:00,22.664478986960674,22.889538801311414,22.005966342680956,22.272705078125,2535008
2017-06-01 00:00:00+02:00,22.122665744034368,22.539445415867224,22.122665744034368,22.497766494750977,323219
2017-06-02 00:00:00+02:00,22.789515258636495,22.83119259475764,22.239366154417404,22.622802734375,271536
2017-06-05 00:00:00+02:00,22.622800992931623,22.747836171447098,21.680879596059636,21.905941009521484,422359
2017-06-06 00:00:00+02:00,21.80591175094566,22.080986263794518,21.555844590133333,21.564180374145508,766391
2017-06-07 00:00:00+02:00,21.797576761012227,22.080987068197803,21.45581755350402,21.75589942932129,1127245
2017-06-08 00:00:00+02:00,21.63920063728425,21.872597834918345,21.572515950801417,21.839256286621094,628075
2017-06-09 00:00:00+02:00,21.655872206377044,22.07265189436685,21.655872206377044,21.839256286621094,262611
2017-06-12 00:00:00+02:00,21.672543878040443,21.830920605394862,21.380797777089153,21.589187622070312,747525
2017-06-13 00:00:00+02:00,21.097387908788697,21.93928309117929,20.372192123190075,21.63086700439453,438486
2017-06-14 00:00:00+02:00,21.38913531411294,21.830922394028956,21.064047638071777,21.54751205444336,474095
2017-06-15 00:00:00+02:00,21.54751205444336,21.54751205444336,21.54751205444336,21.54751205444336,0
2017-06-16 00:00:00+02:00,21.422476024908644,21.87259724914085,21.172407264878938,21.372461318969727,669479
2017-06-19 00:00:00+02:00,21.572517057036954,21.62253176688008,21.089052657772328,21.1307315826416,548884
2017-06-20 00:00:00+02:00,21.064047032017413,21.38079891367619,20.96401920155818,21.172409057617188,702298
2017-06-21 00:00:00+02:00,21.030703891901528,21.430812033961594,20.73062358030069,21.172409057617188,540247
2017-06-22 00:00:00+02:00,21.11405892298241,21.397469237912777,21.11405892298241,21.38913345336914,210731
2017-06-23 00:00:00+02:00,21.330785585304934,21.364127135207138,20.964018997050204,20.99736213684082,380771
2017-06-26 00:00:00+02:00,21.24742875279344,21.439147031754693,20.964018431768817,21.205751419067383,335834
2017-06-27 00:00:00+02:00,21.297442653274903,21.42247783882105,21.13906750738973,21.172409057617188,1072475
2017-06-28 00:00:00+02:00,21.08905263247725,21.39747031658626,20.83064965815138,20.838985443115234,334989
2017-06-29 00:00:00+02:00,20.83898532210647,20.947347346230526,19.872056530351802,20.12212371826172,681834
2017-06-30 00:00:00+02:00,20.338850007728954,20.81397863390634,20.14713171819921,20.56391143798828,566644
2017-07-03 00:00:00+02:00,20.813977347067492,20.813977347067492,20.438876576381272,20.713951110839844,178559
2017-07-04 00:00:00+02:00,20.697279505290737,20.74729262331705,20.18880777071009,20.422204971313477,238627
2017-07-05 00:00:00+02:00,20.363856069300482,20.647266387939453,20.097117319966948,20.647266387939453,1638319
2017-07-06 00:00:00+02:00,20.630596840475867,21.155738605955218,20.513899023677904,20.91400718688965,406098
2017-07-07 00:00:00+02:00,20.82231241943747,20.905668673367934,20.547237894388747,20.655601501464844,553547
2017-07-10 00:00:00+02:00,20.930674372685885,21.022364813865043,20.6139209507559,20.89733123779297,407549
2017-07-11 00:00:00+02:00,20.888998563009956,21.055711082510243,20.68894449354266,20.838985443115234,788999
2017-07-12 00:00:00+02:00,20.972353516134152,21.147401809692383,20.85565571368754,21.147401809692383,744169
2017-07-13 00:00:00+02:00,21.155735554160064,21.33078384399414,20.997360422748617,21.33078384399414,889625
2017-07-14 00:00:00+02:00,21.33078337403836,21.82258350574837,21.33078337403836,21.672542572021484,610652
2017-07-17 00:00:00+02:00,21.81425082349134,21.90594287155976,21.422478455188177,21.54751205444336,658645
2017-07-18 00:00:00+02:00,21.589188047821686,21.597523832571923,21.272436176754667,21.339120864868164,276597
2017-07-19 00:00:00+02:00,21.524824512831355,21.896233700327134,21.474178317722597,21.778057098388672,537616
2017-07-20 00:00:00+02:00,22.014406598681358,22.26763916015625,21.76961533725741,22.26763916015625,620946
2017-07-21 00:00:00+02:00,22.200111265488413,22.25920036822914,21.972202594970735,22.005966186523438,333684
2017-07-24 00:00:00+02:00,22.16634741076142,22.16634741076142,21.71052685511103,21.94687843322754,435841
2017-07-25 00:00:00+02:00,22.03128936691567,22.03128936691567,21.4488525390625,21.4488525390625,446616
2017-07-26 00:00:00+02:00,21.54170711453878,21.80338100094981,21.347562024943937,21.778057098388672,217042
2017-07-27 00:00:00+02:00,21.786496947719428,21.94687843322754,21.651439363085256,21.94687843322754,291135
2017-07-28 00:00:00+02:00,21.94687843322754,21.980643634392784,21.440411685842683,21.94687843322754,340082
2017-07-31 00:00:00+02:00,21.94687974532128,21.98908463928765,21.56702925956993,21.609235763549805,433675
2017-08-01 00:00:00+02:00,21.567030422190694,22.09882113090999,21.372885323457943,21.98064613342285,315393
2017-08-02 00:00:00+02:00,21.980645033290955,22.28452381305068,21.7949396350902,22.132583618164062,646935
2017-08-03 00:00:00+02:00,22.1494648101788,22.183230011344047,21.86246704032783,21.94687843322754,184495
2017-08-04 00:00:00+02:00,22.03128874711436,22.402697891674762,21.870907269461153,22.394256591796875,229978
2017-08-07 00:00:00+02:00,22.402699451188607,22.419580442106184,22.07349517308749,22.11570167541504,272826
2017-08-08 00:00:00+02:00,22.090377016564595,22.31828729127825,21.946878133598226,22.24231719970703,190644
2017-08-09 00:00:00+02:00,22.09037993316741,22.17479133605957,21.946881031254815,22.17479133605957,205988
2017-08-10 00:00:00+02:00,22.174789569231105,22.292964557856102,21.96376188382163,22.039731979370117,199242
2017-08-11 00:00:00+02:00,22.191673534161026,22.31828983118468,21.727411631722873,22.250761032104492,170947
2017-08-14 00:00:00+02:00,22.309847159092094,22.31828845971009,21.887791788273137,22.039731979370117,197673
2017-08-15 00:00:00+02:00,22.039731979370117,22.039731979370117,22.039731979370117,22.039731979370117,0
2017-08-16 00:00:00+02:00,21.972203653316395,22.200112334811863,21.744293361807426,21.913114547729492,316386
2017-08-17 00:00:00+02:00,21.76961679964814,22.402699855876573,21.507941310530693,22.039731979370117,419112
2017-08-18 00:00:00+02:00,22.03973134215622,22.402699208168528,21.87090855470426,22.360492706298828,168076
2017-08-21 00:00:00+02:00,22.360492719025203,22.360492719025203,21.879349867530735,22.03129005432129,217124
2017-08-22 00:00:00+02:00,21.88779273706734,22.394259526007154,21.88779273706734,22.326730728149414,257287
2017-08-23 00:00:00+02:00,22.132584715184873,22.326731423837217,22.132584715184873,22.28452491760254,200090
2017-08-24 00:00:00+02:00,22.596845957677033,22.892285052557806,22.596845957677033,22.875402450561523,223555
2017-08-25 00:00:00+02:00,22.90072586449513,22.90072586449513,22.36893675569037,22.45334815979004,195528
2017-08-28 00:00:00+02:00,22.453347972800934,23.63510279031391,22.453347972800934,23.466279983520508,357346
2017-08-29 00:00:00+02:00,23.255248692728383,23.32277748302617,22.419579309038284,22.62216567993164,863132
2017-08-30 00:00:00+02:00,22.774108930567955,22.790991532921524,22.200113330655167,22.44490623474121,527560
2017-08-31 00:00:00+02:00,22.444903209154962,22.62216567993164,22.335167918662712,22.62216567993164,462124
2017-09-01 00:00:00+02:00,22.5039939199821,22.60528792493174,22.28452491760254,22.28452491760254,241241
2017-09-04 00:00:00+02:00,22.031289552616343,22.622166075551974,21.989083051683764,22.54619598388672,411006
2017-09-05 00:00:00+02:00,22.61372692121634,22.62216661158945,22.05661236579904,22.335168838500977,342333
2017-09-06 00:00:00+02:00,22.36049520732995,22.44490661049738,21.972205006778815,22.124143600463867,524603
2017-09-07 00:00:00+02:00,22.16634816206793,22.39425844761792,22.12414165918082,22.149465560913086,361482
2017-09-08 00:00:00+02:00,22.30140649346208,22.411140184593528,22.073496200327323,22.352052688598633,521193
2017-09-11 00:00:00+02:00,22.301404690926116,22.43646227371642,22.10725961691673,22.24231719970703,345225
2017-09-12 00:00:00+02:00,22.352051770596603,22.520874560802888,22.242318083971934,22.309846878051758,486472
2017-09-13 00:00:00+02:00,22.49555046445592,22.49555046445592,22.200111389160156,22.200111389160156,383033
2017-09-14 00:00:00+02:00,22.2845234350473,22.335169629145913,21.879350662231445,21.879350662231445,844014
2017-09-15 00:00:00+02:00,21.88779005075455,22.149463909086073,21.550146102905273,21.550146102905273,1204280
2017-09-18 00:00:00+02:00,22.014406968263966,22.014406968263966,21.36444134354972,21.5585880279541,354927
2017-09-19 00:00:00+02:00,21.609235763549805,21.744293356258396,21.39820807369095,21.609235763549805,249663
2017-09-20 00:00:00+02:00,21.73585329845778,21.92999839782715,21.609236999304432,21.92999839782715,209313
2017-09-21 00:00:00+02:00,21.88779351337546,21.980646217478192,21.62611961364746,21.62611961364746,140423
2017-09-22 00:00:00+02:00,22.031290280773383,22.25075926283631,21.761175105930835,22.11570167541504,179307
2017-09-25 00:00:00+02:00,22.14946710727732,22.284524705918177,21.73585301018799,21.8962345123291,285311
2017-09-26 00:00:00+02:00,21.938438444525303,21.938438444525303,21.541706967195513,21.609235763549805,261457
2017-09-27 00:00:00+02:00,21.76961595715021,21.997524624962,21.609234471642104,21.94687843322754,455715
2017-09-28 00:00:00+02:00,22.065053802170112,22.200111389160156,21.75273373601067,22.200111389160156,475474
2017-09-29 00:00:00+02:00,22.537757590319003,22.546197280977673,21.794939231304866,21.904674530029297,562730
2017-10-02 00:00:00+02:00,21.904675224180668,22.16634911325566,21.702087221656157,21.862468719482422,198901
2017-10-03 00:00:00+02:00,21.980643634392784,22.03128982612725,21.702085554819718,21.94687843322754,246331
2017-10-04 00:00:00+02:00,22.00596783709513,22.090379237328364,21.37288475036621,21.37288475036621,414412
2017-10-05 00:00:00+02:00,21.524824587014503,21.786498474327367,21.448854489082784,21.693647384643555,166465
2017-10-06 00:00:00+02:00,21.66832499139597,21.769618999032176,21.44885598319555,21.499502182006836,223532
2017-10-09 00:00:00+02:00,21.72741012675444,21.811821522261233,21.524823743546207,21.600793838500977,255569
2017-10-10 00:00:00+02:00,21.693646962784644,21.761175758520384,21.195621490478516,21.195621490478516,277034
2017-10-11 00:00:00+02:00,21.482620935566967,21.693648639806273,21.372885627754904,21.440414428710938,637794
2017-10-12 00:00:00+02:00,21.440412967657316,21.77805694942879,21.440412967657316,21.609235763549805,1187627
2017-10-13 00:00:00+02:00,21.710528851121335,21.761176657525635,21.482620162356206,21.56702995300293,138671
2017-10-16 00:00:00+02:00,21.533265268104586,21.693646760234564,21.42352996980016,21.685205459594727,493194
2017-10-17 00:00:00+02:00,21.77805626675618,21.77805626675618,21.288472106031072,21.356000900268555,323881
2017-10-18 00:00:00+02:00,21.516383947575957,21.516383947575957,21.10276985168457,21.10276985168457,481296
2017-10-19 00:00:00+02:00,21.237826627267555,21.381325521100994,20.680713653564453,20.680713653564453,518941
2017-10-20 00:00:00+02:00,20.908623051062985,21.094326831015078,20.613183975219727,20.613183975219727,200272
2017-10-23 00:00:00+02:00,20.61318591852051,20.9508299184526,20.554098419784093,20.587862014770508,461774
2017-10-24 00:00:00+02:00,20.554095629493407,20.80732819256187,20.511889128973085,20.52033042907715,407058
2017-10-25 00:00:00+02:00,20.74824245007351,20.84109514902853,20.596302255424753,20.680713653564453,385564
2017-10-26 00:00:00+02:00,20.689155680456796,21.45729637145996,20.689155680456796,21.45729637145996,505432
2017-10-27 00:00:00+02:00,21.45729557472506,21.93843845012388,21.37288417675727,21.913114547729492,457260
2017-10-30 00:00:00+01:00,21.752733038368667,21.752733038368667,21.2715901988959,21.31379508972168,144311
2017-10-31 00:00:00+01:00,21.296915236887568,21.507942938267778,21.06056524175043,21.40665054321289,405506
2017-11-01 00:00:00+01:00,21.40665054321289,21.40665054321289,21.40665054321289,21.40665054321289,0
2017-11-02 00:00:00+01:00,21.406650333366045,21.406650333366045,20.680714532530033,20.74824333190918,608986
2017-11-03 00:00:00+01:00,20.76512505170415,21.07744513180348,20.621626157870715,20.680713653564453,452618
2017-11-06 00:00:00+01:00,20.93394591661525,21.08588610893159,20.748242131569437,20.976152420043945,411631
2017-11-07 00:00:00+01:00,21.18718106505201,21.68520655793274,21.136534868661265,21.56702995300293,563981
2017-11-08 00:00:00+01:00,21.600794238818743,21.659881733764504,21.33912035691031,21.524824142456055,466290
2017-11-09 00:00:00+01:00,21.651442132950244,21.651442132950244,21.06056552708835,21.440414428710938,622692
2017-11-10 00:00:00+01:00,21.46573749030176,21.651441283138638,20.97615330008312,21.043682098388672,559673
2017-11-13 00:00:00+01:00,21.0099160728418,21.288472556213666,20.51189060105369,20.621625900268555,536436
2017-11-14 00:00:00+01:00,21.043682287991484,21.043682287991484,20.27554159658983,20.30930519104004,706683
2017-11-15 00:00:00+01:00,20.267100514056196,20.630068415888584,20.267100514056196,20.39371681213379,327268
2017-11-16 00:00:00+01:00,20.697598949131912,20.84953916355675,20.174249500559004,20.554100036621094,1347844
2017-11-17 00:00:00+01:00,20.537213832922372,21.322237063171883,20.537213832922372,20.967710494995117,298092
2017-11-20 00:00:00+01:00,20.849536895751953,21.263150984467565,20.80733039077268,20.849536895751953,241902
2017-11-21 00:00:00+01:00,20.79888945061597,21.195622554236323,20.79888945061597,21.10276985168457,208557
2017-11-22 00:00:00+01:00,21.144974308756957,21.229385708415403,20.849536824972702,21.204063415527344,267411
2017-11-23 00:00:00+01:00,21.09432873641905,21.280032533145356,20.933947233329217,20.9423885345459,100709
2017-11-24 00:00:00+01:00,21.052124059553385,21.161857756485713,20.765126255252103,21.02680015563965,412542
2017-11-27 00:00:00+01:00,20.917065617580338,21.09432810780753,20.65539011770181,20.93394660949707,320076
2017-11-28 00:00:00+01:00,20.84953475860211,21.04367983156559,20.638507085377448,20.76512336730957,412859
2017-11-29 00:00:00+01:00,20.891742231841565,20.891742231841565,20.520333030249468,20.74824333190918,583686
2017-11-30 00:00:00+01:00,20.672272902701362,21.288473388491216,20.596302803355922,21.043682098388672,1112083
2017-12-01 00:00:00+01:00,20.866416953201664,21.220943529081925,20.478126784863672,20.537214279174805,631976
2017-12-04 00:00:00+01:00,20.680712735206505,20.950827909247867,20.36839105896278,20.638507843017578,272608
2017-12-05 00:00:00+01:00,20.174247993191322,21.85402830824225,20.157365390624715,21.62611961364746,1295688
2017-12-06 00:00:00+01:00,21.52482418192917,21.533265482653114,20.44436183946669,20.596302032470703,944775
2017-12-07 00:00:00+01:00,20.461243042084874,20.80732829803906,19.836601321337962,20.08139419555664,957588
2017-12-08 00:00:00+01:00,20.1573634597612,20.495009038696026,20.1573634597612,20.258657455444336,736881
2017-12-11 00:00:00+01:00,20.25865785515733,20.41059804667317,20.022306267242314,20.182687759399414,526724
2017-12-12 00:00:00+01:00,20.18268713473059,20.267098528517177,20.02230564753741,20.174245834350586,682028
2017-12-13 00:00:00+01:00,20.224891005439098,20.35150889473261,20.047628536449526,20.24177360534668,484496
2017-12-14 00:00:00+01:00,20.25865607010691,20.326184859273397,19.84504203521049,20.04762840270996,800533
2017-12-15 00:00:00+01:00,19.853483921631675,20.376831650629697,19.84504262148482,20.08139419555664,904483
2017-12-18 00:00:00+01:00,20.089835111214004,20.427480697631836,19.870367734061283,20.427480697631836,287135
2017-12-19 00:00:00+01:00,20.343069369289143,20.385274262726252,20.09827647931615,20.376832962036133,270388
2017-12-20 00:00:00+01:00,20.283981252700524,20.368391036987305,19.98010087722513,20.368391036987305,208183
2017-12-21 00:00:00+01:00,20.28398166710047,20.562538146972656,20.15736376805664,20.562538146972656,242099
2017-12-22 00:00:00+01:00,20.427483727938302,20.554100036621094,20.24177830585741,20.554100036621094,205533
2017-12-25 00:00:00+01:00,20.554100036621094,20.554100036621094,20.554100036621094,20.554100036621094,0
2017-12-26 00:00:00+01:00,20.554100036621094,20.554100036621094,20.554100036621094,20.554100036621094,0
2017-12-27 00:00:00+01:00,20.427481431697352,20.93394660949707,20.427481431697352,20.93394660949707,257088
2017-12-28 00:00:00+01:00,20.933945381372695,21.187179565429688,20.77356550248472,21.187179565429688,369742
2017-12-29 00:00:00+01:00,21.440415274369773,21.465739179482224,20.773568539878685,20.984596252441406,846192
2018-01-01 00:00:00+01:00,20.984596252441406,20.984596252441406,20.984596252441406,20.984596252441406,0
2018-01-02 00:00:00+01:00,20.984596252441406,20.984596252441406,20.984596252441406,20.984596252441406,0
2018-01-03 00:00:00+01:00,21.052121168459042,21.052121168459042,20.191127873795672,20.41059684753418,381173
2018-01-04 00:00:00+01:00,20.596302320681115,20.765125117495405,20.123600743620024,20.326187133789062,760696
2018-01-05 00:00:00+01:00,20.3261864754008,20.51189025787055,20.275540282002407,20.343069076538086,298808
2018-01-08 00:00:00+01:00,20.410600012538225,20.596303814491876,19.971661996996545,20.157365798950195,1053503
2018-01-09 00:00:00+01:00,20.24177439835088,20.258656998919864,19.988541829869746,20.089834213256836,486806
2018-01-10 00:00:00+01:00,20.15736544210906,20.208013249938237,19.904132843017578,19.904132843017578,494742
2018-01-11 00:00:00+01:00,19.92101463972059,20.106718430874103,19.836603240100434,20.056072235107422,553420
2018-01-12 00:00:00+01:00,20.12360023094063,20.30930401469445,20.039188834683994,20.208011627197266,369902
2018-01-15 00:00:00+01:00,20.25865620525426,20.25865620525426,20.005423646693917,20.24177360534668,70346
2018-01-16 00:00:00+01:00,20.258660082851637,20.663832898105394,20.08983727148908,20.461246490478516,1507591
2018-01-17 00:00:00+01:00,20.51189230958114,20.815772720394186,20.444363508290863,20.78200912475586,469196
2018-01-18 00:00:00+01:00,20.832655709467954,20.832655709467954,20.461246490478516,20.461246490478516,228377
2018-01-19 00:00:00+01:00,20.511891659183956,20.630068265204972,20.359953068608764,20.52877426147461,349171
2018-01-22 00:00:00+01:00,20.59630372287947,20.86641892816099,20.461246120238705,20.511892318725586,236849
2018-01-23 00:00:00+01:00,20.748244303786674,20.748244303786674,20.343071488532917,20.461246490478516,372369
2018-01-24 00:00:00+01:00,20.562536406714646,20.748240174241715,20.410596228731894,20.73135757446289,285482
2018-01-25 00:00:00+01:00,20.680713080508816,20.917064666748047,20.596301684708127,20.917064666748047,368955
2018-01-26 00:00:00+01:00,20.73135992707926,20.93394631737487,20.697596333703416,20.900182723999023,196985
2018-01-29 00:00:00+01:00,20.90018287074629,21.06900405883789,20.81577147169373,21.06900405883789,202106
2018-01-30 00:00:00+01:00,21.06900405883789,21.06900405883789,21.06900405883789,21.06900405883789,0
2018-01-31 00:00:00+01:00,20.8664181845838,20.8664181845838,20.27554159658983,20.30930519104004,362251
2018-02-01 00:00:00+01:00,20.4612425741052,20.646946343048562,20.174244815729697,20.24177360534668,115526
2018-02-02 00:00:00+01:00,20.309302988982715,20.393714380976192,20.123599214607776,20.27553939819336,290086
2018-02-05 00:00:00+01:00,20.20801257791155,20.326187572222462,20.12360117768366,20.22489356994629,215167
2018-02-06 00:00:00+01:00,19.836605072021484,20.056074087296555,19.667782257190296,19.836605072021484,1397293
2018-02-07 00:00:00+01:00,19.904132109138438,20.039189705009374,19.44831312557741,19.70154571533203,914840
2018-02-08 00:00:00+01:00,19.701544466151184,19.93789604894617,19.600250470663777,19.684661865234375,519959
2018-02-09 00:00:00+01:00,19.583368395524147,19.80283575523804,19.178194046020508,19.178194046020508,490035
2018-02-12 00:00:00+01:00,19.21196145419047,19.600251638328388,19.21196145419047,19.48207664489746,265727
2018-02-13 00:00:00+01:00,19.515841560211555,19.853485543603416,19.515841560211555,19.7521915435791,321073
2018-02-14 00:00:00+01:00,19.75219052139148,19.870367116973053,19.431429156272184,19.819719314575195,757136
2018-02-15 00:00:00+01:00,19.937896332317905,20.005425126931463,19.414546966552734,19.414546966552734,1179211
2018-02-16 00:00:00+01:00,19.65089685757501,19.785954435151748,19.39766269210864,19.49895668029785,440839
2018-02-19 00:00:00+01:00,19.465193106397347,19.83660228075569,19.465193106397347,19.769073486328125,117971
2018-02-20 00:00:00+01:00,19.684664432953003,19.836604640996864,19.667781829833984,19.667781829833984,181485
2018-02-21 00:00:00+01:00,19.63401935363994,19.819723168501735,19.482079136928586,19.515844345092773,268374
2018-02-22 00:00:00+01:00,19.61713475385384,19.887249951632807,19.498959757328933,19.600252151489258,1280207
2018-02-23 00:00:00+01:00,19.667780289615493,19.80283788396374,19.431430304512823,19.61713409423828,986182
2018-02-26 00:00:00+01:00,19.667780222756374,19.971660614013672,19.532722628867248,19.971660614013672,510487
2018-02-27 00:00:00+01:00,19.988542840792277,19.988542840792277,19.60025105813478,19.718427658081055,319428
2018-02-28 00:00:00+01:00,19.60025105813478,20.039189035047258,19.549604863879797,19.718427658081055,503885
2018-03-01 00:00:00+01:00,19.54960492449202,19.600251118904026,18.992491955919462,19.363901138305664,442949
2018-03-02 00:00:00+01:00,19.19507753209433,19.330135118159017,19.043137345268207,19.245723724365234,390504
2018-03-05 00:00:00+01:00,19.0600192949376,19.36389965820927,18.992490504212046,19.262605667114258,348639
2018-03-06 00:00:00+01:00,19.195080019826825,19.29637402751002,19.04313981330885,19.279491424560547,192005
2018-03-07 00:00:00+01:00,19.39766611912154,19.63401772664406,19.19507971696521,19.549606323242188,367043
2018-03-08 00:00:00+01:00,19.549605806545756,20.174247599188543,19.549605806545756,20.00542640686035,337438
2018-03-09 00:00:00+01:00,20.005425894637956,20.191129684448242,19.887249292019117,20.191129684448242,779211
2018-03-12 00:00:00+01:00,20.258658777303147,20.495010375976562,20.22489357320114,20.495010375976562,390922
2018-03-13 00:00:00+01:00,20.46124466240664,20.74824245007351,20.444362060775997,20.680713653564453,422116
2018-03-14 00:00:00+01:00,20.663830828248763,20.88329981703084,20.511890635244754,20.596302032470703,629837
2018-03-15 00:00:00+01:00,20.714477176539397,21.136532522988723,20.545654393954315,20.76512336730957,361999
2018-03-16 00:00:00+01:00,20.71447936926533,20.900183161755844,20.089835973587086,20.22489356994629,1379181
2018-03-19 00:00:00+01:00,20.224893133697787,20.596302320681115,19.937896955135116,20.326187133789062,307805
2018-03-20 00:00:00+01:00,20.258658045408858,20.748242217105698,20.208011851099112,20.292423248291016,399813
2018-03-21 00:00:00+01:00,20.30930416652867,20.376832962036133,20.174246575513738,20.376832962036133,290328
2018-03-22 00:00:00+01:00,20.106718578871206,20.495010375976562,20.106718578871206,20.495010375976562,505110
2018-03-23 00:00:00+01:00,20.326188517597945,20.54565752439259,20.157365709290186,20.511892318725586,937521
2018-03-26 00:00:00+02:00,20.461244149740285,20.950828314667564,20.376832753715554,20.562538146972656,697112
2018-03-27 00:00:00+02:00,20.76512442303222,21.271591186523438,20.76512442303222,21.271591186523438,969187
2018-03-28 00:00:00+02:00,20.933947348131465,21.119652755889764,20.748243550386757,20.83265495300293,658550
2018-03-29 00:00:00+02:00,21.001476215696915,21.0521240234375,20.697597419321394,21.0521240234375,381083
2018-03-30 00:00:00+02:00,21.0521240234375,21.0521240234375,21.0521240234375,21.0521240234375,0
2018-04-02 00:00:00+02:00,21.0521240234375,21.0521240234375,21.0521240234375,21.0521240234375,0
2018-04-03 00:00:00+02:00,20.984595575035332,21.524825986552287,20.984595575035332,21.305356979370117,444422
2018-04-04 00:00:00+02:00,21.305354778749006,21.406648775452634,21.069003193116185,21.271591186523438,371094
2018-04-05 00:00:00+02:00,21.423529448357566,21.491058241819168,20.849535508940672,20.967710494995117,235137
2018-04-06 00:00:00+02:00,20.849534162901325,20.933943941768785,20.545653806935825,20.73135757446289,240916
2018-04-09 00:00:00+02:00,20.782005967570754,20.984592340664825,20.663829375755846,20.76512336730957,347627
2018-04-10 00:00:00+02:00,20.9339445045521,21.305353659604446,20.765123332265308,21.11964988708496,282859
2018-04-11 00:00:00+02:00,21.03523906004347,21.20406184687101,20.495008718216805,20.883298873901367,714381
2018-04-12 00:00:00+02:00,20.798887945305964,21.406648703456757,20.748241752131214,21.356000900268555,452828
2018-04-13 00:00:00+02:00,21.305356979370117,21.423531979386045,21.136535780777884,21.305356979370117,211983
2018-04-16 00:00:00+02:00,21.2040633399285,21.524824725470737,21.136534542445208,21.28847312927246,168362
2018-04-17 00:00:00+02:00,21.440414277094753,21.575471878051758,21.187181677803768,21.575471878051758,221624
2018-04-18 00:00:00+02:00,21.440412578515712,21.541706576215425,21.035239807743793,21.085886001586914,276829
2018-04-19 00:00:00+02:00,21.220943837085343,21.778056805838407,21.220943837085343,21.744293212890625,491000
2018-04-20 00:00:00+02:00,21.592351550716142,21.81182052499399,21.37288257643829,21.64299774169922,282354
2018-04-23 00:00:00+02:00,21.59235440851425,21.76117721415311,21.40665061032238,21.62611961364746,273265
2018-04-24 00:00:00+02:00,21.761175025679005,21.761175025679005,20.967710494995117,20.967710494995117,363959
2018-04-25 00:00:00+02:00,21.49106018536709,21.862469388001074,21.153416187524186,21.54170799255371,316374
2018-04-26 00:00:00+02:00,21.271590069152438,21.524822632589316,21.052121096167568,21.11964988708496,374717
2018-04-27 00:00:00+02:00,21.119652010702932,21.254709606117995,20.90018301565007,20.93394660949707,313324
2018-04-30 00:00:00+02:00,21.102768628797694,21.659881591796875,21.085886027491423,21.659881591796875,551704
2018-05-01 00:00:00+02:00,21.659881591796875,21.659881591796875,21.659881591796875,21.659881591796875,0
2018-05-02 00:00:00+02:00,21.372884249416824,21.845585825624518,21.372884249416824,21.828704833984375,200178
2018-05-03 00:00:00+02:00,21.828704833984375,21.828704833984375,21.828704833984375,21.828704833984375,0
2018-05-04 00:00:00+02:00,21.35600134831375,21.778056723656025,21.305355154076455,21.524824142456055,486801
2018-05-07 00:00:00+02:00,21.592353306114596,21.913114688435613,21.35600171228986,21.474178314208984,331271
2018-05-08 00:00:00+02:00,21.558589651945248,22.132583618164062,21.220944058857874,22.132583618164062,505112
2018-05-09 00:00:00+02:00,22.098821146137805,22.233878746220054,21.356002735671854,21.40665054321289,395238
2018-05-10 00:00:00+02:00,21.541706189471448,22.132582733735628,21.524823588489014,22.065053939819336,553252
2018-05-11 00:00:00+02:00,22.115702917631296,22.33517030200804,21.642999725092146,21.862468719482422,438187
2018-05-14 00:00:00+02:00,22.01440876812253,22.20011255750367,21.592353384063422,21.693647384643555,277798
2018-05-15 00:00:00+02:00,21.778056825331124,22.453346395039578,21.76117583384887,22.318288803100586,1040136
2018-05-16 00:00:00+02:00,22.28452366257607,22.36893506027793,21.541706904829383,21.963762283325195,593069
2018-05-17 00:00:00+02:00,21.99752571203563,22.30140609748638,21.457295346801832,21.524824142456055,468172
2018-05-18 00:00:00+02:00,21.626119945891112,21.946881349516513,20.731361316277937,20.78200912475586,369187
2018-05-21 00:00:00+02:00,20.849534911904634,21.794937993294997,20.849534911904634,21.5585880279541,397373
2018-05-22 00:00:00+02:00,21.8287054216328,21.8287054216328,20.714479442711937,21.01835823059082,523814
2018-05-23 00:00:00+02:00,21.08588586156727,21.40664884380847,20.933945671033385,21.220943450927734,511507
2018-05-24 00:00:00+02:00,21.524825023740362,21.744294021105617,21.001475628482673,21.01835823059082,392713
2018-05-25 00:00:00+02:00,21.372885256721624,22.031292262123216,21.220945054704824,21.76117706298828,524702
2018-05-28 00:00:00+02:00,21.896231916641376,22.35205085551585,21.64299774169922,21.64299774169922,207333
2018-05-29 00:00:00+02:00,21.879351846627102,22.0144094448768,20.933947048865665,21.10276985168457,373832
2018-05-30 00:00:00+02:00,21.01835823059082,21.558590227956657,20.967712034279934,21.01835823059082,2502234
2018-05-31 00:00:00+02:00,21.01835823059082,21.01835823059082,21.01835823059082,21.01835823059082,0
2018-06-01 00:00:00+02:00,21.018359261325358,21.10277066599205,20.309306038146932,20.950830459594727,987310
2018-06-04 00:00:00+02:00,21.1365348353343,21.49105981952407,20.950829432171787,21.01835823059082,428529
2018-06-05 00:00:00+02:00,21.102770138021036,21.507942938267778,20.697597337774294,21.40665054321289,509834
2018-06-06 00:00:00+02:00,21.102768602872445,21.254708794415283,20.76512462722918,21.085886001586914,465648
2018-06-07 00:00:00+02:00,21.102768273575116,21.220943260702832,19.937896173279686,20.478126525878906,667975
2018-06-08 00:00:00+02:00,20.579419638568165,20.596302240186315,20.05607186851355,20.106718063354492,696751
2018-06-11 00:00:00+02:00,20.258658257890836,20.427481054045327,19.85348547913626,20.106718063354492,728122
2018-06-12 00:00:00+02:00,20.258658272879465,20.680713653564453,20.07295448498293,20.680713653564453,619047
2018-06-13 00:00:00+02:00,19.161314010620117,19.41454658291362,19.076902616517806,19.161314010620117,5635412
2018-06-14 00:00:00+02:00,19.22884434839501,19.566488341911,19.19507914403663,19.21196174621582,1386332
2018-06-15 00:00:00+02:00,19.41454747652676,19.48207627291414,19.21196108736462,19.228843688964844,1200071
2018-06-18 00:00:00+02:00,19.211961449160068,19.33013644256005,18.570437066392167,18.9080810546875,761998
2018-06-19 00:00:00+02:00,18.789904034985202,18.874315425459496,18.24967371197108,18.38473129272461,1171038
2018-06-20 00:00:00+02:00,18.570435063757373,19.093784396687326,18.283437302152784,18.38473129272461,1095586
2018-06-21 00:00:00+02:00,18.57043749766329,19.22884449763987,18.48602609612574,19.076904296875,1033247
2018-06-22 00:00:00+02:00,19.144432067871094,19.313253251865376,18.924963079666394,19.144432067871094,989765
2018-06-25 00:00:00+02:00,19.00937271118164,19.414545447153824,18.992490111346132,19.00937271118164,339323
2018-06-26 00:00:00+02:00,19.29637166470202,19.29637166470202,18.85743370184478,19.110666275024414,551087
2018-06-27 00:00:00+02:00,19.11066774315424,19.21196174621582,18.874317752699827,19.21196174621582,880741
2018-06-28 00:00:00+02:00,18.857435296882805,19.33013689147407,18.857435296882805,19.076904296875,952355
2018-06-29 00:00:00+02:00,19.161314897917197,19.650899074365505,19.026257305104803,19.53272247314453,1050775
2018-07-02 00:00:00+02:00,19.093785594641698,19.482075761166293,19.02625680002814,19.414546966552734,611882
2018-07-03 00:00:00+02:00,19.46519236584821,19.566486358642578,19.262605990272867,19.566486358642578,272901
2018-07-04 00:00:00+02:00,19.566488414558236,19.583371016800108,19.347019415454596,19.43143081665039,300796
2018-07-05 00:00:00+02:00,19.51584228947178,19.6508998878753,19.380783081054688,19.380783081054688,279196
2018-07-06 00:00:00+02:00,19.431431907410172,19.81972212068803,19.380784097841502,19.583372116088867,332122
2018-07-09 00:00:00+02:00,19.634016036987305,19.78595622803234,19.431429652265077,19.634016036987305,122406
2018-07-10 00:00:00+02:00,19.53272125088984,19.92101301343835,19.53272125088984,19.78595542907715,399626
2018-07-11 00:00:00+02:00,19.65089685757501,19.701543046662955,19.39766269210864,19.49895668029785,283445
2018-07-12 00:00:00+02:00,19.44831369560783,20.089836489791054,19.44831369560783,20.0391902923584,467666
2018-07-13 00:00:00+02:00,19.988544680336076,20.08983707816797,19.650900670873703,20.072956085205078,213168
2018-07-16 00:00:00+02:00,20.07295453104496,20.07295453104496,19.448312759399414,19.448312759399414,180773
2018-07-17 00:00:00+02:00,19.80283657779265,20.039188157319376,19.566486608279337,19.954776763916016,284566
2018-07-18 00:00:00+02:00,19.887249951632807,20.039190152886874,19.465194552599772,19.600252151489258,256753
2018-07-19 00:00:00+02:00,19.498960628684753,19.752193235415422,19.448314429341348,19.667781829833984,288500
2018-07-20 00:00:00+02:00,19.498960464112226,20.072956085205078,19.498960464112226,20.072956085205078,213883
2018-07-23 00:00:00+02:00,20.089834627157117,20.089834627157117,19.617133071580586,19.684661865234375,177783
2018-07-24 00:00:00+02:00,19.650899219710084,20.039189399414266,19.363901430357636,19.39766502380371,339710
2018-07-25 00:00:00+02:00,19.60025252127787,19.63401772664406,19.363902523768957,19.549606323242188,397348
2018-07-26 00:00:00+02:00,19.431430810638233,19.921015005406076,19.431430810638233,19.735309600830078,309746
2018-07-27 00:00:00+02:00,19.718429044351396,19.904132843017578,19.549606238281342,19.904132843017578,146176
2018-07-30 00:00:00+02:00,19.78595806062537,20.174248264803385,19.78595806062537,19.988544464111328,251415
2018-07-31 00:00:00+02:00,19.870368443953907,20.17424722856752,19.752191840480275,20.056072235107422,293489
2018-08-01 00:00:00+02:00,20.106719681144497,20.157365880060443,19.71842947276618,20.072956085205078,224524
2018-08-02 00:00:00+02:00,20.07295535583579,20.07295535583579,19.76907495335461,19.87036895751953,160677
2018-08-03 00:00:00+02:00,20.005426556397037,20.005426556397037,19.634017354477105,19.87036895751953,243557
2018-08-06 00:00:00+02:00,19.8872498012157,20.056072603557453,19.482077007611768,20.00542640686035,181575
2018-08-07 00:00:00+02:00,19.971661202386578,20.00542640686035,19.76907480558461,20.00542640686035,195382
2018-08-08 00:00:00+02:00,19.937897607642725,19.937897607642725,19.66778080189705,19.735309600830078,340854
2018-08-09 00:00:00+02:00,19.63401935363994,19.735311758105013,19.465196532846495,19.515844345092773,294302
2018-08-10 00:00:00+02:00,19.465192984726578,19.65089837575169,18.924962632682856,18.975608825683594,535478
2018-08-13 00:00:00+02:00,18.99249156647674,19.144431756610707,18.823668775213786,18.840551376342773,269681
2018-08-14 00:00:00+02:00,18.840552694572583,19.144433096102322,18.705495096117936,19.076904296875,287961
2018-08-15 00:00:00+02:00,19.076904296875,19.076904296875,19.076904296875,19.076904296875,0
2018-08-16 00:00:00+02:00,18.840551431241867,18.94184542829749,18.452261264224482,18.486024856567383,378665
2018-08-17 00:00:00+02:00,18.570436477661133,18.806788066981674,18.502907682142904,18.570436477661133,424156
2018-08-20 00:00:00+02:00,18.604201762108616,18.806788149552755,18.5029077633798,18.789905548095703,390331
2018-08-21 00:00:00+02:00,18.688611186208806,18.941845373103238,18.570436198332814,18.840551376342773,146290
2018-08-22 00:00:00+02:00,18.72237777709961,18.806789178991853,18.570437575696285,18.72237777709961,264725
2018-08-23 00:00:00+02:00,18.874318552328056,19.178197354359778,18.350969132695912,19.060022354125977,518877
2018-08-24 00:00:00+02:00,19.00937373314466,19.16131391980602,18.722375960565074,18.941844940185547,640223
2018-08-27 00:00:00+02:00,18.992490822839077,19.617132550033066,18.992490822839077,19.566486358642578,384408
2018-08-28 00:00:00+02:00,19.5833731514074,19.5833731514074,19.313256316135146,19.515844345092773,622340
2018-08-29 00:00:00+02:00,19.549605442574208,19.549605442574208,19.330136447621395,19.48207664489746,557834
2018-08-30 00:00:00+02:00,19.51584229685939,19.51584229685939,19.009375497647675,19.076904296875,220046
2018-08-31 00:00:00+02:00,19.076902821698514,19.110666413694524,18.773022443667198,18.975608825683594,579785
2018-09-03 00:00:00+02:00,18.924963289766275,19.178195873575756,18.587319308015793,18.95872688293457,339668
2018-09-04 00:00:00+02:00,18.654848899200836,19.076904296875,18.57043749766329,19.076904296875,560377
2018-09-05 00:00:00+02:00,19.0431370949867,19.0431370949867,18.654846942657336,18.857433319091797,750867
2018-09-06 00:00:00+02:00,18.77302308982863,18.94184588565984,18.570436700839274,18.654848098754883,474263
2018-09-07 00:00:00+02:00,18.68861191448797,18.908080907676947,18.63796571914083,18.739259719848633,493010
2018-09-10 00:00:00+02:00,18.72237638846678,19.161314357739695,18.705493787337794,18.840551376342773,169623
2018-09-11 00:00:00+02:00,19.00937445353636,19.06002064767166,18.570436477661133,18.570436477661133,432065
2018-09-12 00:00:00+02:00,18.671731509815217,18.80678910832993,18.367851108150326,18.50290870666504,893447
2018-09-13 00:00:00+02:00,18.50290711531519,19.060020063777053,18.50290711531519,18.806787490844727,410973
2018-09-14 00:00:00+02:00,18.958727250428417,19.076903853841934,18.671731067887535,18.9080810546875,326369
2018-09-17 00:00:00+02:00,18.908079925544282,18.908079925544282,18.33408437471303,18.452260971069336,532843
2018-09-18 00:00:00+02:00,18.36785255680805,18.739261787023043,18.36785255680805,18.604204177856445,574032
2018-09-19 00:00:00+02:00,18.688611691913025,18.722376895084665,18.536671497667633,18.654848098754883,413330
2018-09-20 00:00:00+02:00,18.705493495663735,18.874316284294245,18.671729903945696,18.806787490844727,328643
2018-09-21 00:00:00+02:00,18.874316719525417,18.874316719525417,18.502907541981877,18.705493927001953,4799545
2018-09-24 00:00:00+02:00,18.7054934484757,19.195077602252983,18.587318462740523,19.161314010620117,368091
2018-09-25 00:00:00+02:00,19.211960924441033,19.211960924441033,18.789905548095703,18.789905548095703,210798
2018-09-26 00:00:00+02:00,18.85743507888789,19.093786678458045,18.77302367832615,18.99249267578125,218714
2018-09-27 00:00:00+02:00,19.009372841423556,19.009372841423556,18.756138672195917,18.87431526184082,336346
2018-09-28 00:00:00+02:00,18.70549290667484,19.161313455616508,18.688610306340696,18.773021697998047,703670
2018-10-01 00:00:00+02:00,18.97560910702872,19.043137902035415,18.570436336988568,18.705493927001953,344291
2018-10-02 00:00:00+02:00,18.570436198332814,18.840551376342773,18.53667099607484,18.840551376342773,337834
2018-10-03 00:00:00+02:00,18.92496291327707,18.941845514532112,18.705493927001953,18.705493927001953,213954
2018-10-04 00:00:00+02:00,18.63796434211778,18.857433319091797,18.604200751052073,18.857433319091797,473971
2018-10-05 00:00:00+02:00,18.705493467147537,19.532721588146373,18.68861086630754,19.465192794799805,1103259
2018-10-08 00:00:00+02:00,19.414546880138737,19.414546880138737,19.093785509655408,19.195077896118164,266871
2018-10-09 00:00:00+02:00,19.161315331848286,19.971660907073908,19.076903931925564,19.70154571533203,459233
2018-10-10 00:00:00+02:00,19.819719020160747,19.83660162070925,19.363900075445034,19.78595542907715,301961
2018-10-11 00:00:00+02:00,19.414546267077135,19.78595542907715,19.076902306174127,19.78595542907715,449175
2018-10-12 00:00:00+02:00,19.78595565718117,19.78595565718117,18.90807973869928,18.941844940185547,701395
2018-10-15 00:00:00+02:00,18.94184448131275,19.043136863290865,18.62108151501749,18.773021697998047,285141
2018-10-16 00:00:00+02:00,18.823668434210877,19.161314010620117,18.671729856842834,19.161314010620117,504334
2018-10-17 00:00:00+02:00,19.178196245323765,19.195078847241916,18.7054946617103,18.9080810546875,288473
2018-10-18 00:00:00+02:00,18.857435220535272,19.46519441112057,18.70549502038556,19.43143081665039,355473
2018-10-19 00:00:00+02:00,19.195079285753238,19.397665683358518,19.110667884247643,19.380783081054688,212841
2018-10-22 00:00:00+02:00,19.41454735235067,19.937896728515625,19.262607158947507,19.937896728515625,333632
2018-10-23 00:00:00+02:00,19.78595957035129,19.92101718298055,19.330138920217237,19.515844345092773,227332
2018-10-24 00:00:00+02:00,19.752191610061818,19.752191610061818,19.07690364100519,19.39766502380371,567775
2018-10-25 00:00:00+02:00,19.02625809275562,19.414548285662352,18.941846691250024,19.380783081054688,217588
2018-10-26 00:00:00+02:00,19.076903629345345,19.24572481649956,18.756140636729363,18.82366943359375,332043
2018-10-29 00:00:00+01:00,18.95872710302409,19.07690370551878,18.58731952379369,18.739259719848633,507157
2018-10-30 00:00:00+01:00,18.87431789919303,19.076904296875,18.604202702283736,19.076904296875,465640
2018-10-31 00:00:00+01:00,19.076903478319412,19.076903478319412,18.570436700839274,18.654848098754883,845033
2018-11-01 00:00:00+01:00,18.654848098754883,18.654848098754883,18.654848098754883,18.654848098754883,0
2018-11-02 00:00:00+01:00,18.705493984606857,18.85743417634319,18.097734827674987,18.350967407226562,497147
2018-11-05 00:00:00+01:00,18.45226265958485,18.502908856935797,18.215911055257795,18.36785125732422,376202
2018-11-06 00:00:00+01:00,18.4522604176639,18.4522604176639,17.895147484451094,18.063968658447266,563540
2018-11-07 00:00:00+01:00,18.063971138461177,18.570437950009616,17.895149941287436,18.401615142822266,875558
2018-11-08 00:00:00+01:00,18.739260949199817,19.09378755991485,18.58732074317714,19.060022354125977,633154
2018-11-09 00:00:00+01:00,18.891196286378214,19.178194046020508,18.671728926664322,19.178194046020508,323780
2018-11-12 00:00:00+01:00,19.178194046020508,19.178194046020508,19.178194046020508,19.178194046020508,0
2018-11-13 00:00:00+01:00,19.076904519490864,19.178196914507083,18.789906716922257,18.891199111938477,453180
2018-11-14 00:00:00+01:00,18.756138706548118,19.178194046020508,18.68860991663307,19.178194046020508,347300
2018-11-15 00:00:00+01:00,19.161313940584872,19.39766391119136,19.043137345268207,19.245723724365234,348138
2018-11-16 00:00:00+01:00,19.24572466413712,19.24572466413712,18.62108289558324,18.654848098754883,337071
2018-11-19 00:00:00+01:00,18.671730765087982,18.823669349846742,18.06396998599891,18.300321578979492,777991
2018-11-20 00:00:00+01:00,18.3678511168424,18.57043751471034,17.928913116455078,17.928913116455078,317430
2018-11-21 00:00:00+01:00,18.04708872065056,19.16131636147897,18.04708872065056,19.060022354125977,482125
2018-11-22 00:00:00+01:00,18.99249421095158,19.245726823092127,18.70549639185166,19.043140411376953,314193
2018-11-23 00:00:00+01:00,19.11066767055955,19.12755027267461,18.874317681002946,18.99249267578125,301575
2018-11-26 00:00:00+01:00,19.24572548993652,19.24572548993652,18.806789099965705,19.076904296875,541383
2018-11-27 00:00:00+01:00,18.992490672301805,18.992490672301805,18.62108151501749,18.773021697998047,396019
2018-11-28 00:00:00+01:00,18.77302367832615,19.04313887211287,18.688612277764413,18.99249267578125,414645
2018-11-29 00:00:00+01:00,18.99249267578125,18.99249267578125,18.671731285662908,18.99249267578125,576205
2018-11-30 00:00:00+01:00,18.95872688293457,18.99249208611637,18.5197905116657,18.95872688293457,745759
2018-12-03 00:00:00+01:00,18.9924918752668,19.144432067871094,18.90808047826292,19.144432067871094,488516
2018-12-04 00:00:00+01:00,18.992491152997307,19.313252517397576,18.84055096617118,19.245723724365234,648813
2018-12-05 00:00:00+01:00,18.85743627907451,19.583372116088867,18.85743627907451,19.583372116088867,578350
2018-12-06 00:00:00+01:00,19.12754967881656,19.414547465807846,18.705494299125085,18.95872688293457,480048
2018-12-07 00:00:00+01:00,19.00937490838475,19.00937490838475,18.5704369220068,18.739259719848633,385866
2018-12-10 00:00:00+01:00,18.604201909606694,18.99249208611637,18.570436706424896,18.95872688293457,220845
2018-12-11 00:00:00+01:00,18.992492080403803,19.04313827514777,18.654848098754883,18.654848098754883,316535
2018-12-12 00:00:00+01:00,18.857434933419057,19.12755012512207,18.452262145864534,19.12755012512207,716457
2018-12-13 00:00:00+01:00,19.12754831323546,19.48207487126598,18.773021755204947,19.347017288208008,505710
2018-12-14 00:00:00+01:00,18.992492096602266,19.397664874926537,18.975609495002043,19.228843688964844,395361
2018-12-17 00:00:00+01:00,19.397664648869256,19.397664648869256,19.026257078073748,19.144432067871094,288793
2018-12-18 00:00:00+01:00,19.313253845698824,19.532722840651637,19.11066745266858,19.48207664489746,664702
2018-12-19 00:00:00+01:00,19.56648985630253,20.089837684254583,19.46519584540108,19.836605072021484,1037144
2018-12-20 00:00:00+01:00,19.667777886630464,19.921012052603725,19.465191519859847,19.80283546447754,540222
2018-12-21 00:00:00+01:00,19.80283681106129,19.80283681106129,18.705493513931625,19.110666275024414,1084068
2018-12-24 00:00:00+01:00,19.110666275024414,19.110666275024414,19.110666275024414,19.110666275024414,0
2018-12-25 00:00:00+01:00,19.110666275024414,19.110666275024414,19.110666275024414,19.110666275024414,0
2018-12-26 00:00:00+01:00,19.110666275024414,19.110666275024414,19.110666275024414,19.110666275024414,0
2018-12-27 00:00:00+01:00,19.195080113236635,19.330137717462375,18.806789903591046,18.924964904785156,189511
2018-12-28 00:00:00+01:00,19.178198019187068,19.296374633531183,19.009376814431267,19.043140411376953,149929
2018-12-31 00:00:00+01:00,19.043140411376953,19.043140411376953,19.043140411376953,19.043140411376953,0
2019-01-01 00:00:00+01:00,19.043140411376953,19.043140411376953,19.043140411376953,19.043140411376953,0
2019-01-02 00:00:00+01:00,18.924961322017435,19.093784100345847,18.756138543689023,19.00937271118164,127578
2019-01-03 00:00:00+01:00,19.00937571947552,19.144433319506206,18.72237791690691,18.891199111938477,256731
2019-01-04 00:00:00+01:00,19.009373889757935,19.498958045248415,18.975608687993486,19.110666275024414,308646
2019-01-07 00:00:00+01:00,19.41454558017176,19.41454558017176,18.654846292515536,18.87431526184082,537561
2019-01-08 00:00:00+01:00,18.9080810546875,19.093786455760082,18.621083262133084,18.9080810546875,830744
2019-01-09 00:00:00+01:00,18.95872430370621,19.482073611730833,18.857431927968076,19.33013343811035,873039
2019-01-10 00:00:00+01:00,19.026256443053818,19.465192794799805,18.992491241373816,19.465192794799805,362775
2019-01-11 00:00:00+01:00,19.482077084864112,19.634017285571467,19.195079285753238,19.380783081054688,475877
2019-01-14 00:00:00+01:00,19.195077104764447,19.54960366279496,19.195077104764447,19.347017288208008,684210
2019-01-15 00:00:00+01:00,19.431430304512823,19.76907429038344,19.211961311193544,19.61713409423828,314853
2019-01-16 00:00:00+01:00,19.752190363696503,19.752190363696503,19.465192592453647,19.650897979736328,417556
2019-01-17 00:00:00+01:00,19.448312604979133,19.769073984082986,19.22884361506029,19.31325340270996,400683
2019-01-18 00:00:00+01:00,19.667779174839513,19.752190569026084,19.279489015600095,19.465192794799805,687810
2019-01-21 00:00:00+01:00,19.617131186057197,19.617131186057197,19.17819326448987,19.33013343811035,268331
2019-01-22 00:00:00+01:00,19.279488815184383,19.701544171716417,19.21196002253979,19.650897979736328,333220
2019-01-23 00:00:00+01:00,19.650900243926095,19.921015445627305,19.245725831360684,19.904132843017578,887251
2019-01-24 00:00:00+01:00,19.8366036042364,19.921015005406076,19.54960580626764,19.735309600830078,386235
2019-01-25 00:00:00+01:00,19.8366036042364,19.90413240316943,19.54960580626764,19.735309600830078,440728
2019-01-28 00:00:00+01:00,19.769073710925053,20.089835085596803,19.498958530146002,19.853485107421875,583470
2019-01-29 00:00:00+01:00,19.650900243926095,20.039190443868183,19.650900243926095,19.904132843017578,380864
2019-01-30 00:00:00+01:00,19.83660191537448,19.95477690094263,19.75219052139148,19.819719314575195,583166
2019-01-31 00:00:00+01:00,20.00542640686035,20.022307399083676,19.76907480558461,20.00542640686035,433657
2019-02-01 00:00:00+01:00,19.836602656570047,20.072954246551056,19.75219125943301,20.022306442260742,447322
2019-02-04 00:00:00+01:00,19.9210135722576,20.54565531995381,19.9210135722576,20.478126525878906,302260
2019-02-05 00:00:00+01:00,20.511889708888827,20.93394506594426,20.343068532074703,20.883298873901367,791879
2019-02-06 00:00:00+01:00,20.78200926027497,21.085888063055986,20.697597855608276,20.950830459594727,256213
2019-02-07 00:00:00+01:00,20.93394772948137,20.96771293514837,20.376834716084826,20.511892318725586,265494
2019-02-08 00:00:00+01:00,20.52877341186759,22.16634873597611,20.52877341186759,21.609235763549805,1158959
2019-02-11 00:00:00+01:00,21.440413476323553,21.896234070039352,21.35600207637468,21.7274112701416,1879076
2019-02-12 00:00:00+01:00,21.001475268546216,21.913114836585724,20.933946471284532,21.339120864868164,1024497
2019-02-13 00:00:00+01:00,21.50794242163222,21.761176623213764,20.950829432171787,21.01835823059082,1229638
2019-02-14 00:00:00+01:00,21.220944625847928,21.49105981952407,20.64694903427935,21.01835823059082,920228
2019-02-15 00:00:00+01:00,21.085886812000105,21.676764999595687,20.9845944204208,21.204063415527344,685968
2019-02-18 00:00:00+01:00,21.136535195142226,21.761176993654992,20.967712391213986,21.54170799255371,686433
2019-02-19 00:00:00+01:00,21.49105952820553,21.929997516986084,21.389767136956802,21.862468719482422,588470
2019-02-20 00:00:00+01:00,21.8793493852082,21.929995576350766,21.237825060686614,21.5585880279541,329381
2019-02-21 00:00:00+01:00,21.626116819481986,21.727409201767117,21.170296269158733,21.5585880279541,538536
2019-02-22 00:00:00+01:00,21.6767645654359,21.92999714932575,21.49105916790407,21.913114547729492,518944
2019-02-25 00:00:00+01:00,21.92999699913715,22.031290998007478,21.575470418111244,21.744293212890625,299701
2019-02-26 00:00:00+01:00,21.74429327515634,21.74429327515634,21.288472693954848,21.389766693115234,225417
2019-02-27 00:00:00+01:00,21.45729644959341,21.474179051878018,20.967712253434872,21.10276985168457,389847
2019-02-28 00:00:00+01:00,21.609236792122292,21.72741178886391,21.187181392315267,21.54170799255371,560977
2019-03-01 00:00:00+01:00,21.71052616778332,21.71052616778332,21.03523826599121,21.03523826599121,252518
2019-03-04 00:00:00+01:00,21.33912010516884,21.33912010516884,20.69759574901514,20.866416931152344,686829
2019-03-05 00:00:00+01:00,20.765126657338904,21.10277066599205,20.765126657338904,20.950830459594727,250997
2019-03-06 00:00:00+01:00,21.102767322466356,21.20406131402008,20.76512336730957,20.76512336730957,415002
2019-03-07 00:00:00+01:00,20.917065617580338,21.20406341034073,20.815771616012274,20.93394660949707,408426
2019-03-08 00:00:00+01:00,20.967711813357603,21.035240611065134,20.697596622527477,20.93394660949707,215154
2019-03-11 00:00:00+01:00,20.967711813357603,21.069004204912133,20.90018301565007,20.93394660949707,382966
2019-03-12 00:00:00+01:00,21.22094440225746,21.22094440225746,20.917065617580338,20.93394660949707,342780
2019-03-13 00:00:00+01:00,21.035241052559723,21.10276985168457,20.815772052900574,21.10276985168457,417509
2019-03-14 00:00:00+01:00,21.237824868687053,21.237824868687053,20.86641571363471,21.11964988708496,323144
2019-03-15 00:00:00+01:00,21.187181093884302,22.689697265625,21.153415889568823,22.689697265625,1811867
2019-03-18 00:00:00+01:00,22.453346539374103,22.453346539374103,21.693647177330405,22.183231353759766,769700
2019-03-19 00:00:00+01:00,22.250760215244625,22.453346605047923,21.744293435729624,21.828704833984375,547315
2019-03-20 00:00:00+01:00,21.744292571220317,22.335169115484497,21.744292571220317,22.065053939819336,313583
2019-03-21 00:00:00+01:00,22.368934545885654,22.368934545885654,21.896232983644293,22.149465560913086,250113
2019-03-22 00:00:00+01:00,22.200112038207294,22.21699463957799,21.67676427582352,21.879350662231445,530473
2019-03-25 00:00:00+01:00,21.87935043710917,22.1832308186011,21.406648873687754,21.794939041137695,595498
2019-03-26 00:00:00+01:00,21.86246747029942,21.997525057589787,21.727409883009056,21.845584869384766,307009
2019-03-27 00:00:00+01:00,21.997526987138233,22.014409589533773,21.389767791021008,21.54170799255371,307704
2019-03-28 00:00:00+01:00,21.440412156762513,21.794938726717437,21.42352955580908,21.491058349609375,147202
2019-03-29 00:00:00+01:00,21.710527126119203,21.778055919279236,21.457294554272426,21.6767635345459,451253
2019-04-01 00:00:00+02:00,22.11570276870266,22.132583760454754,21.55858979054572,21.693647384643555,257773
2019-04-02 00:00:00+02:00,21.524825596531006,21.980646205499365,21.524825596531006,21.92999839782715,242929
2019-04-03 00:00:00+02:00,22.03129211096996,22.08193830795689,21.761176913688242,21.8962345123291,448648
2019-04-04 00:00:00+02:00,21.929997237675746,22.402700424194336,21.929997237675746,22.402700424194336,255105
2019-04-05 00:00:00+02:00,22.25076035467741,22.571521738039284,21.42353057861328,21.42353057861328,392902
2019-04-08 00:00:00+02:00,21.575470336693353,21.626118140944136,21.20406276560186,21.524824142456055,157640
2019-04-09 00:00:00+02:00,21.609236571440995,21.7442941691989,21.237827372599977,21.45729637145996,262044
2019-04-10 00:00:00+02:00,21.54170610298816,22.14946524579481,21.50794090115885,21.845584869384766,624942
2019-04-11 00:00:00+02:00,21.86246783591218,22.098819422629624,21.609235258011218,21.794939041137695,133922
2019-04-12 00:00:00+02:00,21.98064337750672,21.98064337750672,21.5585880279541,21.5585880279541,105979
2019-04-15 00:00:00+02:00,21.52482400137365,21.811821783526373,21.356001208337876,21.659881591796875,128403
2019-04-16 00:00:00+02:00,21.913114547729492,22.26764113118339,21.60923576906437,21.913114547729492,323872
2019-04-17 00:00:00+02:00,21.693647098690036,22.36893506027793,21.693647098690036,21.963762283325195,309001
2019-04-18 00:00:00+02:00,21.896233998645794,22.200112783451978,21.87935139670836,22.081937789916992,118250
2019-04-19 00:00:00+02:00,22.081937789916992,22.081937789916992,22.081937789916992,22.081937789916992,0
2019-04-22 00:00:00+02:00,22.081937789916992,22.081937789916992,22.081937789916992,22.081937789916992,0
2019-04-23 00:00:00+02:00,22.0650559259059,22.23387873089917,21.94688092841876,21.98064613342285,113849
2019-04-24 00:00:00+02:00,22.25076066438181,22.301406860351562,21.896234072566454,22.301406860351562,391027
2019-04-25 00:00:00+02:00,22.318288124515508,22.318288124515508,21.91311375100432,22.065053939819336,265814
2019-04-26 00:00:00+02:00,21.9806439704708,22.554637908935547,21.946878768789293,22.554637908935547,241935
2019-04-29 00:00:00+02:00,22.588405543220983,22.622169138525145,22.081938733549666,22.36893653869629,279078
2019-04-30 00:00:00+02:00,22.520876742599047,22.537759345257932,22.031292535586616,22.36893653869629,376614
2019-05-01 00:00:00+02:00,22.36893653869629,22.36893653869629,22.36893653869629,22.36893653869629,0
2019-05-02 00:00:00+02:00,22.5039939199821,22.5039939199821,22.08193851771685,22.28452491760254,187613
2019-05-03 00:00:00+02:00,22.28452491760254,22.28452491760254,22.28452491760254,22.28452491760254,0
2019-05-06 00:00:00+02:00,21.946878525208415,22.301405088862317,21.89623233326169,22.16634750366211,294448
2019-05-07 00:00:00+02:00,22.335170151601503,22.35205275336711,21.62611858759464,21.693647384643555,410961
2019-05-08 00:00:00+02:00,21.94687843322754,22.06505341727909,21.77805564742812,21.94687843322754,525933
2019-05-09 00:00:00+02:00,21.997524624962,22.35205118713006,21.77805564742812,21.94687843322754,283883
2019-05-10 00:00:00+02:00,22.048172563469258,22.149464947566475,21.626117206366207,21.81182098388672,196240
2019-05-13 00:00:00+02:00,21.879351392186194,21.980645393776346,21.288473204606323,21.50794219970703,268008
2019-05-14 00:00:00+02:00,21.322236026756197,21.322236026756197,20.849534495501718,21.03523826599121,516879
2019-05-15 00:00:00+02:00,21.035241474223735,21.879352285211823,20.933947468499177,21.575471878051758,256027
2019-05-16 00:00:00+02:00,21.524822847653983,21.524822847653983,20.258656797791986,20.27553939819336,408409
2019-05-17 00:00:00+02:00,20.292424123179757,20.69759691515334,20.2755415210108,20.66383171081543,437136
2019-05-20 00:00:00+02:00,20.49500929775807,20.967710860223075,20.343069107319526,20.917064666748047,228040
2019-05-21 00:00:00+02:00,20.78200644622006,21.237825393676758,20.663829851683317,21.237825393676758,316594
2019-05-22 00:00:00+02:00,21.1196520196726,22.200112783451978,20.782008030991545,22.081937789916992,499640
2019-05-23 00:00:00+02:00,21.946879663463616,21.946879663463616,21.18718030480796,21.389766693115234,247053
2019-05-24 00:00:00+02:00,21.136534029764743,21.33912041730074,20.69759605176333,21.170297622680664,298386
2019-05-27 00:00:00+02:00,21.102769629790192,21.59235382080078,20.96771203296062,21.59235382080078,107442
2019-05-28 00:00:00+02:00,21.254709118651153,22.318288865662215,21.254709118651153,21.963762283325195,1554193
2019-05-29 00:00:00+02:00,21.626117342179228,21.896232514819367,21.220942973205588,21.6767635345459,362130
2019-05-30 00:00:00+02:00,21.845584439745206,22.08193601786171,21.82870344917599,21.94687843322754,235501
2019-05-31 00:00:00+02:00,21.575469493949633,22.09881884733782,21.457294508674057,22.03129005432129,521999
2019-06-03 00:00:00+02:00,21.946879316537306,22.183230904166404,21.86246792024024,22.014408111572266,228876
2019-06-04 00:00:00+02:00,21.94687881605718,22.45334557227657,21.693646242954202,22.200111389160156,434623
2019-06-05 00:00:00+02:00,22.031291017726854,22.318288803100586,21.946879620261612,22.318288803100586,521610
2019-06-06 00:00:00+02:00,22.436464183707365,24.2935085201822,22.115702799777686,23.719512939453125,2234780
2019-06-07 00:00:00+02:00,24.057157665582963,24.10780386249618,23.75327726407652,23.922100067138672,526673
2019-06-10 00:00:00+02:00,23.68574619453471,24.20909554585258,23.398748422846424,23.668865203857422,291516
2019-06-11 00:00:00+02:00,23.719513160825937,24.023391945802366,23.246811576407627,23.803924560546875,565212
2019-06-12 00:00:00+02:00,23.972745461637253,24.377918243408203,23.635101476828126,24.377918243408203,996255
2019-06-13 00:00:00+02:00,24.46232838066774,25.576554278087453,24.310388192835333,25.2895565032959,953028
2019-06-14 00:00:00+02:00,25.188264395177118,25.27267579045855,24.124684678663378,25.019441604614258,669049
2019-06-17 00:00:00+02:00,24.648035119234486,24.79997370536906,24.1922145307902,24.597387313842773,180580
2019-06-18 00:00:00+02:00,24.732442873534566,25.796022549060417,24.597385290294465,25.660964965820312,1230283
2019-06-19 00:00:00+02:00,25.745377525387152,25.745377525387152,25.357087358466465,25.4583797454834,515425
2019-06-20 00:00:00+02:00,25.4583797454834,25.4583797454834,25.4583797454834,25.4583797454834,0
2019-06-21 00:00:00+02:00,25.08697158115799,25.84667256448128,25.08697158115799,25.390851974487305,1346519
2019-06-24 00:00:00+02:00,25.694732519747834,26.75831229267579,25.542792322184763,25.829790115356445,710720
2019-06-25 00:00:00+02:00,25.914198978447935,26.032373960534272,25.340203448291366,25.492143630981445,879293
2019-06-26 00:00:00+02:00,25.492146925982915,25.79602572062771,25.30644151868564,25.6778507232666,389547
2019-06-27 00:00:00+02:00,25.475262292563517,25.897317660935972,25.373968295748206,25.81290626525879,536902
2019-06-28 00:00:00+02:00,25.751964493042518,25.92608256468154,25.630082839202995,25.90867042541504,598701
2019-07-01 00:00:00+02:00,26.431024699093424,26.6922001630278,26.013141632080078,26.013141632080078,351011
2019-07-02 00:00:00+02:00,26.326553176299797,26.761846717562385,26.117612475755323,26.639965057373047,382984
2019-07-03 00:00:00+02:00,26.72702420865595,26.72702420865595,26.030553543437332,26.587730407714844,295861
2019-07-04 00:00:00+02:00,26.67478765788605,26.796670978500185,26.291730537421845,26.72702407836914,178364
2019-07-05 00:00:00+02:00,26.901140517925366,27.17972811865133,26.39620007648129,26.639965057373047,449744
2019-07-08 00:00:00+02:00,26.605140475468115,27.144905191141483,26.518081436099756,26.901140213012695,432114
2019-07-09 00:00:00+02:00,26.67478750257322,27.07525842137981,26.34396514400523,26.7618465423584,542652
2019-07-10 00:00:00+02:00,26.622552697505903,26.97078719553967,26.483258898292394,26.744434356689453,613467
2019-07-11 00:00:00+02:00,27.17972822529813,27.17972822529813,26.187259478689406,26.39620018005371,690935
2019-07-12 00:00:00+02:00,26.29173085579042,26.570318459688036,26.013141591379707,26.187259674072266,462364
2019-07-15 00:00:00+02:00,26.396200057361874,26.72702407836914,26.291730537421845,26.72702407836914,315032
2019-07-16 00:00:00+02:00,26.46584701538086,26.709611996629235,26.256906314530717,26.46584701538086,279995
2019-07-17 00:00:00+02:00,26.465847390318558,26.465847390318558,25.647495055010552,26.135025024414062,898774
2019-07-18 00:00:00+02:00,25.612672198170884,26.396200245353626,25.334084595662627,26.326553344726562,411105
2019-07-19 00:00:00+02:00,26.117610903162397,26.605139175077795,26.117610903162397,26.291728973388672,405176
2019-07-22 00:00:00+02:00,26.39620055582836,26.39620055582836,25.908672245704555,26.065378189086914,372979
2019-07-23 00:00:00+02:00,26.239492584378844,26.3265516195861,25.89125810406282,26.117610931396484,302193
2019-07-24 00:00:00+02:00,26.100198806501616,26.100198806501616,25.647493151587145,26.03055191040039,490032
2019-07-25 00:00:00+02:00,26.169845981293467,26.343964053657267,25.734552460896975,25.856435775756836,333091
2019-07-26 00:00:00+02:00,25.682319335902132,26.37878834860271,25.682319335902132,26.135025024414062,257000
2019-07-29 00:00:00+02:00,26.030551762120176,26.343963623046875,26.030551762120176,26.343963623046875,259098
2019-07-30 00:00:00+02:00,26.361377579822623,26.361377579822623,25.751965955002245,26.309141159057617,282457
2019-07-31 00:00:00+02:00,26.1698476900458,26.396200534693175,25.943494845398423,26.152437210083008,982109
2019-08-01 00:00:00+02:00,26.08278663896333,26.883726773512315,25.978317125181672,26.204669952392578,333786
2019-08-02 00:00:00+02:00,25.804199372946222,26.552904759833556,25.490789167224897,25.769376754760742,342969
2019-08-05 00:00:00+02:00,25.647493594572484,26.117611396760417,25.22961221074744,25.455965042114258,365940
2019-08-06 00:00:00+02:00,25.682317873481075,25.85643594699802,25.19478959235186,25.455965042114258,424356
2019-08-07 00:00:00+02:00,25.15996739950474,25.751966905930548,24.811732884111073,25.247026443481445,608549
2019-08-08 00:00:00+02:00,25.61267137408038,25.61267137408038,24.82914335210774,24.951025009155273,462807
2019-08-09 00:00:00+02:00,24.84655709941354,25.316673278808594,24.84655709941354,25.316673278808594,531245
2019-08-12 00:00:00+02:00,25.368906225378804,25.368906225378804,24.898790079626597,25.072906494140625,329502
2019-08-13 00:00:00+02:00,24.811731576432376,25.055496554617115,24.306791140595678,24.620203018188477,426857
2019-08-14 00:00:00+02:00,24.2371443601888,24.898790738070495,24.167497460438785,24.289379119873047,591185
2019-08-15 00:00:00+02:00,24.289379119873047,24.289379119873047,24.289379119873047,24.289379119873047,0
2019-08-16 00:00:00+02:00,24.550555131730984,24.65502464638637,23.12279126049909,23.29690933227539,464273
2019-08-19 00:00:00+02:00,23.50585106440953,24.96843761854377,23.50585106440953,24.37643814086914,541125
2019-08-20 00:00:00+02:00,24.411262319964298,24.776907296471816,24.132673061819,24.620203018188477,398704
2019-08-21 00:00:00+02:00,24.39385013468337,25.038084368139806,24.376437994735422,24.60279083251953,416109
2019-08-22 00:00:00+02:00,24.411262040725994,24.898790331005618,24.324203002333515,24.79431915283203,303809
2019-08-23 00:00:00+02:00,24.898790897833436,24.951025657852842,23.958556914918667,24.25455665588379,352722
2019-08-26 00:00:00+02:00,24.254556417664194,24.620203055234967,23.941144539599797,24.44608497619629,385972
2019-08-27 00:00:00+02:00,24.219732164424745,25.421143257990977,23.923732426039617,24.550556182861328,1233743
2019-08-28 00:00:00+02:00,24.881378551256564,25.438553748209852,24.219732174618,24.2719669342041,380973
2019-08-29 00:00:00+02:00,24.55055772297008,25.368908429359422,24.341615350580064,24.985851287841797,660700
2019-08-30 00:00:00+02:00,24.58537816069523,25.386318315329643,24.48090864429376,25.334083557128906,739622
2019-09-02 00:00:00+02:00,25.66490582920746,25.717142247764073,24.916202095539205,25.212200164794922,292587
2019-09-03 00:00:00+02:00,25.212200416517657,25.212200416517657,24.637613090762283,24.933612823486328,431159
2019-09-04 00:00:00+02:00,25.351497997964067,25.351497997964067,24.672439437661332,24.81173324584961,910503
2019-09-05 00:00:00+02:00,25.072907452960777,25.072907452960777,23.71479206155795,24.115262985229492,749581
2019-09-06 00:00:00+02:00,24.25455846728112,24.759498946547307,24.16749942040491,24.411264419555664,485456
2019-09-09 00:00:00+02:00,24.359025756345016,25.177378064947572,24.271966717470182,24.846555709838867,329073
2019-09-10 00:00:00+02:00,24.846557548363858,25.020673978484247,24.271968513478367,24.91620445251465,473806
2019-09-11 00:00:00+02:00,25.090319183844525,25.10773132383159,24.167497351199764,24.34161376953125,462160
2019-09-12 00:00:00+02:00,24.184909885801098,24.463497488087516,23.732204201829123,24.115262985229492,208894
2019-09-13 00:00:00+02:00,23.92373260869529,24.498319949826737,23.801850948610763,24.15008544921875,255150
2019-09-16 00:00:00+02:00,24.11526263697636,24.376438095219918,23.505851020390637,24.359025955200195,508627
2019-09-17 00:00:00+02:00,24.376440339994282,24.376440339994282,23.697381761309682,23.906322479248047,317580
2019-09-18 00:00:00+02:00,23.88890981655525,24.289379074237157,23.854085536489134,24.2719669342041,371699
2019-09-19 00:00:00+02:00,23.888910535292343,24.202320762751494,23.331733661062405,23.50585174560547,256246
2019-09-20 00:00:00+02:00,23.679968298477096,23.714790916825436,22.687497937597737,23.00090980529785,1118787
2019-09-23 00:00:00+02:00,22.68749863216503,22.931263610118208,22.025852258160462,22.23479461669922,682543
2019-09-24 00:00:00+02:00,22.443734855788968,22.983497899523186,22.0432639473772,22.80938148498535,938812
2019-09-25 00:00:00+02:00,22.670087739005933,22.70491035778487,22.391498486209276,22.54820442199707,618228
2019-09-26 00:00:00+02:00,22.565616252457076,22.913850738040225,22.408910318816407,22.896438598632812,457729
2019-09-27 00:00:00+02:00,23.0879685217112,23.592908934606257,22.91385045084546,23.436203002929688,453463
2019-09-30 00:00:00+02:00,23.59290926183673,23.59290926183673,22.600438900957368,23.00090980529785,632067
2019-10-01 00:00:00+02:00,22.913852896702668,23.035734563010713,22.461147192539688,22.704912185668945,165543
2019-10-02 00:00:00+02:00,22.565616237211454,23.36655638376807,22.49596934014188,22.983497619628906,703808
2019-10-03 00:00:00+02:00,22.617852419566884,23.958557348247457,22.617852419566884,23.66255760192871,491918
2019-10-04 00:00:00+02:00,23.993377912699398,24.341612390141695,23.383967992303617,23.801849365234375,504890
2019-10-07 00:00:00+02:00,23.90631887821058,23.90631887821058,23.50584964428018,23.801849365234375,182457
2019-10-08 00:00:00+02:00,23.592908547377842,24.028202056884766,23.592908547377842,24.028202056884766,259478
2019-10-09 00:00:00+02:00,24.11526109088874,24.289377498383736,23.9237308839774,24.028202056884766,365464
2019-10-10 00:00:00+02:00,24.08043665966648,24.150083554323352,23.88890811448832,24.063024520874023,108447
2019-10-11 00:00:00+02:00,24.15008582383296,24.15008582383296,23.610322754646088,23.819263458251953,164376
2019-10-14 00:00:00+02:00,23.43620424514581,24.341613944304356,23.43620424514581,24.2197322845459,220884
2019-10-15 00:00:00+02:00,24.09784941032434,24.219731063940312,23.314321410411836,23.36655616760254,272466
2019-10-16 00:00:00+02:00,23.366555840105566,24.08043693358731,23.366555840105566,23.88890838623047,295236
2019-10-17 00:00:00+02:00,23.871496247239946,24.254555002466603,23.6799676998831,23.88890838623047,271364
2019-10-18 00:00:00+02:00,23.714790270979183,24.045614269100344,23.575496480353312,23.871496200561523,410148
2019-10-21 00:00:00+02:00,23.52326384389311,23.801851450250922,23.52326384389311,23.679969787597656,175369
2019-10-22 00:00:00+02:00,23.697379597217754,24.2719669342041,23.471026758327213,24.2719669342041,541174
2019-10-23 00:00:00+02:00,24.28937761993468,24.28937761993468,23.697378178360655,23.88890838623047,353672
2019-10-24 00:00:00+02:00,24.115263045421443,24.115263045421443,23.714792120750325,23.85408592224121,341431
2019-10-25 00:00:00+02:00,23.993379794428034,24.184910017427164,23.767026951210124,23.975969314575195,221703
2019-10-28 00:00:00+01:00,24.184907713334173,24.324201501964986,23.941142752973782,24.20231819152832,201428
2019-10-29 00:00:00+01:00,24.341613760043174,24.655025637635976,24.0978504423715,24.620203018188477,539861
2019-10-30 00:00:00+01:00,24.672435666140444,24.79431731454561,24.35902381536954,24.637611389160156,214459
2019-10-31 00:00:00+01:00,24.6898503300735,24.707260809831585,23.836673722429985,24.115262985229492,528957
2019-11-01 00:00:00+01:00,24.115262985229492,24.115262985229492,24.115262985229492,24.115262985229492,0
2019-11-04 00:00:00+01:00,24.533143788849216,24.881378283193268,24.271966672706395,24.829143524169922,558197
2019-11-05 00:00:00+01:00,24.82914356996129,24.846555709838867,24.533143834094684,24.846555709838867,285500
2019-11-06 00:00:00+01:00,24.480909029825874,25.264437057228246,24.480909029825874,24.829143524169922,247895
2019-11-07 00:00:00+01:00,25.247026762559557,25.247026762559557,24.8465574799239,24.985851287841797,225395
2019-11-08 00:00:00+01:00,25.229614621441527,25.229614621441527,24.759498434846922,24.985851287841797,302871
2019-11-11 00:00:00+01:00,24.985851287841797,24.985851287841797,24.985851287841797,24.985851287841797,0
2019-11-12 00:00:00+01:00,24.655026937055638,25.647495721055872,24.655026937055638,25.247026443481445,461918
2019-11-13 00:00:00+01:00,25.490789682304953,25.490789682304953,24.776906899178012,25.12514305114746,327007
2019-11-14 00:00:00+01:00,25.247025112861014,25.490790091045753,24.202319961227058,24.620203018188477,683745
2019-11-15 00:00:00+01:00,24.463496613802068,25.003259658813477,24.219731640256672,25.003259658813477,212688
2019-11-18 00:00:00+01:00,25.05549599859949,25.15996551513672,24.60279033223676,25.15996551513672,194669
2019-11-19 00:00:00+01:00,25.15996771748258,25.247026762559557,24.81173319768784,24.985851287841797,237625
2019-11-20 00:00:00+01:00,24.724674200603644,25.020673958132026,24.550557770624884,24.81173324584961,239317
2019-11-21 00:00:00+01:00,24.567966237774833,24.968437148880074,24.324202923679767,24.951025009155273,671617
2019-11-22 00:00:00+01:00,24.72467228251287,25.055496296680243,24.72467228251287,24.89879035949707,218545
2019-11-25 00:00:00+01:00,24.9858477313961,24.9858477313961,24.289377130427965,24.53314208984375,371136
2019-11-26 00:00:00+01:00,24.533144145282485,24.533144145282485,24.02820370601925,24.306791305541992,1401595
2019-11-27 00:00:00+01:00,24.35902636777395,24.446085408834026,23.8018511618104,23.85408592224121,362633
2019-11-28 00:00:00+01:00,23.679969377646433,24.32420362132407,23.679969377646433,24.18490982055664,134169
2019-11-29 00:00:00+01:00,24.16749750578062,24.498319865085605,23.993379425822372,24.306791305541992,236452
2019-12-02 00:00:00+01:00,24.46349752864692,24.672438230708146,23.88891018285027,23.941144943237305,248826
2019-12-03 00:00:00+01:00,23.819262205118992,23.819262205118992,22.94867515563965,22.94867515563965,627022
2019-12-04 00:00:00+01:00,22.931264831426795,23.41879315278562,22.809383166215376,23.105382919311523,662587
2019-12-05 00:00:00+01:00,23.41879250665745,23.8366739134356,22.82679301679852,23.714792251586914,503156
2019-12-06 00:00:00+01:00,23.679967620262527,24.533142501773835,23.540673829832638,23.767024993896484,677047
2019-12-09 00:00:00+01:00,23.523263500114314,24.34161416670239,23.50585135984314,24.115262985229492,486628
2019-12-10 00:00:00+01:00,24.254556846912333,24.254556846912333,23.784439021495768,23.85408592224121,369772
2019-12-11 00:00:00+01:00,23.854085902250187,24.289379446672683,23.679969480789044,23.941144943237305,578300
2019-12-12 00:00:00+01:00,24.324203727272767,24.341614207059717,23.78443900156311,23.941144943237305,488520
2019-12-13 00:00:00+01:00,23.854084048389613,24.44608348847806,23.854084048389613,23.958555221557617,397986
2019-12-16 00:00:00+01:00,23.97596693747959,24.759494910619924,23.97596693747959,24.53314208984375,265214
2019-12-17 00:00:00+01:00,24.724672463384604,24.91620268157096,24.237144168980624,24.498319625854492,1017628
2019-12-18 00:00:00+01:00,24.881380149943748,25.0032618169802,24.44608658422709,24.81173324584961,666352
2019-12-19 00:00:00+01:00,24.96843797375649,24.96843797375649,23.436204498127733,23.941144943237305,1211873
2019-12-20 00:00:00+01:00,24.063026280557224,24.428672919373078,23.871497721372947,24.289379119873047,1308433
2019-12-23 00:00:00+01:00,24.359025909518316,24.77690730612956,24.219732110647904,24.34161376953125,174621
2019-12-24 00:00:00+01:00,24.34161376953125,24.34161376953125,24.34161376953125,24.34161376953125,0
2019-12-25 00:00:00+01:00,24.34161376953125,24.34161376953125,24.34161376953125,24.34161376953125,0
2019-12-26 00:00:00+01:00,24.34161376953125,24.34161376953125,24.34161376953125,24.34161376953125,0
2019-12-27 00:00:00+01:00,24.498319625854492,24.86396626178574,24.341613687524948,24.498319625854492,261226
2019-12-30 00:00:00+01:00,24.56796681099348,24.863966551169202,24.20232017080659,24.324203491210938,169872
2019-12-31 00:00:00+01:00,24.324203491210938,24.324203491210938,24.324203491210938,24.324203491210938,0
2020-01-01 00:00:00+01:00,24.324203491210938,24.324203491210938,24.324203491210938,24.324203491210938,0
2020-01-02 00:00:00+01:00,24.34161546548323,25.107733073161242,24.34161546548323,24.74208641052246,315049
2020-01-03 00:00:00+01:00,24.56796646118164,24.689849779850547,24.115262447811446,24.56796646118164,366734
2020-01-06 00:00:00+01:00,24.56796646118164,24.56796646118164,24.56796646118164,24.56796646118164,0
2020-01-07 00:00:00+01:00,24.707260471952125,25.038084490527943,24.237144314651054,24.2719669342041,167278
2020-01-08 00:00:00+01:00,24.567967008688374,24.567967008688374,23.836673722429985,24.115262985229492,226817
2020-01-09 00:00:00+01:00,24.4460834274883,24.72467100789066,23.854083988876813,24.028202056884766,364919
2020-01-10 00:00:00+01:00,23.993379470773093,24.428673010971146,23.95855685102405,24.324203491210938,207835
2020-01-13 00:00:00+01:00,24.376438579913195,24.550556662546384,23.714792190625406,23.975969314575195,325466
2020-01-14 00:00:00+01:00,23.767026398335627,24.655025610184463,23.67996901955728,24.515731811523438,424686
2020-01-15 00:00:00+01:00,24.567966534483062,24.707260332937654,24.376437976736266,24.689849853515625,235349
2020-01-16 00:00:00+01:00,24.724670273897754,25.09031687744926,24.550553871571694,25.038082122802734,333329
2020-01-17 00:00:00+01:00,24.98584939798917,25.334083891444525,24.63761324402077,24.89879035949707,505369
2020-01-20 00:00:00+01:00,25.038083967314744,25.24702466180606,24.655025197157485,25.107730865478516,197994
2020-01-21 00:00:00+01:00,25.055496123844257,25.055496123844257,24.28937858301421,25.020671844482422,201213
2020-01-22 00:00:00+01:00,25.229611128065265,25.229611128065265,23.85408371995129,24.20231819152832,346251
2020-01-23 00:00:00+01:00,24.289379467028507,24.289379467028507,23.5580861789448,23.85408592224121,195270
2020-01-24 00:00:00+01:00,24.115263045421443,24.115263045421443,23.714792120750325,23.85408592224121,386051
2020-01-27 00:00:00+01:00,23.592909182852644,23.64514394045679,23.070556625272182,23.157615661621094,546777
2020-01-28 00:00:00+01:00,23.157617325788344,23.801851584245842,23.000911381201604,23.54067611694336,429585
2020-01-29 00:00:00+01:00,23.679969225175803,24.393850364640617,23.47102686485691,24.2197322845459,726714
2020-01-30 00:00:00+01:00,24.13267318030724,24.428672919373078,23.975968901254507,24.289379119873047,348374
2020-01-31 00:00:00+01:00,24.219732859787637,24.219732859787637,23.053146012779465,23.679969787597656,1041782
2020-02-03 00:00:00+01:00,23.662557276077006,24.080438679061945,23.558086095074227,24.010791778564453,316893
2020-02-04 00:00:00+01:00,24.01079193479397,24.27196739823066,23.575498388724093,23.975969314575195,449065
2020-02-05 00:00:00+01:00,23.801849232679608,24.150083708182557,23.645143303575043,24.028202056884766,235235
2020-02-06 00:00:00+01:00,24.028202130143868,24.480907779934423,23.819261444205065,23.871496200561523,177863
2020-02-07 00:00:00+01:00,24.045616059069744,24.045616059069744,23.52326347508203,24.010791778564453,276312
2020-02-10 00:00:00+01:00,24.028202056884766,24.23714274218653,23.767024954872834,24.028202056884766,247687
2020-02-11 00:00:00+01:00,24.202318310187767,24.237142587772677,24.063024520874023,24.063024520874023,337381
2020-02-12 00:00:00+01:00,24.167497785598574,24.219732545985607,23.941144943237305,23.941144943237305,331266
2020-02-13 00:00:00+01:00,24.09785068925582,24.15008544921875,23.62773286805023,24.15008544921875,237208
2020-02-14 00:00:00+01:00,24.184909925898616,24.219732545985607,23.819263282163195,23.941144943237305,335834
2020-02-17 00:00:00+01:00,24.115262745998375,24.359026065324237,23.975968946237007,24.306791305541992,118529
2020-02-18 00:00:00+01:00,23.958554798839977,24.550554228483364,23.958554798839977,24.53314208984375,233695
2020-02-19 00:00:00+01:00,24.533143511884607,25.247024632358876,24.411261855368423,25.003259658813477,1481046
2020-02-20 00:00:00+01:00,25.003260005252667,25.125143323970665,24.672437649905074,24.759496688842773,260148
2020-02-21 00:00:00+01:00,24.881378173828125,25.003259831184554,24.463496782452047,24.881378173828125,345074
2020-02-24 00:00:00+01:00,24.585380392415367,24.881380149943748,24.237145871944673,24.81173324584961,475402
2020-02-25 00:00:00+01:00,24.91620309838182,24.968437858527793,23.801851032018224,23.993379592895508,1083127
2020-02-26 00:00:00+01:00,24.23714495407378,24.254557094566206,23.05314596879879,23.66255760192871,750581
2020-02-27 00:00:00+01:00,23.34914426014741,23.627731848613927,22.565616252457076,22.896438598632812,646469
2020-02-28 00:00:00+01:00,22.4611460095378,22.931263829988,21.72985272917954,21.93879508972168,1302422
2020-03-02 00:00:00+01:00,21.86914798921284,22.37408842478199,21.799501089841687,21.956205368041992,778331
2020-03-03 00:00:00+01:00,21.956206594358907,22.879030138210386,21.956206594358907,22.844205856323242,750446
2020-03-04 00:00:00+01:00,22.63526507833065,23.244676725414042,22.548206034388286,23.105382919311523,396941
2020-03-05 00:00:00+01:00,23.349144710821733,23.366556850565225,21.95620508109026,22.408910751342773,672328
2020-03-06 00:00:00+01:00,22.095498895045925,22.56561670540435,21.66020536420133,22.32185173034668,621666
2020-03-09 00:00:00+01:00,21.764675679075047,21.764675679075047,20.632913207968333,20.859264373779297,639131
2020-03-10 00:00:00+01:00,20.441383532448835,20.946323954953513,20.093149044603024,20.319501876831055,1198408
2020-03-11 00:00:00+01:00,20.458795751455014,21.120442111189163,19.866796289560614,20.162796020507812,1152969
2020-03-12 00:00:00+01:00,19.361855307135436,19.361855307135436,18.28232759147198,18.351974487304688,1331507
2020-03-13 00:00:00+01:00,19.239974382719865,19.239974382719865,17.315976114191358,17.585859298706055,2017254
2020-03-16 00:00:00+01:00,17.411741915548323,19.5011506133115,16.288683764949162,18.926563262939453,1371609
2020-03-17 00:00:00+01:00,20.458796130069295,21.10303036213757,19.06585648698324,19.55338478088379,1584040
2020-03-18 00:00:00+01:00,19.58820878758237,20.284677769157863,19.274796915616882,20.197620391845703,2012520
2020-03-19 00:00:00+01:00,20.21502992957378,21.53832259345369,19.623032153060834,21.224910736083984,982805
2020-03-20 00:00:00+01:00,21.015971984679616,21.590559335707205,20.87667818203736,21.242324829101562,1434615
2020-03-23 00:00:00+01:00,21.120443522954684,21.555737078677957,20.35432593499437,20.807031631469727,650224
2020-03-24 00:00:00+01:00,21.50350007095103,21.50350007095103,20.77220684087653,21.259735107421875,713994
2020-03-25 00:00:00+01:00,21.399029189633673,21.416441328804513,20.42397098273535,20.998559951782227,697483
2020-03-26 00:00:00+01:00,20.89409041128882,21.729853230694076,20.80703136913916,21.277149200439453,452686
2020-03-27 00:00:00+01:00,20.998561792183484,21.433855346527547,20.89409060851513,21.068208694458008,350936
2020-03-30 00:00:00+02:00,21.48608817735775,21.573147212506033,20.71997066066843,20.98114776611328,732998
2020-03-31 00:00:00+02:00,20.98114978592189,21.277149537613504,20.737384796142578,20.737384796142578,1564878
2020-04-01 00:00:00+02:00,20.63291342076719,21.068206938838117,20.441383210087665,20.75479507446289,1429281
2020-04-02 00:00:00+02:00,20.719970674702683,21.1030294333068,20.406560472674755,20.894088745117188,840575
2020-04-03 00:00:00+02:00,20.89409047659912,21.207502365112305,20.580678588085934,21.207502365112305,691080
2020-04-06 00:00:00+02:00,21.625381984037325,21.729851497875643,20.824441849053983,20.894088745117188,931568
2020-04-07 00:00:00+02:00,21.06820681553169,21.24232322543321,20.876676605973138,20.894088745117188,719516
2020-04-08 00:00:00+02:00,20.911502143362647,21.590559005737305,20.632914542335804,21.590559005737305,1571421
2020-04-09 00:00:00+02:00,21.747264280114493,22.58302871810057,21.59055834421004,22.461145401000977,871421
2020-04-10 00:00:00+02:00,22.461145401000977,22.461145401000977,22.461145401000977,22.461145401000977,0
2020-04-13 00:00:00+02:00,22.461145401000977,22.461145401000977,22.461145401000977,22.461145401000977,0
2020-04-14 00:00:00+02:00,22.54820292140964,22.61784981484553,21.729850678153223,22.0606746673584,334766
2020-04-15 00:00:00+02:00,21.869146217010304,21.956203588784614,21.555734364981422,21.72985076904297,1212998
2020-04-16 00:00:00+02:00,21.90397115408169,21.90397115408169,20.894090257795938,21.31197166442871,748302
2020-04-17 00:00:00+02:00,21.729852786750786,21.938795147846502,21.294559245408696,21.6776180267334,503715
2020-04-20 00:00:00+02:00,21.76467693768092,22.07808881694771,21.172677459293908,21.816911697387695,497694
2020-04-21 00:00:00+02:00,21.468675698539638,21.81691017310989,21.068206467912088,21.224910736083984,399490
2020-04-22 00:00:00+02:00,21.468676930722324,22.217382339404605,21.050795537253954,22.182558059692383,700031
2020-04-23 00:00:00+02:00,22.13032339190373,22.217382431030273,21.55573605838683,22.217382431030273,455312
2020-04-24 00:00:00+02:00,21.851735958721985,22.19997045732247,21.782089059001887,21.90397071838379,326272
2020-04-27 00:00:00+02:00,22.112911929630844,22.112911929630844,21.38161863537814,21.433855056762695,671060
2020-04-28 00:00:00+02:00,21.712442268584173,22.791970049936648,21.607971088221575,21.851736068725586,940838
2020-04-29 00:00:00+02:00,21.956205496947806,22.025852396727863,21.43385457885392,21.816911697387695,361153
2020-04-30 00:00:00+02:00,21.64279494641444,22.391498692444298,21.64279494641444,22.25220489501953,602470
2020-05-01 00:00:00+02:00,22.25220489501953,22.25220489501953,22.25220489501953,22.25220489501953,0
2020-05-04 00:00:00+02:00,22.461146089202728,22.809382250999366,21.46867734541633,21.590559005737305,604252
2020-05-05 00:00:00+02:00,21.764677009440923,22.11291150948936,21.590558929160164,21.93879508972168,300788
2020-05-06 00:00:00+02:00,22.02585089300095,22.02585089300095,21.329381942749023,21.329381942749023,867083
2020-05-07 00:00:00+02:00,21.468677899413095,21.538324801467034,21.033384346447683,21.137855529785156,411788
2020-05-08 00:00:00+02:00,21.48608955043328,22.182558555101664,21.346795749499606,21.520912170410156,306412
2020-05-11 00:00:00+02:00,21.869148900871615,21.973618424026835,21.068208694458008,21.068208694458008,320232
2020-05-12 00:00:00+02:00,21.155265636780566,21.677618223228514,21.155265636780566,21.468677520751953,330821
2020-05-13 00:00:00+02:00,21.503501755976576,21.677618177415855,21.433854855298243,21.451265335083008,403837
2020-05-14 00:00:00+02:00,21.06820840963634,21.433855056762695,20.94632508691882,21.433855056762695,413387
2020-05-15 00:00:00+02:00,21.172676453287863,21.590557832112836,20.667736038746106,20.75479507446289,388405
2020-05-18 00:00:00+02:00,20.963735295284536,21.381616664768835,20.615500820714285,21.224910736083984,535144
2020-05-19 00:00:00+02:00,21.503501979046735,21.503501979046735,21.10303105060716,21.3467960357666,425875
2020-05-20 00:00:00+02:00,21.24232476332325,21.764677351870766,21.24232476332325,21.31197166442871,580029
2020-05-21 00:00:00+02:00,21.06820644275766,21.48608781174303,21.033382165085737,21.399028778076172,413749
2020-05-22 00:00:00+02:00,21.155265592071828,21.503501755976576,20.98114917063255,21.451265335083008,296310
2020-05-25 00:00:00+02:00,21.45126359391487,21.677616417874987,21.329381942749023,21.329381942749023,157528
2020-05-26 00:00:00+02:00,21.67761831463125,21.74726521575043,21.433854990970662,21.503501892089844,520435
2020-05-27 00:00:00+02:00,21.503501613133924,22.670088437131426,21.503501613133924,21.86914825439453,852343
2020-05-28 00:00:00+02:00,22.30444176913894,22.32185224878718,21.329383506774903,21.764677047729492,961455
2020-05-29 00:00:00+02:00,21.433854064721423,22.739734649658203,21.433854064721423,22.739734649658203,3825696
2020-06-01 00:00:00+02:00,22.896438691015376,23.262085317481244,22.269616614436607,22.931262969970703,609189
2020-06-02 00:00:00+02:00,22.931262695351798,23.383968353271484,22.600438691290105,23.383968353271484,791502
2020-06-03 00:00:00+02:00,23.505850146503732,23.99337842533943,23.070556625272182,23.157615661621094,616680
2020-06-04 00:00:00+02:00,22.82679342530292,23.20985221862793,22.739736042717666,23.20985221862793,881433
2020-06-05 00:00:00+02:00,23.418792024660956,24.37643814086914,23.018322766535807,24.37643814086914,900859
2020-06-08 00:00:00+02:00,24.01079184392438,24.184909925898616,23.349145457140615,23.941144943237305,489562
2020-06-09 00:00:00+02:00,23.67996903729187,24.428672790527344,23.67996903729187,24.428672790527344,654045
2020-06-10 00:00:00+02:00,24.15008486408131,24.968437166066863,24.028203206949883,24.86396598815918,685826
2020-06-11 00:00:00+02:00,24.86396598815918,24.86396598815918,24.86396598815918,24.86396598815918,0
2020-06-12 00:00:00+02:00,23.854084182192757,24.794318103926948,23.627731356153216,23.732202529907227,581861
2020-06-15 00:00:00+02:00,23.209850450233276,23.558084935581153,22.739734310141895,22.983497619628906,935331
2020-06-16 00:00:00+02:00,23.07055656403873,23.41879104799709,22.913850631129215,23.227262496948242,503753
2020-06-17 00:00:00+02:00,23.418794137391863,24.063028432830126,23.17503079672038,23.906322479248047,418713
2020-06-18 00:00:00+02:00,23.610322861948415,23.78443928548806,23.366557876377176,23.575498580932617,262967
2020-06-19 00:00:00+02:00,23.871497958000983,24.324203641120107,23.20985157356067,24.097850799560547,1707860
2020-06-22 00:00:00+02:00,24.115263334677184,24.132673814687557,23.244676234660144,23.488439559936523,264826
2020-06-23 00:00:00+02:00,23.55808447415113,23.90631895267817,23.50584971750032,23.645143508911133,301602
2020-06-24 00:00:00+02:00,23.55808695888814,23.697380764990662,23.105382919311523,23.105382919311523,288574
2020-06-25 00:00:00+02:00,23.17502899173041,24.0978508392124,23.08796995090839,23.92373275756836,374195
2020-06-26 00:00:00+02:00,23.55808639870335,23.975969467587273,23.43620473639014,23.749616622924805,625848
2020-06-29 00:00:00+02:00,23.43620482275674,23.88891051374998,23.43620482275674,23.592910766601562,491092
2020-06-30 00:00:00+02:00,23.784437782254596,23.801849921662004,22.844203840923594,22.896438598632812,701170
2020-07-01 00:00:00+02:00,22.80938159881492,23.15761609014147,22.234794272997856,22.478557586669922,648066
2020-07-02 00:00:00+02:00,22.809382473795992,23.819263367639113,22.809382473795992,23.784439086914062,1543022
2020-07-03 00:00:00+02:00,23.854084121722476,23.941143156211293,23.662555574257457,23.801849365234375,230795
2020-07-06 00:00:00+02:00,24.045614316119234,24.150083829036433,23.697378178360655,23.88890838623047,176193
2020-07-07 00:00:00+02:00,23.767027257486443,23.81926367925741,23.17502942203357,23.523263931274414,581441
2020-07-08 00:00:00+02:00,23.366557942176264,23.697380310192347,23.296911040461662,23.50585174560547,211836
2020-07-09 00:00:00+02:00,23.34914539358176,24.115262959567232,23.34914539358176,24.010791778564453,326610
2020-07-10 00:00:00+02:00,23.662555197934438,24.393848419189453,23.645143059210998,24.393848419189453,345389
2020-07-13 00:00:00+02:00,24.550556595544833,24.637613976110735,24.045616149902344,24.045616149902344,461023
2020-07-14 00:00:00+02:00,23.8889102732586,24.097850976110568,23.592910529090034,23.975969314575195,334368
2020-07-15 00:00:00+02:00,24.16749750578062,24.411262485619556,23.906320385843248,24.306791305541992,360317
2020-07-16 00:00:00+02:00,24.219731886151727,24.759496597156225,24.219731886151727,24.724672317504883,196772
2020-07-17 00:00:00+02:00,24.794318627266676,25.96090539966384,24.724671730131607,25.525611877441406,612363
2020-07-20 00:00:00+02:00,25.560436109913795,25.839023697948875,24.846555000445647,25.50819969177246,550119
2020-07-21 00:00:00+02:00,26.013140188551738,26.378786814077163,25.14255314306387,25.630083084106445,771758
2020-07-22 00:00:00+02:00,25.699731758393302,26.030554127928454,25.403732009618786,25.577848434448242,444955
2020-07-23 00:00:00+02:00,25.99573153080971,25.99573153080971,25.490791075472757,25.68231964111328,298478
2020-07-24 00:00:00+02:00,25.177377346109054,25.699729903931335,25.15996520672861,25.50819969177246,332696
2020-07-27 00:00:00+02:00,25.682319442417985,26.030553950212553,25.50820135826414,25.891260147094727,882042
2020-07-28 00:00:00+02:00,25.699732468549303,25.960907943267063,24.637615107533886,24.985851287841797,529126
2020-07-29 00:00:00+02:00,25.264436708772994,25.3166714670759,24.82914318171838,25.072906494140625,535190
2020-07-30 00:00:00+02:00,24.7420825595881,25.31666984565947,24.637611389160156,24.637611389160156,634785
2020-07-31 00:00:00+02:00,25.12514369144349,25.12514369144349,24.13267328985903,24.237144470214844,655874
2020-08-03 00:00:00+02:00,24.132671297212912,24.533142184911206,23.749614208734652,24.20231819152832,257122
2020-08-04 00:00:00+02:00,24.60279098001021,24.811731679098948,24.306791241172895,24.37643814086914,311192
2020-08-05 00:00:00+02:00,24.25455584292429,25.3689062087242,24.1152620471993,25.15996551513672,722286
2020-08-06 00:00:00+02:00,25.003259877277156,25.421142929936625,24.655025383821798,24.89879035949707,321776
2020-08-07 00:00:00+02:00,24.794317646750898,24.951023574235965,24.359024141742577,24.393848419189453,419383
2020-08-10 00:00:00+02:00,24.428672790527344,24.56796658929269,24.289378991761996,24.428672790527344,136083
2020-08-11 00:00:00+02:00,24.863966400759114,24.863966400759114,24.202320024399015,24.550556182861328,276719
2020-08-12 00:00:00+02:00,24.811731641194996,25.03808447999027,24.42867286319429,24.550556182861328,199342
2020-08-13 00:00:00+02:00,24.533143851809978,25.055496424923117,24.39385005371488,24.759496688842773,409834
2020-08-14 00:00:00+02:00,24.75949675274292,24.75949675274292,24.289378937573883,24.689849853515625,160831
2020-08-17 00:00:00+02:00,24.72467200459954,25.072906494140625,24.34161323584783,25.072906494140625,244583
2020-08-18 00:00:00+02:00,25.003260005252667,25.107731184080514,24.602790750857526,24.759496688842773,222755
2020-08-19 00:00:00+02:00,24.585376634202646,24.985847516911345,24.428670708817194,24.637611389160156,190958
2020-08-20 00:00:00+02:00,24.550555792480115,24.881378145143188,24.341613436519914,24.776906967163086,178160
2020-08-21 00:00:00+02:00,24.951027005605734,25.107732954641662,24.81173319768784,24.985851287841797,257826
2020-08-24 00:00:00+02:00,25.05549599859949,25.264436692186973,24.933612681955353,25.15996551513672,274325
2020-08-25 00:00:00+02:00,25.264436899540083,25.4037306964083,24.74208433102775,24.86396598815918,178184
2020-08-26 00:00:00+02:00,25.072908672405603,25.14255557636455,24.672439389769945,24.985851287841797,258414
2020-08-27 00:00:00+02:00,24.811731613767062,25.12514349183146,24.150085238138374,24.44608497619629,427945
2020-08-28 00:00:00+02:00,24.44608493050128,24.689849908597168,24.20231995240539,24.428672790527344,560027
2020-08-31 00:00:00+02:00,24.411260085505685,25.038082122802734,24.376435808732726,25.038082122802734,1505376
2020-09-01 00:00:00+02:00,24.811730449127463,24.9858485199932,23.436203002929688,23.436203002929688,867365
2020-09-02 00:00:00+02:00,23.854084209964206,23.854084209964206,23.38396807880628,23.55808448791504,569420
2020-09-03 00:00:00+02:00,23.558084460488203,24.167496042941814,23.488437564823187,23.732202529907227,601702
2020-09-04 00:00:00+02:00,23.732204816705103,23.732204816705103,23.15761745697415,23.20985221862793,392145
2020-09-07 00:00:00+02:00,23.349145889282227,23.505851833856703,23.192439944707747,23.349145889282227,139160
2020-09-08 00:00:00+02:00,23.366556702453984,23.366556702453984,22.44373488856791,22.635263442993164,593252
2020-09-09 00:00:00+02:00,22.75714462368638,23.592909042962187,22.75714462368638,23.383968353271484,613105
2020-09-10 00:00:00+02:00,22.94867517175523,23.366556557275644,22.75714495800694,22.861616134643555,435815
2020-09-11 00:00:00+02:00,23.140205316251848,23.436205066478475,23.03573413243116,23.20985221862793,201756
2020-09-14 00:00:00+02:00,23.453615326649427,23.453615326649427,23.05314442471256,23.227262496948242,261215
2020-09-15 00:00:00+02:00,23.035734425163074,23.453617505243038,22.70491204980097,22.844205856323242,379110
2020-09-16 00:00:00+02:00,22.84420539072194,23.36655798479065,22.826793250133253,23.33173370361328,236582
2020-09-17 00:00:00+02:00,22.931262831319128,23.38396849192306,22.844203794970216,23.157615661621094,341639
2020-09-18 00:00:00+02:00,23.279499369889727,23.279499369889727,22.63526510089506,23.01832389831543,801204
2020-09-21 00:00:00+02:00,23.15761552431164,24.637612491415698,23.15761552431164,23.383968353271484,1048733
2020-09-22 00:00:00+02:00,23.714790649728876,23.714790649728876,23.157615478326736,23.36655616760254,295166
2020-09-23 00:00:00+02:00,23.819263859803485,23.819263859803485,23.20985221862793,23.20985221862793,214592
2020-09-24 00:00:00+02:00,22.86161535610221,24.06302471368824,22.826791078238255,23.767024993896484,451622
2020-09-25 00:00:00+02:00,23.90632081456529,23.975969376208088,23.41879250665745,23.714792251586914,541552
2020-09-28 00:00:00+02:00,23.906318533994583,24.324201561421408,23.575496200316,24.132671356201172,356470
2020-09-29 00:00:00+02:00,23.74961451547747,24.37643657241197,23.74961451547747,23.767024993896484,243772
2020-09-30 00:00:00+02:00,23.97596962354407,23.97596962354407,23.50585179068409,23.523263931274414,402442
2020-10-01 00:00:00+02:00,23.767024993896484,24.010789957405272,23.592908586115605,23.767024993896484,195016
2020-10-02 00:00:00+02:00,23.50584971750032,24.06302488314358,23.50584971750032,23.645143508911133,244773
2020-10-05 00:00:00+02:00,23.67996941632965,24.376438421304545,23.67996941632965,24.010791778564453,249850
2020-10-06 00:00:00+02:00,24.202318674554395,24.324201987423592,23.59290875226032,23.645143508911133,309425
2020-10-07 00:00:00+02:00,23.67996777328671,23.906318938813275,23.209849982163128,23.732202529907227,376842
2020-10-08 00:00:00+02:00,23.906318938813275,24.010790112567285,23.488437564823187,23.732202529907227,316423
2020-10-09 00:00:00+02:00,23.679967653579197,23.90631881796151,23.33173151650156,23.871496200561523,232065
2020-10-12 00:00:00+02:00,23.854084182192757,24.167496042941814,23.627731356153216,23.732202529907227,329836
2020-10-13 00:00:00+02:00,23.81926395191885,23.81926395191885,23.24467658996582,23.24467658996582,289381
2020-10-14 00:00:00+02:00,23.624549019285507,24.384295538549058,23.461745577613165,24.004423141479492,574787
2020-10-15 00:00:00+02:00,23.751173087299854,23.895886873922255,22.756264510427545,23.06378173828125,734765
2020-10-16 00:00:00+02:00,22.792442896485024,23.208494584892016,22.792442896485024,22.937156677246094,310166
2020-10-19 00:00:00+02:00,22.792444990841506,23.389389822614188,22.792444990841506,23.09996223449707,330785
2020-10-20 00:00:00+02:00,22.9733349810308,23.28085220608244,22.882888433934834,22.900978088378906,383141
2020-10-21 00:00:00+02:00,23.11804970016352,23.208496250912976,22.285944538492558,23.027603149414062,357749
2020-10-22 00:00:00+02:00,23.099962500875222,23.932065963745117,22.720088355809846,23.932065963745117,480615
2020-10-23 00:00:00+02:00,24.14913728849072,24.655635550591718,23.968244189463856,24.58327865600586,1101292
2020-10-26 00:00:00+01:00,24.09486882780827,24.420475722819024,23.353210211505534,23.624549865722656,551049
2020-10-27 00:00:00+01:00,23.534103754765685,23.570281340930354,23.20849685366109,23.516014099121094,724984
2020-10-28 00:00:00+01:00,23.31703160285842,23.570279865532402,22.846710936286165,23.4074764251709,606946
2020-10-29 00:00:00+01:00,22.937157887712587,23.371299252906812,22.484926867687495,22.539194107055664,519807
2020-10-30 00:00:00+01:00,22.213586374127644,22.539193248177966,21.92415880836041,22.32212257385254,552268
2020-11-02 00:00:00+01:00,22.358301490249207,23.46174630694128,22.358301490249207,22.774354934692383,350046
2020-11-03 00:00:00+01:00,22.774353765396043,23.389388210310933,22.68390721906308,23.335119247436523,1009628
2020-11-04 00:00:00+01:00,22.86480202203641,23.733084791482653,22.86480202203641,23.516014099121094,324878
2020-11-05 00:00:00+01:00,23.986333512632722,24.474742113050887,23.60645939002996,24.167224884033203,829939
2020-11-06 00:00:00+01:00,24.203403146312844,24.384294509887695,23.84161869403879,24.384294509887695,850750
2020-11-09 00:00:00+01:00,24.547099908305103,25.324937836759702,24.02251197926292,24.72799301147461,1235663
2020-11-10 00:00:00+01:00,24.872706645357553,25.469651466836176,24.43856527066846,24.908885955810547,767081
2020-11-11 00:00:00+01:00,24.908885955810547,24.908885955810547,24.908885955810547,24.908885955810547,0
2020-11-12 00:00:00+01:00,24.420474524678617,25.071686557625267,24.31193832329198,24.782258987426758,1379263
2020-11-13 00:00:00+01:00,24.78226047516624,24.78226047516624,24.131048403125746,24.293851852416992,388096
2020-11-16 00:00:00+01:00,24.510921118252178,24.60136766539229,23.841619429614404,24.529010772705078,765390
2020-11-17 00:00:00+01:00,24.167225448949072,24.565189235531726,24.11295820877286,24.311939239501953,281866
2020-11-18 00:00:00+01:00,24.366208252072987,24.691813418886408,24.14913756582255,24.655635833740234,531476
2020-11-19 00:00:00+01:00,24.34811909380591,24.52901219860163,23.932065642825552,24.293851852416992,616769
2020-11-20 00:00:00+01:00,24.131047558703802,24.275761347426585,23.877797565876715,24.076780319213867,446325
2020-11-23 00:00:00+01:00,24.076780060895175,24.330028325880733,23.913976619047645,24.167224884033203,511107
2020-11-24 00:00:00+01:00,24.112957619178104,24.16722485802741,23.87779728399855,24.004423141479492,444873
2020-11-25 00:00:00+01:00,24.131047863873082,24.420475444978845,24.058690968596643,24.311939239501953,741440
2020-11-26 00:00:00+01:00,24.42047513535498,24.673725128173828,24.257671691766035,24.673725128173828,214012
2020-11-27 00:00:00+01:00,24.49283182355288,24.727992159521467,24.257671487584293,24.510921478271484,335553
2020-11-30 00:00:00+01:00,24.311939217328405,24.311939217328405,23.913977156233173,24.149137496948242,1783473
2020-12-01 00:00:00+01:00,23.877798721628498,24.2214952803243,23.642638372290453,23.932065963745117,476361
2020-12-02 00:00:00+01:00,23.986333642247093,24.69181292723267,23.787350889969577,24.420475006103516,719785
2020-12-03 00:00:00+01:00,24.691812723775346,25.125955809178915,24.49283169826184,24.854616165161133,459675
2020-12-04 00:00:00+01:00,24.85461637232075,25.053599124617165,24.655635345148763,25.017419815063477,312078
2020-12-07 00:00:00+01:00,25.05359933073503,25.198313119891488,24.691813132719442,25.18022346496582,435409
2020-12-08 00:00:00+01:00,25.324937048065458,25.759078412002427,24.963152578117977,25.614364624023438,838211
2020-12-09 00:00:00+01:00,25.686721648404248,25.686721648404248,25.071687183809274,25.27066993713379,1037896
2020-12-10 00:00:00+01:00,25.324937836759702,25.54200852548842,24.43856542650299,24.72799301147461,283201
2020-12-11 00:00:00+01:00,24.583278929065617,25.379204778350815,24.52901168880456,25.252580642700195,451566
2020-12-14 00:00:00+01:00,25.50583092348747,25.759079197612145,25.25258092423831,25.32493782043457,284034
2020-12-15 00:00:00+01:00,25.32493657169084,25.97614860534668,25.252579679062418,25.97614860534668,326978
2020-12-16 00:00:00+01:00,26.012328735630895,26.989147679522482,25.84952529079489,26.627363204956055,538397
2020-12-17 00:00:00+01:00,26.77207628749188,26.93487972802679,25.885703916940063,26.229398727416992,481103
2020-12-18 00:00:00+01:00,26.392203805155695,26.73589863695326,26.01232966205075,26.15704345703125,923671
2020-12-21 00:00:00+01:00,26.410291320474933,26.410291320474933,25.270668983517005,25.994237899780273,428461
2020-12-22 00:00:00+01:00,26.229399789356027,26.229399789356027,25.415384278849185,26.0123291015625,170587
2020-12-23 00:00:00+01:00,25.795257723788946,26.2113094329834,25.66863186545306,26.2113094329834,149356
2020-12-28 00:00:00+01:00,26.627363276003596,27.224308091912096,26.446470175675493,27.133861541748047,521928
2020-12-29 00:00:00+01:00,27.405199104095836,27.7488956451416,26.880611190242583,27.7488956451416,435313
2020-12-30 00:00:00+01:00,27.85743062162212,27.984056482487084,27.18812890751247,27.38711166381836,631140
2021-01-04 00:00:00+01:00,27.405197686374102,27.495644230661096,26.50073569375285,26.952966690063477,353986
2021-01-05 00:00:00+01:00,27.00723741366474,27.206218443978187,26.356023632412615,26.536916732788086,356495
2021-01-07 00:00:00+01:00,26.916790574617398,27.712716412454117,26.6454509269661,27.658449172973633,442124
2021-01-08 00:00:00+01:00,27.65845015762425,27.785074295961394,27.26048636197602,27.53182601928711,428763
2021-01-11 00:00:00+01:00,27.694629750378603,27.821253890003856,27.11577284396776,27.604183197021484,364384
2021-01-12 00:00:00+01:00,27.495645228183545,27.495645228183545,26.609272857287607,26.826343536376953,489902
2021-01-13 00:00:00+01:00,26.95296810676918,27.007237071268474,25.994238827232607,26.12086296081543,633434
2021-01-14 00:00:00+01:00,26.06659529700203,26.844433190915503,26.048505642463482,26.826343536376953,704367
2021-01-15 00:00:00+01:00,26.772076381713386,27.40519876642529,26.536916047349166,27.332841873168945,796052
2021-01-18 00:00:00+01:00,27.694628128970486,28.327750515154523,27.45946779405947,28.273483276367188,860411
2021-01-19 00:00:00+01:00,28.146859060202345,28.183036644244524,27.45946771215682,27.766984939575195,338088
2021-01-20 00:00:00+01:00,28.020233230007364,28.255393564441583,27.49564532246161,27.929786682128906,661097
2021-01-21 00:00:00+01:00,27.56800262375653,28.237304327763972,27.56800262375653,27.658449172973633,577288
2021-01-22 00:00:00+01:00,27.748896568485655,28.255394844374553,27.495646567978962,27.875520706176758,360926
2021-01-25 00:00:00+01:00,27.803162266271354,28.07450190713603,27.604181243070105,27.85742950439453,339555
2021-01-26 00:00:00+01:00,27.893608813226248,28.201126037798247,27.24239678037493,27.85742950439453,272768
2021-01-27 00:00:00+01:00,27.24239810927796,27.92978775936794,26.826344663039833,27.115772247314453,413348
2021-01-28 00:00:00+01:00,27.260485824380883,27.64035995702543,26.717809970709638,27.54991340637207,505591
2021-01-29 00:00:00+01:00,27.513736283821142,27.71271731850478,26.808255247011807,27.622272491455078,716887
2021-02-01 00:00:00+01:00,27.640360746274766,27.83934350841886,26.91679177063584,27.260486602783203,309021
2021-02-02 00:00:00+01:00,26.971057684728347,27.20621802151506,26.699719763502987,26.80825424194336,319136
2021-02-03 00:00:00+01:00,26.645451140323342,26.645451140323342,25.668632196230774,26.030418395996094,1123109
2021-02-04 00:00:00+01:00,25.958062141330466,26.247489728181968,25.740989726067344,26.084686279296875,793092
2021-02-05 00:00:00+01:00,26.084686559540998,26.392203805155695,25.939972764560498,26.15704345703125,430343
2021-02-08 00:00:00+01:00,26.048504849713286,26.157041048517016,25.867613485206213,25.9218807220459,376198
2021-02-09 00:00:00+01:00,25.90379396151068,25.958062929536563,25.56009912296949,25.795259475708008,877217
2021-02-10 00:00:00+01:00,25.885703139194227,26.17513070250503,25.632453158735096,25.9218807220459,428351
2021-02-11 00:00:00+01:00,26.138952179883777,26.482648715485116,25.90379184634718,26.229398727416992,560856
2021-02-12 00:00:00+01:00,26.211308997831004,26.48264863965369,26.03041762840695,26.31984519958496,219518
2021-02-15 00:00:00+01:00,26.229398935492924,26.500736855120667,26.120862732567172,26.392202377319336,208648
2021-02-16 00:00:00+01:00,26.319846340551116,26.392203236482292,25.885704964964063,26.0123291015625,396582
2021-02-17 00:00:00+01:00,25.921880911121132,26.157041239307517,25.433472325752767,25.48773956298828,675144
2021-02-18 00:00:00+01:00,25.415383877581014,26.01232869086953,25.361116637770547,25.686721801757812,1470809
2021-02-19 00:00:00+01:00,25.70481181778901,26.048506641582165,25.59627561151911,25.66863250732422,499964
2021-02-22 00:00:00+01:00,25.596275256406667,25.596275256406667,24.96315285817676,25.08977699279785,624720
2021-02-23 00:00:00+01:00,25.542007514831997,25.542007514831997,24.619455830395488,24.854616165161133,768679
2021-02-24 00:00:00+01:00,24.890795188813396,25.089776212043773,24.65563485674601,24.782258987426758,924635
2021-02-25 00:00:00+01:00,24.782259607150166,24.94506305073911,24.65563547330296,24.673725128173828,541960
2021-02-26 00:00:00+01:00,24.583278577455285,27.025325055768242,24.56518892258551,25.86761474609375,2402090
2021-03-01 00:00:00+01:00,25.921881650876482,26.13895233113764,25.650543731831135,26.048505783081055,510214
2021-03-02 00:00:00+01:00,26.01232789995271,26.627362349519125,25.77716756775823,26.41029167175293,421288
2021-03-03 00:00:00+01:00,26.283666610717773,26.82634418410645,26.066595926387194,26.283666610717773,953157
2021-03-04 00:00:00+01:00,26.428379027230694,26.60927211733708,26.066594572142282,26.26557731628418,790049
2021-03-05 00:00:00+01:00,26.356021887578084,26.356021887578084,25.34302542288684,25.505828857421875,589640
2021-03-08 00:00:00+01:00,25.668632930631684,25.7952587942222,25.397294998168945,25.397294998168945,688728
2021-03-09 00:00:00+01:00,25.596273917965163,26.57309280926606,25.505829098036333,26.26557731628418,779165
2021-03-10 00:00:00+01:00,26.301755545105234,26.410291746859187,26.012327973927228,26.31984519958496,592900
2021-03-11 00:00:00+01:00,26.464559060953594,26.536915953955283,25.994238393880394,26.229398727416992,638185
2021-03-12 00:00:00+01:00,26.229398008213156,26.30175489923084,25.343025661965456,26.26557731628418,544932
2021-03-15 00:00:00+01:00,26.283665890625507,26.55500553244819,26.22939865231073,26.31984519958496,740220
2021-03-16 00:00:00+01:00,26.31984527495021,26.609272846956976,26.229398727416992,26.229398727416992,455508
2021-03-17 00:00:00+01:00,26.229398727416992,26.59118319242545,25.83143495334549,26.229398727416992,1967816
2021-03-18 00:00:00+01:00,26.229399709945547,26.555006603212288,26.10277557373047,26.10277557373047,608205
2021-03-19 00:00:00+01:00,26.51882645287578,26.51882645287578,26.01232819893307,26.048505783081055,1244995
2021-03-22 00:00:00+01:00,26.265579383641313,26.446470762861253,25.903793174952437,26.084686279296875,293839
2021-03-23 00:00:00+01:00,25.976148530707903,26.229398516741917,25.83143474586686,26.06659507751465,215150
2021-03-24 00:00:00+01:00,25.813348163602704,26.012329196861305,25.234491268908123,25.32493782043457,418953
2021-03-25 00:00:00+01:00,25.632454281017402,26.2113094329834,25.469650838245858,26.2113094329834,602085
2021-03-26 00:00:00+01:00,26.319846260866804,26.57309453329696,25.43347385711231,26.10277557373047,635378
2021-03-29 00:00:00+02:00,25.994238272985275,26.753986508531767,25.88570379654972,26.57309341430664,463357
2021-03-30 00:00:00+02:00,26.609272362942715,26.8625223464043,26.46455857957163,26.591182708740234,316140
2021-03-31 00:00:00+02:00,26.862522921211518,27.640359092194227,26.69971948015427,26.735897064208984,808862
2021-04-01 00:00:00+02:00,26.735898808445366,27.206219507711033,26.50073845881253,26.916791915893555,292445
2021-04-06 00:00:00+02:00,27.459469001293296,27.459469001293296,26.971058655361443,27.278575897216797,381116
2021-04-07 00:00:00+02:00,27.133861409834548,27.694628638025886,27.079594170049724,27.477556228637695,541649
2021-04-08 00:00:00+02:00,27.658449830391604,27.766986037056828,26.77207742226946,27.115772247314453,833984
2021-04-09 00:00:00+02:00,27.170040696697733,27.73080619928835,27.025325182187036,27.314754486083984,1857131
2021-04-12 00:00:00+02:00,27.242397872936515,27.875520276763467,27.133861667212898,27.38711166381836,498827
2021-04-13 00:00:00+02:00,27.387110893781305,27.76698501544643,27.133860904296412,27.676538467407227,800599
2021-04-14 00:00:00+02:00,27.929788008648153,27.929788008648153,27.568003525075863,27.622272491455078,520837
2021-04-15 00:00:00+02:00,27.549912685874304,27.91169887902616,27.495645446951297,27.586091995239258,407815
2021-04-16 00:00:00+02:00,27.29666442081731,27.74889543713271,27.29666442081731,27.586091995239258,295007
2021-04-19 00:00:00+02:00,27.513735461173507,27.947876828479636,27.423288911703622,27.568002700805664,240565
2021-04-20 00:00:00+02:00,27.586091995239258,27.676538543527222,27.115771324241386,27.586091995239258,377588
2021-04-21 00:00:00+02:00,27.62227138107476,27.62227138107476,27.133861054042278,27.49564552307129,223403
2021-04-22 00:00:00+02:00,27.49564695114698,27.65845040194687,27.260486602783203,27.260486602783203,265601
2021-04-23 00:00:00+02:00,27.24239702380082,27.513734941965655,26.518826366820566,27.170040130615234,539500
2021-04-26 00:00:00+02:00,27.151950427655574,27.459467654427442,26.808253891793175,27.423288345336914,753908
2021-04-27 00:00:00+02:00,27.314755146302403,27.314755146302403,26.71781031937439,26.772077560424805,430152
2021-04-28 00:00:00+02:00,26.952967667897973,27.115771108496084,26.717809059394483,26.826343536376953,786873
2021-04-29 00:00:00+02:00,27.09768174076821,27.22430759875388,26.790166235980095,26.898700714111328,365267
2021-04-30 00:00:00+02:00,27.04341520588807,27.115772101567806,26.59118417660859,26.69972038269043,441767
2021-05-04 00:00:00+02:00,26.482647625870058,26.735895878394004,25.831433890524288,25.849523544311523,504805
2021-05-05 00:00:00+02:00,25.86761405463932,26.374112301582954,25.7952571622188,26.06659507751465,373874
2021-05-06 00:00:00+02:00,25.99423875099615,26.609273212522236,25.99423875099615,26.2113094329834,369431
2021-05-07 00:00:00+02:00,26.60927378545227,26.60927378545227,25.994239310683742,26.35602378845215,300559
2021-05-10 00:00:00+02:00,26.536915226319397,26.79016520744347,26.084684226177792,26.26557731628418,492006
2021-05-11 00:00:00+02:00,26.120863647191236,26.645451575264605,25.88570502867945,26.518827438354492,482761
2021-05-12 00:00:00+02:00,26.24748944461994,26.51882737308073,25.976149791034675,26.0123291015625,394482
2021-05-13 00:00:00+02:00,25.686722364478754,26.08468615709747,25.37920512360854,25.831436157226562,510756
2021-05-14 00:00:00+02:00,25.958060809941752,26.55500560848681,25.921881500878705,26.229398727416992,413516
2021-05-17 00:00:00+02:00,26.283665754776205,26.446469194003473,26.012327839480356,26.06659507751465,226595
2021-05-18 00:00:00+02:00,26.175133112684943,26.337936563319136,26.01232966205075,26.15704345703125,302695
2021-05-19 00:00:00+02:00,26.2294007169915,26.247490372895175,25.99424036561732,26.138954162597656,334783
2021-05-20 00:00:00+02:00,26.410293354957698,26.952969221397296,25.97615024663171,26.84443473815918,576683
2021-05-21 00:00:00+02:00,26.826345043408846,26.826345043408846,26.392203660841254,26.5007381439209,230549
2021-05-24 00:00:00+02:00,26.645451291520583,26.645451291520583,26.22939957460385,26.446470260620117,181951
2021-05-25 00:00:00+02:00,26.627362586920427,26.844433266621955,26.410291907218895,26.735897064208984,425124
2021-05-26 00:00:00+02:00,26.898701618144262,27.04341541059918,26.591184377896436,26.862524032592773,271046
2021-05-27 00:00:00+02:00,26.88061084136224,27.82125217820067,26.7358970549447,27.766984939575195,923671
2021-05-28 00:00:00+02:00,27.67653839178313,27.875519416826144,27.33284185519816,27.766984939575195,434621
2021-05-31 00:00:00+02:00,27.91169887902616,27.929786808584215,27.42328855334581,27.586091995239258,210782
2021-06-01 00:00:00+02:00,27.730806272988076,28.65335797662062,27.513735588331794,27.821252822875977,343043
2021-06-02 00:00:00+02:00,27.80316301177635,28.599090576171875,27.80316301177635,28.599090576171875,370725
2021-06-04 00:00:00+02:00,28.599089515774452,28.599089515774452,27.405198213448276,27.785072326660156,375373
2021-06-07 00:00:00+02:00,27.622271153157655,28.002143548660392,27.60418149857436,27.766984939575195,196451
2021-06-08 00:00:00+02:00,27.51373469611521,28.038322598304315,27.51373469611521,27.85742950439453,546514
2021-06-09 00:00:00+02:00,27.947877414666223,27.98405672526279,27.115772247314453,27.115772247314453,333334
2021-06-10 00:00:00+02:00,27.151951266597873,27.766985739144975,27.151951266597873,27.64035987854004,230094
2021-06-11 00:00:00+02:00,27.766986610854968,27.766986610854968,27.242398672235616,27.260486602783203,305577
2021-06-14 00:00:00+02:00,27.5680029054784,27.803163245796227,27.260485670072352,27.730806350708008,234726
2021-06-15 00:00:00+02:00,27.947877622100656,27.947877622100656,27.260486241784246,27.278575897216797,413722
2021-06-16 00:00:00+02:00,27.115771184967763,27.477555651136978,26.735897064208984,26.735897064208984,361858
2021-06-17 00:00:00+02:00,26.6635407953365,27.00723734008866,26.030418395996094,26.030418395996094,586974
2021-06-18 00:00:00+02:00,26.15704140194295,26.591182752775143,26.06659485590515,26.337934494018555,1302274
2021-06-21 00:00:00+02:00,26.68162878232684,26.952966690063477,26.30175467642094,26.952966690063477,225254
2021-06-22 00:00:00+02:00,26.971056343945744,27.115770124755198,26.51882534763512,26.952966690063477,322666
2021-06-23 00:00:00+02:00,27.00723727936065,27.02532520920868,26.681630390353796,26.880611419677734,154098
2021-06-24 00:00:00+02:00,27.06150423351161,27.06150423351161,26.60927321471972,26.80825424194336,320984
2021-06-25 00:00:00+02:00,26.80825416935395,27.549912762144533,26.80825416935395,27.49564552307129,441185
2021-06-28 00:00:00+02:00,27.40519804514994,27.712715264676984,27.224306679332155,27.369020462036133,273632
2021-06-29 00:00:00+02:00,27.549913543526895,27.62227216450939,27.151951478870025,27.206218719482422,311133
2021-06-30 00:00:00+02:00,27.405198816129143,27.604181566788288,27.079593658447266,27.079593658447266,565431
2021-07-01 00:00:00+02:00,27.40519897453293,27.65844896541545,27.07959381496903,27.49564552307129,570612
2021-07-02 00:00:00+02:00,27.586091995239258,27.6946281982097,27.387110969105276,27.586091995239258,324376
2021-07-05 00:00:00+02:00,27.58609191936802,27.748895360813705,27.405198823289613,27.676538467407227,152478
2021-07-06 00:00:00+02:00,27.676539813136557,27.730807054548976,27.4956467082625,27.53182601928711,207834
2021-07-07 00:00:00+02:00,27.4775564706083,28.599090936867338,27.224308199299355,28.58100128173828,391528
2021-07-08 00:00:00+02:00,28.63526788059961,29.395016127757764,27.92978687248863,29.12367820739746,783624
2021-07-09 00:00:00+02:00,29.250302336044744,29.376926468844907,28.454374779552353,28.5267333984375,262814
2021-07-12 00:00:00+02:00,28.942784617884445,28.942784617884445,28.472463953813968,28.888517379760742,214193
2021-07-13 00:00:00+02:00,28.942784659283983,29.648263931274414,28.74380363579619,29.648263931274414,351937
2021-07-14 00:00:00+02:00,29.648265070078686,29.648265070078686,28.960875426127192,29.340747833251953,323890
2021-07-15 00:00:00+02:00,29.214123605299235,29.539730496234593,28.599090858712223,28.67144775390625,222815
2021-07-16 00:00:00+02:00,28.743804235422772,29.087499051366876,28.562911137478864,28.942785263061523,147923
2021-07-19 00:00:00+02:00,28.942785827403213,29.28648237517333,28.761892725932157,29.087499618530273,275665
2021-07-20 00:00:00+02:00,29.395017160255417,29.50355164216203,28.942786127020717,29.32265853881836,386932
2021-07-21 00:00:00+02:00,29.141768987496334,29.594000022310375,29.141768987496334,29.41310691833496,300422
2021-07-22 00:00:00+02:00,29.14176801760256,30.154764535801828,29.14176801760256,30.136674880981445,205113
2021-07-23 00:00:00+02:00,30.118585278838278,30.118585278838278,29.666354258284404,29.883426666259766,153672
2021-07-26 00:00:00+02:00,30.01004965023236,30.01004965023236,29.485460030368444,29.593997955322266,320734
2021-07-27 00:00:00+02:00,29.61208803054921,30.064319040207724,29.61208803054921,29.919605255126953,190550
2021-07-28 00:00:00+02:00,29.75680181562998,30.100494898791325,29.75680181562998,29.919605255126953,118083
2021-07-29 00:00:00+02:00,30.118586006228174,30.118586006228174,29.756803251197034,29.847248077392578,275069
2021-07-30 00:00:00+02:00,29.84724750495235,31.023047474188573,29.84724750495235,30.89642333984375,415998
2021-08-02 00:00:00+02:00,30.932603021185336,31.02304784673236,30.20903406606236,30.281389236450195,174994
2021-08-03 00:00:00+02:00,30.516550888206453,30.516550888206453,29.829157802502355,29.955781936645508,200148
2021-08-04 00:00:00+02:00,29.95577996073879,30.697438512013065,29.95577996073879,30.480369567871094,201661
2021-08-05 00:00:00+02:00,30.697438979533537,30.697438979533537,30.118583852674135,30.534635543823242,114749
2021-08-06 00:00:00+02:00,30.046231795162406,30.371838700266366,29.937693859961705,30.317569732666016,211009
2021-08-09 00:00:00+02:00,29.991960790531675,30.769798688727874,29.991960790531675,30.49846076965332,185296
2021-08-10 00:00:00+02:00,30.62508541621214,30.986868164304653,30.44419231704144,30.89642333984375,134277
2021-08-11 00:00:00+02:00,30.89642230104823,30.89642230104823,30.552725769204507,30.679349899291992,177387
2021-08-12 00:00:00+02:00,30.751710371071262,31.07731726821656,30.552727611649363,30.950693130493164,141698
2021-08-13 00:00:00+02:00,31.09540666112823,31.131582521423095,30.679351490372213,31.0411376953125,225762
2021-08-16 00:00:00+02:00,30.715531258976544,31.2943864353143,30.715531258976544,31.113496780395508,229579
2021-08-17 00:00:00+02:00,31.475278287223702,31.58381276590324,31.07731623189949,31.330564498901367,379821
2021-08-18 00:00:00+02:00,31.619990771207913,31.619990771207913,31.20393907822461,31.222028732299805,133114
2021-08-19 00:00:00+02:00,31.656169138839644,32.27120355812842,31.366741582733,31.94559669494629,237804
2021-08-20 00:00:00+02:00,32.16266956021112,32.27120403278532,31.402921351694363,32.0179557800293,140250
2021-08-23 00:00:00+02:00,32.307383956571,32.325473610719826,31.800883991150123,31.891328811645508,237765
2021-08-24 00:00:00+02:00,32.307386925725176,33.04904556274414,31.909421398374175,33.04904556274414,398614
2021-08-25 00:00:00+02:00,32.32547437247045,33.718343272265564,31.800884740538784,33.66407775878906,730259
2021-08-26 00:00:00+02:00,33.700251956709785,33.826879532494466,33.22993476193273,33.555538177490234,308402
2021-08-27 00:00:00+02:00,33.73643359831584,33.73643359831584,33.067133616959495,33.284202575683594,287373
2021-08-30 00:00:00+02:00,33.465093505422594,34.333376184530636,33.465093505422594,34.2429313659668,319969
2021-08-31 00:00:00+02:00,34.18866590323055,34.71325556527872,32.777707267857714,33.067134857177734,973012
2021-09-01 00:00:00+02:00,33.28420506062783,33.60981197327215,32.307387772944026,32.488277435302734,370015
2021-09-02 00:00:00+02:00,32.50636623915162,33.17566970317435,32.4521007219667,33.04904556274414,223338
2021-09-03 00:00:00+02:00,33.103307402637355,33.28420049040696,32.61490055098269,32.86814880371094,110913
2021-09-06 00:00:00+02:00,32.86814916327707,33.17566638077493,32.37973885603069,32.850059509277344,178262
2021-09-07 00:00:00+02:00,32.61490357948181,32.83197254476262,32.36165185298887,32.56063461303711,172293
2021-09-08 00:00:00+02:00,32.32547607633206,32.7777071138002,31.583814000655227,31.71044158935547,319489
2021-09-09 00:00:00+02:00,31.69235064237179,32.343560963619936,31.330564447040373,31.583812713623047,281160
2021-09-10 00:00:00+02:00,32.090314004709185,32.090314004709185,31.565727795375626,31.71044158935547,178791
2021-09-13 00:00:00+02:00,31.746615346306417,32.14458084106445,31.656170524906194,32.14458084106445,177863
2021-09-14 00:00:00+02:00,32.631339006720786,32.706222608152764,31.976090532810613,32.406681060791016,229939
2021-09-15 00:00:00+02:00,32.01353293646243,33.02448472876294,31.845040375942883,32.575172424316406,304818
2021-09-16 00:00:00+02:00,32.59389358842685,32.68749897765931,31.82631797010725,31.957366943359375,284472
2021-09-17 00:00:00+02:00,32.088416499111055,32.59389418010233,30.946415732314236,31.171070098876953,1094175
2021-09-20 00:00:00+02:00,30.965137840135046,32.163303996187786,30.927694255054195,31.227235794067383,293223
2021-09-21 00:00:00+02:00,31.208513457627443,31.994810876537723,31.171069873199155,31.86376190185547,127337
2021-09-22 00:00:00+02:00,32.01353162624731,32.14458059666202,31.39572678656607,31.639102935791016,215744
2021-09-23 00:00:00+02:00,32.03225466088173,32.25690902722005,31.133626483078185,31.32084083557129,238210
2021-09-24 00:00:00+02:00,31.601659482122518,31.957366382432433,30.62815131041553,30.890249252319336,268739
2021-09-27 00:00:00+02:00,30.890249304704895,30.890249304704895,30.141395490269318,30.590707778930664,332006
2021-09-28 00:00:00+02:00,32.762384736250034,33.04320446268316,32.762384736250034,32.81855010986328,1054270
2021-09-29 00:00:00+02:00,32.76238597478126,33.58612696483301,32.72494239095693,32.85599136352539,721443
2021-09-30 00:00:00+02:00,33.19297853720689,33.398914690210226,32.818553388166265,33.3053092956543,1011933
2021-10-01 00:00:00+02:00,33.24914174774817,33.24914174774817,32.89343484416626,32.94960021972656,388847
2021-10-04 00:00:00+02:00,32.949601810156096,33.211699767121914,32.81855283167318,32.893436431884766,581183
2021-10-05 00:00:00+02:00,33.11809237671701,33.54868287170996,32.893434447998246,33.34274673461914,237474
2021-10-06 00:00:00+02:00,33.52996102922712,34.035438689965204,33.19297592206839,33.64228820800781,721321
2021-10-07 00:00:00+02:00,33.754621652248474,33.754621652248474,32.89343702400343,33.5112419128418,499732
2021-10-08 00:00:00+02:00,33.62356773162556,34.166488996799636,33.49251875611921,34.07288360595703,449871
2021-10-11 00:00:00+02:00,34.07288182247121,34.07288182247121,33.69845313706607,33.82950210571289,241724
2021-10-12 00:00:00+02:00,33.792058431514874,34.82173552818281,33.39891152663887,34.428585052490234,824707
2021-10-13 00:00:00+02:00,34.48475037146929,34.5034721627407,33.67973120088165,34.222652435302734,222971
2021-10-14 00:00:00+02:00,34.353702436508335,35.102556255802114,33.99799553328754,34.95278549194336,295813
2021-10-15 00:00:00+02:00,34.559635860691664,34.840459174344126,33.84822560745343,34.3724250793457,234381
2021-10-18 00:00:00+02:00,34.27881668067602,34.353703851097386,33.7546207709938,34.09160232543945,188037
2021-10-19 00:00:00+02:00,34.372425470779184,34.4847526550293,33.92311316296194,34.4847526550293,337151
2021-10-20 00:00:00+02:00,34.54091809839689,34.99023040707051,34.14776759654695,34.185211181640625,580885
2021-10-21 00:00:00+02:00,34.428585301425464,34.93406295776367,34.12904378007318,34.93406295776367,306450
2021-10-22 00:00:00+02:00,34.85917951020725,34.85917951020725,33.67973164043178,34.035438537597656,564959
2021-10-25 00:00:00+02:00,34.09160228503297,34.372425602963396,33.69845535323727,33.88566970825195,176644
2021-10-26 00:00:00+02:00,34.1477673104489,34.18521089522886,33.829503981452795,33.97927474975586,364606
2021-10-27 00:00:00+02:00,33.885667927315886,34.110322284872844,33.0619269510349,33.13681411743164,772344
2021-10-28 00:00:00+02:00,33.005761232898934,33.28658453314885,32.91215584669336,33.23041915893555,934973
2021-10-29 00:00:00+02:00,33.24914356496176,33.604850487984635,32.987045606322205,33.3989143371582,785240
2021-11-02 00:00:00+01:00,33.5861256062176,33.60484739737243,33.043204375177005,33.417633056640625,462313
2021-11-03 00:00:00+01:00,33.586126053986604,33.604847845391035,33.005761232898934,33.23041915893555,655017
2021-11-04 00:00:00+01:00,33.080650613056314,33.43635753191969,33.005763442425355,33.28658676147461,1411545
2021-11-05 00:00:00+01:00,33.02448272705078,33.36146782766421,32.949599132923666,33.02448272705078,738495
2021-11-08 00:00:00+01:00,32.94960227262121,33.08065125294347,32.65006072593695,32.70622253417969,888417
2021-11-09 00:00:00+01:00,32.650058348886326,33.136814219514775,32.53772759894517,33.04320526123047,553834
2021-11-10 00:00:00+01:00,32.87471435513697,33.15553410243402,32.6126164004353,32.6875,515923
2021-11-12 00:00:00+01:00,32.8185505559304,32.8185505559304,32.6313362121582,32.6313362121582,731798
2021-11-15 00:00:00+01:00,33.061926805984534,33.061926805984534,32.38795659463726,32.53772735595703,527172
2021-11-16 00:00:00+01:00,32.7436660843502,32.7436660843502,32.14458299163795,32.50028991699219,423115
2021-11-17 00:00:00+01:00,33.211696707752736,34.14776483447908,31.71398913331719,32.612613677978516,1979152
2021-11-18 00:00:00+01:00,32.87471453190964,33.09937247344539,32.38795863426287,32.98704528808594,462497
2021-11-19 00:00:00+01:00,32.930878427873125,33.17425458033443,32.40667896842698,32.94960021972656,431928
2021-11-22 00:00:00+01:00,33.267865429204086,33.398914408804984,32.65006054621635,33.09937286376953,582982
2021-11-23 00:00:00+01:00,33.1742565735562,33.1742565735562,32.593895274496354,33.00576400756836,481335
2021-11-24 00:00:00+01:00,32.5751704498384,33.0432045182867,32.40667789953169,33.02448272705078,608605
2021-11-25 00:00:00+01:00,32.70622156171521,32.94960129292025,31.601660802102902,31.826318740844727,831815
2021-11-26 00:00:00+01:00,31.227234108409437,31.882482528686523,30.908970794035802,31.882482528686523,864612
2021-11-29 00:00:00+01:00,31.91992370768115,32.25690882590224,31.208513457627443,31.86376190185547,1476444
2021-11-30 00:00:00+01:00,31.93864532323912,32.85599171175771,31.6765473753243,32.762386322021484,1013500
2021-12-01 00:00:00+01:00,32.68750028237342,33.28658693815035,32.63133847491894,32.893436431884766,712561
2021-12-02 00:00:00+01:00,32.687499502010965,32.837273840492216,32.200747185213984,32.66878128051758,412961
2021-12-03 00:00:00+01:00,32.650059351859255,32.706221157738426,31.67654758069719,31.713991165161133,370879
2021-12-06 00:00:00+01:00,31.826317129528476,32.55644914454458,31.639102785191458,32.03225326538086,344603
2021-12-07 00:00:00+01:00,32.275630557501295,32.631337467268494,31.957367232092068,32.16330337524414,580143
2021-12-08 00:00:00+01:00,32.44412453799408,32.66878248316962,31.95736863246114,32.50028991699219,378058
2021-12-09 00:00:00+01:00,32.369239112328906,32.59389347402496,31.90120502617597,32.55644989013672,385591
2021-12-10 00:00:00+01:00,32.65005805241294,32.65005805241294,32.20074576917812,32.33179473876953,134130
2021-12-13 00:00:00+01:00,32.182026298900986,32.79983117926167,32.16330450606377,32.29435348510742,475228
2021-12-14 00:00:00+01:00,32.74366498483595,33.00576293639224,32.51901061802108,32.575172424316406,467624
2021-12-15 00:00:00+01:00,32.650059879277194,32.98704500326274,32.40668014714683,32.78110885620117,352660
2021-12-16 00:00:00+01:00,32.78110959742314,33.080651143112895,32.444124465817936,32.79983139038086,316257
2021-12-17 00:00:00+01:00,32.593892285648025,33.155531740227424,32.42539973511089,32.72494125366211,1380317
2021-12-20 00:00:00+01:00,32.48156819759662,32.781109744631515,31.938646911835303,32.200748443603516,600456
2021-12-21 00:00:00+01:00,32.20074584306016,32.20074584306016,31.451888465133994,31.882482528686523,471775
2021-12-22 00:00:00+01:00,31.65782491645254,32.462844106169406,31.65782491645254,32.444122314453125,379380
2021-12-23 00:00:00+01:00,32.593894567428684,32.81855250747788,32.20074763586362,32.4815673828125,486488
2021-12-27 00:00:00+01:00,32.706221859752645,32.724943652386465,32.12586057137148,32.38795852661133,102623
2021-12-28 00:00:00+01:00,32.36923837393683,32.65005810505932,32.18202402958296,32.53772735595703,236064
2021-12-29 00:00:00+01:00,32.59389421668711,33.02448472876294,32.387958071426155,32.575172424316406,226911
2021-12-30 00:00:00+01:00,32.38795915899596,32.57517351817277,32.38795915899596,32.50028991699219,223048
2022-01-03 00:00:00+01:00,32.781109315647186,32.781109315647186,32.06969547263642,32.593894958496094,184727
2022-01-04 00:00:00+01:00,32.631336361223894,32.650058152768295,31.601659251181353,31.732711791992188,295978
2022-01-05 00:00:00+01:00,32.182024451176545,32.182024451176545,31.65782499428188,31.994810104370117,241907
2022-01-07 00:00:00+01:00,31.26467863617426,32.06969427138129,30.665592001567777,31.208513259887695,682547
2022-01-10 00:00:00+01:00,30.79664460453001,31.4144494615847,30.79664460453001,30.908971786499023,263972
2022-01-11 00:00:00+01:00,31.4144499245816,31.45188993857859,30.703036096387056,30.721757888793945,358140
2022-01-12 00:00:00+01:00,30.87152823188157,31.096186166852064,30.422215932757315,30.759201049804688,711311
2022-01-13 00:00:00+01:00,30.890249304704895,30.890249304704895,30.21627908630455,30.590707778930664,872004
2022-01-14 00:00:00+01:00,30.253722748601664,30.590707858680354,29.860574048645972,30.141395568847656,542681
2022-01-17 00:00:00+01:00,30.010347304618836,30.235001669421532,29.598476803194355,29.710803985595703,341280
2022-01-18 00:00:00+01:00,29.804409992895003,29.89801716483239,29.411261299084632,29.729524612426758,418360
2022-01-19 00:00:00+01:00,29.766966410669244,30.796643516596813,29.729524613138373,30.47838020324707,415905
2022-01-20 00:00:00+01:00,30.83408432747959,30.890249703343315,30.515821005885204,30.703035354614258,516929
2022-01-21 00:00:00+01:00,30.366050781799984,30.684314109061752,29.972903856203143,30.066509246826172,625685
2022-01-24 00:00:00+01:00,30.49710196924326,30.49710196924326,29.673360999352575,29.879295349121094,497898
2022-01-25 00:00:00+01:00,30.32861086263748,30.347329084167058,29.373819092465737,29.617197036743164,295824
2022-01-26 00:00:00+01:00,29.8792965446061,30.235001669421532,29.504869627587652,29.710803985595703,209939
2022-01-27 00:00:00+01:00,29.80441016673118,29.93545913696289,29.09299815542933,29.93545913696289,212409
2022-01-28 00:00:00+01:00,29.71080384752768,29.898018197871092,29.11172078308214,29.355098724365234,291514
2022-01-31 00:00:00+01:00,29.28021299504267,29.635918113998564,29.11172043880786,29.44870376586914,414500
2022-02-01 00:00:00+01:00,29.74824675845569,29.76696676473964,28.88706398010254,28.88706398010254,191246
2022-02-02 00:00:00+01:00,28.699850953785344,29.24277043996974,28.66240915408732,29.074277877807617,375714
2022-02-03 00:00:00+01:00,28.980670569504277,29.186606715842334,28.71857261657715,28.71857261657715,96005
2022-02-04 00:00:00+01:00,28.475194020583533,28.924506317121697,28.250537872314453,28.250537872314453,259819
2022-02-07 00:00:00+01:00,28.19437502177185,28.493916560661006,27.950997075072316,28.26926040649414,295837
2022-02-08 00:00:00+01:00,28.100767273006117,28.812179306103427,28.100767273006117,28.456472396850586,354360
2022-02-09 00:00:00+01:00,28.62496453016116,28.86834246829539,28.2505376197271,28.493915557861328,175280
2022-02-10 00:00:00+01:00,28.34414579121643,28.58752373791597,28.26926040649414,28.26926040649414,145389
2022-02-11 00:00:00+01:00,28.269258946280022,28.269258946280022,27.370632590621607,28.08204460144043,283513
2022-02-14 00:00:00+01:00,28.17565303885265,28.531358167527873,27.258306635851145,27.614011764526367,365296
2022-02-15 00:00:00+01:00,27.576567892945413,28.45647248739285,27.539126093930825,28.007160186767578,315295
2022-02-16 00:00:00+01:00,28.456472029583228,28.456472029583228,27.85738897172095,28.194374084472656,206511
2022-02-17 00:00:00+01:00,28.32542248563955,28.62496400852825,27.876110201306496,28.3815860748291,368320
2022-02-18 00:00:00+01:00,28.531357611298716,28.943228109162877,28.138208905475732,28.250537872314453,216084
2022-02-21 00:00:00+01:00,28.4564720471222,28.699849985880842,27.408076695217048,27.445518493652344,212552
2022-02-22 00:00:00+01:00,26.584335222755517,27.932273864746094,25.554659896032273,27.932273864746094,354437
2022-02-23 00:00:00+01:00,27.838666542394478,27.838666542394478,26.79027121514039,26.827713012695312,319926
2022-02-24 00:00:00+01:00,25.273840124239733,26.97748387657871,25.255118332686745,25.479774475097656,947837
2022-02-25 00:00:00+01:00,25.461054957771292,26.13502339794332,24.543706793554488,25.74187469482422,722509
2022-02-28 00:00:00+01:00,25.236396541133757,26.434564419400264,25.198954743436097,25.479774475097656,884271
2022-03-01 00:00:00+01:00,25.554660374264387,26.116301634388424,25.21767704651664,25.592103958129883,477671
2022-03-02 00:00:00+01:00,25.29256218080957,26.078859580190784,24.9555770709581,25.835481643676758,788055
2022-03-03 00:00:00+01:00,25.92908956159515,26.20990930426319,25.34872649856392,25.854204177856445,1050798
2022-03-04 00:00:00+01:00,25.779318134514725,26.022694286382073,25.198955086332965,25.38616943359375,836198
2022-03-07 00:00:00+01:00,25.105347616781433,26.02269397964801,24.86196968237449,25.929088592529297,791766
2022-03-08 00:00:00+01:00,25.479774373546743,25.96653023953455,24.59987159896298,24.824527740478516,620376
2022-03-09 00:00:00+01:00,25.105348390277626,25.404889923266342,24.637314298630667,25.049184799194336,1013047
2022-03-10 00:00:00+01:00,24.974299903986093,25.648268366381156,24.375216826301592,24.712200164794922,1387618
2022-03-11 00:00:00+01:00,24.71219910925923,26.116301351664966,24.71219910925923,25.985252380371094,510408
2022-03-14 00:00:00+01:00,25.985252265460947,25.985252265460947,24.730920791625977,24.730920791625977,507059
2022-03-15 00:00:00+01:00,24.82452878347795,25.81676056321212,24.431380072955598,25.404890060424805,566297
2022-03-16 00:00:00+01:00,25.83548142000227,25.929088592529297,25.423610932128337,25.929088592529297,663449
2022-03-17 00:00:00+01:00,26.172465854320762,26.640499951447314,25.83548251846735,26.209909439086914,606994
2022-03-18 00:00:00+01:00,26.022695541381836,27.20214170102606,25.70443220693458,26.022695541381836,2232492
2022-03-21 00:00:00+01:00,25.592104974713564,26.977485495417582,25.554661389360714,26.77155113220215,563876
2022-03-22 00:00:00+01:00,26.677943954228436,26.846436517499434,26.41584421298372,26.77155113220215,568872
2022-03-23 00:00:00+01:00,26.77155113220215,26.958763702741155,26.434566005660148,26.77155113220215,299556
2022-03-24 00:00:00+01:00,27.014928625137422,27.014928625137422,26.322238376468306,26.35968017578125,530053
2022-03-25 00:00:00+01:00,26.677943076060867,26.86515742584569,25.891645663617982,26.397123336791992,490280
2022-03-28 00:00:00+02:00,26.490729646697396,26.715387588408277,26.003975534079615,26.022695541381836,328791
2022-03-29 00:00:00+02:00,26.54689378095249,26.696664544803163,25.87292355821613,26.340957641601562,504342
2022-03-30 00:00:00+02:00,26.603057411232875,26.827713557348265,26.191186917317157,26.790271759033203,454216
2022-03-31 00:00:00+02:00,26.677942605708925,26.696664397438997,25.985252380371094,25.985252380371094,621128
2022-04-01 00:00:00+02:00,26.135022868902478,26.378400802612305,25.89164493519265,26.378400802612305,361820
2022-04-04 00:00:00+02:00,26.771550712720455,26.771550712720455,26.041416878456012,26.209909439086914,218487
2022-04-05 00:00:00+02:00,26.52817276796564,26.52817276796564,26.041416878456012,26.209909439086914,232319
2022-04-06 00:00:00+02:00,26.4720091762248,26.4720091762248,25.929089694974337,26.209909439086914,493138
2022-04-07 00:00:00+02:00,26.565614935730775,26.565614935730775,25.51721954345703,25.51721954345703,573655
2022-04-08 00:00:00+02:00,26.022695280356853,26.28479501945156,25.8542045038764,26.26607322692871,459624
2022-04-11 00:00:00+02:00,26.397124239329877,26.790272958993373,26.228631675844316,26.621780395507812,565433
2022-04-12 00:00:00+02:00,26.322237516704806,26.565613667810503,25.835481643676758,25.835481643676758,1476401
2022-04-13 00:00:00+02:00,26.303516615593903,26.303516615593903,25.816760726084276,26.209909439086914,289178
2022-04-14 00:00:00+02:00,26.359678808220526,26.359678808220526,25.5172178351904,25.573381423950195,224837
2022-04-19 00:00:00+02:00,25.72315351425792,25.76059709897266,24.61859276089054,24.80580711364746,859123
2022-04-20 00:00:00+02:00,25.21767663599052,25.461054570929193,24.768362563960803,24.880691528320312,415784
2022-04-21 00:00:00+02:00,25.0679057484935,25.16151113534888,24.375215530395508,24.375215530395508,421300
2022-04-22 00:00:00+02:00,24.581149580184842,24.581149580184842,24.150557307205492,24.169279098510742,422241
2022-04-25 00:00:00+02:00,24.150558471679688,25.105348449385446,23.963345905825154,24.150558471679688,524268
2022-04-26 00:00:00+02:00,24.169280263887654,24.375216407358526,23.8697387301937,24.150558471679688,485407
2022-04-27 00:00:00+02:00,24.03823118131502,24.13183835652617,23.401704532369237,23.645082473754883,407512
2022-04-28 00:00:00+02:00,23.645081682140358,23.925901412963867,23.570196301560202,23.925901412963867,296619
2022-04-29 00:00:00+02:00,23.869737692304966,23.888459483698885,22.615406235445295,22.67156982421875,608533
2022-05-02 00:00:00+02:00,23.12088520371511,23.17704879567821,22.147373420843213,22.652851104736328,296951
2022-05-04 00:00:00+02:00,22.465635987922738,22.989833661059933,22.278421640526712,22.783899307250977,394353
2022-05-05 00:00:00+02:00,23.214490363137152,23.23321215540718,22.14737319946289,22.14737319946289,384701
2022-05-06 00:00:00+02:00,22.035045850161215,22.053765856881412,21.435960999905713,21.941438674926758,342809
2022-05-09 00:00:00+02:00,21.922715887546918,21.941437678825547,21.417238235473633,21.417238235473633,332328
2022-05-10 00:00:00+02:00,21.52956817514017,22.446914564539437,21.473404584162843,21.941438674926758,734806
2022-05-11 00:00:00+02:00,22.16609555449444,22.31586632564034,21.510847091674805,21.510847091674805,477709
2022-05-12 00:00:00+02:00,21.342353507271586,21.398518882821996,20.33139995767258,20.78071403503418,683117
2022-05-13 00:00:00+02:00,21.1738636912198,21.192583698505366,20.481171644809564,20.855600357055664,881492
2022-05-16 00:00:00+02:00,20.930485391587784,21.58573205621842,20.761992830982983,20.94920539855957,867792
2022-05-17 00:00:00+02:00,21.117698017680897,21.735502884671494,20.836878272833683,21.248748779296875,361690
2022-05-18 00:00:00+02:00,21.510845429436603,21.510845429436603,20.911762391146798,21.267467498779297,487237
2022-05-19 00:00:00+02:00,20.855598738914264,21.136418465902217,20.25651391704727,20.312679290771484,514704
2022-05-20 00:00:00+02:00,20.7245483905367,20.81815556316429,19.769760228878607,20.425006866455078,815690
2022-05-23 00:00:00+02:00,20.612221479199622,20.911763007168464,20.518614305357275,20.78071403503418,284922
2022-05-24 00:00:00+02:00,20.49989180236437,21.024089458125385,20.42500642296994,20.612220764160156,444736
2022-05-25 00:00:00+02:00,20.893041242955103,20.893041242955103,20.499892540623872,20.630943298339844,373343
2022-05-26 00:00:00+02:00,20.7994346938529,20.818156486290246,20.51861494892625,20.6496639251709,375230
2022-05-27 00:00:00+02:00,20.687107773535875,20.79943495877388,20.35012264700502,20.406286239624023,240334
2022-05-30 00:00:00+02:00,20.593500333267247,20.705829302482947,20.312680588340598,20.6496639251709,373991
2022-05-31 00:00:00+02:00,20.649664174774337,21.510846997809605,20.537336989609276,21.00537109375,3276219
2022-06-01 00:00:00+02:00,21.342353127386442,21.67933823305736,20.79943367125458,21.024089813232422,423359
2022-06-02 00:00:00+02:00,21.66061754027743,21.66061754027743,20.499893188476562,20.499893188476562,543237
2022-06-03 00:00:00+02:00,20.61222229136037,20.705829468891018,19.788481271580757,19.90081024169922,393723
2022-06-06 00:00:00+02:00,20.05058131485754,20.125466700933043,19.48894002658702,19.507661819458008,486850
2022-06-07 00:00:00+02:00,19.432776184116257,19.694875924722766,19.095791058394802,19.151954650878906,318673
2022-06-08 00:00:00+02:00,19.208120097108026,19.26428368979194,18.721364199424954,18.852413177490234,350184
2022-06-09 00:00:00+02:00,18.88985593119628,18.908577723069435,18.178443908691406,18.178443908691406,482859
2022-06-10 00:00:00+02:00,17.878902632142452,18.141000580424397,17.719770969796258,17.93506622314453,418904
2022-06-13 00:00:00+02:00,17.682326499710868,17.747850983498846,17.223653327786735,17.560638427734375,744298
2022-06-14 00:00:00+02:00,17.832097309289228,18.066114343717736,17.42022861418901,17.51383399963379,702244
2022-06-15 00:00:00+02:00,17.51383424610785,17.663606792825483,16.905390305112682,17.017719268798828,947931
2022-06-17 00:00:00+02:00,16.858588766796153,17.485754542277263,16.71817889162453,16.998998641967773,2627128
2022-06-20 00:00:00+02:00,17.317261096059163,18.328214645385742,17.101965846065617,18.328214645385742,504365
2022-06-21 00:00:00+02:00,18.515428278792392,19.24556027850296,18.07547511444549,18.90857696533203,958977
2022-06-22 00:00:00+02:00,18.721363893918294,18.983463631180168,18.225247107982437,18.54351043701172,577565
2022-06-23 00:00:00+02:00,18.4967083412471,18.70264270801117,18.26269128498447,18.459264755249023,363267
2022-06-24 00:00:00+02:00,18.70264144754075,19.133233730456475,18.50606799052433,18.927297592163086,738693
2022-06-27 00:00:00+02:00,19.1893970226465,20.36884310267767,19.17067523119958,20.219072341918945,1163693
2022-06-28 00:00:00+02:00,20.406285785553667,20.64966372869838,19.93825169152346,20.5935001373291,673196
2022-06-29 00:00:00+02:00,20.44372966170442,20.44372966170442,20.01313736064182,20.20035171508789,595420
2022-06-30 00:00:00+02:00,20.406284619988092,20.406284619988092,19.769759788207054,19.863365173339844,593869
2022-07-01 00:00:00+02:00,19.844645222186042,20.481170055719286,19.825923430944638,20.312679290771484,368631
2022-07-04 00:00:00+02:00,20.518614753700604,20.836878080473813,20.425007577812885,20.5935001373291,381468
2022-07-05 00:00:00+02:00,20.855600066916317,20.855600066916317,19.48893957121099,19.694875717163086,1062646
2022-07-06 00:00:00+02:00,19.84464616832624,20.499892824341316,19.619988233534844,20.237794876098633,453353
2022-07-07 00:00:00+02:00,20.537336408609338,20.537336408609338,19.95697335031357,20.237794876098633,259250
2022-07-08 00:00:00+02:00,20.237794085895782,20.649662784312035,20.106743331483067,20.518613815307617,487754
2022-07-11 00:00:00+02:00,20.630942623183024,20.836876970842628,20.16290855407715,20.16290855407715,400562
2022-07-12 00:00:00+02:00,19.863365744036074,20.03185829876931,19.582546009752896,19.6761531829834,782357
2022-07-13 00:00:00+02:00,19.713594981030603,19.91953111921937,19.601267801480663,19.6761531829834,408590
2022-07-14 00:00:00+02:00,19.60126831362016,19.60126831362016,18.69328103059134,19.18939781188965,986682
2022-07-15 00:00:00+02:00,19.208119751162865,19.320446934507647,18.552871301820886,18.693281173706055,486626
2022-07-18 00:00:00+02:00,18.98346296893209,19.002182975262578,18.655838755136188,18.674560546875,310203
2022-07-19 00:00:00+02:00,18.67456015222236,18.88985539644385,18.346935945350193,18.814970016479492,441918
2022-07-20 00:00:00+02:00,19.020904273973947,19.994415994258546,18.740084546804002,19.414052963256836,575083
2022-07-21 00:00:00+02:00,19.882087850946487,19.882087850946487,18.90857787597826,19.13323402404785,440355
2022-07-22 00:00:00+02:00,19.50766068122833,19.807202208052757,19.28300453611001,19.376611709594727,328975
2022-07-25 00:00:00+02:00,19.376611926927517,19.376611926927517,18.68391990661621,18.68391990661621,279633
2022-07-26 00:00:00+02:00,18.62775541054654,18.674559888242825,17.822738033661334,18.05675506591797,458112
2022-07-27 00:00:00+02:00,18.038034867501718,18.7026424407959,18.038034867501718,18.7026424407959,621590
2022-07-28 00:00:00+02:00,18.964741027298647,19.039626408253685,18.403099777431702,18.571592330932617,562940
2022-07-29 00:00:00+02:00,18.814971411776767,18.814971411776767,18.356298202304355,18.7026424407959,697110
2022-08-01 00:00:00+02:00,18.79624890923929,19.170675822688604,18.683919942500314,19.13323402404785,486309
2022-08-02 00:00:00+02:00,19.133234643656483,19.48893977660036,18.889856695680812,19.151954650878906,446829
2022-08-03 00:00:00+02:00,18.927298632383486,19.09579119646246,18.421822725554996,18.552871704101562,618300
2022-08-04 00:00:00+02:00,18.796248674070608,18.796248674070608,18.449902667583064,18.627756118774414,406664
2022-08-05 00:00:00+02:00,18.468624012367183,18.618394772248074,18.056755315398878,18.06611442565918,376155
2022-08-08 00:00:00+02:00,18.421822657899504,18.889856762885127,18.18780560540669,18.852413177490234,307302
2022-08-09 00:00:00+02:00,18.908577259550682,19.020904437219386,18.337575119275158,18.365657806396484,237721
2022-08-10 00:00:00+02:00,18.27205125176564,18.562231886851965,18.11291959018765,18.38437843322754,329494
2022-08-11 00:00:00+02:00,18.66520038091238,18.946020126342773,18.384378850073592,18.946020126342773,292946
2022-08-12 00:00:00+02:00,18.908577601706938,19.526382446289062,18.814970428350303,19.526382446289062,297342
2022-08-16 00:00:00+02:00,19.63871024944844,20.050580754048035,19.283005121890874,19.545103073120117,598254
2022-08-17 00:00:00+02:00,19.470216529199504,19.61998728823886,19.077067840369114,19.563823699951172,510020
2022-08-18 00:00:00+02:00,19.63871058148916,19.63871058148916,18.964742114265228,19.00218391418457,340871
2022-08-19 00:00:00+02:00,19.095791092095553,19.208120062670417,18.721364165860038,19.00218391418457,640647
2022-08-22 00:00:00+02:00,19.09579063621339,19.35789037102524,18.6464783354574,19.18939781188965,674978
2022-08-23 00:00:00+02:00,19.095791145856253,19.601268836753594,18.964742167656983,19.301727294921875,704459
2022-08-24 00:00:00+02:00,19.657431011900076,19.657431011900076,18.590313899727583,18.665199279785156,668362
2022-08-25 00:00:00+02:00,18.79624958480632,18.983463940963937,18.721364199424954,18.852413177490234,317150
2022-08-26 00:00:00+02:00,18.87113380432129,19.077068155045225,18.72136304281146,18.87113380432129,299925
2022-08-29 00:00:00+02:00,18.66520085255678,18.70264265303635,18.290773920718863,18.50606918334961,615931
2022-08-30 00:00:00+02:00,18.71200202336158,18.71200202336158,18.365657809187432,18.61839485168457,473066
2022-08-31 00:00:00+02:00,18.721362609890075,18.721362609890075,18.15972137451172,18.15972137451172,1152802
2022-09-01 00:00:00+02:00,18.253330432595,18.346937612407945,17.560640158632715,17.60744285583496,630945
2022-09-02 00:00:00+02:00,18.23460843787567,18.328215616653324,17.616803557514988,18.25333023071289,727140
2022-09-05 00:00:00+02:00,17.850819181506434,18.290772350888805,17.78529469723458,18.06611442565918,273635
2022-09-06 00:00:00+02:00,18.000591253448025,18.215886513293615,17.195573806762695,17.195573806762695,558740
2022-09-07 00:00:00+02:00,17.130047390505577,17.382786233662646,16.84922764393666,17.092605590820312,548093
2022-09-08 00:00:00+02:00,17.307900891800685,18.084837430336822,17.26109819572595,17.644886016845703,743374
2022-09-09 00:00:00+02:00,17.69168769500907,18.215885359601135,17.56063872521313,18.019311904907227,449763
2022-09-12 00:00:00+02:00,18.01931188049247,18.23460712641075,17.616802290483673,18.169082641601562,615800
2022-09-13 00:00:00+02:00,18.159721562057545,18.159721562057545,17.214292526245117,17.214292526245117,638987
2022-09-14 00:00:00+02:00,17.307900037331855,18.197165502117237,17.2704582394022,18.12228012084961,1195374
2022-09-15 00:00:00+02:00,17.94442742594724,18.449903324423065,17.804017553337754,18.243968963623047,1263827
2022-09-16 00:00:00+02:00,17.972509287070277,18.23460722776385,17.513834320039898,17.56999969482422,7115936
2022-09-19 00:00:00+02:00,17.729999542236328,17.93000030517578,16.979999542236328,17.18000030517578,2104097
2022-09-20 00:00:00+02:00,17.280000686645508,17.760000228881836,17.190000534057617,17.399999618530273,1075205
2022-09-21 00:00:00+02:00,17.520000457763672,17.600000381469727,17.079999923706055,17.600000381469727,1055718
2022-09-22 00:00:00+02:00,17.3700008392334,18.059999465942383,17.190000534057617,17.899999618530273,556370
2022-09-23 00:00:00+02:00,17.899999618530273,17.979999542236328,17.43000030517578,17.520000457763672,584326
2022-09-26 00:00:00+02:00,17.350000381469727,17.729999542236328,16.639999389648438,16.639999389648438,711670
2022-09-27 00:00:00+02:00,17.15999984741211,17.309999465942383,16.760000228881836,16.770000457763672,1082216
2022-09-28 00:00:00+02:00,16.81999969482422,17.030000686645508,16.420000076293945,16.600000381469727,658460
2022-09-29 00:00:00+02:00,16.940000534057617,16.940000534057617,15.899999618530273,16.059999465942383,511417
2022-09-30 00:00:00+02:00,16.399999618530273,16.399999618530273,15.739999771118164,16.049999237060547,672717
2022-10-03 00:00:00+02:00,16.200000762939453,17.06999969482422,15.609999656677246,16.950000762939453,1150054
2022-10-04 00:00:00+02:00,17.0,17.84000015258789,16.809999465942383,17.84000015258789,1108447
2022-10-05 00:00:00+02:00,17.649999618530273,17.790000915527344,17.350000381469727,17.540000915527344,457306
2022-10-06 00:00:00+02:00,17.280000686645508,17.6299991607666,16.600000381469727,16.709999084472656,657331
2022-10-07 00:00:00+02:00,16.809999465942383,16.809999465942383,16.34000015258789,16.610000610351562,534758
2022-10-10 00:00:00+02:00,16.899999618530273,16.90999984741211,16.510000228881836,16.520000457763672,525136
2022-10-11 00:00:00+02:00,16.649999618530273,16.75,16.200000762939453,16.6299991607666,425063
2022-10-12 00:00:00+02:00,16.940000534057617,16.940000534057617,16.09000015258789,16.229999542236328,1490965
2022-10-13 00:00:00+02:00,16.229999542236328,16.40999984741211,15.699999809265137,15.899999618530273,681194
2022-10-14 00:00:00+02:00,16.219999313354492,16.579999923706055,16.15999984741211,16.489999771118164,416344
2022-10-17 00:00:00+02:00,16.3799991607666,16.68000030517578,16.25,16.600000381469727,388528
2022-10-18 00:00:00+02:00,16.760000228881836,16.8799991607666,16.40999984741211,16.799999237060547,536615
2022-10-19 00:00:00+02:00,16.790000915527344,16.850000381469727,16.469999313354492,16.600000381469727,292002
2022-10-20 00:00:00+02:00,16.649999618530273,17.440000534057617,16.3700008392334,17.15999984741211,2598707
2022-10-21 00:00:00+02:00,17.0,17.149999618530273,16.31999969482422,16.399999618530273,333273
2022-10-24 00:00:00+02:00,16.399999618530273,17.15999984741211,16.260000228881836,16.969999313354492,514517
2022-10-25 00:00:00+02:00,17.18000030517578,17.3700008392334,16.610000610351562,16.8799991607666,331685
2022-10-26 00:00:00+02:00,17.100000381469727,17.170000076293945,16.610000610351562,16.799999237060547,1002290
2022-10-27 00:00:00+02:00,16.899999618530273,17.010000228881836,16.6200008392334,16.959999084472656,373034
2022-10-28 00:00:00+02:00,17.0,17.1299991607666,16.700000762939453,17.079999923706055,441576
2022-10-31 00:00:00+01:00,17.200000762939453,17.959999084472656,17.1200008392334,17.899999618530273,683533
2022-11-02 00:00:00+01:00,18.0,18.530000686645508,18.0,18.489999771118164,1037673
2022-11-03 00:00:00+01:00,18.389999389648438,18.510000228881836,18.049999237060547,18.360000610351562,371907
2022-11-04 00:00:00+01:00,18.270000457763672,18.799999237060547,18.200000762939453,18.56999969482422,468472
2022-11-07 00:00:00+01:00,18.790000915527344,18.989999771118164,18.34000015258789,18.760000228881836,510463
2022-11-08 00:00:00+01:00,18.760000228881836,18.8799991607666,18.329999923706055,18.530000686645508,361069
2022-11-09 00:00:00+01:00,18.600000381469727,18.850000381469727,18.3700008392334,18.450000762939453,452972
2022-11-10 00:00:00+01:00,18.399999618530273,18.860000610351562,18.0,18.709999084472656,636083
2022-11-14 00:00:00+01:00,18.790000915527344,19.139999389648438,18.270000457763672,18.459999084472656,723247
2022-11-15 00:00:00+01:00,19.0,19.100000381469727,18.299999237060547,18.84000015258789,684661
2022-11-16 00:00:00+01:00,18.690000534057617,18.899999618530273,18.09000015258789,18.280000686645508,645309
2022-11-17 00:00:00+01:00,18.299999237060547,18.3700008392334,17.65999984741211,17.75,473642
2022-11-18 00:00:00+01:00,17.8700008392334,18.100000381469727,17.520000457763672,17.81999969482422,574865
2022-11-21 00:00:00+01:00,17.969999313354492,18.06999969482422,17.549999237060547,17.969999313354492,332183
2022-11-22 00:00:00+01:00,17.899999618530273,18.239999771118164,17.600000381469727,18.010000228881836,607570
2022-11-23 00:00:00+01:00,18.200000762939453,18.31999969482422,18.030000686645508,18.25,370578
2022-11-24 00:00:00+01:00,18.389999389648438,18.75,18.170000076293945,18.700000762939453,287603
2022-11-25 00:00:00+01:00,18.760000228881836,19.079999923706055,18.489999771118164,19.010000228881836,501436
2022-11-28 00:00:00+01:00,19.020000457763672,19.020000457763672,18.6299991607666,18.700000762939453,423881
2022-11-29 00:00:00+01:00,18.700000762939453,18.84000015258789,18.399999618530273,18.68000030517578,315098
2022-11-30 00:00:00+01:00,18.799999237060547,19.209999084472656,18.559999465942383,18.59000015258789,1604049
2022-12-01 00:00:00+01:00,18.8799991607666,18.969999313354492,18.34000015258789,18.59000015258789,572607
2022-12-02 00:00:00+01:00,18.649999618530273,18.649999618530273,18.100000381469727,18.100000381469727,671555
2022-12-05 00:00:00+01:00,18.299999237060547,18.420000076293945,18.139999389648438,18.15999984741211,418642
2022-12-06 00:00:00+01:00,18.25,18.3799991607666,18.049999237060547,18.18000030517578,316017
2022-12-07 00:00:00+01:00,18.190000534057617,18.350000381469727,18.0,18.1299991607666,348142
2022-12-08 00:00:00+01:00,18.200000762939453,18.200000762939453,18.059999465942383,18.1200008392334,386942
2022-12-09 00:00:00+01:00,18.200000762939453,18.200000762939453,17.93000030517578,18.15999984741211,341320
2022-12-12 00:00:00+01:00,18.280000686645508,18.440000534057617,18.0,18.309999465942383,297318
2022-12-13 00:00:00+01:00,18.3799991607666,18.899999618530273,18.18000030517578,18.579999923706055,727636
2022-12-14 00:00:00+01:00,18.600000381469727,18.600000381469727,17.950000762939453,17.950000762939453,655283
2022-12-15 00:00:00+01:00,17.979999542236328,18.09000015258789,17.549999237060547,17.600000381469727,406455
2022-12-16 00:00:00+01:00,17.600000381469727,17.600000381469727,17.030000686645508,17.200000762939453,1436042
2022-12-19 00:00:00+01:00,17.200000762939453,17.229999542236328,16.829999923706055,16.889999389648438,439198
2022-12-20 00:00:00+01:00,16.8799991607666,17.149999618530273,16.700000762939453,17.100000381469727,402052
2022-12-21 00:00:00+01:00,17.200000762939453,17.290000915527344,17.030000686645508,17.219999313354492,296272
2022-12-22 00:00:00+01:00,17.299999237060547,17.399999618530273,17.09000015258789,17.31999969482422,195649
2022-12-23 00:00:00+01:00,17.3799991607666,17.540000915527344,17.170000076293945,17.530000686645508,210934
2022-12-27 00:00:00+01:00,17.600000381469727,17.600000381469727,17.350000381469727,17.479999542236328,153710
2022-12-28 00:00:00+01:00,17.450000762939453,17.450000762939453,17.149999618530273,17.15999984741211,267968
2022-12-29 00:00:00+01:00,17.270000457763672,17.639999389648438,17.100000381469727,17.639999389648438,317927
2022-12-30 00:00:00+01:00,17.549999237060547,17.690000534057617,17.399999618530273,17.610000610351562,289265
2023-01-02 00:00:00+01:00,17.610000610351562,17.899999618530273,17.5,17.799999237060547,159746
2023-01-03 00:00:00+01:00,17.899999618530273,18.049999237060547,17.700000762939453,17.700000762939453,384925
2023-01-04 00:00:00+01:00,17.969999313354492,18.280000686645508,17.84000015258789,18.040000915527344,896566
2023-01-05 00:00:00+01:00,18.299999237060547,18.84000015258789,18.170000076293945,18.540000915527344,841030
2023-01-09 00:00:00+01:00,18.81999969482422,19.1200008392334,18.600000381469727,19.09000015258789,737620
2023-01-10 00:00:00+01:00,19.09000015258789,19.270000457763672,18.729999542236328,19.06999969482422,595834
2023-01-11 00:00:00+01:00,19.020000457763672,19.510000228881836,19.020000457763672,19.239999771118164,456608
2023-01-12 00:00:00+01:00,19.43000030517578,19.6200008392334,19.09000015258789,19.100000381469727,526569
2023-01-13 00:00:00+01:00,19.209999084472656,19.290000915527344,18.790000915527344,18.790000915527344,424862
2023-01-16 00:00:00+01:00,18.809999465942383,18.950000762939453,18.420000076293945,18.649999618530273,587670
2023-01-17 00:00:00+01:00,18.75,18.940000534057617,18.520000457763672,18.850000381469727,450430
2023-01-18 00:00:00+01:00,18.969999313354492,19.200000762939453,18.760000228881836,18.850000381469727,459131
2023-01-19 00:00:00+01:00,18.850000381469727,19.1200008392334,18.65999984741211,19.049999237060547,436329
2023-01-20 00:00:00+01:00,19.200000762939453,19.239999771118164,18.899999618530273,19.1299991607666,404560
2023-01-23 00:00:00+01:00,19.3799991607666,19.719999313354492,19.149999618530273,19.600000381469727,393206
2023-01-24 00:00:00+01:00,19.719999313354492,19.979999542236328,19.190000534057617,19.229999542236328,393380
2023-01-25 00:00:00+01:00,19.350000381469727,19.3799991607666,18.65999984741211,18.790000915527344,404605
2023-01-26 00:00:00+01:00,19.040000915527344,19.280000686645508,18.719999313354492,19.139999389648438,379225
2023-01-27 00:00:00+01:00,19.299999237060547,19.299999237060547,18.899999618530273,18.899999618530273,360797
2023-01-30 00:00:00+01:00,18.899999618530273,19.0,18.260000228881836,18.3700008392334,584253
2023-01-31 00:00:00+01:00,18.440000534057617,18.530000686645508,18.18000030517578,18.350000381469727,627381
2023-02-01 00:00:00+01:00,18.299999237060547,18.639999389648438,18.1299991607666,18.200000762939453,342978
2023-02-02 00:00:00+01:00,18.299999237060547,18.829999923706055,18.219999313354492,18.799999237060547,509676
2023-02-03 00:00:00+01:00,18.850000381469727,18.8799991607666,18.520000457763672,18.600000381469727,192416
2023-02-06 00:00:00+01:00,18.739999771118164,18.739999771118164,17.90999984741211,17.90999984741211,402862
2023-02-07 00:00:00+01:00,18.0,18.149999618530273,17.81999969482422,17.90999984741211,255341
2023-02-08 00:00:00+01:00,18.0,18.270000457763672,17.950000762939453,18.149999618530273,275499
2023-02-09 00:00:00+01:00,18.25,18.31999969482422,17.93000030517578,17.969999313354492,276527
2023-02-10 00:00:00+01:00,18.200000762939453,18.200000762939453,17.6299991607666,17.90999984741211,462827
2023-02-13 00:00:00+01:00,18.06999969482422,18.149999618530273,17.40999984741211,17.520000457763672,314629
2023-02-14 00:00:00+01:00,17.809999465942383,17.889999389648438,17.530000686645508,17.559999465942383,289135
2023-02-15 00:00:00+01:00,17.700000762939453,17.719999313354492,17.469999313354492,17.610000610351562,251211
2023-02-16 00:00:00+01:00,17.780000686645508,17.899999618530273,17.579999923706055,17.719999313354492,352739
2023-02-17 00:00:00+01:00,17.850000381469727,18.200000762939453,17.530000686645508,18.149999618530273,500496
2023-02-20 00:00:00+01:00,18.15999984741211,18.170000076293945,17.809999465942383,17.959999084472656,219230
2023-02-21 00:00:00+01:00,18.139999389648438,18.139999389648438,17.530000686645508,17.56999969482422,218993
2023-02-22 00:00:00+01:00,17.6299991607666,17.6299991607666,17.149999618530273,17.309999465942383,286519
2023-02-23 00:00:00+01:00,17.459999084472656,17.489999771118164,17.170000076293945,17.469999313354492,265759
2023-02-24 00:00:00+01:00,17.5,17.5,17.15999984741211,17.229999542236328,199308
2023-02-27 00:00:00+01:00,17.3799991607666,17.3799991607666,17.149999618530273,17.15999984741211,126999
2023-02-28 00:00:00+01:00,17.270000457763672,17.399999618530273,17.100000381469727,17.25,804087
2023-03-01 00:00:00+01:00,17.399999618530273,17.549999237060547,17.280000686645508,17.479999542236328,347705
2023-03-02 00:00:00+01:00,17.459999084472656,17.459999084472656,17.200000762939453,17.329999923706055,309423
2023-03-03 00:00:00+01:00,17.479999542236328,17.5,17.209999084472656,17.350000381469727,164018
2023-03-06 00:00:00+01:00,17.479999542236328,18.06999969482422,17.459999084472656,17.989999771118164,350044
2023-03-07 00:00:00+01:00,18.100000381469727,18.1200008392334,17.75,17.780000686645508,267095
2023-03-08 00:00:00+01:00,17.770000457763672,18.020000457763672,17.600000381469727,18.0,282704
2023-03-09 00:00:00+01:00,18.079999923706055,18.079999923706055,17.690000534057617,17.84000015258789,287166
2023-03-10 00:00:00+01:00,17.5,17.600000381469727,17.059999465942383,17.100000381469727,445375
2023-03-13 00:00:00+01:00,17.219999313354492,17.420000076293945,16.579999923706055,16.950000762939453,523074
2023-03-14 00:00:00+01:00,17.149999618530273,17.15999984741211,16.600000381469727,16.649999618530273,486719
2023-03-15 00:00:00+01:00,16.739999771118164,16.790000915527344,16.25,16.34000015258789,372022
2023-03-16 00:00:00+01:00,16.309999465942383,16.510000228881836,15.90999984741211,16.510000228881836,456867
2023-03-17 00:00:00+01:00,16.59000015258789,16.75,16.030000686645508,16.030000686645508,1755827
2023-03-20 00:00:00+01:00,16.200000762939453,16.200000762939453,15.859999656677246,16.139999389648438,320484
2023-03-21 00:00:00+01:00,16.190000534057617,16.420000076293945,16.100000381469727,16.420000076293945,331627
2023-03-22 00:00:00+01:00,16.530000686645508,16.530000686645508,15.920000076293945,15.920000076293945,462837
2023-03-23 00:00:00+01:00,16.09000015258789,16.15999984741211,15.710000038146973,16.09000015258789,432983
2023-03-24 00:00:00+01:00,16.059999465942383,16.139999389648438,15.770000457763672,15.789999961853027,390341
2023-03-27 00:00:00+02:00,15.960000038146973,16.1200008392334,15.760000228881836,15.800000190734863,327167
2023-03-28 00:00:00+02:00,15.899999618530273,15.970000267028809,15.739999771118164,15.739999771118164,450993
2023-03-29 00:00:00+02:00,15.970000267028809,16.350000381469727,15.800000190734863,16.219999313354492,825552
2023-03-30 00:00:00+02:00,16.329999923706055,16.760000228881836,16.290000915527344,16.56999969482422,504625
2023-03-31 00:00:00+02:00,16.6299991607666,16.93000030517578,16.459999084472656,16.739999771118164,542148
2023-04-03 00:00:00+02:00,16.860000610351562,16.950000762939453,16.5,16.5,293582
2023-04-04 00:00:00+02:00,16.600000381469727,16.639999389648438,16.18000030517578,16.18000030517578,278109
2023-04-05 00:00:00+02:00,16.3799991607666,16.540000915527344,16.209999084472656,16.280000686645508,406452
2023-04-06 00:00:00+02:00,16.489999771118164,16.489999771118164,16.149999618530273,16.209999084472656,243807
2023-04-11 00:00:00+02:00,16.25,16.3700008392334,16.020000457763672,16.020000457763672,482696
2023-04-12 00:00:00+02:00,16.100000381469727,16.399999618530273,15.920000076293945,16.290000915527344,763165
2023-04-13 00:00:00+02:00,16.209999084472656,16.600000381469727,16.049999237060547,16.440000534057617,1346906
2023-04-14 00:00:00+02:00,16.700000762939453,16.729999542236328,16.3799991607666,16.40999984741211,429542
2023-04-17 00:00:00+02:00,16.579999923706055,17.0,16.450000762939453,17.0,527881
2023-04-18 00:00:00+02:00,17.010000228881836,17.110000610351562,16.799999237060547,16.84000015258789,478928
2023-04-19 00:00:00+02:00,17.0,17.0,16.59000015258789,16.899999618530273,342680
2023-04-20 00:00:00+02:00,16.84000015258789,17.774999618530273,16.84000015258789,17.56999969482422,713738
2023-04-21 00:00:00+02:00,17.4950008392334,17.540000915527344,17.024999618530273,17.1299991607666,465814
2023-04-24 00:00:00+02:00,17.200000762939453,17.200000762939453,16.90999984741211,16.915000915527344,312997
2023-04-25 00:00:00+02:00,16.915000915527344,16.954999923706055,16.690000534057617,16.690000534057617,376543
2023-04-26 00:00:00+02:00,16.829999923706055,17.045000076293945,16.524999618530273,16.950000762939453,593263
2023-04-27 00:00:00+02:00,17.0,17.434999465942383,16.899999618530273,17.31999969482422,372566
2023-04-28 00:00:00+02:00,17.399999618530273,17.540000915527344,17.31999969482422,17.440000534057617,396225
2023-05-02 00:00:00+02:00,17.405000686645508,18.18000030517578,17.405000686645508,17.90999984741211,645299
2023-05-04 00:00:00+02:00,18.0,18.100000381469727,17.420000076293945,17.524999618530273,433519
2023-05-05 00:00:00+02:00,17.56999969482422,18.290000915527344,17.450000762939453,17.94499969482422,474638
2023-05-08 00:00:00+02:00,17.94499969482422,18.06999969482422,17.780000686645508,17.80500030517578,292698
2023-05-09 00:00:00+02:00,17.815000534057617,17.815000534057617,17.524999618530273,17.65999984741211,406036
2023-05-10 00:00:00+02:00,17.899999618530273,18.295000076293945,17.635000228881836,18.110000610351562,478040
2023-05-11 00:00:00+02:00,18.110000610351562,18.110000610351562,17.540000915527344,17.579999923706055,451789
2023-05-12 00:00:00+02:00,17.790000915527344,17.940000534057617,17.579999923706055,17.75,599965
2023-05-15 00:00:00+02:00,18.0,18.0,17.604999542236328,17.719999313354492,355453
2023-05-16 00:00:00+02:00,17.700000762939453,18.235000610351562,17.565000534057617,18.1200008392334,311349
2023-05-17 00:00:00+02:00,18.1200008392334,18.139999389648438,17.174999237060547,17.174999237060547,597371
2023-05-18 00:00:00+02:00,17.299999237060547,17.43000030517578,17.049999237060547,17.06999969482422,416154
2023-05-19 00:00:00+02:00,17.350000381469727,17.485000610351562,17.09000015258789,17.364999771118164,498044
2023-05-22 00:00:00+02:00,17.424999237060547,17.649999618530273,17.274999618530273,17.459999084472656,192677
2023-05-23 00:00:00+02:00,17.530000686645508,17.924999237060547,17.399999618530273,17.559999465942383,453648
2023-05-24 00:00:00+02:00,17.5,17.5,16.770000457763672,16.770000457763672,563813
2023-05-25 00:00:00+02:00,17.104999542236328,17.18000030517578,16.545000076293945,16.549999237060547,467457
2023-05-26 00:00:00+02:00,16.635000228881836,16.75,16.559999465942383,16.639999389648438,564833
2023-05-29 00:00:00+02:00,16.65999984741211,16.809999465942383,16.610000610351562,16.649999618530273,213163
2023-05-30 00:00:00+02:00,16.6299991607666,16.68000030517578,16.450000762939453,16.450000762939453,401669
2023-05-31 00:00:00+02:00,16.350000381469727,16.420000076293945,15.444999694824219,15.444999694824219,2543084
2023-06-01 00:00:00+02:00,15.5,15.75,15.40999984741211,15.640000343322754,734276
2023-06-02 00:00:00+02:00,15.954999923706055,16.024999618530273,15.6899995803833,15.96500015258789,505339
2023-06-05 00:00:00+02:00,16.049999237060547,16.860000610351562,16.030000686645508,16.829999923706055,793520
2023-06-06 00:00:00+02:00,16.68000030517578,17.09000015258789,16.399999618530273,16.924999237060547,789262
2023-06-07 00:00:00+02:00,16.920000076293945,16.975000381469727,16.530000686645508,16.530000686645508,557057
2023-06-09 00:00:00+02:00,16.860000610351562,16.8799991607666,16.489999771118164,16.514999389648438,479022
2023-06-12 00:00:00+02:00,16.514999389648438,16.764999389648438,16.260000228881836,16.389999389648438,402615
2023-06-13 00:00:00+02:00,16.559999465942383,16.65999984741211,16.274999618530273,16.31999969482422,630782
2023-06-14 00:00:00+02:00,16.360000610351562,17.209999084472656,16.360000610351562,17.03499984741211,631292
2023-06-15 00:00:00+02:00,17.0,17.375,16.850000381469727,17.139999389648438,571303
2023-06-16 00:00:00+02:00,17.100000381469727,17.645000457763672,16.8799991607666,17.045000076293945,2571753
2023-06-19 00:00:00+02:00,17.239999771118164,17.520000457763672,16.979999542236328,17.15999984741211,301331
2023-06-20 00:00:00+02:00,17.149999618530273,17.290000915527344,16.950000762939453,17.014999389648438,329922
2023-06-21 00:00:00+02:00,17.020000457763672,17.200000762939453,16.549999237060547,16.549999237060547,443320
2023-06-22 00:00:00+02:00,16.69499969482422,16.889999389648438,16.44499969482422,16.71500015258789,309728
2023-06-23 00:00:00+02:00,16.71500015258789,16.94499969482422,16.354999542236328,16.354999542236328,307618
2023-06-26 00:00:00+02:00,16.329999923706055,16.690000534057617,16.329999923706055,16.690000534057617,289222
2023-06-27 00:00:00+02:00,16.809999465942383,16.829999923706055,16.350000381469727,16.540000915527344,337039
2023-06-28 00:00:00+02:00,16.600000381469727,16.829999923706055,16.584999084472656,16.7549991607666,308665
2023-06-29 00:00:00+02:00,16.799999237060547,16.875,16.579999923706055,16.670000076293945,318811
2023-06-30 00:00:00+02:00,16.795000076293945,16.860000610351562,16.450000762939453,16.510000228881836,596503
2023-07-03 00:00:00+02:00,16.809999465942383,16.875,16.514999389648438,16.579999923706055,355654
2023-07-04 00:00:00+02:00,16.520000457763672,16.579999923706055,16.239999771118164,16.264999389648438,387737
2023-07-05 00:00:00+02:00,16.260000228881836,16.299999237060547,15.875,15.875,451078
2023-07-06 00:00:00+02:00,15.875,16.100000381469727,15.75,15.899999618530273,389157
2023-07-07 00:00:00+02:00,16.045000076293945,16.18000030517578,15.899999618530273,16.065000534057617,254052
2023-07-10 00:00:00+02:00,16.1299991607666,16.235000610351562,16.049999237060547,16.1299991607666,266382
2023-07-11 00:00:00+02:00,16.2450008392334,16.364999771118164,16.0,16.0,452103
2023-07-12 00:00:00+02:00,16.1200008392334,16.420000076293945,16.09000015258789,16.325000762939453,418754
2023-07-13 00:00:00+02:00,16.34000015258789,16.670000076293945,16.31999969482422,16.405000686645508,332769
2023-07-14 00:00:00+02:00,16.530000686645508,16.780000686645508,16.40999984741211,16.614999771118164,417590
2023-07-17 00:00:00+02:00,16.4950008392334,16.790000915527344,16.4950008392334,16.700000762939453,407681
2023-07-18 00:00:00+02:00,16.700000762939453,16.770000457763672,16.610000610351562,16.709999084472656,359794
2023-07-19 00:00:00+02:00,16.780000686645508,16.829999923706055,16.6299991607666,16.665000915527344,222985
2023-07-20 00:00:00+02:00,16.75,16.790000915527344,16.405000686645508,16.405000686645508,403472
2023-07-21 00:00:00+02:00,16.440000534057617,16.5,16.184999465942383,16.219999313354492,278463
2023-07-24 00:00:00+02:00,16.155000686645508,16.69499969482422,16.149999618530273,16.5,236417
2023-07-25 00:00:00+02:00,16.5,16.559999465942383,16.165000915527344,16.239999771118164,242999
2023-07-26 00:00:00+02:00,16.479999542236328,16.479999542236328,16.174999237060547,16.200000762939453,237171
2023-07-27 00:00:00+02:00,16.200000762939453,16.399999618530273,16.104999542236328,16.209999084472656,400667
2023-07-28 00:00:00+02:00,16.209999084472656,16.395000457763672,16.18000030517578,16.209999084472656,363779
2023-07-31 00:00:00+02:00,16.344999313354492,16.344999313354492,16.0049991607666,16.149999618530273,669850
2023-08-01 00:00:00+02:00,16.135000228881836,16.489999771118164,16.040000915527344,16.469999313354492,587152
2023-08-02 00:00:00+02:00,16.399999618530273,16.399999618530273,16.010000228881836,16.010000228881836,474863
2023-08-03 00:00:00+02:00,16.100000381469727,16.145000457763672,15.904999732971191,16.059999465942383,499965
2023-08-04 00:00:00+02:00,16.15999984741211,16.184999465942383,15.949999809265137,16.184999465942383,281230
2023-08-07 00:00:00+02:00,16.100000381469727,16.200000762939453,15.979999542236328,16.100000381469727,280830
2023-08-08 00:00:00+02:00,16.084999084472656,16.09000015258789,15.720000267028809,15.720000267028809,705830
2023-08-09 00:00:00+02:00,15.875,16.010000228881836,15.765000343322754,15.925000190734863,461361
2023-08-10 00:00:00+02:00,15.9399995803833,15.9399995803833,15.640000343322754,15.649999618530273,481790
2023-08-11 00:00:00+02:00,15.649999618530273,15.770000457763672,15.470000267028809,15.489999771118164,452068
2023-08-14 00:00:00+02:00,15.5,15.5,14.890000343322754,14.899999618530273,764096
2023-08-16 00:00:00+02:00,14.899999618530273,14.930000305175781,14.079999923706055,14.329999923706055,1528274
2023-08-17 00:00:00+02:00,14.369999885559082,14.494999885559082,13.989999771118164,14.050000190734863,1211803
2023-08-18 00:00:00+02:00,14.109999656677246,14.279999732971191,14.045000076293945,14.194999694824219,691068
2023-08-21 00:00:00+02:00,14.295000076293945,14.744999885559082,14.25,14.675000190734863,716718
2023-08-22 00:00:00+02:00,14.779999732971191,14.779999732971191,14.34000015258789,14.385000228881836,664149
2023-08-23 00:00:00+02:00,14.380000114440918,14.444999694824219,14.020000457763672,14.180000305175781,839454
2023-08-24 00:00:00+02:00,14.244999885559082,14.380000114440918,14.015000343322754,14.045000076293945,418505
2023-08-25 00:00:00+02:00,14.010000228881836,14.295000076293945,13.949999809265137,14.255000114440918,706885
2023-08-28 00:00:00+02:00,14.295000076293945,14.295000076293945,13.170000076293945,13.260000228881836,2737345
2023-08-29 00:00:00+02:00,13.324999809265137,13.5,13.265000343322754,13.350000381469727,1067567
2023-08-30 00:00:00+02:00,13.404999732971191,13.699999809265137,13.404999732971191,13.444999694824219,564099
2023-08-31 00:00:00+02:00,13.489999771118164,13.680000305175781,13.425000190734863,13.5600004196167,1315424
2023-09-01 00:00:00+02:00,13.600000381469727,13.899999618530273,13.539999961853027,13.795000076293945,991867
2023-09-04 00:00:00+02:00,13.819999694824219,14.069999694824219,13.729999542236328,13.770000457763672,739246
2023-09-05 00:00:00+02:00,13.75,13.770000457763672,13.479999542236328,13.479999542236328,1068052
2023-09-06 00:00:00+02:00,13.4399995803833,14.979999542236328,12.994999885559082,14.59000015258789,2751212
2023-09-07 00:00:00+02:00,14.5,14.649999618530273,13.899999618530273,13.920000076293945,1890283
2023-09-08 00:00:00+02:00,13.920000076293945,14.130000114440918,13.414999961853027,13.414999961853027,1050286
2023-09-11 00:00:00+02:00,13.449999809265137,13.670000076293945,12.960000038146973,13.079999923706055,1585050
2023-09-12 00:00:00+02:00,13.079999923706055,13.100000381469727,12.675000190734863,12.675000190734863,3291475
2023-09-13 00:00:00+02:00,12.819999694824219,13.359999656677246,12.670000076293945,13.100000381469727,2061518
2023-09-14 00:00:00+02:00,13.199999809265137,13.300000190734863,12.925000190734863,13.100000381469727,1276335
2023-09-15 00:00:00+02:00,13.130000114440918,13.75,13.0649995803833,13.524999618530273,5112755
2023-09-18 00:00:00+02:00,13.699999809265137,13.920000076293945,13.220000267028809,13.234999656677246,886918
2023-09-19 00:00:00+02:00,13.34000015258789,13.5,12.949999809265137,12.949999809265137,932551
2023-09-20 00:00:00+02:00,13.145000457763672,13.239999771118164,13.015000343322754,13.210000038146973,915200
2023-09-21 00:00:00+02:00,13.220000267028809,13.234999656677246,13.005000114440918,13.005000114440918,637008
2023-09-22 00:00:00+02:00,13.010000228881836,13.085000038146973,12.835000038146973,12.9399995803833,1050567
2023-09-25 00:00:00+02:00,12.975000381469727,13.125,12.729999542236328,12.729999542236328,653636
2023-09-26 00:00:00+02:00,12.819999694824219,12.845000267028809,12.319999694824219,12.395000457763672,1224283
2023-09-27 00:00:00+02:00,12.460000038146973,12.619999885559082,12.34000015258789,12.34000015258789,897009
2023-09-28 00:00:00+02:00,12.345000267028809,12.430000305175781,11.699999809265137,11.779999732971191,1517223
2023-09-29 00:00:00+02:00,11.90999984741211,12.204999923706055,11.899999618530273,12.085000038146973,1388965
2023-10-02 00:00:00+02:00,12.199999809265137,12.229999542236328,11.649999618530273,11.649999618530273,766896
2023-10-03 00:00:00+02:00,11.760000228881836,11.770000457763672,11.404999732971191,11.420000076293945,1176506
2023-10-04 00:00:00+02:00,11.420000076293945,12.0600004196167,11.359999656677246,11.84000015258789,1968716
2023-10-05 00:00:00+02:00,12.100000381469727,12.300000190734863,11.600000381469727,11.600000381469727,1261991
2023-10-06 00:00:00+02:00,11.604999542236328,11.800000190734863,11.364999771118164,11.430000305175781,999252
2023-10-09 00:00:00+02:00,11.380000114440918,11.609999656677246,11.170000076293945,11.505000114440918,1083524
2023-10-10 00:00:00+02:00,11.640000343322754,12.255000114440918,11.585000038146973,12.180000305175781,1267319
2023-10-11 00:00:00+02:00,12.3100004196167,12.505000114440918,12.0600004196167,12.4399995803833,1855635
2023-10-12 00:00:00+02:00,12.539999961853027,12.680000305175781,12.279999732971191,12.289999961853027,1321330
2023-10-13 00:00:00+02:00,12.3100004196167,12.78499984741211,12.210000038146973,12.630000114440918,991281
2023-10-16 00:00:00+02:00,13.079999923706055,13.079999923706055,12.295000076293945,12.390000343322754,1365540
2023-10-17 00:00:00+02:00,12.510000228881836,13.170000076293945,12.470000267028809,12.890000343322754,2011294
2023-10-18 00:00:00+02:00,12.829999923706055,13.095000267028809,12.619999885559082,12.845000267028809,1065762
2023-10-19 00:00:00+02:00,12.850000381469727,13.029999732971191,12.654999732971191,12.800000190734863,911668
2023-10-20 00:00:00+02:00,12.649999618530273,12.925000190734863,12.579999923706055,12.899999618530273,973380
2023-10-23 00:00:00+02:00,12.854999542236328,13.180000305175781,12.680000305175781,13.03499984741211,1147711
2023-10-24 00:00:00+02:00,13.125,13.194999694824219,12.970000267028809,13.0,1149740
2023-10-25 00:00:00+02:00,13.0,13.364999771118164,12.8100004196167,13.239999771118164,1418098
2023-10-26 00:00:00+02:00,13.074999809265137,13.279999732971191,13.0,13.1899995803833,1176761
2023-10-27 00:00:00+02:00,13.255000114440918,13.279999732971191,12.930000305175781,12.960000038146973,1030875
2023-10-30 00:00:00+01:00,12.9399995803833,13.140000343322754,12.850000381469727,12.979999542236328,736556
2023-10-31 00:00:00+01:00,13.015000343322754,13.279999732971191,12.890000343322754,13.114999771118164,987417
2023-11-02 00:00:00+01:00,13.329999923706055,13.524999618530273,13.1850004196167,13.414999961853027,1107866
2023-11-03 00:00:00+01:00,13.380000114440918,13.84000015258789,13.28499984741211,13.800000190734863,875463
2023-11-06 00:00:00+01:00,13.84000015258789,14.300000190734863,13.720000267028809,13.824999809265137,1687045
2023-11-07 00:00:00+01:00,13.850000381469727,13.930000305175781,13.510000228881836,13.680000305175781,642513
2023-11-08 00:00:00+01:00,13.800000190734863,13.859999656677246,13.404999732971191,13.515000343322754,587508
2023-11-09 00:00:00+01:00,13.279999732971191,13.399999618530273,12.255000114440918,12.270000457763672,2534591
2023-11-10 00:00:00+01:00,12.300000190734863,12.345000267028809,11.739999771118164,11.800000190734863,1817215
2023-11-13 00:00:00+01:00,11.854999542236328,11.895000457763672,11.430000305175781,11.4399995803833,1435585
2023-11-14 00:00:00+01:00,11.449999809265137,12.550000190734863,11.449999809265137,12.505000114440918,2047838
2023-11-15 00:00:00+01:00,12.6899995803833,13.1850004196167,12.515000343322754,12.800000190734863,2481176
2023-11-16 00:00:00+01:00,12.699999809265137,12.765000343322754,12.270000457763672,12.359999656677246,1534271
2023-11-17 00:00:00+01:00,12.3100004196167,12.579999923706055,12.265000343322754,12.364999771118164,778005
2023-11-20 00:00:00+01:00,12.380000114440918,13.050000190734863,12.375,13.039999961853027,1278402
2023-11-21 00:00:00+01:00,13.055000305175781,13.095000267028809,12.760000228881836,12.930000305175781,696359
2023-11-22 00:00:00+01:00,12.930000305175781,12.9399995803833,12.585000038146973,12.729999542236328,901081
2023-11-23 00:00:00+01:00,12.774999618530273,12.78499984741211,12.444999694824219,12.635000228881836,434413
2023-11-24 00:00:00+01:00,12.604999542236328,12.71500015258789,12.5,12.609999656677246,331452
2023-11-27 00:00:00+01:00,12.699999809265137,12.890000343322754,12.354999542236328,12.399999618530273,768495
2023-11-28 00:00:00+01:00,12.484999656677246,12.585000038146973,12.199999809265137,12.515000343322754,776968
2023-11-29 00:00:00+01:00,12.595000267028809,12.760000228881836,12.225000381469727,12.25,944702
2023-11-30 00:00:00+01:00,12.350000381469727,12.829999923706055,12.3149995803833,12.829999923706055,2489751
2023-12-01 00:00:00+01:00,12.829999923706055,13.029999732971191,12.649999618530273,12.899999618530273,806137
2023-12-04 00:00:00+01:00,12.899999618530273,13.385000228881836,12.899999618530273,13.375,945811
2023-12-05 00:00:00+01:00,13.399999618530273,13.5600004196167,13.050000190734863,13.28499984741211,996032
2023-12-06 00:00:00+01:00,13.300000190734863,13.4399995803833,13.100000381469727,13.354999542236328,795530
2023-12-07 00:00:00+01:00,13.350000381469727,13.4350004196167,13.050000190734863,13.270000457763672,599440
2023-12-08 00:00:00+01:00,13.289999961853027,13.40999984741211,13.140000343322754,13.140000343322754,546726
2023-12-11 00:00:00+01:00,13.175000190734863,13.460000038146973,13.175000190734863,13.289999961853027,625939
2023-12-12 00:00:00+01:00,13.380000114440918,13.399999618530273,12.979999542236328,13.055000305175781,695165
2023-12-13 00:00:00+01:00,13.109999656677246,13.149999618530273,12.600000381469727,12.600000381469727,1198419
2023-12-14 00:00:00+01:00,12.75,12.949999809265137,12.664999961853027,12.694999694824219,1208625
2023-12-15 00:00:00+01:00,12.710000038146973,13.135000228881836,12.614999771118164,12.824999809265137,2896194
2023-12-18 00:00:00+01:00,12.850000381469727,13.130000114440918,12.720000267028809,12.744999885559082,946759
2023-12-19 00:00:00+01:00,12.899999618530273,13.119999885559082,12.770000457763672,12.960000038146973,1165898
2023-12-20 00:00:00+01:00,12.960000038146973,13.289999961853027,12.880000114440918,12.949999809265137,974261
2023-12-21 00:00:00+01:00,12.949999809265137,12.975000381469727,12.670000076293945,12.670000076293945,1025092
2023-12-22 00:00:00+01:00,12.739999771118164,12.744999885559082,12.399999618530273,12.475000381469727,1350811
2023-12-27 00:00:00+01:00,12.475000381469727,12.854999542236328,12.475000381469727,12.710000038146973,1391746
2023-12-28 00:00:00+01:00,12.800000190734863,12.890000343322754,12.479999542236328,12.479999542236328,1227245
2023-12-29 00:00:00+01:00,12.479999542236328,12.5649995803833,12.329999923706055,12.329999923706055,1111037
2024-01-02 00:00:00+01:00,12.3100004196167,12.75,12.21500015258789,12.305000305175781,1611569
2024-01-03 00:00:00+01:00,12.380000114440918,12.475000381469727,12.015000343322754,12.140000343322754,1180359
2024-01-04 00:00:00+01:00,12.114999771118164,12.229999542236328,11.819999694824219,11.824999809265137,1923143
2024-01-05 00:00:00+01:00,11.680000305175781,11.979999542236328,11.600000381469727,11.920000076293945,1324271
2024-01-08 00:00:00+01:00,11.800000190734863,12.0,11.694999694824219,11.9350004196167,940412
2024-01-09 00:00:00+01:00,11.994999885559082,12.100000381469727,11.6850004196167,11.885000228881836,1413213
2024-01-10 00:00:00+01:00,11.885000228881836,12.010000228881836,11.6899995803833,11.800000190734863,1101252
2024-01-11 00:00:00+01:00,11.819999694824219,11.895000457763672,11.614999771118164,11.614999771118164,1076813
2024-01-12 00:00:00+01:00,11.680000305175781,11.779999732971191,11.520000457763672,11.609999656677246,1511853
2024-01-15 00:00:00+01:00,11.609999656677246,11.654999732971191,11.359999656677246,11.430000305175781,994339
2024-01-16 00:00:00+01:00,11.430000305175781,11.520000457763672,11.239999771118164,11.295000076293945,1097556
2024-01-17 00:00:00+01:00,11.229999542236328,11.295000076293945,10.869999885559082,10.925000190734863,1885112
2024-01-18 00:00:00+01:00,11.0,11.085000038146973,10.859999656677246,11.024999618530273,1330297
2024-01-19 00:00:00+01:00,11.079999923706055,11.234999656677246,10.949999809265137,10.970000267028809,954242
2024-01-22 00:00:00+01:00,11.055000305175781,11.180000305175781,10.925000190734863,11.074999809265137,840791
2024-01-23 00:00:00+01:00,11.079999923706055,11.154999732971191,10.904999732971191,11.03499984741211,1119465
2024-01-24 00:00:00+01:00,11.005000114440918,11.164999961853027,10.979999542236328,11.074999809265137,1532759
2024-01-25 00:00:00+01:00,11.095000267028809,11.095000267028809,10.859999656677246,10.90999984741211,1171593
2024-01-26 00:00:00+01:00,10.869999885559082,11.125,10.779999732971191,11.125,1033710
2024-01-29 00:00:00+01:00,11.149999618530273,11.154999732971191,10.854999542236328,10.9350004196167,598534
2024-01-30 00:00:00+01:00,10.9350004196167,10.989999771118164,10.694999694824219,10.694999694824219,1026982
2024-01-31 00:00:00+01:00,10.6899995803833,10.920000076293945,10.479999542236328,10.875,1581248
2024-02-01 00:00:00+01:00,10.850000381469727,11.010000228881836,10.744999885559082,10.744999885559082,1273589
2024-02-02 00:00:00+01:00,10.84000015258789,11.369999885559082,10.84000015258789,10.920000076293945,2049035
2024-02-05 00:00:00+01:00,11.020000457763672,11.350000381469727,11.005000114440918,11.130000114440918,1985503
2024-02-06 00:00:00+01:00,11.234999656677246,11.239999771118164,10.920000076293945,11.039999961853027,1092866
2024-02-07 00:00:00+01:00,11.039999961853027,11.199999809265137,10.869999885559082,10.880000114440918,1051342
2024-02-08 00:00:00+01:00,10.975000381469727,11.079999923706055,10.890000343322754,10.954999923706055,609191
2024-02-09 00:00:00+01:00,10.960000038146973,10.984999656677246,10.75,10.800000190734863,1183334
2024-02-12 00:00:00+01:00,10.854999542236328,11.65999984741211,10.850000381469727,11.630000114440918,2560036
2024-02-13 00:00:00+01:00,11.694999694824219,11.699999809265137,10.640000343322754,10.675000190734863,4126027
2024-02-14 00:00:00+01:00,10.699999809265137,10.970000267028809,10.5649995803833,10.970000267028809,2263192
2024-02-15 00:00:00+01:00,11.0,11.25,10.854999542236328,11.234999656677246,1982470
2024-02-16 00:00:00+01:00,11.279999732971191,11.390000343322754,11.15999984741211,11.175000190734863,1445007
2024-02-19 00:00:00+01:00,11.199999809265137,11.369999885559082,11.15999984741211,11.3149995803833,914933
2024-02-20 00:00:00+01:00,11.3100004196167,11.479999542236328,11.055000305175781,11.470000267028809,1567121
2024-02-21 00:00:00+01:00,11.460000038146973,11.619999885559082,11.319999694824219,11.319999694824219,1020382
2024-02-22 00:00:00+01:00,11.4399995803833,11.569999694824219,11.319999694824219,11.449999809265137,966057
2024-02-23 00:00:00+01:00,11.479999542236328,11.789999961853027,11.40999984741211,11.654999732971191,1678133
2024-02-26 00:00:00+01:00,11.654999732971191,11.670000076293945,11.425000190734863,11.449999809265137,1164733
2024-02-27 00:00:00+01:00,11.4399995803833,12.085000038146973,11.369999885559082,12.029999732971191,2490698
2024-02-28 00:00:00+01:00,12.199999809265137,12.625,12.0,12.199999809265137,3580087
2024-02-29 00:00:00+01:00,12.199999809265137,12.244999885559082,11.710000038146973,11.720000267028809,28737041
2024-03-01 00:00:00+01:00,11.944999694824219,12.079999923706055,11.260000228881836,11.329999923706055,2826946
2024-03-04 00:00:00+01:00,11.399999618530273,11.539999961853027,10.800000190734863,10.800000190734863,2440827
2024-03-05 00:00:00+01:00,10.835000038146973,10.930000305175781,10.59000015258789,10.609999656677246,2411588
2024-03-06 00:00:00+01:00,10.609999656677246,10.925000190734863,10.600000381469727,10.604999542236328,1267804
2024-03-07 00:00:00+01:00,10.600000381469727,10.899999618530273,10.390000343322754,10.699999809265137,1744711
2024-03-08 00:00:00+01:00,10.800000190734863,10.850000381469727,10.505000114440918,10.6850004196167,1480435
2024-03-11 00:00:00+01:00,10.71500015258789,10.9399995803833,10.6850004196167,10.8149995803833,769414
2024-03-12 00:00:00+01:00,10.869999885559082,11.039999961853027,10.770000457763672,10.875,1468328
2024-03-13 00:00:00+01:00,10.885000228881836,10.960000038146973,10.6850004196167,10.71500015258789,1014379
2024-03-14 00:00:00+01:00,10.779999732971191,10.819999694824219,10.619999885559082,10.675000190734863,1282351
2024-03-15 00:00:00+01:00,10.675000190734863,10.765000343322754,10.5,10.59000015258789,3372566
2024-03-18 00:00:00+01:00,10.6899995803833,10.704999923706055,10.399999618530273,10.529999732971191,1463111
2024-03-19 00:00:00+01:00,10.550000190734863,10.569999694824219,10.0649995803833,10.210000038146973,2101458
2024-03-20 00:00:00+01:00,10.210000038146973,10.300000190734863,10.005000114440918,10.175000190734863,1106819
2024-03-21 00:00:00+01:00,10.300000190734863,10.430000305175781,10.239999771118164,10.305000305175781,847611
2024-03-22 00:00:00+01:00,10.34000015258789,10.635000228881836,10.220000267028809,10.404999732971191,955672
2024-03-25 00:00:00+01:00,10.404999732971191,10.529999732971191,10.239999771118164,10.255000114440918,502841
2024-03-26 00:00:00+01:00,10.279999732971191,10.9399995803833,10.225000381469727,10.84000015258789,1837869
2024-03-27 00:00:00+01:00,10.84000015258789,10.875,10.545000076293945,10.614999771118164,748821
2024-03-28 00:00:00+01:00,10.699999809265137,10.885000228881836,10.649999618530273,10.739999771118164,884210
2024-04-02 00:00:00+02:00,10.795000076293945,10.970000267028809,10.640000343322754,10.654999732971191,744014
2024-04-03 00:00:00+02:00,10.680000305175781,10.744999885559082,10.524999618530273,10.600000381469727,626499
2024-04-04 00:00:00+02:00,10.625,10.819999694824219,10.550000190734863,10.710000038146973,750164
2024-04-05 00:00:00+02:00,10.630000114440918,10.654999732971191,10.479999542236328,10.539999961853027,805765
2024-04-08 00:00:00+02:00,10.835000038146973,10.835000038146973,10.555000305175781,10.800000190734863,911646
2024-04-09 00:00:00+02:00,10.800000190734863,10.885000228881836,10.569999694824219,10.569999694824219,785458
2024-04-10 00:00:00+02:00,10.694999694824219,10.75,10.34000015258789,10.350000381469727,1025294
2024-04-11 00:00:00+02:00,10.399999618530273,10.71500015258789,10.399999618530273,10.604999542236328,1307084
2024-04-12 00:00:00+02:00,10.649999618530273,10.704999923706055,10.180000305175781,10.180000305175781,1698406
2024-04-15 00:00:00+02:00,10.175000190734863,10.345000267028809,10.050000190734863,10.050000190734863,1845222
2024-04-16 00:00:00+02:00,10.020000457763672,10.039999961853027,9.711999893188477,9.760000228881836,2181875
2024-04-17 00:00:00+02:00,9.770000457763672,9.920000076293945,9.656000137329102,9.829999923706055,1133002
2024-04-18 00:00:00+02:00,9.9399995803833,10.21500015258789,9.779999732971191,10.109999656677246,1104511
2024-04-19 00:00:00+02:00,10.045000076293945,10.295000076293945,10.015000343322754,10.104999542236328,816254
2024-04-22 00:00:00+02:00,10.114999771118164,10.220000267028809,10.024999618530273,10.119999885559082,510776
2024-04-23 00:00:00+02:00,10.279999732971191,10.359999656677246,10.125,10.300000190734863,711069
2024-04-24 00:00:00+02:00,10.3100004196167,10.324999809265137,10.015000343322754,10.015000343322754,714196
2024-04-25 00:00:00+02:00,10.020000457763672,10.114999771118164,9.855999946594238,9.899999618530273,692762
2024-04-26 00:00:00+02:00,10.03499984741211,10.0600004196167,9.904000282287598,9.949999809265137,583376
2024-04-29 00:00:00+02:00,9.949999809265137,10.109999656677246,9.881999969482422,10.109999656677246,1044789
2024-04-30 00:00:00+02:00,10.079999923706055,10.125,9.920000076293945,10.055000305175781,849353
2024-05-02 00:00:00+02:00,10.055000305175781,10.220000267028809,9.977999687194824,9.977999687194824,910223
2024-05-06 00:00:00+02:00,10.0,10.420000076293945,9.996000289916992,10.420000076293945,1339139
2024-05-07 00:00:00+02:00,10.510000228881836,10.720000267028809,10.430000305175781,10.494999885559082,1368740
2024-05-08 00:00:00+02:00,10.489999771118164,10.725000381469727,10.354999542236328,10.720000267028809,1117289
2024-05-09 00:00:00+02:00,10.75,11.470000267028809,10.729999542236328,11.470000267028809,3441256
2024-05-10 00:00:00+02:00,11.5,12.0600004196167,11.484999656677246,11.850000381469727,4119815
2024-05-13 00:00:00+02:00,11.944999694824219,12.710000038146973,11.699999809265137,12.649999618530273,3472161
2024-05-14 00:00:00+02:00,12.734999656677246,13.199999809265137,12.579999923706055,13.100000381469727,4515609
2024-05-15 00:00:00+02:00,13.100000381469727,13.199999809265137,12.619999885559082,13.130000114440918,2479587
2024-05-16 00:00:00+02:00,13.0,13.149999618530273,12.664999961853027,13.020000457763672,925874
2024-05-17 00:00:00+02:00,13.020000457763672,13.239999771118164,12.90999984741211,13.0600004196167,844373
2024-05-20 00:00:00+02:00,13.100000381469727,13.154999732971191,12.164999961853027,13.024999618530273,2533950
2024-05-21 00:00:00+02:00,13.0,13.239999771118164,12.779999732971191,13.194999694824219,1252850
2024-05-22 00:00:00+02:00,13.1899995803833,13.1899995803833,12.90999984741211,13.050000190734863,909942
2024-05-23 00:00:00+02:00,13.199999809265137,14.140000343322754,13.149999618530273,13.65999984741211,4675122
2024-05-24 00:00:00+02:00,13.640000343322754,13.65999984741211,13.024999618530273,13.140000343322754,1562060
2024-05-27 00:00:00+02:00,13.194999694824219,13.680000305175781,13.1850004196167,13.5,974065
2024-05-28 00:00:00+02:00,13.600000381469727,13.6899995803833,12.880000114440918,12.925000190734863,1053518
2024-05-29 00:00:00+02:00,12.895000457763672,13.039999961853027,12.4350004196167,12.800000190734863,1536939
2024-05-31 00:00:00+02:00,12.895000457763672,12.970000267028809,12.444999694824219,12.494999885559082,2142715
2024-06-03 00:00:00+02:00,12.609999656677246,13.140000343322754,12.609999656677246,13.095000267028809,989829
2024-06-04 00:00:00+02:00,13.100000381469727,13.149999618530273,12.670000076293945,12.670000076293945,617847
2024-06-05 00:00:00+02:00,12.774999618530273,12.78499984741211,12.520000457763672,12.649999618530273,456117
2024-06-06 00:00:00+02:00,12.765000343322754,12.829999923706055,12.489999771118164,12.595000267028809,458234
2024-06-07 00:00:00+02:00,12.545000076293945,12.770000457763672,12.4399995803833,12.494999885559082,544297
2024-06-10 00:00:00+02:00,12.5,12.59000015258789,12.199999809265137,12.399999618530273,464690
2024-06-11 00:00:00+02:00,12.399999618530273,12.545000076293945,12.024999618530273,12.029999732971191,861188
2024-06-12 00:00:00+02:00,12.095000267028809,12.324999809265137,11.925000190734863,12.1899995803833,859278
2024-06-13 00:00:00+02:00,12.319999694824219,12.460000038146973,11.71500015258789,11.75,1182966
2024-06-14 00:00:00+02:00,11.84000015258789,12.119999885559082,11.680000305175781,11.890000343322754,1070557
2024-06-17 00:00:00+02:00,11.90999984741211,12.420000076293945,11.875,12.300000190734863,719196
2024-06-18 00:00:00+02:00,12.449999809265137,12.595000267028809,12.109999656677246,12.109999656677246,839342
2024-06-19 00:00:00+02:00,12.130000114440918,12.359999656677246,12.03499984741211,12.199999809265137,628721
2024-06-20 00:00:00+02:00,12.300000190734863,12.40999984741211,12.109999656677246,12.135000228881836,753269
2024-06-21 00:00:00+02:00,12.119999885559082,12.255000114440918,11.96500015258789,12.119999885559082,2042901
2024-06-24 00:00:00+02:00,12.229999542236328,12.420000076293945,12.194999694824219,12.359999656677246,842238
2024-06-25 00:00:00+02:00,12.350000381469727,12.380000114440918,12.130000114440918,12.180000305175781,597861
2024-06-26 00:00:00+02:00,12.199999809265137,12.375,12.149999618530273,12.149999618530273,458036
2024-06-27 00:00:00+02:00,12.194999694824219,12.345000267028809,12.074999809265137,12.149999618530273,610099
2024-06-28 00:00:00+02:00,12.154999732971191,12.260000228881836,12.0600004196167,12.119999885559082,527141
2024-07-01 00:00:00+02:00,12.260000228881836,12.454999923706055,12.199999809265137,12.350000381469727,544248
2024-07-02 00:00:00+02:00,12.390000343322754,12.390000343322754,12.0600004196167,12.0600004196167,518626
2024-07-03 00:00:00+02:00,12.199999809265137,12.380000114440918,12.069999694824219,12.369999885559082,468813
2024-07-04 00:00:00+02:00,12.380000114440918,12.4350004196167,12.244999885559082,12.364999771118164,353032
2024-07-05 00:00:00+02:00,12.329999923706055,12.645000457763672,12.329999923706055,12.40999984741211,569081
2024-07-08 00:00:00+02:00,12.53499984741211,12.550000190734863,12.279999732971191,12.40999984741211,431253
2024-07-09 00:00:00+02:00,12.489999771118164,12.520000457763672,12.329999923706055,12.4399995803833,326161
2024-07-10 00:00:00+02:00,12.4399995803833,12.520000457763672,12.194999694824219,12.28499984741211,435986
2024-07-11 00:00:00+02:00,12.329999923706055,12.395000457763672,12.15999984741211,12.234999656677246,437712
2024-07-12 00:00:00+02:00,12.234999656677246,12.430000305175781,12.135000228881836,12.149999618530273,720381
2024-07-15 00:00:00+02:00,12.170000076293945,12.199999809265137,12.0,12.170000076293945,539779
2024-07-16 00:00:00+02:00,12.15999984741211,12.1899995803833,11.350000381469727,11.369999885559082,2038583
2024-07-17 00:00:00+02:00,11.399999618530273,11.569999694824219,11.09000015258789,11.4399995803833,1335166
2024-07-18 00:00:00+02:00,11.520000457763672,11.880000114440918,11.404999732971191,11.760000228881836,1074842
2024-07-19 00:00:00+02:00,11.65999984741211,11.744999885559082,11.489999771118164,11.515000343322754,472366
2024-07-22 00:00:00+02:00,11.510000228881836,11.890000343322754,11.510000228881836,11.734999656677246,471354
2024-07-23 00:00:00+02:00,11.920000076293945,11.970000267028809,11.539999961853027,11.619999885559082,673415
2024-07-24 00:00:00+02:00,11.515000343322754,11.880000114440918,11.5,11.71500015258789,407316
2024-07-25 00:00:00+02:00,11.649999618530273,12.899999618530273,11.579999923706055,12.899999618530273,2574073
2024-07-26 00:00:00+02:00,12.9399995803833,13.149999618530273,12.630000114440918,12.90999984741211,990193
2024-07-29 00:00:00+02:00,12.920000076293945,13.0,12.524999618530273,12.699999809265137,553167
2024-07-30 00:00:00+02:00,12.824999809265137,13.5,12.720000267028809,12.885000228881836,2165714
2024-07-31 00:00:00+02:00,13.135000228881836,13.149999618530273,12.734999656677246,12.96500015258789,957041
2024-08-01 00:00:00+02:00,12.989999771118164,13.045000076293945,12.720000267028809,12.720000267028809,474830
2024-08-02 00:00:00+02:00,12.600000381469727,13.300000190734863,12.460000038146973,13.279999732971191,1720024
2024-08-05 00:00:00+02:00,12.725000381469727,12.845000267028809,12.039999961853027,12.720000267028809,2528609
2024-08-06 00:00:00+02:00,12.899999618530273,12.989999771118164,12.319999694824219,12.420000076293945,933078
2024-08-07 00:00:00+02:00,12.5,12.930000305175781,12.420000076293945,12.734999656677246,1211870
2024-08-08 00:00:00+02:00,12.734999656677246,12.9399995803833,12.555000305175781,12.854999542236328,637797
2024-08-09 00:00:00+02:00,12.979999542236328,13.149999618530273,12.604999542236328,12.699999809265137,671256
2024-08-12 00:00:00+02:00,12.729999542236328,12.975000381469727,12.670000076293945,12.899999618530273,561667
2024-08-13 00:00:00+02:00,12.920000076293945,12.9399995803833,12.699999809265137,12.899999618530273,570768
2024-08-14 00:00:00+02:00,12.899999618530273,13.09000015258789,12.729999542236328,12.729999542236328,590874
2024-08-16 00:00:00+02:00,12.819999694824219,12.975000381469727,12.670000076293945,12.789999961853027,826768
2024-08-19 00:00:00+02:00,12.899999618530273,13.21500015258789,12.859999656677246,13.09000015258789,1646630
2024-08-20 00:00:00+02:00,13.079999923706055,13.244999885559082,12.914999961853027,12.975000381469727,659354
2024-08-21 00:00:00+02:00,12.975000381469727,13.239999771118164,12.824999809265137,12.979999542236328,984289
2024-08-22 00:00:00+02:00,13.319999694824219,14.640000343322754,13.149999618530273,14.359999656677246,7036497
2024-08-23 00:00:00+02:00,14.399999618530273,14.5,14.135000228881836,14.460000038146973,1510855
2024-08-26 00:00:00+02:00,14.510000228881836,14.704999923706055,14.255000114440918,14.699999809265137,1179973
2024-08-27 00:00:00+02:00,14.800000190734863,14.819999694824219,14.335000038146973,14.649999618530273,1109826
2024-08-28 00:00:00+02:00,14.649999618530273,14.859999656677246,14.335000038146973,14.364999771118164,776724
2024-08-29 00:00:00+02:00,14.369999885559082,14.755000114440918,14.180000305175781,14.5600004196167,769439
2024-08-30 00:00:00+02:00,14.800000190734863,14.84000015258789,14.619999885559082,14.8100004196167,1026275
2024-09-02 00:00:00+02:00,14.850000381469727,15.100000381469727,14.699999809265137,14.895000457763672,1212194
2024-09-03 00:00:00+02:00,14.895000457763672,14.949999809265137,14.550000190734863,14.579999923706055,628707
2024-09-04 00:00:00+02:00,14.479999542236328,14.65999984741211,14.28499984741211,14.604999542236328,734225
2024-09-05 00:00:00+02:00,14.59000015258789,14.725000381469727,14.369999885559082,14.529999732971191,948448
2024-09-06 00:00:00+02:00,14.430000305175781,14.4350004196167,13.739999771118164,13.75,1382684
2024-09-09 00:00:00+02:00,13.75,14.0600004196167,13.5,13.895000457763672,921234
2024-09-10 00:00:00+02:00,13.899999618530273,14.050000190734863,13.579999923706055,13.600000381469727,658537
2024-09-11 00:00:00+02:00,13.520000457763672,13.670000076293945,13.430000305175781,13.600000381469727,535908
2024-09-12 00:00:00+02:00,13.770000457763672,13.845000267028809,13.680000305175781,13.78499984741211,461594
2024-09-13 00:00:00+02:00,13.885000228881836,13.930000305175781,13.71500015258789,13.765000343322754,382692
2024-09-16 00:00:00+02:00,13.699999809265137,13.850000381469727,13.550000190734863,13.774999618530273,468913
2024-09-17 00:00:00+02:00,13.774999618530273,14.095000267028809,13.640000343322754,13.970000267028809,453885
2024-09-18 00:00:00+02:00,14.0,14.020000457763672,13.720000267028809,13.779999732971191,365746
2024-09-19 00:00:00+02:00,13.96500015258789,14.0,13.619999885559082,13.619999885559082,713761
2024-09-20 00:00:00+02:00,13.619999885559082,13.6899995803833,13.319999694824219,13.350000381469727,2372429
2024-09-23 00:00:00+02:00,13.399999618530273,13.475000381469727,13.154999732971191,13.359999656677246,567781
2024-09-24 00:00:00+02:00,13.399999618530273,13.869999885559082,13.399999618530273,13.850000381469727,683083
2024-09-25 00:00:00+02:00,13.885000228881836,14.199999809265137,13.699999809265137,13.800000190734863,769135
2024-09-26 00:00:00+02:00,13.5,13.619999885559082,12.210000038146973,12.755000114440918,7309783
2024-09-27 00:00:00+02:00,12.989999771118164,13.180000305175781,12.800000190734863,13.039999961853027,1977293
2024-09-30 00:00:00+02:00,13.0,13.0,12.545000076293945,12.770000457763672,983489
2024-10-01 00:00:00+02:00,12.694999694824219,12.869999885559082,12.350000381469727,12.800000190734863,1114341
2024-10-02 00:00:00+02:00,12.819999694824219,12.920000076293945,12.579999923706055,12.649999618530273,833855
2024-10-03 00:00:00+02:00,12.649999618530273,12.78499984741211,12.479999542236328,12.510000228881836,677941
2024-10-04 00:00:00+02:00,12.529999732971191,12.6899995803833,12.5,12.524999618530273,667061
2024-10-07 00:00:00+02:00,12.529999732971191,12.630000114440918,11.96500015258789,12.069999694824219,1290382
2024-10-08 00:00:00+02:00,11.899999618530273,12.045000076293945,11.154999732971191,12.0,2403110
2024-10-09 00:00:00+02:00,12.0,12.289999961853027,11.835000038146973,12.270000457763672,827886
2024-10-10 00:00:00+02:00,12.270000457763672,12.319999694824219,11.90999984741211,11.90999984741211,732558
2024-10-11 00:00:00+02:00,11.944999694824219,12.095000267028809,11.880000114440918,11.979999542236328,423200
2024-10-14 00:00:00+02:00,11.979999542236328,12.015000343322754,11.699999809265137,11.755000114440918,571501
2024-10-15 00:00:00+02:00,11.854999542236328,11.994999885559082,11.770000457763672,11.954999923706055,709168
2024-10-16 00:00:00+02:00,11.90999984741211,12.414999961853027,11.8100004196167,12.414999961853027,1174381
2024-10-17 00:00:00+02:00,12.5,12.744999885559082,12.154999732971191,12.279999732971191,1152118
2024-10-18 00:00:00+02:00,12.300000190734863,12.5,12.170000076293945,12.1850004196167,447409
2024-10-21 00:00:00+02:00,12.239999771118164,12.414999961853027,12.109999656677246,12.274999618530273,339959
2024-10-22 00:00:00+02:00,12.300000190734863,12.789999961853027,12.300000190734863,12.734999656677246,1773256
2024-10-23 00:00:00+02:00,12.699999809265137,12.895000457763672,12.59000015258789,12.6899995803833,877899
2024-10-24 00:00:00+02:00,12.760000228881836,12.795000076293945,12.510000228881836,12.510000228881836,291534
2024-10-25 00:00:00+02:00,12.510000228881836,12.654999732971191,12.454999923706055,12.595000267028809,350421
2024-10-28 00:00:00+01:00,12.779999732971191,12.975000381469727,12.6899995803833,12.975000381469727,600096
2024-10-29 00:00:00+01:00,12.979999542236328,13.010000228881836,12.760000228881836,12.949999809265137,400318
2024-10-30 00:00:00+01:00,12.949999809265137,13.010000228881836,12.664999961853027,12.699999809265137,364384
2024-10-31 00:00:00+01:00,12.529999732971191,12.6850004196167,12.350000381469727,12.59000015258789,769750
2024-11-04 00:00:00+01:00,12.550000190734863,12.6899995803833,12.430000305175781,12.649999618530273,413960
2024-11-05 00:00:00+01:00,12.729999542236328,12.8149995803833,12.609999656677246,12.65999984741211,555297
2024-11-06 00:00:00+01:00,12.675000190734863,12.90999984741211,12.515000343322754,12.555000305175781,662994
2024-11-07 00:00:00+01:00,12.609999656677246,12.805000305175781,11.819999694824219,12.25,2539784
2024-11-08 00:00:00+01:00,12.350000381469727,12.4399995803833,12.114999771118164,12.225000381469727,951074
2024-11-12 00:00:00+01:00,12.225000381469727,12.239999771118164,11.854999542236328,11.890000343322754,1057564
2024-11-13 00:00:00+01:00,11.895000457763672,11.920000076293945,11.720000267028809,11.8149995803833,486134
2024-11-14 00:00:00+01:00,11.899999618530273,12.1899995803833,11.704999923706055,12.170000076293945,569410
2024-11-15 00:00:00+01:00,12.1850004196167,12.1850004196167,11.800000190734863,11.805000305175781,332602
2024-11-18 00:00:00+01:00,11.899999618530273,12.069999694824219,11.765000343322754,12.010000228881836,534781
2024-11-19 00:00:00+01:00,12.119999885559082,12.460000038146973,11.829999923706055,11.944999694824219,927129
2024-11-20 00:00:00+01:00,12.100000381469727,12.345000267028809,11.920000076293945,12.300000190734863,627615
2024-11-21 00:00:00+01:00,12.744999885559082,13.145000457763672,12.744999885559082,12.925000190734863,2353702
2024-11-22 00:00:00+01:00,12.9399995803833,13.699999809265137,12.78499984741211,13.699999809265137,2072851
2024-11-25 00:00:00+01:00,13.699999809265137,14.135000228881836,13.5649995803833,14.09000015258789,1722532
2024-11-26 00:00:00+01:00,14.09000015258789,14.574999809265137,13.96500015258789,14.5600004196167,1679690
2024-11-27 00:00:00+01:00,14.600000381469727,14.71500015258789,14.154999732971191,14.595000267028809,2123329
2024-11-28 00:00:00+01:00,14.399999618530273,14.645000457763672,14.199999809265137,14.4399995803833,643595
2024-11-29 00:00:00+01:00,14.4399995803833,14.479999542236328,14.225000381469727,14.350000381469727,589766
2024-12-02 00:00:00+01:00,14.4399995803833,14.479999542236328,14.244999885559082,14.479999542236328,785184
2024-12-03 00:00:00+01:00,14.5600004196167,14.899999618530273,14.359999656677246,14.779999732971191,1246741
2024-12-04 00:00:00+01:00,14.75,14.8100004196167,14.5,14.630000114440918,839025
2024-12-05 00:00:00+01:00,14.670000076293945,14.819999694824219,14.385000228881836,14.774999618530273,802783
2024-12-06 00:00:00+01:00,14.5600004196167,14.770000457763672,14.460000038146973,14.744999885559082,513656
2024-12-09 00:00:00+01:00,14.744999885559082,15.149999618530273,14.604999542236328,15.09000015258789,1497081
2024-12-10 00:00:00+01:00,14.829999923706055,14.949999809265137,13.795000076293945,14.699999809265137,1961635
2024-12-11 00:00:00+01:00,14.694999694824219,14.944999694824219,14.5600004196167,14.84000015258789,575122
2024-12-12 00:00:00+01:00,14.800000190734863,14.9399995803833,14.614999771118164,14.899999618530273,644102
2024-12-13 00:00:00+01:00,14.914999961853027,15.210000038146973,14.835000038146973,15.119999885559082,1364512
2024-12-16 00:00:00+01:00,15.140000343322754,15.460000038146973,15.074999809265137,15.385000228881836,1445602
2024-12-17 00:00:00+01:00,15.279999732971191,15.359999656677246,14.75,14.90999984741211,1455171
2024-12-18 00:00:00+01:00,14.850000381469727,15.005000114440918,14.600000381469727,14.654999732971191,471525
2024-12-19 00:00:00+01:00,14.399999618530273,14.640000343322754,14.109999656677246,14.550000190734863,1037500
2024-12-20 00:00:00+01:00,14.505000114440918,14.5649995803833,14.194999694824219,14.4350004196167,1428439
2024-12-23 00:00:00+01:00,14.454999923706055,14.670000076293945,14.229999542236328,14.350000381469727,636714
2024-12-27 00:00:00+01:00,14.300000190734863,14.300000190734863,13.949999809265137,14.119999885559082,446884
2024-12-30 00:00:00+01:00,14.109999656677246,14.260000228881836,13.869999885559082,14.140000343322754,410445
2025-01-02 00:00:00+01:00,14.069999694824219,14.5,14.069999694824219,14.15999984741211,431430
2025-01-03 00:00:00+01:00,14.204999923706055,14.34000015258789,14.079999923706055,14.130000114440918,582534
2025-01-07 00:00:00+01:00,14.234999656677246,14.319999694824219,14.0600004196167,14.119999885559082,605137
2025-01-08 00:00:00+01:00,14.21500015258789,14.21500015258789,13.824999809265137,13.970000267028809,681177
2025-01-09 00:00:00+01:00,13.899999618530273,14.095000267028809,13.829999923706055,14.085000038146973,471115
2025-01-10 00:00:00+01:00,14.085000038146973,14.154999732971191,13.845000267028809,14.0,387721
2025-01-13 00:00:00+01:00,13.880000114440918,13.979999542236328,13.59000015258789,13.625,601900
2025-01-14 00:00:00+01:00,13.600000381469727,14.0,13.600000381469727,13.869999885559082,588227
2025-01-15 00:00:00+01:00,13.819999694824219,14.085000038146973,13.734999656677246,14.0,368036
2025-01-16 00:00:00+01:00,14.0,14.175000190734863,13.75,14.145000457763672,1303325
2025-01-17 00:00:00+01:00,14.199999809265137,14.699999809265137,14.199999809265137,14.574999809265137,843316
2025-01-20 00:00:00+01:00,14.600000381469727,14.779999732971191,14.5,14.625,708765
2025-01-21 00:00:00+01:00,14.649999618530273,14.699999809265137,14.5,14.630000114440918,453483
2025-01-22 00:00:00+01:00,14.630000114440918,15.024999618530273,14.625,14.920000076293945,584624
2025-01-23 00:00:00+01:00,14.920000076293945,14.930000305175781,14.505000114440918,14.635000228881836,793820
2025-01-24 00:00:00+01:00,14.699999809265137,14.90999984741211,14.649999618530273,14.75,429614
2025-01-27 00:00:00+01:00,14.550000190734863,14.619999885559082,14.350000381469727,14.545000076293945,449959
2025-01-28 00:00:00+01:00,14.675000190734863,14.845000267028809,14.550000190734863,14.805000305175781,410211
2025-01-29 00:00:00+01:00,14.800000190734863,14.890000343322754,14.680000305175781,14.885000228881836,286989
2025-01-30 00:00:00+01:00,14.899999618530273,15.449999809265137,14.899999618530273,15.380000114440918,764613
2025-01-31 00:00:00+01:00,15.375,15.454999923706055,15.180000305175781,15.454999923706055,881203
2025-02-03 00:00:00+01:00,14.800000190734863,15.350000381469727,14.75,15.229999542236328,440515
2025-02-04 00:00:00+01:00,15.25,15.5,15.119999885559082,15.279999732971191,466325
2025-02-05 00:00:00+01:00,15.149999618530273,15.3100004196167,14.59000015258789,14.699999809265137,668615
2025-02-06 00:00:00+01:00,14.699999809265137,14.949999809265137,14.579999923706055,14.850000381469727,478771
2025-02-07 00:00:00+01:00,14.800000190734863,15.0600004196167,14.704999923706055,14.925000190734863,356159
2025-02-10 00:00:00+01:00,14.960000038146973,15.364999771118164,14.869999885559082,15.145000457763672,555068
2025-02-11 00:00:00+01:00,15.149999618530273,15.399999618530273,15.0,15.350000381469727,588381
2025-02-12 00:00:00+01:00,15.395000457763672,15.489999771118164,15.149999618530273,15.234999656677246,564738
2025-02-13 00:00:00+01:00,15.34000015258789,15.454999923706055,15.0649995803833,15.28499984741211,636090
2025-02-14 00:00:00+01:00,15.279999732971191,15.289999961853027,14.925000190734863,15.0,765027
2025-02-17 00:00:00+01:00,14.984999656677246,15.199999809265137,14.914999961853027,15.0,508681
2025-02-18 00:00:00+01:00,15.0,15.085000038146973,14.739999771118164,15.0,1021646
2025-02-19 00:00:00+01:00,14.824999809265137,15.0600004196167,14.4399995803833,14.449999809265137,1085943
2025-02-20 00:00:00+01:00,14.414999961853027,14.4350004196167,13.899999618530273,13.899999618530273,1251503
2025-02-21 00:00:00+01:00,13.899999618530273,14.295000076293945,13.880000114440918,14.279999732971191,940321
2025-02-24 00:00:00+01:00,14.279999732971191,14.300000190734863,13.875,13.920000076293945,551460
2025-02-25 00:00:00+01:00,13.850000381469727,13.989999771118164,13.654999732971191,13.800000190734863,1601021
2025-02-26 00:00:00+01:00,13.805000305175781,14.225000381469727,13.774999618530273,14.225000381469727,823743
2025-02-27 00:00:00+01:00,14.220000267028809,14.260000228881836,13.970000267028809,14.045000076293945,842737
2025-02-28 00:00:00+01:00,13.989999771118164,14.085000038146973,13.819999694824219,13.930000305175781,898961
2025-03-03 00:00:00+01:00,13.899999618530273,14.204999923706055,13.795000076293945,14.199999809265137,811129
2025-03-04 00:00:00+01:00,14.149999618530273,14.15999984741211,13.800000190734863,13.800000190734863,893245
2025-03-05 00:00:00+01:00,14.0,14.180000305175781,13.890000343322754,14.069999694824219,742520
2025-03-06 00:00:00+01:00,14.074999809265137,14.539999961853027,14.074999809265137,14.510000228881836,982834
2025-03-07 00:00:00+01:00,14.364999771118164,14.625,14.21500015258789,14.53499984741211,740083
2025-03-10 00:00:00+01:00,14.5,14.550000190734863,14.0649995803833,14.494999885559082,675326
2025-03-11 00:00:00+01:00,14.354999542236328,14.84000015258789,14.354999542236328,14.600000381469727,930025
2025-03-12 00:00:00+01:00,14.600000381469727,14.774999618530273,14.550000190734863,14.739999771118164,672731
2025-03-13 00:00:00+01:00,14.699999809265137,14.895000457763672,14.5600004196167,14.895000457763672,872733
2025-03-14 00:00:00+01:00,14.899999618530273,15.045000076293945,14.725000381469727,14.970000267028809,1162029
2025-03-17 00:00:00+01:00,15.010000228881836,15.260000228881836,14.9399995803833,15.170000076293945,1024742
2025-03-18 00:00:00+01:00,15.175000190734863,15.319999694824219,15.100000381469727,15.274999618530273,905079
2025-03-19 00:00:00+01:00,15.300000190734863,15.300000190734863,15.010000228881836,15.1899995803833,746990
2025-03-20 00:00:00+01:00,15.180000305175781,15.204999923706055,14.84000015258789,15.069999694824219,657404
2025-03-21 00:00:00+01:00,15.100000381469727,16.084999084472656,15.055000305175781,15.645000457763672,7421334
2025-03-24 00:00:00+01:00,15.649999618530273,16.299999237060547,15.649999618530273,15.890000343322754,1282702
2025-03-25 00:00:00+01:00,15.994999885559082,16.049999237060547,15.699999809265137,15.829999923706055,704830
2025-03-26 00:00:00+01:00,15.930000305175781,15.930000305175781,15.505000114440918,15.885000228881836,561139
2025-03-27 00:00:00+01:00,15.859999656677246,15.890000343322754,15.600000381469727,15.795000076293945,742041
2025-03-28 00:00:00+01:00,15.800000190734863,15.930000305175781,15.600000381469727,15.664999961853027,608900
2025-03-31 00:00:00+02:00,15.550000190734863,15.595000267028809,15.039999961853027,15.104999542236328,470770
2025-04-01 00:00:00+02:00,15.149999618530273,15.595000267028809,15.119999885559082,15.529999732971191,602740
2025-04-02 00:00:00+02:00,15.5600004196167,15.640000343322754,15.335000038146973,15.40999984741211,376855
2025-04-03 00:00:00+02:00,15.229999542236328,15.819999694824219,15.175000190734863,15.755000114440918,1013393
2025-04-04 00:00:00+02:00,15.75,16.850000381469727,15.75,16.350000381469727,2742372
2025-04-07 00:00:00+02:00,15.899999618530273,16.200000762939453,15.104999542236328,15.789999961853027,1957387
2025-04-08 00:00:00+02:00,15.96500015258789,16.395000457763672,15.6850004196167,16.395000457763672,916932
2025-04-09 00:00:00+02:00,16.010000228881836,16.299999237060547,15.399999618530273,15.75,1390312
2025-04-10 00:00:00+02:00,16.5,16.635000228881836,14.885000228881836,15.869999885559082,2313663
2025-04-11 00:00:00+02:00,16.0,16.3799991607666,15.585000038146973,16.094999313354492,787702
2025-04-14 00:00:00+02:00,16.100000381469727,16.485000610351562,16.100000381469727,16.399999618530273,417120
2025-04-15 00:00:00+02:00,16.475000381469727,16.7450008392334,16.200000762939453,16.684999465942383,480727
2025-04-16 00:00:00+02:00,16.415000915527344,17.559999465942383,16.40999984741211,17.5,1211186
2025-04-17 00:00:00+02:00,17.600000381469727,17.6200008392334,17.344999313354492,17.510000228881836,586320
2025-04-22 00:00:00+02:00,17.565000534057617,18.06999969482422,17.5,18.049999237060547,792035
2025-04-23 00:00:00+02:00,18.059999465942383,18.200000762939453,17.764999389648438,17.989999771118164,940621
2025-04-24 00:00:00+02:00,17.899999618530273,18.09000015258789,17.579999923706055,18.09000015258789,773452
2025-04-25 00:00:00+02:00,18.100000381469727,18.260000228881836,18.0049991607666,18.239999771118164,440532
2025-04-28 00:00:00+02:00,18.239999771118164,18.334999084472656,18.125,18.299999237060547,448365
2025-04-29 00:00:00+02:00,18.299999237060547,18.56999969482422,17.950000762939453,18.485000610351562,1067589
2025-04-30 00:00:00+02:00,18.5,18.575000762939453,18.135000228881836,18.489999771118164,745068
2025-05-02 00:00:00+02:00,18.5,18.75,18.395000457763672,18.635000228881836,769516
2025-05-05 00:00:00+02:00,18.399999618530273,18.690000534057617,18.325000762939453,18.690000534057617,453982
2025-05-06 00:00:00+02:00,18.5,18.7450008392334,18.28499984741211,18.700000762939453,696444
2025-05-07 00:00:00+02:00,18.700000762939453,18.9950008392334,18.639999389648438,18.9950008392334,821883
2025-05-08 00:00:00+02:00,18.9950008392334,18.9950008392334,18.549999237060547,18.704999923706055,949995
2025-05-09 00:00:00+02:00,18.68000030517578,18.860000610351562,18.280000686645508,18.56999969482422,826522
2025-05-12 00:00:00+02:00,18.56999969482422,18.760000228881836,18.475000381469727,18.520000457763672,445194
2025-05-13 00:00:00+02:00,18.5,18.739999771118164,18.075000762939453,18.28499984741211,658615
2025-05-14 00:00:00+02:00,18.280000686645508,18.280000686645508,17.795000076293945,17.844999313354492,552299
2025-05-15 00:00:00+02:00,17.774999618530273,18.200000762939453,17.68000030517578,17.979999542236328,799958
2025-05-16 00:00:00+02:00,17.920000076293945,18.145000457763672,17.540000915527344,17.780000686645508,816147
2025-05-19 00:00:00+02:00,17.799999237060547,17.834999084472656,16.790000915527344,17.15999984741211,1119140
2025-05-20 00:00:00+02:00,17.200000762939453,17.364999771118164,16.950000762939453,17.020000457763672,530077
2025-05-21 00:00:00+02:00,17.045000076293945,17.094999313354492,16.8700008392334,17.0049991607666,463729
2025-05-22 00:00:00+02:00,16.420000076293945,17.100000381469727,16.350000381469727,16.610000610351562,992935
2025-05-23 00:00:00+02:00,16.610000610351562,17.045000076293945,16.5049991607666,16.600000381469727,896759
2025-05-26 00:00:00+02:00,16.704999923706055,16.860000610351562,16.510000228881836,16.700000762939453,215915
2025-05-27 00:00:00+02:00,16.78499984741211,16.90999984741211,16.59000015258789,16.639999389648438,251655
2025-05-28 00:00:00+02:00,16.799999237060547,16.850000381469727,16.399999618530273,16.5,730872
2025-05-29 00:00:00+02:00,16.5,16.594999313354492,16.075000762939453,16.139999389648438,854783
2025-05-30 00:00:00+02:00,16.049999237060547,16.760000228881836,15.779999732971191,16.700000762939453,1221244
2025-06-02 00:00:00+02:00,16.395000457763672,16.979999542236328,16.264999389648438,16.645000457763672,1022046
2025-06-03 00:00:00+02:00,16.700000762939453,16.764999389648438,16.40999984741211,16.514999389648438,365654
2025-06-04 00:00:00+02:00,16.600000381469727,16.924999237060547,16.514999389648438,16.655000686645508,467789
2025-06-05 00:00:00+02:00,16.78499984741211,16.81999969482422,16.3799991607666,16.420000076293945,403367
2025-06-06 00:00:00+02:00,16.440000534057617,16.614999771118164,16.2549991607666,16.559999465942383,432818
2025-06-09 00:00:00+02:00,16.579999923706055,16.739999771118164,16.25,16.479999542236328,241939
2025-06-10 00:00:00+02:00,16.469999313354492,16.665000915527344,16.43000030517578,16.55500030517578,320463
2025-06-11 00:00:00+02:00,16.690000534057617,16.690000534057617,16.350000381469727,16.43000030517578,370716
2025-06-12 00:00:00+02:00,16.459999084472656,16.459999084472656,16.110000610351562,16.239999771118164,350391
2025-06-13 00:00:00+02:00,16.100000381469727,16.280000686645508,15.979999542236328,16.1200008392334,491979
2025-06-16 00:00:00+02:00,16.15999984741211,16.25,15.8100004196167,16.100000381469727,320108
2025-06-17 00:00:00+02:00,16.100000381469727,16.110000610351562,15.899999618530273,16.06999969482422,396599
2025-06-18 00:00:00+02:00,16.149999618530273,16.149999618530273,15.8100004196167,15.925000190734863,387158
2025-06-20 00:00:00+02:00,15.869999885559082,16.09000015258789,15.869999885559082,15.9399995803833,913889
2025-06-23 00:00:00+02:00,15.949999809265137,16.385000228881836,15.875,15.989999771118164,370799
2025-06-24 00:00:00+02:00,16.395000457763672,16.395000457763672,16.024999618530273,16.18000030517578,414211
2025-06-25 00:00:00+02:00,16.200000762939453,16.635000228881836,16.200000762939453,16.549999237060547,452226
2025-06-26 00:00:00+02:00,16.600000381469727,17.25,16.549999237060547,17.170000076293945,626088
2025-06-27 00:00:00+02:00,17.299999237060547,17.690000534057617,17.170000076293945,17.690000534057617,666432
2025-06-30 00:00:00+02:00,17.709999084472656,18.0,17.235000610351562,17.635000228881836,837251
2025-07-01 00:00:00+02:00,17.5,17.875,17.40999984741211,17.635000228881836,817169
2025-07-02 00:00:00+02:00,17.6299991607666,17.790000915527344,17.450000762939453,17.700000762939453,401965
2025-07-03 00:00:00+02:00,17.700000762939453,17.940000534057617,17.579999923706055,17.610000610351562,515540
2025-07-04 00:00:00+02:00,17.520000457763672,17.600000381469727,17.094999313354492,17.200000762939453,345038
2025-07-07 00:00:00+02:00,17.25,17.25,16.81999969482422,17.149999618530273,403130
2025-07-08 00:00:00+02:00,17.174999237060547,17.190000534057617,16.65999984741211,16.709999084472656,624752
2025-07-09 00:00:00+02:00,16.75,16.94499969482422,16.690000534057617,16.795000076293945,434014
2025-07-10 00:00:00+02:00,16.719999313354492,16.860000610351562,16.434999465942383,16.510000228881836,248432
2025-07-11 00:00:00+02:00,16.440000534057617,16.69499969482422,16.434999465942383,16.649999618530273,273984
2025-07-14 00:00:00+02:00,16.649999618530273,16.7549991607666,16.434999465942383,16.68000030517578,240530
2025-07-15 00:00:00+02:00,16.729999542236328,16.829999923706055,16.469999313354492,16.670000076293945,344187
2025-07-16 00:00:00+02:00,16.670000076293945,16.700000762939453,16.40999984741211,16.43000030517578,335656
2025-07-17 00:00:00+02:00,16.405000686645508,16.665000915527344,16.184999465942383,16.600000381469727,489421
2025-07-18 00:00:00+02:00,16.6200008392334,16.84000015258789,16.540000915527344,16.799999237060547,746773
2025-07-21 00:00:00+02:00,16.799999237060547,16.93000030517578,16.610000610351562,16.6299991607666,304999
2025-07-22 00:00:00+02:00,16.700000762939453,16.700000762939453,16.114999771118164,16.165000915527344,1220171
2025-07-23 00:00:00+02:00,16.09000015258789,16.40999984741211,15.380000114440918,15.949999809265137,1067979
2025-07-24 00:00:00+02:00,16.030000686645508,16.1200008392334,15.805000305175781,15.859999656677246,397019
2025-07-25 00:00:00+02:00,15.859999656677246,15.875,15.515000343322754,15.600000381469727,655680
2025-07-28 00:00:00+02:00,15.600000381469727,15.635000228881836,15.104999542236328,15.104999542236328,1200895
2025-07-29 00:00:00+02:00,15.100000381469727,15.460000038146973,14.9399995803833,15.300000190734863,908542
2025-07-30 00:00:00+02:00,15.28499984741211,15.300000190734863,15.0,15.125,953030
2025-07-31 00:00:00+02:00,15.135000228881836,15.1899995803833,15.0,15.095000267028809,789416
2025-08-01 00:00:00+02:00,15.0,15.050000190734863,14.649999618530273,14.670000076293945,713920
2025-08-04 00:00:00+02:00,14.670000076293945,14.899999618530273,14.414999961853027,14.869999885559082,711892
2025-08-05 00:00:00+02:00,14.925000190734863,14.930000305175781,14.524999618530273,14.710000038146973,769025
2025-08-06 00:00:00+02:00,14.699999809265137,14.75,14.524999618530273,14.654999732971191,673244
2025-08-07 00:00:00+02:00,14.710000038146973,15.015000343322754,14.479999542236328,14.710000038146973,1234297
2025-08-08 00:00:00+02:00,14.704999923706055,14.725000381469727,14.600000381469727,14.65999984741211,762929
2025-08-11 00:00:00+02:00,14.664999961853027,14.734999656677246,14.460000038146973,14.515000343322754,873127
2025-08-12 00:00:00+02:00,14.520000457763672,14.630000114440918,14.505000114440918,14.630000114440918,575674
2025-08-13 00:00:00+02:00,14.65999984741211,14.805000305175781,14.524999618530273,14.704999923706055,718665
2025-08-14 00:00:00+02:00,14.725000381469727,14.734999656677246,14.550000190734863,14.579999923706055,539960
2025-08-18 00:00:00+02:00,14.609999656677246,14.8149995803833,14.479999542236328,14.789999961853027,581594
2025-08-19 00:00:00+02:00,14.859999656677246,15.25,14.789999961853027,15.074999809265137,1130939
2025-08-20 00:00:00+02:00,15.1899995803833,15.1899995803833,14.805000305175781,15.0,497992
2025-08-21 00:00:00+02:00,14.989999771118164,15.399999618530273,14.640000343322754,15.300000190734863,844158
2025-08-22 00:00:00+02:00,15.21500015258789,15.364999771118164,14.9350004196167,14.984999656677246,554740
2025-08-25 00:00:00+02:00,14.925000190734863,14.970000267028809,14.779999732971191,14.829999923706055,460948
2025-08-26 00:00:00+02:00,14.890000343322754,15.015000343322754,14.8100004196167,14.8100004196167,639054
2025-08-27 00:00:00+02:00,14.819999694824219,14.994999885559082,14.600000381469727,14.670000076293945,461184
2025-08-28 00:00:00+02:00,14.6850004196167,14.760000228881836,14.454999923706055,14.454999923706055,444088
2025-08-29 00:00:00+02:00,14.5,14.5,14.225000381469727,14.300000190734863,1113401
2025-09-01 00:00:00+02:00,14.289999961853027,14.520000457763672,14.154999732971191,14.175000190734863,359268
2025-09-02 00:00:00+02:00,14.175000190734863,14.300000190734863,13.925000190734863,14.199999809265137,502071
2025-09-03 00:00:00+02:00,14.140000343322754,14.364999771118164,14.119999885559082,14.15999984741211,399800
2025-09-04 00:00:00+02:00,14.125,14.255000114440918,14.104999542236328,14.194999694824219,341702
2025-09-05 00:00:00+02:00,14.194999694824219,14.319999694824219,14.114999771118164,14.1850004196167,376423
2025-09-08 00:00:00+02:00,14.25,14.274999618530273,14.109999656677246,14.220000267028809,359979
2025-09-09 00:00:00+02:00,14.220000267028809,14.244999885559082,13.920000076293945,13.984999656677246,740568
2025-09-10 00:00:00+02:00,13.944999694824219,13.96500015258789,13.654999732971191,13.795000076293945,822255
2025-09-11 00:00:00+02:00,13.800000190734863,14.09000015258789,13.720000267028809,14.0,729827
2025-09-12 00:00:00+02:00,14.020000457763672,14.210000038146973,14.0,14.0,610140
2025-09-15 00:00:00+02:00,14.0,14.25,14.0,14.0,307422
2025-09-16 00:00:00+02:00,14.210000038146973,14.279999732971191,13.5600004196167,13.600000381469727,1022128
2025-09-17 00:00:00+02:00,13.699999809265137,13.850000381469727,13.420000076293945,13.850000381469727,1116995
2025-09-18 00:00:00+02:00,13.850000381469727,14.029999732971191,13.585000038146973,13.604999542236328,744738
2025-09-19 00:00:00+02:00,13.604999542236328,13.699999809265137,13.494999885559082,13.600000381469727,921958
2025-09-22 00:00:00+02:00,13.600000381469727,13.630000114440918,13.359999656677246,13.460000038146973,534087
2025-09-23 00:00:00+02:00,13.399999618530273,13.699999809265137,13.399999618530273,13.600000381469727,585555
2025-09-24 00:00:00+02:00,13.600000381469727,13.664999961853027,13.430000305175781,13.53499984741211,566282
2025-09-25 00:00:00+02:00,13.600000381469727,13.680000305175781,13.460000038146973,13.619999885559082,545680
2025-09-26 00:00:00+02:00,13.694999694824219,13.78499984741211,13.5,13.770000457763672,572423
2025-09-29 00:00:00+02:00,13.795000076293945,13.885000228881836,13.555000305175781,13.725000381469727,482772
2025-09-30 00:00:00+02:00,13.729999542236328,13.979999542236328,13.670000076293945,13.920000076293945,461025
2025-10-01 00:00:00+02:00,14.0,14.100000381469727,13.755000114440918,14.0,657695
2025-10-02 00:00:00+02:00,14.140000343322754,15.180000305175781,14.100000381469727,15.180000305175781,1978565
2025-10-03 00:00:00+02:00,15.180000305175781,15.300000190734863,14.859999656677246,14.920000076293945,668965
2025-10-06 00:00:00+02:00,14.970000267028809,15.234999656677246,14.75,14.78499984741211,583706
2025-10-07 00:00:00+02:00,14.9399995803833,14.949999809265137,14.5600004196167,14.725000381469727,985525
2025-10-08 00:00:00+02:00,14.729999542236328,14.930000305175781,14.729999542236328,14.819999694824219,489703
2025-10-09 00:00:00+02:00,14.899999618530273,15.050000190734863,14.640000343322754,14.760000228881836,684434
2025-10-10 00:00:00+02:00,14.8149995803833,14.84000015258789,14.600000381469727,14.630000114440918,465953
2025-10-13 00:00:00+02:00,14.59000015258789,14.604999542236328,14.244999885559082,14.454999923706055,526169
2025-10-14 00:00:00+02:00,14.4399995803833,14.4399995803833,13.75,13.899999618530273,971949
2025-10-15 00:00:00+02:00,13.970000267028809,14.319999694824219,13.84000015258789,14.319999694824219,470056
2025-10-16 00:00:00+02:00,14.319999694824219,14.399999618530273,14.104999542236328,14.1850004196167,533803
2025-10-17 00:00:00+02:00,14.170000076293945,14.239999771118164,14.03499984741211,14.149999618530273,359309
2025-10-20 00:00:00+02:00,14.300000190734863,14.4350004196167,14.154999732971191,14.300000190734863,348975
2025-10-21 00:00:00+02:00,14.399999618530273,14.399999618530273,14.029999732971191,14.074999809265137,546010
2025-10-22 00:00:00+02:00,14.149999618530273,14.1899995803833,13.960000038146973,14.149999618530273,405756
2025-10-23 00:00:00+02:00,14.199999809265137,14.199999809265137,13.864999771118164,13.890000343322754,530066
2025-10-24 00:00:00+02:00,13.899999618530273,13.975000381469727,13.600000381469727,13.630000114440918,1045477
2025-10-27 00:00:00+01:00,13.710000038146973,13.795000076293945,13.600000381469727,13.6899995803833,426825
2025-10-28 00:00:00+01:00,13.699999809265137,13.78499984741211,13.569999694824219,13.699999809265137,684488
2025-10-29 00:00:00+01:00,13.699999809265137,13.800000190734863,13.604999542236328,13.71500015258789,383168
2025-10-30 00:00:00+01:00,13.8100004196167,13.8100004196167,13.024999618530273,13.1899995803833,2558639
2025-10-31 00:00:00+01:00,13.385000228881836,13.470000267028809,13.149999618530273,13.260000228881836,808069
2025-11-03 00:00:00+01:00,13.3100004196167,13.390000343322754,13.069999694824219,13.069999694824219,620455
2025-11-04 00:00:00+01:00,13.100000381469727,13.100000381469727,12.755000114440918,12.8100004196167,1083624
2025-11-05 00:00:00+01:00,12.6899995803833,12.890000343322754,12.625,12.829999923706055,465456
2025-11-06 00:00:00+01:00,12.890000343322754,13.024999618530273,12.805000305175781,12.824999809265137,618479
2025-11-07 00:00:00+01:00,12.829999923706055,12.925000190734863,12.6899995803833,12.75,564812
2025-11-10 00:00:00+01:00,12.899999618530273,12.979999542236328,12.800000190734863,12.859999656677246,467336
2025-11-12 00:00:00+01:00,12.930000305175781,13.050000190734863,12.8100004196167,12.885000228881836,460829
2025-11-13 00:00:00+01:00,12.9399995803833,12.949999809265137,12.75,12.805000305175781,460131
2025-11-14 00:00:00+01:00,12.800000190734863,12.829999923706055,12.555000305175781,12.694999694824219,504238
2025-11-17 00:00:00+01:00,12.729999542236328,12.739999771118164,12.454999923706055,12.5,481773
2025-11-18 00:00:00+01:00,12.475000381469727,12.484999656677246,12.335000038146973,12.354999542236328,522333
2025-11-19 00:00:00+01:00,12.404999732971191,12.59000015258789,12.300000190734863,12.555000305175781,516810
2025-11-20 00:00:00+01:00,12.300000190734863,12.380000114440918,11.664999961853027,11.664999961853027,3216540
2025-11-21 00:00:00+01:00,11.649999618530273,11.760000228881836,11.460000038146973,11.65999984741211,1745265
2025-11-24 00:00:00+01:00,11.75,11.75,11.479999542236328,11.5600004196167,1008416
2025-11-25 00:00:00+01:00,11.479999542236328,11.699999809265137,11.449999809265137,11.65999984741211,843477
2025-11-26 00:00:00+01:00,11.550000190734863,11.569999694824219,10.960000038146973,11.079999923706055,3627541
2025-11-27 00:00:00+01:00,11.095000267028809,11.199999809265137,10.920000076293945,11.1850004196167,1742401
2025-11-28 00:00:00+01:00,11.1899995803833,11.494999885559082,11.100000381469727,11.420000076293945,1505174
2025-12-01 00:00:00+01:00,11.470000267028809,11.59000015258789,11.199999809265137,11.274999618530273,1165714
2025-12-02 00:00:00+01:00,11.260000228881836,11.375,11.005000114440918,11.050000190734863,1036962
2025-12-03 00:00:00+01:00,11.020000457763672,11.140000343322754,10.9399995803833,10.989999771118164,1071567
2025-12-04 00:00:00+01:00,10.989999771118164,11.119999885559082,10.920000076293945,11.0,728601
2025-12-05 00:00:00+01:00,11.0,11.279999732971191,10.920000076293945,11.244999885559082,964932
2025-12-08 00:00:00+01:00,11.289999961853027,11.295000076293945,10.930000305175781,10.930000305175781,690313
2025-12-09 00:00:00+01:00,10.949999809265137,11.010000228881836,10.805000305175781,10.949999809265137,1315702
2025-12-10 00:00:00+01:00,11.0,11.1850004196167,10.914999961853027,11.125,898976
2025-12-11 00:00:00+01:00,11.154999732971191,11.539999961853027,11.020000457763672,11.510000228881836,1216583
2025-12-12 00:00:00+01:00,11.515000343322754,11.515000343322754,11.15999984741211,11.15999984741211,1167984
2025-12-15 00:00:00+01:00,11.229999542236328,11.335000038146973,10.949999809265137,11.079999923706055,1366407
2025-12-16 00:00:00+01:00,11.079999923706055,11.085000038146973,10.84000015258789,10.90999984741211,1082171
2025-12-17 00:00:00+01:00,10.920000076293945,10.9399995803833,10.739999771118164,10.774999618530273,1244904
2025-12-18 00:00:00+01:00,10.75,10.835000038146973,10.704999923706055,10.795000076293945,1078357
2025-12-19 00:00:00+01:00,10.789999961853027,10.845000267028809,10.720000267028809,10.755000114440918,3429844
2025-12-22 00:00:00+01:00,10.755000114440918,11.130000114440918,10.725000381469727,11.130000114440918,1284423
2025-12-23 00:00:00+01:00,11.199999809265137,12.444999694824219,11.045000076293945,12.289999961853027,5906827
2025-12-29 00:00:00+01:00,12.600000381469727,12.880000114440918,12.354999542236328,12.354999542236328,3359568
2025-12-30 00:00:00+01:00,12.430000305175781,12.479999542236328,12.130000114440918,12.199999809265137,1525943
2026-01-02 00:00:00+01:00,12.460000038146973,13.050000190734863,12.300000190734863,12.819999694824219,2963225
2026-01-05 00:00:00+01:00,13.0,13.0,12.399999618530273,12.600000381469727,2593515
2026-01-07 00:00:00+01:00,12.75,13.175000190734863,12.579999923706055,13.085000038146973,2699297
2026-01-08 00:00:00+01:00,13.100000381469727,13.154999732971191,12.760000228881836,12.760000228881836,1945929
2026-01-09 00:00:00+01:00,12.895000457763672,13.279999732971191,12.625,13.225000381469727,2296738
2026-01-12 00:00:00+01:00,13.289999961853027,13.369999885559082,13.145000457763672,13.220000267028809,1518718
2026-01-13 00:00:00+01:00,13.220000267028809,13.739999771118164,13.220000267028809,13.640000343322754,1823559
2026-01-14 00:00:00+01:00,13.680000305175781,13.710000038146973,13.399999618530273,13.505000114440918,1470349
2026-01-15 00:00:00+01:00,13.569999694824219,13.649999618530273,13.199999809265137,13.350000381469727,830898
2026-01-16 00:00:00+01:00,13.404999732971191,13.579999923706055,13.335000038146973,13.479999542236328,731119
2026-01-19 00:00:00+01:00,13.4399995803833,13.800000190734863,13.220000267028809,13.699999809265137,1162391
2026-01-20 00:00:00+01:00,13.420000076293945,13.59000015258789,13.25,13.449999809265137,1327352
2026-01-21 00:00:00+01:00,13.399999618530273,13.609999656677246,13.029999732971191,13.109999656677246,1272938
2026-01-22 00:00:00+01:00,13.199999809265137,13.40999984741211,13.100000381469727,13.25,1041102
2026-01-23 00:00:00+01:00,13.300000190734863,13.65999984741211,13.220000267028809,13.375,1202728
2026-01-26 00:00:00+01:00,13.305000305175781,13.399999618530273,13.09000015258789,13.09000015258789,755786
2026-01-27 00:00:00+01:00,13.119999885559082,13.119999885559082,12.8100004196167,12.899999618530273,1108337
2026-01-28 00:00:00+01:00,12.850000381469727,13.345000267028809,12.850000381469727,13.300000190734863,663598
2026-01-29 00:00:00+01:00,13.399999618530273,13.399999618530273,13.0600004196167,13.0600004196167,993280
2026-01-30 00:00:00+01:00,13.0,13.524999618530273,13.0,13.375,1080667
2026-02-02 00:00:00+01:00,13.34000015258789,13.369999885559082,13.109999656677246,13.279999732971191,364970
2026-02-03 00:00:00+01:00,13.470000267028809,13.550000190734863,13.279999732971191,13.300000190734863,1008057
2026-02-04 00:00:00+01:00,13.319999694824219,13.4399995803833,13.0,13.100000381469727,969353
2026-02-05 00:00:00+01:00,13.010000228881836,13.104999542236328,12.694999694824219,12.774999618530273,821025
2026-02-06 00:00:00+01:00,12.729999542236328,12.960000038146973,12.65999984741211,12.954999923706055,403531
2026-02-09 00:00:00+01:00,13.020000457763672,13.210000038146973,12.899999618530273,13.204999923706055,794591
2026-02-10 00:00:00+01:00,13.239999771118164,13.239999771118164,13.050000190734863,13.109999656677246,507064
2026-02-11 00:00:00+01:00,13.069999694824219,13.210000038146973,12.975000381469727,13.055000305175781,559788
2026-02-12 00:00:00+01:00,13.154999732971191,13.170000076293945,12.920000076293945,13.029999732971191,366083
2026-02-13 00:00:00+01:00,13.0,13.0,12.755000114440918,12.920000076293945,767531
2026-02-16 00:00:00+01:00,12.944999694824219,13.154999732971191,12.829999923706055,13.029999732971191,464480
2026-02-17 00:00:00+01:00,12.979999542236328,13.364999771118164,12.960000038146973,13.225000381469727,977603
2026-02-18 00:00:00+01:00,13.289999961853027,13.369999885559082,13.119999885559082,13.199999809265137,444257
2026-02-19 00:00:00+01:00,13.239999771118164,13.239999771118164,12.8149995803833,12.824999809265137,698692
2026-02-20 00:00:00+01:00,12.899999618530273,12.9399995803833,12.390000343322754,12.5,965717
2026-02-23 00:00:00+01:00,12.510000228881836,12.8149995803833,12.510000228881836,12.800000190734863,850078
2026-02-24 00:00:00+01:00,12.850000381469727,12.850000381469727,12.5,12.600000381469727,587446
2026-02-25 00:00:00+01:00,12.600000381469727,12.670000076293945,12.40999984741211,12.569999694824219,391782
2026-02-26 00:00:00+01:00,12.5,12.84000015258789,12.420000076293945,12.75,948196
2026-02-27 00:00:00+01:00,12.75,12.8100004196167,12.59000015258789,12.670000076293945,693579
2026-03-02 00:00:00+01:00,12.449999809265137,12.449999809265137,12.135000228881836,12.34000015258789,1017807
2026-03-03 00:00:00+01:00,12.289999961853027,12.300000190734863,11.78499984741211,11.789999961853027,1365374
2026-03-04 00:00:00+01:00,11.864999771118164,12.09000015258789,11.789999961853027,12.010000228881836,791095
2026-03-05 00:00:00+01:00,12.010000228881836,12.114999771118164,11.880000114440918,12.074999809265137,748138
2026-03-06 00:00:00+01:00,12.0,12.074999809265137,11.789999961853027,12.0,839186
2026-03-09 00:00:00+01:00,11.720000267028809,11.979999542236328,11.600000381469727,11.880000114440918,809454
2026-03-10 00:00:00+01:00,12.069999694824219,12.15999984741211,11.890000343322754,12.079999923706055,501321
2026-03-11 00:00:00+01:00,12.050000190734863,12.079999923706055,11.84000015258789,11.90999984741211,387922
2026-03-12 00:00:00+01:00,11.90999984741211,11.979999542236328,11.710000038146973,11.755000114440918,618890
2026-03-13 00:00:00+01:00,11.800000190734863,11.859999656677246,11.619999885559082,11.8149995803833,550137
2026-03-16 00:00:00+01:00,11.899999618530273,11.904999732971191,11.664999961853027,11.6850004196167,560797
2026-03-17 00:00:00+01:00,11.720000267028809,11.960000038146973,11.649999618530273,11.904999732971191,724923
2026-03-18 00:00:00+01:00,11.90999984741211,12.029999732971191,11.604999542236328,11.649999618530273,930648
2026-03-19 00:00:00+01:00,11.630000114440918,11.630000114440918,11.149999618530273,11.149999618530273,1714514
2026-03-20 00:00:00+01:00,11.25,11.369999885559082,10.869999885559082,10.96500015258789,3156425
2026-03-23 00:00:00+01:00,10.920000076293945,11.420000076293945,10.835000038146973,11.3149995803833,1696103
2026-03-24 00:00:00+01:00,11.380000114440918,11.399999618530273,11.210000038146973,11.274999618530273,785008
2026-03-25 00:00:00+01:00,11.399999618530273,11.739999771118164,11.390000343322754,11.510000228881836,1269550
2026-03-26 00:00:00+01:00,11.5,11.585000038146973,11.335000038146973,11.420000076293945,588657
2026-03-27 00:00:00+01:00,11.479999542236328,11.550000190734863,11.21500015258789,11.390000343322754,769855
2026-03-30 00:00:00+02:00,11.390000343322754,11.579999923706055,11.199999809265137,11.5,600007
2026-03-31 00:00:00+02:00,11.5,11.734999656677246,11.470000267028809,11.699999809265137,675840
2026-04-01 00:00:00+02:00,11.819999694824219,11.949999809265137,11.390000343322754,11.399999618530273,940491
2026-04-02 00:00:00+02:00,11.524999618530273,11.645000457763672,11.399999618530273,11.604999542236328,444339
2026-04-07 00:00:00+02:00,11.600000381469727,11.725000381469727,11.319999694824219,11.350000381469727,695797
2026-04-08 00:00:00+02:00,11.600000381469727,11.789999961853027,11.5600004196167,11.609999656677246,715977
2026-04-09 00:00:00+02:00,11.649999618530273,11.649999618530273,11.4399995803833,11.510000228881836,422706
2026-04-10 00:00:00+02:00,11.619999885559082,11.744999885559082,11.524999618530273,11.640000343322754,330627
2026-04-13 00:00:00+02:00,11.5,11.619999885559082,11.270000457763672,11.380000114440918,768891
2026-04-14 00:00:00+02:00,11.510000228881836,11.524999618530273,11.395000457763672,11.510000228881836,421611
2026-04-15 00:00:00+02:00,11.520000457763672,11.670000076293945,11.515000343322754,11.625,493198
2026-04-16 00:00:00+02:00,11.649999618530273,11.725000381469727,11.470000267028809,11.505000114440918,733423
2026-04-17 00:00:00+02:00,11.630000114440918,11.729999542236328,11.5,11.694999694824219,520847
2026-04-20 00:00:00+02:00,11.6899995803833,12.239999771118164,11.600000381469727,12.104999542236328,1249274
2026-04-21 00:00:00+02:00,11.779999732971191,12.850000381469727,11.550000190734863,12.75,3146392
2026-04-22 00:00:00+02:00,12.899999618530273,13.800000190734863,12.800000190734863,13.399999618530273,3862892
2026-04-23 00:00:00+02:00,13.399999618530273,13.600000381469727,13.199999809265137,13.59000015258789,2119193
2026-04-24 00:00:00+02:00,13.59000015258789,14.020000457763672,13.369999885559082,13.904999732971191,1473757
2026-04-27 00:00:00+02:00,13.904999732971191,13.925000190734863,13.664999961853027,13.75,931959
2026-04-28 00:00:00+02:00,13.899999618530273,14.024999618530273,13.720000267028809,13.720000267028809,1795552
2026-04-29 00:00:00+02:00,13.619999885559082,15.1850004196167,13.619999885559082,15.069999694824219,4600557
2026-04-30 00:00:00+02:00,14.899999618530273,15.1850004196167,14.729999542236328,15.005000114440918,1156077
2026-05-04 00:00:00+02:00,15.0,15.6850004196167,14.84000015258789,15.619999885559082,1667735
2026-05-05 00:00:00+02:00,15.46500015258789,15.890000343322754,15.199999809265137,15.604999542236328,2164796
2026-05-06 00:00:00+02:00,15.609999656677246,16.19499969482422,15.470000267028809,16.18000030517578,1747321
2026-05-07 00:00:00+02:00,16.18000030517578,16.200000762939453,15.850000381469727,16.030000686645508,1280511
2026-05-08 00:00:00+02:00,16.049999237060547,16.100000381469727,15.90999984741211,16.0,383452
2026-05-11 00:00:00+02:00,16.0,16.15999984741211,15.829999923706055,15.994999885559082,690833
2026-05-12 00:00:00+02:00,15.949999809265137,16.799999237060547,15.829999923706055,16.575000762939453,1498855
2026-05-13 00:00:00+02:00,16.600000381469727,16.8799991607666,16.559999465942383,16.75,1014363
2026-05-14 00:00:00+02:00,16.75,16.93000030517578,16.170000076293945,16.55500030517578,949888
2026-05-15 00:00:00+02:00,16.450000762939453,16.690000534057617,16.364999771118164,16.46500015258789,709634
2026-05-18 00:00:00+02:00,16.399999618530273,16.575000762939453,16.2450008392334,16.565000534057617,589169
2026-05-19 00:00:00+02:00,16.565000534057617,16.889999389648438,16.395000457763672,16.59000015258789,914149
2026-05-20 00:00:00+02:00,16.690000534057617,16.704999923706055,16.44499969482422,16.649999618530273,692360
2026-05-21 00:00:00+02:00,16.8799991607666,16.8799991607666,15.5649995803833,16.635000228881836,1201218
2026-05-22 00:00:00+02:00,16.635000228881836,16.700000762939453,16.100000381469727,16.399999618530273,585236
2026-05-25 00:00:00+02:00,16.219999313354492,16.649999618530273,16.219999313354492,16.600000381469727,696453
2026-05-26 00:00:00+02:00,16.549999237060547,16.584999084472656,16.454999923706055,16.545000076293945,320964
2026-05-27 00:00:00+02:00,16.399999618530273,16.540000915527344,16.209999084472656,16.31999969482422,773839
2026-05-28 00:00:00+02:00,16.219999313354492,16.635000228881836,16.15999984741211,16.530000686645508,1001195
2026-05-29 00:00:00+02:00,16.549999237060547,16.549999237060547,15.699999809265137,16.170000076293945,1282855
2026-06-01 00:00:00+02:00,16.100000381469727,16.15999984741211,15.34000015258789,15.449999809265137,1114171
2026-06-02 00:00:00+02:00,15.5,15.864999771118164,15.364999771118164,15.680000305175781,660769
2026-06-03 00:00:00+02:00,15.65999984741211,15.824999809265137,15.479999542236328,15.550000190734863,312288
2026-06-05 00:00:00+02:00,15.550000190734863,15.600000381469727,15.25,15.40999984741211,328712
2026-06-08 00:00:00+02:00,15.199999809265137,15.4350004196167,14.904999732971191,15.4350004196167,718246
2026-06-09 00:00:00+02:00,15.399999618530273,15.399999618530273,15.109999656677246,15.109999656677246,245443
2026-06-10 00:00:00+02:00,15.100000381469727,15.109999656677246,14.460000038146973,14.885000228881836,922800
2026-06-11 00:00:00+02:00,14.885000228881836,15.25,14.744999885559082,15.244999885559082,460697
2026-06-12 00:00:00+02:00,15.324999809265137,15.489999771118164,15.204999923706055,15.345000267028809,562216
2026-06-15 00:00:00+02:00,15.430000305175781,15.545000076293945,15.140000343322754,15.140000343322754,475066
2026-06-16 00:00:00+02:00,15.100000381469727,15.199999809265137,14.979999542236328,15.024999618530273,441783
2026-06-17 00:00:00+02:00,15.0,15.085000038146973,14.84000015258789,14.864999771118164,399695
2026-06-18 00:00:00+02:00,14.899999618530273,15.75,14.744999885559082,15.364999771118164,1549509
2026-06-19 00:00:00+02:00,15.5,16.59000015258789,15.375,16.354999542236328,3194927
2026-06-22 00:00:00+02:00,16.420000076293945,16.59000015258789,15.579999923706055,15.579999923706055,991565
2026-06-23 00:00:00+02:00,15.489999771118164,15.5600004196167,15.130000114440918,15.354999542236328,479231
2026-06-24 00:00:00+02:00,15.399999618530273,15.510000228881836,14.75,14.829999923706055,674071
2026-06-25 00:00:00+02:00,15.020000457763672,15.270000457763672,14.670000076293945,14.9350004196167,522258
2026-06-26 00:00:00+02:00,14.760000228881836,14.925000190734863,14.529999732971191,14.890000343322754,426293
2026-06-29 00:00:00+02:00,14.729999542236328,14.8149995803833,14.595000267028809,14.600000381469727,391804
2026-06-30 00:00:00+02:00,14.65999984741211,15.34000015258789,14.335000038146973,15.125,1054327
2026-07-01 00:00:00+02:00,15.119999885559082,15.680000305175781,15.0,15.479999542236328,691621
2026-07-02 00:00:00+02:00,15.430000305175781,15.6850004196167,15.425000190734863,15.5,257250
2026-07-03 00:00:00+02:00,15.65999984741211,16.639999389648438,15.65999984741211,16.440000534057617,1263930
2026-07-06 00:00:00+02:00,16.479999542236328,16.59000015258789,15.8100004196167,15.979999542236328,741696
2026-07-07 00:00:00+02:00,15.949999809265137,16.114999771118164,15.720000267028809,15.949999809265137,509029
2026-07-08 00:00:00+02:00,15.949999809265137,16.059999465942383,15.425000190734863,15.444999694824219,538840
2026-07-09 00:00:00+02:00,15.569999694824219,15.614999771118164,15.270000457763672,15.399999618530273,444936
2026-07-10 00:00:00+02:00,15.5600004196167,15.895000457763672,15.5,15.550000190734863,508481
2026-07-13 00:00:00+02:00,15.520000457763672,16.030000686645508,15.425000190734863,15.979999542236328,275566
2026-07-14 00:00:00+02:00,16.0,16.350000381469727,15.765000343322754,15.765000343322754,482109
2026-07-15 00:00:00+02:00,15.649999618530273,15.984999656677246,15.510000228881836,15.984999656677246,292188
2026-07-16 00:00:00+02:00,15.899999618530273,16.200000762939453,15.824999809265137,16.020000457763672,631743
2026-07-17 00:00:00+02:00,15.899999618530273,16.549999237060547,15.729999542236328,16.2549991607666,1031839
2026-07-20 00:00:00+02:00,16.354999542236328,17.18000030517578,16.309999465942383,17.0,1159878
2026-07-21 00:00:00+02:00,17.100000381469727,17.59000015258789,16.700000762939453,16.834999084472656,1051308
2026-07-22 00:00:00+02:00,16.834999084472656,17.059999465942383,16.760000228881836,16.780000686645508,419388
2026-07-23 00:00:00+02:00,16.770000457763672,16.770000457763672,16.010000228881836,16.149999618530273,681270
2026-07-24 00:00:00+02:00,16.1200008392334,16.280000686645508,15.859999656677246,16.139999389648438,429269
2026-07-27 00:00:00+02:00,16.139999389648438,16.625,16.104999542236328,16.625,397018
2026-07-28 00:00:00+02:00,16.625,17.100000381469727,16.375,17.100000381469727,667542
2026-07-29 00:00:00+02:00,17.100000381469727,17.950000762939453,17.100000381469727,17.200000762939453,1030021
2026-07-30 00:00:00+02:00,17.100000381469727,17.149999618530273,16.795000076293945,16.934999465942383,459073
2026-07-31 00:00:00+02:00,16.934999465942383,17.350000381469727,16.80500030517578,17.06999969482422,512619
2026-08-03 00:00:00+02:00,17.049999237060547,17.344999313354492,17.024999618530273,17.049999237060547,499895
2026-08-04 00:00:00+02:00,17.049999237060547,17.174999237060547,16.610000610351562,17.0,798046
2026-08-05 00:00:00+02:00,17.0,17.15999984741211,16.860000610351562,16.90999984741211,475676
2026-08-06 00:00:00+02:00,17.065000534057617,17.094999313354492,16.700000762939453,16.895000457763672,311439
2026-08-07 00:00:00+02:00,16.895000457763672,17.049999237060547,16.729999542236328,17.0,230747
2026-08-10 00:00:00+02:00,17.020000457763672,17.225000381469727,16.84000015258789,17.19499969482422,806142
2026-08-11 00:00:00+02:00,17.19499969482422,17.239999771118164,16.760000228881836,16.760000228881836,476922
2026-08-12 00:00:00+02:00,16.8799991607666,17.19499969482422,16.690000534057617,17.145000457763672,860948
2026-08-13 00:00:00+02:00,17.200000762939453,17.479999542236328,17.0049991607666,17.479999542236328,735040
2026-08-14 00:00:00+02:00,17.479999542236328,17.510000228881836,17.219999313354492,17.270000457763672,395452
2026-08-17 00:00:00+02:00,17.264999389648438,17.350000381469727,16.420000076293945,16.545000076293945,576642
2026-08-18 00:00:00+02:00,16.44499969482422,16.639999389648438,16.290000915527344,16.399999618530273,414571
2026-08-19 00:00:00+02:00,16.5,16.5,16.059999465942383,16.3799991607666,395419
2026-08-20 00:00:00+02:00,16.5,17.200000762939453,15.704999923706055,16.110000610351562,1325091
2026-08-21 00:00:00+02:00,16.229999542236328,16.325000762939453,15.489999771118164,15.819999694824219,858989
