Date,Open,High,Low,Close,Volume
2018-08-06 00:00:00+02:00,86.0223589612407,98.0654892158144,77.42012306511663,84.97288513183594,33060
2018-08-07 00:00:00+02:00,84.90406606882873,88.9471208968114,80.00079421017345,80.17283630371094,4841
2018-08-08 00:00:00+02:00,81.54919287556464,85.06750394604947,78.2029238850555,83.86318969726562,2461
2018-08-09 00:00:00+02:00,85.07611577640321,85.07611577640321,79.14057159423828,79.14057159423828,1619
2018-08-10 00:00:00+02:00,79.2265835595552,79.39863219847977,72.25877447622993,75.6136474609375,2027
2018-08-13 00:00:00+02:00,72.25878275995669,81.72124240709388,70.5383355513863,79.14057159423828,1185
2018-08-14 00:00:00+02:00,80.00079175259205,84.73202137236899,79.14056818535987,80.86101531982422,731
2018-08-15 00:00:00+02:00,80.86101531982422,80.86101531982422,80.86101531982422,80.86101531982422,0
2018-08-16 00:00:00+02:00,84.73202204481464,95.91492850758205,84.73202204481464,92.0439224243164,5568
2018-08-17 00:00:00+02:00,94.62460132355385,104.94728510430518,92.04393037836601,101.07627868652344,3394
2018-08-20 00:00:00+02:00,102.36661483101223,106.66773310122282,98.92572021484375,98.92572021484375,1771
2018-08-21 00:00:00+02:00,98.49559828213283,99.35582184791565,92.04392153876168,96.34503936767578,1987
2018-08-22 00:00:00+02:00,94.62459392375774,97.20526466713295,91.18369959925745,95.48481750488281,1951
2018-08-23 00:00:00+02:00,92.90415016664278,97.20526822991327,91.18370294133457,93.76437377929688,706
2018-08-24 00:00:00+02:00,91.18369515041641,93.6783447265625,88.60302453295179,93.6783447265625,367
2018-08-27 00:00:00+02:00,95.39879483125597,95.39879483125597,83.52770698913237,88.60302734375,2864
2018-08-28 00:00:00+02:00,91.18370774213005,92.04393140007468,86.02236579446232,87.74281311035156,3911
2018-08-29 00:00:00+02:00,86.022357551419,101.50638191067442,80.08681356777409,84.30191040039062,24110
2018-08-30 00:00:00+02:00,83.26964445694084,83.44168654627524,70.96844474296606,73.20502471923828,15868
2018-08-31 00:00:00+02:00,74.66741082277044,79.5706826990301,64.95548562794681,75.69967651367188,9804
2018-09-03 00:00:00+02:00,90.32348408418544,108.38818090102252,87.74281311035156,102.36661529541016,22954
2018-09-04 00:00:00+02:00,104.08705490869833,140.2164458687424,101.50638412583804,121.2915267944336,29682
2018-09-05 00:00:00+02:00,120.34529256847621,133.33467592511857,112.77533437156984,120.43132019042969,13014
2018-09-06 00:00:00+02:00,120.44851842595445,127.31309943651631,111.82907382937243,117.85063934326172,6744
2018-09-07 00:00:00+02:00,118.71085668103449,124.732421875,114.40973868534482,124.732421875,3734
2018-09-10 00:00:00+02:00,132.47443435630754,136.77555235488896,126.45286915829358,133.5927276611328,4017
2018-09-11 00:00:00+02:00,136.77555030593956,160.0015871503444,130.75398519813092,155.52842712402344,7998
2018-09-12 00:00:00+02:00,150.53914014030906,153.03378349795992,143.65735087675208,146.23802185058594,3130
2018-09-13 00:00:00+02:00,144.51756635918676,150.53913162415287,130.75398861069277,142.797119140625,4674
2018-09-14 00:00:00+02:00,142.79713362968286,145.37780471937592,135.91534405716803,144.94769287109375,1858
2018-09-17 00:00:00+02:00,139.35623168945312,143.6573499514733,136.34544890603902,139.35623168945312,2002
2018-09-18 00:00:00+02:00,141.93690561147838,141.93690561147838,133.5239191653121,139.78634643554688,1846
2018-09-19 00:00:00+02:00,140.2164526862067,166.88338540566934,140.2164526862067,159.14137268066406,8426
2018-09-20 00:00:00+02:00,159.1413762660626,167.72640467260308,154.92628560453917,157.42092895507812,870
2018-09-21 00:00:00+02:00,154.9262869543804,159.14137765262905,150.5391410227572,153.11981201171875,913
2018-09-24 00:00:00+02:00,154.8402557373047,158.2811503092448,153.11980845133465,154.8402557373047,647
2018-09-25 00:00:00+02:00,154.84025550012143,167.7264019770263,154.84025550012143,166.02316284179688,1562
2018-09-26 00:00:00+02:00,163.4424795164027,167.7435973984133,159.1413616343921,167.69198608398438,388
2018-09-27 00:00:00+02:00,167.74361012513157,167.74361012513157,160.00159735012548,166.02316284179688,466
2018-09-28 00:00:00+02:00,160.00159631677576,161.20590415694372,155.7176862842114,159.14137268066406,569
2018-10-01 00:00:00+02:00,154.8402432528409,154.8402432528409,141.9368896484375,141.9368896484375,2283
2018-10-02 00:00:00+02:00,144.51756816007654,153.11980436008108,144.51756816007654,147.52835083007812,582
2018-10-03 00:00:00+02:00,146.23801830203035,149.67891285031342,141.93690011667653,147.95846557617188,377
2018-10-04 00:00:00+02:00,146.23801830203035,148.81868921324266,141.93690011667653,147.95846557617188,238
2018-10-05 00:00:00+02:00,141.9368896484375,146.66811930338542,140.2164425011837,141.9368896484375,899
2018-10-08 00:00:00+02:00,147.09822718541372,147.09822718541372,134.1948739235353,141.919677734375,510
2018-10-09 00:00:00+02:00,138.92611053092347,140.21644592285156,130.9260284757753,140.21644592285156,697
2018-10-10 00:00:00+02:00,137.6357788299367,156.56069841905298,137.6357788299367,152.0015106201172,6306
2018-10-11 00:00:00+02:00,154.84026227678572,154.84026227678572,140.233667877281,144.517578125,1311
2018-10-12 00:00:00+02:00,136.77556038992745,150.5391387939453,131.18410666329518,150.5391387939453,1003
2018-10-15 00:00:00+02:00,150.53914014030906,150.53914014030906,144.5175745346967,146.23802185058594,209
2018-10-16 00:00:00+02:00,146.2380084991455,146.2380084991455,135.0551019668579,137.63577270507812,713
2018-10-17 00:00:00+02:00,138.49599877378762,146.23801112760182,133.33465720457815,133.42068481445312,442
2018-10-18 00:00:00+02:00,141.42076068404566,148.81868921324266,133.5067058481888,147.95846557617188,1144
2018-10-19 00:00:00+02:00,147.95846771216767,148.81869136165702,139.3562312172742,146.15199279785156,1181
2018-10-22 00:00:00+02:00,138.92610883631536,146.2380093013846,132.83572428558836,137.8078155517578,5063
2018-10-23 00:00:00+02:00,140.21643478117628,141.93688183370605,132.90453480792476,133.86798095703125,1472
2018-10-24 00:00:00+02:00,132.90455040947234,136.77555673207831,129.89376771411213,132.04432678222656,1095
2018-10-25 00:00:00+02:00,129.6356873391503,129.6356873391503,121.29152146630753,124.81844329833984,1258
2018-10-26 00:00:00+02:00,128.17331892479672,128.17331892479672,115.26996467062256,120.517333984375,1597
2018-10-29 00:00:00+01:00,116.99040349786932,122.06571722275662,115.2871645339807,118.2807388305664,388
2018-10-30 00:00:00+01:00,116.99040738442787,119.57107813555494,110.45270289785117,114.40973663330078,704
2018-10-31 00:00:00+01:00,114.40975418090821,120.43132019042969,113.54953046526228,120.43132019042969,628
2018-11-01 00:00:00+01:00,120.43132019042969,120.43132019042969,120.43132019042969,120.43132019042969,0
2018-11-02 00:00:00+01:00,113.5839307602169,129.11958169692195,113.5839307602169,129.03355407714844,636
2018-11-05 00:00:00+01:00,129.8937707416082,137.11964412850122,126.47008430064434,126.88298797607422,287
2018-11-06 00:00:00+01:00,125.59264032872773,138.06588200521094,120.51732655213284,134.47015380859375,1698
2018-11-07 00:00:00+01:00,143.65733878843244,147.09823313067037,133.33465576171875,133.33465576171875,1232
2018-11-08 00:00:00+01:00,133.33466283532957,137.63578099130794,129.89376831054688,129.89376831054688,700
2018-11-09 00:00:00+01:00,129.89376346982758,146.1519842431463,109.24839709051724,124.732421875,753
2018-11-12 00:00:00+01:00,124.732421875,124.732421875,124.732421875,124.732421875,0
2018-11-13 00:00:00+01:00,116.1301831741179,139.184177718322,116.1301831741179,120.4485092163086,668
2018-11-14 00:00:00+01:00,118.7108478284862,132.9905637596919,118.7108478284862,125.59263610839844,120
2018-11-15 00:00:00+01:00,125.5926447658674,125.5926447658674,121.2915267944336,121.2915267944336,683
2018-11-16 00:00:00+01:00,121.80768338585206,121.80768338585206,114.40975418090821,120.43132019042969,610
2018-11-19 00:00:00+01:00,119.57107960586006,121.2915267944336,116.13018522871302,121.2915267944336,362
2018-11-20 00:00:00+01:00,121.29153128153494,121.46357338156281,116.14739767266792,116.18180084228516,597
2018-11-21 00:00:00+01:00,118.71085851706103,119.57108212950351,116.13018767973362,117.0764389038086,485
2018-11-22 00:00:00+01:00,116.21621620435462,120.431306688048,115.26996497284594,119.57108306884766,210
2018-11-23 00:00:00+01:00,119.22699887155582,124.73242478404971,117.9366634427553,119.57108306884766,173
2018-11-26 00:00:00+01:00,121.29152090597472,134.6249859701067,121.29152090597472,128.17330932617188,455
2018-11-27 00:00:00+01:00,127.3130831783765,133.3346479232997,125.59263610839844,125.59263610839844,406
2018-11-28 00:00:00+01:00,125.24857117165654,129.0335500562513,125.24857117165654,127.31310272216797,281
2018-11-29 00:00:00+01:00,130.75398737267602,135.9153289794922,130.75398737267602,135.9153289794922,431
2018-11-30 00:00:00+01:00,136.77554752952173,136.77554752952173,130.7539825439453,130.7539825439453,184
2018-12-03 00:00:00+01:00,135.82929433656528,135.82929433656528,127.31308637662491,132.56045532226562,481
2018-12-04 00:00:00+01:00,132.1819687936471,132.1819687936471,126.88298797607422,126.88298797607422,63
2018-12-05 00:00:00+01:00,126.8829970656491,129.03355633794826,125.59266150226962,127.22708129882812,146
2018-12-06 00:00:00+01:00,129.03353551051,129.03353551051,123.01197052001953,123.01197052001953,268
2018-12-07 00:00:00+01:00,123.87219409008961,123.9582216974846,120.43129980980933,123.01197052001953,473
2018-12-10 00:00:00+01:00,123.01197640101115,124.73242362340292,117.9366623453437,123.87220001220703,157
2018-12-11 00:00:00+01:00,123.01198191520949,129.03354746350647,123.01198191520949,123.02919006347656,174
2018-12-12 00:00:00+01:00,123.02917364940258,125.59263610839844,122.15174196844231,125.59263610839844,91
2018-12-13 00:00:00+01:00,121.29152080008433,128.5001983642578,121.29152080008433,128.5001983642578,11
2018-12-14 00:00:00+01:00,128.4141820504086,129.8937677396398,126.45287322998047,126.45287322998047,172
2018-12-17 00:00:00+01:00,126.45286222112259,128.17330932617188,122.15174445849937,128.17330932617188,161
2018-12-18 00:00:00+01:00,128.17330932617188,128.17330932617188,128.17330932617188,128.17330932617188,0
2018-12-19 00:00:00+01:00,123.01197872032114,126.45287322998047,123.01197872032114,126.45287322998047,95
2018-12-20 00:00:00+01:00,122.15175628662108,127.31309810154873,122.15175628662108,122.1517562866211,142
2018-12-21 00:00:00+01:00,122.15175038872036,126.45286836015417,114.49576564995631,121.2915267944336,157
2018-12-24 00:00:00+01:00,121.2915267944336,121.2915267944336,121.2915267944336,121.2915267944336,0
2018-12-25 00:00:00+01:00,121.2915267944336,121.2915267944336,121.2915267944336,121.2915267944336,0
2018-12-26 00:00:00+01:00,121.2915267944336,121.2915267944336,121.2915267944336,121.2915267944336,0
2018-12-27 00:00:00+01:00,120.43130171926397,121.291525302973,114.40973663330078,114.40973663330078,304
2018-12-28 00:00:00+01:00,121.03345709095349,121.2915267944336,121.03345709095349,121.2915267944336,120
2018-12-31 00:00:00+01:00,121.2915267944336,121.2915267944336,121.2915267944336,121.2915267944336,0
2019-01-01 00:00:00+01:00,121.2915267944336,121.2915267944336,121.2915267944336,121.2915267944336,0
2019-01-02 00:00:00+01:00,122.13454726330552,136.77555711532472,122.13454726330552,128.15611267089844,359
2019-01-03 00:00:00+01:00,128.17332638920965,128.17332638920965,127.31310272216795,127.31310272216797,11
2019-01-04 00:00:00+01:00,127.39913033926072,127.39913033926072,127.31310272216795,127.31310272216797,105
2019-01-07 00:00:00+01:00,127.74320220947266,127.74320220947266,126.4528668336194,127.74320220947266,126
2019-01-08 00:00:00+01:00,127.7432145556888,129.0335500562513,124.73243172104293,127.31310272216797,285
2019-01-09 00:00:00+01:00,127.31309445699057,127.31309445699057,123.87220001220703,123.87220001220703,291
2019-01-10 00:00:00+01:00,123.09800678327989,127.27869415283202,123.01197916983568,127.27869415283203,66
2019-01-11 00:00:00+01:00,127.27868509912513,135.0551003907856,127.27868509912513,130.7539825439453,269
2019-01-14 00:00:00+01:00,127.48514556884766,127.48514556884766,125.59265611558791,127.48514556884766,24
2019-01-15 00:00:00+01:00,125.6786662742383,128.17330932617188,123.01196801102401,128.17330932617188,154
2019-01-16 00:00:00+01:00,128.60341848086003,128.60341848086003,125.59263610839844,125.59263610839844,225
2019-01-17 00:00:00+01:00,126.45287322998047,128.77547439880635,125.59264960256564,126.45287322998047,600
2019-01-18 00:00:00+01:00,125.67866371228513,128.17330671336552,123.87218903842037,125.59263610839844,127
2019-01-21 00:00:00+01:00,123.01198438695958,127.31310272216795,123.01198438695958,127.31310272216797,86
2019-01-22 00:00:00+01:00,127.31310875587215,135.05512212616168,126.4528850480622,131.61422729492188,410
2019-01-23 00:00:00+01:00,131.52819670858412,138.92612567935979,128.17332957414618,135.57125854492188,376
2019-01-24 00:00:00+01:00,135.82929266665903,147.528338142961,135.82929266665903,146.22079467773438,437
2019-01-25 00:00:00+01:00,146.22079111498587,160.86179918683442,137.63576401012568,153.98001098632812,667
2019-01-28 00:00:00+01:00,154.7542014125347,154.7542014125347,148.81866455078125,148.81866455078125,137
2019-01-29 00:00:00+01:00,147.09823414782383,148.81868133083933,142.10893469188488,142.36700439453125,428
2019-01-30 00:00:00+01:00,145.3777946649596,153.98003103566725,143.31326318637815,147.95846557617188,367
2019-01-31 00:00:00+01:00,147.95846985774256,150.5391408436334,143.65735154792443,144.08746337890625,133
2019-02-01 00:00:00+01:00,147.9584575394723,150.53912831050962,146.23801035878077,146.25521850585938,71
2019-02-04 00:00:00+01:00,147.0982447098067,158.65965270996094,147.0982447098067,158.65965270996094,457
2019-02-05 00:00:00+01:00,159.1413681062415,160.68977323192877,154.84025004931604,156.30262756347656,53
2019-02-06 00:00:00+01:00,156.56070302327475,159.14137395222983,153.11980845133465,154.8402557373047,297
2019-02-07 00:00:00+01:00,150.5391340989333,153.80798649313286,135.48522068903995,145.37779235839844,221
2019-02-08 00:00:00+01:00,145.46380615234375,153.80797188166773,145.46380615234375,145.46380615234375,37
2019-02-11 00:00:00+01:00,140.21645380655926,160.77579362351293,139.528272266977,154.8402557373047,897
2019-02-12 00:00:00+01:00,157.6789886916332,163.44248419325385,151.57139587402344,151.57139587402344,318
2019-02-13 00:00:00+01:00,146.7541587436339,156.56070302327475,146.7541587436339,154.8402557373047,119
2019-02-14 00:00:00+01:00,153.11980845133465,156.13059120178224,153.11980845133465,154.8402557373047,37
2019-02-15 00:00:00+01:00,150.5391373558027,150.5391373558027,149.67891371376953,150.45310974121094,69
2019-02-18 00:00:00+01:00,151.39935302734375,151.39935302734375,145.37778785011986,151.39935302734375,30
2019-02-19 00:00:00+01:00,151.3993624441964,158.65965215247124,150.5391387939453,150.5391387939453,261
2019-02-20 00:00:00+01:00,150.5391387939453,154.84025704520087,150.5391387939453,150.5391387939453,115
2019-02-21 00:00:00+01:00,149.24880205790203,154.8402557373047,148.8186902364095,154.8402557373047,214
2019-02-22 00:00:00+01:00,151.39935888947738,156.5607006698005,148.81868799931584,152.25958251953125,58
2019-02-25 00:00:00+01:00,154.84025704520087,154.84025704520087,150.5391387939453,150.5391387939453,105
2019-02-26 00:00:00+01:00,153.11979004576966,156.56068420410156,153.11979004576966,156.56068420410156,103
2019-02-27 00:00:00+01:00,150.96924934387206,154.8402557373047,150.96924934387206,154.8402557373047,8
2019-02-28 00:00:00+01:00,154.84024877133578,158.28114318847656,154.84024877133578,158.28114318847656,220
2019-03-01 00:00:00+01:00,155.01228950848403,155.7004710110751,151.39935302734375,151.39935302734375,66
2019-03-04 00:00:00+01:00,154.75422280876984,154.84025042050283,151.8294677734375,151.8294677734375,145
2019-03-05 00:00:00+01:00,153.11978746126482,166.02314033721413,149.6788933610117,153.98001098632812,901
2019-03-06 00:00:00+01:00,155.7004580364547,159.65749150213352,150.53911688607496,153.98001098632812,470
2019-03-07 00:00:00+01:00,154.75422812261775,160.17363969861762,150.88322172918512,154.8402557373047,837
2019-03-08 00:00:00+01:00,155.27036887032645,155.27036887032645,148.81869149344308,150.5391387939453,965
2019-03-11 00:00:00+01:00,149.67891514369418,154.49617283548892,149.67891514369418,150.5391387939453,118
2019-03-12 00:00:00+01:00,153.92841625599058,158.22953434461905,124.73242457022529,140.23365783691406,3251
2019-03-13 00:00:00+01:00,138.49600219726562,141.74764641616724,138.49600219726562,138.49600219726562,452
2019-03-14 00:00:00+01:00,140.130414893433,142.36700143525096,140.130414893433,141.9368896484375,166
2019-03-15 00:00:00+01:00,141.50679256139176,153.11981201171875,141.50679256139176,153.11981201171875,390
2019-03-18 00:00:00+01:00,153.1026015964217,153.1026015964217,147.09824419294085,150.5391387939453,95
2019-03-19 00:00:00+01:00,152.93055184128022,152.94775998869636,147.27027893066406,147.27027893066406,33
2019-03-20 00:00:00+01:00,147.52835681791709,153.03378295898438,147.52835681791709,153.03378295898438,80
2019-03-21 00:00:00+01:00,148.13051127286985,148.13051127286985,146.23802185058594,146.23802185058594,120
2019-03-22 00:00:00+01:00,146.2724151611328,146.2724151611328,146.2724151611328,146.2724151611328,199
2019-03-25 00:00:00+01:00,146.23801156587257,149.67890595565783,144.51756437097995,144.8616485595703,82
2019-03-26 00:00:00+01:00,145.0681171507424,150.53914014030906,145.0681171507424,146.23802185058594,71
2019-03-27 00:00:00+01:00,147.9584599006132,149.67890710875986,146.27241586120243,149.42083740234375,51
2019-03-28 00:00:00+01:00,146.23802185058594,146.23802185058594,143.22723904777976,146.23802185058594,1089
2019-03-29 00:00:00+01:00,146.23801598182092,146.23801598182092,142.797121488131,145.37779235839844,158
2019-04-01 00:00:00+02:00,142.7971237537473,148.81868921324266,142.7971237537473,147.95846557617188,288
2019-04-02 00:00:00+02:00,147.95845968681468,153.1198013037966,146.23801248115404,147.09823608398438,619
2019-04-03 00:00:00+02:00,148.818683289645,149.6789068924753,147.09823608398438,147.09823608398438,296
2019-04-04 00:00:00+02:00,146.23801336901923,149.33482360839844,141.93689532875393,149.33482360839844,612
2019-04-05 00:00:00+02:00,149.16277144077466,178.926514139342,149.16277144077466,163.27044677734375,1508
2019-04-08 00:00:00+02:00,157.42092666625976,159.14137395222983,151.39936116536458,154.8402557373047,171
2019-04-09 00:00:00+02:00,158.10911050466618,158.10911050466618,157.42092895507812,157.42092895507812,45
2019-04-10 00:00:00+02:00,155.8725120637087,155.8725120637087,155.70046997070312,155.70046997070312,68
2019-04-11 00:00:00+02:00,155.70047938028972,155.70047938028972,148.9907323398123,154.8402557373047,231
2019-04-12 00:00:00+02:00,152.25958251953125,152.25958251953125,146.2380171091543,152.25958251953125,810
2019-04-15 00:00:00+02:00,148.81868685208835,148.81868685208835,143.65734511155347,145.37779235839844,364
2019-04-16 00:00:00+02:00,145.3777981926413,146.23802185058594,143.65735087675208,146.23802185058594,56
2019-04-17 00:00:00+02:00,144.517578125,144.517578125,144.517578125,144.517578125,32
2019-04-18 00:00:00+02:00,145.3777884376346,145.3777884376346,141.93689403674384,142.45303344726562,218
2019-04-19 00:00:00+02:00,142.45303344726562,142.45303344726562,142.45303344726562,142.45303344726562,0
2019-04-22 00:00:00+02:00,142.45303344726562,142.45303344726562,142.45303344726562,142.45303344726562,0
2019-04-23 00:00:00+02:00,143.14121143159676,146.23802185058594,142.79712721880745,146.23802185058594,196
2019-04-24 00:00:00+02:00,145.03369809384526,146.0659637451172,141.93688801405963,146.0659637451172,276
2019-04-25 00:00:00+02:00,142.10893173796887,142.10893173796887,138.6680374434613,141.9368896484375,399
2019-04-26 00:00:00+02:00,143.65734274990587,143.65734274990587,141.93689553134413,142.797119140625,20
2019-04-29 00:00:00+02:00,140.21644831278238,143.65734274990587,140.21644831278238,142.797119140625,119
2019-04-30 00:00:00+02:00,141.42075025387334,142.79711322206438,140.2164425011837,141.9368896484375,246
2019-05-01 00:00:00+02:00,141.9368896484375,141.9368896484375,141.9368896484375,141.9368896484375,0
2019-05-02 00:00:00+02:00,141.07667192206324,144.51756635918676,141.07667192206324,142.797119140625,153
2019-05-03 00:00:00+02:00,142.797119140625,142.797119140625,142.797119140625,142.797119140625,0
2019-05-06 00:00:00+02:00,144.51754707821533,148.81866455078125,143.14118423660668,148.81866455078125,200
2019-05-07 00:00:00+02:00,152.0875491281705,152.43163334950805,144.517578125,144.517578125,401
2019-05-08 00:00:00+02:00,149.85095858875908,150.19505592751975,143.65735087675208,146.23802185058594,223
2019-05-09 00:00:00+02:00,146.23801956633608,146.23801956633608,143.6573486328125,143.6573486328125,137
2019-05-10 00:00:00+02:00,146.23801956633608,148.6466483961523,143.6573486328125,143.6573486328125,649
2019-05-13 00:00:00+02:00,144.51755508432058,145.72186279296875,144.51755508432058,145.72186279296875,105
2019-05-14 00:00:00+02:00,145.7218765573791,145.7218765573791,141.59281366572787,145.37779235839844,431
2019-05-15 00:00:00+02:00,146.0659669816209,146.0659669816209,142.28097534179688,142.28097534179688,291
2019-05-16 00:00:00+02:00,145.20573993009066,146.06596349232348,143.82937698013023,144.0014190673828,469
2019-05-17 00:00:00+02:00,145.3777916103238,146.06597313071475,144.5175679913278,145.20574951171875,302
2019-05-20 00:00:00+02:00,146.0659833729622,146.23802548363093,142.79713076636904,144.517578125,883
2019-05-21 00:00:00+02:00,144.5175593528394,144.5175593528394,139.70030212402344,139.70030212402344,578
2019-05-22 00:00:00+02:00,139.70030310661954,141.9368896484375,139.70030310661954,141.9368896484375,100
2019-05-23 00:00:00+02:00,141.9368896484375,141.9368896484375,139.35621892755682,141.9368896484375,260
2019-05-24 00:00:00+02:00,141.93688865011012,143.65733578526297,133.3346529743459,139.70030212402344,759
2019-05-27 00:00:00+02:00,140.04440135261103,140.21644344329835,135.0551019668579,137.63577270507812,305
2019-05-28 00:00:00+02:00,137.63577270507812,139.52826195457894,135.91532554626465,137.63577270507812,524
2019-05-29 00:00:00+02:00,136.77554244849944,138.15190535874635,133.33464829885165,136.60350036621094,281
2019-05-30 00:00:00+02:00,137.46375534298636,137.63579746462264,133.50672091548947,136.77557373046875,64
2019-05-31 00:00:00+02:00,135.0550994873047,137.63577017814492,127.31308741478404,135.0550994873047,156
2019-06-03 00:00:00+02:00,137.63577270507812,139.3562198638916,137.63577270507812,137.63577270507812,184
2019-06-04 00:00:00+02:00,137.63577017814492,137.63577017814492,131.61420523285108,135.0550994873047,370
2019-06-05 00:00:00+02:00,137.63577368951613,137.63577368951613,133.33465576171875,133.33465576171875,162
2019-06-06 00:00:00+02:00,131.61420764923096,137.63577270507812,131.61420764923096,137.63577270507812,65
2019-06-07 00:00:00+02:00,137.63577368951613,140.90462593983617,131.6142085905998,133.33465576171875,1567
2019-06-10 00:00:00+02:00,132.47444364303374,132.47444364303374,115.26997044263973,130.409912109375,1960
2019-06-11 00:00:00+02:00,128.68945122784996,132.99056907469026,128.68945122784996,130.7539825439453,155
2019-06-12 00:00:00+02:00,132.9905681850205,138.49599374175833,129.37761871706826,135.0550994873047,263
2019-06-13 00:00:00+02:00,137.11963428779234,137.63577368951613,133.33465576171875,133.33465576171875,116
2019-06-14 00:00:00+02:00,135.91534057003912,135.91534057003912,130.7539985230756,132.99058532714844,27
2019-06-17 00:00:00+02:00,130.75399076021634,134.19488525390625,130.75399076021634,134.19488525390625,55
2019-06-18 00:00:00+02:00,130.7539777057927,144.51755430640245,130.7539777057927,141.07666015625,205
2019-06-19 00:00:00+02:00,140.21644344329835,140.21644344329835,132.4744312286377,137.63577270507812,177
2019-06-20 00:00:00+02:00,137.63577270507812,137.63577270507812,137.63577270507812,137.63577270507812,0
2019-06-21 00:00:00+02:00,137.63578438464506,139.35623168945312,137.63578438464506,139.35623168945312,15
2019-06-24 00:00:00+02:00,131.9582974642735,140.2164494295298,131.9582974642735,138.49600219726562,738
2019-06-25 00:00:00+02:00,138.49599978290027,138.49599978290027,135.05510537835616,135.9153289794922,58
2019-06-26 00:00:00+02:00,135.05510537835616,135.9153289794922,135.05510537835616,135.9153289794922,129
2019-06-27 00:00:00+02:00,135.9153289794922,135.9153289794922,135.9153289794922,135.9153289794922,65
2019-06-28 00:00:00+02:00,137.63577270507812,137.63577270507812,135.91532554626465,137.63577270507812,91
2019-07-01 00:00:00+02:00,137.6357754794034,161.72203618829903,137.6357754794034,151.39935302734375,1836
2019-07-02 00:00:00+02:00,154.6682136339019,157.248884562857,154.32411630112523,154.8402557373047,348
2019-07-03 00:00:00+02:00,153.11979004576966,157.42090774368452,153.11979004576966,156.56068420410156,262
2019-07-04 00:00:00+02:00,156.5607052995859,157.42092895507812,156.5607052995859,157.42092895507812,198
2019-07-05 00:00:00+02:00,157.42092821349218,157.42092821349218,157.24888610839844,157.24888610839844,180
2019-07-08 00:00:00+02:00,157.24886489280266,157.24886489280266,154.84023636854255,156.38864135742188,246
2019-07-09 00:00:00+02:00,153.8079806957008,155.70046997070312,153.11979919770803,155.70046997070312,86
2019-07-10 00:00:00+02:00,154.8402345113914,154.8402345113914,153.98001098632812,153.98001098632812,71
2019-07-11 00:00:00+02:00,153.98003641730133,153.98003641730133,153.11981275016558,153.29185485839844,158
2019-07-12 00:00:00+02:00,153.46388608040945,153.8079833984375,150.53913107000892,153.8079833984375,154
2019-07-15 00:00:00+02:00,153.98001098632812,153.98001098632812,151.39934041113827,153.98001098632812,169
2019-07-16 00:00:00+02:00,154.66820890367723,154.84025100181842,149.6789093017578,149.6789093017578,1230
2019-07-17 00:00:00+02:00,153.98002184812339,155.7004690196108,147.95845674791744,153.46388244628906,351
2019-07-18 00:00:00+02:00,153.46389395441062,153.98003339494977,150.5391387939453,150.5391387939453,86
2019-07-19 00:00:00+02:00,154.668212890625,154.840254993201,152.25958407664766,154.668212890625,228
2019-07-22 00:00:00+02:00,154.84025780734854,154.84025780734854,150.711181640625,150.711181640625,20
2019-07-23 00:00:00+02:00,150.88320104571255,153.98001098632812,150.88320104571255,153.98001098632812,8
2019-07-24 00:00:00+02:00,154.66821588269727,157.42092895507812,154.66821588269727,157.42092895507812,231
2019-07-25 00:00:00+02:00,154.32412032995524,184.94808807008874,154.32412032995524,180.21685791015625,1686
2019-07-26 00:00:00+02:00,174.19528255462646,182.3674069213867,171.18449989318847,172.0447235107422,1533
2019-07-29 00:00:00+02:00,172.04471569882625,182.36739864075582,172.04471569882625,179.78672790527344,345
2019-07-30 00:00:00+02:00,178.06628883361816,180.6469596862793,172.0447235107422,172.0447235107422,1814
2019-07-31 00:00:00+02:00,176.3458335912969,179.78672790527344,176.3458335912969,179.78672790527344,111
2019-08-01 00:00:00+02:00,178.92651129001524,178.92651129001524,172.0447223942454,176.34584045410156,169
2019-08-02 00:00:00+02:00,176.34584045410156,176.34584045410156,176.34584045410156,176.34584045410156,16
2019-08-05 00:00:00+02:00,172.0447235107422,174.6253943634033,167.74360542297362,172.0447235107422,410
2019-08-06 00:00:00+02:00,171.87268948252998,175.48562622070312,165.3349844317623,175.48562622070312,92
2019-08-07 00:00:00+02:00,177.20605213184075,180.64694634799298,163.44247526723174,174.62538146972656,678
2019-08-08 00:00:00+02:00,172.04472935614893,176.77595941344305,172.04472935614893,172.9049530029297,752
2019-08-09 00:00:00+02:00,175.48561698143635,187.52874755859375,175.48561698143635,187.52874755859375,746
2019-08-12 00:00:00+02:00,187.95884190506177,208.1740949245993,187.52873013868864,200.4320831298828,999
2019-08-13 00:00:00+02:00,201.29233504585596,206.4536769701087,197.8514404296875,197.8514404296875,281
2019-08-14 00:00:00+02:00,199.57185959713652,203.8729772608679,199.57185959713652,200.4320831298828,125
2019-08-15 00:00:00+02:00,200.4320831298828,200.4320831298828,200.4320831298828,200.4320831298828,0
2019-08-16 00:00:00+02:00,200.4320906962245,208.17410278320312,200.4320906962245,208.17410278320312,176
2019-08-19 00:00:00+02:00,207.31389563194307,207.31389563194307,200.43210656532256,203.8730010986328,928
2019-08-20 00:00:00+02:00,203.87299996588428,206.4536708515284,184.51796832355348,196.9912109375,476
2019-08-21 00:00:00+02:00,193.55029486791258,203.44286549449478,193.55029486791258,200.4320831298828,441
2019-08-22 00:00:00+02:00,202.15256047442676,211.61502075195312,200.43211315124017,211.61502075195312,137
2019-08-23 00:00:00+02:00,210.7547961964327,213.33546717026655,193.5503230375402,204.7332305908203,776
2019-08-26 00:00:00+02:00,197.4213056517352,197.85141742875422,166.02314592934593,174.62538146972656,3131
2019-08-27 00:00:00+02:00,172.0447223942454,183.657741155857,168.60382794636052,176.34584045410156,2869
2019-08-28 00:00:00+02:00,177.2060546875,178.92650182038835,171.18448972239077,177.2060546875,1320
2019-08-29 00:00:00+02:00,175.91573098989633,179.78673729529748,170.32427743765024,178.926513671875,2298
2019-08-30 00:00:00+02:00,179.78675521780912,190.96966343709866,178.06630779945687,188.3889923095703,1935
2019-09-02 00:00:00+02:00,188.38898273185785,191.82987739362693,175.48562775022373,180.21685791015625,3267
2019-09-03 00:00:00+02:00,175.48560461336677,188.3889578937614,174.62538106134048,176.77593994140625,2325
2019-09-04 00:00:00+02:00,177.20605958182855,186.66851907406212,176.77594778672704,182.36740112304688,2043
2019-09-05 00:00:00+02:00,183.22761951174053,197.85142013004847,173.76516028812952,192.69007873535156,4899
2019-09-06 00:00:00+02:00,185.8083038330078,189.24919834843388,179.78673843101217,185.8083038330078,2293
2019-09-09 00:00:00+02:00,197.8514368780728,204.73322598687534,194.84065414297172,199.57188415527344,1951
2019-09-10 00:00:00+02:00,201.29230655445772,201.29230655445772,177.63615941664753,182.79750061035156,1816
2019-09-11 00:00:00+02:00,180.64695496490037,187.528743725468,173.33505440679727,178.0662841796875,1660
2019-09-12 00:00:00+02:00,174.62537398768353,174.62537398768353,154.84023309252728,158.1090850830078,5879
2019-09-13 00:00:00+02:00,161.72204120342548,170.1522353381599,158.7972861341774,167.7436065673828,2258
2019-09-16 00:00:00+02:00,169.46406706174213,172.90496182441711,160.68978804211534,165.16294860839844,1200
2019-09-17 00:00:00+02:00,160.86180371736225,167.74359211168792,158.1090909848259,163.44247436523438,680
2019-09-18 00:00:00+02:00,160.86181675082,166.02315846475005,153.98002779891326,165.50701904296875,1800
2019-09-19 00:00:00+02:00,165.16294642857142,167.39953324518032,160.86182803199404,162.582275390625,270
2019-09-20 00:00:00+02:00,165.16294642857142,165.16294642857142,157.42093331473214,162.582275390625,576
2019-09-23 00:00:00+02:00,165.1629214638158,165.1629214638158,162.58225081594367,163.44247436523438,398
2019-09-24 00:00:00+02:00,163.27043568586035,163.44247777411277,159.1413599379519,161.72203063964844,204
2019-09-25 00:00:00+02:00,160.861819199371,161.72204283145322,153.98003014271345,158.96932983398438,757
2019-09-26 00:00:00+02:00,154.84024210179106,162.5822542068806,154.84024210179106,161.72203063964844,368
2019-09-27 00:00:00+02:00,161.72203578428437,163.4424829734789,156.56069421670082,162.41021728515625,365
2019-09-30 00:00:00+02:00,161.7220495080435,169.2920204080824,156.56070750246766,160.00160217285156,924
2019-10-01 00:00:00+02:00,160.86181789994436,162.41022305037862,157.42092339941078,161.20590209960938,291
2019-10-02 00:00:00+02:00,157.42092221606617,160.51773249365576,151.39935688539697,154.32411193847656,347
2019-10-03 00:00:00+02:00,152.94777072375885,160.86182584044752,151.3993654968918,160.00160217285156,1285
2019-10-04 00:00:00+02:00,160.86182584044752,162.7543152839644,159.14137850525557,160.00160217285156,280
2019-10-07 00:00:00+02:00,161.72205025353603,163.44249759665874,160.17364501953125,160.17364501953125,241
2019-10-08 00:00:00+02:00,163.2704300108459,168.94789748165675,160.86180148112183,167.39950561523438,530
2019-10-09 00:00:00+02:00,167.74360114166967,175.4856135020544,167.74360114166967,171.52857971191406,1293
2019-10-10 00:00:00+02:00,171.52857142480164,175.91571680078366,171.52857142480164,174.62538146972656,646
2019-10-11 00:00:00+02:00,176.3458340624054,178.06628122398985,176.3458340624054,177.63616943359375,417
2019-10-14 00:00:00+02:00,179.78672790527344,183.22762221924995,178.49639253753222,179.78672790527344,497
2019-10-15 00:00:00+02:00,180.64696091871994,182.3674081655649,174.1952837430514,178.926513671875,480
2019-10-16 00:00:00+02:00,175.4856162932982,179.35662253506212,175.4856162932982,178.49639892578125,134
2019-10-17 00:00:00+02:00,176.3458315687625,178.0662787060187,170.3242665883657,175.0554962158203,469
2019-10-18 00:00:00+02:00,172.0447235107422,172.0447235107422,168.60382904052733,172.0447235107422,431
2019-10-21 00:00:00+02:00,168.60381659146012,174.62538146972656,168.60381659146012,174.62538146972656,204
2019-10-22 00:00:00+02:00,174.6253932301591,182.36740573790016,172.90494600621665,176.34584045410156,587
2019-10-23 00:00:00+02:00,176.34584733075835,176.34584733075835,166.19520568847656,166.19520568847656,995
2019-10-24 00:00:00+02:00,169.4640468424888,171.1844940185547,163.7865659110833,171.1844940185547,163
2019-10-25 00:00:00+02:00,172.04471328883494,178.92650182038835,172.04471328883494,177.2060546875,1010
2019-10-28 00:00:00+01:00,176.3458315687625,178.0662787060187,166.88337231385327,175.0554962158203,514
2019-10-29 00:00:00+01:00,174.1952874376366,174.1952874376366,165.16293920012953,166.02316284179688,624
2019-10-30 00:00:00+01:00,163.44249086122255,163.44249086122255,156.7327438743571,159.14137268066406,1224
2019-10-31 00:00:00+01:00,160.86182584044752,160.86182584044752,154.84026016727572,160.00160217285156,449
2019-11-01 00:00:00+01:00,160.00160217285156,160.00160217285156,160.00160217285156,160.00160217285156,0
2019-11-04 00:00:00+01:00,160.86182584044752,160.86182584044752,154.84026016727572,160.00160217285156,864
2019-11-05 00:00:00+01:00,160.0015989467076,160.0015989467076,148.3025520529039,150.5391387939453,1662
2019-11-06 00:00:00+01:00,148.30253297371718,161.7220254415994,148.30253297371718,156.56068420410156,660
2019-11-07 00:00:00+01:00,162.06610538645754,162.06610538645754,142.45301969551278,158.1090850830078,1801
2019-11-08 00:00:00+01:00,158.10910109281363,158.79728260143588,155.0122908669987,158.28114318847656,364
2019-11-11 00:00:00+01:00,158.28114318847656,158.28114318847656,158.28114318847656,158.28114318847656,0
2019-11-12 00:00:00+01:00,158.10908920054482,158.10908920054482,154.8402371249356,156.56068420410156,276
2019-11-13 00:00:00+01:00,155.70047270669494,155.70047270669494,153.11980188835193,153.8079833984375,400
2019-11-14 00:00:00+01:00,151.57140099029397,154.8402534096928,148.99073010013242,152.25958251953125,470
2019-11-15 00:00:00+01:00,154.66820890367723,154.66820890367723,146.23801483505073,149.6789093017578,505
2019-11-18 00:00:00+01:00,146.23802548363093,149.67892020089286,136.77556501116072,144.517578125,1862
2019-11-19 00:00:00+01:00,142.79713076636904,152.0875491281705,142.79713076636904,144.517578125,580
2019-11-20 00:00:00+01:00,144.51757437178145,147.958468999681,137.63578511598234,139.5282745361328,740
2019-11-21 00:00:00+01:00,141.07667647960574,147.95846557617188,141.07667647960574,147.95846557617188,369
2019-11-22 00:00:00+01:00,149.5068732454398,157.42092821349218,149.5068732454398,157.24888610839844,502
2019-11-25 00:00:00+01:00,158.10910545967533,158.7972869873047,154.84025304791408,158.7972869873047,170
2019-11-26 00:00:00+01:00,157.59295924570546,157.76500133871104,130.23784642676355,155.70046997070312,684
2019-11-27 00:00:00+01:00,151.3993624441964,155.528438590596,149.67891514369418,150.5391387939453,656
2019-11-28 00:00:00+01:00,150.5391410227572,153.11981201171875,146.23802270782127,153.11981201171875,228
2019-11-29 00:00:00+01:00,152.94776900774826,152.94776900774826,142.28098777365213,146.23802185058594,581
2019-12-02 00:00:00+01:00,147.09824550853057,149.67891648236443,146.23802185058594,146.23802185058594,281
2019-12-03 00:00:00+01:00,145.033713979852,149.67891648236443,145.033713979852,146.23802185058594,249
2019-12-04 00:00:00+01:00,149.67891285031342,153.1198073985965,146.23801830203035,147.95846557617188,283
2019-12-05 00:00:00+01:00,147.95846784319195,150.5391387939453,145.3777968924386,150.5391387939453,317
2019-12-06 00:00:00+01:00,150.53913752237958,154.8402557373047,150.53913752237958,154.8402557373047,231
2019-12-09 00:00:00+01:00,154.840254993201,154.840254993201,150.53913679894544,154.668212890625,58
2019-12-10 00:00:00+01:00,150.53911688607496,153.98001098632812,150.53911688607496,153.98001098632812,41
2019-12-11 00:00:00+01:00,153.1198061495851,153.1198061495851,147.958464369262,152.25958251953125,216
2019-12-12 00:00:00+01:00,152.2595926604031,154.84026372244384,146.23802684897473,153.63595581054688,372
2019-12-13 00:00:00+01:00,150.53914528570928,153.63595581054688,149.67892159836236,153.63595581054688,62
2019-12-16 00:00:00+01:00,150.53912943059748,151.39935302734375,148.81868223710495,151.39935302734375,518
2019-12-17 00:00:00+01:00,154.8402371249356,156.56068420410156,149.67889588743776,156.56068420410156,858
2019-12-18 00:00:00+01:00,154.84025424744013,154.84025424744013,147.27028363681552,154.4961700439453,640
2019-12-19 00:00:00+01:00,153.46389035121825,153.46389035121825,147.958464369262,152.25958251953125,1125
2019-12-20 00:00:00+01:00,150.53913049530564,151.39935409813597,144.5175652754934,147.09823608398438,1335
2019-12-23 00:00:00+01:00,146.23801336901923,149.67890780123142,139.3562245045948,149.33482360839844,2252
2019-12-24 00:00:00+01:00,149.33482360839844,149.33482360839844,149.33482360839844,149.33482360839844,0
2019-12-25 00:00:00+01:00,149.33482360839844,149.33482360839844,149.33482360839844,149.33482360839844,0
2019-12-26 00:00:00+01:00,149.33482360839844,149.33482360839844,149.33482360839844,149.33482360839844,0
2019-12-27 00:00:00+01:00,150.36709689687967,158.1091097598383,149.5068732454398,157.24888610839844,1479
2019-12-30 00:00:00+01:00,157.93706610243925,162.58226852416993,152.4316269117524,154.8402557373047,852
2019-12-31 00:00:00+01:00,154.8402557373047,154.8402557373047,154.8402557373047,154.8402557373047,0
2020-01-01 00:00:00+01:00,154.8402557373047,154.8402557373047,154.8402557373047,154.8402557373047,0
2020-01-02 00:00:00+01:00,154.84025108622996,160.86181640625,140.38849169298769,160.86181640625,523
2020-01-03 00:00:00+01:00,155.18433994411026,157.42092666625976,146.23801930745444,154.8402557373047,638
2020-01-06 00:00:00+01:00,154.8402557373047,154.8402557373047,154.8402557373047,154.8402557373047,0
2020-01-07 00:00:00+01:00,155.700462421618,166.8833685623972,155.700462421618,163.44247436523438,381
2020-01-08 00:00:00+01:00,159.14136829968263,160.86181552454406,154.84025023752903,158.62522888183594,2564
2020-01-09 00:00:00+01:00,159.14136473665533,167.57155857492626,158.79728054977502,166.8833770751953,1747
2020-01-10 00:00:00+01:00,167.0554239037365,178.06628883361816,167.0554239037365,172.0447235107422,2050
2020-01-13 00:00:00+01:00,175.48562622070312,177.20607353659238,172.04473158892463,175.48562622070312,388
2020-01-14 00:00:00+01:00,172.904944715161,172.904944715161,167.74360308187264,169.46405029296875,608
2020-01-15 00:00:00+01:00,169.46404822897796,186.66852013039704,169.46404822897796,178.0662841796875,4052
2020-01-16 00:00:00+01:00,182.3673934560691,184.94806411818328,169.63608223111183,174.62538146972656,2263
2020-01-17 00:00:00+01:00,172.04471951883406,175.9157257080078,168.60382512845737,175.9157257080078,481
2020-01-20 00:00:00+01:00,175.485629846554,175.485629846554,172.04473514368038,173.7651824951172,624
2020-01-21 00:00:00+01:00,171.8726740674799,177.63616943359375,170.32426899685984,177.63616943359375,395
2020-01-22 00:00:00+01:00,177.63617823674127,178.926513671875,172.04472468449518,178.926513671875,496
2020-01-23 00:00:00+01:00,181.0770637567626,181.0770637567626,176.3458340624054,177.63616943359375,578
2020-01-24 00:00:00+01:00,180.2168367234923,180.2168367234923,176.34583068408554,179.3566131591797,237
2020-01-27 00:00:00+01:00,178.06629004845252,178.06629004845252,167.7436065673828,167.7436065673828,2322
2020-01-28 00:00:00+01:00,168.60382904052733,175.48561798095702,167.74360542297362,172.0447235107422,1037
2020-01-29 00:00:00+01:00,169.11996846144785,176.34584159851073,167.74360542297362,172.0447235107422,1774
2020-01-30 00:00:00+01:00,176.34583398309678,176.34583398309678,164.30270385742188,164.30270385742188,2422
2020-01-31 00:00:00+01:00,163.44249070292773,171.18450342043482,163.44249070292773,170.32427978515625,1024
2020-02-03 00:00:00+01:00,170.32427571614582,174.19528198242188,167.39952067645888,174.19528198242188,487
2020-02-04 00:00:00+01:00,174.19527464506157,179.78672790527344,170.324268541838,179.78672790527344,1379
2020-02-05 00:00:00+01:00,179.78673962055223,187.5287523314851,179.78673962055223,181.50718688964844,973
2020-02-06 00:00:00+01:00,181.5071898115442,184.948084405128,176.34584792116854,181.9373016357422,1001
2020-02-07 00:00:00+01:00,181.5071750622617,181.5071750622617,176.3458335912969,179.78672790527344,165
2020-02-10 00:00:00+01:00,178.92651129001524,178.92651129001524,176.34584045410156,176.34584045410156,418
2020-02-11 00:00:00+01:00,178.92652529761904,180.64697265625,178.92652529761904,180.64697265625,561
2020-02-12 00:00:00+01:00,182.36740573790016,182.79751754388576,176.34584045410156,176.34584045410156,246
2020-02-13 00:00:00+01:00,176.3458359916255,182.79751291814839,176.3458359916255,182.36740112304688,355
2020-02-14 00:00:00+01:00,176.34585425967262,180.64697265625,170.32428850446428,180.64697265625,1492
2020-02-17 00:00:00+01:00,178.926513671875,181.93729635385367,172.90494830791766,178.926513671875,523
2020-02-18 00:00:00+01:00,176.34585425967262,180.64697265625,176.34585425967262,180.64697265625,162
2020-02-19 00:00:00+01:00,180.646955316717,192.69008567116478,179.7867317199707,189.2491912841797,1594
2020-02-20 00:00:00+01:00,189.24919234874636,190.96963955191677,184.9480743408203,184.9480743408203,197
2020-02-21 00:00:00+01:00,186.66853077086057,196.56110267807207,186.66853077086057,195.27076721191406,1565
2020-02-24 00:00:00+01:00,195.27074988647183,198.7116441575991,184.08784350530826,190.53952026367188,1524
2020-02-25 00:00:00+01:00,188.38897102169872,188.38897102169872,170.32427517030297,176.34584045410156,4473
2020-02-26 00:00:00+01:00,172.0447223942454,176.77595226008717,157.42092099073457,176.34584045410156,5229
2020-02-27 00:00:00+01:00,175.91572297684235,175.91572297684235,162.41021532948662,171.012451171875,1474
2020-02-28 00:00:00+01:00,161.72204376930415,161.72204376930415,137.6357819313227,147.95846557617188,3511
2020-03-02 00:00:00+01:00,155.70047938028972,163.44249216715497,142.79712473551433,154.8402557373047,2696
2020-03-03 00:00:00+01:00,163.44248733520507,177.20606521606445,161.72204010009764,172.0447235107422,4411
2020-03-04 00:00:00+01:00,172.0447235107422,175.48561798095702,165.1629345703125,172.0447235107422,1063
2020-03-05 00:00:00+01:00,172.04472991593093,176.3458481638292,166.36724857831672,168.43179321289062,1192
2020-03-06 00:00:00+01:00,164.81884325605316,171.52857668243877,160.8618095358005,164.30270385742188,848
2020-03-09 00:00:00+01:00,148.818683289645,153.63594071588298,144.5175652754934,147.09823608398438,3479
2020-03-10 00:00:00+01:00,154.84025780734854,159.1413760797749,150.711181640625,150.711181640625,449
2020-03-11 00:00:00+01:00,154.84026489257812,154.84026489257812,129.03355407714844,129.03355407714844,3892
2020-03-12 00:00:00+01:00,112.68928912738421,129.03353716876055,93.76437034263267,95.48481750488281,4817
2020-03-13 00:00:00+01:00,111.8290699146412,134.19488389756944,104.94728099681713,116.13018798828125,7120
2020-03-16 00:00:00+01:00,114.23769187305426,135.9153230509181,107.5279454516757,135.0550994873047,7464
2020-03-17 00:00:00+01:00,147.958464369262,159.14137155996204,124.73242635780808,152.25958251953125,2691
2020-03-18 00:00:00+01:00,153.11982980353756,156.56072485530242,141.07669712236043,142.1089630126953,1910
2020-03-19 00:00:00+01:00,146.23799926075856,153.98001098632812,143.6573286855687,153.98001098632812,893
2020-03-20 00:00:00+01:00,154.840254672738,159.14137285809184,142.7971237537473,147.95846557617188,3562
2020-03-23 00:00:00+01:00,145.2057502589081,149.6789104755108,131.61421438363882,145.37779235839844,874
2020-03-24 00:00:00+01:00,151.3993675786096,154.4961780749244,138.49601238725083,149.16278076171875,4436
2020-03-25 00:00:00+01:00,149.67890583385122,169.2920064648603,129.89376310868698,151.39935302734375,6821
2020-03-26 00:00:00+01:00,151.39937333673376,152.2595970488743,149.33484167798534,152.08755493164062,834
2020-03-27 00:00:00+01:00,152.08754613174875,152.08754613174875,147.09824626482362,148.474609375,1081
2020-03-30 00:00:00+02:00,148.47460629244497,148.47460629244497,141.9369013437968,143.6573486328125,1967
2020-03-31 00:00:00+02:00,146.7541649416089,153.98003859747024,144.517578125,144.517578125,2556
2020-04-01 00:00:00+02:00,152.25956650618667,160.00157836243346,147.09822526868882,156.56068420410156,1016
2020-04-02 00:00:00+02:00,159.14136821467702,178.92651129001524,152.25957931890719,176.34584045410156,7068
2020-04-03 00:00:00+02:00,180.64695633289426,191.829863153502,179.78673273130903,184.9480743408203,8063
2020-04-06 00:00:00+02:00,192.69008463541667,204.73321492513023,184.08784871419272,193.55030822753906,9396
2020-04-07 00:00:00+02:00,190.10942190911572,202.1525527087882,183.22763288073145,196.9912109375,12938
2020-04-08 00:00:00+02:00,216.77635986328124,309.68051409040174,209.8945706612723,301.0782775878906,21013
2020-04-09 00:00:00+02:00,356.99279577835745,356.99279577835745,293.3362490612528,316.5622863769531,16375
2020-04-10 00:00:00+02:00,316.5622863769531,316.5622863769531,316.5622863769531,316.5622863769531,0
2020-04-13 00:00:00+02:00,316.5622863769531,316.5622863769531,316.5622863769531,316.5622863769531,0
2020-04-14 00:00:00+02:00,365.59507493848923,386.24044387619216,292.4760599507914,331.1861267089844,24155
2020-04-15 00:00:00+02:00,329.46569018094044,329.46569018094044,269.2500287901681,273.5511474609375,20189
2020-04-16 00:00:00+02:00,276.13178749971615,295.91693115234375,268.38977476607926,295.91693115234375,7616
2020-04-17 00:00:00+02:00,301.0782527923584,307.0998178482056,262.3681917190552,275.27154541015625,13791
2020-04-20 00:00:00+02:00,300.2180405779583,359.57346980397296,290.75558084627477,352.6916809082031,14788
2020-04-21 00:00:00+02:00,352.69167501360977,360.43368739195733,320.86340190262547,351.8314514160156,7739
2020-04-22 00:00:00+02:00,350.1110147329477,412.90733924278845,349.2507911095252,402.58465576171875,8585
2020-04-23 00:00:00+02:00,422.36978784921115,422.36978784921115,381.07905502484834,396.5630798339844,6135
2020-04-24 00:00:00+02:00,387.10062455157845,395.70286065272467,375.9177176200884,379.3586120605469,3159
2020-04-27 00:00:00+02:00,392.261966852339,442.15493632039966,392.261966852339,424.0902404785156,8810
2020-04-28 00:00:00+02:00,449.0367620614859,459.3594462468074,431.8322884192834,447.3163146972656,6133
2020-04-29 00:00:00+02:00,481.7252619816707,481.7252619816707,438.71407787616437,447.3163146972656,5456
2020-04-30 00:00:00+02:00,455.9185158058449,464.520751953125,440.4344907407407,464.520751953125,5161
2020-05-01 00:00:00+02:00,464.520751953125,464.520751953125,464.520751953125,464.520751953125,0
2020-05-04 00:00:00+02:00,473.1229683107158,507.53191146058606,473.1229683107158,497.209228515625,9228
2020-05-05 00:00:00+02:00,507.5319451345524,509.25239240619493,474.84344697334393,488.6070251464844,5553
2020-05-06 00:00:00+02:00,493.7683381111391,498.9296796244959,473.12297205771165,480.0047607421875,2801
2020-05-07 00:00:00+02:00,480.00477951379133,486.88656846739406,461.07985989138376,478.2843322753906,1751
2020-05-08 00:00:00+02:00,485.16610225554433,486.8865494266633,464.5207362021169,480.0047607421875,2931
2020-05-11 00:00:00+02:00,486.88658436920684,516.1341883772511,486.88658436920684,507.5319519042969,6094
2020-05-12 00:00:00+02:00,507.53194028372445,507.53194028372445,473.12299517974316,483.4456787109375,4884
2020-05-13 00:00:00+02:00,473.12299529118326,488.60702059162196,452.4776282239316,461.0798645019531,4411
2020-05-14 00:00:00+02:00,461.0798646216299,464.52075913373164,411.18689419615504,438.71405029296875,12906
2020-05-15 00:00:00+02:00,450.75715294899595,455.91849439497685,440.4344700570342,452.47760009765625,3270
2020-05-18 00:00:00+02:00,455.9185181761817,485.16612122899335,455.9185181761817,478.2843322753906,3586
2020-05-19 00:00:00+02:00,480.00477951379133,485.16612122899335,467.9616488449865,478.2843322753906,997
2020-05-20 00:00:00+02:00,478.2843278249105,497.2092472712199,471.40253893534344,495.4888000488281,1108
2020-05-21 00:00:00+02:00,497.20924954363824,498.929696773893,467.96164662930653,486.8865661621094,1534
2020-05-22 00:00:00+02:00,486.8865639368693,495.4888000488281,480.00477504730225,495.4888000488281,640
2020-05-25 00:00:00+02:00,504.09105796002325,566.0271606445312,495.48882147606383,566.0271606445312,5591
2020-05-26 00:00:00+02:00,586.6725198281778,686.4584616171347,552.2635743837099,636.5654907226562,4784
2020-05-27 00:00:00+02:00,627.9632702995749,645.1677434584674,584.9520874023438,584.9520874023438,5567
2020-05-28 00:00:00+02:00,595.2747362205148,643.4472582267992,593.5542890060046,624.5223388671875,3756
2020-05-29 00:00:00+02:00,626.2427368164062,636.5654192914019,622.8018426580743,626.2427368164062,911
2020-06-01 00:00:00+02:00,617.6405571106284,643.447265625,617.6405571106284,643.447265625,1082
2020-06-02 00:00:00+02:00,643.4472582267992,643.4472582267992,619.360997223657,624.5223388671875,786
2020-06-03 00:00:00+02:00,626.2427415383238,626.2427415383238,596.9951409719736,600.43603515625,2524
2020-06-04 00:00:00+02:00,600.4361078752789,621.0814754813058,595.2747659737723,602.1565551757812,1273
2020-06-05 00:00:00+02:00,609.0382706169413,614.1996118933561,598.7155880641118,600.43603515625,966
2020-06-08 00:00:00+02:00,605.597412109375,615.9200952703303,576.3498098200018,605.597412109375,3938
2020-06-09 00:00:00+02:00,602.1564675442999,615.9200439453125,591.8337852435404,615.9200439453125,1079
2020-06-10 00:00:00+02:00,615.9201251173873,679.5766743613631,607.3178887330662,672.6948852539062,2590
2020-06-11 00:00:00+02:00,672.6948852539062,672.6948852539062,672.6948852539062,672.6948852539062,0
2020-06-12 00:00:00+02:00,633.1245437582021,660.6516978346457,610.7587310710917,655.4903564453125,1956
2020-06-15 00:00:00+02:00,652.0495179315357,679.5766743613631,633.1245978860294,672.6948852539062,1242
2020-06-16 00:00:00+02:00,681.2970978018558,693.3402283185552,653.7699423351141,669.2539672851562,3125
2020-06-17 00:00:00+02:00,660.6517223011364,763.878553910689,660.6517223011364,756.9967651367188,3652
2020-06-18 00:00:00+02:00,741.5127654592441,841.2987060546875,741.5127654592441,841.2987060546875,3625
2020-06-19 00:00:00+02:00,841.2987320511429,860.2236524040317,784.5239709924768,836.1373901367188,4485
2020-06-22 00:00:00+02:00,834.4168532435374,834.4168532435374,782.8034396408443,796.5670166015625,3229
2020-06-23 00:00:00+02:00,786.2443611564216,805.1692801339285,769.0398893586881,782.803466796875,1518
2020-06-24 00:00:00+02:00,786.244453415068,911.8371122756806,786.244453415068,868.825927734375,4664
2020-06-25 00:00:00+02:00,890.3314412434895,946.2459762008101,873.1269689489294,929.04150390625,2948
2020-06-26 00:00:00+02:00,920.4392510775862,1092.4839709051723,911.8370150862069,997.859375,6335
2020-06-29 00:00:00+02:00,1023.6660829741379,1070.9783809267242,941.9448410560344,997.859375,4002
2020-06-30 00:00:00+02:00,1015.0637932854729,1015.0637932854729,933.342555690456,954.84814453125,1959
2020-07-01 00:00:00+02:00,972.0526091202446,993.5581978175951,907.535843028193,989.257080078125,1796
2020-07-02 00:00:00+02:00,989.2571390086207,1058.0750269396551,980.6549030172414,997.859375,1364
2020-07-03 00:00:00+02:00,997.8595101492746,997.8595101492746,929.0416128976004,963.4505615234375,3145
2020-07-06 00:00:00+02:00,1023.6660187550079,1066.6771960136218,963.4503705929487,1006.4615478515625,6462
2020-07-07 00:00:00+02:00,989.2572729928153,1015.0639844621932,937.6438500540597,963.4505615234375,5813
2020-07-08 00:00:00+02:00,972.0527986798968,1002.1606287275042,963.4505615234375,963.4505615234375,3687
2020-07-09 00:00:00+02:00,976.3538100469681,976.3538100469681,903.2348022460938,903.2348022460938,5544
2020-07-10 00:00:00+02:00,903.234750641262,1032.2682864471567,903.234750641262,1002.1604614257812,11912
2020-07-13 00:00:00+02:00,1006.4615951045866,1079.580599877142,993.5582413211945,1066.67724609375,2947
2020-07-14 00:00:00+02:00,1075.2796101120284,1187.1086895636793,1045.1717810288915,1139.79638671875,4111
2020-07-15 00:00:00+02:00,1139.796333460274,1157.0008064181648,1079.5806781076556,1113.9896240234375,1773
2020-07-16 00:00:00+02:00,1118.2906788793102,1122.591796875,1049.4727909482758,1122.591796875,1981
2020-07-17 00:00:00+02:00,1122.591784802112,1191.409671993046,1101.086195054945,1174.2052001953125,4607
2020-07-20 00:00:00+02:00,1195.7107293948916,1204.3129648581642,1118.2906102254383,1165.6029052734375,2384
2020-07-21 00:00:00+02:00,1165.6030733548678,1165.6030733548678,1109.688534780649,1118.290771484375,4272
2020-07-22 00:00:00+02:00,1109.6884213402157,1118.2906571645585,1058.0750063941591,1083.8817138671875,1985
2020-07-23 00:00:00+02:00,1058.0750438456632,1092.4839883609693,1006.461627072704,1053.77392578125,1762
2020-07-24 00:00:00+02:00,1032.2683469082447,1032.2683469082447,976.3538114507147,1010.7627563476562,3096
2020-07-27 00:00:00+02:00,1010.7627660272406,1023.6661204871627,972.0527026474739,976.3538208007812,2682
2020-07-28 00:00:00+02:00,976.3537333720438,1148.3984440983952,911.8369668496622,954.84814453125,10044
2020-07-29 00:00:00+02:00,903.2348121945554,1049.472829407007,864.5247488147887,976.3538208007812,9863
2020-07-30 00:00:00+02:00,989.2571414169387,1015.0638494539023,848.1804708148709,864.5247192382812,6930
2020-07-31 00:00:00+02:00,903.2348859920057,980.6550190770348,898.9337674872819,924.740478515625,3455
2020-08-03 00:00:00+02:00,916.138196556969,997.8594441371681,916.138196556969,972.052734375,2085
2020-08-04 00:00:00+02:00,989.2570884011009,1006.4615595037287,911.8369684392756,946.2459106445312,2108
2020-08-05 00:00:00+02:00,954.8482348523332,972.0527075523752,929.0415258022701,959.1493530273438,1191
2020-08-06 00:00:00+02:00,963.4505615234375,989.2572729928153,946.246087210519,963.4505615234375,2219
2020-08-07 00:00:00+02:00,963.4503752055921,984.9559639378598,933.3425509804173,980.6548461914062,2059
2020-08-10 00:00:00+02:00,984.9560571073961,989.2571752607035,967.7515844941665,976.3538208007812,642
2020-08-11 00:00:00+02:00,976.3538257273857,976.3538257273857,950.5471166773227,959.1493530273438,568
2020-08-12 00:00:00+02:00,950.5469984638092,959.1492337440246,916.1380573429473,941.9447631835938,1425
2020-08-13 00:00:00+02:00,946.2460632324219,1032.2684326171875,929.0415893554688,1032.2684326171875,1801
2020-08-14 00:00:00+02:00,1023.666140281548,1023.666140281548,954.8482484979145,1015.0639038085938,2410
2020-08-17 00:00:00+02:00,1002.1605545343137,1118.2907475490197,989.257199754902,1096.78515625,3733
2020-08-18 00:00:00+02:00,1092.484004057655,1126.892949067345,1066.6772953003876,1109.6884765625,2367
2020-08-19 00:00:00+02:00,1113.989478027344,1118.290595703125,1062.3760659179688,1075.2794189453125,987
2020-08-20 00:00:00+02:00,1045.1715981088034,1066.677186547256,1019.3648919826601,1058.074951171875,882
2020-08-21 00:00:00+02:00,1027.9672336330661,1070.9784149566256,993.5582885742188,993.5582885742188,2369
2020-08-24 00:00:00+02:00,1006.4615510360055,1023.6660219938859,984.9559623386549,989.257080078125,1367
2020-08-25 00:00:00+02:00,997.8593155570653,1002.1604332965354,963.4503736413044,989.257080078125,1161
2020-08-26 00:00:00+02:00,989.257080078125,993.5581978175951,972.0526091202446,989.257080078125,513
2020-08-27 00:00:00+02:00,993.5581858565167,1066.677186547256,993.5581858565167,1058.074951171875,1819
2020-08-28 00:00:00+02:00,1066.6772130229083,1092.4839197895917,1040.870506256225,1079.58056640625,2690
2020-08-31 00:00:00+02:00,1092.4840944434413,1113.9896868537453,1002.1606063201647,1023.6661987304688,2587
2020-09-01 00:00:00+02:00,1015.0637881630345,1023.6660236559416,946.2459042197779,980.6548461914062,1985
2020-09-02 00:00:00+02:00,984.9560646298785,989.2571828160351,920.4392918375283,950.547119140625,2813
2020-09-03 00:00:00+02:00,959.1492337440246,997.8592925049943,941.9447631835938,941.9447631835938,4317
2020-09-04 00:00:00+02:00,924.7403881037346,946.2459785247518,911.8370338511244,920.4392700195312,2149
2020-09-07 00:00:00+02:00,920.4392655398867,980.6549184256737,916.1381474766163,937.6437377929688,1356
2020-09-08 00:00:00+02:00,929.0415766789363,937.6438135000376,827.5351821899415,894.6326293945312,4971
2020-09-09 00:00:00+02:00,877.4280936104911,920.4392746698289,873.1269755045573,903.2348022460938,1035
2020-09-10 00:00:00+02:00,903.2348753674195,911.8371122756806,864.5248092802444,868.825927734375,1564
2020-09-11 00:00:00+02:00,881.7292427902587,929.0415436229067,851.6214149876645,898.9337158203125,1839
2020-09-14 00:00:00+02:00,911.8369684392756,946.2459106445312,911.8369684392756,946.2459106445312,1288
2020-09-15 00:00:00+02:00,946.2459833054315,967.7515738351005,903.2348022460938,903.2348022460938,1437
2020-09-16 00:00:00+02:00,903.2347932868047,937.6437377929688,898.9336752235342,937.6437377929688,1112
2020-09-17 00:00:00+02:00,937.6438135000376,937.6438135000376,873.1270373417781,894.6326293945312,2244
2020-09-18 00:00:00+02:00,890.3315109839806,903.2348662156326,886.03039257343,894.6326293945312,725
2020-09-21 00:00:00+02:00,894.6325146484376,894.6325146484376,848.180441772461,860.2235717773438,1378
2020-09-22 00:00:00+02:00,858.5031880080098,873.1269898077454,851.6213989257812,851.6213989257812,1288
2020-09-23 00:00:00+02:00,856.7827362506524,860.2236307737475,810.3306601888701,824.09423828125,2278
2020-09-24 00:00:00+02:00,796.5671036430027,808.6102347995924,763.8786047894022,791.40576171875,5383
2020-09-25 00:00:00+02:00,808.6102171618529,864.5247534549598,803.4488753501815,851.6213989257812,2892
2020-09-28 00:00:00+02:00,873.1269199408374,903.2347447663835,860.2235664441747,886.0302734375,1171
2020-09-29 00:00:00+02:00,886.0303690492226,903.2348422346444,860.2236592710899,873.1270141601562,873
2020-09-30 00:00:00+02:00,864.524746165556,877.4281005859375,843.0191554649203,877.4281005859375,6547
2020-10-01 00:00:00+02:00,877.428081466491,911.837025837726,853.3418204066265,856.78271484375,1107
2020-10-02 00:00:00+02:00,853.3418083079267,881.7291870117188,851.6213611137575,881.7291870117188,396
2020-10-05 00:00:00+02:00,903.2348859920057,941.9449525345203,903.2348859920057,924.740478515625,2514
2020-10-06 00:00:00+02:00,924.7404001273361,946.2459908279718,877.4281005859375,877.4281005859375,982
2020-10-07 00:00:00+02:00,877.4280377730582,903.2347447663835,873.1269199408374,886.0302734375,579
2020-10-08 00:00:00+02:00,894.6325091019418,903.2347447663835,868.8258021086165,886.0302734375,3556
2020-10-09 00:00:00+02:00,868.8258958638008,881.7292507528672,846.4600807227524,873.1270141601562,2599
2020-10-12 00:00:00+02:00,894.6325409679878,898.9336589534108,873.1269510408727,881.7291870117188,1598
2020-10-13 00:00:00+02:00,886.0302734375,886.0302734375,864.5246842763956,886.0302734375,2006
2020-10-14 00:00:00+02:00,868.8258958638008,873.1270141601562,848.1805280412947,873.1270141601562,2130
2020-10-15 00:00:00+02:00,858.5031905193717,873.1269923618861,818.9329031808036,843.0191650390625,2156
2020-10-16 00:00:00+02:00,817.2124400167522,860.2236210702655,817.2124400167522,858.503173828125,2425
2020-10-19 00:00:00+02:00,855.0622575431034,1010.762728987069,836.1373383620689,997.859375,7421
2020-10-20 00:00:00+02:00,984.9559689083615,989.2570866765202,929.0414379222973,954.84814453125,1277
2020-10-21 00:00:00+02:00,937.6437447026091,967.7515713673718,877.4280913730837,911.8370361328125,755
2020-10-22 00:00:00+02:00,903.2347687197404,937.6437122900162,877.4280610420335,916.1381225585938,1010
2020-10-23 00:00:00+02:00,907.535830585277,924.7403013072728,858.503089027589,890.3313598632812,949
2020-10-26 00:00:00+01:00,864.5247775674453,894.6326056419335,860.2236592710899,873.1270141601562,1011
2020-10-27 00:00:00+01:00,868.825927734375,868.825927734375,839.5783222462871,868.825927734375,563
2020-10-28 00:00:00+01:00,860.2236429850261,864.5247611999512,774.2012786865234,825.814697265625,4537
2020-10-29 00:00:00+01:00,824.0942176910768,858.5031620623117,798.2875094126506,856.78271484375,2224
2020-10-30 00:00:00+01:00,841.2986587367106,843.0191058915915,808.6101627939755,834.4168701171875,638
2020-11-02 00:00:00+01:00,843.0191625729956,856.7827407374526,837.8578207613242,851.6213989257812,406
2020-11-03 00:00:00+01:00,848.180504384667,868.8258716313526,829.2555844085385,851.6213989257812,828
2020-11-04 00:00:00+01:00,858.5030889683807,858.5030889683807,844.7395123917332,855.0621948242188,210
2020-11-05 00:00:00+01:00,855.0622496112263,920.4392425392476,855.0622496112263,907.535888671875,2416
2020-11-06 00:00:00+01:00,903.234834077826,911.8370705928529,864.5247697602049,898.9337158203125,566
2020-11-09 00:00:00+01:00,907.5358625986044,920.4392160952669,864.5246842763956,886.0302734375,1011
2020-11-10 00:00:00+01:00,890.3313912697208,890.3313912697208,827.5350709192961,886.0302734375,546
2020-11-11 00:00:00+01:00,886.0302734375,886.0302734375,886.0302734375,886.0302734375,0
2020-11-12 00:00:00+01:00,873.1269710932936,933.3426242721415,873.1269710932936,920.4392700195312,1207
2020-11-13 00:00:00+01:00,924.7403604950385,924.7403604950385,890.3314168487115,907.535888671875,288
2020-11-16 00:00:00+01:00,916.1381888503664,929.0415436229067,886.0303610477722,898.9337158203125,401
2020-11-17 00:00:00+01:00,825.8147151295732,873.127016517205,825.8147151295732,846.4600830078125,2130
2020-11-18 00:00:00+01:00,830.9760482222946,860.2236524040317,830.9760482222946,836.1373901367188,515
2020-11-19 00:00:00+01:00,841.2987410382527,849.9009776541858,836.1373990686928,846.4600830078125,444
2020-11-20 00:00:00+01:00,851.6214277514197,851.6214277514197,830.9760598059307,837.8578491210938,644
2020-11-23 00:00:00+01:00,843.019191107466,843.019191107466,812.0511391892326,837.8578491210938,721
2020-11-24 00:00:00+01:00,837.8577644269491,839.5782115818299,822.3737400330219,834.4168701171875,504
2020-11-25 00:00:00+01:00,829.2555944181744,832.6964890008223,812.0511215049343,817.2124633789062,508
2020-11-26 00:00:00+01:00,825.8147024601063,841.2987281312334,808.6102294921875,808.6102294921875,642
2020-11-27 00:00:00+01:00,815.4920068671707,815.4920068671707,791.4057450609674,806.8897705078125,574
2020-11-30 00:00:00+01:00,800.0079890179738,806.8897781708166,774.2012796948134,781.0830688476562,1672
2020-12-01 00:00:00+01:00,791.4057198217359,815.4919808597888,763.8785643496756,812.0510864257812,5871
2020-12-02 00:00:00+01:00,815.49193492255,824.0941705229988,784.5238867609341,796.5670166015625,1064
2020-12-03 00:00:00+01:00,796.5671036430027,808.6102347995924,786.2444197944973,791.40576171875,617
2020-12-04 00:00:00+01:00,789.6852281212034,803.4488050819216,786.2443338810239,796.5670166015625,623
2020-12-07 00:00:00+01:00,832.6964946546053,903.234834077826,810.3306797155353,898.9337158203125,4728
2020-12-08 00:00:00+01:00,877.4281005859375,890.331455006319,864.524746165556,877.4281005859375,586
2020-12-09 00:00:00+01:00,903.2347563124194,903.2347563124194,834.4168701171875,834.4168701171875,2059
2020-12-10 00:00:00+01:00,843.0191003417968,873.1269253540039,834.4168646240234,860.2235717773438,1816
2020-12-11 00:00:00+01:00,860.2236643953735,868.8259010393272,810.3306918604418,837.8578491210938,1794
2020-12-14 00:00:00+01:00,837.8578335376495,843.0191754280253,800.007993008228,808.6102294921875,2161
2020-12-15 00:00:00+01:00,830.9760179538765,890.3314478077248,818.9328872588927,858.503173828125,1352
2020-12-16 00:00:00+01:00,851.6213989257812,856.7827407374526,836.137373490767,851.6213989257812,478
2020-12-17 00:00:00+01:00,851.6213871882512,856.782728928786,837.8578092134916,849.9009399414062,760
2020-12-18 00:00:00+01:00,853.3417888208762,853.3417888208762,817.2123985683795,834.4168701171875,893
2020-12-21 00:00:00+01:00,820.6533554077149,832.6964864095053,800.0079879760742,825.814697265625,557
2020-12-22 00:00:00+01:00,827.5351589427275,832.6965008903952,808.6102384679458,818.9329223632812,1028
2020-12-23 00:00:00+01:00,815.4919786753145,825.8146619496855,806.8897426133385,820.6533203125,1031
2020-12-28 00:00:00+01:00,808.6101513066568,832.6964111328125,806.8897041762172,832.6964111328125,3510
2020-12-29 00:00:00+01:00,832.6964344006749,929.0414763974472,830.9759872221612,916.1381225585938,2696
2020-12-30 00:00:00+01:00,920.4392039905895,954.8481461958452,898.9336151123047,946.2459106445312,4198
2021-01-04 00:00:00+01:00,946.2459364149305,997.8593511284722,946.2459364149305,967.7515258789062,1730
2021-01-05 00:00:00+01:00,967.7515490301723,1027.9672009698274,963.4504310344827,997.859375,2236
2021-01-07 00:00:00+01:00,997.8593155570653,1019.3649042544158,963.4503736413044,989.257080078125,876
2021-01-08 00:00:00+01:00,989.2571802524172,993.5582984274278,946.2459985023122,959.1493530273438,1407
2021-01-11 00:00:00+01:00,963.450473699095,1006.4616555606618,920.4392918375283,950.547119140625,1111
2021-01-12 00:00:00+01:00,954.8482100460507,980.6549184256737,903.2347932868047,937.6437377929688,2381
2021-01-13 00:00:00+01:00,937.6436750932173,954.8481461958452,929.0414395419034,946.2459106445312,771
2021-01-14 00:00:00+01:00,954.8482300342442,976.3538208007814,929.0415211143999,976.3538208007812,698
2021-01-15 00:00:00+01:00,946.2459106445312,967.7514995228161,924.7403217662464,946.2459106445312,805
2021-01-18 00:00:00+01:00,924.7404076272596,984.9560620774067,924.7404076272596,959.1493530273438,580
2021-01-19 00:00:00+01:00,963.4504977876106,972.052734375,933.3426697317477,972.052734375,317
2021-01-20 00:00:00+01:00,976.3538396803,1049.4728497004105,976.3538396803,1015.0639038085938,2734
2021-01-21 00:00:00+01:00,1045.1716344346562,1045.1716344346562,1010.7626917372189,1027.9671630859375,569
2021-01-22 00:00:00+01:00,1027.9672585180251,1027.9672585180251,967.7516032073457,1015.0639038085938,999
2021-01-25 00:00:00+01:00,1023.6661814060794,1036.569536633887,976.3538789041178,984.9561157226562,748
2021-01-26 00:00:00+01:00,972.0526091202446,997.8593155570653,967.7514913807745,989.257080078125,542
2021-01-27 00:00:00+01:00,997.8593239524148,1019.3649128306996,941.9447928688743,946.2459106445312,1171
2021-01-28 00:00:00+01:00,946.246087210519,980.6550358363561,903.2349014282227,963.4505615234375,1233
2021-01-29 00:00:00+01:00,976.3538092118275,1023.6661083366297,972.0526911095727,1019.364990234375,1427
2021-02-01 00:00:00+01:00,1019.3650023338554,1019.3650023338554,967.7515844941665,976.3538208007812,1330
2021-02-02 00:00:00+01:00,980.6549709623894,1006.4616807245575,933.3426697317477,972.052734375,1156
2021-02-03 00:00:00+01:00,963.4504461725917,967.7515642358622,920.4392655398867,937.6437377929688,1624
2021-02-04 00:00:00+01:00,941.9448983954471,941.9448983954471,890.3314793052856,898.9337158203125,1694
2021-02-05 00:00:00+01:00,898.9336818479142,937.6437447026091,898.9336818479142,911.8370361328125,1050
2021-02-08 00:00:00+01:00,907.5359203520276,937.643747093564,890.3314479282925,903.2348022460938,1152
2021-02-09 00:00:00+01:00,903.2347129047781,907.535830585277,864.5246537802876,890.3313598632812,1705
2021-02-10 00:00:00+01:00,877.4280913730837,929.0415085126768,839.578252137382,911.8370361328125,3452
2021-02-11 00:00:00+01:00,916.1381225585938,920.4392405048783,894.6325328271714,916.1381225585938,735
2021-02-12 00:00:00+01:00,916.1381308951028,924.7403668659489,860.2235970846036,881.7291870117188,2804
2021-02-15 00:00:00+01:00,873.1269199408374,894.6325091019418,864.5246842763956,886.0302734375,1013
2021-02-16 00:00:00+01:00,860.2235664441747,886.0302734375,855.0622250455096,886.0302734375,3508
2021-02-17 00:00:00+01:00,886.0303368661919,886.0303368661919,868.8258643056832,877.4281005859375,389
2021-02-18 00:00:00+01:00,881.7291610717774,890.3313967895508,856.7826774902344,860.2235717773438,1172
2021-02-19 00:00:00+01:00,860.223628025429,886.0303368661919,860.223628025429,877.4281005859375,695
2021-02-22 00:00:00+01:00,886.030278930664,886.030278930664,851.6213360595704,860.2235717773438,962
2021-02-23 00:00:00+01:00,851.6213731880648,858.5031620623117,824.0942176910768,856.78271484375,1194
2021-02-24 00:00:00+01:00,851.6213611137575,890.3314229825647,851.6213611137575,881.7291870117188,941
2021-02-25 00:00:00+01:00,886.0303092690842,886.0303092690842,856.7827068271921,864.5247192382812,370
2021-02-26 00:00:00+01:00,851.6213989257812,855.0622934668955,834.4169262202099,851.6213989257812,810
2021-03-01 00:00:00+01:00,844.7395958910007,864.5247391756168,844.7395958910007,858.503173828125,705
2021-03-02 00:00:00+01:00,858.5031880080098,858.5031880080098,844.7396098435528,851.6213989257812,304
2021-03-03 00:00:00+01:00,851.621421365177,856.7827633128447,808.6102384679458,818.9329223632812,1143
2021-03-04 00:00:00+01:00,818.9328457232602,834.4168701171875,806.8897156390947,834.4168701171875,2021
2021-03-05 00:00:00+01:00,827.5350912369925,851.6213516887967,810.3306194857036,844.7395629882812,353
2021-03-08 00:00:00+01:00,848.1804903752818,858.503173828125,825.8146762274549,858.503173828125,375
2021-03-09 00:00:00+01:00,860.2235360404616,864.5246537206639,839.5781711754904,855.0621948242188,324
2021-03-10 00:00:00+01:00,858.5031665739466,864.5247318705574,836.1373526151062,839.5782470703125,477
2021-03-11 00:00:00+01:00,843.0191392879216,853.341822626141,839.5782448418485,848.1804809570312,761
2021-03-12 00:00:00+01:00,843.0191650390625,853.341848692602,827.5351395587531,843.0191650390625,325
2021-03-15 00:00:00+01:00,841.298646785011,848.1804353067698,830.9759640023728,832.6964111328125,523
2021-03-16 00:00:00+01:00,832.6965044223197,851.6214249773724,832.6965044223197,846.4600830078125,250
2021-03-17 00:00:00+01:00,843.019179355951,855.0623104896075,817.2124697838301,836.1373901367188,628
2021-03-18 00:00:00+01:00,841.2987014067197,877.4280934916708,841.2987014067197,858.503173828125,812
2021-03-19 00:00:00+01:00,858.5032434444616,873.1270461885056,851.6214539178527,868.825927734375,423
2021-03-22 00:00:00+01:00,877.4280934916708,877.4280934916708,848.1804903752818,858.503173828125,234
2021-03-23 00:00:00+01:00,858.503176175631,860.223623422476,837.8578092134916,849.9009399414062,225
2021-03-24 00:00:00+01:00,851.621349703881,853.341796875,834.4168779926915,853.341796875,410
2021-03-25 00:00:00+01:00,849.900925969503,864.5247273272779,839.5782426581326,856.78271484375,314
2021-03-26 00:00:00+01:00,843.0191392879216,858.5031642952507,834.4169031727387,848.1804809570312,568
2021-03-29 00:00:00+02:00,849.9009776541858,855.0623196237456,834.4169517455063,846.4600830078125,467
2021-03-30 00:00:00+02:00,839.578258803042,849.9009423129154,834.4169170481052,841.2987060546875,356
2021-03-31 00:00:00+02:00,834.4168582632523,841.298646785011,817.2123869588553,832.6964111328125,650
2021-04-01 00:00:00+02:00,825.8146619496855,832.6964507992662,818.9328731001048,820.6533203125,527
2021-04-06 00:00:00+02:00,825.8146343427835,849.0406709336743,825.8146343427835,834.4168701171875,496
2021-04-07 00:00:00+02:00,844.7396384362568,844.7396384362568,821.5135994975816,837.8578491210938,528
2021-04-08 00:00:00+02:00,837.8578335376495,843.8793990764212,808.6102294921875,808.6102294921875,1075
2021-04-09 00:00:00+02:00,782.8035030141075,808.6102119046825,776.7819376063067,806.029541015625,899
2021-04-12 00:00:00+02:00,810.3306237792968,810.3306237792968,774.2012329101562,774.2012329101562,1662
2021-04-13 00:00:00+02:00,773.3410247435053,787.1046024919992,766.4592358692582,785.3841552734375,1101
2021-04-14 00:00:00+02:00,783.6637000623856,793.1261596679688,780.2228056603553,793.1261596679688,712
2021-04-15 00:00:00+02:00,793.1261537698917,800.0079425227758,782.8034706405656,792.2659301757812,792
2021-04-16 00:00:00+02:00,795.7068422656039,800.0079603319044,780.2228172269218,794.8466186523438,716
2021-04-19 00:00:00+02:00,795.7068747662483,808.6102294921875,765.5990470723902,808.6102294921875,1407
2021-04-20 00:00:00+02:00,808.6102294921875,812.0511240857712,783.663743688705,808.6102294921875,755
2021-04-21 00:00:00+02:00,793.9864326808763,800.0079982591711,775.0615122919497,791.40576171875,1004
2021-04-22 00:00:00+02:00,790.5454811604818,790.5454811604818,743.23318359375,774.2012329101562,2268
2021-04-23 00:00:00+02:00,774.2012329101562,774.2012329101562,726.8889353434245,774.2012329101562,2273
2021-04-26 00:00:00+02:00,765.5990054108375,765.5990054108375,739.7922973632812,739.7922973632812,919
2021-04-27 00:00:00+02:00,731.1901274181547,735.4912458147321,703.6629696800595,722.587890625,2185
2021-04-28 00:00:00+02:00,712.2651646931965,744.9536625897442,677.8562195389359,743.2332153320312,3452
2021-04-29 00:00:00+02:00,746.6741536458333,746.6741536458333,715.7061011904761,722.587890625,916
2021-04-30 00:00:00+02:00,751.8353672162225,751.8353672162225,722.5877671185661,731.1900024414062,809
2021-05-04 00:00:00+02:00,739.7923086660879,744.953650354456,688.1788917824074,696.7811279296875,1591
2021-05-05 00:00:00+02:00,692.479969271653,722.5877940225944,684.7379571928394,717.4264526367188,1158
2021-05-06 00:00:00+02:00,720.8674582823578,720.8674582823578,694.200523668094,697.6414184570312,1753
2021-05-07 00:00:00+02:00,696.7810888197815,708.82421875,686.4584060224514,708.82421875,1677
2021-05-10 00:00:00+02:00,708.8242585358796,726.8889544451678,696.7811279296875,696.7811279296875,722
2021-05-11 00:00:00+02:00,692.4800062119886,713.9855964670193,683.8777701099763,687.3186645507812,1160
2021-05-12 00:00:00+02:00,687.318670425415,699.361801071167,666.673303604126,688.1788940429688,1715
2021-05-13 00:00:00+02:00,686.4583923339843,686.4583923339843,646.8881090666118,653.7698974609375,3054
2021-05-14 00:00:00+02:00,670.9744004958117,702.8026733398438,653.7699286882267,702.8026733398438,1063
2021-05-17 00:00:00+02:00,718.2867209564353,755.2763365266469,711.4049320131401,732.9105224609375,1244
2021-05-18 00:00:00+02:00,732.9104908349727,732.9104908349727,704.5231126688294,710.544677734375,399
2021-05-19 00:00:00+02:00,700.2220046032761,707.1037933463058,674.4152968169145,694.200439453125,850
2021-05-20 00:00:00+02:00,691.6197965900245,739.7923197355983,689.0391257072259,725.1685180664062,1996
2021-05-21 00:00:00+02:00,726.0287768835309,755.2763816395026,725.1685532142376,748.3945922851562,716
2021-05-24 00:00:00+02:00,748.3944730870865,753.5558142807905,725.1684377154182,731.1900024414062,623
2021-05-25 00:00:00+02:00,739.7923247289831,739.7923247289831,706.2436030261572,707.9640502929688,1255
2021-05-26 00:00:00+02:00,721.7276583290774,746.6741447313935,715.7060926457597,730.3298950195312,1375
2021-05-27 00:00:00+02:00,744.0933723653701,805.1692445479612,728.6093484317555,804.3090209960938,2498
2021-05-28 00:00:00+02:00,806.8897372760897,806.8897372760897,778.5023584593403,793.1261596679688,1023
2021-05-31 00:00:00+02:00,801.7284089265046,812.9113159179688,791.4057255497685,812.9113159179688,2673
2021-06-01 00:00:00+02:00,809.4704584536345,810.3306821076766,787.1046434485394,791.40576171875,778
2021-06-02 00:00:00+02:00,795.7068363739378,799.1477308015008,778.5023642361228,793.9863891601562,1009
2021-06-04 00:00:00+02:00,793.9863913662463,800.0079566312123,778.5023663991905,785.3841552734375,662
2021-06-07 00:00:00+02:00,848.1804365139564,848.1804365139564,797.42724609375,797.42724609375,1366
2021-06-08 00:00:00+02:00,801.7283856415216,817.2124102569159,794.8465969235687,809.4703979492188,438
2021-06-09 00:00:00+02:00,810.3306312200781,824.0942088204191,810.3306312200781,819.7930908203125,542
2021-06-10 00:00:00+02:00,820.6533331133868,820.6533331133868,787.9648355679899,795.7068481445312,706
2021-06-11 00:00:00+02:00,795.706798349108,795.706798349108,732.0502544811793,770.7603149414062,5303
2021-06-14 00:00:00+02:00,790.545506426837,812.9113205368454,790.545506426837,795.7068481445312,2509
2021-06-15 00:00:00+02:00,806.0294621404284,812.0510269589803,799.1476737763693,803.4487915039062,604
2021-06-16 00:00:00+02:00,814.6317617573263,814.6317617573263,775.9216991606213,794.8466186523438,1513
2021-06-17 00:00:00+02:00,799.1477533807818,799.1477533807818,774.2012680761072,779.3626098632812,584
2021-06-18 00:00:00+02:00,780.2228136177523,789.6852733198418,770.7603539156627,785.3841552734375,455
2021-06-21 00:00:00+02:00,774.2012550984747,777.642149565579,741.5127576609835,759.5774536132812,1213
2021-06-22 00:00:00+02:00,763.018361290389,763.018361290389,718.2867324436017,734.6309814453125,1681
2021-06-23 00:00:00+02:00,731.1900640727545,731.1900640727545,691.6197782523466,704.5231323242188,3776
2021-06-24 00:00:00+02:00,697.6413666920992,725.1685229610846,691.6198012582587,707.9640502929688,1240
2021-06-25 00:00:00+02:00,705.38332627505,712.2651148240748,693.3401963142564,700.2219848632812,769
2021-06-28 00:00:00+02:00,701.0822780443274,703.6629490064538,688.1789232336956,692.4800415039062,576
2021-06-29 00:00:00+02:00,689.8993849616727,695.0607269938049,664.9528984730337,685.5982666015625,1184
2021-06-30 00:00:00+02:00,685.5981325545401,701.082155623526,658.9312039357311,683.877685546875,2245
2021-07-01 00:00:00+02:00,683.8777428375431,713.9855679939129,680.436848533958,701.0822143554688,2252
2021-07-02 00:00:00+02:00,694.2004512225741,701.0822400822775,688.1788859703337,695.9208984375,387
2021-07-05 00:00:00+02:00,696.7811383556217,725.1685180664062,683.8777839416288,725.1685180664062,1290
2021-07-06 00:00:00+02:00,728.6093495984989,748.3944913231334,722.587784725784,733.7706909179688,834
2021-07-07 00:00:00+02:00,731.1900516725935,733.7707224432028,724.3082629509692,729.4696044921875,299
2021-07-08 00:00:00+02:00,726.0287180958545,731.1900596936923,715.7060349001788,721.7276000976562,1390
2021-07-09 00:00:00+02:00,713.9855317957262,732.9104495059743,709.684414134306,731.1900024414062,351
2021-07-12 00:00:00+02:00,731.1900361305571,746.6740604250866,716.566235407946,744.95361328125,690
2021-07-13 00:00:00+02:00,745.8139070063354,758.7172617988326,743.233236047836,755.2763671875,399
2021-07-14 00:00:00+02:00,748.3945415779231,762.1581193540687,732.05029296875,732.05029296875,696
2021-07-15 00:00:00+02:00,732.0502350184031,732.0502350184031,696.7810697589971,714.8457641601562,548
2021-07-16 00:00:00+02:00,726.888991416284,731.1901097086879,696.7811633694556,720.0072021484375,254
2021-07-19 00:00:00+02:00,710.5447442218033,720.0072044959435,688.1789290283809,693.3402709960938,725
2021-07-20 00:00:00+02:00,695.9209536561872,701.0822957104976,662.3722303031695,695.0607299804688,2314
2021-07-21 00:00:00+02:00,694.2004254399513,695.0606490154655,670.9743889010682,674.415283203125,671
2021-07-22 00:00:00+02:00,682.1573264793113,696.7811279296875,675.2755375614872,696.7811279296875,447
2021-07-23 00:00:00+02:00,696.7810981218205,696.7810981218205,652.9096956474837,665.8130493164062,2371
2021-07-26 00:00:00+02:00,665.8130786979,672.69486762501,663.2324078502337,670.1141967773438,256
2021-07-27 00:00:00+02:00,674.4153528225806,683.8778131300403,662.3722215221774,666.67333984375,553
2021-07-28 00:00:00+02:00,670.9744047558339,670.9744047558339,655.4903800306993,658.9312744140625,324
2021-07-29 00:00:00+02:00,675.2755754449395,675.2755754449395,612.479248046875,612.479248046875,4666
2021-07-30 00:00:00+02:00,623.6621293516877,627.9632474851476,615.9201167114597,617.6405639648438,1295
2021-08-02 00:00:00+02:00,606.4576545128456,670.9744262695312,605.5974308894231,670.9744262695312,3096
2021-08-03 00:00:00+02:00,664.0926926093962,683.8778375964638,631.4041921959804,633.98486328125,884
2021-08-04 00:00:00+02:00,638.28590843564,640.0063556281888,623.6621072989743,632.2643432617188,1266
2021-08-05 00:00:00+02:00,633.1245322779605,653.7698974609375,623.6620732357627,653.7698974609375,1517
2021-08-06 00:00:00+02:00,654.6301030873308,661.5118912932422,636.5654090468131,651.189208984375,215
2021-08-09 00:00:00+02:00,640.0063380570118,662.3721509461009,640.0063380570118,656.3505859375,236
2021-08-10 00:00:00+02:00,657.2107916581003,666.6732507002981,645.1676619680304,653.7698974609375,234
2021-08-11 00:00:00+02:00,646.0279831659226,650.3291015625,645.1677594866071,650.3291015625,537
2021-08-12 00:00:00+02:00,647.7484504204292,687.3187408843597,647.7484504204292,662.3722534179688,1062
2021-08-13 00:00:00+02:00,653.7699848790322,666.67333984375,652.9097612147177,666.67333984375,220
2021-08-16 00:00:00+02:00,674.4152578619462,679.5765991210938,660.6516811708861,679.5765991210938,628
2021-08-17 00:00:00+02:00,670.974490475345,670.974490475345,623.6621866597758,662.3722534179688,1623
2021-08-18 00:00:00+02:00,664.0926301095606,664.9528537236921,646.0279342127978,652.0494995117188,151
2021-08-19 00:00:00+02:00,646.0279070240583,665.8130493164062,629.683659043423,665.8130493164062,749
2021-08-20 00:00:00+02:00,655.4903975587207,662.3721865094685,654.6301739398773,661.511962890625,154
2021-08-23 00:00:00+02:00,657.2108272223809,678.7164171184012,643.4472496889279,658.9312744140625,685
2021-08-24 00:00:00+02:00,670.9744581653226,678.7164711441533,659.7915505292339,666.67333984375,1265
2021-08-25 00:00:00+02:00,658.9312839851282,669.2539672851562,640.8665882100789,669.2539672851562,523
2021-08-26 00:00:00+02:00,670.9744145018276,670.9744145018276,645.1677062517573,669.2539672851562,563
2021-08-27 00:00:00+02:00,650.3290346259313,664.092612078332,646.8881402628311,649.4688110351562,725
2021-08-30 00:00:00+02:00,653.7700049082438,660.6517944335938,640.006425857544,660.6517944335938,306
2021-08-31 00:00:00+02:00,658.9313412583014,664.0926833569304,641.7268675962048,659.7915649414062,755
2021-09-01 00:00:00+02:00,650.3290426545744,658.9312786685238,633.1245706266756,641.726806640625,2272
2021-09-02 00:00:00+02:00,634.8450467735728,649.4688486640209,632.2643758517289,646.0279541015625,318
2021-09-03 00:00:00+02:00,646.0279625740976,646.0279625740976,635.7052787513425,638.2859497070312,5348
2021-09-06 00:00:00+02:00,634.8450099919805,649.4688110351562,618.5007617672547,649.4688110351562,5387
2021-09-07 00:00:00+02:00,645.1677010462048,650.3290426545744,635.7052414308604,641.726806640625,433
2021-09-08 00:00:00+02:00,634.8449842479131,636.565431359696,624.5223015772153,627.9631958007812,490
2021-09-09 00:00:00+02:00,628.8234722049698,635.7052612304688,623.6621304358456,635.7052612304688,363
2021-09-10 00:00:00+02:00,635.7052903534263,640.0064086914062,623.6621590070827,640.0064086914062,388
2021-09-13 00:00:00+02:00,635.7052435667619,637.4256907753322,624.5223367110543,633.1245727539062,559
2021-09-14 00:00:00+02:00,633.9848116173126,644.3074951171875,614.1996682425525,644.3074951171875,1067
2021-09-15 00:00:00+02:00,645.1677389222014,645.1677389222014,629.6837131880685,638.2859497070312,684
2021-09-16 00:00:00+02:00,636.5655343665197,636.5655343665197,619.3610604647218,633.98486328125,624
2021-09-17 00:00:00+02:00,625.3825603153394,633.9847963581915,619.3609950853431,633.1245727539062,792
2021-09-20 00:00:00+02:00,621.0814073536494,627.9631958007812,601.2962655681454,627.9631958007812,2029
2021-09-21 00:00:00+02:00,620.2212518310547,620.2212518310547,591.8338713727678,602.1565551757812,1260
2021-09-22 00:00:00+02:00,602.1565668263667,619.3610401642628,596.1350011581029,603.8770141601562,460
2021-09-23 00:00:00+02:00,609.0383209391712,643.447265625,603.0167556191511,643.447265625,552
2021-09-24 00:00:00+02:00,634.8449842479131,634.8449842479131,615.9200660183005,627.9631958007812,379
2021-09-27 00:00:00+02:00,636.565461243091,640.8665792244633,612.4792005474065,632.2643432617188,1076
2021-09-28 00:00:00+02:00,635.7053106714299,635.7053106714299,619.3610604647218,633.98486328125,335
2021-09-29 00:00:00+02:00,634.8450400270062,634.8450400270062,619.3610146604939,627.10302734375,466
2021-09-30 00:00:00+02:00,617.6405131300835,627.9631958007812,612.4791717947346,627.9631958007812,727
2021-10-01 00:00:00+02:00,617.640565038534,640.866602999593,606.4576578720981,635.7052612304688,867
2021-10-04 00:00:00+02:00,635.7052161845755,658.9312524998442,621.0814155416285,646.8881225585938,1309
2021-10-05 00:00:00+02:00,652.0495041431127,652.0495041431127,604.7372050298262,634.8450317382812,3011
2021-10-06 00:00:00+02:00,624.5223388671875,631.4041277252281,616.7803264018918,624.5223388671875,1055
2021-10-07 00:00:00+02:00,619.3610229492188,626.242812093099,614.1996810913087,619.3610229492188,961
2021-10-08 00:00:00+02:00,617.640565038534,635.7052612304688,615.9201177821592,635.7052612304688,787
2021-10-11 00:00:00+02:00,635.7052721659343,635.7052721659343,616.7803520202636,619.3610229492188,462
2021-10-12 00:00:00+02:00,621.9416176400533,621.9416176400533,599.5758056640625,599.5758056640625,1488
2021-10-13 00:00:00+02:00,599.5758842250278,609.8985680280413,595.2747659737723,602.1565551757812,1464
2021-10-14 00:00:00+02:00,602.1565551757812,606.4576734270368,582.3714112200056,602.1565551757812,1915
2021-10-15 00:00:00+02:00,601.2962962213786,601.2962962213786,586.6724950257227,596.9951782226562,676
2021-10-18 00:00:00+02:00,594.4145154966925,594.4145154966925,581.5111613252737,589.253173828125,1253
2021-10-19 00:00:00+02:00,586.6724912495424,587.53271484375,576.349808119052,587.53271484375,875
2021-10-20 00:00:00+02:00,587.5327644891548,605.5974614939458,578.0703041533119,603.8770141601562,2089
2021-10-21 00:00:00+02:00,603.8769247872489,627.9631838955722,603.8769247872489,626.2427368164062,1347
2021-10-22 00:00:00+02:00,626.2428327763114,631.4041748046875,609.0383593483907,631.4041748046875,617
2021-10-25 00:00:00+02:00,631.4040900243472,631.4040900243472,614.1996189065176,627.9631958007812,515
2021-10-26 00:00:00+02:00,623.6621211286753,626.2427919747249,616.7803322058761,625.382568359375,694
2021-10-27 00:00:00+02:00,627.1030178947927,627.1030178947927,597.855414865406,616.7803344726562,1107
2021-10-28 00:00:00+02:00,615.0598558758765,621.9416444730891,603.0167258307545,621.0814208984375,419
2021-10-29 00:00:00+02:00,614.1996189065176,627.9631958007812,597.8553713445793,627.9631958007812,1398
2021-11-02 00:00:00+01:00,613.3394632326251,621.081476092504,607.3178976749415,620.2212524414062,347
2021-11-03 00:00:00+01:00,613.3394574483236,619.3610229492188,605.5974446614583,619.3610229492188,865
2021-11-04 00:00:00+01:00,614.1996189065176,631.4040900243472,612.4791717947346,627.9631958007812,520
2021-11-05 00:00:00+01:00,623.6621224306484,643.447265625,621.0814515792113,643.447265625,2374
2021-11-08 00:00:00+01:00,642.5870570660263,662.3722007240165,638.2859388795068,654.6301879882812,1228
2021-11-09 00:00:00+01:00,654.6302199590774,655.4904436383929,643.4473121279761,650.3291015625,302
2021-11-10 00:00:00+01:00,650.329092702558,650.329092702558,627.9632773450626,640.0064086914062,531
2021-11-12 00:00:00+01:00,628.8234755859376,645.167724609375,628.8234755859376,645.167724609375,281
2021-11-15 00:00:00+01:00,644.3075270293862,653.7699873729418,640.0064086914062,640.0064086914062,185
2021-11-16 00:00:00+01:00,646.8881613702861,683.0175533617116,646.8881613702861,661.511962890625,5407
2021-11-17 00:00:00+01:00,662.3721569121196,676.1357341986053,654.6301446884715,657.2108154296875,728
2021-11-18 00:00:00+01:00,658.0710576654791,705.3833559290102,633.9847967313177,704.5231323242188,3041
2021-11-19 00:00:00+01:00,705.3833504159387,711.4049156024162,676.9959716796875,676.9959716796875,868
2021-11-22 00:00:00+01:00,676.9960009642322,701.9424863873106,664.0926464350537,681.297119140625,1096
2021-11-23 00:00:00+01:00,677.8562033685131,677.8562033685131,624.5223396517011,669.2539672851562,3324
2021-11-24 00:00:00+01:00,669.2539166027987,679.5765991210938,648.6085515662085,679.5765991210938,915
2021-11-25 00:00:00+01:00,679.576683524874,683.017578125,658.9313159241184,683.017578125,806
2021-11-26 00:00:00+01:00,670.114234501008,670.114234501008,648.6086428931452,666.67333984375,1250
2021-11-29 00:00:00+01:00,666.6732634151117,682.1572875976562,653.769909929658,682.1572875976562,761
2021-11-30 00:00:00+01:00,675.2755325435061,678.7164269768488,662.3721784184709,669.2539672851562,820
2021-12-01 00:00:00+01:00,672.6948943246222,683.017578125,669.2539997244962,683.017578125,527
2021-12-02 00:00:00+01:00,683.0175464997751,691.6197826017874,675.275534007964,687.3186645507812,851
2021-12-03 00:00:00+01:00,688.1788917824074,696.7811279296875,681.2971028645833,696.7811279296875,1615
2021-12-06 00:00:00+01:00,696.7811279296875,701.0822460033276,688.1788917824074,696.7811279296875,856
2021-12-07 00:00:00+01:00,696.7811302185058,699.361801071167,684.7379995727539,688.1788940429688,711
2021-12-08 00:00:00+01:00,685.5981325545401,691.6196970813679,682.15723853921,683.877685546875,480
2021-12-09 00:00:00+01:00,693.3402320852147,693.3402320852147,676.9959834380446,678.7164306640625,889
2021-12-10 00:00:00+01:00,678.7164859697125,678.7164859697125,652.0495517934627,659.7915649414062,1096
2021-12-13 00:00:00+01:00,664.0926578243074,683.017578125,644.3075138735832,683.017578125,1016
2021-12-14 00:00:00+01:00,679.5766424738921,688.1788784545744,650.3290401395727,676.9959716796875,1139
2021-12-15 00:00:00+01:00,676.9959577790106,679.5766285202267,637.4256730803645,657.2108154296875,1600
2021-12-16 00:00:00+01:00,645.1676619680304,666.6732507002981,645.1676619680304,653.7698974609375,787
2021-12-17 00:00:00+01:00,654.6301845703125,658.931302734375,632.2643701171875,645.167724609375,821
2021-12-20 00:00:00+01:00,636.5654744573508,652.0494995117188,627.9632383160352,652.0494995117188,1267
2021-12-21 00:00:00+01:00,652.0495689491173,662.3722534179688,632.264423717152,662.3722534179688,1124
2021-12-22 00:00:00+01:00,662.3721828812975,662.3721828812975,648.6086050551926,652.0494995117188,658
2021-12-23 00:00:00+01:00,652.0495689491173,662.3722534179688,622.8019629540381,662.3722534179688,4803
2021-12-27 00:00:00+01:00,662.372197265625,662.372197265625,640.8666064453125,645.167724609375,1173
2021-12-28 00:00:00+01:00,645.1677069606551,650.3290486163404,629.6836819935994,642.5870361328125,2409
2021-12-29 00:00:00+01:00,640.8666607745282,662.3722534179688,635.7053185401024,662.3722534179688,620
2021-12-30 00:00:00+01:00,660.6516509433962,683.877685546875,654.6300864165685,683.877685546875,659
2022-01-03 00:00:00+01:00,683.8777701099763,707.1038075854094,683.8777701099763,687.3186645507812,1391
2022-01-04 00:00:00+01:00,688.1789057629364,695.9209184527695,684.7380112341217,689.8993530273438,3206
2022-01-05 00:00:00+01:00,688.1788525575347,688.1788525575347,677.8561697691716,682.1572875976562,211
2022-01-07 00:00:00+01:00,681.2971282503498,693.3402593052803,675.2755627228846,691.6198120117188,443
2022-01-10 00:00:00+01:00,695.0606762989457,725.1685026237764,695.0606762989457,713.985595703125,2804
2022-01-11 00:00:00+01:00,719.1469700590093,729.4696538397607,715.7060754654256,727.7492065429688,1957
2022-01-12 00:00:00+01:00,731.190083459603,738.0718724803993,718.2867290456101,725.1685180664062,1845
2022-01-13 00:00:00+01:00,725.1685180664062,734.6309779700011,708.8242691420152,725.1685180664062,1574
2022-01-14 00:00:00+01:00,725.1685297678208,732.9105425411427,719.1469642774593,726.8889770507812,461
2022-01-17 00:00:00+01:00,722.5878530204013,728.609418462238,713.1253930403723,726.0287475585938,1844
2022-01-18 00:00:00+01:00,726.0287139501783,750.1149746025538,713.9855836239905,738.9320678710938,1635
2022-01-19 00:00:00+01:00,734.6310221354166,738.0719168526786,713.9856538318452,722.587890625,1874
2022-01-20 00:00:00+01:00,713.9856038807951,722.58784007213,705.3833676894602,706.2435913085938,801
2022-01-21 00:00:00+01:00,705.3833724080251,705.3833724080251,680.436887286278,689.0391235351562,799
2022-01-24 00:00:00+01:00,688.1788519110893,695.0606404302001,640.8665558422018,655.4903564453125,6074
2022-01-25 00:00:00+01:00,658.0710684152511,678.7164352674943,655.4903975587207,661.511962890625,1767
2022-01-26 00:00:00+01:00,658.9313585950183,677.856280121246,654.6302400663302,662.3722534179688,1581
2022-01-27 00:00:00+01:00,653.7699786790339,653.7699786790339,636.5655055559014,647.7484130859375,1152
2022-01-28 00:00:00+01:00,645.167724609375,648.608619140625,639.1461591796875,645.167724609375,389
2022-01-31 00:00:00+01:00,645.1676834461301,676.1357322515444,645.1676834461301,665.8130493164062,1182
2022-02-01 00:00:00+01:00,675.2754814051375,696.7810699849189,667.5334695164162,679.5765991210938,2429
2022-02-02 00:00:00+01:00,681.2970150353774,695.9208146005307,678.7163445238797,683.877685546875,920
2022-02-03 00:00:00+01:00,689.0391153971354,720.0071655273438,679.5766556351273,696.7811279296875,1045
2022-02-04 00:00:00+01:00,703.6628261350236,704.5230496388562,668.3936624778892,683.877685546875,1073
2022-02-07 00:00:00+01:00,683.8777723421163,688.178890407161,670.114194533973,678.7164306640625,672
2022-02-08 00:00:00+01:00,677.8562362248111,686.458472725126,674.4153416246852,683.017578125,651
2022-02-09 00:00:00+01:00,670.9744024453996,699.3617810103973,670.1141788525209,694.200439453125,706
2022-02-10 00:00:00+01:00,694.200439453125,696.7811102317612,682.157309152823,694.200439453125,793
2022-02-11 00:00:00+01:00,693.3402276151112,702.8026872972033,684.7379915404821,695.9208984375,580
2022-02-14 00:00:00+01:00,686.4584072303041,690.759525070093,660.6517001915709,673.5550537109375,1486
2022-02-15 00:00:00+01:00,670.9744670603535,701.942519386216,664.0926776546063,695.0607299804688,904
2022-02-16 00:00:00+01:00,701.0822780443274,703.6629490064538,686.4584759256114,692.4800415039062,1425
2022-02-17 00:00:00+01:00,693.3402222151001,696.7811166181527,668.3937377929688,668.3937377929688,1135
2022-02-18 00:00:00+01:00,666.6733154296875,672.6948808593751,645.167724609375,645.167724609375,1768
2022-02-21 00:00:00+01:00,646.8881683969047,652.0495101660289,624.5223540640329,635.7052612304688,1918
2022-02-22 00:00:00+01:00,623.6621194314896,681.2971015030894,623.6621194314896,678.7164306640625,1204
2022-02-23 00:00:00+01:00,684.7380187672037,696.7811497505464,664.0926513671875,664.0926513671875,2398
2022-02-24 00:00:00+01:00,627.9632332962078,658.0710595501356,593.5542890060046,624.5223388671875,3446
2022-02-25 00:00:00+01:00,624.5223212204182,652.0494758747617,615.0598618079877,648.6085815429688,2414
2022-02-28 00:00:00+01:00,644.3075555974787,670.1142667696073,627.9633051884639,662.3722534179688,1127
2022-03-01 00:00:00+01:00,666.6732849530727,667.5335085465605,636.5654591809983,640.8665771484375,261
2022-03-02 00:00:00+01:00,637.4256609330914,637.4256609330914,612.4791775767357,628.8234252929688,928
2022-03-03 00:00:00+01:00,628.8234074351551,631.4040780539041,619.3609484997424,626.2427368164062,325
2022-03-04 00:00:00+01:00,619.3609918160123,619.3609918160123,585.8122714259782,596.9951782226562,1003
2022-03-07 00:00:00+01:00,584.9520782653443,593.5543147104229,543.6613433289671,574.62939453125,2220
2022-03-08 00:00:00+01:00,560.8657977181192,588.3929534343459,553.1237851729304,553.9840087890625,1273
2022-03-09 00:00:00+01:00,576.3497889421989,596.9951545162478,574.6293418110281,593.5542602539062,1270
2022-03-10 00:00:00+01:00,595.274774443741,610.7588003685781,587.5327614813224,594.41455078125,599
2022-03-11 00:00:00+01:00,594.4144703337662,602.1564822483882,591.8337996955588,600.43603515625,667
2022-03-14 00:00:00+01:00,600.4360986753952,604.7372168607491,588.3929677564045,591.8338623046875,328
2022-03-15 00:00:00+01:00,597.8554369245256,602.1565551757812,574.6293983677455,602.1565551757812,455
2022-03-16 00:00:00+01:00,601.2963080570615,617.6405567739201,584.9520593402029,598.7156372070312,1379
2022-03-17 00:00:00+01:00,602.1565156824448,614.1996459960938,585.8122673996356,614.1996459960938,521
2022-03-18 00:00:00+01:00,607.317897077288,615.9201335797991,593.55431867327,602.1565551757812,478
2022-03-21 00:00:00+01:00,596.1349984501185,612.479248046875,590.9736564721954,612.479248046875,315
2022-03-22 00:00:00+01:00,610.7587865193685,627.9632593790691,603.0167737325032,619.3610229492188,616
2022-03-23 00:00:00+01:00,621.0814728213028,634.8450511663732,610.7587890625,610.7587890625,1164
2022-03-24 00:00:00+01:00,610.7587783457648,627.10302734375,602.1565420310357,627.10302734375,228
2022-03-25 00:00:00+01:00,620.2212301941745,634.8450317382812,620.2212301941745,634.8450317382812,241
2022-03-28 00:00:00+02:00,634.8449842479131,634.8449842479131,613.3393953506261,627.9631958007812,309
2022-03-29 00:00:00+02:00,627.1029497711352,632.2642909215149,614.1995968951859,615.9200439453125,318
2022-03-30 00:00:00+02:00,619.3609380455656,626.2427262460719,615.9200439453125,615.9200439453125,185
2022-03-31 00:00:00+02:00,615.0598895600358,615.0598895600358,603.0167588553637,608.1781005859375,346
2022-04-01 00:00:00+02:00,606.4576883342027,631.4041748046875,601.2963463058264,631.4041748046875,596
2022-04-04 00:00:00+02:00,630.5438664684557,630.5438664684557,615.059842462409,627.9631958007812,300
2022-04-05 00:00:00+02:00,626.2427839196247,633.1245727539062,619.3609950853431,633.1245727539062,341
2022-04-06 00:00:00+02:00,633.9847805503327,633.9847805503327,607.3178494824083,621.941650390625,681
2022-04-07 00:00:00+02:00,610.7587246829517,627.9631958007812,604.7371597917113,627.9631958007812,469
2022-04-08 00:00:00+02:00,621.0814572424691,644.3074951171875,608.1781028676255,644.3074951171875,838
2022-04-11 00:00:00+02:00,679.5766787715608,683.0175733476193,627.9632601306828,637.4257202148438,1605
2022-04-12 00:00:00+02:00,637.4256809297846,637.4256809297846,610.7587496088354,622.8018798828125,717
2022-04-13 00:00:00+02:00,615.0598517953092,616.7802989331982,596.1349332785304,611.6189575195312,590
2022-04-14 00:00:00+02:00,610.7587516207655,621.9416583405823,600.4360684947807,614.1996459960938,592
2022-04-19 00:00:00+02:00,612.4792127744334,612.4792127744334,595.2747405054887,607.31787109375,601
2022-04-20 00:00:00+02:00,602.15649590976,602.15649590976,586.6724717292233,593.5542602539062,242
2022-04-21 00:00:00+02:00,589.2531501669191,601.2962802433233,581.511137974945,585.812255859375,339
2022-04-22 00:00:00+02:00,585.81230582101,616.7803572300502,578.07029296875,602.1565551757812,609
2022-04-25 00:00:00+02:00,578.0702841115552,591.8338623046875,560.8658113701399,591.8338623046875,847
2022-04-26 00:00:00+02:00,581.5111836873128,590.9736437768993,563.4464871526478,574.62939453125,525
2022-04-27 00:00:00+02:00,564.3067139750552,584.0918579101562,553.9840301828286,584.0918579101562,447
2022-04-28 00:00:00+02:00,575.4895847999245,582.3713735568742,560.8657836914062,560.8657836914062,706
2022-04-29 00:00:00+02:00,566.8873905855066,584.9520874023438,549.6829174266143,584.9520874023438,722
2022-05-02 00:00:00+02:00,566.0272092382523,584.9521311276773,554.8443008490468,582.3714599609375,401
2022-05-04 00:00:00+02:00,584.0918125723927,584.0918125723927,567.7475645033567,568.6077880859375,359
2022-05-05 00:00:00+02:00,572.9089588677706,582.3714191493704,560.8658276002799,576.349853515625,289
2022-05-06 00:00:00+02:00,567.7475821253765,575.4895946089043,547.1022155026355,571.1884765625,638
2022-05-09 00:00:00+02:00,560.0055423495583,567.7475544557733,548.8226359739142,558.2850952148438,259
2022-05-10 00:00:00+02:00,557.4249115711121,558.2851352000799,535.919320846918,546.2420043945312,518
2022-05-11 00:00:00+02:00,549.6828450455833,549.6828450455833,535.9192683308269,538.4999389648438,342
2022-05-12 00:00:00+02:00,532.478437675864,532.478437675864,503.2308336678198,507.5319519042969,754
2022-05-13 00:00:00+02:00,509.2523430945889,516.1341315147861,496.34898980671926,512.6932373046875,923
2022-05-16 00:00:00+02:00,509.2523656971363,511.8330364692502,483.4456579759977,493.7683410644531,868
2022-05-17 00:00:00+02:00,492.04790450865966,510.112600303558,485.1661156344127,499.7899169921875,880
2022-05-18 00:00:00+02:00,500.65018981933594,518.7148873901367,494.62862396240234,516.1342163085938,2753
2022-05-19 00:00:00+02:00,507.5319354394867,507.5319354394867,493.76835752926337,500.650146484375,145
2022-05-20 00:00:00+02:00,498.9297173125516,522.1557558771015,492.0479281082405,521.2955322265625,601
2022-05-23 00:00:00+02:00,520.4352944836943,547.1022269283133,517.854623601957,528.1773071289062,436
2022-05-24 00:00:00+02:00,528.1773072327076,528.1773072327076,503.2308220376774,505.8114929199219,418
2022-05-25 00:00:00+02:00,504.09102909482755,504.09102909482755,478.28432112068964,498.9296875,663
2022-05-26 00:00:00+02:00,494.62854270166997,512.6932373046875,478.28429520370173,512.6932373046875,522
2022-05-27 00:00:00+02:00,503.2308452193801,520.4353185602137,488.6070428796716,509.2524108886719,336
2022-05-30 00:00:00+02:00,499.78998954341097,547.9625186560289,499.78998954341097,547.102294921875,835
2022-05-31 00:00:00+02:00,529.8977809495192,565.1669514347957,529.8977809495192,559.1453857421875,710
2022-06-01 00:00:00+02:00,566.0271152496338,566.0271152496338,544.5215257644653,550.5430908203125,180
2022-06-02 00:00:00+02:00,553.1238134846067,559.1453791057455,522.15576171875,522.15576171875,420
2022-06-03 00:00:00+02:00,511.8330667920681,529.8977632670823,479.1445684087091,498.0694885253906,2073
2022-06-06 00:00:00+02:00,492.04786783854166,503.23077392578125,481.72518529647436,503.23077392578125,341
2022-06-07 00:00:00+02:00,497.20922573662125,513.5534736414583,495.4887785887437,510.1125793457031,416
2022-06-08 00:00:00+02:00,511.8330547260039,511.8330547260039,490.3274641912979,496.3490295410156,409
2022-06-09 00:00:00+02:00,495.48886021205357,498.06953135899136,481.72528076171875,481.72528076171875,419
2022-06-10 00:00:00+02:00,477.4241061740451,485.1661187065972,455.9185158058449,464.520751953125,647
2022-06-13 00:00:00+02:00,447.3162903448548,463.6605394151476,425.8106994628906,425.8106994628906,1195
2022-06-14 00:00:00+02:00,430.11180825224096,437.85382080078125,421.5095720871961,437.85382080078125,481
2022-06-15 00:00:00+02:00,436.9935983324808,436.9935983324808,421.93968500409807,433.5527038574219,371
2022-06-17 00:00:00+02:00,422.3697921569089,433.55269907756025,421.509568547628,428.391357421875,535
2022-06-20 00:00:00+02:00,434.23511313019895,440.5283756393323,425.24473811715137,437.3817443847656,212
2022-06-21 00:00:00+02:00,438.73031702698,445.92261730611085,436.03320442230597,444.1245422363281,356
2022-06-22 00:00:00+02:00,441.87692550023394,441.87692550023394,422.54761950174964,431.5379943847656,125
2022-06-23 00:00:00+02:00,422.5476413989357,444.1245422363281,422.5476413989357,444.1245422363281,143
2022-06-24 00:00:00+02:00,444.1245169027269,446.3721106117488,422.5476172961167,444.57403564453125,750
2022-06-27 00:00:00+02:00,447.7206570259394,457.610069128922,440.52835731467934,446.3721008300781,760
2022-06-28 00:00:00+02:00,448.61970841421424,448.61970841421424,436.03318352884554,439.62933349609375,430
2022-06-29 00:00:00+02:00,436.93222563411325,438.2807818860704,431.5380006262847,437.3817443847656,280
2022-06-30 00:00:00+02:00,431.5380042167887,436.9322292694986,429.73992919921875,429.73992919921875,478
2022-07-01 00:00:00+02:00,422.547607421875,429.290388391373,415.3553077210771,422.547607421875,347
2022-07-04 00:00:00+02:00,422.5476265365568,422.5476265365568,413.55725150386405,416.2543640136719,439
2022-07-05 00:00:00+02:00,421.64861283115835,421.64861283115835,398.72315520387787,402.3193054199219,621
2022-07-06 00:00:00+02:00,401.8697509765625,409.96108824454694,398.72311981679076,401.8697509765625,616
2022-07-07 00:00:00+02:00,398.2736266478813,406.81448320127834,396.02603281804,404.11737060546875,934
2022-07-08 00:00:00+02:00,406.3649462990478,439.62933349609375,406.3649462990478,439.62933349609375,3113
2022-07-11 00:00:00+02:00,439.62931982187126,489.9754177973821,427.04279532799353,467.4994812011719,4906
2022-07-12 00:00:00+02:00,467.499479894972,471.095629740318,431.5379814415126,462.1052551269531,5662
2022-07-13 00:00:00+02:00,461.20622264762795,483.6821594238281,450.41777299505185,483.6821594238281,1082
2022-07-14 00:00:00+02:00,484.5812165906813,487.27832911344944,471.99469148442984,480.0860290527344,771
2022-07-15 00:00:00+02:00,485.48020287958116,523.2397742146596,484.5811654668412,515.1484375,1230
2022-07-18 00:00:00+02:00,519.6436965357551,525.0379217593096,503.4610208650914,516.0475463867188,1297
2022-07-19 00:00:00+02:00,520.5427038764624,528.6340412424177,512.451366510507,518.74462890625,1185
2022-07-20 00:00:00+02:00,526.8359968338278,526.8359968338278,510.65332116316415,516.0475463867188,235
2022-07-21 00:00:00+02:00,512.4514178840482,528.6340942382812,512.4514178840482,528.6340942382812,2638
2022-07-22 00:00:00+02:00,532.2302000000001,570.8888125,525.9369375,561.8984375,526
2022-07-25 00:00:00+02:00,561.8983943287919,565.4945440524962,552.9080200195312,552.9080200195312,2663
2022-07-26 00:00:00+02:00,559.201323975043,559.201323975043,504.3600365755613,506.1581115722656,807
2022-07-27 00:00:00+02:00,512.4514273223092,525.936991199212,512.4514273223092,524.138916015625,340
2022-07-28 00:00:00+02:00,529.5330694139618,531.3311443525491,522.3407696596126,523.2398071289062,113
2022-07-29 00:00:00+02:00,534.0282339700838,552.9080200195312,524.1388222298971,552.9080200195312,401
2022-08-01 00:00:00+02:00,552.908060344553,552.908060344553,537.6244229041343,551.1099853515625,165
2022-08-02 00:00:00+02:00,552.0090094305448,581.67724609375,552.0090094305448,581.67724609375,680
2022-08-03 00:00:00+02:00,581.6772638735564,641.0137390136719,578.9801513671875,620.3358764648438,1976
2022-08-04 00:00:00+02:00,627.5281421802663,627.5281421802663,594.2637564199943,606.8502807617188,413
2022-08-05 00:00:00+02:00,606.8503221110146,617.6387722818771,602.355134539822,610.4464721679688,617
2022-08-08 00:00:00+02:00,609.5473955154418,609.5473955154418,573.5858972549438,575.3839721679688,1242
2022-08-09 00:00:00+02:00,584.3743887006866,593.3647639114664,566.393638279127,578.9801635742188,674
2022-08-10 00:00:00+02:00,581.6773050911665,581.6773050911665,552.0090654188195,565.49462890625,416
2022-08-11 00:00:00+02:00,553.8070963541667,605.0522335168088,553.8070963541667,593.36474609375,463
2022-08-12 00:00:00+02:00,600.5570640800903,600.5570640800903,577.1820885320628,578.9801635742188,492
2022-08-16 00:00:00+02:00,579.8791580922219,583.4753079098482,566.3935962761238,569.98974609375,192
2022-08-17 00:00:00+02:00,584.3744109829146,604.1532372007979,579.879223206123,591.5667114257812,513
2022-08-18 00:00:00+02:00,590.6676336115057,606.8503085049716,585.273408647017,593.36474609375,205
2022-08-19 00:00:00+02:00,606.8503085049716,606.8503085049716,591.5666711055871,593.36474609375,83
2022-08-22 00:00:00+02:00,595.1627919482264,600.5570166486635,559.2012939453125,559.2012939453125,293
2022-08-23 00:00:00+02:00,561.8984487992299,572.6868990161751,559.2013362449935,568.1917114257812,328
2022-08-24 00:00:00+02:00,558.3023579259072,569.0908092867944,543.9177561113911,557.4033203125,425
2022-08-25 00:00:00+02:00,557.4032572696084,574.4849699923867,546.6148071289062,546.6148071289062,164
2022-08-26 00:00:00+02:00,545.7157799230616,555.6051927388007,540.3215547508403,547.5138549804688,143
2022-08-29 00:00:00+02:00,550.2109166880123,550.2109166880123,512.451343974129,548.412841796875,828
2022-08-30 00:00:00+02:00,548.4128159345206,556.5041525630627,514.2493946140095,530.4320678710938,3047
2022-08-31 00:00:00+02:00,530.4320901213681,537.6243896484375,530.4320901213681,537.6243896484375,343
2022-09-01 00:00:00+02:00,539.4224659496585,549.3118778254022,539.4224659496585,543.0186157226562,514
2022-09-02 00:00:00+02:00,543.0186609195757,579.8791991608052,543.0186609195757,568.1917114257812,472
2022-09-05 00:00:00+02:00,566.3936968428638,568.1917720709365,557.403320702501,562.7975463867188,143
2022-09-06 00:00:00+02:00,560.1003666247352,583.475341796875,560.1003666247352,583.475341796875,1342
2022-09-07 00:00:00+02:00,574.4849677398914,588.8695678710938,567.2926676742903,588.8695678710938,286
2022-09-08 00:00:00+02:00,591.5666477451384,592.4656852037176,569.0907112806575,580.7781982421875,357
2022-09-09 00:00:00+02:00,581.6772343635558,584.3743467330933,573.5858972549438,575.3839721679688,108
2022-09-12 00:00:00+02:00,567.2927340599798,577.1821478074597,552.9081322454637,557.4033203125,180
2022-09-13 00:00:00+02:00,558.3023367489085,571.7879004384957,542.1196603214039,550.2109985351562,1400
2022-09-14 00:00:00+02:00,540.3215047867571,549.3118792424436,539.4224673411885,548.412841796875,77
2022-09-15 00:00:00+02:00,547.5137802226432,548.4128176285916,535.8262939453125,535.8262939453125,69
2022-09-16 00:00:00+02:00,547.5138342667254,547.5138342667254,536.7253843304353,545.7157592773438,65
2022-09-19 00:00:00+02:00,545.7157280524045,545.7157280524045,531.3311289604137,543.0186157226562,1077
2022-09-20 00:00:00+02:00,542.1195557869521,543.9176305988491,496.268648083578,535.8262939453125,1250
2022-09-21 00:00:00+02:00,528.6340954589843,539.4225463867188,507.05719360351566,539.4225463867188,883
2022-09-22 00:00:00+02:00,526.8360298220852,538.5235185382747,513.3504659187894,534.9273681640625,426
2022-09-23 00:00:00+02:00,536.7253864639603,556.5042114257812,530.4321239761082,556.5042114257812,907
2022-09-26 00:00:00+02:00,548.412853469725,554.7061157226562,516.9465422050687,554.7061157226562,527
2022-09-27 00:00:00+02:00,551.1099853515625,551.1099853515625,543.9176853796008,551.1099853515625,86
2022-09-28 00:00:00+02:00,543.917664872839,549.3118896484375,531.3311403964428,549.3118896484375,332
2022-09-29 00:00:00+02:00,549.3118763799253,572.6868498429009,530.4320901213681,537.6243896484375,1314
2022-09-30 00:00:00+02:00,539.4225070351049,554.7061447344329,539.4225070351049,546.6148071289062,218
2022-10-03 00:00:00+02:00,541.2205820585552,547.5138446406314,530.4321319178531,546.6148071289062,428
2022-10-04 00:00:00+02:00,546.6148061150333,554.7061437055518,534.0282809742265,541.2205810546875,168
2022-10-05 00:00:00+02:00,553.8071476236979,560.1004106648763,514.2494942220052,539.4225463867188,1341
2022-10-06 00:00:00+02:00,539.4225463867188,542.1196591186524,531.331208190918,539.4225463867188,180
2022-10-07 00:00:00+02:00,546.6148476175742,546.6148476175742,512.4514196414759,544.8167724609375,1350
2022-10-10 00:00:00+02:00,541.2205422323258,552.9080290247182,540.3215047867571,548.412841796875,365
2022-10-11 00:00:00+02:00,543.0186171234631,548.412841796875,524.1388307665216,548.412841796875,359
2022-10-12 00:00:00+02:00,551.1099555275657,561.898404901678,539.4224687056109,553.8070678710938,718
2022-10-13 00:00:00+02:00,555.6051413614242,557.4032162525615,544.8166920146003,548.412841796875,526
2022-10-14 00:00:00+02:00,554.7061157226562,560.100340510883,548.412853469725,554.7061157226562,68
2022-10-17 00:00:00+02:00,558.3022947813336,561.8984448282342,534.0282819647538,546.6148071289062,493
2022-10-18 00:00:00+02:00,552.0090361003633,570.8888239800175,551.1099985822847,568.1917114257812,508
2022-10-19 00:00:00+02:00,560.1003603165146,579.8791852394091,540.32153539362,551.1099853515625,1405
2022-10-20 00:00:00+02:00,559.2013216977065,559.2013216977065,525.9369343941452,545.7157592773438,1411
2022-10-21 00:00:00+02:00,534.9272889696862,545.7157384951253,534.9272889696862,543.9176635742188,382
2022-10-24 00:00:00+02:00,546.6148476175742,557.4032985573948,534.0283215211169,544.8167724609375,1763
2022-10-25 00:00:00+02:00,544.8166920146003,548.412841796875,542.1195796778944,548.412841796875,91
2022-10-26 00:00:00+02:00,542.1195541123212,548.4128159345206,503.46094577595335,530.4320678710938,4388
2022-10-27 00:00:00+02:00,531.3311275622518,543.9176517346232,525.9369029169497,537.6243896484375,200
2022-10-28 00:00:00+02:00,539.4225172221367,548.4128925091723,537.6244421647295,547.5138549804688,111
2022-10-31 00:00:00+01:00,545.7157799230616,547.5138549804688,534.9273295786189,547.5138549804688,307
2022-11-02 00:00:00+01:00,539.4225680443549,557.4033203125,535.8264175907258,557.4033203125,341
2022-11-03 00:00:00+01:00,548.4129144904318,576.2830789973227,543.0186891020014,560.1004028320312,139
2022-11-04 00:00:00+01:00,561.8984606838966,584.3743991112524,561.8984606838966,579.8792114257812,697
2022-11-07 00:00:00+01:00,584.3743560070128,584.3743560070128,558.3022693543923,570.8887939453125,303
2022-11-08 00:00:00+01:00,565.4945652991099,573.58590248145,548.412853469725,554.7061157226562,290
2022-11-09 00:00:00+01:00,569.0907416909429,583.475341796875,563.6965166512183,583.475341796875,400
2022-11-10 00:00:00+01:00,579.8791907326801,579.8791907326801,541.220578017168,578.0811157226562,936
2022-11-14 00:00:00+01:00,587.0715236489896,605.9513123115146,580.7782607614813,591.5667114257812,749
2022-11-15 00:00:00+01:00,593.3647554120945,595.1628304284948,577.1820802644919,588.8695678710938,505
2022-11-16 00:00:00+01:00,588.8695859237456,589.768623459507,568.1917226012324,574.4849853515625,504
2022-11-17 00:00:00+01:00,564.595541900059,579.879179180793,557.4032420032429,571.787841796875,325
2022-11-18 00:00:00+01:00,571.7878249466785,586.1724243164062,571.7878249466785,586.1724243164062,168
2022-11-21 00:00:00+01:00,583.4753336588542,593.36474609375,569.0907337535511,593.36474609375,319
2022-11-22 00:00:00+01:00,584.3743896484375,595.1628399188702,581.6772770808293,584.3743896484375,605
2022-11-23 00:00:00+01:00,582.5762961647728,596.9608960700758,581.6772586706913,593.36474609375,629
2022-11-24 00:00:00+01:00,593.3647543697034,596.9609043961865,552.9080665717692,583.475341796875,3474
2022-11-25 00:00:00+01:00,584.3743896484375,588.8695772611178,578.9801645132212,584.3743896484375,1034
2022-11-28 00:00:00+01:00,589.768605379294,592.4657179038943,578.9801552808922,588.8695678710938,597
2022-11-29 00:00:00+01:00,591.5666803956942,591.5666803956942,578.0811177726921,588.8695678710938,1367
2022-11-30 00:00:00+01:00,588.8695028749539,609.54736328125,584.374315830107,609.54736328125,772
2022-12-01 00:00:00+01:00,620.3358795683263,638.3166297007416,614.042617021981,636.5185546875,1567
2022-12-02 00:00:00+01:00,636.5185848154921,638.3166599138409,624.8310966762245,633.8214721679688,1797
2022-12-05 00:00:00+01:00,636.5185055179195,659.8934788843968,633.821393206403,642.811767578125,544
2022-12-06 00:00:00+01:00,643.7108949497767,647.3070452008928,622.1339934430803,629.3262939453125,698
2022-12-07 00:00:00+01:00,628.42724609375,629.3262836418097,620.3359081612124,628.42724609375,145
2022-12-08 00:00:00+01:00,628.4271746528866,629.326212098742,623.0329499777545,627.5281372070312,482
2022-12-09 00:00:00+01:00,629.326253602987,635.6195161390169,621.2349160566629,631.1243286132812,1334
2022-12-12 00:00:00+01:00,632.9224036235755,633.8214411287227,620.3358785515157,631.1243286132812,572
2022-12-13 00:00:00+01:00,629.3262175245628,655.3983036791518,623.9319928029237,649.1050415039062,719
2022-12-14 00:00:00+01:00,655.3983036791518,656.2973411327583,647.3069665966932,649.1050415039062,349
2022-12-15 00:00:00+01:00,642.8118573869978,652.7012705775669,629.3262939453125,629.3262939453125,619
2022-12-16 00:00:00+01:00,629.3262836418097,629.3262836418097,622.1339832573319,628.42724609375,165
2022-12-19 00:00:00+01:00,627.5281775463586,627.5281775463586,611.3455024806933,625.7301025390625,273
2022-12-20 00:00:00+01:00,625.7300965968359,646.407958984375,616.739721645732,646.407958984375,594
2022-12-21 00:00:00+01:00,633.8214007290927,646.4079249988903,630.225250937722,632.92236328125,263
2022-12-22 00:00:00+01:00,630.2252984930999,634.72048607151,612.2445481794593,615.8406982421875,595
2022-12-23 00:00:00+01:00,616.739726456352,626.6291389797045,615.840688954229,620.3358764648438,169
2022-12-27 00:00:00+01:00,614.0426335015032,620.3358962167456,610.4464833785077,616.73974609375,406
2022-12-28 00:00:00+01:00,615.840708563001,620.3358962167456,610.4464833785077,616.73974609375,746
2022-12-29 00:00:00+01:00,620.3358764648438,623.9320264733356,598.7589764138927,620.3358764648438,508
2022-12-30 00:00:00+01:00,612.2445802525111,629.3262939453125,612.2445802525111,629.3262939453125,234
2023-01-02 00:00:00+01:00,623.9320463397412,638.3166468317238,604.1532206632653,616.73974609375,935
2023-01-03 00:00:00+01:00,616.7396878567671,627.5281372070312,616.7396878567671,627.5281372070312,315
2023-01-04 00:00:00+01:00,628.4271901237519,650.0040893554688,615.8406655719172,650.0040893554688,764
2023-01-05 00:00:00+01:00,641.0136927037805,645.5088798896415,632.9223557692308,642.811767578125,937
2023-01-09 00:00:00+01:00,646.4079732587261,668.8839111328125,644.6098982287991,668.8839111328125,660
2023-01-10 00:00:00+01:00,668.8838990803007,711.1386615222013,651.8021866037876,710.2396240234375,1331
2023-01-11 00:00:00+01:00,714.7348209065237,718.3309709488207,685.0665830575737,705.7444458007812,1116
2023-01-12 00:00:00+01:00,705.7443937643981,719.2299554286859,697.6530567658253,701.2492065429688,6970
2023-01-13 00:00:00+01:00,709.340608066186,717.4319458007812,705.7444579619214,717.4319458007812,247
2023-01-16 00:00:00+01:00,718.3310135367532,721.0281262283805,710.239675461871,714.73486328125,870
2023-01-17 00:00:00+01:00,710.2396398829662,710.2396398829662,683.2685143177903,685.0665893554688,1295
2023-01-18 00:00:00+01:00,687.7637038120004,695.8550415039062,668.88391586422,695.8550415039062,564
2023-01-19 00:00:00+01:00,691.3598743714008,700.3502498508728,683.268536439876,697.6531372070312,208
2023-01-20 00:00:00+01:00,699.4511961675995,728.2203970382462,693.1579334771455,722.826171875,775
2023-01-23 00:00:00+01:00,725.5232361661614,749.7972477851037,711.1386366882697,734.5136108398438,814
2023-01-24 00:00:00+01:00,721.9271209911176,728.2203835651374,697.6531082056131,705.7444458007812,484
2023-01-25 00:00:00+01:00,697.6531031653102,735.4126783366285,692.2588781408361,731.8165283203125,328
2023-01-26 00:00:00+01:00,733.614580078125,733.614580078125,712.9367181396484,719.22998046875,846
2023-01-27 00:00:00+01:00,717.4319786658655,736.311767578125,717.4319786658655,736.311767578125,694
2023-01-30 00:00:00+01:00,740.8068768712575,754.2924389502246,739.0088019273952,750.6962890625,1636
2023-01-31 00:00:00+01:00,750.6963017301739,762.3837890625,719.2299896816038,762.3837890625,1298
2023-02-01 00:00:00+01:00,759.6866909467617,759.6866909467617,729.1194158080755,731.8165283203125,746
2023-02-02 00:00:00+01:00,737.2108058120265,744.4031063565341,720.129092018821,741.7059936523438,412
2023-02-03 00:00:00+01:00,740.8068549491762,749.7972294024429,737.2107051678696,743.5039672851562,378
2023-02-06 00:00:00+01:00,739.9078146718031,746.2010767650019,728.220327927291,732.7155151367188,158
2023-02-07 00:00:00+01:00,729.1194336396411,731.8165462178396,712.0377206443844,717.4319458007812,453
2023-02-08 00:00:00+01:00,719.2300303436318,723.7252180332795,712.936767578125,712.936767578125,2076
2023-02-09 00:00:00+01:00,719.22998046875,724.6242053222657,711.1386431884765,719.22998046875,265
2023-02-10 00:00:00+01:00,714.7348209065237,714.7348209065237,701.24925824791,705.7444458007812,439
2023-02-13 00:00:00+01:00,703.9463666196565,713.8357791775317,671.581016430247,684.1675415039062,1167
2023-02-14 00:00:00+01:00,692.2589111328125,703.0473616959213,689.5617984920353,692.2589111328125,146
2023-02-15 00:00:00+01:00,693.1578709260199,708.4415075093432,693.1578709260199,706.6434326171875,154
2023-02-16 00:00:00+01:00,713.8358257173742,714.73486328125,692.2589241843554,714.73486328125,149
2023-02-17 00:00:00+01:00,717.4319561133545,718.3309936523438,707.5425431844737,718.3309936523438,490
2023-02-20 00:00:00+01:00,710.2396455922521,717.4319458007812,697.6531202273262,717.4319458007812,100
2023-02-21 00:00:00+01:00,710.239675461871,715.6339008451258,701.2492998231132,714.73486328125,1019
2023-02-22 00:00:00+01:00,706.643454602143,713.8357543945312,693.1578924914152,713.8357543945312,318
2023-02-23 00:00:00+01:00,710.2396044983371,713.8357543945312,703.0473047059489,713.8357543945312,45
2023-02-24 00:00:00+01:00,715.633799477533,719.2299492236513,711.1386122948851,716.5328369140625,187
2023-02-27 00:00:00+01:00,718.3309851375627,736.31173570421,708.4415723259067,728.2203979492188,151
2023-02-28 00:00:00+01:00,727.3212890625,736.311663463767,708.4415028198393,727.3212890625,2578
2023-03-01 00:00:00+01:00,729.1194354775511,730.0184730058835,720.1290601942275,728.2203979492188,244
2023-03-02 00:00:00+01:00,728.2204288046298,730.9175415039062,719.2300531403752,730.9175415039062,172
2023-03-03 00:00:00+01:00,731.8165272627726,733.6146022683323,719.2300022238552,726.4223022460938,238
2023-03-06 00:00:00+01:00,713.8357761601854,727.3213386821034,713.8357761601854,721.028076171875,137
2023-03-07 00:00:00+01:00,721.0280977225598,735.4126981758777,721.0280977225598,728.2203979492188,249
2023-03-08 00:00:00+01:00,728.220327927291,732.7155151367188,721.9270658340922,732.7155151367188,135
2023-03-09 00:00:00+01:00,734.5136145677395,758.7876263098802,728.2203522642216,750.6962890625,4021
2023-03-10 00:00:00+01:00,750.6962890625,755.1914764221557,744.403026758982,750.6962890625,705
2023-03-13 00:00:00+01:00,750.6963352184391,758.7876729633085,703.0473462764304,722.826171875,1070
2023-03-14 00:00:00+01:00,734.5136337555704,747.1001586914062,731.8165212693198,747.1001586914062,1071
2023-03-15 00:00:00+01:00,744.4030967620482,757.8886601091868,731.8165709713855,746.201171875,4625
2023-03-16 00:00:00+01:00,741.7059105787896,741.7059105787896,724.6241986987932,734.5136108398438,1311
2023-03-17 00:00:00+01:00,737.2108058120265,741.7059936523438,724.6242798591383,741.7059936523438,76
2023-03-20 00:00:00+01:00,754.2924669963558,754.2924669963558,723.7251918141435,737.2107543945312,269
2023-03-21 00:00:00+01:00,744.403040437006,773.1722400674217,728.2203656448972,767.7780151367188,3101
2023-03-22 00:00:00+01:00,770.4751421653913,790.2539672851562,763.2828421218403,790.2539672851562,1065
2023-03-23 00:00:00+01:00,782.162648366702,789.3549485815682,766.8790104101113,781.2636108398438,363
2023-03-24 00:00:00+01:00,782.1626276458423,782.1626276458423,756.9895775606888,779.4655151367188,265
2023-03-27 00:00:00+02:00,762.383880362426,781.2636698525333,752.4944668199889,759.686767578125,508
2023-03-28 00:00:00+02:00,759.6867055972511,780.3645685898391,741.7059551689139,754.29248046875,339
2023-03-29 00:00:00+02:00,746.2011096546951,750.6962970622535,738.10977232109,740.806884765625,480
2023-03-30 00:00:00+02:00,738.1097837372378,748.89823368224,730.0184462784861,747.1001586914062,395
2023-03-31 00:00:00+02:00,742.60498046875,754.29246805482,740.8069054555085,742.60498046875,279
2023-04-03 00:00:00+02:00,749.7972947153165,782.1626455663375,747.9992196680377,765.0809326171875,2671
2023-04-04 00:00:00+02:00,765.979972883253,782.162648366702,762.3838227758199,781.2636108398438,332
2023-04-05 00:00:00+02:00,773.1722598805147,783.0616725068934,764.181884765625,764.181884765625,150
2023-04-06 00:00:00+02:00,763.2828472541361,771.3741848575368,756.9895846737132,764.181884765625,187
2023-04-11 00:00:00+02:00,764.181884765625,765.0809222771139,751.5953596047794,764.181884765625,784
2023-04-12 00:00:00+02:00,757.8885796683176,762.3837669735864,747.1001301356724,755.1914672851562,226
2023-04-13 00:00:00+02:00,751.5953596047794,765.979959788603,746.2011345358455,764.181884765625,559
2023-04-14 00:00:00+02:00,765.9799456704256,795.6481830027309,756.9895707212422,794.7491455078125,602
2023-04-17 00:00:00+02:00,791.1529710557726,791.1529710557726,762.3837721082899,776.7683715820312,241
2023-04-18 00:00:00+02:00,780.3645547252737,791.1530047906001,774.9703296926106,790.2539672851562,397
2023-04-19 00:00:00+02:00,790.2539386233768,798.3452758789062,755.1914771827492,798.3452758789062,545
2023-04-20 00:00:00+02:00,809.1337684002644,836.1048940136066,798.3453181549276,807.335693359375,2079
2023-04-21 00:00:00+02:00,795.6481690158733,795.6481690158733,762.3837822886561,777.6674194335938,2299
2023-04-24 00:00:00+02:00,776.7684204245006,776.7684204245006,763.2828575699086,765.0809326171875,174
2023-04-25 00:00:00+02:00,773.172255693856,773.172255693856,737.2107554290254,742.60498046875,665
2023-04-26 00:00:00+02:00,744.4030334920346,760.5857081331659,725.5232464107149,735.4126586914062,814
2023-04-27 00:00:00+02:00,749.7972805217162,749.7972805217162,727.321342856197,742.60498046875,1271
2023-04-28 00:00:00+02:00,751.5953669553759,762.3838171987545,738.1098041511527,748.8982543945312,739
2023-05-02 00:00:00+02:00,741.7059186078775,741.7059186078775,716.5328692490647,724.6242065429688,749
2023-05-04 00:00:00+02:00,720.1290767113571,720.1290767113571,681.4704621063779,703.04736328125,5519
2023-05-05 00:00:00+02:00,703.04736328125,715.633888966592,685.0666123021899,703.04736328125,1443
2023-05-08 00:00:00+02:00,702.148287595816,716.5328875977789,685.066575093485,715.6338500976562,898
2023-05-09 00:00:00+02:00,718.3309842389615,730.0184720926617,718.3309842389615,722.826171875,978
2023-05-10 00:00:00+02:00,726.4223095764854,726.4223095764854,711.138671875,711.138671875,102
2023-05-11 00:00:00+02:00,711.1386625970428,715.6338500976562,701.2492500956932,715.6338500976562,413
2023-05-12 00:00:00+02:00,724.624255571209,738.1098186401522,687.7637165160979,712.936767578125,1233
2023-05-15 00:00:00+02:00,717.4319055175781,727.3213177490235,710.2396057128906,719.22998046875,253
2023-05-16 00:00:00+02:00,710.2396768146879,725.5233154296875,708.4416016835114,725.5233154296875,231
2023-05-17 00:00:00+02:00,726.422322892554,728.2203979492188,721.0280977225598,728.2203979492188,136
2023-05-18 00:00:00+02:00,721.9271644849456,727.321389873376,702.1483380607004,720.1290893554688,407
2023-05-19 00:00:00+02:00,723.725210307557,728.2203979492188,710.2396473825713,728.2203979492188,428
2023-05-22 00:00:00+02:00,727.3213397488736,727.3213397488736,719.2300022238552,726.4223022460938,66
2023-05-23 00:00:00+02:00,726.4222802734375,726.4222802734375,704.845380859375,719.22998046875,193
2023-05-24 00:00:00+02:00,716.5329185743655,719.230031191333,713.835805957398,718.3309936523438,71
2023-05-25 00:00:00+02:00,719.2299548949452,739.0087786545562,715.6338051204705,738.1097412109375,819
2023-05-26 00:00:00+02:00,737.2107675618296,754.29248046875,723.7252047405766,754.29248046875,370
2023-05-29 00:00:00+02:00,753.3933910488797,753.3933910488797,730.0184171022557,749.7972412109375,278
2023-05-30 00:00:00+02:00,737.2107232419484,740.8068731114213,705.7444118840604,734.5136108398438,501
2023-05-31 00:00:00+02:00,719.2300531403752,735.4127293360336,710.2396774761205,730.9175415039062,410
2023-06-01 00:00:00+02:00,719.2300531403752,730.9175415039062,719.2300531403752,730.9175415039062,172
2023-06-02 00:00:00+02:00,722.8261543087843,740.806904415968,704.8454042016007,737.2107543945312,1265
2023-06-05 00:00:00+02:00,736.3117383873981,744.403076171875,724.6242504764871,744.403076171875,269
2023-06-06 00:00:00+02:00,744.4030177525112,755.1914672851562,738.1097555251349,755.1914672851562,303
2023-06-07 00:00:00+02:00,757.8885888379491,762.3837761976048,741.7059143431886,750.6962890625,609
2023-06-09 00:00:00+02:00,740.8068716765006,771.3741455078125,740.8068716765006,771.3741455078125,337
2023-06-12 00:00:00+02:00,764.1818950935481,773.1722703299428,752.494407286235,765.0809326171875,567
2023-06-13 00:00:00+02:00,751.5953544802783,759.6866920285108,726.4223043302211,737.2107543945312,822
2023-06-14 00:00:00+02:00,735.4126793838129,737.2107543945312,713.8357792551925,737.2107543945312,993
2023-06-15 00:00:00+02:00,740.8069054555085,742.60498046875,729.1194178694386,742.60498046875,407
2023-06-16 00:00:00+02:00,740.8069465361447,746.201171875,728.220420745482,746.201171875,376
2023-06-19 00:00:00+02:00,746.2010979156307,746.2010979156307,726.4222736335297,734.5136108398438,627
2023-06-20 00:00:00+02:00,733.6146521226415,733.6146521226415,710.239675461871,714.73486328125,741
2023-06-21 00:00:00+02:00,720.1290459699692,720.1290459699692,705.7444458007812,705.7444458007812,450
2023-06-22 00:00:00+02:00,705.7444689259025,723.7252197265625,705.7444689259025,723.7252197265625,296
2023-06-23 00:00:00+02:00,719.2300032632064,731.8165283203125,713.8357782387324,731.8165283203125,332
2023-06-26 00:00:00+02:00,721.0280782713644,731.8165283203125,707.5425157101793,731.8165283203125,357
2023-06-27 00:00:00+02:00,728.2203803628179,742.60498046875,719.2300052966102,742.60498046875,336
2023-06-28 00:00:00+02:00,741.7059840926205,746.201171875,719.230045180723,746.201171875,692
2023-06-29 00:00:00+02:00,746.2012036566198,759.686767578125,728.2204517612796,759.686767578125,1021
2023-06-30 00:00:00+02:00,759.686767578125,759.686767578125,753.393504414756,759.686767578125,885
2023-07-03 00:00:00+02:00,754.2924952119104,754.2924952119104,709.3406182624522,718.3309936523438,2532
2023-07-04 00:00:00+02:00,709.3405865246737,719.229999011076,707.542511527146,710.2396240234375,381
2023-07-05 00:00:00+02:00,709.3406245244014,709.3406245244014,685.9656483043324,692.2589111328125,792
2023-07-06 00:00:00+02:00,692.2588904698689,699.4511906305949,684.1675527890523,690.4608154296875,481
2023-07-07 00:00:00+02:00,687.7637019119863,690.4608144685039,683.2685143177903,685.0665893554688,289
2023-07-10 00:00:00+02:00,685.9655969158497,690.4607843137255,684.1675219566994,687.763671875,276
2023-07-11 00:00:00+02:00,687.7636601994094,690.4607725923483,666.1867610558985,681.4703979492188,799
2023-07-12 00:00:00+02:00,682.3694777488708,690.4608154296875,670.6819899876912,690.4608154296875,347
2023-07-13 00:00:00+02:00,690.4607924403183,690.4607924403183,670.6819676568717,677.874267578125,539
2023-07-14 00:00:00+02:00,683.268524609887,686.8646747394127,679.6723744803612,685.9656372070312,225
2023-07-17 00:00:00+02:00,680.5713696321485,687.7636694433205,676.9752197265625,676.9752197265625,252
2023-07-18 00:00:00+02:00,675.1771643604233,681.4704268777641,670.6819768480369,673.3790893554688,692
2023-07-19 00:00:00+02:00,670.6819676568717,677.874267578125,667.085817696245,677.874267578125,538
2023-07-20 00:00:00+02:00,677.8742480919669,690.4607725923483,677.8742480919669,681.4703979492188,153
2023-07-21 00:00:00+02:00,680.5713604849058,687.7636601994094,655.398311484143,681.4703979492188,906
2023-07-24 00:00:00+02:00,672.4800233060893,681.4703979492188,657.196386412769,681.4703979492188,538
2023-07-25 00:00:00+02:00,681.4704373372396,681.4704373372396,668.883912109375,674.2781372070312,517
2023-07-26 00:00:00+02:00,672.4800611926663,672.4800611926663,661.6916110131048,668.8839111328125,413
2023-07-27 00:00:00+02:00,665.2877731020889,680.5714111328125,665.2877731020889,680.5714111328125,583
2023-07-28 00:00:00+02:00,677.8742779258072,680.5713904374483,669.7829403908837,678.7733154296875,413
2023-07-31 00:00:00+02:00,674.2781176174983,680.571380048595,669.782930166715,677.874267578125,159
2023-08-01 00:00:00+02:00,680.5714120127427,687.7637122717941,675.1771868184541,685.9656372070312,354
2023-08-02 00:00:00+02:00,685.9656061272873,685.9656061272873,673.3790812442178,683.2684936523438,77
2023-08-03 00:00:00+02:00,677.8742872721355,677.8742872721355,662.5906494954427,674.2781372070312,314
2023-08-04 00:00:00+02:00,674.2781060766503,674.2781060766503,669.782918702806,671.5809936523438,200
2023-08-07 00:00:00+02:00,667.0858142686926,668.8838892397673,657.1964019277822,661.6915893554688,401
2023-08-08 00:00:00+02:00,669.7829083399223,671.5809832616402,657.1963838878969,670.6819458007812,193
2023-08-09 00:00:00+02:00,668.883923226965,680.5714111328125,658.0954728523366,680.5714111328125,150
2023-08-10 00:00:00+02:00,680.5714027086893,690.4608154296875,665.2877648671467,690.4608154296875,347
2023-08-11 00:00:00+02:00,690.4608154296875,690.4608154296875,679.6723651885986,690.4608154296875,316
2023-08-14 00:00:00+02:00,690.4608144685039,690.4608144685039,676.975251685916,685.0665893554688,446
2023-08-16 00:00:00+02:00,684.1675404529698,684.1675404529698,670.6819778947641,678.7733154296875,265
2023-08-17 00:00:00+02:00,655.3983191065041,673.3790686018815,639.2156445606645,671.5809936523438,1313
2023-08-18 00:00:00+02:00,665.287810989442,671.5810740663692,655.3983975828422,662.5906982421875,361
2023-08-21 00:00:00+02:00,665.2877337188118,682.3694458007812,650.0040965928391,682.3694458007812,1129
2023-08-22 00:00:00+02:00,681.4704152233196,684.1675276846256,667.0858154296875,667.0858154296875,330
2023-08-23 00:00:00+02:00,667.9848321038323,672.4800193992821,656.297345135663,665.2877197265625,260
2023-08-24 00:00:00+02:00,669.7829403908837,678.7733154296875,658.9944903443192,678.7733154296875,389
2023-08-25 00:00:00+02:00,676.0762049788136,689.561767578125,669.7829424324683,689.561767578125,543
2023-08-28 00:00:00+02:00,700.9438328370145,700.9438328370145,687.6647886425379,691.4588012695312,220
2023-08-29 00:00:00+02:00,693.3557414638699,697.149753729062,684.8192138671875,684.8192138671875,120
2023-08-30 00:00:00+02:00,683.8707674039828,683.8707674039828,671.5402265215254,678.1797485351562,187
2023-08-31 00:00:00+02:00,675.334228515625,675.334228515625,663.0036878264352,675.334228515625,267
2023-09-01 00:00:00+02:00,664.9006761582517,686.7162475585938,659.2096575320755,686.7162475585938,264
2023-09-04 00:00:00+02:00,673.437204097516,686.7162475585938,673.437204097516,686.7162475585938,150
2023-09-05 00:00:00+02:00,686.7163150363499,686.7163150363499,678.1797862582737,682.9223022460938,78
2023-09-06 00:00:00+02:00,681.9737885926058,681.9737885926058,655.4156994679981,680.0767822265625,569
2023-09-07 00:00:00+02:00,668.6947232660865,679.1282579553446,665.8492138053797,674.3857421875,386
2023-09-08 00:00:00+02:00,668.6947252546038,672.4887378801618,655.4156810651507,663.9522094726562,454
2023-09-11 00:00:00+02:00,657.3127246613199,669.6432663937833,655.4157182409408,668.6947631835938,174
2023-09-12 00:00:00+02:00,667.7462220982143,668.6947252546038,644.982146344866,663.9522094726562,413
2023-09-13 00:00:00+02:00,663.003678898415,663.003678898415,650.6731383752686,662.05517578125,163
2023-09-14 00:00:00+02:00,661.1066742609681,662.0551773804243,651.6216430664062,651.6216430664062,117
2023-09-15 00:00:00+02:00,659.2097104226741,663.0037231445312,647.8276722571028,663.0037231445312,247
2023-09-18 00:00:00+02:00,649.7247080042742,658.2612370145494,645.9306951108186,654.4672241210938,301
2023-09-19 00:00:00+02:00,644.0336135864258,647.8276260375976,626.0120544433594,644.9821166992188,579
2023-09-20 00:00:00+02:00,645.9306556438578,648.7761651400862,630.754604997306,632.651611328125,513
2023-09-21 00:00:00+02:00,628.8576113710997,628.8576113710997,618.42407634081,625.0635986328125,289
2023-09-22 00:00:00+02:00,623.1665451049804,667.74619140625,616.5270233154297,644.9821166992188,593
2023-09-25 00:00:00+02:00,652.570123396857,656.3641357421875,644.9820987061959,656.3641357421875,222
2023-09-26 00:00:00+02:00,654.4671524247748,656.3641586636872,631.7030775578261,651.6216430664062,336
2023-09-27 00:00:00+02:00,656.3641357421875,656.3641357421875,640.2395832745326,656.3641357421875,154
2023-09-28 00:00:00+02:00,655.4156326558549,656.3641357421875,635.4970678428695,656.3641357421875,468
2023-09-29 00:00:00+02:00,654.4671295695222,656.3641357421875,644.9820987061959,656.3641357421875,186
2023-10-02 00:00:00+02:00,655.4156634921119,655.4156634921119,634.5485946110317,637.3941040039062,648
2023-10-03 00:00:00+02:00,637.3941040039062,637.3941040039062,621.2695507776169,637.3941040039062,270
2023-10-04 00:00:00+02:00,635.4971313476562,642.1366536154676,621.2695836309176,635.4971313476562,410
2023-10-05 00:00:00+02:00,630.7545776367188,635.4970932580475,630.7545776367188,630.7545776367188,75
2023-10-06 00:00:00+02:00,630.7545524112062,656.3641357421875,630.7545524112062,656.3641357421875,248
2023-10-09 00:00:00+02:00,636.4456176757812,653.5186744837754,636.4456176757812,636.4456176757812,394
2023-10-10 00:00:00+02:00,635.4970994911829,644.9821308268722,626.9605712890625,626.9605712890625,180
2023-10-11 00:00:00+02:00,626.0121018173843,633.6001272939586,625.0635986328125,625.0635986328125,172
2023-10-12 00:00:00+02:00,625.0635881191347,635.4971229739306,622.2180786132812,622.2180786132812,471
2023-10-13 00:00:00+02:00,622.218057391827,624.115063664363,602.2994915301983,616.5270385742188,496
2023-10-16 00:00:00+02:00,614.6300323016827,616.5270385742188,602.2994915301983,616.5270385742188,441
2023-10-17 00:00:00+02:00,607.9905103478064,616.5270385742188,607.9905103478064,616.5270385742188,214
2023-10-18 00:00:00+02:00,616.5270233154297,616.5270233154297,592.8144454956055,607.0419921875,334
2023-10-19 00:00:00+02:00,597.5569594862418,607.041990589198,579.535400390625,579.535400390625,849
2023-10-20 00:00:00+02:00,578.58690625,602.299484375,564.359359375,592.814453125,907
2023-10-23 00:00:00+02:00,591.8659470886532,591.8659470886532,566.2563628396249,575.7413940429688,446
2023-10-24 00:00:00+02:00,569.1019287109375,572.8959415690105,559.6168965657552,569.1019287109375,638
2023-10-25 00:00:00+02:00,569.1018411613608,570.9988472985652,552.9772889951222,556.7713012695312,345
2023-10-26 00:00:00+02:00,557.7198243804326,572.8958740234375,557.7198243804326,572.8958740234375,637
2023-10-27 00:00:00+02:00,569.1018863600127,569.1018863600127,550.1318234813457,557.7198486328125,452
2023-10-30 00:00:00+01:00,552.0288340336134,564.359375,547.2863182773109,564.359375,999
2023-10-31 00:00:00+01:00,569.1019073535314,590.91748046875,557.7198692064607,590.91748046875,523
2023-11-02 00:00:00+01:00,592.8144424291286,592.8144424291286,570.0503678398501,589.9689331054688,268
2023-11-03 00:00:00+01:00,587.1234130859375,587.1234130859375,567.2048481831836,587.1234130859375,641
2023-11-06 00:00:00+01:00,586.1749329209715,586.1749329209715,568.1533734945987,582.3809204101562,911
2023-11-07 00:00:00+01:00,580.4838927419562,580.4838927419562,570.0503587220844,576.6898803710938,305
2023-11-08 00:00:00+01:00,569.1018971089785,576.6899224037649,559.6168654904955,560.5653686523438,369
2023-11-09 00:00:00+01:00,557.7198363438549,573.844389435429,554.8743269747536,565.307861328125,205
2023-11-10 00:00:00+01:00,569.1018844884703,571.9473939109128,557.7198467987009,568.1533813476562,267
2023-11-13 00:00:00+01:00,569.1019182828203,576.6899438599246,552.0288607343357,566.2564086914062,523
2023-11-14 00:00:00+01:00,566.256346351222,576.6898803710938,550.1317937750565,576.6898803710938,805
2023-11-15 00:00:00+01:00,576.6899287236201,584.2779541015625,569.1019033456778,584.2779541015625,300
2023-11-16 00:00:00+01:00,584.2779159421032,584.2779159421032,571.94737550826,579.535400390625,50
2023-11-17 00:00:00+01:00,582.380962140263,593.7630004882812,572.8959301835812,593.7630004882812,239
2023-11-20 00:00:00+01:00,593.7630029693852,593.7630029693852,580.4839581745426,583.3294677734375,423
2023-11-21 00:00:00+01:00,581.4324019476278,589.0204267691303,563.4108429965594,572.8958740234375,738
2023-11-22 00:00:00+01:00,569.1018888265779,574.7929077148438,564.3593730863564,574.7929077148438,155
2023-11-23 00:00:00+01:00,574.7929479980469,574.7929479980469,565.3079158528645,569.1019287109375,309
2023-11-24 00:00:00+01:00,572.8959310713725,574.7929374656485,562.462395902854,566.2564086914062,465
2023-11-27 00:00:00+01:00,561.5138274629237,562.4623305498543,558.6683182021319,559.6168212890625,301
2023-11-28 00:00:00+01:00,559.6168592436975,564.359375,534.9557773109244,564.359375,536
2023-11-29 00:00:00+01:00,555.8228101977412,558.6683194649652,542.5437669506962,549.1832885742188,664
2023-11-30 00:00:00+01:00,547.2863159179688,548.2348190651403,540.6467938877681,547.2863159179688,416
2023-12-01 00:00:00+01:00,542.5437863753147,565.307861328125,536.852767637112,565.307861328125,832
2023-12-04 00:00:00+01:00,559.6168612127434,564.3593769857329,550.1318296667647,553.9258422851562,409
2023-12-05 00:00:00+01:00,551.0803240859717,551.0803240859717,540.6467895507812,540.6467895507812,973
2023-12-06 00:00:00+01:00,540.6467958052673,550.1318273106228,531.1617642999116,536.852783203125,850
2023-12-07 00:00:00+01:00,533.0587360599498,549.1832885742188,533.0587360599498,549.1832885742188,284
2023-12-08 00:00:00+01:00,547.2862884256115,549.1832946246603,538.7497605298913,545.3892822265625,458
2023-12-11 00:00:00+01:00,545.3893310326531,545.3893310326531,523.573757791347,525.4707641601562,1101
2023-12-12 00:00:00+01:00,525.4707641601562,545.3893310326531,523.573757791347,525.4707641601562,526
2023-12-13 00:00:00+01:00,524.5222213745117,535.9042587280273,523.5737182617187,531.1617431640625,419
2023-12-14 00:00:00+01:00,536.8527574716088,562.4623413085938,527.3677264208737,562.4623413085938,654
2023-12-15 00:00:00+01:00,559.6168794177827,597.5570068359375,555.8228666759672,597.5570068359375,2795
2023-12-18 00:00:00+01:00,598.5054464515732,618.4240112304688,587.1234094350616,618.4240112304688,536
2023-12-19 00:00:00+01:00,615.5785564329566,622.2180786132812,602.2995120723074,622.2180786132812,503
2023-12-20 00:00:00+01:00,622.2180419921875,622.2180419921875,596.6084579467773,607.0419921875,684
2023-12-21 00:00:00+01:00,602.2994638744153,607.0419793379934,570.9988618148001,576.6898803710938,945
2023-12-22 00:00:00+01:00,575.7414512125652,575.7414512125652,550.1318644205729,569.1019287109375,1883
2023-12-27 00:00:00+01:00,560.565362394958,569.1018907563025,557.7198529411764,564.359375,550
2023-12-28 00:00:00+01:00,564.3593367237155,564.3593367237155,556.7713120282706,559.6168212890625,1038
2023-12-29 00:00:00+01:00,559.6168696680994,579.535436215608,559.6168696680994,567.2048950195312,492
2024-01-02 00:00:00+01:00,573.8443966188293,597.5569749915081,570.9988872141078,589.0204467773438,513
2024-01-03 00:00:00+01:00,584.2779478011593,588.0719604492188,571.9474066949659,588.0719604492188,426
2024-01-04 00:00:00+01:00,584.2778941761363,596.6084341506328,573.8443603515625,573.8443603515625,522
2024-01-05 00:00:00+01:00,577.6384191176471,577.6384191176471,562.462368697479,564.359375,435
2024-01-08 00:00:00+01:00,564.3593609837833,582.3809204101562,559.6168453452641,582.3809204101562,322
2024-01-09 00:00:00+01:00,594.7115046055472,594.7115046055472,565.3079054942682,566.2564086914062,392
2024-01-10 00:00:00+01:00,565.307861328125,575.7413956814964,565.307861328125,565.307861328125,122
2024-01-11 00:00:00+01:00,568.1534150856822,569.1019182828203,559.61688631144,566.2564086914062,209
2024-01-12 00:00:00+01:00,569.1018844884703,575.7414064741691,558.6683499395151,568.1533813476562,90
2024-01-15 00:00:00+01:00,568.153349071438,569.1018521583686,550.1317904197563,559.6168212890625,342
2024-01-16 00:00:00+01:00,559.6168459583242,559.6168459583242,544.4407958984375,544.4407958984375,419
2024-01-17 00:00:00+01:00,540.64683369705,541.5953369140625,528.3162918758893,541.5953369140625,944
2024-01-18 00:00:00+01:00,540.6468042834052,556.7713580953664,540.6468042834052,550.1318359375,117
2024-01-19 00:00:00+01:00,549.1833038071015,558.6683349609375,549.1833038071015,558.6683349609375,152
2024-01-22 00:00:00+01:00,559.6168675915949,578.5869308997845,553.9258485991379,577.638427734375,358
2024-01-23 00:00:00+01:00,577.6384214615938,581.4324340820312,572.8959056860471,581.4324340820312,87
2024-01-24 00:00:00+01:00,578.5869034039719,578.5869034039719,574.7928909226343,575.7413940429688,207
2024-01-25 00:00:00+01:00,576.6898864341888,576.6898864341888,572.8958740234375,572.8958740234375,43
2024-01-26 00:00:00+01:00,572.8959098569809,588.0719604492188,568.1533940469066,588.0719604492188,333
2024-01-29 00:00:00+01:00,588.0719283832856,589.0204314935812,570.0503692876688,579.535400390625,157
2024-01-30 00:00:00+01:00,586.1749364492056,586.1749364492056,561.5138549804688,561.5138549804688,265
2024-01-31 00:00:00+01:00,563.4108336367849,573.8443675930217,559.6168212890625,559.6168212890625,233
2024-02-01 00:00:00+01:00,569.1018630441083,569.1018630441083,559.6168319933732,562.4623413085938,231
2024-02-02 00:00:00+01:00,565.3078597192905,575.7413940429688,563.4108534786218,575.7413940429688,244
2024-02-05 00:00:00+01:00,576.6899140109323,576.6899140109323,570.0503919746222,574.7929077148438,88
2024-02-06 00:00:00+01:00,574.7929479980469,574.7929479980469,566.2564190673828,569.1019287109375,120
2024-02-07 00:00:00+01:00,569.1019182828203,572.8959310713725,565.3079054942682,566.2564086914062,87
2024-02-08 00:00:00+01:00,569.1018616126863,573.8443771261253,565.307849201935,572.8958740234375,234
2024-02-09 00:00:00+01:00,568.1533512737909,587.1234130859375,567.2048481831836,587.1234130859375,194
2024-02-12 00:00:00+01:00,587.1234237818089,589.9689331054688,578.5868958108296,589.9689331054688,286
2024-02-13 00:00:00+01:00,589.9689813523065,607.99054187593,588.0719749813987,597.5570068359375,555
2024-02-14 00:00:00+01:00,597.5570068359375,610.8360514322917,589.9689813523065,597.5570068359375,127
2024-02-15 00:00:00+01:00,597.5569504957932,604.1964721679688,590.9174288236178,604.1964721679688,143
2024-02-16 00:00:00+01:00,598.5054501732254,598.5054501732254,580.4838914516862,587.1234130859375,491
2024-02-19 00:00:00+01:00,587.1234897867838,589.9689994303385,548.2348579915365,569.1019287109375,996
2024-02-20 00:00:00+01:00,569.101827612186,585.2263793945312,569.101827612186,585.2263793945312,76
2024-02-21 00:00:00+01:00,581.4324526832218,597.5570068359375,581.4324526832218,597.5570068359375,191
2024-02-22 00:00:00+01:00,589.0204657192888,605.14501953125,581.4324403960129,605.14501953125,433
2024-02-23 00:00:00+01:00,605.1449644648314,615.5784983349147,591.8659213574526,601.3509521484375,600
2024-02-26 00:00:00+01:00,601.3510195777529,606.0935355050223,597.5570068359375,597.5570068359375,295
2024-02-27 00:00:00+01:00,597.5569565036285,606.0934844536804,588.0719254480153,600.4024658203125,339
2024-02-28 00:00:00+01:00,599.4539624064607,599.4539624064607,559.6168319933732,562.4623413085938,1114
2024-02-29 00:00:00+01:00,552.0287965936176,569.1018521583686,552.0287965936176,559.6168212890625,339
2024-03-01 00:00:00+01:00,559.6168487136429,568.1533769143595,553.9258299131651,561.5138549804688,155
2024-03-04 00:00:00+01:00,561.5138739224138,561.5138739224138,550.1318359375,550.1318359375,187
2024-03-05 00:00:00+01:00,550.131800942638,562.4623413085938,541.5952729969764,562.4623413085938,647
2024-03-06 00:00:00+01:00,561.5138612085459,565.3078737842793,550.1318234813457,557.7198486328125,157
2024-03-07 00:00:00+01:00,563.4108802532328,563.4108802532328,543.4923137796336,550.1318359375,248
2024-03-08 00:00:00+01:00,550.1318234813457,559.6168549206792,550.1318234813457,557.7198486328125,167
2024-03-11 00:00:00+01:00,554.8743517645474,564.3593834186422,542.5438106142242,550.1318359375,298
2024-03-12 00:00:00+01:00,550.1318359375,558.6683644261853,546.3378232758621,550.1318359375,229
2024-03-13 00:00:00+01:00,546.3378127707972,550.1318253594833,535.9042781519105,547.2863159179688,173
2024-03-14 00:00:00+01:00,547.2863264412715,554.8743517645474,544.4408169450431,550.1318359375,74
2024-03-15 00:00:00+01:00,550.1318359375,550.1318359375,534.0072821255388,550.1318359375,474
2024-03-18 00:00:00+01:00,549.1832946246603,550.1317977241848,504.60364894701087,545.3892822265625,964
2024-03-19 00:00:00+01:00,536.852737850613,546.3377685546875,532.1102224985758,546.3377685546875,133
2024-03-20 00:00:00+01:00,548.2348210095516,549.1833241600873,535.9042800525895,536.852783203125,124
2024-03-21 00:00:00+01:00,536.8527769925302,540.6467895507812,533.058764434279,540.6467895507812,131
2024-03-22 00:00:00+01:00,540.6467895507812,540.6467895507812,534.0072675738418,540.6467895507812,63
2024-03-25 00:00:00+01:00,540.6467572380515,540.6467572380515,523.5737017463235,532.1102294921875,268
2024-03-26 00:00:00+01:00,531.1617726293103,532.1102757947199,513.1402124865302,522.625244140625,500
2024-03-27 00:00:00+01:00,524.5222674005681,525.4707705965909,513.1402290482954,521.6767578125,341
2024-03-28 00:00:00+01:00,521.6767120361328,531.1617431640625,516.934196472168,531.1617431640625,466
2024-04-02 00:00:00+02:00,531.1617431640625,545.389289855957,523.5737182617187,531.1617431640625,239
2024-04-03 00:00:00+02:00,531.1617520960366,544.4407958984375,516.9342051648928,544.4407958984375,295
2024-04-04 00:00:00+02:00,548.2347915251358,548.2347915251358,534.9557481317935,545.3892822265625,294
2024-04-05 00:00:00+02:00,545.3892714493758,545.3892714493758,531.161725237653,542.5437622070312,199
2024-04-08 00:00:00+02:00,542.5438084721142,542.5438084721142,531.1617705321397,533.0587768554688,192
2024-04-09 00:00:00+02:00,533.0587789601293,550.1318359375,533.0587789601293,550.1318359375,183
2024-04-10 00:00:00+02:00,550.1318359375,550.1318359375,541.5953074488147,550.1318359375,196
2024-04-11 00:00:00+02:00,550.1318277310925,564.359375,547.2863182773109,564.359375,127
2024-04-12 00:00:00+02:00,556.77132574353,579.535400390625,551.0803070817564,579.535400390625,289
2024-04-15 00:00:00+02:00,569.101875,592.814453125,554.874328125,592.814453125,249
2024-04-16 00:00:00+02:00,592.8144611296107,592.8144611296107,559.6168513063525,578.5869140625,360
2024-04-17 00:00:00+02:00,569.1019287109375,586.1749865722657,565.3079158528645,569.1019287109375,90
2024-04-18 00:00:00+02:00,566.2563357518724,573.8443603515625,559.6168142271435,573.8443603515625,195
2024-04-19 00:00:00+02:00,569.1018863600127,569.1018863600127,553.9258360570791,557.7198486328125,249
2024-04-22 00:00:00+02:00,557.7198529411764,569.1018907563025,553.9258403361345,564.359375,85
2024-04-23 00:00:00+02:00,560.5653791331282,563.410888671875,554.8743600556345,563.410888671875,63
2024-04-24 00:00:00+02:00,567.204847266637,568.1533503557116,545.3892762179202,549.1832885742188,536
2024-04-25 00:00:00+02:00,549.1833178068462,549.1833178068462,534.9557707134046,540.6467895507812,348
2024-04-26 00:00:00+02:00,535.9043072982573,538.7498168945312,531.1617913044674,538.7498168945312,442
2024-04-29 00:00:00+02:00,549.1833222123117,549.1833222123117,526.4192466801952,547.2863159179688,252
2024-04-30 00:00:00+02:00,549.1833327720905,558.6683644261853,541.5953074488147,550.1318359375,184
2024-05-02 00:00:00+02:00,550.1317797893154,556.7713012695312,537.8012398974859,556.7713012695312,154
2024-05-06 00:00:00+02:00,556.771349789916,564.359375,536.8527836134454,564.359375,368
2024-05-07 00:00:00+02:00,559.6168696680994,567.2048950195312,556.7713601613125,567.2048950195312,229
2024-05-08 00:00:00+02:00,567.2049128572705,567.2049128572705,538.7498168945312,538.7498168945312,632
2024-05-09 00:00:00+02:00,547.2863115277206,547.2863115277206,539.6982864112184,540.6467895507812,76
2024-05-10 00:00:00+02:00,539.6982882641296,542.5437976925872,527.3677474074799,530.2132568359375,1414
2024-05-13 00:00:00+02:00,532.1102757947199,535.9042884563578,522.625244140625,522.625244140625,576
2024-05-14 00:00:00+02:00,523.5737494574653,525.4707557960793,512.1917114257812,512.1917114257812,326
2024-05-15 00:00:00+02:00,512.1916971223726,531.1617599787568,512.1916971223726,530.2132568359375,868
2024-05-16 00:00:00+02:00,514.088687133789,531.1617431640625,512.1916809082031,531.1617431640625,256
2024-05-17 00:00:00+02:00,530.2132478766486,530.2132478766486,513.1401915943951,516.9342041015625,430
2024-05-20 00:00:00+02:00,519.7797134819381,520.7282166087299,512.1916884676032,516.9342041015625,612
2024-05-21 00:00:00+02:00,518.8312197315449,518.8312197315449,510.2946914361448,511.2431945800781,458
2024-05-22 00:00:00+02:00,512.1916732075058,512.1916732075058,502.70664222218164,507.44915771484375,329
2024-05-23 00:00:00+02:00,507.4491653442383,507.4491653442383,486.582096862793,493.22161865234375,1055
2024-05-24 00:00:00+02:00,493.22164384145583,493.22164384145583,469.9833163912334,478.04559326171875,1418
2024-05-27 00:00:00+02:00,474.2515571679095,476.14856339658115,458.6012557813685,469.0347900390625,1045
2024-05-28 00:00:00+02:00,464.76653399634455,492.2731247838833,464.2922824310421,487.5306091308594,958
2024-05-29 00:00:00+02:00,484.6851122106017,488.4791248306455,468.5605585754153,479.9425964355469,550
2024-05-31 00:00:00+02:00,474.25156530239235,487.5306091308594,474.25156530239235,487.5306091308594,238
2024-06-03 00:00:00+02:00,487.53059398854964,497.015625,487.53059398854964,497.015625,230
2024-06-04 00:00:00+02:00,497.9641342163086,500.8096435546875,484.685090637207,493.22161865234375,309
2024-06-05 00:00:00+02:00,492.27314284752157,495.11865234375,478.9940985317888,495.11865234375,212
2024-06-06 00:00:00+02:00,493.22161865234375,497.9641342163086,486.582096862793,493.22161865234375,105
2024-06-07 00:00:00+02:00,493.2216262090774,497.9641418457031,483.7365949358259,497.9641418457031,214
2024-06-10 00:00:00+02:00,493.22160960150313,500.80963436460314,488.47909412456556,498.9126281738281,129
2024-06-11 00:00:00+02:00,499.8611404418945,499.8611404418945,486.582096862793,493.22161865234375,125
2024-06-12 00:00:00+02:00,488.47912912945066,488.47912912945066,475.20008484243647,486.5821228027344,309
2024-06-13 00:00:00+02:00,477.09706423287287,485.633592221135,477.09706423287287,484.6850891113281,74
2024-06-14 00:00:00+02:00,475.2000817752579,491.32463544827067,474.2515786180219,488.4791259765625,186
2024-06-17 00:00:00+02:00,487.5306248740544,487.5306248740544,474.25158061678445,478.04559326171875,491
2024-06-18 00:00:00+02:00,480.8910995905578,480.8910995905578,475.20008066049206,479.9425964355469,150
2024-06-19 00:00:00+02:00,481.83958755000947,481.83958755000947,460.9725187978437,470.4575500488281,615
2024-06-20 00:00:00+02:00,470.45757827909273,480.89111328125,467.13781714204265,480.89111328125,1561
2024-06-21 00:00:00+02:00,481.9718606131417,490.7349853515625,480.0244995601593,490.7349853515625,312
2024-06-24 00:00:00+02:00,487.8139515380859,487.8139515380859,478.5639863891601,486.84027099609375,289
2024-06-25 00:00:00+02:00,486.3534385927262,486.84027887159783,482.945556640625,482.945556640625,30
2024-06-26 00:00:00+02:00,482.45872564831814,486.84028824250066,482.45872564831814,485.8666076660156,56
2024-06-27 00:00:00+02:00,484.8929190029327,486.35343984330297,473.20875227997044,478.5639953613281,341
2024-06-28 00:00:00+02:00,481.9718611044962,481.9718611044962,470.77453503843213,475.1560974121094,422
2024-07-01 00:00:00+02:00,486.84027791023254,506.31388902664185,486.84027791023254,498.5244445800781,640
2024-07-02 00:00:00+02:00,505.3402084708214,506.31388902664185,498.5244445800781,498.5244445800781,230
2024-07-03 00:00:00+02:00,506.3139141730543,516.0507202148438,498.52446933962267,516.0507202148438,146
2024-07-04 00:00:00+02:00,511.18231438971185,525.787523372275,511.18231438971185,524.8138427734375,226
2024-07-05 00:00:00+02:00,520.9191176143006,533.5769653320312,517.0243952396143,533.5769653320312,173
2024-07-08 00:00:00+02:00,526.7611560962819,530.6558781376591,517.9980315031828,525.7874755859375,226
2024-07-09 00:00:00+02:00,520.9191124566572,528.7085571289062,520.9191124566572,528.7085571289062,48
2024-07-10 00:00:00+02:00,527.7348499685911,527.7348499685911,507.2875587336457,526.7611694335938,110
2024-07-11 00:00:00+02:00,517.9980814232017,517.9980814232017,512.1559977981279,516.0507202148438,155
2024-07-12 00:00:00+02:00,513.1296584463212,518.971741844192,499.49813051795593,503.3928527832031,327
2024-07-15 00:00:00+02:00,509.2349455613356,509.2349455613356,498.52445913461537,506.31390380859375,110
2024-07-16 00:00:00+02:00,502.4191652807859,502.4191652807859,477.1034709061726,491.70867919921875,984
2024-07-17 00:00:00+02:00,488.7876320800781,496.5770764160156,482.94554882812497,486.84027099609375,488
2024-07-18 00:00:00+02:00,482.94556725543475,487.8139701511549,477.1034837805706,481.48504638671875,192
2024-07-19 00:00:00+02:00,481.9718682861328,486.84027099609375,481.4850280151367,486.84027099609375,170
2024-07-22 00:00:00+02:00,486.84027099609375,491.70867370605464,482.94554882812497,486.84027099609375,177
2024-07-23 00:00:00+02:00,483.91922937011714,486.84027099609375,483.91922937011714,486.84027099609375,165
2024-07-24 00:00:00+02:00,486.84028824250066,488.7876493954706,482.9455659365606,485.8666076660156,167
2024-07-25 00:00:00+02:00,482.94556187755364,488.78764528736275,476.12979789944296,476.61663818359375,120
2024-07-26 00:00:00+02:00,477.10346789078415,481.9718706243636,475.1561067973524,478.0771484375,158
2024-07-29 00:00:00+02:00,477.10347975898037,477.10347975898037,467.3666740496134,472.2350769042969,181
2024-07-30 00:00:00+02:00,478.0771550812047,480.0245162016984,473.69559256009387,478.5639953613281,236
2024-07-31 00:00:00+02:00,479.5376852284307,482.94556725543475,479.5376852284307,481.48504638671875,394
2024-08-01 00:00:00+02:00,476.61664085078047,480.02452285890655,473.20875884265433,479.05084228515625,175
2024-08-02 00:00:00+02:00,477.1034702918342,477.1034702918342,468.82718560309826,469.31402587890625,73
2024-08-05 00:00:00+02:00,467.36665482954544,467.36665482954544,443.99832208806816,455.1956481933594,632
2024-08-06 00:00:00+02:00,455.68249699905255,475.156107981918,455.68249699905255,473.6955871582031,219
2024-08-07 00:00:00+02:00,477.1034601384943,488.78762650923295,477.1034601384943,481.97186279296875,228
2024-08-08 00:00:00+02:00,480.024501731179,481.97186279296875,480.024501731179,481.97186279296875,22
2024-08-09 00:00:00+02:00,486.84026938664744,488.787630464194,480.0245056152344,480.0245056152344,55
2024-08-12 00:00:00+02:00,486.8402801234264,486.8402801234264,471.2613911594768,478.5639953613281,126
2024-08-13 00:00:00+02:00,486.35342347817345,486.35342347817345,474.1824168846256,475.1560974121094,76
2024-08-14 00:00:00+02:00,477.10347181448907,479.05083292393596,475.1561107050422,476.1297912597656,32
2024-08-16 00:00:00+02:00,472.23508353582,481.9718893819194,472.23508353582,472.721923828125,170
2024-08-19 00:00:00+02:00,473.2087587799167,480.99820336888655,446.9193832921436,467.853515625,458
2024-08-20 00:00:00+02:00,468.34034532729027,471.2613869821382,467.3666647756743,469.31402587890625,137
2024-08-21 00:00:00+02:00,467.8535222551183,472.2350848985065,467.8535222551183,468.3403625488281,64
2024-08-22 00:00:00+02:00,468.34034532729027,474.6692689127942,468.34034532729027,469.31402587890625,99
2024-08-23 00:00:00+02:00,471.2613909403483,471.7482312202454,464.44562702178956,467.3666687011719,186
2024-08-26 00:00:00+02:00,467.3666525937828,467.3666525937828,463.9587707519531,463.9587707519531,174
2024-08-27 00:00:00+02:00,463.9587906713765,467.3666726595188,463.9587906713765,465.4193115234375,54
2024-08-28 00:00:00+02:00,467.36667049632354,496.57708740234375,467.36667049632354,496.57708740234375,912
2024-08-29 00:00:00+02:00,478.0771548589071,478.0771548589071,443.02465470631915,467.3666687011719,1592
2024-08-30 00:00:00+02:00,467.36665196572585,467.36665196572585,452.7614440917969,452.7614440917969,178
2024-09-02 00:00:00+02:00,452.2746111877238,457.1430138915744,428.4194379388557,437.6694030761719,1004
2024-09-03 00:00:00+02:00,436.2088778409091,439.1299194335937,427.9325933283026,428.41943359375,615
2024-09-04 00:00:00+02:00,428.4194374955408,436.20888181364154,426.4720764160156,426.4720764160156,708
2024-09-05 00:00:00+02:00,428.4194534656614,436.20889807412794,417.22212684099065,418.6826477050781,892
2024-09-06 00:00:00+02:00,419.1694801084457,428.4194454070061,400.669549511325,422.5773620605469,1523
2024-09-09 00:00:00+02:00,427.4457638888889,441.56413194444445,425.49840277777776,438.15625,790
2024-09-10 00:00:00+02:00,437.66940081314533,446.4325256347656,437.66940081314533,446.4325256347656,269
2024-09-11 00:00:00+02:00,445.9456888606039,446.9193694039677,433.287841796875,433.287841796875,400
2024-09-12 00:00:00+02:00,438.1562389026989,438.1562389026989,421.6036698774858,428.41943359375,480
2024-09-13 00:00:00+02:00,428.4194330583539,443.9983215332031,422.57734988028545,443.9983215332031,418
2024-09-16 00:00:00+02:00,437.6694026232854,438.15624289316673,414.7879099388645,426.4720764160156,654
2024-09-17 00:00:00+02:00,426.9589245703913,427.4457648492629,421.6036815028037,422.5773620605469,128
2024-09-18 00:00:00+02:00,425.4983970351698,425.4983970351698,421.1168345943042,422.09051513671875,363
2024-09-19 00:00:00+02:00,422.0905297212823,422.0905297212823,406.9984807923783,418.6826477050781,451
2024-09-20 00:00:00+02:00,418.6826490319293,418.6826490319293,402.130079186481,403.103759765625,555
2024-09-23 00:00:00+02:00,403.5905772511552,407.97213960973227,363.6696757618974,399.2090148925781,1877
2024-09-24 00:00:00+02:00,399.2090319747445,399.2090319747445,387.03802490234375,387.03802490234375,961
2024-09-25 00:00:00+02:00,379.7354190393614,381.6827801626402,360.26180780657364,369.0249328613281,2253
2024-09-26 00:00:00+02:00,371.4591409434443,371.4591409434443,349.5513279127038,358.314453125,3374
2024-09-27 00:00:00+02:00,360.2618180694188,385.0906730985274,356.3670957119116,378.7617492675781,1754
2024-09-30 00:00:00+02:00,378.7617208380448,381.6827623869243,362.69599231920745,369.99859619140625,934
2024-10-01 00:00:00+02:00,365.61704156753865,375.3538469355157,362.2091596887467,366.1038818359375,1605
2024-10-02 00:00:00+02:00,369.51175766582634,385.5774862599927,366.10387584282137,376.8143615722656,995
2024-10-03 00:00:00+02:00,384.6038315059003,384.6038315059003,369.99862271453696,371.94598388671875,429
2024-10-04 00:00:00+02:00,369.9986187616984,378.76174394289654,369.9986187616984,373.8933410644531,617
2024-10-07 00:00:00+02:00,369.99861598659203,373.8933382601351,360.2618103027344,360.2618103027344,2247
2024-10-08 00:00:00+02:00,360.2618155924479,365.1302185058594,354.41973209635415,365.1302185058594,1020
2024-10-09 00:00:00+02:00,365.1301990855824,379.7354070490057,362.6959977583452,374.86700439453125,1453
2024-10-10 00:00:00+02:00,375.84068605119705,379.7354081864426,370.4854431152344,370.4854431152344,249
2024-10-11 00:00:00+02:00,370.4854590495428,373.8933410644531,368.05125761032104,373.8933410644531,250
2024-10-14 00:00:00+02:00,372.9196591162239,372.9196591162239,365.1302145393837,367.07757568359375,174
2024-10-15 00:00:00+02:00,367.0775584871807,369.99860006665426,358.80127401200554,368.0512390136719,363
2024-10-16 00:00:00+02:00,360.2617948017423,368.0512390136719,358.31443374875994,368.0512390136719,339
2024-10-17 00:00:00+02:00,368.0512562556988,368.0512562556988,355.39340881833346,367.07757568359375,701
2024-10-18 00:00:00+02:00,361.2354818568362,369.99860675363277,361.2354818568362,368.5380859375,632
2024-10-21 00:00:00+02:00,368.53808712066814,368.53808712066814,357.340760827702,364.1565246582031,735
2024-10-22 00:00:00+02:00,358.3144557607962,364.64337957178856,356.3670945881832,360.7486572265625,531
2024-10-23 00:00:00+02:00,360.2617941904523,360.2617941904523,348.5776278923836,356.8539123535156,857
2024-10-24 00:00:00+02:00,356.3670692863045,356.85390954489236,352.47234721760174,354.4197082519531,200
2024-10-25 00:00:00+02:00,356.3670987682182,356.3670987682182,321.3145972500328,347.6039733886719,1658
2024-10-28 00:00:00+01:00,340.78818307795996,350.0381480472189,338.8408220318002,345.6565856933594,665
2024-10-29 00:00:00+01:00,340.78818307795996,346.6302662164393,333.9724194164008,345.6565856933594,819
2024-10-30 00:00:00+01:00,345.65660293492897,345.65660293492897,336.8934777900998,344.68292236328125,623
2024-10-31 00:00:00+01:00,344.6829145207751,348.57763671875,337.86715067431913,348.57763671875,393
2024-11-04 00:00:00+01:00,341.76188194700575,348.0908056867651,338.3539999332892,340.3013610839844,286
2024-11-05 00:00:00+01:00,340.3013691218993,340.7882094210723,336.4066467285156,336.4066467285156,214
2024-11-06 00:00:00+01:00,335.9197944192325,338.3539958280675,331.0513916015625,331.0513916015625,233
2024-11-07 00:00:00+01:00,333.4855930103975,333.4855930103975,327.1566693474265,331.0513916015625,353
2024-11-08 00:00:00+01:00,327.15666004033756,328.61718084408903,323.26193789700017,328.1303405761719,669
2024-11-12 00:00:00+01:00,324.23563946935235,329.10404246438765,321.31459767233116,325.2093200683594,246
2024-11-13 00:00:00+01:00,327.15665838068185,329.59085970791904,318.8803738680753,321.3145751953125,686
2024-11-14 00:00:00+01:00,321.3145938162076,327.1566773401387,314.0119894112938,315.9593505859375,283
2024-11-15 00:00:00+01:00,314.4988339537593,314.98567425399733,302.8146667480469,302.8146667480469,811
2024-11-18 00:00:00+01:00,302.8146614623226,309.14358525494345,297.4594182531818,297.9462585449219,1446
2024-11-19 00:00:00+01:00,297.946251694037,300.86729337731185,286.2620849609375,286.2620849609375,1585
2024-11-20 00:00:00+01:00,290.6436379029579,295.9988808123926,280.41999234858247,283.3410339355469,3022
2024-11-21 00:00:00+01:00,285.2883890922496,299.8935967249586,285.2883890922496,294.051513671875,3835
2024-11-22 00:00:00+01:00,300.86730279922483,314.01199078559875,300.86730279922483,311.5777893066406,1940
2024-11-25 00:00:00+01:00,312.55146989822384,320.34091463088987,308.65674753189086,311.5777893066406,771
2024-11-26 00:00:00+01:00,311.57777600901255,315.95933848413927,303.78833160878725,310.6040954589844,384
2024-11-27 00:00:00+01:00,282.3673589684156,282.3673589684156,250.23590087890625,250.23590087890625,13385
2024-11-28 00:00:00+01:00,249.2622218276515,259.9727079218084,245.85433988860157,257.0516662597656,3270
2024-11-29 00:00:00+01:00,256.5648144757306,266.78845983434604,253.64377294469762,262.89373779296875,1508
2024-12-02 00:00:00+01:00,258.02534039939684,262.8937430484421,248.77537536621094,248.77537536621094,3742
2024-12-03 00:00:00+01:00,248.77538250338648,253.15694501323085,237.57805608933973,241.4727783203125,2237
2024-12-04 00:00:00+01:00,239.52541060014204,244.39381325461648,238.06488980379973,240.98593139648438,3180
2024-12-05 00:00:00+01:00,238.5517351459171,242.44645735238103,233.68333238783714,234.65701293945312,2590
2024-12-06 00:00:00+01:00,236.11753682034546,259.4858703613281,236.11753682034546,259.4858703613281,2332
2024-12-09 00:00:00+01:00,259.9727000905507,261.92006113991806,254.61745720479027,260.9463806152344,859
2024-12-10 00:00:00+01:00,259.9727051481462,264.8411078662763,249.26221916826003,254.61746215820312,1153
2024-12-11 00:00:00+01:00,255.1043103856948,255.1043103856948,243.42014349780035,250.72274780273438,1157
2024-12-12 00:00:00+01:00,246.3411865234375,255.59115202530572,242.4464642068614,246.3411865234375,935
2024-12-13 00:00:00+01:00,246.34118521977396,255.1043103856948,246.34118521977396,250.72274780273438,1150
2024-12-16 00:00:00+01:00,247.31486962707746,259.97271728515625,246.82802933253598,259.97271728515625,868
2024-12-17 00:00:00+01:00,264.8411016341743,288.69627439166425,264.8411016341743,265.32794189453125,2558
2024-12-18 00:00:00+01:00,263.3806034304061,268.7358467533903,247.80171376354292,258.0253601074219,1181
2024-12-19 00:00:00+01:00,258.5121843327072,261.9200662353982,254.61746215820312,254.61746215820312,451
2024-12-20 00:00:00+01:00,255.59114309457632,262.4069069104317,244.39381682567105,246.82801818847656,1531
2024-12-23 00:00:00+01:00,253.15694091796874,253.15694091796874,239.52541333007812,243.42013549804688,2550
2024-12-27 00:00:00+01:00,243.42013162279886,247.80169399200923,240.49909004332525,245.36749267578125,938
2024-12-30 00:00:00+01:00,247.31485372876364,255.1042979406932,244.39381214929006,245.36749267578125,1272
2025-01-02 00:00:00+01:00,254.13063115658966,261.4332355001698,253.15695057744566,257.53851318359375,1080
2025-01-03 00:00:00+01:00,270.68320913875806,270.68320913875806,260.94640305463,264.84112548828125,687
2025-01-07 00:00:00+01:00,264.8411147721851,264.8411147721851,254.13062851301586,255.10430908203125,2471
2025-01-08 00:00:00+01:00,256.0779916463684,256.0779916463684,250.2359081867554,254.13063049316406,723
2025-01-09 00:00:00+01:00,254.13062851301586,255.10430908203125,251.2095868059697,255.10430908203125,252
2025-01-10 00:00:00+01:00,256.0779796253551,267.76214599609375,254.13061856356535,267.76214599609375,1085
2025-01-13 00:00:00+01:00,272.63055815113535,272.63055815113535,262.8937525028805,270.6831970214844,703
2025-01-14 00:00:00+01:00,265.81479556435033,277.49896240234375,263.86743442468475,277.49896240234375,829
2025-01-15 00:00:00+01:00,277.01211667742047,277.01211667742047,269.7095125470843,272.63055419921875,182
2025-01-16 00:00:00+01:00,276.0384321821497,277.0121127189474,266.7884670825715,274.5779113769531,318
2025-01-17 00:00:00+01:00,277.49894801624106,284.3147116517277,274.09106619849774,280.9068298339844,444
2025-01-20 00:00:00+01:00,283.3410366909671,285.7752380371094,274.57791184485467,285.7752380371094,334
2025-01-21 00:00:00+01:00,285.7752391986781,290.643641910751,277.4989545881542,281.3936767578125,280
2025-01-22 00:00:00+01:00,282.36737060546875,285.7752526645003,276.5252870757004,282.36737060546875,397
2025-01-23 00:00:00+01:00,287.7226191116592,288.20945941472456,279.44633395954713,287.23577880859375,351
2025-01-24 00:00:00+01:00,286.7489356994629,298.91994315699526,282.36737301475125,295.9989013671875,1080
2025-01-27 00:00:00+01:00,295.02520665853376,317.41985930918156,287.23576225830845,310.6040954589844,1291
2025-01-28 00:00:00+01:00,313.52512364417504,313.52512364417504,284.3147083978233,309.6304016113281,2256
2025-01-29 00:00:00+01:00,309.6304105348849,313.5251326799778,290.1567998094204,301.3541259765625,1392
2025-01-30 00:00:00+01:00,301.3541271272253,301.8409673972208,296.9725646972656,296.9725646972656,163
2025-01-31 00:00:00+01:00,301.3541174882295,301.3541174882295,292.10415265418044,294.051513671875,503
2025-02-03 00:00:00+01:00,292.1041642374067,328.1303444933535,292.1041642374067,326.1829833984375,6334
2025-02-04 00:00:00+01:00,328.13036186538056,334.4592857589265,325.2093200683594,325.2093200683594,1519
2025-02-05 00:00:00+01:00,328.1303394591302,334.4592629205081,323.26193679653187,332.51190185546875,766
2025-02-06 00:00:00+01:00,332.5118986317809,351.4986688318387,332.5118986317809,345.6565856933594,2314
2025-02-07 00:00:00+01:00,348.5776498205375,381.6827897476276,348.5776498205375,371.94598388671875,3262
2025-02-10 00:00:00+01:00,378.76174528702444,383.63014818274456,362.20917544157606,369.51177978515625,3141
2025-02-11 00:00:00+01:00,376.814369380941,379.73541100404907,369.9986055936888,372.9196472167969,606
2025-02-12 00:00:00+01:00,366.1038784638294,369.9986005751468,351.01183028247476,352.47235107421875,1565
2025-02-13 00:00:00+01:00,355.3934074608055,368.0512548498205,355.3934074608055,360.2618103027344,796
2025-02-14 00:00:00+01:00,369.99862007472825,374.8670229704484,350.5250084918478,358.314453125,1614
2025-02-17 00:00:00+01:00,356.3670720910961,358.3144331407742,350.5249889420617,356.8539123535156,571
2025-02-18 00:00:00+01:00,358.3144557607962,371.4591436759341,355.88025429502994,360.7486572265625,902
2025-02-19 00:00:00+01:00,360.26179812082046,370.4854437431681,354.90655517578125,354.90655517578125,816
2025-02-20 00:00:00+01:00,354.90656152102025,361.23548511467357,342.2487143337136,344.1960754394531,478
2025-02-21 00:00:00+01:00,344.68292120856205,365.6170534288561,344.68292120856205,360.2618103027344,635
2025-02-24 00:00:00+01:00,360.26180636498236,364.15652859595514,358.314445249496,362.20916748046875,321
2025-02-25 00:00:00+01:00,359.2881215483567,359.2881215483567,350.5249966325431,352.9591979980469,239
2025-02-26 00:00:00+01:00,353.4460436762596,361.7223284455384,350.5250019929847,357.8276062011719,496
2025-02-27 00:00:00+01:00,358.3144544270833,379.73542724609376,356.36709326171876,365.1302185058594,774
2025-02-28 00:00:00+01:00,362.20915749289776,375.3538446599787,360.26179643110794,374.86700439453125,716
2025-03-03 00:00:00+01:00,378.7617281699667,381.6827697753906,372.43280469154826,381.6827697753906,675
2025-03-04 00:00:00+01:00,372.4328041828572,381.1959289871597,360.26179751021476,370.4854431152344,606
2025-03-05 00:00:00+01:00,370.48545513251906,379.7354205037646,365.13021202285057,375.8406982421875,481
2025-03-06 00:00:00+01:00,375.8406814616324,375.8406814616324,353.44602945744185,361.2354736328125,442
2025-03-07 00:00:00+01:00,361.2354830165598,364.1565246582031,353.4460386388442,364.1565246582031,143
2025-03-10 00:00:00+01:00,369.51175980340867,374.86700269911023,354.4197116427951,368.0512390136719,160
2025-03-11 00:00:00+01:00,368.05125229968877,375.35385651198413,364.1565300531312,369.0249328613281,278
2025-03-12 00:00:00+01:00,369.9986187616984,374.3801813522975,364.15653530756634,373.8933410644531,255
2025-03-13 00:00:00+01:00,371.94597987232595,374.86702159907196,362.2091741165059,362.6960144042969,246
2025-03-14 00:00:00+01:00,362.6960092106721,369.99861342296754,362.6960092106721,369.0249328613281,313
2025-03-17 00:00:00+01:00,372.43282696516843,372.9196672618549,357.8276180645736,363.182861328125,782
2025-03-18 00:00:00+01:00,367.07757428143475,369.99861598659203,359.2881297343486,360.2618103027344,380
2025-03-19 00:00:00+01:00,360.26181428328806,360.26181428328806,347.60396675441575,358.314453125,447
2025-03-20 00:00:00+01:00,348.57762619252,357.82759113338295,342.735543071975,350.03814697265625,544
2025-03-21 00:00:00+01:00,350.5250084918478,354.41973080842394,347.11712646484375,347.11712646484375,111
2025-03-24 00:00:00+01:00,347.6039629137194,368.0512548498205,347.6039629137194,360.2618103027344,534
2025-03-25 00:00:00+01:00,360.2618103027344,368.0512548498205,356.3670880291913,360.2618103027344,272
2025-03-26 00:00:00+01:00,356.3670692863045,357.3407498034802,349.55130566607465,354.4197082519531,339
2025-03-27 00:00:00+01:00,360.2617935395577,360.2617935395577,345.6565856933594,345.6565856933594,376
2025-03-28 00:00:00+01:00,345.6566016544358,350.5250044946391,344.68292108639514,349.0644836425781,232
2025-03-31 00:00:00+02:00,350.5249922538952,350.5249922538952,343.709228515625,343.709228515625,262
2025-04-01 00:00:00+02:00,350.52498618325035,364.15651342371007,345.6565835973719,354.4197082519531,181
2025-04-02 00:00:00+02:00,354.4197254863981,354.4197254863981,347.6039615347366,353.446044921875,368
2025-04-03 00:00:00+02:00,350.5250057931674,350.5250057931674,340.7882000766905,344.68292236328125,177
2025-04-04 00:00:00+02:00,343.70922290319686,344.6829034213362,320.34089046785203,338.8408203125,758
2025-04-07 00:00:00+02:00,321.3145859662224,337.8671555463005,295.0252107508042,331.0513916015625,1716
2025-04-08 00:00:00+02:00,331.0513930087131,340.7881986854399,331.0513930087131,337.8671569824219,175
2025-04-09 00:00:00+02:00,327.1566678983671,340.78819572746573,321.31458454303913,324.2356262207031,592
2025-04-10 00:00:00+02:00,333.9724438476562,356.36709751674107,331.05140206473214,340.7882080078125,670
2025-04-11 00:00:00+02:00,346.6302927909445,350.525015181854,339.8145286068529,347.6039733886719,382
2025-04-14 00:00:00+02:00,348.57765398639924,352.4723763773087,343.70925099776235,347.6039733886719,489
2025-04-15 00:00:00+02:00,347.60395228068035,353.4460355122884,342.73554958767363,350.5249938964844,649
2025-04-16 00:00:00+02:00,354.4197082519531,355.3933887691288,346.6302641145476,354.4197082519531,227
2025-04-17 00:00:00+02:00,354.4197215459118,355.3934020996094,344.6829160089362,355.3934020996094,267
2025-04-22 00:00:00+02:00,355.3934074608055,360.2618103027344,350.52500461887666,360.2618103027344,618
2025-04-23 00:00:00+02:00,361.23549087112013,363.18285200789165,357.34076859757704,360.2618103027344,515
2025-04-24 00:00:00+02:00,362.20916748046875,362.20916748046875,355.3934035762664,362.20916748046875,775
2025-04-25 00:00:00+02:00,362.2091714395059,369.02493541820627,358.31444916596286,360.2618103027344,684
2025-04-28 00:00:00+02:00,367.0775647072441,367.0775647072441,350.5249954764135,357.34075927734375,596
2025-04-29 00:00:00+02:00,364.15654066742445,364.15654066742445,356.3670959472656,356.3670959472656,312
2025-04-30 00:00:00+02:00,359.288133704144,359.288133704144,348.57764733355975,358.314453125,293
2025-05-02 00:00:00+02:00,348.57764601773505,360.2618129233574,337.86715968758114,351.4986877441406,2222
2025-05-05 00:00:00+02:00,351.4986851872624,360.2618103027344,351.4986851872624,360.2618103027344,712
2025-05-06 00:00:00+02:00,360.2617952968534,360.2617952968534,347.6039484350721,352.47235107421875,328
2025-05-07 00:00:00+02:00,352.4723723260141,355.39341408562194,342.7355664606546,349.55133056640625,602
2025-05-08 00:00:00+02:00,351.49869173947815,354.419733499086,342.7355664606546,349.55133056640625,417
2025-05-09 00:00:00+02:00,350.5250111529422,354.419733499086,345.65660822026246,349.55133056640625,769
2025-05-12 00:00:00+02:00,352.47235497368706,354.41971605088975,345.65659120347766,350.5249938964844,527
2025-05-13 00:00:00+02:00,346.6302641145476,359.2881108378316,342.7355420458448,354.4197082519531,493
2025-05-14 00:00:00+02:00,360.2617931108912,369.9985983301044,360.2617931108912,361.2354736328125,2644
2025-05-15 00:00:00+02:00,367.07757173804936,369.0249328613281,361.235488368213,369.0249328613281,641
2025-05-16 00:00:00+02:00,369.99859755447426,406.9984573099217,369.99859755447426,392.39324951171875,4562
2025-05-19 00:00:00+02:00,399.20902277914325,435.23520288360254,399.20902277914325,433.287841796875,4380
2025-05-20 00:00:00+02:00,438.15626061480975,438.15626061480975,413.81424613620925,425.4984130859375,3890
2025-05-21 00:00:00+02:00,433.2878536841321,436.2088953943622,416.73528399282816,427.4457702636719,698
2025-05-22 00:00:00+02:00,426.4720787635216,426.4720787635216,408.9458289513221,417.7089538574219,666
2025-05-23 00:00:00+02:00,418.6826383425425,418.6826383425425,390.44590226827796,415.7615966796875,1470
2025-05-26 00:00:00+02:00,422.5773590087891,423.55103955950057,402.1300674438476,408.9458312988281,619
2025-05-27 00:00:00+02:00,408.94583045889476,424.52471923828125,397.2616638743549,424.52471923828125,1161
2025-05-28 00:00:00+02:00,424.52472317603326,434.26152875346526,415.7615981563445,422.5773620605469,1104
2025-05-29 00:00:00+02:00,422.5773686257942,422.5773686257942,411.86688232421875,411.86688232421875,237
2025-05-30 00:00:00+02:00,408.9458432404891,408.9458432404891,403.103759765625,403.103759765625,1163
2025-06-02 00:00:00+02:00,395.3143035888672,423.55103955950057,395.3143035888672,408.9458312988281,743
2025-06-03 00:00:00+02:00,416.7352797220768,418.6826408422735,400.18271020040555,406.99847412109375,190
2025-06-04 00:00:00+02:00,408.9458213612334,421.6036682128906,406.9984603071323,421.6036682128906,1381
2025-06-05 00:00:00+02:00,422.57737134850544,428.41945482336956,417.7089684527853,425.4984130859375,271
2025-06-06 00:00:00+02:00,425.4984047629616,425.4984047629616,401.1563907605039,406.99847412109375,1310
2025-06-09 00:00:00+02:00,409.9195143056902,412.84055597532694,397.26166707059764,400.1827087402344,515
2025-06-10 00:00:00+02:00,403.1037464649856,416.7352741232218,397.2616631828844,402.13006591796875,324
2025-06-11 00:00:00+02:00,403.1037584159533,406.0248001436051,395.3143138088817,396.2879943847656,396
2025-06-12 00:00:00+02:00,395.3143044651145,399.20902667659345,381.6827767249381,393.366943359375,609
2025-06-13 00:00:00+02:00,385.5774974294514,390.4459001747727,375.8406919388087,386.5511779785156,1017
2025-06-16 00:00:00+02:00,387.5248486030393,405.0510980373476,375.8406823135004,399.2090148925781,708
2025-06-17 00:00:00+02:00,405.0511036332831,406.02478417086314,396.28797879506305,404.0774230957031,192
2025-06-18 00:00:00+02:00,404.0774352462203,420.6300048828125,400.18271297878687,420.6300048828125,1013
2025-06-20 00:00:00+02:00,424.0,439.0,416.0,438.0,878
2025-06-23 00:00:00+02:00,438.0,438.0,420.0,423.0,699
2025-06-24 00:00:00+02:00,423.0,430.0,420.0,424.0,181
2025-06-25 00:00:00+02:00,423.0,430.0,421.0,430.0,158
2025-06-26 00:00:00+02:00,429.0,432.0,420.0,432.0,326
2025-06-27 00:00:00+02:00,430.0,465.0,430.0,454.0,1331
2025-06-30 00:00:00+02:00,455.0,459.0,446.0,454.0,481
2025-07-01 00:00:00+02:00,459.0,459.0,440.0,452.0,476
2025-07-02 00:00:00+02:00,447.0,460.0,442.0,444.0,183
2025-07-03 00:00:00+02:00,442.0,460.0,442.0,454.0,345
2025-07-04 00:00:00+02:00,447.0,460.0,443.0,459.0,669
2025-07-07 00:00:00+02:00,459.0,474.0,455.0,456.0,832
2025-07-08 00:00:00+02:00,463.0,470.0,445.0,456.0,806
2025-07-09 00:00:00+02:00,458.0,458.0,447.0,454.0,285
2025-07-10 00:00:00+02:00,456.0,468.0,451.0,465.0,447
2025-07-11 00:00:00+02:00,464.0,465.0,455.0,460.0,275
2025-07-14 00:00:00+02:00,460.0,466.0,449.0,460.0,948
2025-07-15 00:00:00+02:00,459.0,460.0,449.0,457.0,618
2025-07-16 00:00:00+02:00,458.0,473.0,458.0,466.0,1256
2025-07-17 00:00:00+02:00,461.0,472.0,460.0,465.0,473
2025-07-18 00:00:00+02:00,465.0,481.0,465.0,479.0,899
2025-07-21 00:00:00+02:00,481.0,492.0,481.0,488.0,1125
2025-07-22 00:00:00+02:00,490.0,490.0,482.0,486.0,229
2025-07-23 00:00:00+02:00,489.0,490.0,475.0,490.0,228
2025-07-24 00:00:00+02:00,489.0,495.0,480.0,480.0,786
2025-07-25 00:00:00+02:00,478.0,478.0,455.0,461.0,1305
2025-07-28 00:00:00+02:00,464.0,490.0,457.0,487.0,2020
2025-07-29 00:00:00+02:00,488.0,518.0,487.0,499.0,8140
2025-07-30 00:00:00+02:00,500.0,504.0,488.0,500.0,3673
2025-07-31 00:00:00+02:00,500.0,506.0,490.0,495.0,1559
2025-08-01 00:00:00+02:00,495.0,520.0,490.0,490.0,3346
2025-08-04 00:00:00+02:00,490.0,498.0,456.0,465.0,6410
2025-08-05 00:00:00+02:00,465.0,469.0,453.0,460.0,1979
2025-08-06 00:00:00+02:00,460.0,460.0,441.0,454.0,1534
2025-08-07 00:00:00+02:00,455.0,459.0,431.0,438.0,1793
2025-08-08 00:00:00+02:00,438.0,465.0,438.0,460.0,813
2025-08-11 00:00:00+02:00,466.0,470.0,443.0,454.0,645
2025-08-12 00:00:00+02:00,447.0,455.0,441.0,448.0,708
2025-08-13 00:00:00+02:00,450.0,455.0,446.0,454.0,391
2025-08-14 00:00:00+02:00,457.0,457.0,440.0,446.0,441
2025-08-18 00:00:00+02:00,445.0,458.0,418.0,448.0,2682
2025-08-19 00:00:00+02:00,456.0,467.0,450.0,460.0,910
2025-08-20 00:00:00+02:00,454.0,470.0,451.0,457.0,467
2025-08-21 00:00:00+02:00,458.0,466.0,456.0,461.0,1046
2025-08-22 00:00:00+02:00,460.0,480.0,457.0,480.0,1104
2025-08-25 00:00:00+02:00,481.0,487.0,470.0,480.0,689
2025-08-26 00:00:00+02:00,480.0,480.0,470.0,470.0,120
2025-08-27 00:00:00+02:00,464.0,478.0,460.0,460.0,354
2025-08-28 00:00:00+02:00,461.0,470.0,451.0,467.0,697
2025-08-29 00:00:00+02:00,470.0,470.0,453.0,459.0,277
2025-09-01 00:00:00+02:00,456.0,460.0,446.0,460.0,701
2025-09-02 00:00:00+02:00,454.0,458.0,432.0,458.0,989
2025-09-03 00:00:00+02:00,456.0,459.0,450.0,459.0,243
2025-09-04 00:00:00+02:00,455.0,460.0,453.0,460.0,469
2025-09-05 00:00:00+02:00,453.0,459.0,440.0,459.0,856
2025-09-08 00:00:00+02:00,456.0,460.0,446.0,454.0,365
2025-09-09 00:00:00+02:00,448.0,452.0,446.0,450.0,257
2025-09-10 00:00:00+02:00,442.0,448.0,435.0,448.0,795
2025-09-11 00:00:00+02:00,444.0,452.0,435.0,452.0,513
2025-09-12 00:00:00+02:00,451.0,452.0,443.0,449.0,113
2025-09-15 00:00:00+02:00,442.0,459.0,440.0,455.0,544
2025-09-16 00:00:00+02:00,454.0,455.0,448.0,452.0,1096
2025-09-17 00:00:00+02:00,450.0,453.0,446.0,453.0,482
2025-09-18 00:00:00+02:00,447.0,452.0,443.0,449.0,449
2025-09-19 00:00:00+02:00,450.0,450.0,440.0,450.0,1009
2025-09-22 00:00:00+02:00,449.0,452.0,445.0,452.0,1172
2025-09-23 00:00:00+02:00,450.0,455.0,446.0,452.0,236
2025-09-24 00:00:00+02:00,451.0,451.0,441.0,447.0,393
2025-09-25 00:00:00+02:00,446.0,447.0,440.0,444.0,327
2025-09-26 00:00:00+02:00,449.0,449.0,441.0,446.0,308
2025-09-29 00:00:00+02:00,446.0,450.0,440.0,446.0,683
2025-09-30 00:00:00+02:00,444.0,444.0,435.0,440.0,448
2025-10-01 00:00:00+02:00,439.0,446.0,437.0,446.0,475
2025-10-02 00:00:00+02:00,445.0,447.0,441.0,444.0,552
2025-10-03 00:00:00+02:00,443.0,445.0,439.0,445.0,550
2025-10-06 00:00:00+02:00,441.0,444.0,432.0,437.0,671
2025-10-07 00:00:00+02:00,436.0,437.0,423.0,428.0,903
2025-10-08 00:00:00+02:00,424.0,431.0,423.0,426.0,328
2025-10-09 00:00:00+02:00,425.0,430.0,425.0,427.0,203
2025-10-10 00:00:00+02:00,439.0,457.0,434.0,457.0,2176
2025-10-13 00:00:00+02:00,454.0,471.0,442.0,458.0,1013
2025-10-14 00:00:00+02:00,458.0,458.0,444.0,447.0,574
2025-10-15 00:00:00+02:00,459.0,478.0,458.0,467.0,1618
2025-10-16 00:00:00+02:00,469.0,471.0,459.0,465.0,548
2025-10-17 00:00:00+02:00,466.0,466.0,453.0,460.0,460
2025-10-20 00:00:00+02:00,460.0,460.0,442.0,452.0,584
2025-10-21 00:00:00+02:00,453.0,460.0,447.0,449.0,507
2025-10-22 00:00:00+02:00,446.0,450.0,444.0,449.0,137
2025-10-23 00:00:00+02:00,450.0,450.0,433.0,439.0,806
2025-10-24 00:00:00+02:00,439.0,439.0,434.0,436.0,593
2025-10-27 00:00:00+01:00,437.0,443.0,437.0,438.0,454
2025-10-28 00:00:00+01:00,438.0,438.0,430.0,435.0,691
2025-10-29 00:00:00+01:00,435.0,438.0,429.0,438.0,630
2025-10-30 00:00:00+01:00,433.0,439.0,431.0,438.0,550
2025-10-31 00:00:00+01:00,438.0,438.0,433.0,437.0,185
2025-11-03 00:00:00+01:00,433.0,433.0,425.0,432.0,2759
2025-11-04 00:00:00+01:00,432.0,435.0,425.0,428.0,345
2025-11-05 00:00:00+01:00,431.0,433.0,420.0,422.0,409
2025-11-06 00:00:00+01:00,423.0,432.0,420.0,424.0,635
2025-11-07 00:00:00+01:00,424.0,434.0,422.0,433.0,323
2025-11-10 00:00:00+01:00,434.0,438.0,426.0,434.0,437
2025-11-12 00:00:00+01:00,434.0,440.0,426.0,433.0,377
2025-11-13 00:00:00+01:00,433.0,434.0,425.0,426.0,554
2025-11-14 00:00:00+01:00,427.0,429.0,407.0,420.0,1312
2025-11-17 00:00:00+01:00,421.0,427.0,391.0,412.0,2766
2025-11-18 00:00:00+01:00,410.0,412.0,380.0,409.0,2579
2025-11-19 00:00:00+01:00,402.0,418.0,402.0,417.0,621
2025-11-20 00:00:00+01:00,417.0,419.0,406.0,419.0,254
2025-11-21 00:00:00+01:00,410.0,416.0,400.0,416.0,570
2025-11-24 00:00:00+01:00,429.0,445.0,422.0,442.0,1639
2025-11-25 00:00:00+01:00,444.0,448.0,420.0,434.0,2616
2025-11-26 00:00:00+01:00,436.0,440.0,429.0,440.0,1295
2025-11-27 00:00:00+01:00,439.0,440.0,425.0,434.0,688
2025-11-28 00:00:00+01:00,436.0,441.0,420.0,439.0,1026
2025-12-01 00:00:00+01:00,439.0,440.0,422.0,436.0,2493
2025-12-02 00:00:00+01:00,440.0,450.0,431.0,448.0,3179
2025-12-03 00:00:00+01:00,448.0,448.0,407.0,428.0,5868
2025-12-04 00:00:00+01:00,415.0,419.0,392.0,416.0,4381
2025-12-05 00:00:00+01:00,408.0,411.0,394.0,411.0,1384
2025-12-08 00:00:00+01:00,407.0,410.0,394.0,395.0,3711
2025-12-09 00:00:00+01:00,392.0,394.0,366.0,380.0,3788
2025-12-10 00:00:00+01:00,375.0,395.0,374.0,386.0,911
2025-12-11 00:00:00+01:00,385.0,397.0,385.0,395.0,637
2025-12-12 00:00:00+01:00,394.0,395.0,386.0,390.0,983
2025-12-15 00:00:00+01:00,388.0,388.0,380.0,380.0,986
2025-12-16 00:00:00+01:00,380.0,400.0,379.0,390.0,1288
2025-12-17 00:00:00+01:00,397.0,408.0,397.0,405.0,1301
2025-12-18 00:00:00+01:00,407.0,409.0,401.0,404.0,297
2025-12-19 00:00:00+01:00,406.0,409.0,390.0,409.0,1630
2025-12-22 00:00:00+01:00,407.0,409.0,397.0,400.0,1350
2025-12-23 00:00:00+01:00,400.0,407.0,396.0,405.0,1455
2025-12-29 00:00:00+01:00,406.0,407.0,396.0,400.0,1015
2025-12-30 00:00:00+01:00,400.0,404.0,385.0,400.0,1451
2026-01-02 00:00:00+01:00,400.0,418.0,396.0,405.0,3125
2026-01-05 00:00:00+01:00,418.0,425.0,410.0,421.0,7036
2026-01-07 00:00:00+01:00,484.0,580.0,467.0,580.0,39852
2026-01-08 00:00:00+01:00,598.0,620.0,568.0,612.0,22625
2026-01-09 00:00:00+01:00,614.0,750.0,590.0,730.0,17171
2026-01-12 00:00:00+01:00,788.0,840.0,732.0,738.0,23992
2026-01-13 00:00:00+01:00,704.0,720.0,672.0,686.0,17181
2026-01-14 00:00:00+01:00,662.0,714.0,650.0,680.0,27789
2026-01-15 00:00:00+01:00,678.0,692.0,650.0,662.0,9501
2026-01-16 00:00:00+01:00,660.0,670.0,640.0,660.0,13482
2026-01-19 00:00:00+01:00,692.0,714.0,640.0,640.0,21410
2026-01-20 00:00:00+01:00,642.0,650.0,626.0,638.0,4997
2026-01-21 00:00:00+01:00,632.0,644.0,626.0,630.0,3588
2026-01-22 00:00:00+01:00,620.0,656.0,606.0,656.0,15105
2026-01-23 00:00:00+01:00,652.0,660.0,622.0,640.0,5752
2026-01-26 00:00:00+01:00,654.0,670.0,630.0,630.0,5939
2026-01-27 00:00:00+01:00,634.0,638.0,610.0,636.0,3780
2026-01-28 00:00:00+01:00,626.0,650.0,614.0,634.0,2611
2026-01-29 00:00:00+01:00,630.0,634.0,604.0,610.0,4267
2026-01-30 00:00:00+01:00,602.0,618.0,592.0,614.0,4721
2026-02-02 00:00:00+01:00,594.0,608.0,588.0,608.0,4131
2026-02-03 00:00:00+01:00,596.0,614.0,582.0,608.0,8449
2026-02-04 00:00:00+01:00,608.0,640.0,598.0,624.0,3932
2026-02-05 00:00:00+01:00,608.0,614.0,592.0,592.0,3206
2026-02-06 00:00:00+01:00,598.0,614.0,586.0,614.0,2693
2026-02-09 00:00:00+01:00,614.0,628.0,602.0,618.0,1841
2026-02-10 00:00:00+01:00,618.0,624.0,596.0,596.0,2053
2026-02-11 00:00:00+01:00,608.0,622.0,590.0,608.0,4400
2026-02-12 00:00:00+01:00,606.0,610.0,590.0,602.0,2927
2026-02-13 00:00:00+01:00,600.0,604.0,594.0,604.0,373
2026-02-16 00:00:00+01:00,598.0,606.0,590.0,600.0,1338
2026-02-17 00:00:00+01:00,592.0,600.0,584.0,598.0,1161
2026-02-18 00:00:00+01:00,590.0,606.0,590.0,600.0,3099
2026-02-19 00:00:00+01:00,596.0,598.0,580.0,598.0,2366
2026-02-20 00:00:00+01:00,596.0,610.0,586.0,610.0,1551
2026-02-23 00:00:00+01:00,606.0,640.0,600.0,634.0,3864
2026-02-24 00:00:00+01:00,638.0,638.0,612.0,614.0,1420
2026-02-25 00:00:00+01:00,618.0,634.0,604.0,634.0,2179
2026-02-26 00:00:00+01:00,624.0,636.0,624.0,630.0,937
2026-02-27 00:00:00+01:00,630.0,650.0,626.0,640.0,1891
2026-03-02 00:00:00+01:00,638.0,648.0,616.0,640.0,3134
2026-03-03 00:00:00+01:00,642.0,648.0,610.0,628.0,2778
2026-03-04 00:00:00+01:00,630.0,672.0,622.0,662.0,3193
2026-03-05 00:00:00+01:00,670.0,678.0,648.0,660.0,3464
2026-03-06 00:00:00+01:00,662.0,668.0,640.0,656.0,2628
2026-03-09 00:00:00+01:00,646.0,668.0,640.0,658.0,1312
2026-03-10 00:00:00+01:00,668.0,676.0,656.0,674.0,1058
2026-03-11 00:00:00+01:00,670.0,680.0,656.0,666.0,1495
2026-03-12 00:00:00+01:00,670.0,676.0,650.0,660.0,2632
2026-03-13 00:00:00+01:00,658.0,668.0,646.0,664.0,1250
2026-03-16 00:00:00+01:00,668.0,668.0,644.0,650.0,1863
2026-03-17 00:00:00+01:00,650.0,658.0,638.0,656.0,1167
2026-03-18 00:00:00+01:00,650.0,656.0,632.0,638.0,3476
2026-03-19 00:00:00+01:00,640.0,640.0,608.0,620.0,4717
2026-03-20 00:00:00+01:00,620.0,628.0,616.0,620.0,1141
2026-03-23 00:00:00+01:00,616.0,632.0,596.0,628.0,1616
2026-03-24 00:00:00+01:00,628.0,628.0,610.0,626.0,578
2026-03-25 00:00:00+01:00,626.0,628.0,616.0,618.0,516
2026-03-26 00:00:00+01:00,612.0,620.0,606.0,620.0,700
2026-03-27 00:00:00+01:00,622.0,622.0,594.0,604.0,1011
2026-03-30 00:00:00+02:00,604.0,614.0,598.0,614.0,994
2026-03-31 00:00:00+02:00,614.0,624.0,608.0,612.0,274
2026-04-01 00:00:00+02:00,606.0,632.0,606.0,624.0,995
2026-04-02 00:00:00+02:00,628.0,630.0,612.0,630.0,623
2026-04-07 00:00:00+02:00,632.0,632.0,600.0,610.0,2186
2026-04-08 00:00:00+02:00,626.0,654.0,620.0,648.0,2627
2026-04-09 00:00:00+02:00,648.0,648.0,626.0,626.0,1634
2026-04-10 00:00:00+02:00,630.0,648.0,630.0,642.0,2311
2026-04-13 00:00:00+02:00,620.0,634.0,600.0,614.0,6986
2026-04-14 00:00:00+02:00,602.0,608.0,590.0,608.0,2489
2026-04-15 00:00:00+02:00,600.0,606.0,592.0,598.0,2083
2026-04-16 00:00:00+02:00,598.0,606.0,586.0,590.0,1414
2026-04-17 00:00:00+02:00,588.0,598.0,588.0,598.0,819
2026-04-20 00:00:00+02:00,596.0,596.0,578.0,580.0,1997
2026-04-21 00:00:00+02:00,582.0,594.0,580.0,592.0,1709
2026-04-22 00:00:00+02:00,586.0,606.0,580.0,606.0,1466
2026-04-23 00:00:00+02:00,606.0,612.0,596.0,604.0,1023
2026-04-24 00:00:00+02:00,604.0,612.0,592.0,598.0,1802
2026-04-27 00:00:00+02:00,600.0,604.0,570.0,584.0,1723
2026-04-28 00:00:00+02:00,584.0,584.0,572.0,574.0,748
2026-04-29 00:00:00+02:00,578.0,580.0,572.0,576.0,569
2026-04-30 00:00:00+02:00,574.0,590.0,572.0,588.0,1042
2026-05-04 00:00:00+02:00,588.0,588.0,576.0,580.0,644
2026-05-05 00:00:00+02:00,578.0,584.0,572.0,574.0,545
2026-05-06 00:00:00+02:00,580.0,592.0,572.0,586.0,1034
2026-05-07 00:00:00+02:00,590.0,592.0,584.0,584.0,434
2026-05-08 00:00:00+02:00,590.0,604.0,580.0,598.0,944
2026-05-11 00:00:00+02:00,600.0,606.0,574.0,580.0,4701
2026-05-12 00:00:00+02:00,580.0,580.0,554.0,566.0,1226
2026-05-13 00:00:00+02:00,582.0,582.0,526.0,542.0,11892
2026-05-14 00:00:00+02:00,526.0,556.0,520.0,544.0,7357
2026-05-15 00:00:00+02:00,528.0,538.0,524.0,524.0,2072
2026-05-18 00:00:00+02:00,524.0,530.0,514.0,520.0,1339
2026-05-19 00:00:00+02:00,520.0,536.0,516.0,520.0,1069
2026-05-20 00:00:00+02:00,520.0,532.0,516.0,528.0,1059
2026-05-21 00:00:00+02:00,522.0,528.0,514.0,526.0,908
2026-05-22 00:00:00+02:00,526.0,526.0,512.0,520.0,1035
2026-05-25 00:00:00+02:00,520.0,534.0,504.0,532.0,1818
2026-05-26 00:00:00+02:00,530.0,534.0,520.0,530.0,748
2026-05-27 00:00:00+02:00,530.0,530.0,508.0,518.0,1468
2026-05-28 00:00:00+02:00,524.0,532.0,518.0,526.0,1417
2026-05-29 00:00:00+02:00,532.0,532.0,500.0,516.0,5891
2026-06-01 00:00:00+02:00,514.0,516.0,500.0,516.0,1836
2026-06-02 00:00:00+02:00,514.0,520.0,506.0,518.0,1322
2026-06-03 00:00:00+02:00,514.0,520.0,506.0,520.0,1356
2026-06-05 00:00:00+02:00,520.0,520.0,510.0,516.0,385
2026-06-08 00:00:00+02:00,508.0,522.0,504.0,520.0,1412
2026-06-09 00:00:00+02:00,514.0,522.0,512.0,518.0,986
2026-06-10 00:00:00+02:00,520.0,520.0,508.0,510.0,851
2026-06-11 00:00:00+02:00,510.0,520.0,506.0,520.0,509
2026-06-12 00:00:00+02:00,518.0,520.0,508.0,520.0,832
2026-06-15 00:00:00+02:00,518.0,518.0,497.0,502.0,2703
2026-06-16 00:00:00+02:00,502.0,510.0,499.0,508.0,1188
2026-06-17 00:00:00+02:00,508.0,512.0,502.0,512.0,682
2026-06-18 00:00:00+02:00,510.0,510.0,500.0,506.0,1229
2026-06-19 00:00:00+02:00,506.0,510.0,500.0,510.0,815
2026-06-22 00:00:00+02:00,502.0,518.0,502.0,506.0,527
2026-06-23 00:00:00+02:00,512.0,512.0,504.0,506.0,252
2026-06-24 00:00:00+02:00,512.0,528.0,512.0,518.0,938
2026-06-25 00:00:00+02:00,518.0,520.0,510.0,518.0,409
2026-06-26 00:00:00+02:00,518.0,518.0,500.0,500.0,1286
2026-06-29 00:00:00+02:00,508.0,508.0,486.0,487.0,1573
2026-06-30 00:00:00+02:00,494.0,494.0,476.0,480.0,1701
2026-07-01 00:00:00+02:00,479.0,482.0,474.0,477.0,1445
2026-07-02 00:00:00+02:00,478.0,482.0,459.0,480.0,2493
2026-07-03 00:00:00+02:00,477.0,493.0,475.0,480.0,1503
2026-07-06 00:00:00+02:00,480.0,480.0,463.0,470.0,1877
2026-07-07 00:00:00+02:00,470.0,474.0,468.0,469.0,592
2026-07-08 00:00:00+02:00,471.0,475.0,466.0,467.0,1441
2026-07-09 00:00:00+02:00,469.0,473.0,466.0,468.0,1301
2026-07-10 00:00:00+02:00,474.0,485.0,474.0,480.0,1110
2026-07-13 00:00:00+02:00,480.0,491.0,477.0,482.0,1009
2026-07-14 00:00:00+02:00,486.0,486.0,475.0,484.0,612
2026-07-15 00:00:00+02:00,485.0,488.0,479.0,481.0,662
2026-07-16 00:00:00+02:00,486.0,486.0,476.0,477.0,784
2026-07-17 00:00:00+02:00,479.0,486.0,475.0,477.0,1027
2026-07-20 00:00:00+02:00,478.0,482.0,475.0,478.0,607
2026-07-21 00:00:00+02:00,480.0,481.0,474.0,481.0,667
2026-07-22 00:00:00+02:00,480.0,487.0,475.0,487.0,621
2026-07-23 00:00:00+02:00,487.0,488.0,479.0,487.0,570
2026-07-24 00:00:00+02:00,490.0,494.0,485.0,494.0,436
2026-07-27 00:00:00+02:00,496.0,510.0,491.0,508.0,1492
2026-07-28 00:00:00+02:00,510.0,512.0,504.0,508.0,547
2026-07-29 00:00:00+02:00,512.0,516.0,500.0,512.0,1210
2026-07-30 00:00:00+02:00,512.0,514.0,502.0,514.0,410
2026-07-31 00:00:00+02:00,512.0,516.0,504.0,512.0,1018
2026-08-03 00:00:00+02:00,514.0,536.0,510.0,532.0,2691
2026-08-04 00:00:00+02:00,536.0,542.0,522.0,534.0,1814
2026-08-05 00:00:00+02:00,538.0,544.0,528.0,540.0,1592
2026-08-06 00:00:00+02:00,544.0,548.0,534.0,544.0,1169
2026-08-07 00:00:00+02:00,546.0,546.0,536.0,540.0,850
2026-08-10 00:00:00+02:00,540.0,556.0,540.0,554.0,1741
2026-08-11 00:00:00+02:00,554.0,558.0,548.0,550.0,1839
2026-08-12 00:00:00+02:00,540.0,552.0,540.0,550.0,977
2026-08-13 00:00:00+02:00,550.0,550.0,504.0,510.0,13151
2026-08-14 00:00:00+02:00,500.0,526.0,500.0,520.0,3572
2026-08-17 00:00:00+02:00,522.0,528.0,508.0,508.0,2163
2026-08-18 00:00:00+02:00,510.0,518.0,498.0,510.0,4988
2026-08-19 00:00:00+02:00,506.0,522.0,500.0,522.0,1646
2026-08-20 00:00:00+02:00,524.0,524.0,514.0,520.0,1315
2026-08-21 00:00:00+02:00,520.0,528.0,514.0,528.0,2168
