Date,Open,High,Low,Close,Volume
2017-04-19 00:00:00+02:00,3.615000009536743,3.7880001068115234,3.615000009536743,3.75,102672970
2017-04-20 00:00:00+02:00,3.744999885559082,3.819999933242798,3.7200000286102295,3.799999952316284,13615240
2017-04-21 00:00:00+02:00,3.813999891281128,3.950000047683716,3.808000087738037,3.9189999103546143,15138750
2017-04-24 00:00:00+02:00,3.950000047683716,3.950000047683716,3.859999895095825,3.936000108718872,6642600
2017-04-25 00:00:00+02:00,3.885999917984009,3.99399995803833,3.871999979019165,3.9149999618530273,9204430
2017-04-26 00:00:00+02:00,3.9200000762939453,3.946000099182129,3.750999927520752,3.86899995803833,4721930
2017-04-27 00:00:00+02:00,3.86899995803833,3.86899995803833,3.818000078201294,3.8550000190734863,665960
2017-04-28 00:00:00+02:00,3.86899995803833,3.875999927520752,3.7769999504089355,3.875999927520752,1813930
2017-05-02 00:00:00+02:00,3.8550000190734863,3.869999885559082,3.808000087738037,3.869999885559082,453970
2017-05-04 00:00:00+02:00,3.9000000953674316,3.947999954223633,3.869999885559082,3.880000114440918,1686650
2017-05-05 00:00:00+02:00,3.8989999294281006,3.930000066757202,3.88100004196167,3.884000062942505,1278790
2017-05-08 00:00:00+02:00,3.9000000953674316,3.934999942779541,3.7950000762939453,3.9010000228881836,1466410
2017-05-09 00:00:00+02:00,3.9030001163482666,3.933000087738037,3.821000099182129,3.859999895095825,859990
2017-05-10 00:00:00+02:00,3.8499999046325684,3.8499999046325684,3.805000066757202,3.8399999141693115,718850
2017-05-11 00:00:00+02:00,3.8399999141693115,3.8399999141693115,3.759999990463257,3.799999952316284,2463200
2017-05-12 00:00:00+02:00,3.799999952316284,3.878999948501587,3.7790000438690186,3.878999948501587,981430
2017-05-15 00:00:00+02:00,3.8499999046325684,3.9149999618530273,3.8499999046325684,3.9000000953674316,4810570
2017-05-16 00:00:00+02:00,3.9000000953674316,3.927999973297119,3.88700008392334,3.8980000019073486,1908810
2017-05-17 00:00:00+02:00,3.875,3.9000000953674316,3.8299999237060547,3.871000051498413,241820
2017-05-18 00:00:00+02:00,3.8310000896453857,3.8589999675750732,3.7760000228881836,3.822999954223633,395410
2017-05-19 00:00:00+02:00,3.805000066757202,3.994999885559082,3.805000066757202,3.9800000190734863,2336730
2017-05-22 00:00:00+02:00,3.9790000915527344,4.056000232696533,3.930000066757202,4.050000190734863,2505810
2017-05-23 00:00:00+02:00,4.065000057220459,4.065000057220459,4.0,4.034999847412109,1344150
2017-05-25 00:00:00+02:00,4.1529998779296875,4.1529998779296875,4.035999774932861,4.083000183105469,2679900
2017-05-26 00:00:00+02:00,4.074999809265137,4.150000095367432,4.074999809265137,4.144999980926514,1267910
2017-05-29 00:00:00+02:00,4.138000011444092,4.150000095367432,4.124000072479248,4.1479997634887695,56000
2017-05-30 00:00:00+02:00,4.169000148773193,4.169000148773193,4.065000057220459,4.065000057220459,1439360
2017-05-31 00:00:00+02:00,4.070000171661377,4.11299991607666,4.070000171661377,4.11299991607666,2391220
2017-06-01 00:00:00+02:00,4.129000186920166,4.317999839782715,4.129000186920166,4.301000118255615,1829030
2017-06-02 00:00:00+02:00,4.369999885559082,4.622000217437744,4.369999885559082,4.5,4574530
2017-06-05 00:00:00+02:00,4.5,4.579999923706055,4.392000198364258,4.5,898750
2017-06-06 00:00:00+02:00,4.460000038146973,4.46999979019165,4.422999858856201,4.448999881744385,463050
2017-06-07 00:00:00+02:00,4.4710001945495605,4.5,4.394999980926514,4.439000129699707,764360
2017-06-08 00:00:00+02:00,4.4679999351501465,4.4679999351501465,4.349999904632568,4.375999927520752,1931940
2017-06-09 00:00:00+02:00,4.39900016784668,4.400000095367432,4.369999885559082,4.385000228881836,89170
2017-06-12 00:00:00+02:00,4.400000095367432,4.414000034332275,4.321000099182129,4.388000011444092,135070
2017-06-13 00:00:00+02:00,4.388000011444092,4.389999866485596,4.360000133514404,4.385000228881836,80150
2017-06-14 00:00:00+02:00,4.40500020980835,4.40500020980835,4.335000038146973,4.335000038146973,2717990
2017-06-15 00:00:00+02:00,4.335000038146973,4.335000038146973,4.335000038146973,4.335000038146973,0
2017-06-16 00:00:00+02:00,4.335000038146973,4.400000095367432,4.309999942779541,4.375,2030570
2017-06-19 00:00:00+02:00,4.499000072479248,4.53000020980835,4.455999851226807,4.489999771118164,5439310
2017-06-20 00:00:00+02:00,4.517000198364258,4.559999942779541,4.517000198364258,4.531000137329102,847240
2017-06-21 00:00:00+02:00,4.59499979019165,4.59499979019165,4.519000053405762,4.519000053405762,289790
2017-06-22 00:00:00+02:00,4.519000053405762,4.519000053405762,4.5,4.510000228881836,6559450
2017-06-23 00:00:00+02:00,4.550000190734863,4.578999996185303,4.51200008392334,4.547999858856201,565300
2017-06-26 00:00:00+02:00,4.578999996185303,4.5929999351501465,4.551000118255615,4.579999923706055,995750
2017-06-27 00:00:00+02:00,4.579999923706055,4.579999923706055,4.539999961853027,4.539999961853027,132910
2017-06-28 00:00:00+02:00,4.539999961853027,4.559999942779541,4.5,4.559999942779541,214960
2017-06-29 00:00:00+02:00,4.590000152587891,4.599999904632568,4.579999923706055,4.599999904632568,680210
2017-06-30 00:00:00+02:00,4.585000038146973,4.689000129699707,4.583000183105469,4.689000129699707,1217700
2017-07-03 00:00:00+02:00,4.7129998207092285,4.73199987411499,4.6519999504089355,4.710000038146973,139750
2017-07-04 00:00:00+02:00,4.710000038146973,4.775000095367432,4.683000087738037,4.697000026702881,1395710
2017-07-05 00:00:00+02:00,4.730000019073486,4.730000019073486,4.525000095367432,4.650000095367432,419050
2017-07-06 00:00:00+02:00,4.611999988555908,4.699999809265137,4.599999904632568,4.699999809265137,79360
2017-07-07 00:00:00+02:00,4.71999979019165,4.7779998779296875,4.603000164031982,4.619999885559082,2429150
2017-07-10 00:00:00+02:00,4.619999885559082,4.71999979019165,4.619999885559082,4.71999979019165,4288630
2017-07-11 00:00:00+02:00,4.71999979019165,4.71999979019165,4.699999809265137,4.715000152587891,904920
2017-07-12 00:00:00+02:00,4.716000080108643,4.8460001945495605,4.715000152587891,4.823999881744385,2688720
2017-07-13 00:00:00+02:00,4.824999809265137,4.829999923706055,4.752999782562256,4.829999923706055,3084130
2017-07-14 00:00:00+02:00,4.829999923706055,4.848999977111816,4.769999980926514,4.820000171661377,880140
2017-07-17 00:00:00+02:00,4.611000061035156,5.019999980926514,4.611000061035156,4.841000080108643,2259160
2017-07-18 00:00:00+02:00,4.84499979019165,4.920000076293945,4.809999942779541,4.849999904632568,664100
2017-07-19 00:00:00+02:00,4.980000019073486,4.989999771118164,4.715000152587891,4.889999866485596,5006000
2017-07-20 00:00:00+02:00,4.894000053405762,5.0289998054504395,4.888999938964844,5.0,1170360
2017-07-21 00:00:00+02:00,5.0,5.144000053405762,4.989999771118164,5.004000186920166,2853410
2017-07-24 00:00:00+02:00,5.0980000495910645,5.0980000495910645,4.98799991607666,5.0,3471220
2017-07-25 00:00:00+02:00,5.039000034332275,5.039000034332275,5.0,5.014999866485596,228900
2017-07-26 00:00:00+02:00,5.019999980926514,5.019999980926514,5.0,5.005000114440918,904770
2017-07-27 00:00:00+02:00,5.019999980926514,5.110000133514404,5.00600004196167,5.079999923706055,496730
2017-07-28 00:00:00+02:00,5.079999923706055,5.2769999504089355,5.079999923706055,5.23799991607666,3228440
2017-07-31 00:00:00+02:00,5.300000190734863,5.360000133514404,5.247000217437744,5.340000152587891,4098060
2017-08-01 00:00:00+02:00,5.300000190734863,5.349999904632568,5.256999969482422,5.275000095367432,1318730
2017-08-02 00:00:00+02:00,5.300000190734863,5.349999904632568,5.276000022888184,5.300000190734863,711260
2017-08-03 00:00:00+02:00,5.310999870300293,5.3379998207092285,5.236999988555908,5.236999988555908,1334480
2017-08-04 00:00:00+02:00,5.199999809265137,5.276000022888184,5.150000095367432,5.150000095367432,985280
2017-08-07 00:00:00+02:00,5.144999980926514,5.150000095367432,4.914999961853027,5.039999961853027,1690690
2017-08-08 00:00:00+02:00,5.098999977111816,5.138999938964844,5.050000190734863,5.098999977111816,1463530
2017-08-09 00:00:00+02:00,5.090000152587891,5.127999782562256,5.050000190734863,5.077000141143799,155990
2017-08-10 00:00:00+02:00,5.099999904632568,5.11899995803833,5.074999809265137,5.099999904632568,736410
2017-08-11 00:00:00+02:00,5.080999851226807,5.098999977111816,5.059999942779541,5.079999923706055,264040
2017-08-14 00:00:00+02:00,5.0920000076293945,5.0920000076293945,4.936999797821045,5.039000034332275,492370
2017-08-15 00:00:00+02:00,5.039000034332275,5.039000034332275,5.039000034332275,5.039000034332275,0
2017-08-16 00:00:00+02:00,5.040999889373779,5.089000225067139,4.960000038146973,5.065000057220459,1795280
2017-08-17 00:00:00+02:00,5.005000114440918,5.050000190734863,5.0,5.010000228881836,881870
2017-08-18 00:00:00+02:00,5.010000228881836,5.039000034332275,4.999000072479248,5.014999866485596,469440
2017-08-21 00:00:00+02:00,5.010000228881836,5.050000190734863,5.010000228881836,5.047999858856201,116150
2017-08-22 00:00:00+02:00,5.050000190734863,5.284999847412109,5.010000228881836,5.248000144958496,489930
2017-08-23 00:00:00+02:00,5.238999843597412,5.25,5.201000213623047,5.2170000076293945,3986070
2017-08-24 00:00:00+02:00,5.2179999351501465,5.300000190734863,5.2179999351501465,5.300000190734863,463240
2017-08-25 00:00:00+02:00,5.275000095367432,5.377999782562256,5.263999938964844,5.34499979019165,217670
2017-08-28 00:00:00+02:00,5.310999870300293,5.369999885559082,5.301000118255615,5.360000133514404,143390
2017-08-29 00:00:00+02:00,5.361000061035156,5.429999828338623,5.300000190734863,5.427999973297119,778760
2017-08-30 00:00:00+02:00,5.505000114440918,5.76800012588501,5.505000114440918,5.744999885559082,4536410
2017-08-31 00:00:00+02:00,5.820000171661377,5.947000026702881,5.820000171661377,5.8979997634887695,4304780
2017-09-01 00:00:00+02:00,5.945000171661377,5.945000171661377,5.803999900817871,5.860000133514404,1532200
2017-09-04 00:00:00+02:00,5.800000190734863,5.900000095367432,5.800000190734863,5.894999980926514,452440
2017-09-05 00:00:00+02:00,5.90500020980835,5.920000076293945,5.809999942779541,5.900000095367432,806630
2017-09-06 00:00:00+02:00,5.888000011444092,5.949999809265137,5.864999771118164,5.949999809265137,1143210
2017-09-07 00:00:00+02:00,5.974999904632568,6.429999828338623,5.926000118255615,6.150000095367432,3300470
2017-09-08 00:00:00+02:00,6.199999809265137,6.39900016784668,6.198999881744385,6.235000133514404,2319940
2017-09-11 00:00:00+02:00,6.25,6.328999996185303,6.235000133514404,6.25,460270
2017-09-12 00:00:00+02:00,6.275000095367432,6.388000011444092,6.251999855041504,6.326000213623047,531860
2017-09-13 00:00:00+02:00,6.428999900817871,6.559000015258789,6.335000038146973,6.498000144958496,1374400
2017-09-14 00:00:00+02:00,6.548999786376953,6.548999786376953,6.508999824523926,6.525000095367432,381240
2017-09-15 00:00:00+02:00,6.539999961853027,6.559999942779541,6.5,6.557000160217285,951500
2017-09-18 00:00:00+02:00,6.559999942779541,6.699999809265137,6.034999847412109,6.190000057220459,2071250
2017-09-19 00:00:00+02:00,6.199999809265137,6.289000034332275,5.872000217437744,6.223999977111816,2675290
2017-09-20 00:00:00+02:00,6.28000020980835,6.382999897003174,6.25,6.380000114440918,3314780
2017-09-21 00:00:00+02:00,6.447000026702881,6.447000026702881,6.300000190734863,6.3429999351501465,2525940
2017-09-22 00:00:00+02:00,6.361999988555908,6.389999866485596,6.330999851226807,6.364999771118164,746970
2017-09-25 00:00:00+02:00,6.400000095367432,6.447999954223633,6.336999893188477,6.336999893188477,233080
2017-09-26 00:00:00+02:00,6.360000133514404,6.400000095367432,6.242000102996826,6.369999885559082,2544130
2017-09-27 00:00:00+02:00,6.39900016784668,6.539000034332275,6.168000221252441,6.539000034332275,4512280
2017-09-28 00:00:00+02:00,6.550000190734863,6.650000095367432,6.519999980926514,6.5929999351501465,3528560
2017-09-29 00:00:00+02:00,6.5,6.639999866485596,6.5,6.635000228881836,2135940
2017-10-02 00:00:00+02:00,6.650000095367432,6.789000034332275,6.646999835968018,6.706999778747559,1230480
2017-10-03 00:00:00+02:00,6.840000152587891,6.929999828338623,6.820000171661377,6.872000217437744,1611740
2017-10-04 00:00:00+02:00,6.949999809265137,6.949999809265137,6.755000114440918,6.789999961853027,1840080
2017-10-05 00:00:00+02:00,6.800000190734863,6.900000095367432,6.679999828338623,6.875,2690740
2017-10-06 00:00:00+02:00,6.875,6.894999980926514,6.823999881744385,6.875,4102030
2017-10-09 00:00:00+02:00,6.875,6.875,6.829999923706055,6.860000133514404,814440
2017-10-10 00:00:00+02:00,6.849999904632568,6.948999881744385,6.849999904632568,6.880000114440918,1298740
2017-10-11 00:00:00+02:00,6.901000022888184,6.935999870300293,6.690999984741211,6.864999771118164,787910
2017-10-12 00:00:00+02:00,6.947000026702881,6.997000217437744,6.894999980926514,6.949999809265137,894580
2017-10-13 00:00:00+02:00,6.994999885559082,6.994999885559082,6.948999881744385,6.974999904632568,333050
2017-10-16 00:00:00+02:00,6.997000217437744,6.999000072479248,6.861999988555908,6.880000114440918,950850
2017-10-17 00:00:00+02:00,6.940000057220459,6.940000057220459,6.7769999504089355,6.900000095367432,829070
2017-10-18 00:00:00+02:00,6.920000076293945,6.920000076293945,6.861999988555908,6.880000114440918,254590
2017-10-19 00:00:00+02:00,6.949999809265137,6.949999809265137,6.6620001792907715,6.699999809265137,738370
2017-10-20 00:00:00+02:00,6.699999809265137,6.729000091552734,6.599999904632568,6.684999942779541,1345430
2017-10-23 00:00:00+02:00,6.75,6.834000110626221,6.699999809265137,6.724999904632568,1017650
2017-10-24 00:00:00+02:00,6.73199987411499,6.78000020980835,6.642000198364258,6.699999809265137,4503410
2017-10-25 00:00:00+02:00,6.71999979019165,6.71999979019165,6.632999897003174,6.697999954223633,1768040
2017-10-26 00:00:00+02:00,6.748000144958496,6.8979997634887695,6.710999965667725,6.818999767303467,2356240
2017-10-27 00:00:00+02:00,6.849999904632568,6.956999778747559,6.751999855041504,6.800000190734863,5204590
2017-10-30 00:00:00+01:00,6.800000190734863,6.984000205993652,6.800000190734863,6.860000133514404,1193800
2017-10-31 00:00:00+01:00,6.829999923706055,6.940000057220459,6.828000068664551,6.8520002365112305,3373780
2017-11-01 00:00:00+01:00,6.8520002365112305,6.8520002365112305,6.8520002365112305,6.8520002365112305,0
2017-11-02 00:00:00+01:00,6.8520002365112305,6.949999809265137,6.800000190734863,6.800000190734863,2103330
2017-11-03 00:00:00+01:00,6.803999900817871,6.929999828338623,6.751999855041504,6.770999908447266,1787040
2017-11-06 00:00:00+01:00,6.77400016784668,6.900000095367432,6.77400016784668,6.78000020980835,1478930
2017-11-07 00:00:00+01:00,6.833000183105469,6.833000183105469,6.710999965667725,6.739999771118164,1944430
2017-11-08 00:00:00+01:00,6.739999771118164,6.820000171661377,6.327000141143799,6.698999881744385,4150330
2017-11-09 00:00:00+01:00,6.698999881744385,6.703000068664551,6.400000095367432,6.449999809265137,4858050
2017-11-10 00:00:00+01:00,6.449999809265137,6.5,6.400000095367432,6.400000095367432,2626460
2017-11-13 00:00:00+01:00,6.35099983215332,6.492000102996826,6.122000217437744,6.440000057220459,4580770
2017-11-14 00:00:00+01:00,6.75,6.7769999504089355,6.449999809265137,6.599999904632568,8327570
2017-11-15 00:00:00+01:00,6.849999904632568,6.849999904632568,6.520999908447266,6.677000045776367,5523460
2017-11-16 00:00:00+01:00,6.699999809265137,6.7220001220703125,6.541999816894531,6.650000095367432,4573390
2017-11-17 00:00:00+01:00,6.679999828338623,6.789999961853027,6.553999900817871,6.71999979019165,5175380
2017-11-20 00:00:00+01:00,6.7210001945495605,6.860000133514404,6.698999881744385,6.730000019073486,3792990
2017-11-21 00:00:00+01:00,6.75,6.843999862670898,6.75,6.798999786376953,7042890
2017-11-22 00:00:00+01:00,6.800000190734863,7.110000133514404,6.789999961853027,7.110000133514404,6784540
2017-11-23 00:00:00+01:00,7.132999897003174,7.311999797821045,7.130000114440918,7.260000228881836,6010650
2017-11-24 00:00:00+01:00,7.320000171661377,7.514999866485596,7.318999767303467,7.46999979019165,9455800
2017-11-27 00:00:00+01:00,7.499000072479248,7.745999813079834,7.406000137329102,7.429999828338623,9460510
2017-11-28 00:00:00+01:00,7.300000190734863,7.71999979019165,7.300000190734863,7.699999809265137,6415940
2017-11-29 00:00:00+01:00,7.701000213623047,7.75,7.445000171661377,7.541999816894531,6823780
2017-11-30 00:00:00+01:00,7.525000095367432,7.525000095367432,7.105000019073486,7.283999919891357,55865400
2017-12-01 00:00:00+01:00,7.284999847412109,7.334000110626221,7.114999771118164,7.235000133514404,5635780
2017-12-04 00:00:00+01:00,7.239999771118164,7.427000045776367,7.151000022888184,7.25,5265120
2017-12-05 00:00:00+01:00,7.25,7.724999904632568,7.203999996185303,7.724999904632568,8098810
2017-12-06 00:00:00+01:00,7.619999885559082,7.699999809265137,7.169000148773193,7.289000034332275,8255370
2017-12-07 00:00:00+01:00,7.289000034332275,7.493000030517578,7.289000034332275,7.400000095367432,4096420
2017-12-08 00:00:00+01:00,7.367000102996826,7.447999954223633,7.21999979019165,7.300000190734863,4106810
2017-12-11 00:00:00+01:00,7.275000095367432,7.499000072479248,7.224999904632568,7.499000072479248,3560460
2017-12-12 00:00:00+01:00,7.420000076293945,7.495999813079834,7.310999870300293,7.408999919891357,1687380
2017-12-13 00:00:00+01:00,7.4070000648498535,7.685999870300293,7.35699987411499,7.6539998054504395,3616200
2017-12-14 00:00:00+01:00,7.65500020980835,7.78000020980835,7.65500020980835,7.701000213623047,2205940
2017-12-15 00:00:00+01:00,7.703000068664551,7.789000034332275,7.65500020980835,7.75,17971690
2017-12-18 00:00:00+01:00,7.798999786376953,7.798999786376953,7.453000068664551,7.695000171661377,1628070
2017-12-19 00:00:00+01:00,7.663000106811523,7.831999778747559,7.599999904632568,7.831999778747559,1657360
2017-12-20 00:00:00+01:00,7.840000152587891,7.840000152587891,7.599999904632568,7.64300012588501,1347380
2017-12-21 00:00:00+01:00,7.677999973297119,7.697999954223633,7.461999893188477,7.519999980926514,776200
2017-12-22 00:00:00+01:00,7.590000152587891,7.63100004196167,7.456999778747559,7.456999778747559,451590
2017-12-25 00:00:00+01:00,7.456999778747559,7.456999778747559,7.456999778747559,7.456999778747559,0
2017-12-26 00:00:00+01:00,7.456999778747559,7.456999778747559,7.456999778747559,7.456999778747559,0
2017-12-27 00:00:00+01:00,7.460000038146973,7.598999977111816,7.460000038146973,7.559999942779541,906520
2017-12-28 00:00:00+01:00,7.579999923706055,7.75,7.505000114440918,7.75,513500
2017-12-29 00:00:00+01:00,7.75,7.880000114440918,7.60099983215332,7.880000114440918,1583110
2018-01-01 00:00:00+01:00,7.880000114440918,7.880000114440918,7.880000114440918,7.880000114440918,0
2018-01-02 00:00:00+01:00,7.880000114440918,7.880000114440918,7.880000114440918,7.880000114440918,0
2018-01-03 00:00:00+01:00,7.849999904632568,8.229999542236328,7.695000171661377,8.15999984741211,2806050
2018-01-04 00:00:00+01:00,8.15999984741211,8.199999809265137,8.050000190734863,8.15999984741211,1118320
2018-01-05 00:00:00+01:00,8.194999694824219,8.4350004196167,8.154999732971191,8.25,2507300
2018-01-08 00:00:00+01:00,8.399999618530273,8.399999618530273,8.244999885559082,8.3149995803833,1786390
2018-01-09 00:00:00+01:00,8.359999656677246,8.364999771118164,8.114999771118164,8.145000457763672,1675380
2018-01-10 00:00:00+01:00,8.180000305175781,8.180000305175781,7.760000228881836,7.849999904632568,4748870
2018-01-11 00:00:00+01:00,7.869999885559082,7.989999771118164,7.75,7.75,2647550
2018-01-12 00:00:00+01:00,7.760000228881836,7.84499979019165,7.760000228881836,7.78000020980835,1402070
2018-01-15 00:00:00+01:00,7.820000171661377,7.824999809265137,7.53000020980835,7.78000020980835,1498710
2018-01-16 00:00:00+01:00,7.820000171661377,7.985000133514404,7.71999979019165,7.974999904632568,1893340
2018-01-17 00:00:00+01:00,8.005000114440918,8.100000381469727,7.855000019073486,8.0,1449170
2018-01-18 00:00:00+01:00,7.994999885559082,8.3100004196167,7.934999942779541,8.21500015258789,3854670
2018-01-19 00:00:00+01:00,8.270000457763672,8.390000343322754,8.170000076293945,8.199999809265137,2139530
2018-01-22 00:00:00+01:00,8.25,8.28499984741211,8.104999542236328,8.28499984741211,1488530
2018-01-23 00:00:00+01:00,8.289999961853027,8.359999656677246,8.055000305175781,8.359999656677246,1671510
2018-01-24 00:00:00+01:00,8.350000381469727,8.399999618530273,8.25,8.369999885559082,860740
2018-01-25 00:00:00+01:00,8.395000457763672,8.395000457763672,7.949999809265137,8.020000457763672,1990500
2018-01-26 00:00:00+01:00,8.100000381469727,8.289999961853027,8.079999923706055,8.289999961853027,1008350
2018-01-29 00:00:00+01:00,8.300000190734863,8.324999809265137,8.100000381469727,8.199999809265137,914090
2018-01-30 00:00:00+01:00,8.199999809265137,8.199999809265137,8.199999809265137,8.199999809265137,0
2018-01-31 00:00:00+01:00,8.25,8.395000457763672,8.199999809265137,8.350000381469727,1610000
2018-02-01 00:00:00+01:00,8.390000343322754,8.5,8.324999809265137,8.5,2500250
2018-02-02 00:00:00+01:00,8.449999809265137,8.819999694824219,8.239999771118164,8.819999694824219,3884430
2018-02-05 00:00:00+01:00,8.600000381469727,8.649999618530273,8.25,8.470000267028809,1869800
2018-02-06 00:00:00+01:00,8.100000381469727,8.164999961853027,7.829999923706055,8.024999618530273,5308750
2018-02-07 00:00:00+01:00,8.375,8.380000114440918,8.170000076293945,8.300000190734863,2661260
2018-02-08 00:00:00+01:00,8.319999694824219,8.319999694824219,8.0,8.0,1552070
2018-02-09 00:00:00+01:00,7.795000076293945,8.050000190734863,7.739999771118164,7.965000152587891,3077740
2018-02-12 00:00:00+01:00,8.005000114440918,8.1850004196167,8.005000114440918,8.109999656677246,1602620
2018-02-13 00:00:00+01:00,8.1899995803833,8.194999694824219,8.100000381469727,8.140000343322754,1176450
2018-02-14 00:00:00+01:00,8.180000305175781,8.1899995803833,8.015000343322754,8.03499984741211,1265700
2018-02-15 00:00:00+01:00,8.149999618530273,8.15999984741211,8.050000190734863,8.050000190734863,892840
2018-02-16 00:00:00+01:00,8.145000457763672,8.390000343322754,8.109999656677246,8.324999809265137,1873360
2018-02-19 00:00:00+01:00,8.380000114440918,8.390000343322754,8.265000343322754,8.300000190734863,857740
2018-02-20 00:00:00+01:00,8.300000190734863,8.375,8.244999885559082,8.329999923706055,1461170
2018-02-21 00:00:00+01:00,8.350000381469727,8.350000381469727,8.100000381469727,8.234999656677246,693620
2018-02-22 00:00:00+01:00,8.25,8.289999961853027,8.024999618530273,8.25,1238370
2018-02-23 00:00:00+01:00,8.300000190734863,8.4350004196167,8.255000114440918,8.300000190734863,1628550
2018-02-26 00:00:00+01:00,8.399999618530273,8.5,8.28499984741211,8.454999923706055,1432490
2018-02-27 00:00:00+01:00,8.5,8.550000190734863,8.385000228881836,8.494999885559082,1147490
2018-02-28 00:00:00+01:00,8.430000305175781,8.550000190734863,8.319999694824219,8.53499984741211,1674800
2018-03-01 00:00:00+01:00,8.4399995803833,8.539999961853027,8.319999694824219,8.329999923706055,1064610
2018-03-02 00:00:00+01:00,8.305000305175781,8.399999618530273,8.220000267028809,8.300000190734863,807470
2018-03-05 00:00:00+01:00,8.289999961853027,8.494999885559082,8.135000228881836,8.449999809265137,1022170
2018-03-06 00:00:00+01:00,8.5,8.600000381469727,8.454999923706055,8.5,905430
2018-03-07 00:00:00+01:00,8.494999885559082,8.899999618530273,8.449999809265137,8.899999618530273,1201090
2018-03-08 00:00:00+01:00,8.850000381469727,8.880000114440918,8.725000381469727,8.859999656677246,1462120
2018-03-09 00:00:00+01:00,8.859999656677246,9.100000381469727,8.725000381469727,9.095000267028809,1172480
2018-03-12 00:00:00+01:00,9.114999771118164,9.260000228881836,9.0600004196167,9.145000457763672,1328230
2018-03-13 00:00:00+01:00,9.1899995803833,9.25,9.029999732971191,9.220000267028809,831930
2018-03-14 00:00:00+01:00,9.199999809265137,9.25,9.0,9.0,1063150
2018-03-15 00:00:00+01:00,9.005000114440918,9.100000381469727,8.899999618530273,8.975000381469727,690030
2018-03-16 00:00:00+01:00,8.994999885559082,9.109999656677246,8.869999885559082,9.109999656677246,4602220
2018-03-19 00:00:00+01:00,9.324999809265137,9.475000381469727,8.899999618530273,9.045000076293945,1663860
2018-03-20 00:00:00+01:00,9.045000076293945,9.045000076293945,8.619999885559082,8.619999885559082,2070050
2018-03-21 00:00:00+01:00,8.734999656677246,9.0600004196167,8.604999542236328,9.0600004196167,2354690
2018-03-22 00:00:00+01:00,9.100000381469727,9.170000076293945,8.760000228881836,8.914999961853027,1271980
2018-03-23 00:00:00+01:00,8.789999961853027,8.850000381469727,8.550000190734863,8.75,5457190
2018-03-26 00:00:00+02:00,8.744999885559082,8.880000114440918,8.5649995803833,8.5649995803833,1487470
2018-03-27 00:00:00+02:00,8.744999885559082,8.960000038146973,8.625,8.9350004196167,1387720
2018-03-28 00:00:00+02:00,8.805000305175781,8.84000015258789,8.489999771118164,8.489999771118164,1755380
2018-03-29 00:00:00+02:00,8.555000305175781,8.770000457763672,8.510000228881836,8.6850004196167,979920
2018-03-30 00:00:00+02:00,8.6850004196167,8.6850004196167,8.6850004196167,8.6850004196167,0
2018-04-02 00:00:00+02:00,8.6850004196167,8.6850004196167,8.6850004196167,8.6850004196167,0
2018-04-03 00:00:00+02:00,8.675000190734863,8.675000190734863,8.454999923706055,8.510000228881836,916740
2018-04-04 00:00:00+02:00,8.515000343322754,8.670000076293945,8.515000343322754,8.635000228881836,1005850
2018-04-05 00:00:00+02:00,8.640000343322754,8.699999809265137,8.640000343322754,8.6899995803833,982850
2018-04-06 00:00:00+02:00,8.729999542236328,9.0,8.704999923706055,8.954999923706055,1927750
2018-04-09 00:00:00+02:00,8.989999771118164,9.180000305175781,8.800000190734863,9.0,1493980
2018-04-10 00:00:00+02:00,9.130000114440918,9.140000343322754,8.930000305175781,9.095000267028809,1511340
2018-04-11 00:00:00+02:00,9.100000381469727,9.244999885559082,8.9350004196167,9.045000076293945,1530960
2018-04-12 00:00:00+02:00,9.050000190734863,9.260000228881836,9.050000190734863,9.1899995803833,1060900
2018-04-13 00:00:00+02:00,9.1899995803833,9.25,9.125,9.1899995803833,1575420
2018-04-16 00:00:00+02:00,9.210000038146973,9.25,9.145000457763672,9.229999542236328,657790
2018-04-17 00:00:00+02:00,9.229999542236328,9.449999809265137,9.149999618530273,9.399999618530273,1220720
2018-04-18 00:00:00+02:00,9.449999809265137,9.524999618530273,9.34000015258789,9.449999809265137,1255590
2018-04-19 00:00:00+02:00,9.5,9.520000457763672,9.350000381469727,9.350000381469727,1396370
2018-04-20 00:00:00+02:00,9.350000381469727,9.425000190734863,9.09000015258789,9.09000015258789,873060
2018-04-23 00:00:00+02:00,9.100000381469727,9.175000190734863,9.005000114440918,9.005000114440918,942610
2018-04-24 00:00:00+02:00,9.079999923706055,9.3100004196167,9.050000190734863,9.050000190734863,1491010
2018-04-25 00:00:00+02:00,9.149999618530273,9.239999771118164,9.069999694824219,9.100000381469727,823180
2018-04-26 00:00:00+02:00,9.109999656677246,9.149999618530273,9.074999809265137,9.074999809265137,954900
2018-04-27 00:00:00+02:00,9.140000343322754,9.239999771118164,9.085000038146973,9.225000381469727,1123020
2018-04-30 00:00:00+02:00,9.199999809265137,9.550000190734863,9.149999618530273,9.5,2082260
2018-05-01 00:00:00+02:00,9.5,9.5,9.5,9.5,0
2018-05-02 00:00:00+02:00,9.600000381469727,9.789999961853027,9.444999694824219,9.579999923706055,1095510
2018-05-03 00:00:00+02:00,9.579999923706055,9.579999923706055,9.579999923706055,9.579999923706055,0
2018-05-04 00:00:00+02:00,9.645000457763672,9.850000381469727,9.579999923706055,9.710000038146973,2205670
2018-05-07 00:00:00+02:00,9.795000076293945,9.829999923706055,9.515000343322754,9.625,776330
2018-05-08 00:00:00+02:00,9.71500015258789,9.885000228881836,9.635000228881836,9.664999961853027,2239520
2018-05-09 00:00:00+02:00,9.859999656677246,9.859999656677246,9.71500015258789,9.8100004196167,1251040
2018-05-10 00:00:00+02:00,9.869999885559082,9.899999618530273,9.710000038146973,9.765000343322754,1086000
2018-05-11 00:00:00+02:00,9.890000343322754,9.899999618530273,9.744999885559082,9.819999694824219,1612230
2018-05-14 00:00:00+02:00,9.819999694824219,10.229999542236328,9.819999694824219,10.050000190734863,981030
2018-05-15 00:00:00+02:00,10.079999923706055,10.289999961853027,9.854999542236328,10.0,1319650
2018-05-16 00:00:00+02:00,10.300000190734863,11.0,10.300000190734863,10.710000038146973,6032390
2018-05-17 00:00:00+02:00,10.6899995803833,11.270000457763672,10.460000038146973,11.210000038146973,3097170
2018-05-18 00:00:00+02:00,11.1899995803833,11.1899995803833,10.420000076293945,10.609999656677246,3093350
2018-05-21 00:00:00+02:00,10.770000457763672,10.970000267028809,10.260000228881836,10.359999656677246,2455630
2018-05-22 00:00:00+02:00,10.369999885559082,10.6899995803833,10.359999656677246,10.579999923706055,1415290
2018-05-23 00:00:00+02:00,10.6899995803833,10.75,10.289999961853027,10.289999961853027,1522560
2018-05-24 00:00:00+02:00,10.399999618530273,10.960000038146973,10.380000114440918,10.880000114440918,2129510
2018-05-25 00:00:00+02:00,10.770000457763672,11.199999809265137,10.75,11.199999809265137,1889030
2018-05-28 00:00:00+02:00,11.0600004196167,11.1899995803833,10.65999984741211,10.800000190734863,1803030
2018-05-29 00:00:00+02:00,10.699999809265137,11.140000343322754,10.420000076293945,11.119999885559082,2911990
2018-05-30 00:00:00+02:00,11.0,11.140000343322754,10.699999809265137,11.140000343322754,5503320
2018-05-31 00:00:00+02:00,11.140000343322754,11.140000343322754,11.140000343322754,11.140000343322754,0
2018-06-01 00:00:00+02:00,11.119999885559082,11.289999961853027,10.619999885559082,10.670000076293945,2889360
2018-06-04 00:00:00+02:00,10.800000190734863,10.899999618530273,10.6899995803833,10.829999923706055,1774290
2018-06-05 00:00:00+02:00,10.789999961853027,10.899999618530273,10.649999618530273,10.739999771118164,1214960
2018-06-06 00:00:00+02:00,10.800000190734863,10.8100004196167,10.5,10.5,2168910
2018-06-07 00:00:00+02:00,10.550000190734863,10.729999542236328,10.220000267028809,10.3100004196167,1643290
2018-06-08 00:00:00+02:00,10.300000190734863,10.399999618530273,10.039999961853027,10.220000267028809,1924910
2018-06-11 00:00:00+02:00,10.300000190734863,10.390000343322754,10.010000228881836,10.010000228881836,2305600
2018-06-12 00:00:00+02:00,10.020000457763672,10.100000381469727,9.664999961853027,10.0,3057660
2018-06-13 00:00:00+02:00,10.09000015258789,10.300000190734863,9.885000228881836,9.989999771118164,1728700
2018-06-14 00:00:00+02:00,10.100000381469727,10.390000343322754,9.960000038146973,10.329999923706055,2561320
2018-06-15 00:00:00+02:00,10.350000381469727,10.489999771118164,10.180000305175781,10.229999542236328,1698080
2018-06-18 00:00:00+02:00,10.199999809265137,10.220000267028809,9.8100004196167,9.869999885559082,2132140
2018-06-19 00:00:00+02:00,9.800000190734863,9.979999542236328,9.5600004196167,9.949999809265137,4234930
2018-06-20 00:00:00+02:00,9.954999923706055,10.199999809265137,9.880000114440918,10.050000190734863,3856630
2018-06-21 00:00:00+02:00,10.0,10.199999809265137,9.899999618530273,10.199999809265137,3624540
2018-06-22 00:00:00+02:00,10.199999809265137,10.199999809265137,9.604999542236328,9.8149995803833,3888090
2018-06-25 00:00:00+02:00,9.710000038146973,9.895000457763672,9.699999809265137,9.760000228881836,389140
2018-06-26 00:00:00+02:00,9.765000343322754,9.765000343322754,9.595000267028809,9.6899995803833,1789830
2018-06-27 00:00:00+02:00,9.604999542236328,10.119999885559082,9.604999542236328,10.050000190734863,3653080
2018-06-28 00:00:00+02:00,10.0,10.199999809265137,9.994999885559082,10.050000190734863,1292530
2018-06-29 00:00:00+02:00,10.109999656677246,10.4399995803833,10.100000381469727,10.399999618530273,3631880
2018-07-02 00:00:00+02:00,10.350000381469727,10.380000114440918,10.029999732971191,10.130000114440918,3513610
2018-07-03 00:00:00+02:00,10.199999809265137,10.479999542236328,10.0600004196167,10.399999618530273,2898730
2018-07-04 00:00:00+02:00,10.390000343322754,10.970000267028809,10.390000343322754,10.930000305175781,1713270
2018-07-05 00:00:00+02:00,10.920000076293945,11.210000038146973,10.649999618530273,10.649999618530273,3240100
2018-07-06 00:00:00+02:00,10.6899995803833,10.800000190734863,10.350000381469727,10.350000381469727,2623830
2018-07-09 00:00:00+02:00,10.460000038146973,10.489999771118164,10.0,10.0600004196167,3373760
2018-07-10 00:00:00+02:00,10.100000381469727,10.170000076293945,9.875,9.949999809265137,6044860
2018-07-11 00:00:00+02:00,9.989999771118164,10.149999618530273,9.859999656677246,10.119999885559082,2024160
2018-07-12 00:00:00+02:00,10.140000343322754,10.149999618530273,9.979999542236328,10.039999961853027,1718920
2018-07-13 00:00:00+02:00,10.050000190734863,10.239999771118164,10.020000457763672,10.100000381469727,1908010
2018-07-16 00:00:00+02:00,10.239999771118164,10.34000015258789,10.0600004196167,10.34000015258789,1423150
2018-07-17 00:00:00+02:00,10.350000381469727,10.350000381469727,10.170000076293945,10.239999771118164,2791860
2018-07-18 00:00:00+02:00,10.25,10.289999961853027,9.960000038146973,10.119999885559082,1355750
2018-07-19 00:00:00+02:00,10.039999961853027,10.180000305175781,9.979999542236328,10.100000381469727,1012620
2018-07-20 00:00:00+02:00,10.199999809265137,10.5,10.149999618530273,10.460000038146973,1841840
2018-07-23 00:00:00+02:00,10.5,10.600000381469727,10.430000305175781,10.539999961853027,1286120
2018-07-24 00:00:00+02:00,10.460000038146973,10.59000015258789,10.3100004196167,10.3100004196167,1487740
2018-07-25 00:00:00+02:00,10.319999694824219,10.579999923706055,10.319999694824219,10.430000305175781,1123150
2018-07-26 00:00:00+02:00,10.369999885559082,10.4399995803833,10.119999885559082,10.180000305175781,1757110
2018-07-27 00:00:00+02:00,10.199999809265137,10.25,10.010000228881836,10.100000381469727,1352680
2018-07-30 00:00:00+02:00,10.100000381469727,10.119999885559082,9.699999809265137,9.755000114440918,2188850
2018-07-31 00:00:00+02:00,9.755000114440918,10.180000305175781,9.699999809265137,10.020000457763672,3034390
2018-08-01 00:00:00+02:00,10.020000457763672,10.100000381469727,9.9399995803833,10.069999694824219,1280470
2018-08-02 00:00:00+02:00,10.0,10.069999694824219,9.770000457763672,9.850000381469727,814120
2018-08-03 00:00:00+02:00,9.899999618530273,9.899999618530273,9.725000381469727,9.850000381469727,978410
2018-08-06 00:00:00+02:00,9.800000190734863,9.994999885559082,9.779999732971191,9.989999771118164,1362610
2018-08-07 00:00:00+02:00,9.984999656677246,10.050000190734863,9.845000267028809,10.010000228881836,845670
2018-08-08 00:00:00+02:00,10.0,10.34000015258789,9.949999809265137,10.34000015258789,1435170
2018-08-09 00:00:00+02:00,10.3100004196167,10.399999618530273,10.09000015258789,10.329999923706055,762080
2018-08-10 00:00:00+02:00,10.1899995803833,10.25,9.979999542236328,10.130000114440918,872550
2018-08-13 00:00:00+02:00,10.039999961853027,10.09000015258789,9.880000114440918,9.899999618530273,509810
2018-08-14 00:00:00+02:00,9.899999618530273,10.069999694824219,9.75,9.9399995803833,1023890
2018-08-15 00:00:00+02:00,9.9399995803833,9.9399995803833,9.9399995803833,9.9399995803833,0
2018-08-16 00:00:00+02:00,10.020000457763672,10.020000457763672,9.75,9.755000114440918,570530
2018-08-17 00:00:00+02:00,9.850000381469727,10.149999618530273,9.770000457763672,10.119999885559082,1086470
2018-08-20 00:00:00+02:00,10.180000305175781,10.289999961853027,9.8100004196167,9.819999694824219,1096920
2018-08-21 00:00:00+02:00,9.84000015258789,10.0,9.739999771118164,9.800000190734863,698500
2018-08-22 00:00:00+02:00,10.130000114440918,10.229999542236328,9.354999542236328,9.579999923706055,4776510
2018-08-23 00:00:00+02:00,9.520000457763672,9.5649995803833,9.055000305175781,9.460000038146973,9580410
2018-08-24 00:00:00+02:00,9.449999809265137,9.454999923706055,9.15999984741211,9.229999542236328,2937630
2018-08-27 00:00:00+02:00,9.46500015258789,9.46500015258789,9.199999809265137,9.295000076293945,1493510
2018-08-28 00:00:00+02:00,9.300000190734863,9.345000267028809,9.180000305175781,9.3100004196167,4053090
2018-08-29 00:00:00+02:00,9.350000381469727,9.350000381469727,9.225000381469727,9.300000190734863,993400
2018-08-30 00:00:00+02:00,9.300000190734863,9.350000381469727,9.260000228881836,9.3100004196167,801530
2018-08-31 00:00:00+02:00,9.3100004196167,9.3100004196167,9.020000457763672,9.130000114440918,2923050
2018-09-03 00:00:00+02:00,9.100000381469727,9.225000381469727,8.90999984741211,9.095000267028809,737920
2018-09-04 00:00:00+02:00,9.095000267028809,9.199999809265137,8.824999809265137,8.850000381469727,1567060
2018-09-05 00:00:00+02:00,8.899999618530273,8.989999771118164,8.670000076293945,8.774999618530273,1870980
2018-09-06 00:00:00+02:00,8.729999542236328,8.8149995803833,8.555000305175781,8.8100004196167,1488860
2018-09-07 00:00:00+02:00,8.789999961853027,8.850000381469727,8.614999771118164,8.800000190734863,2350680
2018-09-10 00:00:00+02:00,8.859999656677246,8.979999542236328,8.65999984741211,8.829999923706055,1090120
2018-09-11 00:00:00+02:00,8.819999694824219,8.819999694824219,8.505000114440918,8.600000381469727,3634210
2018-09-12 00:00:00+02:00,8.510000228881836,9.0600004196167,8.475000381469727,8.800000190734863,1876680
2018-09-13 00:00:00+02:00,8.84000015258789,9.109999656677246,8.8100004196167,9.050000190734863,977340
2018-09-14 00:00:00+02:00,9.149999618530273,9.484999656677246,8.875,9.4399995803833,1736600
2018-09-17 00:00:00+02:00,9.399999618530273,9.529999732971191,9.3100004196167,9.5,2217840
2018-09-18 00:00:00+02:00,9.5649995803833,9.609999656677246,9.40999984741211,9.484999656677246,1719180
2018-09-19 00:00:00+02:00,9.494999885559082,9.550000190734863,9.404999732971191,9.494999885559082,699980
2018-09-20 00:00:00+02:00,9.489999771118164,9.53499984741211,9.329999923706055,9.5,1582890
2018-09-21 00:00:00+02:00,9.5,9.604999542236328,9.425000190734863,9.449999809265137,8397160
2018-09-24 00:00:00+02:00,9.515000343322754,9.920000076293945,9.515000343322754,9.920000076293945,1105320
2018-09-25 00:00:00+02:00,9.850000381469727,9.949999809265137,9.720000267028809,9.739999771118164,807500
2018-09-26 00:00:00+02:00,9.800000190734863,10.079999923706055,9.710000038146973,10.079999923706055,1485890
2018-09-27 00:00:00+02:00,9.90999984741211,10.0,9.899999618530273,9.930000305175781,3235600
2018-09-28 00:00:00+02:00,9.904999732971191,9.984999656677246,9.819999694824219,9.960000038146973,2175240
2018-10-01 00:00:00+02:00,9.925000190734863,9.960000038146973,9.600000381469727,9.78499984741211,715670
2018-10-02 00:00:00+02:00,9.78499984741211,9.829999923706055,9.600000381469727,9.600000381469727,1958250
2018-10-03 00:00:00+02:00,9.569999694824219,9.6899995803833,9.5,9.529999732971191,971880
2018-10-04 00:00:00+02:00,9.595000267028809,9.595000267028809,9.425000190734863,9.5600004196167,1767170
2018-10-05 00:00:00+02:00,9.510000228881836,9.585000038146973,9.3149995803833,9.430000305175781,1678840
2018-10-08 00:00:00+02:00,9.399999618530273,9.539999961853027,9.194999694824219,9.194999694824219,1457570
2018-10-09 00:00:00+02:00,9.170000076293945,9.395000457763672,8.869999885559082,9.0,2560570
2018-10-10 00:00:00+02:00,9.0,9.170000076293945,8.899999618530273,8.984999656677246,1787040
2018-10-11 00:00:00+02:00,8.800000190734863,9.010000228881836,8.699999809265137,8.8149995803833,2330300
2018-10-12 00:00:00+02:00,8.800000190734863,9.045000076293945,8.800000190734863,9.0,1889020
2018-10-15 00:00:00+02:00,9.09000015258789,9.130000114440918,8.859999656677246,8.949999809265137,1423950
2018-10-16 00:00:00+02:00,8.970000267028809,9.345000267028809,8.944999694824219,9.335000038146973,1130590
2018-10-17 00:00:00+02:00,9.375,9.399999618530273,9.220000267028809,9.274999618530273,895130
2018-10-18 00:00:00+02:00,9.220000267028809,9.274999618530273,8.800000190734863,8.805000305175781,2797760
2018-10-19 00:00:00+02:00,8.895000457763672,8.899999618530273,8.704999923706055,8.8149995803833,2364240
2018-10-22 00:00:00+02:00,8.71500015258789,8.890000343322754,8.699999809265137,8.800000190734863,1431680
2018-10-23 00:00:00+02:00,8.6899995803833,8.949999809265137,8.614999771118164,8.899999618530273,2111440
2018-10-24 00:00:00+02:00,8.8149995803833,9.180000305175781,8.600000381469727,8.645000457763672,2328460
2018-10-25 00:00:00+02:00,8.569999694824219,8.670000076293945,8.380000114440918,8.649999618530273,966690
2018-10-26 00:00:00+02:00,8.65999984741211,8.770000457763672,8.460000038146973,8.550000190734863,1267260
2018-10-29 00:00:00+01:00,8.550000190734863,8.550000190734863,8.15999984741211,8.199999809265137,2031730
2018-10-30 00:00:00+01:00,8.199999809265137,8.46500015258789,8.199999809265137,8.399999618530273,2258150
2018-10-31 00:00:00+01:00,8.5,8.619999885559082,8.369999885559082,8.449999809265137,2842780
2018-11-01 00:00:00+01:00,8.449999809265137,8.449999809265137,8.449999809265137,8.449999809265137,0
2018-11-02 00:00:00+01:00,8.585000038146973,8.65999984741211,8.449999809265137,8.470000267028809,2526670
2018-11-05 00:00:00+01:00,8.494999885559082,8.614999771118164,8.4399995803833,8.470000267028809,1757980
2018-11-06 00:00:00+01:00,8.5,8.5,7.914999961853027,8.095000267028809,2713780
2018-11-07 00:00:00+01:00,8.100000381469727,8.149999618530273,7.715000152587891,7.744999885559082,6574630
2018-11-08 00:00:00+01:00,7.894999980926514,8.180000305175781,7.715000152587891,8.125,3463600
2018-11-09 00:00:00+01:00,8.100000381469727,8.109999656677246,7.559999942779541,7.949999809265137,4344770
2018-11-12 00:00:00+01:00,7.949999809265137,7.949999809265137,7.949999809265137,7.949999809265137,0
2018-11-13 00:00:00+01:00,7.940000057220459,8.395000457763672,7.860000133514404,8.34000015258789,2147590
2018-11-14 00:00:00+01:00,8.359999656677246,8.899999618530273,8.220000267028809,8.765000343322754,4128970
2018-11-15 00:00:00+01:00,8.904999732971191,9.170000076293945,8.71500015258789,9.055000305175781,4666250
2018-11-16 00:00:00+01:00,9.0,9.074999809265137,8.550000190734863,8.5649995803833,2767290
2018-11-19 00:00:00+01:00,8.625,8.680000305175781,8.329999923706055,8.5,1524780
2018-11-20 00:00:00+01:00,8.354999542236328,8.40999984741211,8.274999618530273,8.375,928230
2018-11-21 00:00:00+01:00,8.375,8.579999923706055,8.350000381469727,8.5600004196167,1102990
2018-11-22 00:00:00+01:00,8.600000381469727,8.800000190734863,8.5,8.694999694824219,850170
2018-11-23 00:00:00+01:00,8.699999809265137,8.78499984741211,8.59000015258789,8.649999618530273,335530
2018-11-26 00:00:00+01:00,8.680000305175781,8.850000381469727,8.305000305175781,8.350000381469727,1325880
2018-11-27 00:00:00+01:00,8.359999656677246,8.699999809265137,8.359999656677246,8.680000305175781,1087740
2018-11-28 00:00:00+01:00,8.635000228881836,9.050000190734863,8.569999694824219,9.050000190734863,1215020
2018-11-29 00:00:00+01:00,9.0600004196167,9.680000305175781,9.050000190734863,9.5,3312520
2018-11-30 00:00:00+01:00,9.46500015258789,9.734999656677246,9.204999923706055,9.734999656677246,3959170
2018-12-03 00:00:00+01:00,9.725000381469727,9.920000076293945,9.614999771118164,9.899999618530273,2722930
2018-12-04 00:00:00+01:00,9.895000457763672,10.050000190734863,9.824999809265137,10.039999961853027,2133470
2018-12-05 00:00:00+01:00,9.899999618530273,10.289999961853027,9.734999656677246,10.25,2118590
2018-12-06 00:00:00+01:00,10.100000381469727,10.109999656677246,9.805000305175781,9.920000076293945,2823210
2018-12-07 00:00:00+01:00,9.850000381469727,10.109999656677246,9.664999961853027,9.859999656677246,3127970
2018-12-10 00:00:00+01:00,9.664999961853027,9.859999656677246,9.664999961853027,9.8149995803833,1285090
2018-12-11 00:00:00+01:00,9.699999809265137,10.010000228881836,9.6850004196167,9.864999771118164,1640290
2018-12-12 00:00:00+01:00,9.914999961853027,9.920000076293945,9.609999656677246,9.8149995803833,1207260
2018-12-13 00:00:00+01:00,9.899999618530273,10.0600004196167,9.850000381469727,9.979999542236328,1612800
2018-12-14 00:00:00+01:00,9.944999694824219,9.979999542236328,9.8100004196167,9.859999656677246,819060
2018-12-17 00:00:00+01:00,9.930000305175781,10.029999732971191,9.800000190734863,10.0,1116270
2018-12-18 00:00:00+01:00,10.0,10.199999809265137,9.819999694824219,10.149999618530273,1135450
2018-12-19 00:00:00+01:00,10.100000381469727,10.279999732971191,10.029999732971191,10.199999809265137,2071420
2018-12-20 00:00:00+01:00,10.079999923706055,10.079999923706055,9.6850004196167,9.760000228881836,2476630
2018-12-21 00:00:00+01:00,9.760000228881836,9.895000457763672,9.604999542236328,9.895000457763672,2595790
2018-12-24 00:00:00+01:00,9.895000457763672,9.895000457763672,9.895000457763672,9.895000457763672,0
2018-12-25 00:00:00+01:00,9.895000457763672,9.895000457763672,9.895000457763672,9.895000457763672,0
2018-12-26 00:00:00+01:00,9.895000457763672,9.895000457763672,9.895000457763672,9.895000457763672,0
2018-12-27 00:00:00+01:00,9.979999542236328,10.149999618530273,9.404999732971191,9.404999732971191,1441390
2018-12-28 00:00:00+01:00,9.505000114440918,9.600000381469727,9.319999694824219,9.585000038146973,1386880
2018-12-31 00:00:00+01:00,9.585000038146973,9.585000038146973,9.585000038146973,9.585000038146973,0
2019-01-01 00:00:00+01:00,9.585000038146973,9.585000038146973,9.585000038146973,9.585000038146973,0
2019-01-02 00:00:00+01:00,9.59000015258789,9.789999961853027,9.59000015258789,9.729999542236328,933250
2019-01-03 00:00:00+01:00,9.765000343322754,9.800000190734863,9.71500015258789,9.725000381469727,845880
2019-01-04 00:00:00+01:00,9.795000076293945,9.824999809265137,9.619999885559082,9.699999809265137,2707270
2019-01-07 00:00:00+01:00,9.640000343322754,9.8100004196167,9.640000343322754,9.800000190734863,1165400
2019-01-08 00:00:00+01:00,9.800000190734863,10.100000381469727,9.720000267028809,10.100000381469727,2050610
2019-01-09 00:00:00+01:00,10.100000381469727,10.399999618530273,10.069999694824219,10.25,2813110
2019-01-10 00:00:00+01:00,10.25,10.300000190734863,10.119999885559082,10.260000228881836,1029390
2019-01-11 00:00:00+01:00,10.199999809265137,10.449999809265137,10.199999809265137,10.40999984741211,1465270
2019-01-14 00:00:00+01:00,10.25,10.470000267028809,10.25,10.40999984741211,2258980
2019-01-15 00:00:00+01:00,10.449999809265137,10.470000267028809,10.100000381469727,10.140000343322754,1815210
2019-01-16 00:00:00+01:00,10.180000305175781,10.479999542236328,10.180000305175781,10.479999542236328,1381990
2019-01-17 00:00:00+01:00,10.470000267028809,10.579999923706055,10.180000305175781,10.220000267028809,2171720
2019-01-18 00:00:00+01:00,10.229999542236328,10.369999885559082,10.149999618530273,10.260000228881836,2177720
2019-01-21 00:00:00+01:00,10.260000228881836,10.329999923706055,10.050000190734863,10.100000381469727,3024440
2019-01-22 00:00:00+01:00,10.100000381469727,10.109999656677246,9.770000457763672,9.864999771118164,4678180
2019-01-23 00:00:00+01:00,9.859999656677246,10.390000343322754,9.850000381469727,10.390000343322754,1906640
2019-01-24 00:00:00+01:00,10.4399995803833,10.4399995803833,10.170000076293945,10.329999923706055,1978130
2019-01-25 00:00:00+01:00,10.4399995803833,10.4399995803833,10.199999809265137,10.350000381469727,1215500
2019-01-28 00:00:00+01:00,10.350000381469727,10.350000381469727,10.079999923706055,10.260000228881836,551350
2019-01-29 00:00:00+01:00,10.300000190734863,10.3100004196167,10.010000228881836,10.3100004196167,678310
2019-01-30 00:00:00+01:00,10.260000228881836,10.329999923706055,10.0,10.020000457763672,2430260
2019-01-31 00:00:00+01:00,10.100000381469727,10.279999732971191,10.020000457763672,10.029999732971191,1195220
2019-02-01 00:00:00+01:00,10.029999732971191,10.1899995803833,10.029999732971191,10.1899995803833,470720
2019-02-04 00:00:00+01:00,10.15999984741211,10.210000038146973,10.039999961853027,10.199999809265137,683460
2019-02-05 00:00:00+01:00,10.199999809265137,10.199999809265137,10.0600004196167,10.119999885559082,958450
2019-02-06 00:00:00+01:00,10.1899995803833,10.1899995803833,10.029999732971191,10.029999732971191,677230
2019-02-07 00:00:00+01:00,10.130000114440918,10.130000114440918,9.914999961853027,10.029999732971191,691730
2019-02-08 00:00:00+01:00,10.029999732971191,10.029999732971191,9.774999618530273,9.859999656677246,767100
2019-02-11 00:00:00+01:00,9.800000190734863,9.984999656677246,9.765000343322754,9.765000343322754,1612510
2019-02-12 00:00:00+01:00,9.779999732971191,10.029999732971191,9.779999732971191,9.914999961853027,1940620
2019-02-13 00:00:00+01:00,9.949999809265137,9.954999923706055,9.515000343322754,9.515000343322754,2054150
2019-02-14 00:00:00+01:00,9.635000228881836,9.649999618530273,9.369999885559082,9.369999885559082,997070
2019-02-15 00:00:00+01:00,9.300000190734863,9.505000114440918,9.15999984741211,9.324999809265137,1120950
2019-02-18 00:00:00+01:00,9.449999809265137,9.595000267028809,9.265000343322754,9.449999809265137,1079670
2019-02-19 00:00:00+01:00,9.479999542236328,9.479999542236328,9.300000190734863,9.319999694824219,566870
2019-02-20 00:00:00+01:00,9.34000015258789,9.484999656677246,9.300000190734863,9.380000114440918,683320
2019-02-21 00:00:00+01:00,9.475000381469727,9.789999961853027,9.425000190734863,9.789999961853027,1494230
2019-02-22 00:00:00+01:00,9.75,9.75,9.600000381469727,9.635000228881836,912300
2019-02-25 00:00:00+01:00,9.850000381469727,10.539999961853027,9.829999923706055,10.300000190734863,4701360
2019-02-26 00:00:00+01:00,10.279999732971191,10.470000267028809,10.239999771118164,10.399999618530273,1278350
2019-02-27 00:00:00+01:00,10.420000076293945,10.890000343322754,10.3100004196167,10.800000190734863,4004070
2019-02-28 00:00:00+01:00,10.75,10.949999809265137,10.65999984741211,10.699999809265137,3587550
2019-03-01 00:00:00+01:00,10.789999961853027,11.079999923706055,10.720000267028809,11.0,3887190
2019-03-04 00:00:00+01:00,10.899999618530273,11.130000114440918,10.899999618530273,10.970000267028809,2166410
2019-03-05 00:00:00+01:00,10.880000114440918,10.949999809265137,10.800000190734863,10.899999618530273,1457650
2019-03-06 00:00:00+01:00,10.949999809265137,11.300000190734863,10.920000076293945,11.210000038146973,1514920
2019-03-07 00:00:00+01:00,11.229999542236328,11.350000381469727,11.199999809265137,11.319999694824219,868830
2019-03-08 00:00:00+01:00,11.199999809265137,11.390000343322754,11.119999885559082,11.350000381469727,1314650
2019-03-11 00:00:00+01:00,11.350000381469727,11.390000343322754,11.170000076293945,11.300000190734863,1840790
2019-03-12 00:00:00+01:00,11.3100004196167,11.470000267028809,11.279999732971191,11.350000381469727,1496530
2019-03-13 00:00:00+01:00,11.390000343322754,11.40999984741211,11.149999618530273,11.199999809265137,1373900
2019-03-14 00:00:00+01:00,11.15999984741211,11.229999542236328,10.680000305175781,10.899999618530273,2117460
2019-03-15 00:00:00+01:00,11.0,11.239999771118164,10.859999656677246,11.170000076293945,7117230
2019-03-18 00:00:00+01:00,11.260000228881836,11.600000381469727,11.199999809265137,11.600000381469727,2371510
2019-03-19 00:00:00+01:00,11.600000381469727,12.170000076293945,11.399999618530273,12.050000190734863,3044840
2019-03-20 00:00:00+01:00,12.010000228881836,12.479999542236328,12.010000228881836,12.359999656677246,4899990
2019-03-21 00:00:00+01:00,12.460000038146973,12.479999542236328,12.239999771118164,12.449999809265137,1259110
2019-03-22 00:00:00+01:00,12.399999618530273,12.4399995803833,12.260000228881836,12.289999961853027,2792460
2019-03-25 00:00:00+01:00,12.149999618530273,12.319999694824219,11.989999771118164,12.210000038146973,925830
2019-03-26 00:00:00+01:00,12.180000305175781,12.479999542236328,12.130000114440918,12.40999984741211,1935340
2019-03-27 00:00:00+01:00,12.449999809265137,12.449999809265137,12.0,12.010000228881836,1496780
2019-03-28 00:00:00+01:00,12.149999618530273,12.300000190734863,11.899999618530273,12.029999732971191,1050820
2019-03-29 00:00:00+01:00,12.100000381469727,12.149999618530273,11.8100004196167,12.100000381469727,3090360
2019-04-01 00:00:00+02:00,12.100000381469727,12.680000305175781,12.039999961853027,12.609999656677246,2452910
2019-04-02 00:00:00+02:00,12.710000038146973,13.25,12.65999984741211,13.199999809265137,2057210
2019-04-03 00:00:00+02:00,13.3100004196167,13.489999771118164,12.779999732971191,12.949999809265137,2268200
2019-04-04 00:00:00+02:00,12.859999656677246,13.029999732971191,12.550000190734863,12.600000381469727,2407890
2019-04-05 00:00:00+02:00,12.869999885559082,13.0,12.630000114440918,12.699999809265137,2238590
2019-04-08 00:00:00+02:00,12.75,13.229999542236328,12.649999618530273,13.199999809265137,2118470
2019-04-09 00:00:00+02:00,13.199999809265137,13.34000015258789,13.039999961853027,13.180000305175781,2040930
2019-04-10 00:00:00+02:00,13.170000076293945,13.350000381469727,13.039999961853027,13.350000381469727,3952640
2019-04-11 00:00:00+02:00,13.350000381469727,13.350000381469727,13.010000228881836,13.100000381469727,1416750
2019-04-12 00:00:00+02:00,13.180000305175781,13.289999961853027,13.010000228881836,13.100000381469727,913170
2019-04-15 00:00:00+02:00,13.149999618530273,13.220000267028809,12.350000381469727,12.399999618530273,2045900
2019-04-16 00:00:00+02:00,12.420000076293945,12.600000381469727,12.029999732971191,12.100000381469727,2339240
2019-04-17 00:00:00+02:00,12.15999984741211,12.619999885559082,12.050000190734863,12.359999656677246,2540810
2019-04-18 00:00:00+02:00,12.359999656677246,12.5,12.180000305175781,12.5,495970
2019-04-19 00:00:00+02:00,12.5,12.5,12.5,12.5,0
2019-04-22 00:00:00+02:00,12.5,12.5,12.5,12.5,0
2019-04-23 00:00:00+02:00,12.529999732971191,12.579999923706055,12.079999923706055,12.199999809265137,1614020
2019-04-24 00:00:00+02:00,12.270000457763672,12.640000343322754,12.199999809265137,12.640000343322754,1685130
2019-04-25 00:00:00+02:00,12.600000381469727,12.6899995803833,12.40999984741211,12.489999771118164,1150900
2019-04-26 00:00:00+02:00,12.5,12.699999809265137,12.369999885559082,12.699999809265137,1007190
2019-04-29 00:00:00+02:00,12.6899995803833,12.770000457763672,12.489999771118164,12.600000381469727,975670
2019-04-30 00:00:00+02:00,12.699999809265137,12.739999771118164,12.529999732971191,12.699999809265137,1337710
2019-05-01 00:00:00+02:00,12.699999809265137,12.699999809265137,12.699999809265137,12.699999809265137,0
2019-05-02 00:00:00+02:00,12.59000015258789,12.640000343322754,12.199999809265137,12.4399995803833,2157850
2019-05-03 00:00:00+02:00,12.4399995803833,12.4399995803833,12.4399995803833,12.4399995803833,0
2019-05-06 00:00:00+02:00,12.3100004196167,12.670000076293945,12.180000305175781,12.630000114440918,1170690
2019-05-07 00:00:00+02:00,12.699999809265137,12.699999809265137,12.390000343322754,12.40999984741211,1285230
2019-05-08 00:00:00+02:00,12.520000457763672,12.640000343322754,12.420000076293945,12.489999771118164,781780
2019-05-09 00:00:00+02:00,12.489999771118164,12.699999809265137,12.220000267028809,12.350000381469727,1642440
2019-05-10 00:00:00+02:00,12.600000381469727,12.84000015258789,12.40999984741211,12.729999542236328,1747980
2019-05-13 00:00:00+02:00,12.75,12.75,12.600000381469727,12.729999542236328,886260
2019-05-14 00:00:00+02:00,12.710000038146973,13.100000381469727,12.699999809265137,12.75,1682460
2019-05-15 00:00:00+02:00,12.800000190734863,13.109999656677246,12.729999542236328,13.039999961853027,1000270
2019-05-16 00:00:00+02:00,13.109999656677246,13.149999618530273,11.319999694824219,11.40999984741211,7839790
2019-05-17 00:00:00+02:00,11.399999618530273,11.5,10.800000190734863,11.270000457763672,8926440
2019-05-20 00:00:00+02:00,11.239999771118164,11.890000343322754,11.239999771118164,11.75,1546090
2019-05-21 00:00:00+02:00,11.779999732971191,12.380000114440918,11.640000343322754,12.359999656677246,2420520
2019-05-22 00:00:00+02:00,12.270000457763672,12.899999618530273,12.270000457763672,12.890000343322754,2063150
2019-05-23 00:00:00+02:00,12.630000114440918,12.899999618530273,12.630000114440918,12.6899995803833,1810220
2019-05-24 00:00:00+02:00,12.699999809265137,12.829999923706055,12.609999656677246,12.649999618530273,1812330
2019-05-27 00:00:00+02:00,12.550000190734863,12.699999809265137,12.1899995803833,12.5600004196167,310700
2019-05-28 00:00:00+02:00,12.569999694824219,12.579999923706055,12.239999771118164,12.399999618530273,3453450
2019-05-29 00:00:00+02:00,12.369999885559082,12.449999809265137,12.039999961853027,12.239999771118164,1270100
2019-05-30 00:00:00+02:00,12.319999694824219,12.470000267028809,12.050000190734863,12.300000190734863,867280
2019-05-31 00:00:00+02:00,12.380000114440918,12.5,12.199999809265137,12.4399995803833,1337940
2019-06-03 00:00:00+02:00,12.5,12.789999961853027,12.420000076293945,12.680000305175781,1306500
2019-06-04 00:00:00+02:00,12.600000381469727,12.779999732971191,12.510000228881836,12.640000343322754,1464510
2019-06-05 00:00:00+02:00,12.710000038146973,12.720000267028809,12.460000038146973,12.579999923706055,1083680
2019-06-06 00:00:00+02:00,12.630000114440918,12.6899995803833,12.319999694824219,12.550000190734863,2270210
2019-06-07 00:00:00+02:00,12.550000190734863,12.6899995803833,12.470000267028809,12.569999694824219,1257950
2019-06-10 00:00:00+02:00,12.520000457763672,12.680000305175781,12.40999984741211,12.470000267028809,668190
2019-06-11 00:00:00+02:00,12.420000076293945,12.420000076293945,12.170000076293945,12.319999694824219,995320
2019-06-12 00:00:00+02:00,12.210000038146973,12.520000457763672,12.100000381469727,12.199999809265137,1277500
2019-06-13 00:00:00+02:00,12.319999694824219,12.800000190734863,12.25,12.609999656677246,1068580
2019-06-14 00:00:00+02:00,12.539999961853027,12.850000381469727,12.470000267028809,12.699999809265137,1338670
2019-06-17 00:00:00+02:00,12.729999542236328,12.779999732971191,12.59000015258789,12.720000267028809,797960
2019-06-18 00:00:00+02:00,12.630000114440918,13.569999694824219,12.579999923706055,13.539999961853027,1819790
2019-06-19 00:00:00+02:00,13.5,13.539999961853027,13.1899995803833,13.460000038146973,1054600
2019-06-20 00:00:00+02:00,13.460000038146973,13.460000038146973,13.460000038146973,13.460000038146973,0
2019-06-21 00:00:00+02:00,13.460000038146973,13.600000381469727,12.930000305175781,13.079999923706055,3477580
2019-06-24 00:00:00+02:00,13.130000114440918,13.15999984741211,12.720000267028809,12.869999885559082,1221100
2019-06-25 00:00:00+02:00,12.859999656677246,13.100000381469727,12.800000190734863,13.050000190734863,1345220
2019-06-26 00:00:00+02:00,13.069999694824219,13.069999694824219,12.760000228881836,12.760000228881836,814490
2019-06-27 00:00:00+02:00,12.800000190734863,13.050000190734863,12.789999961853027,12.960000038146973,1497940
2019-06-28 00:00:00+02:00,12.90999984741211,13.119999885559082,12.84000015258789,13.09000015258789,1088530
2019-07-01 00:00:00+02:00,13.239999771118164,13.5,13.109999656677246,13.449999809265137,1209700
2019-07-02 00:00:00+02:00,13.5,13.699999809265137,12.779999732971191,13.600000381469727,2422360
2019-07-03 00:00:00+02:00,13.600000381469727,13.729999542236328,13.25,13.680000305175781,1299900
2019-07-04 00:00:00+02:00,13.699999809265137,13.949999809265137,13.470000267028809,13.899999618530273,856060
2019-07-05 00:00:00+02:00,13.869999885559082,13.989999771118164,13.630000114440918,13.739999771118164,1279190
2019-07-08 00:00:00+02:00,13.739999771118164,13.850000381469727,13.539999961853027,13.8100004196167,368260
2019-07-09 00:00:00+02:00,13.800000190734863,14.130000114440918,13.460000038146973,14.130000114440918,1395210
2019-07-10 00:00:00+02:00,14.09000015258789,14.350000381469727,13.949999809265137,14.100000381469727,1935020
2019-07-11 00:00:00+02:00,14.180000305175781,14.260000228881836,14.100000381469727,14.260000228881836,995410
2019-07-12 00:00:00+02:00,14.279999732971191,14.579999923706055,14.270000457763672,14.479999542236328,1944840
2019-07-15 00:00:00+02:00,14.600000381469727,14.84000015258789,14.5,14.670000076293945,864040
2019-07-16 00:00:00+02:00,14.649999618530273,14.899999618530273,14.390000343322754,14.529999732971191,2992700
2019-07-17 00:00:00+02:00,14.5,14.529999732971191,14.229999542236328,14.300000190734863,688030
2019-07-18 00:00:00+02:00,14.210000038146973,14.350000381469727,14.140000343322754,14.239999771118164,1398110
2019-07-19 00:00:00+02:00,14.34000015258789,14.630000114440918,14.300000190734863,14.600000381469727,1061480
2019-07-22 00:00:00+02:00,14.5,14.729999542236328,14.369999885559082,14.640000343322754,1441750
2019-07-23 00:00:00+02:00,14.720000267028809,14.850000381469727,14.670000076293945,14.800000190734863,1219540
2019-07-24 00:00:00+02:00,14.770000457763672,14.84000015258789,14.369999885559082,14.579999923706055,1350230
2019-07-25 00:00:00+02:00,14.6899995803833,14.6899995803833,14.40999984741211,14.40999984741211,1035640
2019-07-26 00:00:00+02:00,14.40999984741211,14.5600004196167,14.260000228881836,14.260000228881836,1694590
2019-07-29 00:00:00+02:00,14.199999809265137,14.5,14.149999618530273,14.260000228881836,586720
2019-07-30 00:00:00+02:00,14.260000228881836,14.470000267028809,14.199999809265137,14.4399995803833,550470
2019-07-31 00:00:00+02:00,14.4399995803833,14.609999656677246,14.300000190734863,14.609999656677246,1248380
2019-08-01 00:00:00+02:00,14.5,14.739999771118164,14.220000267028809,14.380000114440918,1292360
2019-08-02 00:00:00+02:00,14.220000267028809,14.800000190734863,14.220000267028809,14.75,1914410
2019-08-05 00:00:00+02:00,14.59000015258789,14.800000190734863,14.359999656677246,14.369999885559082,1434970
2019-08-06 00:00:00+02:00,14.369999885559082,14.399999618530273,14.229999542236328,14.279999732971191,2125880
2019-08-07 00:00:00+02:00,14.270000457763672,14.470000267028809,14.229999542236328,14.3100004196167,1079100
2019-08-08 00:00:00+02:00,14.319999694824219,14.319999694824219,14.020000457763672,14.020000457763672,1053180
2019-08-09 00:00:00+02:00,13.949999809265137,14.270000457763672,13.84000015258789,13.979999542236328,975450
2019-08-12 00:00:00+02:00,13.979999542236328,14.010000228881836,13.579999923706055,13.59000015258789,1216530
2019-08-13 00:00:00+02:00,13.619999885559082,13.680000305175781,13.210000038146973,13.430000305175781,1851660
2019-08-14 00:00:00+02:00,13.3100004196167,13.460000038146973,13.010000228881836,13.010000228881836,1736660
2019-08-15 00:00:00+02:00,13.010000228881836,13.010000228881836,13.010000228881836,13.010000228881836,0
2019-08-16 00:00:00+02:00,13.100000381469727,13.380000114440918,13.050000190734863,13.199999809265137,1749920
2019-08-19 00:00:00+02:00,13.279999732971191,13.739999771118164,13.260000228881836,13.460000038146973,1679440
2019-08-20 00:00:00+02:00,14.100000381469727,14.949999809265137,13.899999618530273,14.800000190734863,3981580
2019-08-21 00:00:00+02:00,14.779999732971191,15.289999961853027,14.649999618530273,15.079999923706055,1320350
2019-08-22 00:00:00+02:00,15.140000343322754,15.470000267028809,14.960000038146973,14.960000038146973,2061110
2019-08-23 00:00:00+02:00,15.0,15.220000267028809,14.710000038146973,14.710000038146973,1066950
2019-08-26 00:00:00+02:00,14.539999961853027,15.380000114440918,14.470000267028809,14.989999771118164,2383580
2019-08-27 00:00:00+02:00,14.960000038146973,15.220000267028809,14.399999618530273,14.5,3811110
2019-08-28 00:00:00+02:00,14.649999618530273,14.770000457763672,14.3100004196167,14.399999618530273,1351430
2019-08-29 00:00:00+02:00,14.5,15.0,14.399999618530273,14.90999984741211,1521440
2019-08-30 00:00:00+02:00,14.920000076293945,15.449999809265137,14.779999732971191,15.380000114440918,1202100
2019-09-02 00:00:00+02:00,15.420000076293945,15.949999809265137,15.40999984741211,15.800000190734863,1521320
2019-09-03 00:00:00+02:00,15.789999961853027,15.890000343322754,15.5600004196167,15.800000190734863,1502090
2019-09-04 00:00:00+02:00,15.899999618530273,16.049999237060547,15.680000305175781,15.760000228881836,1018860
2019-09-05 00:00:00+02:00,15.760000228881836,15.829999923706055,15.489999771118164,15.489999771118164,638680
2019-09-06 00:00:00+02:00,15.510000228881836,15.710000038146973,15.260000228881836,15.319999694824219,1372790
2019-09-09 00:00:00+02:00,15.3100004196167,15.319999694824219,14.739999771118164,14.739999771118164,2324130
2019-09-10 00:00:00+02:00,14.699999809265137,15.470000267028809,14.399999618530273,15.199999809265137,2926560
2019-09-11 00:00:00+02:00,15.300000190734863,15.970000267028809,15.300000190734863,15.970000267028809,3219850
2019-09-12 00:00:00+02:00,16.0,16.139999389648438,15.770000457763672,16.040000915527344,1224930
2019-09-13 00:00:00+02:00,15.90999984741211,16.049999237060547,15.850000381469727,16.0,2462980
2019-09-16 00:00:00+02:00,15.949999809265137,15.949999809265137,15.399999618530273,15.5,2214790
2019-09-17 00:00:00+02:00,15.5,15.770000457763672,15.289999961853027,15.329999923706055,1226160
2019-09-18 00:00:00+02:00,15.4399995803833,15.699999809265137,15.380000114440918,15.600000381469727,936910
2019-09-19 00:00:00+02:00,15.470000267028809,15.670000076293945,15.319999694824219,15.489999771118164,626180
2019-09-20 00:00:00+02:00,15.569999694824219,15.779999732971191,15.229999542236328,15.260000228881836,3227290
2019-09-23 00:00:00+02:00,15.369999885559082,15.5600004196167,15.199999809265137,15.359999656677246,1182350
2019-09-24 00:00:00+02:00,15.510000228881836,15.710000038146973,15.319999694824219,15.5,1232040
2019-09-25 00:00:00+02:00,15.40999984741211,15.640000343322754,15.25,15.579999923706055,1434670
2019-09-26 00:00:00+02:00,15.600000381469727,15.84000015258789,15.380000114440918,15.630000114440918,1883120
2019-09-27 00:00:00+02:00,15.760000228881836,15.970000267028809,15.680000305175781,15.850000381469727,990220
2019-09-30 00:00:00+02:00,15.869999885559082,15.880000114440918,15.460000038146973,15.699999809265137,1056510
2019-10-01 00:00:00+02:00,15.569999694824219,15.569999694824219,15.270000457763672,15.319999694824219,1476220
2019-10-02 00:00:00+02:00,15.270000457763672,15.489999771118164,15.029999732971191,15.039999961853027,2916380
2019-10-03 00:00:00+02:00,15.010000228881836,15.399999618530273,15.010000228881836,15.050000190734863,622620
2019-10-04 00:00:00+02:00,15.079999923706055,15.399999618530273,15.039999961853027,15.0600004196167,651780
2019-10-07 00:00:00+02:00,15.0,15.0600004196167,14.710000038146973,14.800000190734863,1250600
2019-10-08 00:00:00+02:00,14.800000190734863,15.0,14.59000015258789,14.75,979680
2019-10-09 00:00:00+02:00,14.720000267028809,14.720000267028809,14.479999542236328,14.479999542236328,653540
2019-10-10 00:00:00+02:00,14.5,14.59000015258789,14.390000343322754,14.430000305175781,1525730
2019-10-11 00:00:00+02:00,14.489999771118164,14.739999771118164,14.399999618530273,14.630000114440918,885670
2019-10-14 00:00:00+02:00,14.699999809265137,14.800000190734863,14.399999618530273,14.600000381469727,739670
2019-10-15 00:00:00+02:00,14.600000381469727,14.670000076293945,14.460000038146973,14.5600004196167,867070
2019-10-16 00:00:00+02:00,14.609999656677246,14.779999732971191,14.399999618530273,14.399999618530273,813740
2019-10-17 00:00:00+02:00,14.399999618530273,15.100000381469727,14.399999618530273,15.029999732971191,760690
2019-10-18 00:00:00+02:00,15.0,15.270000457763672,14.800000190734863,15.039999961853027,805460
2019-10-21 00:00:00+02:00,14.989999771118164,15.100000381469727,14.449999809265137,14.520000457763672,1384450
2019-10-22 00:00:00+02:00,14.569999694824219,14.729999542236328,14.390000343322754,14.640000343322754,1203640
2019-10-23 00:00:00+02:00,14.600000381469727,14.699999809265137,14.0600004196167,14.100000381469727,1730260
2019-10-24 00:00:00+02:00,14.220000267028809,14.350000381469727,14.029999732971191,14.109999656677246,1726680
2019-10-25 00:00:00+02:00,14.149999618530273,14.489999771118164,14.079999923706055,14.260000228881836,873950
2019-10-28 00:00:00+01:00,14.300000190734863,14.600000381469727,14.050000190734863,14.40999984741211,1065950
2019-10-29 00:00:00+01:00,14.5,14.84000015258789,14.380000114440918,14.649999618530273,921040
2019-10-30 00:00:00+01:00,14.699999809265137,14.850000381469727,14.539999961853027,14.739999771118164,713810
2019-10-31 00:00:00+01:00,14.859999656677246,14.949999809265137,14.600000381469727,14.899999618530273,1717560
2019-11-01 00:00:00+01:00,14.899999618530273,14.899999618530273,14.899999618530273,14.899999618530273,0
2019-11-04 00:00:00+01:00,15.0,15.75,14.949999809265137,15.729999542236328,2579370
2019-11-05 00:00:00+01:00,15.760000228881836,15.890000343322754,15.229999542236328,15.399999618530273,1989540
2019-11-06 00:00:00+01:00,15.279999732971191,15.369999885559082,14.930000305175781,14.9399995803833,992890
2019-11-07 00:00:00+01:00,15.239999771118164,15.890000343322754,15.199999809265137,15.779999732971191,1688320
2019-11-08 00:00:00+01:00,15.5,15.5,14.130000114440918,14.15999984741211,7685870
2019-11-11 00:00:00+01:00,14.15999984741211,14.15999984741211,14.15999984741211,14.15999984741211,0
2019-11-12 00:00:00+01:00,13.899999618530273,14.890000343322754,13.319999694824219,14.670000076293945,4474400
2019-11-13 00:00:00+01:00,14.529999732971191,14.600000381469727,13.739999771118164,13.800000190734863,5690910
2019-11-14 00:00:00+01:00,13.850000381469727,13.850000381469727,13.420000076293945,13.550000190734863,3972130
2019-11-15 00:00:00+01:00,13.520000457763672,14.050000190734863,13.520000457763672,13.90999984741211,1550280
2019-11-18 00:00:00+01:00,13.90999984741211,14.239999771118164,13.84000015258789,14.1899995803833,1411290
2019-11-19 00:00:00+01:00,14.09000015258789,14.220000267028809,14.0,14.149999618530273,1367390
2019-11-20 00:00:00+01:00,13.970000267028809,14.029999732971191,13.550000190734863,13.5600004196167,1326900
2019-11-21 00:00:00+01:00,13.640000343322754,13.800000190734863,13.460000038146973,13.600000381469727,1598520
2019-11-22 00:00:00+01:00,13.600000381469727,13.729999542236328,13.399999618530273,13.399999618530273,1567830
2019-11-25 00:00:00+01:00,13.5,13.600000381469727,13.40999984741211,13.420000076293945,866990
2019-11-26 00:00:00+01:00,13.40999984741211,13.420000076293945,13.15999984741211,13.199999809265137,5578180
2019-11-27 00:00:00+01:00,13.210000038146973,13.369999885559082,13.210000038146973,13.359999656677246,1898230
2019-11-28 00:00:00+01:00,13.449999809265137,13.449999809265137,13.279999732971191,13.34000015258789,501000
2019-11-29 00:00:00+01:00,13.34000015258789,13.75,13.300000190734863,13.520000457763672,5525190
2019-12-02 00:00:00+01:00,13.800000190734863,13.880000114440918,13.510000228881836,13.630000114440918,5434740
2019-12-03 00:00:00+01:00,13.630000114440918,13.710000038146973,13.5600004196167,13.640000343322754,2730590
2019-12-04 00:00:00+01:00,13.6899995803833,13.6899995803833,13.420000076293945,13.600000381469727,2415730
2019-12-05 00:00:00+01:00,13.670000076293945,13.670000076293945,13.420000076293945,13.600000381469727,1514470
2019-12-06 00:00:00+01:00,13.520000457763672,13.819999694824219,13.470000267028809,13.739999771118164,2458320
2019-12-09 00:00:00+01:00,13.75,13.75,13.569999694824219,13.649999618530273,2045350
2019-12-10 00:00:00+01:00,13.75,13.800000190734863,13.489999771118164,13.75,2317090
2019-12-11 00:00:00+01:00,13.75,13.989999771118164,13.710000038146973,13.869999885559082,1906420
2019-12-12 00:00:00+01:00,13.989999771118164,14.25,13.920000076293945,14.149999618530273,1610810
2019-12-13 00:00:00+01:00,14.25,14.300000190734863,13.890000343322754,13.979999542236328,899930
2019-12-16 00:00:00+01:00,13.979999542236328,14.0600004196167,13.9399995803833,14.0,3829020
2019-12-17 00:00:00+01:00,14.079999923706055,14.100000381469727,13.8100004196167,13.84000015258789,1415190
2019-12-18 00:00:00+01:00,13.930000305175781,13.930000305175781,13.670000076293945,13.779999732971191,989650
2019-12-19 00:00:00+01:00,13.890000343322754,14.069999694824219,13.779999732971191,14.0,1409110
2019-12-20 00:00:00+01:00,14.0,14.289999961853027,14.0,14.199999809265137,2108910
2019-12-23 00:00:00+01:00,14.109999656677246,14.1899995803833,13.949999809265137,14.130000114440918,683720
2019-12-24 00:00:00+01:00,14.130000114440918,14.130000114440918,14.130000114440918,14.130000114440918,0
2019-12-25 00:00:00+01:00,14.130000114440918,14.130000114440918,14.130000114440918,14.130000114440918,0
2019-12-26 00:00:00+01:00,14.130000114440918,14.130000114440918,14.130000114440918,14.130000114440918,0
2019-12-27 00:00:00+01:00,14.199999809265137,14.489999771118164,14.199999809265137,14.390000343322754,694380
2019-12-30 00:00:00+01:00,14.380000114440918,14.539999961853027,14.380000114440918,14.399999618530273,697200
2019-12-31 00:00:00+01:00,14.399999618530273,14.399999618530273,14.399999618530273,14.399999618530273,0
2020-01-01 00:00:00+01:00,14.399999618530273,14.399999618530273,14.399999618530273,14.399999618530273,0
2020-01-02 00:00:00+01:00,14.430000305175781,14.520000457763672,14.199999809265137,14.520000457763672,1619520
2020-01-03 00:00:00+01:00,14.470000267028809,14.470000267028809,14.180000305175781,14.180000305175781,1597150
2020-01-06 00:00:00+01:00,14.180000305175781,14.180000305175781,14.180000305175781,14.180000305175781,0
2020-01-07 00:00:00+01:00,14.170000076293945,14.539999961853027,14.010000228881836,14.329999923706055,1649730
2020-01-08 00:00:00+01:00,14.25,14.289999961853027,14.180000305175781,14.229999542236328,511860
2020-01-09 00:00:00+01:00,14.270000457763672,14.529999732971191,14.270000457763672,14.520000457763672,1052540
2020-01-10 00:00:00+01:00,14.5600004196167,15.079999923706055,14.460000038146973,15.050000190734863,2034250
2020-01-13 00:00:00+01:00,15.050000190734863,16.18000030517578,15.020000457763672,15.970000267028809,3099900
2020-01-14 00:00:00+01:00,15.949999809265137,15.960000038146973,15.25,15.25,2044760
2020-01-15 00:00:00+01:00,15.300000190734863,15.680000305175781,15.300000190734863,15.600000381469727,1052110
2020-01-16 00:00:00+01:00,15.6899995803833,15.6899995803833,15.329999923706055,15.329999923706055,1048360
2020-01-17 00:00:00+01:00,15.399999618530273,15.8100004196167,15.300000190734863,15.5600004196167,892970
2020-01-20 00:00:00+01:00,15.510000228881836,15.960000038146973,15.510000228881836,15.930000305175781,846470
2020-01-21 00:00:00+01:00,15.930000305175781,16.030000686645508,15.630000114440918,15.960000038146973,2254820
2020-01-22 00:00:00+01:00,15.960000038146973,16.690000534057617,15.920000076293945,16.690000534057617,2052010
2020-01-23 00:00:00+01:00,16.690000534057617,17.149999618530273,16.600000381469727,16.770000457763672,2120200
2020-01-24 00:00:00+01:00,16.600000381469727,16.799999237060547,16.18000030517578,16.18000030517578,1316250
2020-01-27 00:00:00+01:00,16.0,16.18000030517578,15.359999656677246,15.390000343322754,2723900
2020-01-28 00:00:00+01:00,15.5,15.729999542236328,15.5,15.510000228881836,771300
2020-01-29 00:00:00+01:00,15.529999732971191,15.989999771118164,15.529999732971191,15.869999885559082,1263990
2020-01-30 00:00:00+01:00,15.729999542236328,16.049999237060547,15.600000381469727,15.899999618530273,883400
2020-01-31 00:00:00+01:00,16.100000381469727,16.280000686645508,15.9399995803833,16.25,2235930
2020-02-03 00:00:00+01:00,16.149999618530273,16.899999618530273,16.149999618530273,16.790000915527344,1626390
2020-02-04 00:00:00+01:00,16.780000686645508,16.84000015258789,16.309999465942383,16.469999313354492,2287890
2020-02-05 00:00:00+01:00,16.459999084472656,17.139999389648438,16.459999084472656,16.799999237060547,1952250
2020-02-06 00:00:00+01:00,16.799999237060547,16.889999389648438,16.25,16.600000381469727,1831590
2020-02-07 00:00:00+01:00,16.520000457763672,16.520000457763672,16.149999618530273,16.229999542236328,1606500
2020-02-10 00:00:00+01:00,16.25,16.540000915527344,16.25,16.43000030517578,1113230
2020-02-11 00:00:00+01:00,16.440000534057617,16.530000686645508,16.010000228881836,16.309999465942383,973280
2020-02-12 00:00:00+01:00,16.31999969482422,16.68000030517578,16.290000915527344,16.559999465942383,1823990
2020-02-13 00:00:00+01:00,16.5,16.700000762939453,16.3700008392334,16.700000762939453,543270
2020-02-14 00:00:00+01:00,16.780000686645508,16.790000915527344,16.09000015258789,16.209999084472656,1803840
2020-02-17 00:00:00+01:00,16.350000381469727,16.520000457763672,16.239999771118164,16.459999084472656,937580
2020-02-18 00:00:00+01:00,16.209999084472656,16.700000762939453,16.209999084472656,16.690000534057617,570120
2020-02-19 00:00:00+01:00,16.649999618530273,17.139999389648438,16.649999618530273,16.950000762939453,2260140
2020-02-20 00:00:00+01:00,16.969999313354492,16.979999542236328,16.729999542236328,16.739999771118164,1504560
2020-02-21 00:00:00+01:00,16.790000915527344,16.940000534057617,16.56999969482422,16.68000030517578,1505440
2020-02-24 00:00:00+01:00,16.56999969482422,16.56999969482422,15.920000076293945,15.930000305175781,2085910
2020-02-25 00:00:00+01:00,15.930000305175781,16.1299991607666,15.609999656677246,15.789999961853027,3054640
2020-02-26 00:00:00+01:00,15.789999961853027,16.100000381469727,15.380000114440918,15.609999656677246,2117360
2020-02-27 00:00:00+01:00,15.600000381469727,15.649999618530273,14.390000343322754,14.600000381469727,3315710
2020-02-28 00:00:00+01:00,13.9399995803833,14.569999694824219,13.640000343322754,14.180000305175781,5678670
2020-03-02 00:00:00+01:00,14.65999984741211,15.470000267028809,14.65999984741211,15.180000305175781,3753270
2020-03-03 00:00:00+01:00,15.300000190734863,16.110000610351562,15.300000190734863,15.5,3434820
2020-03-04 00:00:00+01:00,15.220000267028809,15.800000190734863,15.220000267028809,15.470000267028809,1347020
2020-03-05 00:00:00+01:00,15.739999771118164,15.920000076293945,15.520000457763672,15.789999961853027,1339270
2020-03-06 00:00:00+01:00,15.600000381469727,15.720000267028809,15.319999694824219,15.649999618530273,1377240
2020-03-09 00:00:00+01:00,14.5,15.199999809265137,14.470000267028809,14.5600004196167,1994970
2020-03-10 00:00:00+01:00,14.619999885559082,15.300000190734863,14.600000381469727,14.899999618530273,4170740
2020-03-11 00:00:00+01:00,14.899999618530273,15.069999694824219,14.15999984741211,14.5,3276250
2020-03-12 00:00:00+01:00,13.649999618530273,13.859999656677246,12.5,12.5,4382990
2020-03-13 00:00:00+01:00,12.75,14.020000457763672,12.75,13.75,7043960
2020-03-16 00:00:00+01:00,13.5,14.319999694824219,13.319999694824219,13.600000381469727,4586070
2020-03-17 00:00:00+01:00,13.979999542236328,15.229999542236328,13.760000228881836,15.180000305175781,4634790
2020-03-18 00:00:00+01:00,15.300000190734863,16.5,14.119999885559082,14.84000015258789,4867030
2020-03-19 00:00:00+01:00,14.300000190734863,15.140000343322754,14.300000190734863,14.949999809265137,3895200
2020-03-20 00:00:00+01:00,15.0,15.430000305175781,14.399999618530273,14.819999694824219,6055620
2020-03-23 00:00:00+01:00,14.399999618530273,15.0,14.100000381469727,14.229999542236328,1931370
2020-03-24 00:00:00+01:00,14.720000267028809,15.020000457763672,14.40999984741211,14.930000305175781,2636780
2020-03-25 00:00:00+01:00,15.020000457763672,15.220000267028809,14.34000015258789,14.739999771118164,1641460
2020-03-26 00:00:00+01:00,14.449999809265137,15.199999809265137,14.34000015258789,15.050000190734863,1963380
2020-03-27 00:00:00+01:00,15.220000267028809,15.220000267028809,14.800000190734863,15.119999885559082,1431750
2020-03-30 00:00:00+02:00,15.140000343322754,16.290000915527344,14.949999809265137,16.200000762939453,2912230
2020-03-31 00:00:00+02:00,16.149999618530273,16.559999465942383,15.529999732971191,16.209999084472656,3220310
2020-04-01 00:00:00+02:00,15.699999809265137,16.06999969482422,15.420000076293945,15.800000190734863,1536990
2020-04-02 00:00:00+02:00,15.75,15.890000343322754,15.279999732971191,15.869999885559082,1545920
2020-04-03 00:00:00+02:00,15.649999618530273,16.420000076293945,15.630000114440918,16.420000076293945,2750560
2020-04-06 00:00:00+02:00,16.799999237060547,16.989999771118164,16.43000030517578,16.600000381469727,2305980
2020-04-07 00:00:00+02:00,16.959999084472656,16.959999084472656,16.489999771118164,16.520000457763672,1994780
2020-04-08 00:00:00+02:00,16.5,16.940000534057617,16.440000534057617,16.670000076293945,2118200
2020-04-09 00:00:00+02:00,16.56999969482422,16.8799991607666,16.56999969482422,16.860000610351562,1738680
2020-04-10 00:00:00+02:00,16.860000610351562,16.860000610351562,16.860000610351562,16.860000610351562,0
2020-04-13 00:00:00+02:00,16.860000610351562,16.860000610351562,16.860000610351562,16.860000610351562,0
2020-04-14 00:00:00+02:00,16.899999618530273,17.0,16.770000457763672,17.0,1627190
2020-04-15 00:00:00+02:00,17.0,17.239999771118164,16.549999237060547,16.610000610351562,1887050
2020-04-16 00:00:00+02:00,16.8799991607666,17.020000457763672,16.59000015258789,17.020000457763672,1691310
2020-04-17 00:00:00+02:00,17.200000762939453,18.75,17.170000076293945,18.600000381469727,5382810
2020-04-20 00:00:00+02:00,18.489999771118164,18.489999771118164,18.020000457763672,18.399999618530273,1869790
2020-04-21 00:00:00+02:00,18.15999984741211,18.299999237060547,17.43000030517578,17.59000015258789,1952520
2020-04-22 00:00:00+02:00,17.579999923706055,18.43000030517578,17.540000915527344,18.40999984741211,1816970
2020-04-23 00:00:00+02:00,18.360000610351562,18.920000076293945,18.229999542236328,18.889999389648438,2971980
2020-04-24 00:00:00+02:00,18.299999237060547,18.459999084472656,17.5,17.5,3119890
2020-04-27 00:00:00+02:00,17.799999237060547,18.1299991607666,17.559999465942383,17.799999237060547,1248120
2020-04-28 00:00:00+02:00,17.969999313354492,18.59000015258789,17.920000076293945,17.979999542236328,1590170
2020-04-29 00:00:00+02:00,17.959999084472656,17.989999771118164,17.200000762939453,17.360000610351562,2077270
2020-04-30 00:00:00+02:00,17.399999618530273,17.649999618530273,17.290000915527344,17.459999084472656,1478590
2020-05-01 00:00:00+02:00,17.459999084472656,17.459999084472656,17.459999084472656,17.459999084472656,0
2020-05-04 00:00:00+02:00,17.010000228881836,17.530000686645508,16.81999969482422,17.3700008392334,1299380
2020-05-05 00:00:00+02:00,17.399999618530273,17.5,16.899999618530273,16.950000762939453,2801800
2020-05-06 00:00:00+02:00,17.0,17.31999969482422,16.600000381469727,16.700000762939453,1518540
2020-05-07 00:00:00+02:00,16.809999465942383,17.290000915527344,16.440000534057617,16.93000030517578,1451800
2020-05-08 00:00:00+02:00,17.049999237060547,17.170000076293945,16.829999923706055,16.899999618530273,975130
2020-05-11 00:00:00+02:00,16.790000915527344,17.0,16.049999237060547,16.1200008392334,3585630
2020-05-12 00:00:00+02:00,16.100000381469727,16.149999618530273,15.329999923706055,15.699999809265137,3777710
2020-05-13 00:00:00+02:00,15.579999923706055,15.770000457763672,15.399999618530273,15.699999809265137,3944040
2020-05-14 00:00:00+02:00,15.470000267028809,15.550000190734863,15.130000114440918,15.380000114440918,4125690
2020-05-15 00:00:00+02:00,15.5,15.579999923706055,14.8100004196167,15.5600004196167,4742470
2020-05-18 00:00:00+02:00,17.0,17.280000686645508,16.559999465942383,17.1200008392334,4886940
2020-05-19 00:00:00+02:00,17.200000762939453,17.3700008392334,17.0,17.149999618530273,1428790
2020-05-20 00:00:00+02:00,17.100000381469727,17.149999618530273,16.700000762939453,16.719999313354492,2186870
2020-05-21 00:00:00+02:00,16.799999237060547,17.0,16.700000762939453,16.700000762939453,1294600
2020-05-22 00:00:00+02:00,16.540000915527344,17.579999923706055,16.3799991607666,17.540000915527344,1933910
2020-05-25 00:00:00+02:00,17.579999923706055,18.18000030517578,17.299999237060547,18.079999923706055,1532040
2020-05-26 00:00:00+02:00,18.200000762939453,18.450000762939453,18.1200008392334,18.420000076293945,2862290
2020-05-27 00:00:00+02:00,18.450000762939453,18.450000762939453,17.420000076293945,17.489999771118164,2425720
2020-05-28 00:00:00+02:00,17.899999618530273,18.110000610351562,17.5,18.059999465942383,2150250
2020-05-29 00:00:00+02:00,17.989999771118164,18.260000228881836,17.93000030517578,18.260000228881836,4690960
2020-06-01 00:00:00+02:00,18.360000610351562,18.540000915527344,18.06999969482422,18.280000686645508,1315200
2020-06-02 00:00:00+02:00,18.18000030517578,18.6299991607666,18.09000015258789,18.56999969482422,1772290
2020-06-03 00:00:00+02:00,18.610000610351562,19.530000686645508,18.399999618530273,19.450000762939453,4157050
2020-06-04 00:00:00+02:00,19.100000381469727,19.59000015258789,18.969999313354492,19.5,3834750
2020-06-05 00:00:00+02:00,19.579999923706055,19.610000610351562,19.0,19.18000030517578,4301340
2020-06-08 00:00:00+02:00,19.100000381469727,19.25,18.610000610351562,19.010000228881836,2020350
2020-06-09 00:00:00+02:00,19.0,19.170000076293945,18.809999465942383,18.989999771118164,1657930
2020-06-10 00:00:00+02:00,18.940000534057617,19.389999389648438,18.780000686645508,19.3700008392334,1266600
2020-06-11 00:00:00+02:00,19.3700008392334,19.3700008392334,19.3700008392334,19.3700008392334,0
2020-06-12 00:00:00+02:00,18.809999465942383,19.790000915527344,18.75,19.68000030517578,1991640
2020-06-15 00:00:00+02:00,19.299999237060547,20.799999237060547,19.15999984741211,19.760000228881836,2942110
2020-06-16 00:00:00+02:00,20.200000762939453,20.219999313354492,19.670000076293945,19.780000686645508,1589670
2020-06-17 00:00:00+02:00,19.81999969482422,19.959999084472656,19.56999969482422,19.899999618530273,1510260
2020-06-18 00:00:00+02:00,19.989999771118164,19.989999771118164,19.520000457763672,19.59000015258789,1429410
2020-06-19 00:00:00+02:00,19.59000015258789,20.399999618530273,19.59000015258789,20.280000686645508,3421260
2020-06-22 00:00:00+02:00,20.280000686645508,20.479999542236328,19.81999969482422,20.219999313354492,2375220
2020-06-23 00:00:00+02:00,20.3799991607666,20.780000686645508,20.18000030517578,20.579999923706055,1173370
2020-06-24 00:00:00+02:00,20.780000686645508,20.780000686645508,20.040000915527344,20.100000381469727,983670
2020-06-25 00:00:00+02:00,19.979999542236328,20.0,19.399999618530273,19.799999237060547,3240020
2020-06-26 00:00:00+02:00,19.729999542236328,20.399999618530273,19.700000762939453,20.1200008392334,1427340
2020-06-29 00:00:00+02:00,19.829999923706055,20.100000381469727,19.68000030517578,19.809999465942383,907340
2020-06-30 00:00:00+02:00,19.770000457763672,20.239999771118164,19.719999313354492,20.059999465942383,2858650
2020-07-01 00:00:00+02:00,19.81999969482422,20.0,19.3799991607666,19.90999984741211,1321080
2020-07-02 00:00:00+02:00,19.770000457763672,20.040000915527344,19.770000457763672,19.889999389648438,1767190
2020-07-03 00:00:00+02:00,19.799999237060547,20.15999984741211,19.799999237060547,19.81999969482422,579030
2020-07-06 00:00:00+02:00,20.100000381469727,20.200000762939453,19.809999465942383,20.18000030517578,1079150
2020-07-07 00:00:00+02:00,20.299999237060547,20.700000762939453,20.139999389648438,20.299999237060547,3303790
2020-07-08 00:00:00+02:00,20.31999969482422,20.31999969482422,19.84000015258789,19.899999618530273,2326460
2020-07-09 00:00:00+02:00,20.0,20.059999465942383,19.389999389648438,19.6200008392334,1902620
2020-07-10 00:00:00+02:00,19.649999618530273,20.200000762939453,19.639999389648438,20.18000030517578,2025600
2020-07-13 00:00:00+02:00,20.219999313354492,20.31999969482422,19.8799991607666,20.31999969482422,1420950
2020-07-14 00:00:00+02:00,20.239999771118164,20.299999237060547,19.899999618530273,20.0,1821560
2020-07-15 00:00:00+02:00,20.100000381469727,20.139999389648438,19.920000076293945,20.100000381469727,1273600
2020-07-16 00:00:00+02:00,20.139999389648438,20.139999389648438,19.81999969482422,19.959999084472656,694130
2020-07-17 00:00:00+02:00,20.0,20.200000762939453,19.969999313354492,20.200000762939453,1095440
2020-07-20 00:00:00+02:00,20.100000381469727,20.280000686645508,19.950000762939453,20.040000915527344,801280
2020-07-21 00:00:00+02:00,20.139999389648438,20.399999618530273,19.8799991607666,20.1200008392334,1610630
2020-07-22 00:00:00+02:00,20.079999923706055,20.639999389648438,20.079999923706055,20.579999923706055,1324800
2020-07-23 00:00:00+02:00,20.639999389648438,20.65999984741211,20.459999084472656,20.639999389648438,749040
2020-07-24 00:00:00+02:00,20.219999313354492,20.399999618530273,19.860000610351562,20.0,1207180
2020-07-27 00:00:00+02:00,20.139999389648438,20.139999389648438,19.90999984741211,19.969999313354492,297560
2020-07-28 00:00:00+02:00,19.93000030517578,20.020000457763672,19.6200008392334,19.950000762939453,847290
2020-07-29 00:00:00+02:00,20.079999923706055,20.299999237060547,19.850000381469727,20.280000686645508,523840
2020-07-30 00:00:00+02:00,20.200000762939453,20.280000686645508,19.93000030517578,20.020000457763672,655570
2020-07-31 00:00:00+02:00,20.280000686645508,20.799999237060547,20.1200008392334,20.780000686645508,2111050
2020-08-03 00:00:00+02:00,20.899999618530273,23.200000762939453,20.899999618530273,22.65999984741211,3483050
2020-08-04 00:00:00+02:00,22.700000762939453,22.940000534057617,21.31999969482422,21.639999389648438,1982580
2020-08-05 00:00:00+02:00,21.639999389648438,21.8799991607666,21.420000076293945,21.559999465942383,859940
2020-08-06 00:00:00+02:00,21.639999389648438,22.639999389648438,21.639999389648438,22.3799991607666,2055970
2020-08-07 00:00:00+02:00,22.3799991607666,22.899999618530273,22.360000610351562,22.739999771118164,1745820
2020-08-10 00:00:00+02:00,22.739999771118164,22.739999771118164,21.860000610351562,22.040000915527344,2064880
2020-08-11 00:00:00+02:00,22.280000686645508,22.280000686645508,21.899999618530273,21.899999618530273,1109500
2020-08-12 00:00:00+02:00,22.0,22.0,21.520000457763672,21.600000381469727,902100
2020-08-13 00:00:00+02:00,21.719999313354492,22.81999969482422,21.719999313354492,22.579999923706055,1175070
2020-08-14 00:00:00+02:00,22.700000762939453,23.34000015258789,22.600000381469727,22.959999084472656,1130360
2020-08-17 00:00:00+02:00,23.0,23.360000610351562,22.84000015258789,23.360000610351562,1139450
2020-08-18 00:00:00+02:00,23.200000762939453,23.760000228881836,22.920000076293945,23.520000457763672,2982970
2020-08-19 00:00:00+02:00,23.639999389648438,24.18000030517578,23.559999465942383,23.799999237060547,1982690
2020-08-20 00:00:00+02:00,23.81999969482422,23.940000534057617,23.5,23.579999923706055,2134300
2020-08-21 00:00:00+02:00,24.0,24.200000762939453,23.600000381469727,23.860000610351562,1371620
2020-08-24 00:00:00+02:00,24.1200008392334,24.299999237060547,23.860000610351562,24.15999984741211,1357760
2020-08-25 00:00:00+02:00,24.239999771118164,24.31999969482422,23.899999618530273,24.040000915527344,2292750
2020-08-26 00:00:00+02:00,24.040000915527344,24.040000915527344,23.5,23.860000610351562,1011360
2020-08-27 00:00:00+02:00,23.81999969482422,23.81999969482422,23.100000381469727,23.100000381469727,1267340
2020-08-28 00:00:00+02:00,23.15999984741211,23.31999969482422,22.6200008392334,22.700000762939453,1241500
2020-08-31 00:00:00+02:00,22.700000762939453,23.040000915527344,22.260000228881836,22.360000610351562,2866070
2020-09-01 00:00:00+02:00,22.399999618530273,22.600000381469727,21.760000228881836,21.799999237060547,1622780
2020-09-02 00:00:00+02:00,22.239999771118164,22.920000076293945,22.040000915527344,22.299999237060547,2986520
2020-09-03 00:00:00+02:00,22.5,22.65999984741211,21.799999237060547,21.799999237060547,1970600
2020-09-04 00:00:00+02:00,21.600000381469727,22.200000762939453,21.219999313354492,22.100000381469727,1327220
2020-09-07 00:00:00+02:00,22.219999313354492,22.219999313354492,21.739999771118164,21.940000534057617,511130
2020-09-08 00:00:00+02:00,22.0,22.18000030517578,21.420000076293945,21.799999237060547,849430
2020-09-09 00:00:00+02:00,22.0,22.200000762939453,21.459999084472656,22.18000030517578,954190
2020-09-10 00:00:00+02:00,22.18000030517578,22.479999542236328,21.8799991607666,22.100000381469727,1349160
2020-09-11 00:00:00+02:00,22.34000015258789,22.34000015258789,21.959999084472656,22.0,1402030
2020-09-14 00:00:00+02:00,22.040000915527344,22.239999771118164,21.860000610351562,22.100000381469727,960210
2020-09-15 00:00:00+02:00,22.0,22.899999618530273,21.899999618530273,22.219999313354492,1241290
2020-09-16 00:00:00+02:00,22.5,22.639999389648438,22.239999771118164,22.440000534057617,705290
2020-09-17 00:00:00+02:00,23.200000762939453,23.200000762939453,22.5,22.979999542236328,2035180
2020-09-18 00:00:00+02:00,23.1200008392334,23.8799991607666,22.940000534057617,23.81999969482422,5846320
2020-09-21 00:00:00+02:00,23.34000015258789,23.579999923706055,22.040000915527344,22.299999237060547,1048170
2020-09-22 00:00:00+02:00,22.399999618530273,22.799999237060547,22.200000762939453,22.399999618530273,578090
2020-09-23 00:00:00+02:00,22.65999984741211,23.579999923706055,22.540000915527344,23.299999237060547,1173390
2020-09-24 00:00:00+02:00,23.059999465942383,23.280000686645508,22.739999771118164,22.920000076293945,684870
2020-09-25 00:00:00+02:00,22.920000076293945,23.0,22.31999969482422,22.420000076293945,773970
2020-09-28 00:00:00+02:00,22.600000381469727,22.899999618530273,22.600000381469727,22.899999618530273,555960
2020-09-29 00:00:00+02:00,22.6200008392334,23.31999969482422,22.6200008392334,22.860000610351562,1360240
2020-09-30 00:00:00+02:00,23.020000457763672,23.299999237060547,22.559999465942383,22.780000686645508,2651600
2020-10-01 00:00:00+02:00,23.100000381469727,23.260000228881836,22.719999313354492,23.0,835990
2020-10-02 00:00:00+02:00,22.899999618530273,23.020000457763672,22.639999389648438,22.700000762939453,2317050
2020-10-05 00:00:00+02:00,22.799999237060547,22.979999542236328,22.239999771118164,22.739999771118164,1253830
2020-10-06 00:00:00+02:00,22.65999984741211,22.8799991607666,22.5,22.68000030517578,681870
2020-10-07 00:00:00+02:00,22.700000762939453,22.8799991607666,22.020000457763672,22.219999313354492,2253790
2020-10-08 00:00:00+02:00,22.219999313354492,22.399999618530273,21.739999771118164,21.739999771118164,1633290
2020-10-09 00:00:00+02:00,21.6200008392334,21.979999542236328,20.940000534057617,21.520000457763672,2600190
2020-10-12 00:00:00+02:00,21.5,21.799999237060547,21.31999969482422,21.700000762939453,4973160
2020-10-13 00:00:00+02:00,21.540000915527344,21.899999618530273,21.139999389648438,21.459999084472656,5453530
2020-10-14 00:00:00+02:00,21.100000381469727,22.219999313354492,21.100000381469727,21.6200008392334,6977910
2020-10-15 00:00:00+02:00,22.0,23.079999923706055,21.81999969482422,22.479999542236328,3860770
2020-10-16 00:00:00+02:00,22.65999984741211,24.0,22.6200008392334,23.8799991607666,2933500
2020-10-19 00:00:00+02:00,23.8799991607666,24.079999923706055,23.139999389648438,23.420000076293945,1439150
2020-10-20 00:00:00+02:00,23.399999618530273,23.959999084472656,23.139999389648438,23.459999084472656,1907650
2020-10-21 00:00:00+02:00,23.280000686645508,23.280000686645508,22.520000457763672,23.0,1722850
2020-10-22 00:00:00+02:00,22.84000015258789,22.979999542236328,22.420000076293945,22.68000030517578,2465430
2020-10-23 00:00:00+02:00,22.700000762939453,23.399999618530273,22.260000228881836,22.440000534057617,2165880
2020-10-26 00:00:00+01:00,22.219999313354492,22.700000762939453,21.920000076293945,22.020000457763672,857560
2020-10-27 00:00:00+01:00,21.899999618530273,22.360000610351562,21.600000381469727,22.18000030517578,1976340
2020-10-28 00:00:00+01:00,22.0,22.239999771118164,21.100000381469727,21.739999771118164,2949700
2020-10-29 00:00:00+01:00,21.700000762939453,22.68000030517578,21.299999237060547,21.360000610351562,2533190
2020-10-30 00:00:00+01:00,21.100000381469727,21.84000015258789,21.059999465942383,21.739999771118164,1702270
2020-11-02 00:00:00+01:00,21.8799991607666,23.0,21.81999969482422,22.65999984741211,1510000
2020-11-03 00:00:00+01:00,22.600000381469727,22.979999542236328,22.139999389648438,22.420000076293945,1778740
2020-11-04 00:00:00+01:00,22.100000381469727,23.079999923706055,22.100000381469727,22.979999542236328,873990
2020-11-05 00:00:00+01:00,23.239999771118164,24.65999984741211,23.1200008392334,24.600000381469727,1631480
2020-11-06 00:00:00+01:00,25.100000381469727,27.5,25.100000381469727,27.5,8344040
2020-11-09 00:00:00+01:00,27.780000686645508,28.579999923706055,25.799999237060547,26.0,5813520
2020-11-10 00:00:00+01:00,26.100000381469727,26.959999084472656,25.739999771118164,26.600000381469727,3270350
2020-11-11 00:00:00+01:00,26.600000381469727,26.600000381469727,26.600000381469727,26.600000381469727,0
2020-11-12 00:00:00+01:00,25.899999618530273,26.260000228881836,25.219999313354492,25.760000228881836,4422480
2020-11-13 00:00:00+01:00,25.84000015258789,27.100000381469727,25.719999313354492,26.520000457763672,2236250
2020-11-16 00:00:00+01:00,26.760000228881836,27.1200008392334,26.600000381469727,27.100000381469727,2081870
2020-11-17 00:00:00+01:00,26.84000015258789,27.15999984741211,26.559999465942383,27.040000915527344,1908350
2020-11-18 00:00:00+01:00,27.18000030517578,27.639999389648438,26.65999984741211,27.479999542236328,1960720
2020-11-19 00:00:00+01:00,27.040000915527344,27.139999389648438,26.639999389648438,26.799999237060547,772560
2020-11-20 00:00:00+01:00,26.700000762939453,27.219999313354492,26.5,27.219999313354492,635010
2020-11-23 00:00:00+01:00,26.920000076293945,27.059999465942383,25.639999389648438,26.0,2077980
2020-11-24 00:00:00+01:00,26.299999237060547,26.65999984741211,25.81999969482422,26.559999465942383,1202890
2020-11-25 00:00:00+01:00,26.5,26.5,25.18000030517578,25.34000015258789,2912150
2020-11-26 00:00:00+01:00,25.6200008392334,25.8799991607666,25.239999771118164,25.5,888070
2020-11-27 00:00:00+01:00,25.700000762939453,25.81999969482422,25.34000015258789,25.5,542180
2020-11-30 00:00:00+01:00,25.31999969482422,25.68000030517578,25.0,25.219999313354492,3099490
2020-12-01 00:00:00+01:00,25.260000228881836,25.719999313354492,24.81999969482422,25.100000381469727,971610
2020-12-02 00:00:00+01:00,25.200000762939453,25.6200008392334,24.719999313354492,25.360000610351562,1642280
2020-12-03 00:00:00+01:00,25.479999542236328,25.600000381469727,24.799999237060547,24.899999618530273,1159800
2020-12-04 00:00:00+01:00,24.979999542236328,26.899999618530273,24.979999542236328,26.5,1647230
2020-12-07 00:00:00+01:00,26.639999389648438,26.979999542236328,25.81999969482422,26.979999542236328,1360400
2020-12-08 00:00:00+01:00,26.979999542236328,27.8799991607666,26.739999771118164,27.079999923706055,1593010
2020-12-09 00:00:00+01:00,27.5,27.520000457763672,25.65999984741211,26.079999923706055,2753270
2020-12-10 00:00:00+01:00,26.100000381469727,26.68000030517578,25.940000534057617,26.0,771440
2020-12-11 00:00:00+01:00,25.739999771118164,26.600000381469727,25.600000381469727,25.719999313354492,1268820
2020-12-14 00:00:00+01:00,25.700000762939453,26.8799991607666,25.600000381469727,26.299999237060547,1361940
2020-12-15 00:00:00+01:00,26.200000762939453,26.479999542236328,25.920000076293945,26.100000381469727,987600
2020-12-16 00:00:00+01:00,26.200000762939453,27.5,25.959999084472656,27.399999618530273,2112950
2020-12-17 00:00:00+01:00,27.600000381469727,28.700000762939453,26.84000015258789,27.360000610351562,1637580
2020-12-18 00:00:00+01:00,27.899999618530273,28.5,27.700000762939453,28.200000762939453,2773560
2020-12-21 00:00:00+01:00,28.200000762939453,28.639999389648438,27.440000534057617,27.81999969482422,1176660
2020-12-22 00:00:00+01:00,28.059999465942383,28.059999465942383,27.100000381469727,27.520000457763672,588160
2020-12-23 00:00:00+01:00,27.6200008392334,28.280000686645508,27.5,27.979999542236328,470750
2020-12-28 00:00:00+01:00,28.280000686645508,28.360000610351562,27.84000015258789,28.360000610351562,494440
2020-12-29 00:00:00+01:00,28.399999618530273,29.200000762939453,28.200000762939453,29.059999465942383,1205440
2020-12-30 00:00:00+01:00,29.299999237060547,29.579999923706055,28.559999465942383,28.940000534057617,1044850
2021-01-04 00:00:00+01:00,29.200000762939453,30.100000381469727,28.6200008392334,29.360000610351562,1454570
2021-01-05 00:00:00+01:00,29.280000686645508,29.559999465942383,28.559999465942383,28.719999313354492,1234540
2021-01-07 00:00:00+01:00,29.200000762939453,29.299999237060547,27.600000381469727,28.040000915527344,3409540
2021-01-08 00:00:00+01:00,28.200000762939453,28.700000762939453,27.760000228881836,27.979999542236328,2812800
2021-01-11 00:00:00+01:00,27.899999618530273,28.399999618530273,27.479999542236328,27.479999542236328,2122750
2021-01-12 00:00:00+01:00,27.420000076293945,27.479999542236328,26.81999969482422,26.899999618530273,1917900
2021-01-13 00:00:00+01:00,27.31999969482422,27.420000076293945,26.219999313354492,26.639999389648438,2601720
2021-01-14 00:00:00+01:00,26.5,27.020000457763672,26.1200008392334,26.18000030517578,1489180
2021-01-15 00:00:00+01:00,26.0,26.31999969482422,25.639999389648438,25.760000228881836,2475380
2021-01-18 00:00:00+01:00,25.700000762939453,26.239999771118164,25.34000015258789,26.200000762939453,2268610
2021-01-19 00:00:00+01:00,26.299999237060547,26.739999771118164,26.100000381469727,26.3799991607666,1835000
2021-01-20 00:00:00+01:00,26.5,26.959999084472656,25.68000030517578,25.959999084472656,2091100
2021-01-21 00:00:00+01:00,25.959999084472656,26.479999542236328,25.639999389648438,26.0,1163340
2021-01-22 00:00:00+01:00,25.899999618530273,27.100000381469727,25.739999771118164,27.020000457763672,1156230
2021-01-25 00:00:00+01:00,27.020000457763672,27.479999542236328,26.040000915527344,26.219999313354492,1949690
2021-01-26 00:00:00+01:00,26.200000762939453,26.8799991607666,26.15999984741211,26.540000915527344,2503700
2021-01-27 00:00:00+01:00,26.540000915527344,27.079999923706055,26.280000686645508,26.8799991607666,1626590
2021-01-28 00:00:00+01:00,26.979999542236328,27.299999237060547,26.1200008392334,26.420000076293945,1963590
2021-01-29 00:00:00+01:00,26.260000228881836,26.559999465942383,25.81999969482422,26.280000686645508,2367490
2021-02-01 00:00:00+01:00,26.719999313354492,26.719999313354492,25.719999313354492,26.139999389648438,1293460
2021-02-02 00:00:00+01:00,26.280000686645508,26.579999923706055,25.739999771118164,25.799999237060547,1824620
2021-02-03 00:00:00+01:00,26.200000762939453,26.280000686645508,25.540000915527344,25.84000015258789,1874120
2021-02-04 00:00:00+01:00,25.899999618530273,26.719999313354492,25.8799991607666,26.579999923706055,1414070
2021-02-05 00:00:00+01:00,26.440000534057617,26.5,26.040000915527344,26.31999969482422,983900
2021-02-08 00:00:00+01:00,26.31999969482422,27.040000915527344,25.959999084472656,26.579999923706055,1182240
2021-02-09 00:00:00+01:00,26.5,27.100000381469727,26.5,26.700000762939453,2953730
2021-02-10 00:00:00+01:00,26.739999771118164,27.0,26.0,26.079999923706055,1574240
2021-02-11 00:00:00+01:00,26.100000381469727,27.020000457763672,25.940000534057617,26.81999969482422,1341490
2021-02-12 00:00:00+01:00,26.81999969482422,27.059999465942383,26.200000762939453,26.600000381469727,804850
2021-02-15 00:00:00+01:00,26.700000762939453,27.079999923706055,26.520000457763672,26.719999313354492,509190
2021-02-16 00:00:00+01:00,26.600000381469727,26.700000762939453,25.0,25.299999237060547,3304510
2021-02-17 00:00:00+01:00,25.459999084472656,25.700000762939453,24.100000381469727,24.200000762939453,6265120
2021-02-18 00:00:00+01:00,24.239999771118164,24.979999542236328,24.239999771118164,24.719999313354492,3865980
2021-02-19 00:00:00+01:00,24.8799991607666,25.3799991607666,24.739999771118164,25.100000381469727,1493950
2021-02-22 00:00:00+01:00,24.899999618530273,25.18000030517578,24.5,25.020000457763672,898260
2021-02-23 00:00:00+01:00,24.940000534057617,24.940000534057617,23.739999771118164,24.100000381469727,2902760
2021-02-24 00:00:00+01:00,24.059999465942383,25.0,23.81999969482422,24.739999771118164,1882010
2021-02-25 00:00:00+01:00,24.799999237060547,24.84000015258789,24.1200008392334,24.520000457763672,1825310
2021-02-26 00:00:00+01:00,24.5,24.68000030517578,24.200000762939453,24.6200008392334,1963570
2021-03-01 00:00:00+01:00,25.059999465942383,25.31999969482422,24.219999313354492,24.8799991607666,1617420
2021-03-02 00:00:00+01:00,24.799999237060547,24.799999237060547,24.040000915527344,24.34000015258789,1632980
2021-03-03 00:00:00+01:00,24.34000015258789,24.65999984741211,24.1200008392334,24.219999313354492,958700
2021-03-04 00:00:00+01:00,24.079999923706055,24.6200008392334,23.559999465942383,24.440000534057617,2297680
2021-03-05 00:00:00+01:00,24.459999084472656,24.760000228881836,24.100000381469727,24.479999542236328,3376180
2021-03-08 00:00:00+01:00,24.5,24.5,23.920000076293945,24.239999771118164,2564550
2021-03-09 00:00:00+01:00,24.399999618530273,25.799999237060547,24.1200008392334,25.6200008392334,3065590
2021-03-10 00:00:00+01:00,25.799999237060547,26.059999465942383,25.34000015258789,25.579999923706055,1175380
2021-03-11 00:00:00+01:00,25.899999618530273,26.639999389648438,25.5,26.5,1827290
2021-03-12 00:00:00+01:00,27.0,27.0,25.540000915527344,25.899999618530273,2148210
2021-03-15 00:00:00+01:00,25.799999237060547,26.079999923706055,25.139999389648438,25.459999084472656,1178050
2021-03-16 00:00:00+01:00,25.799999237060547,25.940000534057617,25.5,25.799999237060547,1087230
2021-03-17 00:00:00+01:00,25.559999465942383,25.959999084472656,24.440000534057617,24.940000534057617,3785390
2021-03-18 00:00:00+01:00,25.0,25.579999923706055,24.84000015258789,25.15999984741211,1574160
2021-03-19 00:00:00+01:00,25.059999465942383,25.459999084472656,24.760000228881836,24.84000015258789,2511930
2021-03-22 00:00:00+01:00,24.84000015258789,25.600000381469727,24.84000015258789,25.600000381469727,1201310
2021-03-23 00:00:00+01:00,25.700000762939453,25.700000762939453,25.020000457763672,25.059999465942383,1034480
2021-03-24 00:00:00+01:00,24.799999237060547,25.139999389648438,24.65999984741211,25.020000457763672,880970
2021-03-25 00:00:00+01:00,25.0,25.559999465942383,24.65999984741211,25.299999237060547,1172330
2021-03-26 00:00:00+01:00,25.299999237060547,26.100000381469727,24.940000534057617,26.079999923706055,1952170
2021-03-29 00:00:00+02:00,26.059999465942383,26.100000381469727,25.440000534057617,25.860000610351562,982110
2021-03-30 00:00:00+02:00,25.959999084472656,25.959999084472656,25.200000762939453,25.34000015258789,1042610
2021-03-31 00:00:00+02:00,25.579999923706055,26.639999389648438,25.420000076293945,26.059999465942383,1772170
2021-04-01 00:00:00+02:00,26.3700008392334,26.540000915527344,26.1200008392334,26.43000030517578,663080
2021-04-06 00:00:00+02:00,26.450000762939453,27.0,26.100000381469727,26.920000076293945,1472940
2021-04-07 00:00:00+02:00,26.950000762939453,26.950000762939453,26.399999618530273,26.829999923706055,1093990
2021-04-08 00:00:00+02:00,26.899999618530273,26.959999084472656,26.3799991607666,26.65999984741211,1980360
2021-04-09 00:00:00+02:00,26.540000915527344,26.690000534057617,26.1200008392334,26.56999969482422,871180
2021-04-12 00:00:00+02:00,26.579999923706055,26.59000015258789,26.030000686645508,26.190000534057617,1045010
2021-04-13 00:00:00+02:00,26.329999923706055,26.399999618530273,25.920000076293945,26.15999984741211,1473780
2021-04-14 00:00:00+02:00,26.200000762939453,26.299999237060547,26.049999237060547,26.15999984741211,1197490
2021-04-15 00:00:00+02:00,26.010000228881836,26.200000762939453,25.610000610351562,25.700000762939453,1071320
2021-04-16 00:00:00+02:00,25.6299991607666,26.280000686645508,25.610000610351562,26.209999084472656,1627200
2021-04-19 00:00:00+02:00,26.040000915527344,26.219999313354492,25.6200008392334,25.709999084472656,1415100
2021-04-20 00:00:00+02:00,25.790000915527344,26.09000015258789,25.5,25.729999542236328,1313430
2021-04-21 00:00:00+02:00,25.729999542236328,25.899999618530273,25.020000457763672,25.110000610351562,1237170
2021-04-22 00:00:00+02:00,25.200000762939453,25.420000076293945,24.989999771118164,25.020000457763672,1230520
2021-04-23 00:00:00+02:00,25.0,25.059999465942383,24.309999465942383,24.450000762939453,1354780
2021-04-26 00:00:00+02:00,24.799999237060547,25.780000686645508,24.700000762939453,25.649999618530273,1100840
2021-04-27 00:00:00+02:00,25.799999237060547,25.979999542236328,24.709999084472656,24.760000228881836,1602870
2021-04-28 00:00:00+02:00,24.770000457763672,24.959999084472656,24.40999984741211,24.739999771118164,1463090
2021-04-29 00:00:00+02:00,25.049999237060547,25.049999237060547,24.34000015258789,24.34000015258789,5161400
2021-04-30 00:00:00+02:00,24.610000610351562,24.799999237060547,24.350000381469727,24.6200008392334,1550620
2021-05-04 00:00:00+02:00,24.799999237060547,24.860000610351562,24.399999618530273,24.489999771118164,1161950
2021-05-05 00:00:00+02:00,24.5,25.8799991607666,24.479999542236328,25.649999618530273,1729750
2021-05-06 00:00:00+02:00,25.549999237060547,25.65999984741211,24.6200008392334,24.729999542236328,1549500
2021-05-07 00:00:00+02:00,25.360000610351562,25.600000381469727,25.100000381469727,25.40999984741211,969200
2021-05-10 00:00:00+02:00,25.5,25.829999923706055,25.110000610351562,25.649999618530273,1360640
2021-05-11 00:00:00+02:00,25.68000030517578,27.780000686645508,25.6299991607666,27.34000015258789,3354090
2021-05-12 00:00:00+02:00,27.239999771118164,27.690000534057617,26.93000030517578,27.59000015258789,1520470
2021-05-13 00:00:00+02:00,27.360000610351562,27.469999313354492,26.6299991607666,27.079999923706055,1254950
2021-05-14 00:00:00+02:00,27.170000076293945,27.329999923706055,26.610000610351562,27.139999389648438,1155910
2021-05-17 00:00:00+02:00,27.170000076293945,28.100000381469727,26.850000381469727,27.200000762939453,1009530
2021-05-18 00:00:00+02:00,27.139999389648438,27.530000686645508,27.0,27.5,719870
2021-05-19 00:00:00+02:00,27.360000610351562,27.790000915527344,27.18000030517578,27.459999084472656,997650
2021-05-20 00:00:00+02:00,27.899999618530273,27.899999618530273,27.010000228881836,27.459999084472656,1731420
2021-05-21 00:00:00+02:00,27.40999984741211,27.940000534057617,27.020000457763672,27.729999542236328,981840
2021-05-24 00:00:00+02:00,27.940000534057617,28.600000381469727,27.3799991607666,28.399999618530273,2310240
2021-05-25 00:00:00+02:00,28.5,28.5,27.459999084472656,28.010000228881836,1294750
2021-05-26 00:00:00+02:00,28.299999237060547,28.899999618530273,27.799999237060547,28.040000915527344,688790
2021-05-27 00:00:00+02:00,28.010000228881836,28.639999389648438,28.010000228881836,28.389999389648438,2749870
2021-05-28 00:00:00+02:00,28.479999542236328,28.90999984741211,28.100000381469727,28.5,887800
2021-05-31 00:00:00+02:00,28.59000015258789,28.6299991607666,27.989999771118164,28.459999084472656,682050
2021-06-01 00:00:00+02:00,28.68000030517578,29.100000381469727,28.299999237060547,28.3799991607666,733490
2021-06-02 00:00:00+02:00,28.40999984741211,28.739999771118164,28.350000381469727,28.610000610351562,503170
2021-06-04 00:00:00+02:00,28.860000610351562,29.100000381469727,28.299999237060547,28.65999984741211,1168900
2021-06-07 00:00:00+02:00,28.670000076293945,29.0,28.469999313354492,28.610000610351562,446700
2021-06-08 00:00:00+02:00,28.610000610351562,28.690000534057617,28.190000534057617,28.290000915527344,859610
2021-06-09 00:00:00+02:00,28.239999771118164,28.299999237060547,27.8700008392334,27.979999542236328,731030
2021-06-10 00:00:00+02:00,27.600000381469727,27.780000686645508,26.90999984741211,27.170000076293945,1089880
2021-06-11 00:00:00+02:00,27.100000381469727,27.229999542236328,26.360000610351562,26.440000534057617,1660440
2021-06-14 00:00:00+02:00,26.540000915527344,27.100000381469727,26.540000915527344,27.020000457763672,1015770
2021-06-15 00:00:00+02:00,27.420000076293945,27.520000457763672,26.700000762939453,26.920000076293945,891250
2021-06-16 00:00:00+02:00,26.799999237060547,27.489999771118164,26.799999237060547,27.0,671370
2021-06-17 00:00:00+02:00,26.84000015258789,27.15999984741211,26.709999084472656,26.920000076293945,634950
2021-06-18 00:00:00+02:00,26.899999618530273,27.459999084472656,26.780000686645508,27.43000030517578,2584860
2021-06-21 00:00:00+02:00,27.450000762939453,27.610000610351562,26.950000762939453,27.020000457763672,501560
2021-06-22 00:00:00+02:00,27.260000228881836,27.510000228881836,26.850000381469727,27.5,810090
2021-06-23 00:00:00+02:00,27.5,27.690000534057617,27.100000381469727,27.280000686645508,991560
2021-06-24 00:00:00+02:00,27.100000381469727,27.649999618530273,27.100000381469727,27.399999618530273,1020210
2021-06-25 00:00:00+02:00,27.18000030517578,28.100000381469727,27.18000030517578,27.799999237060547,734870
2021-06-28 00:00:00+02:00,27.989999771118164,28.0,27.389999389648438,27.65999984741211,1158660
2021-06-29 00:00:00+02:00,27.81999969482422,28.010000228881836,27.510000228881836,27.860000610351562,939510
2021-06-30 00:00:00+02:00,27.889999389648438,28.3799991607666,27.559999465942383,27.989999771118164,1651600
2021-07-01 00:00:00+02:00,28.260000228881836,28.389999389648438,27.65999984741211,28.09000015258789,986520
2021-07-02 00:00:00+02:00,28.3799991607666,28.940000534057617,27.90999984741211,28.709999084472656,917210
2021-07-05 00:00:00+02:00,28.790000915527344,28.790000915527344,28.309999465942383,28.600000381469727,567340
2021-07-06 00:00:00+02:00,28.739999771118164,29.979999542236328,28.700000762939453,29.75,3518170
2021-07-07 00:00:00+02:00,29.899999618530273,30.600000381469727,29.56999969482422,30.559999465942383,1573050
2021-07-08 00:00:00+02:00,30.299999237060547,30.530000686645508,29.700000762939453,30.030000686645508,1841550
2021-07-09 00:00:00+02:00,30.190000534057617,30.190000534057617,29.18000030517578,29.200000762939453,935470
2021-07-12 00:00:00+02:00,29.18000030517578,30.280000686645508,29.18000030517578,30.030000686645508,845100
2021-07-13 00:00:00+02:00,30.25,30.399999618530273,30.030000686645508,30.399999618530273,535170
2021-07-14 00:00:00+02:00,30.239999771118164,30.59000015258789,29.899999618530273,30.040000915527344,804350
2021-07-15 00:00:00+02:00,29.969999313354492,30.440000534057617,29.6299991607666,29.93000030517578,1059370
2021-07-16 00:00:00+02:00,29.93000030517578,30.299999237060547,29.520000457763672,29.899999618530273,589300
2021-07-19 00:00:00+02:00,29.889999389648438,30.0,29.600000381469727,30.0,410840
2021-07-20 00:00:00+02:00,30.100000381469727,31.06999969482422,30.0,31.049999237060547,2144200
2021-07-21 00:00:00+02:00,31.06999969482422,31.15999984741211,30.5,30.6299991607666,1880300
2021-07-22 00:00:00+02:00,30.610000610351562,30.6299991607666,29.729999542236328,29.8700008392334,885030
2021-07-23 00:00:00+02:00,30.190000534057617,30.739999771118164,30.020000457763672,30.25,586390
2021-07-26 00:00:00+02:00,30.420000076293945,30.489999771118164,29.719999313354492,29.940000534057617,691340
2021-07-27 00:00:00+02:00,29.93000030517578,30.1299991607666,29.219999313354492,29.639999389648438,573290
2021-07-28 00:00:00+02:00,29.549999237060547,30.5,29.549999237060547,29.969999313354492,1963850
2021-07-29 00:00:00+02:00,30.110000610351562,30.649999618530273,29.799999237060547,30.549999237060547,1264620
2021-07-30 00:00:00+02:00,30.399999618530273,31.139999389648438,30.239999771118164,30.829999923706055,1101650
2021-08-02 00:00:00+02:00,30.829999923706055,30.979999542236328,30.280000686645508,30.75,1407030
2021-08-03 00:00:00+02:00,31.0,31.799999237060547,30.809999465942383,31.34000015258789,1649650
2021-08-04 00:00:00+02:00,31.100000381469727,31.6299991607666,30.75,30.950000762939453,881550
2021-08-05 00:00:00+02:00,30.940000534057617,31.3700008392334,30.899999618530273,31.139999389648438,815190
2021-08-06 00:00:00+02:00,31.059999465942383,31.31999969482422,30.489999771118164,30.809999465942383,636470
2021-08-09 00:00:00+02:00,30.729999542236328,31.170000076293945,30.540000915527344,31.149999618530273,490010
2021-08-10 00:00:00+02:00,31.200000762939453,31.270000457763672,30.75,31.209999084472656,577940
2021-08-11 00:00:00+02:00,31.299999237060547,31.799999237060547,30.809999465942383,30.959999084472656,1124660
2021-08-12 00:00:00+02:00,31.0,32.20000076293945,31.0,32.20000076293945,1100450
2021-08-13 00:00:00+02:00,32.099998474121094,32.2599983215332,31.739999771118164,32.13999938964844,594440
2021-08-16 00:00:00+02:00,32.13999938964844,33.900001525878906,32.0,33.119998931884766,2275430
2021-08-17 00:00:00+02:00,33.5,34.25,33.20000076293945,34.0,2726680
2021-08-18 00:00:00+02:00,34.0,34.0,33.20000076293945,33.400001525878906,1534940
2021-08-19 00:00:00+02:00,33.380001068115234,33.93000030517578,33.0099983215332,33.849998474121094,1146350
2021-08-20 00:00:00+02:00,32.91999816894531,33.0,31.309999465942383,32.06999969482422,2553320
2021-08-23 00:00:00+02:00,32.20000076293945,33.06999969482422,32.040000915527344,32.720001220703125,1043390
2021-08-24 00:00:00+02:00,32.65999984741211,32.65999984741211,31.729999542236328,31.729999542236328,1350550
2021-08-25 00:00:00+02:00,31.68000030517578,32.189998626708984,31.600000381469727,31.809999465942383,1139760
2021-08-26 00:00:00+02:00,32.150001525878906,32.900001525878906,31.709999084472656,32.599998474121094,1556030
2021-08-27 00:00:00+02:00,32.72999954223633,32.72999954223633,31.809999465942383,32.0,2544720
2021-08-30 00:00:00+02:00,32.0,32.619998931884766,31.770000457763672,32.29999923706055,655290
2021-08-31 00:00:00+02:00,32.369998931884766,32.79999923706055,32.130001068115234,32.459999084472656,1749990
2021-09-01 00:00:00+02:00,32.400001525878906,32.7599983215332,32.279998779296875,32.33000183105469,713430
2021-09-02 00:00:00+02:00,32.400001525878906,33.38999938964844,32.119998931884766,33.16999816894531,935450
2021-09-03 00:00:00+02:00,33.400001525878906,33.43000030517578,32.540000915527344,32.81999969482422,369040
2021-09-06 00:00:00+02:00,32.810001373291016,33.97999954223633,32.810001373291016,33.900001525878906,1171440
2021-09-07 00:00:00+02:00,33.900001525878906,33.9900016784668,33.58000183105469,33.83000183105469,1155410
2021-09-08 00:00:00+02:00,33.79999923706055,33.83000183105469,33.15999984741211,33.540000915527344,1244030
2021-09-09 00:00:00+02:00,33.630001068115234,34.130001068115234,33.52000045776367,34.060001373291016,814430
2021-09-10 00:00:00+02:00,34.20000076293945,34.5,33.91999816894531,34.029998779296875,615460
2021-09-13 00:00:00+02:00,34.20000076293945,34.209999084472656,33.15999984741211,33.75,1125320
2021-09-14 00:00:00+02:00,33.86000061035156,33.95000076293945,33.11000061035156,33.90999984741211,1186870
2021-09-15 00:00:00+02:00,33.45000076293945,33.81999969482422,33.150001525878906,33.220001220703125,1013490
2021-09-16 00:00:00+02:00,33.150001525878906,33.630001068115234,33.04999923706055,33.45000076293945,1312390
2021-09-17 00:00:00+02:00,33.459999084472656,33.58000183105469,33.150001525878906,33.20000076293945,5281930
2021-09-20 00:00:00+02:00,33.20000076293945,34.7400016784668,33.15999984741211,34.709999084472656,2112200
2021-09-21 00:00:00+02:00,34.70000076293945,34.790000915527344,34.0,34.36000061035156,1681000
2021-09-22 00:00:00+02:00,34.36000061035156,34.720001220703125,34.22999954223633,34.70000076293945,682040
2021-09-23 00:00:00+02:00,34.86000061035156,34.900001525878906,34.349998474121094,34.880001068115234,1110230
2021-09-24 00:00:00+02:00,34.599998474121094,34.900001525878906,33.0099983215332,33.36000061035156,2235470
2021-09-27 00:00:00+02:00,33.650001525878906,33.68000030517578,32.70000076293945,32.90999984741211,847950
2021-09-28 00:00:00+02:00,32.68000030517578,33.0,32.16999816894531,32.33000183105469,1215020
2021-09-29 00:00:00+02:00,32.29999923706055,33.47999954223633,32.209999084472656,33.02000045776367,602980
2021-09-30 00:00:00+02:00,33.45000076293945,33.45000076293945,32.369998931884766,33.220001220703125,2907900
2021-10-01 00:00:00+02:00,33.08000183105469,33.560001373291016,32.529998779296875,33.29999923706055,2081580
2021-10-04 00:00:00+02:00,33.209999084472656,33.459999084472656,32.90999984741211,33.189998626708984,1527810
2021-10-05 00:00:00+02:00,33.189998626708984,34.13999938964844,32.91999816894531,34.0,909890
2021-10-06 00:00:00+02:00,34.09000015258789,34.849998474121094,33.97999954223633,34.790000915527344,2343910
2021-10-07 00:00:00+02:00,34.459999084472656,35.20000076293945,34.459999084472656,35.150001525878906,1765200
2021-10-08 00:00:00+02:00,35.29999923706055,35.59000015258789,34.790000915527344,34.88999938964844,2035770
2021-10-11 00:00:00+02:00,35.04999923706055,35.66999816894531,34.41999816894531,35.47999954223633,1342080
2021-10-12 00:00:00+02:00,35.5,36.290000915527344,35.20000076293945,36.279998779296875,1741280
2021-10-13 00:00:00+02:00,36.5,37.029998779296875,35.65999984741211,37.029998779296875,1952510
2021-10-14 00:00:00+02:00,36.849998474121094,36.849998474121094,34.310001373291016,34.970001220703125,4140020
2021-10-15 00:00:00+02:00,34.900001525878906,36.130001068115234,34.54999923706055,36.0,2552960
2021-10-18 00:00:00+02:00,36.0,36.13999938964844,35.529998779296875,36.130001068115234,1660000
2021-10-19 00:00:00+02:00,36.16999816894531,36.959999084472656,36.0,36.959999084472656,1540920
2021-10-20 00:00:00+02:00,36.970001220703125,37.0,36.400001525878906,36.79999923706055,2338520
2021-10-21 00:00:00+02:00,36.9900016784668,37.630001068115234,36.75,37.400001525878906,1633210
2021-10-22 00:00:00+02:00,36.97999954223633,37.349998474121094,36.540000915527344,36.81999969482422,1324210
2021-10-25 00:00:00+02:00,36.939998626708984,37.47999954223633,36.93000030517578,37.47999954223633,832890
2021-10-26 00:00:00+02:00,37.5,37.68000030517578,36.13999938964844,36.5,3468330
2021-10-27 00:00:00+02:00,36.45000076293945,36.5,35.040000915527344,35.70000076293945,4706460
2021-10-28 00:00:00+02:00,35.619998931884766,36.20000076293945,35.2400016784668,35.79999923706055,1346390
2021-10-29 00:00:00+02:00,35.630001068115234,35.72999954223633,35.099998474121094,35.63999938964844,1108630
2021-11-02 00:00:00+01:00,35.95000076293945,36.40999984741211,35.650001525878906,36.279998779296875,1721430
2021-11-03 00:00:00+01:00,36.400001525878906,36.5,35.83000183105469,35.880001068115234,961970
2021-11-04 00:00:00+01:00,35.93000030517578,36.20000076293945,35.68000030517578,36.0,2283970
2021-11-05 00:00:00+01:00,32.540000915527344,36.40999984741211,30.600000381469727,35.380001068115234,5049820
2021-11-08 00:00:00+01:00,35.22999954223633,36.20000076293945,35.209999084472656,35.5,2573840
2021-11-09 00:00:00+01:00,35.689998626708984,35.70000076293945,34.529998779296875,34.70000076293945,1871970
2021-11-10 00:00:00+01:00,34.970001220703125,34.970001220703125,34.0,34.130001068115234,1653260
2021-11-12 00:00:00+01:00,34.20000076293945,34.20000076293945,33.439998626708984,33.599998474121094,2430660
2021-11-15 00:00:00+01:00,33.5,34.58000183105469,33.31999969482422,33.540000915527344,1501040
2021-11-16 00:00:00+01:00,33.7400016784668,33.81999969482422,33.31999969482422,33.5,1698050
2021-11-17 00:00:00+01:00,33.68000030517578,33.68000030517578,33.15999984741211,33.5,2736950
2021-11-18 00:00:00+01:00,33.599998474121094,33.65999984741211,33.060001373291016,33.58000183105469,1062290
2021-11-19 00:00:00+01:00,33.70000076293945,33.84000015258789,33.15999984741211,33.63999938964844,1360370
2021-11-22 00:00:00+01:00,33.790000915527344,33.790000915527344,33.4900016784668,33.5099983215332,448870
2021-11-23 00:00:00+01:00,33.599998474121094,33.790000915527344,33.220001220703125,33.220001220703125,970320
2021-11-24 00:00:00+01:00,33.20000076293945,33.66999816894531,33.04999923706055,33.47999954223633,842670
2021-11-25 00:00:00+01:00,33.560001373291016,33.779998779296875,33.400001525878906,33.59000015258789,747800
2021-11-26 00:00:00+01:00,33.5,34.20000076293945,33.38999938964844,33.470001220703125,2268020
2021-11-29 00:00:00+01:00,33.7599983215332,34.06999969482422,33.2400016784668,33.560001373291016,991480
2021-11-30 00:00:00+01:00,33.95000076293945,34.4900016784668,33.439998626708984,34.02000045776367,4602190
2021-12-01 00:00:00+01:00,34.0,34.13999938964844,33.400001525878906,33.79999923706055,1184800
2021-12-02 00:00:00+01:00,33.75,34.04999923706055,33.459999084472656,33.79999923706055,841200
2021-12-03 00:00:00+01:00,33.790000915527344,34.380001068115234,33.36000061035156,33.56999969482422,855050
2021-12-06 00:00:00+01:00,33.709999084472656,33.810001373291016,33.130001068115234,33.70000076293945,818070
2021-12-07 00:00:00+01:00,33.529998779296875,34.099998474121094,33.4900016784668,33.619998931884766,1832740
2021-12-08 00:00:00+01:00,33.79999923706055,34.72999954223633,33.63999938964844,34.400001525878906,2048900
2021-12-09 00:00:00+01:00,34.220001220703125,34.5,33.630001068115234,33.81999969482422,743480
2021-12-10 00:00:00+01:00,34.20000076293945,34.20000076293945,33.41999816894531,33.5,800140
2021-12-13 00:00:00+01:00,33.5,34.59000015258789,33.5,33.880001068115234,1892460
2021-12-14 00:00:00+01:00,34.400001525878906,34.86000061035156,34.04999923706055,34.630001068115234,2100240
2021-12-15 00:00:00+01:00,34.79999923706055,34.869998931884766,34.310001373291016,34.869998931884766,1037860
2021-12-16 00:00:00+01:00,34.900001525878906,35.22999954223633,34.400001525878906,34.86000061035156,955960
2021-12-17 00:00:00+01:00,34.75,34.880001068115234,34.099998474121094,34.75,3497010
2021-12-20 00:00:00+01:00,34.400001525878906,35.15999984741211,33.630001068115234,34.90999984741211,892920
2021-12-21 00:00:00+01:00,35.29999923706055,35.29999923706055,34.599998474121094,34.65999984741211,457570
2021-12-22 00:00:00+01:00,34.72999954223633,35.77000045776367,34.72999954223633,35.66999816894531,730560
2021-12-23 00:00:00+01:00,35.77000045776367,35.79999923706055,35.310001373291016,35.560001373291016,310190
2021-12-27 00:00:00+01:00,35.54999923706055,35.959999084472656,35.29999923706055,35.540000915527344,260370
2021-12-28 00:00:00+01:00,35.220001220703125,35.90999984741211,35.15999984741211,35.900001525878906,432800
2021-12-29 00:00:00+01:00,35.75,36.150001525878906,35.720001220703125,35.88999938964844,363320
2021-12-30 00:00:00+01:00,35.900001525878906,36.75,35.66999816894531,36.72999954223633,811030
2022-01-03 00:00:00+01:00,36.79999923706055,36.79999923706055,35.90999984741211,36.22999954223633,791380
2022-01-04 00:00:00+01:00,36.369998931884766,36.58000183105469,35.41999816894531,36.04999923706055,1634230
2022-01-05 00:00:00+01:00,36.0,36.29999923706055,35.52000045776367,35.70000076293945,1550640
2022-01-07 00:00:00+01:00,36.130001068115234,36.18000030517578,34.5,34.70000076293945,2000140
2022-01-10 00:00:00+01:00,34.63999938964844,34.86000061035156,34.099998474121094,34.630001068115234,1212470
2022-01-11 00:00:00+01:00,34.630001068115234,35.880001068115234,34.31999969482422,35.369998931884766,1725310
2022-01-12 00:00:00+01:00,35.75,36.220001220703125,34.86000061035156,35.2599983215332,1992110
2022-01-13 00:00:00+01:00,35.04999923706055,36.06999969482422,34.90999984741211,35.88999938964844,1346960
2022-01-14 00:00:00+01:00,35.93000030517578,35.93000030517578,35.119998931884766,35.43000030517578,1517230
2022-01-17 00:00:00+01:00,35.13999938964844,35.349998474121094,34.689998626708984,34.689998626708984,1284370
2022-01-18 00:00:00+01:00,34.599998474121094,34.7599983215332,33.70000076293945,33.79999923706055,850060
2022-01-19 00:00:00+01:00,33.79999923706055,34.7400016784668,33.79999923706055,34.25,849290
2022-01-20 00:00:00+01:00,34.349998474121094,34.45000076293945,33.5,33.529998779296875,673190
2022-01-21 00:00:00+01:00,33.5,35.040000915527344,33.5,34.720001220703125,2454710
2022-01-24 00:00:00+01:00,34.70000076293945,35.380001068115234,34.2400016784668,34.400001525878906,3288410
2022-01-25 00:00:00+01:00,34.79999923706055,34.90999984741211,33.90999984741211,34.20000076293945,1622900
2022-01-26 00:00:00+01:00,34.20000076293945,34.68000030517578,34.0,34.04999923706055,1333910
2022-01-27 00:00:00+01:00,33.93000030517578,33.93000030517578,31.510000228881836,31.770000457763672,2597610
2022-01-28 00:00:00+01:00,31.6200008392334,32.209999084472656,30.459999084472656,30.510000228881836,2737110
2022-01-31 00:00:00+01:00,30.65999984741211,31.549999237060547,30.219999313354492,31.399999618530273,2816880
2022-02-01 00:00:00+01:00,31.5,32.0,31.059999465942383,31.25,1836450
2022-02-02 00:00:00+01:00,31.25,32.56999969482422,31.25,32.290000915527344,2639370
2022-02-03 00:00:00+01:00,32.290000915527344,32.36000061035156,30.84000015258789,31.18000030517578,1256350
2022-02-04 00:00:00+01:00,31.010000228881836,31.5,30.219999313354492,30.299999237060547,1664640
2022-02-07 00:00:00+01:00,30.5,31.049999237060547,30.139999389648438,30.209999084472656,868970
2022-02-08 00:00:00+01:00,30.229999542236328,31.43000030517578,30.139999389648438,30.5,1970090
2022-02-09 00:00:00+01:00,30.739999771118164,30.780000686645508,29.34000015258789,29.940000534057617,2296220
2022-02-10 00:00:00+01:00,29.979999542236328,30.15999984741211,29.010000228881836,29.350000381469727,2652880
2022-02-11 00:00:00+01:00,29.25,29.25,28.139999389648438,28.239999771118164,2352470
2022-02-14 00:00:00+01:00,27.5,28.93000030517578,27.219999313354492,28.149999618530273,2156850
2022-02-15 00:00:00+01:00,28.5,29.790000915527344,28.459999084472656,29.600000381469727,1431730
2022-02-16 00:00:00+01:00,29.729999542236328,29.799999237060547,29.059999465942383,29.299999237060547,1275220
2022-02-17 00:00:00+01:00,29.43000030517578,29.600000381469727,29.100000381469727,29.600000381469727,821120
2022-02-18 00:00:00+01:00,29.600000381469727,29.600000381469727,29.0,29.010000228881836,804710
2022-02-21 00:00:00+01:00,29.100000381469727,29.399999618530273,28.600000381469727,28.899999618530273,859650
2022-02-22 00:00:00+01:00,28.6299991607666,29.290000915527344,28.06999969482422,28.5,1504500
2022-02-23 00:00:00+01:00,28.729999542236328,29.469999313354492,28.190000534057617,28.549999237060547,3061220
2022-02-24 00:00:00+01:00,25.549999237060547,28.040000915527344,24.0,26.899999618530273,5920030
2022-02-25 00:00:00+01:00,27.200000762939453,29.8799991607666,27.030000686645508,28.5,4569530
2022-02-28 00:00:00+01:00,27.93000030517578,29.860000610351562,27.56999969482422,29.520000457763672,3124490
2022-03-01 00:00:00+01:00,29.799999237060547,30.889999389648438,29.469999313354492,29.90999984741211,2107670
2022-03-02 00:00:00+01:00,29.950000762939453,30.469999313354492,29.299999237060547,29.799999237060547,2235520
2022-03-03 00:00:00+01:00,29.75,30.100000381469727,28.59000015258789,29.0,3242290
2022-03-04 00:00:00+01:00,29.010000228881836,29.030000686645508,27.030000686645508,27.059999465942383,2847390
2022-03-07 00:00:00+01:00,26.790000915527344,27.850000381469727,25.770000457763672,27.350000381469727,4964860
2022-03-08 00:00:00+01:00,26.920000076293945,27.65999984741211,26.170000076293945,26.360000610351562,3696570
2022-03-09 00:00:00+01:00,26.6200008392334,27.399999618530273,25.649999618530273,26.739999771118164,3464070
2022-03-10 00:00:00+01:00,27.209999084472656,27.760000228881836,25.559999465942383,26.610000610351562,5415110
2022-03-11 00:00:00+01:00,26.5,29.149999618530273,26.079999923706055,29.030000686645508,2942140
2022-03-14 00:00:00+01:00,28.920000076293945,28.920000076293945,27.299999237060547,27.360000610351562,3477850
2022-03-15 00:00:00+01:00,27.489999771118164,27.989999771118164,27.030000686645508,27.510000228881836,3882550
2022-03-16 00:00:00+01:00,28.399999618530273,30.170000076293945,27.940000534057617,29.670000076293945,4357920
2022-03-17 00:00:00+01:00,30.399999618530273,31.649999618530273,29.639999389648438,31.5,4824270
2022-03-18 00:00:00+01:00,31.799999237060547,31.799999237060547,30.989999771118164,31.329999923706055,4672980
2022-03-21 00:00:00+01:00,31.239999771118164,31.979999542236328,31.059999465942383,31.600000381469727,1689910
2022-03-22 00:00:00+01:00,31.799999237060547,31.979999542236328,31.469999313354492,31.760000228881836,1916400
2022-03-23 00:00:00+01:00,31.579999923706055,31.959999084472656,31.530000686645508,31.809999465942383,1577150
2022-03-24 00:00:00+01:00,31.8799991607666,33.29999923706055,31.81999969482422,32.959999084472656,2074680
2022-03-25 00:00:00+01:00,33.0,34.029998779296875,33.0,33.38999938964844,2404390
2022-03-28 00:00:00+02:00,33.459999084472656,34.599998474121094,33.279998779296875,34.09000015258789,1992600
2022-03-29 00:00:00+02:00,34.2599983215332,34.869998931884766,33.439998626708984,34.52000045776367,2046910
2022-03-30 00:00:00+02:00,34.06999969482422,34.68000030517578,33.88999938964844,34.54999923706055,1441100
2022-03-31 00:00:00+02:00,34.0099983215332,35.04999923706055,34.0,34.04999923706055,3052630
2022-04-01 00:00:00+02:00,34.0,34.4900016784668,33.83000183105469,34.4900016784668,1482170
2022-04-04 00:00:00+02:00,34.599998474121094,34.599998474121094,33.86000061035156,34.099998474121094,853060
2022-04-05 00:00:00+02:00,34.38999938964844,34.72999954223633,33.04999923706055,33.29999923706055,1447800
2022-04-06 00:00:00+02:00,33.130001068115234,34.349998474121094,32.630001068115234,34.119998931884766,2468950
2022-04-07 00:00:00+02:00,34.540000915527344,34.560001373291016,33.40999984741211,33.41999816894531,2466980
2022-04-08 00:00:00+02:00,33.66999816894531,33.97999954223633,32.81999969482422,33.400001525878906,1465900
2022-04-11 00:00:00+02:00,33.38999938964844,33.880001068115234,32.88999938964844,32.970001220703125,1669530
2022-04-12 00:00:00+02:00,33.130001068115234,33.599998474121094,32.5,33.38999938964844,1643790
2022-04-13 00:00:00+02:00,33.630001068115234,34.119998931884766,33.31999969482422,34.119998931884766,1184960
2022-04-14 00:00:00+02:00,34.2400016784668,34.400001525878906,33.540000915527344,33.779998779296875,1449660
2022-04-19 00:00:00+02:00,33.79999923706055,33.79999923706055,31.709999084472656,32.20000076293945,3022680
2022-04-20 00:00:00+02:00,32.599998474121094,33.40999984741211,32.45000076293945,32.70000076293945,1020720
2022-04-21 00:00:00+02:00,33.189998626708984,33.20000076293945,31.889999389648438,31.889999389648438,1704840
2022-04-22 00:00:00+02:00,32.0,32.47999954223633,31.489999771118164,31.649999618530273,1558780
2022-04-25 00:00:00+02:00,31.020000457763672,31.979999542236328,30.850000381469727,31.559999465942383,1667930
2022-04-26 00:00:00+02:00,31.579999923706055,32.189998626708984,31.309999465942383,31.479999542236328,1627700
2022-04-27 00:00:00+02:00,31.649999618530273,31.649999618530273,30.729999542236328,31.389999389648438,2029350
2022-04-28 00:00:00+02:00,31.389999389648438,31.56999969482422,30.059999465942383,30.260000228881836,2126140
2022-04-29 00:00:00+02:00,30.600000381469727,30.68000030517578,28.700000762939453,28.809999465942383,3891670
2022-05-02 00:00:00+02:00,28.809999465942383,29.6299991607666,28.290000915527344,28.68000030517578,1452170
2022-05-04 00:00:00+02:00,28.709999084472656,29.40999984741211,27.6299991607666,28.110000610351562,4764610
2022-05-05 00:00:00+02:00,28.850000381469727,29.149999618530273,27.829999923706055,27.829999923706055,3633770
2022-05-06 00:00:00+02:00,27.600000381469727,28.969999313354492,26.670000076293945,27.700000762939453,4109110
2022-05-09 00:00:00+02:00,28.239999771118164,28.239999771118164,26.600000381469727,26.729999542236328,3118800
2022-05-10 00:00:00+02:00,27.790000915527344,28.940000534057617,27.549999237060547,28.3700008392334,6127830
2022-05-11 00:00:00+02:00,28.600000381469727,29.709999084472656,28.43000030517578,29.200000762939453,4505420
2022-05-12 00:00:00+02:00,28.600000381469727,29.559999465942383,28.139999389648438,29.520000457763672,5535070
2022-05-13 00:00:00+02:00,29.969999313354492,30.399999618530273,29.700000762939453,30.170000076293945,2675720
2022-05-16 00:00:00+02:00,29.920000076293945,30.469999313354492,28.75,28.969999313354492,2576750
2022-05-17 00:00:00+02:00,29.469999313354492,30.190000534057617,29.010000228881836,30.020000457763672,2226200
2022-05-18 00:00:00+02:00,30.09000015258789,30.100000381469727,29.270000457763672,29.690000534057617,2258790
2022-05-19 00:00:00+02:00,29.25,29.700000762939453,28.459999084472656,29.469999313354492,4215380
2022-05-20 00:00:00+02:00,29.600000381469727,30.239999771118164,29.040000915527344,30.09000015258789,3519490
2022-05-23 00:00:00+02:00,30.600000381469727,30.940000534057617,29.799999237060547,30.25,2171660
2022-05-24 00:00:00+02:00,30.0,30.68000030517578,29.360000610351562,29.360000610351562,2560670
2022-05-25 00:00:00+02:00,29.950000762939453,29.950000762939453,28.049999237060547,28.209999084472656,2295800
2022-05-26 00:00:00+02:00,28.510000228881836,29.469999313354492,28.18000030517578,29.31999969482422,1208740
2022-05-27 00:00:00+02:00,29.1200008392334,29.760000228881836,28.770000457763672,29.06999969482422,1359710
2022-05-30 00:00:00+02:00,29.190000534057617,29.729999542236328,28.709999084472656,29.729999542236328,1069680
2022-05-31 00:00:00+02:00,29.649999618530273,30.0,29.200000762939453,29.90999984741211,5171970
2022-06-01 00:00:00+02:00,29.600000381469727,30.030000686645508,29.18000030517578,29.709999084472656,1200010
2022-06-02 00:00:00+02:00,29.979999542236328,30.790000915527344,29.559999465942383,30.6299991607666,2053800
2022-06-03 00:00:00+02:00,30.670000076293945,31.860000610351562,30.6299991607666,31.40999984741211,2094580
2022-06-06 00:00:00+02:00,31.5,31.559999465942383,31.100000381469727,31.239999771118164,559050
2022-06-07 00:00:00+02:00,31.280000686645508,31.280000686645508,29.809999465942383,30.559999465942383,2318980
2022-06-08 00:00:00+02:00,30.25,31.0,30.059999465942383,30.65999984741211,1260180
2022-06-09 00:00:00+02:00,30.93000030517578,31.0,30.3700008392334,30.649999618530273,1253030
2022-06-10 00:00:00+02:00,30.329999923706055,30.790000915527344,30.15999984741211,30.3799991607666,3769710
2022-06-13 00:00:00+02:00,30.0,30.399999618530273,29.899999618530273,30.399999618530273,1923770
2022-06-14 00:00:00+02:00,30.559999465942383,30.899999618530273,30.040000915527344,30.709999084472656,2646660
2022-06-15 00:00:00+02:00,30.799999237060547,30.799999237060547,28.81999969482422,29.65999984741211,2288530
2022-06-17 00:00:00+02:00,29.1200008392334,29.450000762939453,28.649999618530273,28.940000534057617,3233080
2022-06-20 00:00:00+02:00,29.520000457763672,29.920000076293945,29.200000762939453,29.489999771118164,1077740
2022-06-21 00:00:00+02:00,29.8799991607666,29.8799991607666,29.170000076293945,29.520000457763672,722420
2022-06-22 00:00:00+02:00,29.209999084472656,29.81999969482422,29.139999389648438,29.739999771118164,1186730
2022-06-23 00:00:00+02:00,29.100000381469727,30.559999465942383,28.90999984741211,29.850000381469727,2199330
2022-06-24 00:00:00+02:00,30.020000457763672,31.139999389648438,30.020000457763672,30.920000076293945,1312710
2022-06-27 00:00:00+02:00,30.93000030517578,31.799999237060547,30.81999969482422,31.479999542236328,2495260
2022-06-28 00:00:00+02:00,32.060001373291016,32.52000045776367,31.639999389648438,32.0,3155050
2022-06-29 00:00:00+02:00,31.719999313354492,32.099998474121094,31.360000610351562,31.940000534057617,1259500
2022-06-30 00:00:00+02:00,31.860000610351562,32.189998626708984,31.56999969482422,31.899999618530273,2119910
2022-07-01 00:00:00+02:00,31.8700008392334,32.54999923706055,31.81999969482422,32.5099983215332,2082180
2022-07-04 00:00:00+02:00,32.599998474121094,33.58000183105469,32.58000183105469,33.540000915527344,2334560
2022-07-05 00:00:00+02:00,33.790000915527344,34.119998931884766,33.130001068115234,33.56999969482422,2654250
2022-07-06 00:00:00+02:00,33.70000076293945,33.720001220703125,31.670000076293945,33.15999984741211,2940180
2022-07-07 00:00:00+02:00,33.400001525878906,33.95000076293945,33.0099983215332,33.70000076293945,2550180
2022-07-08 00:00:00+02:00,33.959999084472656,34.25,33.0099983215332,33.63999938964844,3033300
2022-07-11 00:00:00+02:00,33.20000076293945,34.81999969482422,33.20000076293945,34.59000015258789,1498480
2022-07-12 00:00:00+02:00,34.5,34.68000030517578,33.18000030517578,33.41999816894531,2676200
2022-07-13 00:00:00+02:00,33.5,34.36000061035156,32.619998931884766,33.0,1277600
2022-07-14 00:00:00+02:00,32.54999923706055,32.88999938964844,31.8700008392334,32.36000061035156,1678610
2022-07-15 00:00:00+02:00,32.38999938964844,33.220001220703125,32.29999923706055,32.70000076293945,1732620
2022-07-18 00:00:00+02:00,32.95000076293945,33.09000015258789,32.209999084472656,32.5,1129920
2022-07-19 00:00:00+02:00,32.33000183105469,32.90999984741211,32.33000183105469,32.75,1327790
2022-07-20 00:00:00+02:00,33.29999923706055,33.349998474121094,32.650001525878906,32.880001068115234,1022530
2022-07-21 00:00:00+02:00,33.20000076293945,33.41999816894531,32.540000915527344,33.040000915527344,1312940
2022-07-22 00:00:00+02:00,33.36000061035156,33.54999923706055,33.150001525878906,33.349998474121094,878510
2022-07-25 00:00:00+02:00,33.29999923706055,33.40999984741211,32.86000061035156,33.119998931884766,1167430
2022-07-26 00:00:00+02:00,32.900001525878906,33.599998474121094,32.83000183105469,33.540000915527344,944300
2022-07-27 00:00:00+02:00,33.79999923706055,35.189998626708984,33.7599983215332,35.06999969482422,3624360
2022-07-28 00:00:00+02:00,35.04999923706055,35.959999084472656,34.7400016784668,35.810001373291016,1568390
2022-07-29 00:00:00+02:00,35.560001373291016,36.15999984741211,35.52000045776367,36.150001525878906,1612570
2022-08-01 00:00:00+02:00,36.20000076293945,36.689998626708984,36.119998931884766,36.599998474121094,1340110
2022-08-02 00:00:00+02:00,36.599998474121094,37.25,36.41999816894531,36.790000915527344,1501180
2022-08-03 00:00:00+02:00,36.540000915527344,37.0,36.11000061035156,36.77000045776367,1678350
2022-08-04 00:00:00+02:00,36.77000045776367,37.20000076293945,36.40999984741211,36.720001220703125,1131750
2022-08-05 00:00:00+02:00,36.86000061035156,37.43000030517578,36.61000061035156,36.66999816894531,1183070
2022-08-08 00:00:00+02:00,36.5,36.599998474121094,35.52000045776367,35.59000015258789,2140610
2022-08-09 00:00:00+02:00,35.83000183105469,35.939998626708984,34.470001220703125,35.0,3127500
2022-08-10 00:00:00+02:00,34.86000061035156,35.63999938964844,34.470001220703125,35.150001525878906,1877090
2022-08-11 00:00:00+02:00,35.689998626708984,35.720001220703125,34.95000076293945,35.459999084472656,966150
2022-08-12 00:00:00+02:00,35.400001525878906,36.45000076293945,35.2599983215332,36.45000076293945,2008920
2022-08-16 00:00:00+02:00,36.650001525878906,38.439998626708984,36.060001373291016,38.20000076293945,4269610
2022-08-17 00:00:00+02:00,38.0099983215332,38.29999923706055,37.04999923706055,37.310001373291016,3562470
2022-08-18 00:00:00+02:00,37.290000915527344,37.79999923706055,36.63999938964844,37.099998474121094,1769420
2022-08-19 00:00:00+02:00,37.0,37.0,35.400001525878906,35.400001525878906,3064880
2022-08-22 00:00:00+02:00,35.5,35.900001525878906,34.5,35.54999923706055,4402470
2022-08-23 00:00:00+02:00,35.599998474121094,37.0,35.349998474121094,36.52000045776367,2623920
2022-08-24 00:00:00+02:00,36.91999816894531,36.91999816894531,36.130001068115234,36.619998931884766,2039870
2022-08-25 00:00:00+02:00,37.0,37.79999923706055,36.83000183105469,37.61000061035156,1275080
2022-08-26 00:00:00+02:00,37.59000015258789,38.66999816894531,37.58000183105469,38.2599983215332,1230180
2022-08-29 00:00:00+02:00,37.79999923706055,37.86000061035156,36.869998931884766,37.43000030517578,1101260
2022-08-30 00:00:00+02:00,37.400001525878906,37.43000030517578,35.880001068115234,35.939998626708984,1454070
2022-08-31 00:00:00+02:00,35.709999084472656,35.79999923706055,34.349998474121094,34.369998931884766,3614100
2022-09-01 00:00:00+02:00,34.0,34.560001373291016,32.849998474121094,33.54999923706055,3061010
2022-09-02 00:00:00+02:00,33.709999084472656,34.349998474121094,32.79999923706055,34.279998779296875,1925060
2022-09-05 00:00:00+02:00,34.08000183105469,34.25,33.529998779296875,33.93000030517578,1008170
2022-09-06 00:00:00+02:00,33.93000030517578,34.04999923706055,32.70000076293945,32.970001220703125,1424590
2022-09-07 00:00:00+02:00,32.5,34.25,32.20000076293945,34.04999923706055,1319540
2022-09-08 00:00:00+02:00,33.93000030517578,34.150001525878906,33.709999084472656,33.900001525878906,901190
2022-09-09 00:00:00+02:00,34.279998779296875,34.54999923706055,32.95000076293945,34.5099983215332,2796640
2022-09-12 00:00:00+02:00,34.29999923706055,35.310001373291016,33.95000076293945,35.189998626708984,1943300
2022-09-13 00:00:00+02:00,35.20000076293945,35.2400016784668,34.029998779296875,34.220001220703125,974210
2022-09-14 00:00:00+02:00,34.2599983215332,34.84000015258789,34.04999923706055,34.41999816894531,1844220
2022-09-15 00:00:00+02:00,34.20000076293945,35.7599983215332,33.900001525878906,35.15999984741211,2325900
2022-09-16 00:00:00+02:00,34.81999969482422,36.04999923706055,34.70000076293945,35.029998779296875,6692900
2022-09-19 00:00:00+02:00,34.81999969482422,35.0,34.0099983215332,34.52000045776367,3182010
2022-09-20 00:00:00+02:00,34.689998626708984,35.06999969482422,33.79999923706055,34.31999969482422,1279930
2022-09-21 00:00:00+02:00,34.5,34.95000076293945,33.43000030517578,34.65999984741211,1333120
2022-09-22 00:00:00+02:00,34.08000183105469,34.5,33.619998931884766,34.310001373291016,1387820
2022-09-23 00:00:00+02:00,33.939998626708984,33.95000076293945,31.68000030517578,32.0,2574060
2022-09-26 00:00:00+02:00,31.75,32.5,31.0,32.150001525878906,3603740
2022-09-27 00:00:00+02:00,32.540000915527344,32.63999938964844,31.670000076293945,32.540000915527344,2662630
2022-09-28 00:00:00+02:00,32.349998474121094,32.36000061035156,31.309999465942383,31.809999465942383,2545750
2022-09-29 00:00:00+02:00,32.0,32.349998474121094,29.709999084472656,30.299999237060547,4353920
2022-09-30 00:00:00+02:00,30.5,30.6299991607666,29.459999084472656,30.200000762939453,4300140
2022-10-03 00:00:00+02:00,29.809999465942383,30.15999984741211,29.110000610351562,30.0,2342500
2022-10-04 00:00:00+02:00,30.5,30.799999237060547,30.100000381469727,30.75,3910110
2022-10-05 00:00:00+02:00,30.770000457763672,31.34000015258789,30.75,31.0,3268570
2022-10-06 00:00:00+02:00,31.010000228881836,31.3700008392334,30.3799991607666,30.600000381469727,1300030
2022-10-07 00:00:00+02:00,30.719999313354492,30.850000381469727,30.149999618530273,30.219999313354492,1573240
2022-10-10 00:00:00+02:00,29.81999969482422,30.079999923706055,28.889999389648438,29.190000534057617,1612500
2022-10-11 00:00:00+02:00,29.0,29.229999542236328,28.329999923706055,28.6200008392334,2099790
2022-10-12 00:00:00+02:00,28.600000381469727,28.989999771118164,28.15999984741211,28.850000381469727,2935880
2022-10-13 00:00:00+02:00,28.899999618530273,28.899999618530273,28.299999237060547,28.700000762939453,2763830
2022-10-14 00:00:00+02:00,29.270000457763672,29.739999771118164,29.100000381469727,29.639999389648438,2281960
2022-10-17 00:00:00+02:00,29.5,29.5,28.5,28.899999618530273,3597160
2022-10-18 00:00:00+02:00,29.0,30.200000762939453,28.540000915527344,29.920000076293945,2838270
2022-10-19 00:00:00+02:00,30.049999237060547,30.09000015258789,29.309999465942383,29.440000534057617,839410
2022-10-20 00:00:00+02:00,29.649999618530273,30.190000534057617,29.25,30.09000015258789,1800250
2022-10-21 00:00:00+02:00,29.739999771118164,29.850000381469727,28.940000534057617,29.739999771118164,1543130
2022-10-24 00:00:00+02:00,29.790000915527344,31.06999969482422,29.600000381469727,30.610000610351562,2143510
2022-10-25 00:00:00+02:00,30.969999313354492,31.3799991607666,30.530000686645508,30.84000015258789,1238550
2022-10-26 00:00:00+02:00,30.899999618530273,32.08000183105469,30.899999618530273,31.90999984741211,1425460
2022-10-27 00:00:00+02:00,32.0,32.0099983215332,31.25,31.690000534057617,1856320
2022-10-28 00:00:00+02:00,31.299999237060547,31.299999237060547,29.90999984741211,30.219999313354492,1673740
2022-10-31 00:00:00+01:00,30.299999237060547,31.270000457763672,30.100000381469727,31.219999313354492,2268200
2022-11-02 00:00:00+01:00,31.5,32.52000045776367,31.43000030517578,31.829999923706055,2107070
2022-11-03 00:00:00+01:00,31.549999237060547,31.639999389648438,30.68000030517578,31.06999969482422,1070550
2022-11-04 00:00:00+01:00,32.310001373291016,33.560001373291016,32.0,33.310001373291016,3890770
2022-11-07 00:00:00+01:00,32.9900016784668,33.86000061035156,32.63999938964844,33.0,2199940
2022-11-08 00:00:00+01:00,33.18000030517578,34.09000015258789,32.7599983215332,34.0099983215332,1796230
2022-11-09 00:00:00+01:00,34.0,34.470001220703125,33.40999984741211,33.52000045776367,1989070
2022-11-10 00:00:00+01:00,33.52000045776367,34.29999923706055,33.2599983215332,34.29999923706055,2386110
2022-11-14 00:00:00+01:00,34.310001373291016,36.130001068115234,33.91999816894531,35.59000015258789,2283590
2022-11-15 00:00:00+01:00,35.5099983215332,36.5,35.31999969482422,35.58000183105469,1658020
2022-11-16 00:00:00+01:00,35.5,35.75,34.75,35.2400016784668,2164650
2022-11-17 00:00:00+01:00,35.54999923706055,35.54999923706055,34.90999984741211,35.18000030517578,1180550
2022-11-18 00:00:00+01:00,35.47999954223633,36.18000030517578,34.970001220703125,35.70000076293945,1241080
2022-11-21 00:00:00+01:00,35.869998931884766,36.04999923706055,35.119998931884766,35.900001525878906,1929470
2022-11-22 00:00:00+01:00,35.90999984741211,37.18000030517578,35.90999984741211,36.79999923706055,3805480
2022-11-23 00:00:00+01:00,37.0,37.040000915527344,36.189998626708984,36.880001068115234,1806980
2022-11-24 00:00:00+01:00,37.20000076293945,37.560001373291016,36.619998931884766,37.31999969482422,2136090
2022-11-25 00:00:00+01:00,37.380001068115234,37.380001068115234,36.369998931884766,37.099998474121094,1272390
2022-11-28 00:00:00+01:00,36.97999954223633,37.2599983215332,36.75,36.900001525878906,1520920
2022-11-29 00:00:00+01:00,37.0,37.290000915527344,36.70000076293945,37.0,1601740
2022-11-30 00:00:00+01:00,37.130001068115234,37.130001068115234,36.0099983215332,36.380001068115234,7709490
2022-12-01 00:00:00+01:00,36.7599983215332,36.79999923706055,35.88999938964844,36.5099983215332,1521030
2022-12-02 00:00:00+01:00,36.209999084472656,36.400001525878906,34.900001525878906,35.45000076293945,5023860
2022-12-05 00:00:00+01:00,35.45000076293945,35.56999969482422,34.869998931884766,35.0,1074430
2022-12-06 00:00:00+01:00,35.22999954223633,35.47999954223633,34.470001220703125,35.13999938964844,1150810
2022-12-07 00:00:00+01:00,34.93000030517578,35.33000183105469,34.45000076293945,35.119998931884766,1116180
2022-12-08 00:00:00+01:00,35.16999816894531,35.900001525878906,35.16999816894531,35.7400016784668,1651150
2022-12-09 00:00:00+01:00,35.939998626708984,37.06999969482422,35.869998931884766,36.90999984741211,2141740
2022-12-12 00:00:00+01:00,37.099998474121094,37.95000076293945,36.31999969482422,37.79999923706055,2308380
2022-12-13 00:00:00+01:00,37.58000183105469,38.33000183105469,37.150001525878906,37.75,3423360
2022-12-14 00:00:00+01:00,37.93000030517578,38.59000015258789,37.5099983215332,38.06999969482422,1495310
2022-12-15 00:00:00+01:00,38.0,38.31999969482422,37.619998931884766,37.81999969482422,2218050
2022-12-16 00:00:00+01:00,37.79999923706055,37.849998474121094,37.099998474121094,37.619998931884766,3975420
2022-12-19 00:00:00+01:00,37.599998474121094,38.2599983215332,37.29999923706055,38.029998779296875,1392740
2022-12-20 00:00:00+01:00,38.0,38.599998474121094,37.66999816894531,38.5099983215332,1174590
2022-12-21 00:00:00+01:00,38.5,38.84000015258789,38.27000045776367,38.72999954223633,1264400
2022-12-22 00:00:00+01:00,38.72999954223633,39.029998779296875,38.099998474121094,38.20000076293945,1101710
2022-12-23 00:00:00+01:00,38.189998626708984,38.400001525878906,37.90999984741211,38.209999084472656,497960
2022-12-27 00:00:00+01:00,38.72999954223633,38.72999954223633,37.540000915527344,37.68000030517578,429120
2022-12-28 00:00:00+01:00,37.68000030517578,37.709999084472656,37.119998931884766,37.5,696980
2022-12-29 00:00:00+01:00,37.310001373291016,37.79999923706055,37.060001373291016,37.66999816894531,673620
2022-12-30 00:00:00+01:00,37.56999969482422,37.7400016784668,37.15999984741211,37.529998779296875,931960
2023-01-02 00:00:00+01:00,37.529998779296875,37.81999969482422,36.81999969482422,36.91999816894531,548740
2023-01-03 00:00:00+01:00,37.0,37.02000045776367,35.70000076293945,35.939998626708984,2703770
2023-01-04 00:00:00+01:00,36.290000915527344,36.72999954223633,35.41999816894531,36.0,3398270
2023-01-05 00:00:00+01:00,36.0,36.349998474121094,35.13999938964844,35.279998779296875,2335490
2023-01-09 00:00:00+01:00,35.220001220703125,36.58000183105469,35.11000061035156,36.529998779296875,1957540
2023-01-10 00:00:00+01:00,36.4900016784668,36.7599983215332,36.02000045776367,36.5,2375110
2023-01-11 00:00:00+01:00,36.459999084472656,36.970001220703125,36.13999938964844,36.52000045776367,1034100
2023-01-12 00:00:00+01:00,36.720001220703125,37.369998931884766,36.33000183105469,36.61000061035156,1167890
2023-01-13 00:00:00+01:00,36.66999816894531,37.099998474121094,36.29999923706055,36.349998474121094,1067760
2023-01-16 00:00:00+01:00,36.689998626708984,36.9900016784668,35.79999923706055,36.86000061035156,846650
2023-01-17 00:00:00+01:00,36.79999923706055,37.060001373291016,36.16999816894531,36.29999923706055,1019070
2023-01-18 00:00:00+01:00,36.29999923706055,37.0,36.150001525878906,36.189998626708984,1838520
2023-01-19 00:00:00+01:00,36.400001525878906,36.400001525878906,35.15999984741211,35.470001220703125,1781740
2023-01-20 00:00:00+01:00,35.689998626708984,36.400001525878906,35.189998626708984,36.38999938964844,1525690
2023-01-23 00:00:00+01:00,36.439998626708984,37.15999984741211,36.41999816894531,37.029998779296875,1116860
2023-01-24 00:00:00+01:00,37.29999923706055,37.790000915527344,37.220001220703125,37.40999984741211,1101550
2023-01-25 00:00:00+01:00,37.470001220703125,38.029998779296875,37.13999938964844,37.540000915527344,2574570
2023-01-26 00:00:00+01:00,37.9900016784668,39.11000061035156,37.959999084472656,38.63999938964844,2697010
2023-01-27 00:00:00+01:00,38.66999816894531,39.02000045776367,38.40999984741211,38.720001220703125,1031040
2023-01-30 00:00:00+01:00,38.84000015258789,39.310001373291016,38.290000915527344,39.2599983215332,2056550
2023-01-31 00:00:00+01:00,39.27000045776367,39.459999084472656,38.38999938964844,39.11000061035156,2630790
2023-02-01 00:00:00+01:00,39.20000076293945,39.38999938964844,37.9900016784668,38.040000915527344,3329790
2023-02-02 00:00:00+01:00,38.58000183105469,38.79999923706055,37.77000045776367,38.0,2172140
2023-02-03 00:00:00+01:00,38.79999923706055,39.290000915527344,37.91999816894531,38.59000015258789,1954070
2023-02-06 00:00:00+01:00,38.77000045776367,38.77000045776367,37.95000076293945,37.95000076293945,1832300
2023-02-07 00:00:00+01:00,38.52000045776367,38.79999923706055,38.11000061035156,38.2400016784668,1234780
2023-02-08 00:00:00+01:00,38.41999816894531,38.59000015258789,37.59000015258789,37.689998626708984,1214140
2023-02-09 00:00:00+01:00,38.0,38.290000915527344,37.349998474121094,37.599998474121094,1438880
2023-02-10 00:00:00+01:00,37.65999984741211,37.689998626708984,36.25,36.54999923706055,2243900
2023-02-13 00:00:00+01:00,36.83000183105469,37.06999969482422,36.13999938964844,36.400001525878906,1008590
2023-02-14 00:00:00+01:00,36.959999084472656,37.08000183105469,35.709999084472656,35.93000030517578,1530700
2023-02-15 00:00:00+01:00,35.720001220703125,37.189998626708984,35.720001220703125,37.0,2471020
2023-02-16 00:00:00+01:00,37.20000076293945,37.29999923706055,36.5099983215332,36.79999923706055,852050
2023-02-17 00:00:00+01:00,36.77000045776367,37.22999954223633,36.439998626708984,37.13999938964844,1589510
2023-02-20 00:00:00+01:00,37.18000030517578,37.25,36.47999954223633,37.0,740240
2023-02-21 00:00:00+01:00,37.02000045776367,37.18000030517578,36.720001220703125,37.150001525878906,3936340
2023-02-22 00:00:00+01:00,37.25,37.25,35.939998626708984,36.380001068115234,3519680
2023-02-23 00:00:00+01:00,36.540000915527344,37.40999984741211,36.38999938964844,37.25,2214100
2023-02-24 00:00:00+01:00,37.40999984741211,37.40999984741211,36.65999984741211,37.0,946660
2023-02-27 00:00:00+01:00,37.20000076293945,37.20000076293945,36.720001220703125,37.08000183105469,1053630
2023-02-28 00:00:00+01:00,37.13999938964844,37.59000015258789,36.66999816894531,37.15999984741211,2599730
2023-03-01 00:00:00+01:00,37.400001525878906,37.65999984741211,37.040000915527344,37.34000015258789,1434180
2023-03-02 00:00:00+01:00,37.349998474121094,37.66999816894531,37.06999969482422,37.619998931884766,1408280
2023-03-03 00:00:00+01:00,37.689998626708984,38.31999969482422,37.58000183105469,38.27000045776367,1494730
2023-03-06 00:00:00+01:00,38.54999923706055,39.0,38.2599983215332,38.90999984741211,1251750
2023-03-07 00:00:00+01:00,39.060001373291016,40.04999923706055,38.95000076293945,39.43000030517578,3051660
2023-03-08 00:00:00+01:00,39.599998474121094,40.38999938964844,39.20000076293945,40.349998474121094,2694170
2023-03-09 00:00:00+01:00,39.959999084472656,40.81999969482422,39.959999084472656,40.7400016784668,3583450
2023-03-10 00:00:00+01:00,40.400001525878906,41.5,40.060001373291016,41.459999084472656,4144530
2023-03-13 00:00:00+01:00,41.54999923706055,41.79999923706055,40.31999969482422,40.5099983215332,5734150
2023-03-14 00:00:00+01:00,40.599998474121094,41.529998779296875,40.060001373291016,41.2599983215332,2629230
2023-03-15 00:00:00+01:00,41.290000915527344,41.36000061035156,40.349998474121094,40.5,2180380
2023-03-16 00:00:00+01:00,40.560001373291016,41.0,39.7400016784668,40.93000030517578,2396140
2023-03-17 00:00:00+01:00,40.91999816894531,41.31999969482422,40.5,41.150001525878906,4092190
2023-03-20 00:00:00+01:00,40.95000076293945,41.279998779296875,39.84000015258789,41.029998779296875,2647470
2023-03-21 00:00:00+01:00,40.93000030517578,42.119998931884766,40.79999923706055,41.40999984741211,3705640
2023-03-22 00:00:00+01:00,41.709999084472656,42.06999969482422,41.29999923706055,41.470001220703125,3340620
2023-03-23 00:00:00+01:00,41.79999923706055,41.810001373291016,40.20000076293945,40.33000183105469,2504760
2023-03-24 00:00:00+01:00,39.099998474121094,39.630001068115234,37.70000076293945,38.720001220703125,9618760
2023-03-27 00:00:00+02:00,38.7400016784668,39.5,38.630001068115234,39.11000061035156,3555970
2023-03-28 00:00:00+02:00,39.119998931884766,40.29999923706055,39.119998931884766,40.040000915527344,3128300
2023-03-29 00:00:00+02:00,40.040000915527344,40.040000915527344,38.45000076293945,38.529998779296875,3313900
2023-03-30 00:00:00+02:00,38.599998474121094,38.91999816894531,38.06999969482422,38.290000915527344,3580600
2023-03-31 00:00:00+02:00,38.54999923706055,39.11000061035156,38.11000061035156,39.11000061035156,4499920
2023-04-03 00:00:00+02:00,39.11000061035156,39.790000915527344,38.689998626708984,38.75,1778960
2023-04-04 00:00:00+02:00,39.279998779296875,39.36000061035156,38.52000045776367,38.939998626708984,1383240
2023-04-05 00:00:00+02:00,39.13999938964844,39.13999938964844,38.130001068115234,38.34000015258789,2098340
2023-04-06 00:00:00+02:00,38.59000015258789,38.619998931884766,37.77000045776367,37.970001220703125,2490240
2023-04-11 00:00:00+02:00,37.970001220703125,38.36000061035156,37.310001373291016,37.400001525878906,4380080
2023-04-12 00:00:00+02:00,37.400001525878906,37.77000045776367,36.970001220703125,37.349998474121094,4281030
2023-04-13 00:00:00+02:00,37.4900016784668,38.869998931884766,37.220001220703125,38.79999923706055,2498210
2023-04-14 00:00:00+02:00,39.599998474121094,39.599998474121094,38.619998931884766,39.290000915527344,1974640
2023-04-17 00:00:00+02:00,39.540000915527344,39.54999923706055,38.650001525878906,39.349998474121094,1746780
2023-04-18 00:00:00+02:00,39.400001525878906,39.900001525878906,38.9900016784668,39.5,1863150
2023-04-19 00:00:00+02:00,39.650001525878906,39.900001525878906,39.20000076293945,39.709999084472656,2459980
2023-04-20 00:00:00+02:00,39.619998931884766,40.04999923706055,39.0,39.970001220703125,1331250
2023-04-21 00:00:00+02:00,39.400001525878906,39.65999984741211,39.02000045776367,39.529998779296875,1850450
2023-04-24 00:00:00+02:00,39.529998779296875,39.95000076293945,39.2599983215332,39.95000076293945,945550
2023-04-25 00:00:00+02:00,39.810001373291016,40.470001220703125,39.779998779296875,40.119998931884766,1057700
2023-04-26 00:00:00+02:00,40.130001068115234,40.439998626708984,39.61000061035156,40.43000030517578,1539220
2023-04-27 00:00:00+02:00,40.529998779296875,43.099998474121094,40.5,42.81999969482422,3178350
2023-04-28 00:00:00+02:00,43.0,43.06999969482422,41.97999954223633,42.34000015258789,2667930
2023-05-02 00:00:00+02:00,42.119998931884766,43.18000030517578,42.119998931884766,42.849998474121094,2514560
2023-05-04 00:00:00+02:00,42.41999816894531,42.65999984741211,41.34000015258789,41.4900016784668,2621320
2023-05-05 00:00:00+02:00,41.599998474121094,42.15999984741211,40.400001525878906,40.66999816894531,1794840
2023-05-08 00:00:00+02:00,40.54999923706055,40.65999984741211,39.810001373291016,40.20000076293945,1652430
2023-05-09 00:00:00+02:00,40.20000076293945,40.849998474121094,40.060001373291016,40.81999969482422,1015480
2023-05-10 00:00:00+02:00,41.0,41.459999084472656,40.459999084472656,40.959999084472656,1469120
2023-05-11 00:00:00+02:00,41.2400016784668,41.2400016784668,40.400001525878906,40.560001373291016,1324000
2023-05-12 00:00:00+02:00,40.79999923706055,42.09000015258789,40.599998474121094,41.77000045776367,1973820
2023-05-15 00:00:00+02:00,42.0,42.5,41.68000030517578,42.0,3780690
2023-05-16 00:00:00+02:00,42.0,42.459999084472656,41.79999923706055,42.41999816894531,3100020
2023-05-17 00:00:00+02:00,42.20000076293945,42.54999923706055,42.04999923706055,42.099998474121094,2482340
2023-05-18 00:00:00+02:00,42.47999954223633,42.70000076293945,41.25,41.439998626708984,2034220
2023-05-19 00:00:00+02:00,41.93000030517578,42.5099983215332,41.25,42.349998474121094,2121270
2023-05-22 00:00:00+02:00,42.52000045776367,42.9900016784668,42.04999923706055,42.59000015258789,1304100
2023-05-23 00:00:00+02:00,42.400001525878906,43.15999984741211,42.099998474121094,42.25,1384580
2023-05-24 00:00:00+02:00,42.0,42.459999084472656,41.59000015258789,42.06999969482422,1389990
2023-05-25 00:00:00+02:00,42.25,42.779998779296875,41.599998474121094,42.52000045776367,1129170
2023-05-26 00:00:00+02:00,42.560001373291016,43.099998474121094,41.900001525878906,42.95000076293945,2225750
2023-05-29 00:00:00+02:00,43.02000045776367,43.119998931884766,42.380001068115234,42.43000030517578,270170
2023-05-30 00:00:00+02:00,42.310001373291016,42.400001525878906,41.91999816894531,42.20000076293945,2130900
2023-05-31 00:00:00+02:00,41.93000030517578,42.27000045776367,41.529998779296875,41.61000061035156,4242650
2023-06-01 00:00:00+02:00,42.27000045776367,44.349998474121094,41.90999984741211,44.20000076293945,2523520
2023-06-02 00:00:00+02:00,44.66999816894531,46.06999969482422,44.63999938964844,45.900001525878906,3729700
2023-06-05 00:00:00+02:00,46.099998474121094,46.7400016784668,45.36000061035156,45.56999969482422,3375070
2023-06-06 00:00:00+02:00,45.5,46.40999984741211,45.290000915527344,46.040000915527344,2690070
2023-06-07 00:00:00+02:00,45.81999969482422,46.369998931884766,45.54999923706055,45.79999923706055,2471820
2023-06-09 00:00:00+02:00,45.45000076293945,46.470001220703125,45.06999969482422,46.029998779296875,1959280
2023-06-12 00:00:00+02:00,46.040000915527344,47.31999969482422,46.040000915527344,46.9900016784668,3329830
2023-06-13 00:00:00+02:00,47.5099983215332,47.970001220703125,47.06999969482422,47.650001525878906,1821860
2023-06-14 00:00:00+02:00,47.77000045776367,47.83000183105469,47.02000045776367,47.349998474121094,2086770
2023-06-15 00:00:00+02:00,47.470001220703125,49.18000030517578,47.029998779296875,48.40999984741211,2505720
2023-06-16 00:00:00+02:00,48.5,49.119998931884766,47.40999984741211,47.709999084472656,5154280
2023-06-19 00:00:00+02:00,47.65999984741211,47.70000076293945,46.599998474121094,46.790000915527344,986540
2023-06-20 00:00:00+02:00,46.79999923706055,47.08000183105469,46.20000076293945,46.97999954223633,1902960
2023-06-21 00:00:00+02:00,47.380001068115234,47.38999938964844,46.599998474121094,46.709999084472656,705680
2023-06-22 00:00:00+02:00,47.11000061035156,47.11000061035156,46.130001068115234,46.20000076293945,1402540
2023-06-23 00:00:00+02:00,46.0,46.72999954223633,45.95000076293945,46.279998779296875,2285360
2023-06-26 00:00:00+02:00,46.59000015258789,46.70000076293945,45.970001220703125,46.63999938964844,2511010
2023-06-27 00:00:00+02:00,46.54999923706055,46.810001373291016,45.709999084472656,45.95000076293945,1914210
2023-06-28 00:00:00+02:00,46.0,46.7599983215332,45.75,46.58000183105469,2618890
2023-06-29 00:00:00+02:00,46.77000045776367,47.13999938964844,46.59000015258789,47.0,1093750
2023-06-30 00:00:00+02:00,46.900001525878906,47.47999954223633,46.40999984741211,47.47999954223633,2171230
2023-07-03 00:00:00+02:00,47.54999923706055,47.79999923706055,47.119998931884766,47.619998931884766,2131020
2023-07-04 00:00:00+02:00,47.41999816894531,47.75,46.70000076293945,47.060001373291016,1272460
2023-07-05 00:00:00+02:00,46.900001525878906,46.900001525878906,46.04999923706055,46.20000076293945,1581750
2023-07-06 00:00:00+02:00,46.0,46.5,45.619998931884766,46.25,1070360
2023-07-07 00:00:00+02:00,46.29999923706055,46.29999923706055,45.380001068115234,45.619998931884766,1161430
2023-07-10 00:00:00+02:00,45.619998931884766,46.70000076293945,45.599998474121094,46.58000183105469,684700
2023-07-11 00:00:00+02:00,46.70000076293945,47.08000183105469,46.5,46.65999984741211,796620
2023-07-12 00:00:00+02:00,46.720001220703125,46.810001373291016,45.97999954223633,46.599998474121094,1023300
2023-07-13 00:00:00+02:00,46.33000183105469,47.04999923706055,46.06999969482422,46.119998931884766,961620
2023-07-14 00:00:00+02:00,46.040000915527344,47.099998474121094,46.040000915527344,46.779998779296875,652750
2023-07-17 00:00:00+02:00,46.810001373291016,47.400001525878906,46.7599983215332,47.13999938964844,892510
2023-07-18 00:00:00+02:00,47.439998626708984,47.439998626708984,46.790000915527344,47.189998626708984,539790
2023-07-19 00:00:00+02:00,47.439998626708984,47.66999816894531,47.029998779296875,47.400001525878906,1025780
2023-07-20 00:00:00+02:00,47.040000915527344,47.5,46.900001525878906,47.2400016784668,769450
2023-07-21 00:00:00+02:00,47.45000076293945,47.7400016784668,47.2400016784668,47.5,910840
2023-07-24 00:00:00+02:00,47.5,48.0,47.45000076293945,48.0,1040170
2023-07-25 00:00:00+02:00,48.0,48.08000183105469,47.5,47.599998474121094,947970
2023-07-26 00:00:00+02:00,47.58000183105469,47.599998474121094,46.900001525878906,47.5,848900
2023-07-27 00:00:00+02:00,47.619998931884766,47.81999969482422,46.0099983215332,46.0099983215332,1775510
2023-07-28 00:00:00+02:00,46.18000030517578,46.2599983215332,45.65999984741211,45.91999816894531,1594820
2023-07-31 00:00:00+02:00,45.970001220703125,46.33000183105469,44.41999816894531,44.630001068115234,2615800
2023-08-01 00:00:00+02:00,44.93000030517578,45.31999969482422,44.630001068115234,44.90999984741211,2084210
2023-08-02 00:00:00+02:00,44.95000076293945,44.95000076293945,44.18000030517578,44.400001525878906,1243460
2023-08-03 00:00:00+02:00,44.099998474121094,44.81999969482422,43.75,44.7400016784668,1585690
2023-08-04 00:00:00+02:00,44.959999084472656,45.630001068115234,44.20000076293945,45.119998931884766,1518620
2023-08-07 00:00:00+02:00,45.04999923706055,45.04999923706055,43.560001373291016,43.77000045776367,1445740
2023-08-08 00:00:00+02:00,43.61000061035156,43.88999938964844,42.849998474121094,43.290000915527344,1831650
2023-08-09 00:00:00+02:00,43.290000915527344,43.959999084472656,42.83000183105469,43.02000045776367,915130
2023-08-10 00:00:00+02:00,43.040000915527344,43.95000076293945,42.65999984741211,43.459999084472656,944850
2023-08-11 00:00:00+02:00,43.130001068115234,43.66999816894531,43.0099983215332,43.150001525878906,452170
2023-08-14 00:00:00+02:00,43.150001525878906,43.7599983215332,43.150001525878906,43.33000183105469,1179070
2023-08-16 00:00:00+02:00,43.20000076293945,43.470001220703125,42.68000030517578,43.22999954223633,793210
2023-08-17 00:00:00+02:00,43.209999084472656,44.349998474121094,42.779998779296875,43.22999954223633,1318740
2023-08-18 00:00:00+02:00,41.0,41.880001068115234,39.529998779296875,39.619998931884766,6419270
2023-08-21 00:00:00+02:00,39.90999984741211,40.16999816894531,38.060001373291016,38.470001220703125,4569490
2023-08-22 00:00:00+02:00,38.70000076293945,38.9900016784668,38.15999984741211,38.439998626708984,3477870
2023-08-23 00:00:00+02:00,38.54999923706055,38.66999816894531,37.209999084472656,37.29999923706055,5002510
2023-08-24 00:00:00+02:00,37.5,38.0099983215332,37.040000915527344,37.4900016784668,2398600
2023-08-25 00:00:00+02:00,37.119998931884766,38.0099983215332,37.0099983215332,37.72999954223633,3918750
2023-08-28 00:00:00+02:00,38.06999969482422,39.11000061035156,37.939998626708984,38.959999084472656,1720120
2023-08-29 00:00:00+02:00,39.04999923706055,39.75,38.41999816894531,39.5,2373340
2023-08-30 00:00:00+02:00,39.560001373291016,39.61000061035156,38.099998474121094,38.18000030517578,1358550
2023-08-31 00:00:00+02:00,38.18000030517578,38.459999084472656,37.709999084472656,37.88999938964844,2739240
2023-09-01 00:00:00+02:00,37.540000915527344,38.33000183105469,37.150001525878906,37.77000045776367,2118820
2023-09-04 00:00:00+02:00,37.650001525878906,37.9900016784668,37.2400016784668,37.5,2479300
2023-09-05 00:00:00+02:00,37.59000015258789,39.20000076293945,37.220001220703125,37.58000183105469,6366020
2023-09-06 00:00:00+02:00,37.709999084472656,38.5,36.95000076293945,38.27000045776367,2041880
2023-09-07 00:00:00+02:00,38.380001068115234,39.22999954223633,37.880001068115234,38.650001525878906,4286870
2023-09-08 00:00:00+02:00,38.65999984741211,38.88999938964844,37.77000045776367,38.380001068115234,2063950
2023-09-11 00:00:00+02:00,38.400001525878906,39.5,38.16999816894531,38.22999954223633,1453570
2023-09-12 00:00:00+02:00,38.29999923706055,38.38999938964844,37.54999923706055,37.7400016784668,1432900
2023-09-13 00:00:00+02:00,37.7400016784668,37.84000015258789,36.939998626708984,37.20000076293945,2212050
2023-09-14 00:00:00+02:00,37.20000076293945,37.59000015258789,36.599998474121094,37.5,1674710
2023-09-15 00:00:00+02:00,37.70000076293945,38.47999954223633,37.5,38.290000915527344,5060770
2023-09-18 00:00:00+02:00,38.290000915527344,39.099998474121094,37.75,38.869998931884766,2958780
2023-09-19 00:00:00+02:00,39.20000076293945,39.310001373291016,36.709999084472656,37.0,8579510
2023-09-20 00:00:00+02:00,36.84000015258789,37.849998474121094,36.29999923706055,37.630001068115234,3425200
2023-09-21 00:00:00+02:00,37.11000061035156,37.61000061035156,36.72999954223633,37.310001373291016,1674960
2023-09-22 00:00:00+02:00,37.29999923706055,37.470001220703125,36.810001373291016,37.380001068115234,1206010
2023-09-25 00:00:00+02:00,37.04999923706055,37.56999969482422,36.849998474121094,37.540000915527344,1700270
2023-09-26 00:00:00+02:00,37.09000015258789,37.36000061035156,35.7599983215332,36.13999938964844,2305270
2023-09-27 00:00:00+02:00,36.13999938964844,36.790000915527344,35.599998474121094,36.02000045776367,2016670
2023-09-28 00:00:00+02:00,36.0,36.0,34.459999084472656,34.779998779296875,3213580
2023-09-29 00:00:00+02:00,34.91999816894531,35.90999984741211,34.79999923706055,35.5,4216390
2023-10-02 00:00:00+02:00,35.529998779296875,35.630001068115234,34.310001373291016,34.4900016784668,1432190
2023-10-03 00:00:00+02:00,34.63999938964844,35.2400016784668,33.90999984741211,34.369998931884766,1908930
2023-10-04 00:00:00+02:00,34.25,35.40999984741211,33.97999954223633,34.58000183105469,2417090
2023-10-05 00:00:00+02:00,35.400001525878906,35.41999816894531,34.16999816894531,34.88999938964844,1711500
2023-10-06 00:00:00+02:00,34.900001525878906,35.5099983215332,34.369998931884766,35.08000183105469,1923600
2023-10-09 00:00:00+02:00,34.900001525878906,36.209999084472656,34.77000045776367,35.90999984741211,1968150
2023-10-10 00:00:00+02:00,36.25,36.59000015258789,35.59000015258789,36.59000015258789,2227190
2023-10-11 00:00:00+02:00,36.689998626708984,37.11000061035156,35.439998626708984,35.959999084472656,3868320
2023-10-12 00:00:00+02:00,35.959999084472656,35.959999084472656,34.5,34.5,3685400
2023-10-13 00:00:00+02:00,34.400001525878906,36.0,33.95000076293945,35.86000061035156,5561770
2023-10-16 00:00:00+02:00,36.970001220703125,37.540000915527344,35.68000030517578,36.599998474121094,6189280
2023-10-17 00:00:00+02:00,36.83000183105469,38.59000015258789,36.36000061035156,38.349998474121094,4572130
2023-10-18 00:00:00+02:00,38.36000061035156,39.13999938964844,38.060001373291016,38.630001068115234,3566550
2023-10-19 00:00:00+02:00,38.5,38.5,37.369998931884766,37.5,2684570
2023-10-20 00:00:00+02:00,37.20000076293945,38.16999816894531,37.099998474121094,37.79999923706055,1834960
2023-10-23 00:00:00+02:00,37.79999923706055,37.95000076293945,37.11000061035156,37.400001525878906,1706730
2023-10-24 00:00:00+02:00,37.5099983215332,38.5,37.31999969482422,37.38999938964844,1906700
2023-10-25 00:00:00+02:00,37.43000030517578,38.33000183105469,36.97999954223633,38.0099983215332,2006240
2023-10-26 00:00:00+02:00,37.689998626708984,39.93000030517578,37.439998626708984,39.83000183105469,2498840
2023-10-27 00:00:00+02:00,39.97999954223633,40.369998931884766,39.43000030517578,39.540000915527344,3386560
2023-10-30 00:00:00+01:00,39.599998474121094,39.70000076293945,38.84000015258789,39.02000045776367,2074620
2023-10-31 00:00:00+01:00,39.04999923706055,40.560001373291016,38.72999954223633,39.849998474121094,4000860
2023-11-02 00:00:00+01:00,39.0,40.61000061035156,38.970001220703125,39.599998474121094,3751280
2023-11-03 00:00:00+01:00,40.279998779296875,43.5,40.060001373291016,42.349998474121094,5430090
2023-11-06 00:00:00+01:00,42.97999954223633,44.33000183105469,42.79999923706055,43.38999938964844,3929750
2023-11-07 00:00:00+01:00,43.29999923706055,43.970001220703125,42.88999938964844,43.349998474121094,2577350
2023-11-08 00:00:00+01:00,43.11000061035156,43.970001220703125,43.099998474121094,43.439998626708984,1988800
2023-11-09 00:00:00+01:00,43.25,43.439998626708984,42.220001220703125,43.0,2536270
2023-11-10 00:00:00+01:00,43.0,43.58000183105469,42.7400016784668,43.439998626708984,1537550
2023-11-13 00:00:00+01:00,43.59000015258789,44.5099983215332,43.459999084472656,43.939998626708984,1703790
2023-11-14 00:00:00+01:00,44.0,44.95000076293945,43.369998931884766,44.77000045776367,1484340
2023-11-15 00:00:00+01:00,44.939998626708984,45.349998474121094,43.52000045776367,43.849998474121094,1795570
2023-11-16 00:00:00+01:00,43.849998474121094,44.650001525878906,43.77000045776367,44.08000183105469,1311370
2023-11-17 00:00:00+01:00,43.83000183105469,44.290000915527344,43.310001373291016,44.15999984741211,1696980
2023-11-20 00:00:00+01:00,44.15999984741211,45.16999816894531,43.810001373291016,44.209999084472656,1582150
2023-11-21 00:00:00+01:00,44.27000045776367,44.70000076293945,43.7599983215332,44.29999923706055,1184080
2023-11-22 00:00:00+01:00,44.099998474121094,44.970001220703125,44.099998474121094,44.65999984741211,912300
2023-11-23 00:00:00+01:00,44.4900016784668,44.630001068115234,44.189998626708984,44.189998626708984,407740
2023-11-24 00:00:00+01:00,44.130001068115234,44.45000076293945,43.95000076293945,44.209999084472656,783910
2023-11-27 00:00:00+01:00,44.0,44.25,43.65999984741211,44.040000915527344,851940
2023-11-28 00:00:00+01:00,43.939998626708984,45.13999938964844,43.810001373291016,44.400001525878906,1948990
2023-11-29 00:00:00+01:00,44.5,45.33000183105469,44.20000076293945,45.0,1689730
2023-11-30 00:00:00+01:00,44.95000076293945,45.2400016784668,44.060001373291016,44.58000183105469,5880950
2023-12-01 00:00:00+01:00,44.599998474121094,45.810001373291016,44.130001068115234,45.650001525878906,1448120
2023-12-04 00:00:00+01:00,45.650001525878906,46.7400016784668,45.400001525878906,46.47999954223633,1299300
2023-12-05 00:00:00+01:00,46.16999816894531,47.150001525878906,46.09000015258789,46.599998474121094,1597850
2023-12-06 00:00:00+01:00,46.619998931884766,47.29999923706055,46.61000061035156,46.849998474121094,948990
2023-12-07 00:00:00+01:00,46.70000076293945,46.84000015258789,45.40999984741211,45.599998474121094,1779780
2023-12-08 00:00:00+01:00,45.900001525878906,46.2400016784668,45.2599983215332,45.43000030517578,888250
2023-12-11 00:00:00+01:00,45.43000030517578,46.22999954223633,45.099998474121094,46.11000061035156,878790
2023-12-12 00:00:00+01:00,45.86000061035156,46.25,45.33000183105469,45.720001220703125,1041710
2023-12-13 00:00:00+01:00,45.54999923706055,46.540000915527344,44.810001373291016,45.09000015258789,1389950
2023-12-14 00:00:00+01:00,46.20000076293945,46.529998779296875,45.70000076293945,45.70000076293945,3575320
2023-12-15 00:00:00+01:00,46.08000183105469,46.79999923706055,45.310001373291016,45.84000015258789,3908760
2023-12-18 00:00:00+01:00,45.599998474121094,46.20000076293945,45.099998474121094,45.9900016784668,1115370
2023-12-19 00:00:00+01:00,46.06999969482422,47.709999084472656,45.4900016784668,46.369998931884766,1647180
2023-12-20 00:00:00+01:00,46.380001068115234,47.099998474121094,45.720001220703125,45.900001525878906,985100
2023-12-21 00:00:00+01:00,45.70000076293945,46.41999816894531,45.599998474121094,46.060001373291016,1416090
2023-12-22 00:00:00+01:00,46.04999923706055,46.18000030517578,45.29999923706055,45.70000076293945,881670
2023-12-27 00:00:00+01:00,45.709999084472656,46.47999954223633,45.2400016784668,46.20000076293945,1340780
2023-12-28 00:00:00+01:00,46.5099983215332,46.900001525878906,46.0,46.130001068115234,615510
2023-12-29 00:00:00+01:00,46.279998779296875,46.619998931884766,45.5,46.06999969482422,1693410
2024-01-02 00:00:00+01:00,46.13999938964844,46.58000183105469,45.47999954223633,45.77000045776367,1059640
2024-01-03 00:00:00+01:00,45.77000045776367,46.20000076293945,45.0,45.630001068115234,1662350
2024-01-04 00:00:00+01:00,45.560001373291016,45.70000076293945,44.970001220703125,45.34000015258789,1620760
2024-01-05 00:00:00+01:00,45.099998474121094,45.47999954223633,44.630001068115234,45.150001525878906,2067080
2024-01-08 00:00:00+01:00,45.119998931884766,45.2400016784668,44.0,45.06999969482422,1503900
2024-01-09 00:00:00+01:00,45.08000183105469,45.650001525878906,44.88999938964844,45.099998474121094,2003070
2024-01-10 00:00:00+01:00,45.099998474121094,46.0099983215332,45.099998474121094,45.9900016784668,1675990
2024-01-11 00:00:00+01:00,45.939998626708984,46.790000915527344,45.900001525878906,46.380001068115234,1189620
2024-01-12 00:00:00+01:00,46.150001525878906,46.150001525878906,40.91999816894531,40.91999816894531,9535460
2024-01-15 00:00:00+01:00,41.29999923706055,42.060001373291016,40.849998474121094,41.4900016784668,3154620
2024-01-16 00:00:00+01:00,41.36000061035156,42.36000061035156,41.11000061035156,41.9900016784668,2044070
2024-01-17 00:00:00+01:00,41.7599983215332,42.029998779296875,40.52000045776367,40.810001373291016,1740420
2024-01-18 00:00:00+01:00,40.810001373291016,41.599998474121094,40.5099983215332,41.13999938964844,2072840
2024-01-19 00:00:00+01:00,41.08000183105469,41.939998626708984,40.720001220703125,41.41999816894531,1644770
2024-01-22 00:00:00+01:00,41.709999084472656,41.970001220703125,40.619998931884766,41.0,2069570
2024-01-23 00:00:00+01:00,41.0,41.72999954223633,40.849998474121094,41.59000015258789,1547710
2024-01-24 00:00:00+01:00,41.63999938964844,42.20000076293945,41.38999938964844,41.900001525878906,1753660
2024-01-25 00:00:00+01:00,41.63999938964844,42.380001068115234,41.5099983215332,42.310001373291016,1298410
2024-01-26 00:00:00+01:00,42.5,42.72999954223633,41.93000030517578,42.540000915527344,1272300
2024-01-29 00:00:00+01:00,42.5,42.689998626708984,42.290000915527344,42.560001373291016,613960
2024-01-30 00:00:00+01:00,42.599998474121094,42.869998931884766,41.95000076293945,42.65999984741211,678190
2024-01-31 00:00:00+01:00,42.619998931884766,43.619998931884766,42.400001525878906,43.38999938964844,1698710
2024-02-01 00:00:00+01:00,43.38999938964844,44.900001525878906,43.20000076293945,44.709999084472656,2391040
2024-02-02 00:00:00+01:00,44.720001220703125,46.5,44.720001220703125,46.400001525878906,3249290
2024-02-05 00:00:00+01:00,46.400001525878906,47.220001220703125,45.619998931884766,45.900001525878906,2619800
2024-02-06 00:00:00+01:00,46.0,46.189998626708984,44.45000076293945,45.0,2010940
2024-02-07 00:00:00+01:00,44.630001068115234,45.47999954223633,44.54999923706055,45.25,1427060
2024-02-08 00:00:00+01:00,45.25,45.599998474121094,43.79999923706055,44.060001373291016,2160390
2024-02-09 00:00:00+01:00,44.0,44.34000015258789,43.560001373291016,43.7400016784668,1902260
2024-02-12 00:00:00+01:00,43.95000076293945,45.04999923706055,43.61000061035156,44.79999923706055,1131580
2024-02-13 00:00:00+01:00,44.79999923706055,45.20000076293945,42.869998931884766,43.13999938964844,1361610
2024-02-14 00:00:00+01:00,43.04999923706055,44.11000061035156,43.0,43.95000076293945,1075600
2024-02-15 00:00:00+01:00,44.02000045776367,45.29999923706055,43.540000915527344,44.9900016784668,1224340
2024-02-16 00:00:00+01:00,45.119998931884766,45.400001525878906,44.439998626708984,44.540000915527344,1180780
2024-02-19 00:00:00+01:00,44.869998931884766,45.65999984741211,44.61000061035156,45.2599983215332,525560
2024-02-20 00:00:00+01:00,45.16999816894531,45.970001220703125,44.91999816894531,45.70000076293945,1137870
2024-02-21 00:00:00+01:00,45.79999923706055,46.2400016784668,45.20000076293945,45.400001525878906,1751850
2024-02-22 00:00:00+01:00,45.86000061035156,46.36000061035156,45.2400016784668,46.04999923706055,2132150
2024-02-23 00:00:00+01:00,46.20000076293945,48.209999084472656,45.869998931884766,47.9900016784668,3063630
2024-02-26 00:00:00+01:00,48.0,48.119998931884766,46.880001068115234,47.20000076293945,1056050
2024-02-27 00:00:00+01:00,47.29999923706055,47.540000915527344,46.2599983215332,46.560001373291016,1510420
2024-02-28 00:00:00+01:00,46.61000061035156,46.61000061035156,45.65999984741211,46.0,1129910
2024-02-29 00:00:00+01:00,46.220001220703125,47.40999984741211,45.90999984741211,46.470001220703125,2329770
2024-03-01 00:00:00+01:00,46.470001220703125,46.70000076293945,45.83000183105469,46.16999816894531,1592900
2024-03-04 00:00:00+01:00,46.290000915527344,47.209999084472656,46.0,46.4900016784668,1577180
2024-03-05 00:00:00+01:00,46.279998779296875,46.34000015258789,45.279998779296875,45.5099983215332,1347230
2024-03-06 00:00:00+01:00,45.599998474121094,46.33000183105469,45.310001373291016,45.66999816894531,1514220
2024-03-07 00:00:00+01:00,44.0,44.400001525878906,41.20000076293945,41.939998626708984,6521390
2024-03-08 00:00:00+01:00,42.099998474121094,42.470001220703125,41.310001373291016,41.939998626708984,2312990
2024-03-11 00:00:00+01:00,42.5,42.599998474121094,41.560001373291016,41.939998626708984,1926450
2024-03-12 00:00:00+01:00,42.279998779296875,43.369998931884766,41.709999084472656,43.029998779296875,3100410
2024-03-13 00:00:00+01:00,43.029998779296875,43.29999923706055,41.5,41.59000015258789,1870720
2024-03-14 00:00:00+01:00,41.95000076293945,42.099998474121094,41.5,41.86000061035156,1974770
2024-03-15 00:00:00+01:00,41.81999969482422,42.709999084472656,40.709999084472656,41.66999816894531,6812030
2024-03-18 00:00:00+01:00,42.20000076293945,42.43000030517578,40.4900016784668,40.959999084472656,2257270
2024-03-19 00:00:00+01:00,40.720001220703125,41.59000015258789,40.5099983215332,41.20000076293945,2327320
2024-03-20 00:00:00+01:00,41.25,41.41999816894531,40.40999984741211,40.599998474121094,2209810
2024-03-21 00:00:00+01:00,41.0,41.54999923706055,40.2400016784668,41.5,3745270
2024-03-22 00:00:00+01:00,38.59000015258789,39.20000076293945,36.599998474121094,36.97999954223633,14865920
2024-03-25 00:00:00+01:00,37.099998474121094,37.77000045776367,36.709999084472656,36.9900016784668,5351000
2024-03-26 00:00:00+01:00,37.130001068115234,37.34000015258789,36.119998931884766,37.18000030517578,4202800
2024-03-27 00:00:00+01:00,37.689998626708984,37.900001525878906,37.290000915527344,37.75,3735940
2024-03-28 00:00:00+01:00,37.90999984741211,38.939998626708984,37.7400016784668,38.77000045776367,3667550
2024-04-02 00:00:00+02:00,38.79999923706055,39.38999938964844,38.130001068115234,38.90999984741211,3663430
2024-04-03 00:00:00+02:00,38.779998779296875,38.83000183105469,37.0,37.06999969482422,3995640
2024-04-04 00:00:00+02:00,37.15999984741211,37.689998626708984,36.599998474121094,37.54999923706055,4137230
2024-04-05 00:00:00+02:00,37.47999954223633,37.47999954223633,36.77000045776367,36.970001220703125,3188370
2024-04-08 00:00:00+02:00,36.970001220703125,37.439998626708984,36.66999816894531,36.97999954223633,2790020
2024-04-09 00:00:00+02:00,37.099998474121094,37.27000045776367,36.43000030517578,36.5,3055790
2024-04-10 00:00:00+02:00,36.72999954223633,37.5099983215332,36.40999984741211,36.97999954223633,2998550
2024-04-11 00:00:00+02:00,37.029998779296875,37.7400016784668,37.02000045776367,37.5,2373310
2024-04-12 00:00:00+02:00,37.58000183105469,37.95000076293945,36.38999938964844,36.560001373291016,2122900
2024-04-15 00:00:00+02:00,36.560001373291016,37.0,36.41999816894531,36.599998474121094,1033900
2024-04-16 00:00:00+02:00,36.5,36.779998779296875,36.150001525878906,36.58000183105469,1666970
2024-04-17 00:00:00+02:00,36.599998474121094,36.689998626708984,35.650001525878906,35.79999923706055,2968900
2024-04-18 00:00:00+02:00,35.79999923706055,36.150001525878906,35.5,36.029998779296875,2833430
2024-04-19 00:00:00+02:00,35.77000045776367,36.79999923706055,35.63999938964844,36.79999923706055,1982090
2024-04-22 00:00:00+02:00,37.0,37.59000015258789,36.709999084472656,37.529998779296875,1747630
2024-04-23 00:00:00+02:00,37.599998474121094,38.79999923706055,37.220001220703125,38.45000076293945,4094450
2024-04-24 00:00:00+02:00,38.59000015258789,39.2599983215332,38.0,38.220001220703125,4448910
2024-04-25 00:00:00+02:00,37.91999816894531,38.45000076293945,36.400001525878906,36.61000061035156,3795920
2024-04-26 00:00:00+02:00,37.310001373291016,39.220001220703125,37.279998779296875,38.5099983215332,6866650
2024-04-29 00:00:00+02:00,38.5,39.09000015258789,38.220001220703125,38.91999816894531,3074380
2024-04-30 00:00:00+02:00,39.18000030517578,39.2599983215332,38.59000015258789,38.9900016784668,2725700
2024-05-02 00:00:00+02:00,39.08000183105469,39.150001525878906,38.439998626708984,38.66999816894531,3186550
2024-05-06 00:00:00+02:00,38.66999816894531,39.79999923706055,38.400001525878906,39.61000061035156,2535690
2024-05-07 00:00:00+02:00,39.79999923706055,40.38999938964844,39.13999938964844,39.63999938964844,3708580
2024-05-08 00:00:00+02:00,39.70000076293945,40.38999938964844,39.65999984741211,39.93000030517578,4464380
2024-05-09 00:00:00+02:00,39.900001525878906,40.119998931884766,39.13999938964844,39.599998474121094,4558160
2024-05-10 00:00:00+02:00,39.0,39.54999923706055,37.84000015258789,39.16999816894531,4783310
2024-05-13 00:00:00+02:00,38.86000061035156,39.150001525878906,38.5,39.0,3388840
2024-05-14 00:00:00+02:00,39.150001525878906,39.41999816894531,38.470001220703125,38.779998779296875,2817960
2024-05-15 00:00:00+02:00,38.7599983215332,39.58000183105469,38.36000061035156,39.400001525878906,1812650
2024-05-16 00:00:00+02:00,39.79999923706055,40.790000915527344,39.40999984741211,40.65999984741211,2522770
2024-05-17 00:00:00+02:00,40.65999984741211,40.9900016784668,40.290000915527344,40.630001068115234,1653000
2024-05-20 00:00:00+02:00,40.75,41.20000076293945,40.65999984741211,41.02000045776367,1075420
2024-05-21 00:00:00+02:00,40.849998474121094,41.189998626708984,40.400001525878906,40.779998779296875,1413990
2024-05-22 00:00:00+02:00,40.709999084472656,41.02000045776367,40.209999084472656,40.65999984741211,1579880
2024-05-23 00:00:00+02:00,40.599998474121094,41.400001525878906,40.400001525878906,40.88999938964844,1200710
2024-05-24 00:00:00+02:00,40.43000030517578,40.93000030517578,40.400001525878906,40.70000076293945,1598040
2024-05-27 00:00:00+02:00,40.70000076293945,40.939998626708984,39.83000183105469,40.029998779296875,909920
2024-05-28 00:00:00+02:00,40.029998779296875,40.349998474121094,39.560001373291016,39.619998931884766,1222820
2024-05-29 00:00:00+02:00,39.5,39.779998779296875,38.83000183105469,39.209999084472656,1499160
2024-05-31 00:00:00+02:00,39.25,40.040000915527344,38.81999969482422,39.209999084472656,5038040
2024-06-03 00:00:00+02:00,39.560001373291016,40.2599983215332,39.5099983215332,39.65999984741211,978820
2024-06-04 00:00:00+02:00,39.7599983215332,40.029998779296875,39.099998474121094,39.150001525878906,1654630
2024-06-05 00:00:00+02:00,39.130001068115234,39.27000045776367,38.349998474121094,38.83000183105469,2117730
2024-06-06 00:00:00+02:00,39.0,39.47999954223633,38.790000915527344,39.08000183105469,1100790
2024-06-07 00:00:00+02:00,39.369998931884766,39.58000183105469,38.599998474121094,38.7400016784668,1193400
2024-06-10 00:00:00+02:00,38.7400016784668,39.619998931884766,38.689998626708984,39.599998474121094,1816530
2024-06-11 00:00:00+02:00,39.599998474121094,39.689998626708984,38.56999969482422,38.95000076293945,1177980
2024-06-12 00:00:00+02:00,38.849998474121094,39.40999984741211,38.16999816894531,39.189998626708984,3280360
2024-06-13 00:00:00+02:00,39.18000030517578,39.63999938964844,38.70000076293945,39.27000045776367,2770410
2024-06-14 00:00:00+02:00,39.27000045776367,39.90999984741211,38.959999084472656,39.810001373291016,1930370
2024-06-17 00:00:00+02:00,39.869998931884766,40.869998931884766,39.689998626708984,40.61000061035156,1476770
2024-06-18 00:00:00+02:00,40.63999938964844,41.0,39.959999084472656,39.959999084472656,1304340
2024-06-19 00:00:00+02:00,40.0,40.52000045776367,39.959999084472656,40.209999084472656,729780
2024-06-20 00:00:00+02:00,40.34000015258789,40.880001068115234,40.04999923706055,40.68000030517578,1273740
2024-06-21 00:00:00+02:00,40.779998779296875,41.720001220703125,40.63999938964844,41.2400016784668,4066040
2024-06-24 00:00:00+02:00,41.2400016784668,41.689998626708984,40.970001220703125,41.43000030517578,2292320
2024-06-25 00:00:00+02:00,41.40999984741211,41.790000915527344,40.959999084472656,41.61000061035156,1865440
2024-06-26 00:00:00+02:00,41.5,42.08000183105469,41.5,41.630001068115234,1968120
2024-06-27 00:00:00+02:00,40.709999084472656,41.599998474121094,40.15999984741211,40.15999984741211,2613010
2024-06-28 00:00:00+02:00,40.869998931884766,41.25,40.20000076293945,40.619998931884766,2054790
2024-07-01 00:00:00+02:00,40.65999984741211,40.93000030517578,39.54999923706055,39.81999969482422,2340760
2024-07-02 00:00:00+02:00,39.81999969482422,39.9900016784668,39.25,39.349998474121094,1263170
2024-07-03 00:00:00+02:00,39.349998474121094,40.119998931884766,39.349998474121094,39.66999816894531,815850
2024-07-04 00:00:00+02:00,39.599998474121094,39.91999816894531,39.13999938964844,39.20000076293945,894440
2024-07-05 00:00:00+02:00,39.18000030517578,39.63999938964844,38.130001068115234,38.5,1541420
2024-07-08 00:00:00+02:00,38.599998474121094,39.04999923706055,38.599998474121094,38.779998779296875,1250580
2024-07-09 00:00:00+02:00,38.95000076293945,39.099998474121094,38.63999938964844,38.849998474121094,1261620
2024-07-10 00:00:00+02:00,39.16999816894531,39.77000045776367,38.849998474121094,39.349998474121094,2773140
2024-07-11 00:00:00+02:00,39.20000076293945,40.189998626708984,39.189998626708984,39.95000076293945,1325600
2024-07-12 00:00:00+02:00,40.0,40.939998626708984,40.0,40.400001525878906,1271730
2024-07-15 00:00:00+02:00,40.5099983215332,40.790000915527344,40.29999923706055,40.75,1037930
2024-07-16 00:00:00+02:00,40.75,40.83000183105469,39.5,39.5099983215332,1346390
2024-07-17 00:00:00+02:00,39.810001373291016,40.400001525878906,38.720001220703125,39.689998626708984,1515750
2024-07-18 00:00:00+02:00,39.689998626708984,40.79999923706055,39.22999954223633,40.72999954223633,1401990
2024-07-19 00:00:00+02:00,40.72999954223633,40.72999954223633,39.97999954223633,40.279998779296875,957860
2024-07-22 00:00:00+02:00,40.65999984741211,40.97999954223633,39.77000045776367,39.83000183105469,1190790
2024-07-23 00:00:00+02:00,39.79999923706055,39.84000015258789,38.77000045776367,38.77000045776367,1163450
2024-07-24 00:00:00+02:00,38.849998474121094,39.0,38.400001525878906,38.689998626708984,1666530
2024-07-25 00:00:00+02:00,36.0,36.08000183105469,33.02000045776367,35.13999938964844,14638030
2024-07-26 00:00:00+02:00,35.369998931884766,35.79999923706055,33.689998626708984,34.38999938964844,6872250
2024-07-29 00:00:00+02:00,34.38999938964844,34.91999816894531,33.970001220703125,34.650001525878906,2540300
2024-07-30 00:00:00+02:00,34.650001525878906,34.88999938964844,33.70000076293945,33.86000061035156,1976000
2024-07-31 00:00:00+02:00,34.0,35.20000076293945,33.58000183105469,35.20000076293945,2764750
2024-08-01 00:00:00+02:00,34.97999954223633,35.349998474121094,34.22999954223633,34.439998626708984,1427080
2024-08-02 00:00:00+02:00,34.369998931884766,34.40999984741211,33.849998474121094,34.09000015258789,1610780
2024-08-05 00:00:00+02:00,33.400001525878906,33.650001525878906,32.31999969482422,32.959999084472656,3483170
2024-08-06 00:00:00+02:00,33.0,33.56999969482422,32.79999923706055,33.09000015258789,2039390
2024-08-07 00:00:00+02:00,33.369998931884766,33.77000045776367,33.27000045776367,33.709999084472656,1474180
2024-08-08 00:00:00+02:00,33.43000030517578,34.38999938964844,33.25,34.310001373291016,1501880
2024-08-09 00:00:00+02:00,34.66999816894531,34.70000076293945,33.040000915527344,33.27000045776367,1718240
2024-08-12 00:00:00+02:00,33.5,34.349998474121094,33.290000915527344,34.310001373291016,1531900
2024-08-13 00:00:00+02:00,34.5,34.790000915527344,33.97999954223633,34.220001220703125,1155210
2024-08-14 00:00:00+02:00,34.43000030517578,34.65999984741211,34.16999816894531,34.279998779296875,1465840
2024-08-16 00:00:00+02:00,34.70000076293945,35.099998474121094,34.349998474121094,34.56999969482422,1772760
2024-08-19 00:00:00+02:00,34.720001220703125,34.95000076293945,34.29999923706055,34.52000045776367,1630690
2024-08-20 00:00:00+02:00,34.599998474121094,34.70000076293945,34.060001373291016,34.060001373291016,1560600
2024-08-21 00:00:00+02:00,34.099998474121094,34.20000076293945,33.63999938964844,34.0,5043990
2024-08-22 00:00:00+02:00,34.29999923706055,34.7400016784668,33.93000030517578,34.650001525878906,2148280
2024-08-23 00:00:00+02:00,30.510000228881836,32.099998474121094,29.68000030517578,31.25,17301710
2024-08-26 00:00:00+02:00,31.399999618530273,32.02000045776367,31.1200008392334,31.8700008392334,2918780
2024-08-27 00:00:00+02:00,32.0,33.04999923706055,31.649999618530273,33.0,1654040
2024-08-28 00:00:00+02:00,33.099998474121094,33.279998779296875,32.16999816894531,32.689998626708984,1124460
2024-08-29 00:00:00+02:00,32.66999816894531,32.900001525878906,31.920000076293945,32.45000076293945,1763190
2024-08-30 00:00:00+02:00,32.5,32.779998779296875,32.189998626708984,32.25,3810910
2024-09-02 00:00:00+02:00,32.25,32.59000015258789,31.59000015258789,32.25,2073690
2024-09-03 00:00:00+02:00,31.959999084472656,32.25,31.510000228881836,31.670000076293945,2804300
2024-09-04 00:00:00+02:00,31.5,31.600000381469727,30.90999984741211,31.399999618530273,2467580
2024-09-05 00:00:00+02:00,31.399999618530273,31.649999618530273,30.690000534057617,30.850000381469727,2022480
2024-09-06 00:00:00+02:00,30.850000381469727,31.56999969482422,30.600000381469727,30.84000015258789,3722950
2024-09-09 00:00:00+02:00,31.149999618530273,31.260000228881836,30.600000381469727,31.1299991607666,1592950
2024-09-10 00:00:00+02:00,31.239999771118164,31.860000610351562,31.100000381469727,31.3700008392334,2200160
2024-09-11 00:00:00+02:00,31.3700008392334,31.729999542236328,31.049999237060547,31.09000015258789,1969130
2024-09-12 00:00:00+02:00,31.31999969482422,31.5,30.579999923706055,30.579999923706055,2355580
2024-09-13 00:00:00+02:00,30.510000228881836,31.079999923706055,29.899999618530273,30.899999618530273,1917430
2024-09-16 00:00:00+02:00,30.899999618530273,31.0,30.229999542236328,30.329999923706055,1601860
2024-09-17 00:00:00+02:00,30.40999984741211,31.540000915527344,30.40999984741211,31.5,3707990
2024-09-18 00:00:00+02:00,31.5,31.700000762939453,30.889999389648438,31.229999542236328,4551150
2024-09-19 00:00:00+02:00,31.799999237060547,33.31999969482422,31.770000457763672,33.209999084472656,7350270
2024-09-20 00:00:00+02:00,33.220001220703125,33.43000030517578,31.299999237060547,31.530000686645508,10089960
2024-09-23 00:00:00+02:00,31.790000915527344,33.279998779296875,31.450000762939453,32.869998931884766,5882470
2024-09-24 00:00:00+02:00,33.22999954223633,34.130001068115234,32.869998931884766,33.79999923706055,3934780
2024-09-25 00:00:00+02:00,34.20000076293945,35.54999923706055,34.040000915527344,35.5,5088300
2024-09-26 00:00:00+02:00,35.599998474121094,36.27000045776367,35.34000015258789,36.0,4634400
2024-09-27 00:00:00+02:00,36.29999923706055,36.56999969482422,35.91999816894531,35.9900016784668,4326350
2024-09-30 00:00:00+02:00,36.29999923706055,36.790000915527344,34.84000015258789,35.06999969482422,2731820
2024-10-01 00:00:00+02:00,35.0,35.0,34.11000061035156,34.20000076293945,2747830
2024-10-02 00:00:00+02:00,34.0,34.77000045776367,33.630001068115234,34.15999984741211,1529990
2024-10-03 00:00:00+02:00,34.2400016784668,34.400001525878906,33.619998931884766,33.81999969482422,2990910
2024-10-04 00:00:00+02:00,34.189998626708984,34.400001525878906,33.58000183105469,34.0,3166610
2024-10-07 00:00:00+02:00,34.0,36.2400016784668,34.0,35.9900016784668,6988300
2024-10-08 00:00:00+02:00,35.900001525878906,36.459999084472656,35.619998931884766,35.70000076293945,7020740
2024-10-09 00:00:00+02:00,35.70000076293945,36.43000030517578,35.459999084472656,35.61000061035156,2356180
2024-10-10 00:00:00+02:00,35.59000015258789,36.13999938964844,34.90999984741211,35.68000030517578,3218720
2024-10-11 00:00:00+02:00,36.0,36.08000183105469,34.959999084472656,34.959999084472656,2762260
2024-10-14 00:00:00+02:00,34.97999954223633,35.56999969482422,34.43000030517578,35.040000915527344,4700640
2024-10-15 00:00:00+02:00,35.400001525878906,35.77000045776367,34.20000076293945,34.400001525878906,2771510
2024-10-16 00:00:00+02:00,34.45000076293945,34.959999084472656,34.02000045776367,34.59000015258789,5491740
2024-10-17 00:00:00+02:00,34.52000045776367,34.650001525878906,33.13999938964844,33.290000915527344,3034490
2024-10-18 00:00:00+02:00,33.70000076293945,33.70000076293945,33.22999954223633,33.38999938964844,1928150
2024-10-21 00:00:00+02:00,33.400001525878906,33.970001220703125,33.0099983215332,33.369998931884766,1752940
2024-10-22 00:00:00+02:00,33.349998474121094,33.54999923706055,33.0099983215332,33.22999954223633,4111800
2024-10-23 00:00:00+02:00,33.0,33.459999084472656,32.529998779296875,33.0099983215332,2728370
2024-10-24 00:00:00+02:00,33.0,33.65999984741211,32.349998474121094,32.349998474121094,4255130
2024-10-25 00:00:00+02:00,32.29999923706055,32.540000915527344,31.93000030517578,32.22999954223633,1887590
2024-10-28 00:00:00+01:00,32.4900016784668,33.27000045776367,32.27000045776367,33.27000045776367,1734110
2024-10-29 00:00:00+01:00,33.27000045776367,33.619998931884766,33.0099983215332,33.5,1752060
2024-10-30 00:00:00+01:00,33.369998931884766,33.41999816894531,32.33000183105469,32.59000015258789,2464410
2024-10-31 00:00:00+01:00,32.54999923706055,34.709999084472656,32.54999923706055,33.16999816894531,5553150
2024-11-04 00:00:00+01:00,33.56999969482422,34.619998931884766,32.86000061035156,34.38999938964844,2741530
2024-11-05 00:00:00+01:00,34.5,34.58000183105469,33.619998931884766,33.88999938964844,2595960
2024-11-06 00:00:00+01:00,33.900001525878906,34.7599983215332,33.88999938964844,34.400001525878906,2312420
2024-11-07 00:00:00+01:00,34.20000076293945,34.97999954223633,34.20000076293945,34.5,1635240
2024-11-08 00:00:00+01:00,36.5,39.81999969482422,36.5,39.400001525878906,10153040
2024-11-12 00:00:00+01:00,39.400001525878906,41.5,38.779998779296875,40.439998626708984,6546120
2024-11-13 00:00:00+01:00,40.599998474121094,40.7400016784668,39.04999923706055,39.31999969482422,4709560
2024-11-14 00:00:00+01:00,39.29999923706055,40.150001525878906,38.7400016784668,39.95000076293945,3992240
2024-11-15 00:00:00+01:00,39.93000030517578,40.16999816894531,38.849998474121094,38.91999816894531,4339830
2024-11-18 00:00:00+01:00,39.099998474121094,39.560001373291016,38.650001525878906,39.040000915527344,1221160
2024-11-19 00:00:00+01:00,39.040000915527344,39.27000045776367,38.119998931884766,38.380001068115234,4139810
2024-11-20 00:00:00+01:00,39.0099983215332,39.869998931884766,38.619998931884766,39.27000045776367,2054650
2024-11-21 00:00:00+01:00,38.88999938964844,39.9900016784668,38.88999938964844,39.75,2133310
2024-11-22 00:00:00+01:00,39.75,40.04999923706055,39.31999969482422,39.630001068115234,2488630
2024-11-25 00:00:00+01:00,40.0,40.16999816894531,39.130001068115234,39.130001068115234,4032190
2024-11-26 00:00:00+01:00,39.130001068115234,40.540000915527344,39.0099983215332,39.709999084472656,1504360
2024-11-27 00:00:00+01:00,39.63999938964844,39.93000030517578,39.029998779296875,39.29999923706055,1179780
2024-11-28 00:00:00+01:00,39.25,39.5,38.349998474121094,38.70000076293945,854270
2024-11-29 00:00:00+01:00,38.599998474121094,39.27000045776367,38.5,38.59000015258789,1528010
2024-12-02 00:00:00+01:00,38.88999938964844,39.380001068115234,38.66999816894531,39.119998931884766,1410500
2024-12-03 00:00:00+01:00,39.119998931884766,40.150001525878906,39.09000015258789,39.40999984741211,1406090
2024-12-04 00:00:00+01:00,39.5099983215332,40.27000045776367,39.33000183105469,39.880001068115234,1520330
2024-12-05 00:00:00+01:00,39.88999938964844,41.290000915527344,39.880001068115234,41.20000076293945,2160310
2024-12-06 00:00:00+01:00,41.11000061035156,41.36000061035156,40.5,40.77000045776367,1710140
2024-12-09 00:00:00+01:00,40.939998626708984,41.18000030517578,40.54999923706055,40.54999923706055,1381160
2024-12-10 00:00:00+01:00,40.13999938964844,40.900001525878906,40.029998779296875,40.56999969482422,1565990
2024-12-11 00:00:00+01:00,41.029998779296875,41.29999923706055,40.5,41.22999954223633,1812970
2024-12-12 00:00:00+01:00,41.20000076293945,41.5,40.59000015258789,40.880001068115234,1818120
2024-12-13 00:00:00+01:00,40.9900016784668,41.150001525878906,40.439998626708984,40.439998626708984,1699370
2024-12-16 00:00:00+01:00,40.27000045776367,40.5,39.79999923706055,40.22999954223633,1322100
2024-12-17 00:00:00+01:00,40.220001220703125,40.349998474121094,40.0,40.20000076293945,1569800
2024-12-18 00:00:00+01:00,40.20000076293945,40.869998931884766,39.869998931884766,40.0,1080810
2024-12-19 00:00:00+01:00,40.04999923706055,40.150001525878906,39.59000015258789,39.81999969482422,1462250
2024-12-20 00:00:00+01:00,39.84000015258789,40.0,38.7599983215332,39.560001373291016,2298250
2024-12-23 00:00:00+01:00,39.43000030517578,39.79999923706055,39.15999984741211,39.290000915527344,813570
2024-12-27 00:00:00+01:00,39.290000915527344,39.779998779296875,38.5,39.4900016784668,803330
2024-12-30 00:00:00+01:00,39.5,39.91999816894531,38.939998626708984,38.97999954223633,864450
2025-01-02 00:00:00+01:00,39.150001525878906,40.2599983215332,39.099998474121094,40.11000061035156,1534280
2025-01-03 00:00:00+01:00,40.09000015258789,40.630001068115234,39.720001220703125,40.29999923706055,985720
2025-01-07 00:00:00+01:00,40.5,40.810001373291016,39.70000076293945,39.70000076293945,1759200
2025-01-08 00:00:00+01:00,39.70000076293945,39.70000076293945,38.900001525878906,39.13999938964844,2452140
2025-01-09 00:00:00+01:00,39.0,40.470001220703125,38.810001373291016,40.29999923706055,2398560
2025-01-10 00:00:00+01:00,40.29999923706055,40.779998779296875,40.0099983215332,40.70000076293945,1344490
2025-01-13 00:00:00+01:00,40.630001068115234,40.630001068115234,39.75,39.75,2227000
2025-01-14 00:00:00+01:00,39.70000076293945,41.16999816894531,39.08000183105469,41.0,2472910
2025-01-15 00:00:00+01:00,41.04999923706055,44.20000076293945,41.0,43.36000061035156,7455250
2025-01-16 00:00:00+01:00,43.36000061035156,43.790000915527344,43.13999938964844,43.540000915527344,2102310
2025-01-17 00:00:00+01:00,43.540000915527344,44.18000030517578,42.97999954223633,43.58000183105469,2382810
2025-01-20 00:00:00+01:00,43.25,44.13999938964844,43.2400016784668,44.11000061035156,998890
2025-01-21 00:00:00+01:00,44.0,44.0,43.400001525878906,43.79999923706055,1587640
2025-01-22 00:00:00+01:00,43.900001525878906,45.16999816894531,43.79999923706055,44.790000915527344,1688350
2025-01-23 00:00:00+01:00,44.83000183105469,45.349998474121094,44.529998779296875,45.099998474121094,2842800
2025-01-24 00:00:00+01:00,45.04999923706055,45.16999816894531,44.20000076293945,44.79999923706055,3398060
2025-01-27 00:00:00+01:00,44.119998931884766,45.599998474121094,44.11000061035156,45.5099983215332,2095610
2025-01-28 00:00:00+01:00,45.5,46.810001373291016,45.380001068115234,46.56999969482422,3458210
2025-01-29 00:00:00+01:00,46.5,46.77000045776367,45.75,45.75,10787280
2025-01-30 00:00:00+01:00,45.599998474121094,45.79999923706055,43.90999984741211,44.599998474121094,5309920
2025-01-31 00:00:00+01:00,44.599998474121094,45.400001525878906,44.56999969482422,45.029998779296875,2608940
2025-02-03 00:00:00+01:00,43.83000183105469,44.9900016784668,42.540000915527344,44.880001068115234,2065950
2025-02-04 00:00:00+01:00,45.0,45.75,44.31999969482422,44.9900016784668,927230
2025-02-05 00:00:00+01:00,45.11000061035156,45.79999923706055,44.90999984741211,45.66999816894531,1582890
2025-02-06 00:00:00+01:00,46.0,46.13999938964844,45.099998474121094,45.459999084472656,1493650
2025-02-07 00:00:00+01:00,45.52000045776367,46.0,45.29999923706055,45.93000030517578,1184460
2025-02-10 00:00:00+01:00,45.79999923706055,46.290000915527344,45.41999816894531,46.09000015258789,1251680
2025-02-11 00:00:00+01:00,46.0,46.529998779296875,45.84000015258789,46.5,1870230
2025-02-12 00:00:00+01:00,46.58000183105469,47.11000061035156,46.25,46.900001525878906,1652570
2025-02-13 00:00:00+01:00,46.79999923706055,47.33000183105469,46.439998626708984,47.33000183105469,1686980
2025-02-14 00:00:00+01:00,47.29999923706055,48.34000015258789,47.0,47.290000915527344,2904210
2025-02-17 00:00:00+01:00,47.290000915527344,47.810001373291016,46.81999969482422,47.599998474121094,1551220
2025-02-18 00:00:00+01:00,47.36000061035156,49.79999923706055,47.36000061035156,49.439998626708984,2767940
2025-02-19 00:00:00+01:00,49.400001525878906,49.529998779296875,48.04999923706055,48.400001525878906,5619640
2025-02-20 00:00:00+01:00,48.5,48.70000076293945,47.709999084472656,48.11000061035156,6597470
2025-02-21 00:00:00+01:00,48.11000061035156,48.7400016784668,48.11000061035156,48.5099983215332,2028390
2025-02-24 00:00:00+01:00,48.36000061035156,48.470001220703125,47.099998474121094,47.5,2723110
2025-02-25 00:00:00+01:00,47.5,48.099998474121094,47.11000061035156,47.630001068115234,1322750
2025-02-26 00:00:00+01:00,48.11000061035156,48.5,47.79999923706055,48.06999969482422,2315290
2025-02-27 00:00:00+01:00,47.79999923706055,48.0,47.13999938964844,47.279998779296875,2093850
2025-02-28 00:00:00+01:00,47.279998779296875,50.34000015258789,47.27000045776367,49.560001373291016,11051400
2025-03-03 00:00:00+01:00,49.040000915527344,50.060001373291016,48.40999984741211,50.0,3579860
2025-03-04 00:00:00+01:00,49.849998474121094,49.849998474121094,48.619998931884766,48.810001373291016,1964720
2025-03-05 00:00:00+01:00,48.900001525878906,49.08000183105469,48.2400016784668,48.81999969482422,2668090
2025-03-06 00:00:00+01:00,48.630001068115234,48.95000076293945,48.38999938964844,48.5099983215332,2354610
2025-03-07 00:00:00+01:00,48.4900016784668,48.75,47.650001525878906,48.380001068115234,1628020
2025-03-10 00:00:00+01:00,47.689998626708984,48.38999938964844,46.47999954223633,46.900001525878906,3297850
2025-03-11 00:00:00+01:00,46.650001525878906,47.38999938964844,46.36000061035156,46.720001220703125,1961930
2025-03-12 00:00:00+01:00,46.630001068115234,47.650001525878906,46.599998474121094,47.5,1372880
2025-03-13 00:00:00+01:00,47.5,48.06999969482422,47.5,47.880001068115234,1901530
2025-03-14 00:00:00+01:00,47.790000915527344,48.4900016784668,47.599998474121094,48.29999923706055,1891610
2025-03-17 00:00:00+01:00,48.29999923706055,48.619998931884766,48.119998931884766,48.560001373291016,1526740
2025-03-18 00:00:00+01:00,48.619998931884766,49.5,48.5,49.11000061035156,1819130
2025-03-19 00:00:00+01:00,48.869998931884766,49.220001220703125,48.56999969482422,48.81999969482422,1466890
2025-03-20 00:00:00+01:00,49.0,49.11000061035156,46.25,46.61000061035156,5277950
2025-03-21 00:00:00+01:00,46.61000061035156,46.689998626708984,45.43000030517578,45.88999938964844,7931590
2025-03-24 00:00:00+01:00,45.939998626708984,46.2599983215332,45.560001373291016,46.130001068115234,2676000
2025-03-25 00:00:00+01:00,45.599998474121094,46.0,44.86000061035156,45.58000183105469,2656240
2025-03-26 00:00:00+01:00,45.310001373291016,45.5,44.25,44.52000045776367,3344160
2025-03-27 00:00:00+01:00,44.099998474121094,45.970001220703125,44.06999969482422,45.720001220703125,4747960
2025-03-28 00:00:00+01:00,44.900001525878906,46.38999938964844,44.880001068115234,45.599998474121094,1580980
2025-03-31 00:00:00+02:00,45.20000076293945,45.84000015258789,44.66999816894531,45.13999938964844,2914580
2025-04-01 00:00:00+02:00,45.29999923706055,46.060001373291016,45.119998931884766,45.5099983215332,1126900
2025-04-02 00:00:00+02:00,45.5,46.33000183105469,45.29999923706055,46.15999984741211,2223280
2025-04-03 00:00:00+02:00,45.599998474121094,46.13999938964844,44.52000045776367,45.439998626708984,3057340
2025-04-04 00:00:00+02:00,45.099998474121094,47.22999954223633,44.290000915527344,44.77000045776367,6050420
2025-04-07 00:00:00+02:00,43.13999938964844,44.959999084472656,41.959999084472656,43.970001220703125,3836700
2025-04-08 00:00:00+02:00,43.90999984741211,45.36000061035156,43.06999969482422,45.20000076293945,2658220
2025-04-09 00:00:00+02:00,44.20000076293945,45.93000030517578,44.18000030517578,45.34000015258789,3488310
2025-04-10 00:00:00+02:00,47.5,47.70000076293945,46.150001525878906,46.790000915527344,3157680
2025-04-11 00:00:00+02:00,46.70000076293945,47.189998626708984,46.119998931884766,46.599998474121094,1430760
2025-04-14 00:00:00+02:00,47.16999816894531,48.77000045776367,46.599998474121094,48.68000030517578,3055800
2025-04-15 00:00:00+02:00,48.790000915527344,49.2400016784668,48.18000030517578,48.79999923706055,2195980
2025-04-16 00:00:00+02:00,48.79999923706055,49.45000076293945,48.59000015258789,49.25,2599300
2025-04-17 00:00:00+02:00,49.25,51.13999938964844,49.25,50.81999969482422,3133060
2025-04-22 00:00:00+02:00,50.81999969482422,52.779998779296875,50.79999923706055,51.97999954223633,3205380
2025-04-23 00:00:00+02:00,52.5,52.880001068115234,51.720001220703125,52.0,3594830
2025-04-24 00:00:00+02:00,51.79999923706055,52.279998779296875,50.7400016784668,52.2599983215332,2869530
2025-04-25 00:00:00+02:00,52.0,53.08000183105469,52.0,53.060001373291016,2064640
2025-04-28 00:00:00+02:00,53.20000076293945,54.220001220703125,53.119998931884766,53.34000015258789,2510760
2025-04-29 00:00:00+02:00,53.34000015258789,54.31999969482422,53.34000015258789,53.63999938964844,2714000
2025-04-30 00:00:00+02:00,53.34000015258789,54.18000030517578,52.439998626708984,52.880001068115234,3114630
2025-05-02 00:00:00+02:00,53.47999954223633,54.119998931884766,52.959999084472656,53.720001220703125,3358980
2025-05-05 00:00:00+02:00,53.70000076293945,53.900001525878906,52.7400016784668,53.720001220703125,1380310
2025-05-06 00:00:00+02:00,53.70000076293945,53.70000076293945,52.720001220703125,53.47999954223633,1829130
2025-05-07 00:00:00+02:00,53.70000076293945,54.400001525878906,53.31999969482422,53.779998779296875,2014160
2025-05-08 00:00:00+02:00,54.540000915527344,56.0,54.29999923706055,55.619998931884766,5427630
2025-05-09 00:00:00+02:00,55.720001220703125,56.08000183105469,54.7400016784668,54.91999816894531,1735810
2025-05-12 00:00:00+02:00,55.5,56.20000076293945,54.97999954223633,54.97999954223633,1110840
2025-05-13 00:00:00+02:00,55.0,55.400001525878906,54.439998626708984,54.97999954223633,1015510
2025-05-14 00:00:00+02:00,55.400001525878906,55.880001068115234,54.20000076293945,55.08000183105469,1730400
2025-05-15 00:00:00+02:00,55.040000915527344,55.599998474121094,54.560001373291016,55.560001373291016,1896070
2025-05-16 00:00:00+02:00,55.5,55.540000915527344,51.400001525878906,52.02000045776367,6263270
2025-05-19 00:00:00+02:00,52.380001068115234,53.439998626708984,51.400001525878906,53.2400016784668,2801370
2025-05-20 00:00:00+02:00,53.29999923706055,53.70000076293945,52.81999969482422,53.380001068115234,1579000
2025-05-21 00:00:00+02:00,53.5,53.7599983215332,52.279998779296875,52.720001220703125,1195330
2025-05-22 00:00:00+02:00,52.58000183105469,52.7400016784668,52.0,52.7400016784668,1309630
2025-05-23 00:00:00+02:00,52.47999954223633,53.220001220703125,51.5,52.720001220703125,827620
2025-05-26 00:00:00+02:00,52.720001220703125,54.599998474121094,52.5,54.47999954223633,1100530
2025-05-27 00:00:00+02:00,54.099998474121094,55.34000015258789,53.84000015258789,55.099998474121094,1099990
2025-05-28 00:00:00+02:00,55.47999954223633,55.79999923706055,54.97999954223633,55.29999923706055,1896710
2025-05-29 00:00:00+02:00,55.560001373291016,55.79999923706055,54.2599983215332,54.599998474121094,1910300
2025-05-30 00:00:00+02:00,54.2599983215332,55.15999984741211,53.34000015258789,54.959999084472656,3182050
2025-06-02 00:00:00+02:00,53.13999938964844,54.79999923706055,53.13999938964844,54.099998474121094,2830320
2025-06-03 00:00:00+02:00,54.439998626708984,54.619998931884766,53.08000183105469,54.220001220703125,1655470
2025-06-04 00:00:00+02:00,54.2400016784668,54.5,53.63999938964844,53.880001068115234,1367580
2025-06-05 00:00:00+02:00,53.86000061035156,55.02000045776367,52.02000045776367,52.41999816894531,2805590
2025-06-06 00:00:00+02:00,52.5,52.560001373291016,50.880001068115234,51.79999923706055,2426210
2025-06-09 00:00:00+02:00,52.02000045776367,52.79999923706055,51.36000061035156,52.08000183105469,891710
2025-06-10 00:00:00+02:00,52.34000015258789,53.5,52.18000030517578,53.13999938964844,2403790
2025-06-11 00:00:00+02:00,53.29999923706055,53.29999923706055,51.220001220703125,52.459999084472656,1574570
2025-06-12 00:00:00+02:00,52.70000076293945,52.70000076293945,51.02000045776367,51.380001068115234,1695970
2025-06-13 00:00:00+02:00,50.20000076293945,51.040000915527344,50.02000045776367,50.7599983215332,1913660
2025-06-16 00:00:00+02:00,50.7599983215332,51.84000015258789,50.29999923706055,51.5,1029550
2025-06-17 00:00:00+02:00,51.599998474121094,51.619998931884766,50.060001373291016,50.63999938964844,1618500
2025-06-18 00:00:00+02:00,50.97999954223633,51.279998779296875,50.31999969482422,50.79999923706055,1096310
2025-06-20 00:00:00+02:00,51.099998474121094,51.20000076293945,50.52000045776367,51.0,2147830
2025-06-23 00:00:00+02:00,50.720001220703125,50.900001525878906,49.77000045776367,50.2599983215332,873570
2025-06-24 00:00:00+02:00,50.65999984741211,51.119998931884766,50.459999084472656,50.560001373291016,1396050
2025-06-25 00:00:00+02:00,50.86000061035156,51.599998474121094,50.84000015258789,51.279998779296875,1608020
2025-06-26 00:00:00+02:00,51.20000076293945,51.939998626708984,51.0,51.560001373291016,1097920
2025-06-27 00:00:00+02:00,51.560001373291016,52.18000030517578,51.380001068115234,52.18000030517578,1592290
2025-06-30 00:00:00+02:00,52.5,53.0,52.13999938964844,52.599998474121094,1476120
2025-07-01 00:00:00+02:00,52.81999969482422,53.060001373291016,51.97999954223633,52.20000076293945,1496190
2025-07-02 00:00:00+02:00,51.619998931884766,51.79999923706055,50.459999084472656,50.58000183105469,1663000
2025-07-03 00:00:00+02:00,51.0,52.20000076293945,50.959999084472656,52.15999984741211,5166610
2025-07-04 00:00:00+02:00,51.939998626708984,52.36000061035156,51.2400016784668,52.20000076293945,1211370
2025-07-07 00:00:00+02:00,52.29999923706055,52.560001373291016,52.060001373291016,52.439998626708984,1958490
2025-07-08 00:00:00+02:00,52.400001525878906,53.02000045776367,52.34000015258789,52.70000076293945,5189120
2025-07-09 00:00:00+02:00,52.720001220703125,54.599998474121094,52.47999954223633,54.400001525878906,2521120
2025-07-10 00:00:00+02:00,54.459999084472656,54.540000915527344,52.70000076293945,52.70000076293945,1510210
2025-07-11 00:00:00+02:00,53.0,53.58000183105469,52.58000183105469,52.79999923706055,737360
2025-07-14 00:00:00+02:00,52.81999969482422,53.36000061035156,52.220001220703125,53.099998474121094,831790
2025-07-15 00:00:00+02:00,53.220001220703125,53.720001220703125,51.81999969482422,52.29999923706055,1738650
2025-07-16 00:00:00+02:00,52.439998626708984,52.86000061035156,50.41999816894531,50.41999816894531,1670950
2025-07-17 00:00:00+02:00,50.47999954223633,51.380001068115234,50.47999954223633,51.119998931884766,921710
2025-07-18 00:00:00+02:00,51.41999816894531,52.29999923706055,50.7599983215332,50.900001525878906,1929380
2025-07-21 00:00:00+02:00,51.220001220703125,51.5,50.7400016784668,51.040000915527344,1089620
2025-07-22 00:00:00+02:00,51.20000076293945,51.2400016784668,50.02000045776367,50.20000076293945,1101610
2025-07-23 00:00:00+02:00,50.5,50.79999923706055,49.70000076293945,50.060001373291016,1392120
2025-07-24 00:00:00+02:00,50.060001373291016,50.47999954223633,49.650001525878906,49.9900016784668,2412460
2025-07-25 00:00:00+02:00,50.0,51.41999816894531,49.70000076293945,51.20000076293945,2452120
2025-07-28 00:00:00+02:00,51.34000015258789,52.060001373291016,49.33000183105469,49.33000183105469,3483940
2025-07-29 00:00:00+02:00,49.5,50.900001525878906,49.400001525878906,50.79999923706055,1646870
2025-07-30 00:00:00+02:00,50.400001525878906,50.439998626708984,49.72999954223633,50.20000076293945,1361320
2025-07-31 00:00:00+02:00,50.70000076293945,51.20000076293945,48.900001525878906,49.61000061035156,1678592
2025-08-01 00:00:00+02:00,49.9900016784668,50.099998474121094,47.099998474121094,47.5099983215332,2734862
2025-08-04 00:00:00+02:00,47.66999816894531,48.41999816894531,47.15999984741211,47.79999923706055,1721330
2025-08-05 00:00:00+02:00,48.0,48.61000061035156,47.150001525878906,48.470001220703125,2045351
2025-08-06 00:00:00+02:00,48.470001220703125,49.040000915527344,47.900001525878906,48.54999923706055,2140610
2025-08-07 00:00:00+02:00,48.83000183105469,49.099998474121094,48.0,48.16999816894531,2232305
2025-08-08 00:00:00+02:00,48.220001220703125,48.34000015258789,47.31999969482422,47.75,1695440
2025-08-11 00:00:00+02:00,47.959999084472656,48.11000061035156,47.119998931884766,47.54999923706055,1743619
2025-08-12 00:00:00+02:00,47.75,47.81999969482422,46.63999938964844,47.27000045776367,2023021
2025-08-13 00:00:00+02:00,47.29999923706055,47.939998626708984,47.0,47.5,2720255
2025-08-14 00:00:00+02:00,47.0,47.43000030517578,46.2599983215332,47.220001220703125,1887861
2025-08-18 00:00:00+02:00,47.959999084472656,48.779998779296875,47.61000061035156,48.380001068115234,1988069
2025-08-19 00:00:00+02:00,48.70000076293945,49.0,47.52000045776367,48.970001220703125,1620830
2025-08-20 00:00:00+02:00,48.599998474121094,50.36000061035156,48.31999969482422,49.630001068115234,1932183
2025-08-21 00:00:00+02:00,49.880001068115234,50.68000030517578,49.369998931884766,49.63999938964844,2506751
2025-08-22 00:00:00+02:00,46.849998474121094,47.900001525878906,44.900001525878906,46.0,10579082
2025-08-25 00:00:00+02:00,46.20000076293945,46.63999938964844,45.54999923706055,45.70000076293945,2453896
2025-08-26 00:00:00+02:00,45.84000015258789,46.93000030517578,45.54999923706055,46.060001373291016,4174008
2025-08-27 00:00:00+02:00,46.099998474121094,46.470001220703125,45.29999923706055,45.380001068115234,1300062
2025-08-28 00:00:00+02:00,45.599998474121094,45.79999923706055,44.84000015258789,45.099998474121094,1432210
2025-08-29 00:00:00+02:00,45.33000183105469,45.81999969482422,44.95000076293945,45.43000030517578,1820081
2025-09-01 00:00:00+02:00,45.459999084472656,45.83000183105469,45.150001525878906,45.61000061035156,1138871
2025-09-02 00:00:00+02:00,45.61000061035156,46.0,45.02000045776367,45.400001525878906,1949581
2025-09-03 00:00:00+02:00,45.5,46.79999923706055,45.290000915527344,46.15999984741211,1487614
2025-09-04 00:00:00+02:00,46.29999923706055,48.08000183105469,46.15999984741211,47.560001373291016,2048349
2025-09-05 00:00:00+02:00,47.880001068115234,48.209999084472656,47.310001373291016,47.41999816894531,1290639
2025-09-08 00:00:00+02:00,47.79999923706055,48.029998779296875,47.459999084472656,47.709999084472656,1105772
2025-09-09 00:00:00+02:00,47.709999084472656,48.0,46.7599983215332,47.0,1236355
2025-09-10 00:00:00+02:00,46.599998474121094,47.130001068115234,45.880001068115234,46.61000061035156,2121650
2025-09-11 00:00:00+02:00,46.630001068115234,47.0,46.45000076293945,46.959999084472656,1363816
2025-09-12 00:00:00+02:00,46.959999084472656,47.25,46.45000076293945,46.70000076293945,900766
2025-09-15 00:00:00+02:00,46.709999084472656,47.16999816894531,46.5099983215332,47.0,1378374
2025-09-16 00:00:00+02:00,47.130001068115234,47.27000045776367,45.70000076293945,45.79999923706055,1130709
2025-09-17 00:00:00+02:00,46.029998779296875,46.4900016784668,45.869998931884766,46.220001220703125,1004219
2025-09-18 00:00:00+02:00,46.18000030517578,47.0,45.86000061035156,46.310001373291016,1346677
2025-09-19 00:00:00+02:00,46.380001068115234,46.65999984741211,45.630001068115234,45.77000045776367,1946917
2025-09-22 00:00:00+02:00,45.75,46.380001068115234,45.099998474121094,46.380001068115234,2117002
2025-09-23 00:00:00+02:00,46.400001525878906,46.779998779296875,46.02000045776367,46.029998779296875,956608
2025-09-24 00:00:00+02:00,45.97999954223633,46.02000045776367,45.290000915527344,45.369998931884766,1474351
2025-09-25 00:00:00+02:00,45.29999923706055,45.31999969482422,44.369998931884766,44.5,2121906
2025-09-26 00:00:00+02:00,43.93000030517578,44.349998474121094,42.66999816894531,43.029998779296875,4951138
2025-09-29 00:00:00+02:00,43.310001373291016,43.619998931884766,42.75,42.939998626708984,1872985
2025-09-30 00:00:00+02:00,42.040000915527344,43.779998779296875,41.43000030517578,43.75,2858574
2025-10-01 00:00:00+02:00,43.529998779296875,43.70000076293945,42.650001525878906,43.209999084472656,2078873
2025-10-02 00:00:00+02:00,43.630001068115234,43.65999984741211,43.029998779296875,43.33000183105469,1715109
2025-10-03 00:00:00+02:00,43.5,43.650001525878906,42.22999954223633,42.84000015258789,1954350
2025-10-06 00:00:00+02:00,43.08000183105469,44.11000061035156,42.619998931884766,43.02000045776367,2392813
2025-10-07 00:00:00+02:00,43.099998474121094,43.650001525878906,42.79999923706055,43.22999954223633,2055376
2025-10-08 00:00:00+02:00,43.20000076293945,43.70000076293945,42.939998626708984,43.70000076293945,1532342
2025-10-09 00:00:00+02:00,43.70000076293945,43.790000915527344,43.0,43.63999938964844,1614146
2025-10-10 00:00:00+02:00,43.20000076293945,43.7599983215332,43.15999984741211,43.720001220703125,1218187
2025-10-13 00:00:00+02:00,43.599998474121094,44.290000915527344,43.22999954223633,44.27000045776367,1258288
2025-10-14 00:00:00+02:00,44.2599983215332,44.29999923706055,43.2400016784668,43.66999816894531,1357991
2025-10-15 00:00:00+02:00,43.900001525878906,44.619998931884766,43.79999923706055,44.380001068115234,2079657
2025-10-16 00:00:00+02:00,44.619998931884766,45.08000183105469,44.220001220703125,44.52000045776367,960763
2025-10-17 00:00:00+02:00,44.400001525878906,45.15999984741211,43.540000915527344,44.970001220703125,1697611
2025-10-20 00:00:00+02:00,45.20000076293945,45.63999938964844,45.0,45.41999816894531,1060647
2025-10-21 00:00:00+02:00,45.599998474121094,45.79999923706055,45.20000076293945,45.43000030517578,756147
2025-10-22 00:00:00+02:00,45.45000076293945,45.68000030517578,44.93000030517578,45.5,1920886
2025-10-23 00:00:00+02:00,45.650001525878906,45.650001525878906,44.790000915527344,45.0099983215332,2264037
2025-10-24 00:00:00+02:00,45.0099983215332,45.4900016784668,44.619998931884766,44.75,1490218
2025-10-27 00:00:00+01:00,44.75,45.029998779296875,44.40999984741211,44.7400016784668,1265449
2025-10-28 00:00:00+01:00,45.0,45.560001373291016,44.68000030517578,44.880001068115234,2079306
2025-10-29 00:00:00+01:00,45.20000076293945,45.25,43.70000076293945,43.959999084472656,2160085
2025-10-30 00:00:00+01:00,44.2400016784668,46.599998474121094,44.15999984741211,45.08000183105469,4221314
2025-10-31 00:00:00+01:00,45.29999923706055,45.380001068115234,43.91999816894531,44.06999969482422,2905399
2025-11-03 00:00:00+01:00,44.5,44.95000076293945,44.0,44.33000183105469,1991107
2025-11-04 00:00:00+01:00,44.34000015258789,44.41999816894531,43.75,43.75,1925695
2025-11-05 00:00:00+01:00,44.0,44.31999969482422,43.619998931884766,44.150001525878906,1627994
2025-11-06 00:00:00+01:00,44.599998474121094,45.689998626708984,44.20000076293945,44.779998779296875,3141721
2025-11-07 00:00:00+01:00,43.54999923706055,43.66999816894531,40.52000045776367,41.5,11417703
2025-11-10 00:00:00+01:00,41.70000076293945,43.0,41.56999969482422,42.97999954223633,2358648
2025-11-12 00:00:00+01:00,41.68000030517578,42.65999984741211,41.560001373291016,41.65999984741211,2788499
2025-11-13 00:00:00+01:00,41.7599983215332,42.31999969482422,41.7599983215332,42.0099983215332,2136518
2025-11-14 00:00:00+01:00,41.79999923706055,41.88999938964844,40.900001525878906,40.93000030517578,1650149
2025-11-17 00:00:00+01:00,40.93000030517578,41.45000076293945,40.56999969482422,40.869998931884766,2317946
2025-11-18 00:00:00+01:00,40.66999816894531,40.959999084472656,40.0,40.290000915527344,2305738
2025-11-19 00:00:00+01:00,40.36000061035156,41.880001068115234,40.02000045776367,41.790000915527344,2817513
2025-11-20 00:00:00+01:00,42.25,42.380001068115234,41.650001525878906,41.93000030517578,3114958
2025-11-21 00:00:00+01:00,41.38999938964844,42.4900016784668,41.060001373291016,42.29999923706055,4151814
2025-11-24 00:00:00+01:00,42.5,42.5,41.22999954223633,41.959999084472656,3685687
2025-11-25 00:00:00+01:00,42.150001525878906,42.56999969482422,41.31999969482422,41.9900016784668,2696603
2025-11-26 00:00:00+01:00,42.400001525878906,42.400001525878906,41.619998931884766,41.810001373291016,1515139
2025-11-27 00:00:00+01:00,41.900001525878906,41.9900016784668,40.93000030517578,41.029998779296875,1662071
2025-11-28 00:00:00+01:00,41.119998931884766,41.279998779296875,40.599998474121094,40.83000183105469,3870285
2025-12-01 00:00:00+01:00,40.95000076293945,40.9900016784668,40.5,40.790000915527344,1565747
2025-12-02 00:00:00+01:00,40.900001525878906,41.0,40.130001068115234,40.560001373291016,1258883
2025-12-03 00:00:00+01:00,40.650001525878906,40.779998779296875,39.220001220703125,39.400001525878906,2794983
2025-12-04 00:00:00+01:00,39.4900016784668,39.72999954223633,38.36000061035156,38.630001068115234,3673615
2025-12-05 00:00:00+01:00,38.75,39.09000015258789,38.130001068115234,38.380001068115234,3227925
2025-12-08 00:00:00+01:00,38.400001525878906,38.40999984741211,37.95000076293945,38.13999938964844,1850678
2025-12-09 00:00:00+01:00,38.400001525878906,39.779998779296875,38.189998626708984,39.5,3729734
2025-12-10 00:00:00+01:00,39.7400016784668,40.31999969482422,38.900001525878906,40.25,4080841
2025-12-11 00:00:00+01:00,40.5,40.560001373291016,39.52000045776367,39.65999984741211,1859395
2025-12-12 00:00:00+01:00,39.900001525878906,40.189998626708984,39.5,40.099998474121094,1473828
2025-12-15 00:00:00+01:00,39.95000076293945,41.20000076293945,39.869998931884766,40.90999984741211,2721465
2025-12-16 00:00:00+01:00,41.09000015258789,41.09000015258789,40.20000076293945,40.36000061035156,1469775
2025-12-17 00:00:00+01:00,40.400001525878906,40.79999923706055,40.130001068115234,40.5,1438179
2025-12-18 00:00:00+01:00,40.650001525878906,40.97999954223633,40.27000045776367,40.790000915527344,1713285
2025-12-19 00:00:00+01:00,40.790000915527344,41.29999923706055,40.52000045776367,40.54999923706055,4459864
2025-12-22 00:00:00+01:00,40.810001373291016,41.310001373291016,40.20000076293945,40.790000915527344,1953687
2025-12-23 00:00:00+01:00,40.939998626708984,41.099998474121094,40.5,40.95000076293945,1457378
2025-12-29 00:00:00+01:00,40.959999084472656,41.5,40.68000030517578,41.349998474121094,1331228
2025-12-30 00:00:00+01:00,41.5,41.75,40.97999954223633,41.349998474121094,1312696
2026-01-02 00:00:00+01:00,41.630001068115234,42.099998474121094,40.70000076293945,41.0,2614967
2026-01-05 00:00:00+01:00,41.380001068115234,41.40999984741211,40.779998779296875,41.09000015258789,3176439
2026-01-07 00:00:00+01:00,41.09000015258789,42.52000045776367,40.959999084472656,42.369998931884766,3505339
2026-01-08 00:00:00+01:00,42.65999984741211,42.66999816894531,40.36000061035156,41.439998626708984,6583648
2026-01-09 00:00:00+01:00,41.459999084472656,42.220001220703125,41.060001373291016,42.20000076293945,2825857
2026-01-12 00:00:00+01:00,42.20000076293945,42.34000015258789,41.45000076293945,41.9900016784668,1651572
2026-01-13 00:00:00+01:00,41.9900016784668,42.36000061035156,41.83000183105469,42.18000030517578,2636635
2026-01-14 00:00:00+01:00,42.0,42.16999816894531,39.400001525878906,40.099998474121094,8277283
2026-01-15 00:00:00+01:00,40.310001373291016,40.91999816894531,40.099998474121094,40.59000015258789,3469957
2026-01-16 00:00:00+01:00,40.790000915527344,41.060001373291016,40.20000076293945,40.529998779296875,3855111
2026-01-19 00:00:00+01:00,40.349998474121094,40.59000015258789,40.150001525878906,40.459999084472656,2530962
2026-01-20 00:00:00+01:00,40.5,40.650001525878906,40.0,40.11000061035156,2416494
2026-01-21 00:00:00+01:00,40.20000076293945,40.290000915527344,39.29999923706055,39.689998626708984,3668855
2026-01-22 00:00:00+01:00,39.86000061035156,40.29999923706055,39.70000076293945,40.25,2488634
2026-01-23 00:00:00+01:00,40.0,40.119998931884766,38.400001525878906,38.59000015258789,6021057
2026-01-26 00:00:00+01:00,38.900001525878906,39.25,38.459999084472656,38.900001525878906,3638178
2026-01-27 00:00:00+01:00,39.0,39.0099983215332,37.95000076293945,38.189998626708984,3637413
2026-01-28 00:00:00+01:00,38.20000076293945,38.79999923706055,38.060001373291016,38.72999954223633,1833227
2026-01-29 00:00:00+01:00,38.83000183105469,38.83000183105469,37.81999969482422,37.81999969482422,2172417
2026-01-30 00:00:00+01:00,37.84000015258789,38.20000076293945,37.5,37.56999969482422,3340377
2026-02-02 00:00:00+01:00,37.54999923706055,37.70000076293945,37.099998474121094,37.619998931884766,3084262
2026-02-03 00:00:00+01:00,37.81999969482422,38.040000915527344,37.5,37.9900016784668,4457662
2026-02-04 00:00:00+01:00,38.709999084472656,39.810001373291016,38.41999816894531,39.810001373291016,5437425
2026-02-05 00:00:00+01:00,39.79999923706055,39.81999969482422,38.27000045776367,38.54999923706055,3174187
2026-02-06 00:00:00+01:00,38.599998474121094,39.189998626708984,38.2599983215332,39.189998626708984,1868831
2026-02-09 00:00:00+01:00,39.4900016784668,39.59000015258789,39.0,39.220001220703125,1243329
2026-02-10 00:00:00+01:00,39.31999969482422,39.41999816894531,37.900001525878906,38.5,2140770
2026-02-11 00:00:00+01:00,38.5,39.099998474121094,37.900001525878906,38.70000076293945,1776771
2026-02-12 00:00:00+01:00,38.70000076293945,38.7400016784668,37.880001068115234,38.150001525878906,2212501
2026-02-13 00:00:00+01:00,38.13999938964844,39.5,37.900001525878906,39.5,3155256
2026-02-16 00:00:00+01:00,39.5,39.91999816894531,39.13999938964844,39.81999969482422,1691858
2026-02-17 00:00:00+01:00,39.099998474121094,40.15999984741211,39.02000045776367,39.77000045776367,3085511
2026-02-18 00:00:00+01:00,39.779998779296875,40.06999969482422,39.31999969482422,39.84000015258789,998899
2026-02-19 00:00:00+01:00,39.84000015258789,39.849998474121094,39.150001525878906,39.310001373291016,1301460
2026-02-20 00:00:00+01:00,39.400001525878906,40.0099983215332,39.20000076293945,39.790000915527344,2109693
2026-02-23 00:00:00+01:00,39.88999938964844,41.47999954223633,39.709999084472656,41.41999816894531,4030527
2026-02-24 00:00:00+01:00,41.5,41.529998779296875,40.540000915527344,41.33000183105469,2846843
2026-02-25 00:00:00+01:00,41.33000183105469,41.369998931884766,40.27000045776367,40.470001220703125,1896571
2026-02-26 00:00:00+01:00,40.45000076293945,40.470001220703125,39.880001068115234,40.2599983215332,1639918
2026-02-27 00:00:00+01:00,40.400001525878906,40.95000076293945,40.130001068115234,40.20000076293945,3734731
2026-03-02 00:00:00+01:00,40.0,40.20000076293945,39.099998474121094,40.20000076293945,2199864
2026-03-03 00:00:00+01:00,40.209999084472656,40.27000045776367,39.060001373291016,39.34000015258789,2249260
2026-03-04 00:00:00+01:00,39.599998474121094,40.06999969482422,39.5099983215332,39.75,1621433
2026-03-05 00:00:00+01:00,39.7599983215332,40.47999954223633,39.599998474121094,39.599998474121094,3588939
2026-03-06 00:00:00+01:00,39.79999923706055,40.400001525878906,39.61000061035156,39.869998931884766,3480522
2026-03-09 00:00:00+01:00,39.5,41.36000061035156,39.2599983215332,41.20000076293945,4105045
2026-03-10 00:00:00+01:00,41.310001373291016,41.900001525878906,41.18000030517578,41.27000045776367,2733520
2026-03-11 00:00:00+01:00,41.27000045776367,41.279998779296875,40.06999969482422,40.150001525878906,2051376
2026-03-12 00:00:00+01:00,40.150001525878906,41.47999954223633,39.869998931884766,41.41999816894531,2762983
2026-03-13 00:00:00+01:00,41.400001525878906,41.849998474121094,40.9900016784668,41.189998626708984,2544053
2026-03-16 00:00:00+01:00,41.18000030517578,42.0,41.06999969482422,41.459999084472656,3262406
2026-03-17 00:00:00+01:00,41.459999084472656,41.779998779296875,41.209999084472656,41.41999816894531,2752949
2026-03-18 00:00:00+01:00,41.41999816894531,41.790000915527344,40.90999984741211,41.099998474121094,2808060
2026-03-19 00:00:00+01:00,41.0,41.08000183105469,38.08000183105469,38.5,7497825
2026-03-20 00:00:00+01:00,38.900001525878906,39.43000030517578,38.599998474121094,38.849998474121094,4848983
2026-03-23 00:00:00+01:00,38.5,39.650001525878906,37.9900016784668,39.0,3909877
2026-03-24 00:00:00+01:00,39.5,39.70000076293945,38.90999984741211,38.90999984741211,3748582
2026-03-25 00:00:00+01:00,38.900001525878906,39.54999923706055,38.720001220703125,39.54999923706055,3040586
2026-03-26 00:00:00+01:00,39.599998474121094,40.47999954223633,39.40999984741211,40.25,3930369
2026-03-27 00:00:00+01:00,35.0,35.0,32.77000045776367,32.77000045776367,25067661
2026-03-30 00:00:00+02:00,32.59000015258789,33.36000061035156,30.760000228881836,33.06999969482422,9103006
2026-03-31 00:00:00+02:00,33.0,33.5,32.029998779296875,33.380001068115234,6958879
2026-04-01 00:00:00+02:00,33.70000076293945,34.150001525878906,33.400001525878906,33.400001525878906,4567607
2026-04-02 00:00:00+02:00,33.20000076293945,33.68000030517578,32.790000915527344,33.599998474121094,4010883
2026-04-07 00:00:00+02:00,33.95000076293945,34.29999923706055,33.439998626708984,33.5,5292408
2026-04-08 00:00:00+02:00,34.400001525878906,34.880001068115234,33.97999954223633,34.040000915527344,5295509
2026-04-09 00:00:00+02:00,34.040000915527344,34.04999923706055,33.34000015258789,33.689998626708984,1790741
2026-04-10 00:00:00+02:00,34.290000915527344,34.400001525878906,33.7400016784668,34.400001525878906,4407039
2026-04-13 00:00:00+02:00,34.22999954223633,34.72999954223633,33.95000076293945,34.72999954223633,3947116
2026-04-14 00:00:00+02:00,34.790000915527344,35.400001525878906,34.5099983215332,34.810001373291016,3703542
2026-04-15 00:00:00+02:00,34.77000045776367,35.0,34.099998474121094,35.0,3084539
2026-04-16 00:00:00+02:00,35.150001525878906,35.369998931884766,34.72999954223633,34.9900016784668,2121758
2026-04-17 00:00:00+02:00,34.9900016784668,35.650001525878906,34.83000183105469,35.650001525878906,3622549
2026-04-20 00:00:00+02:00,35.599998474121094,35.599998474121094,35.040000915527344,35.040000915527344,2414037
2026-04-21 00:00:00+02:00,35.130001068115234,35.380001068115234,34.54999923706055,34.650001525878906,1497953
2026-04-22 00:00:00+02:00,34.650001525878906,34.650001525878906,33.9900016784668,34.0099983215332,2531940
2026-04-23 00:00:00+02:00,34.0099983215332,34.08000183105469,33.220001220703125,33.2599983215332,4079886
2026-04-24 00:00:00+02:00,33.5,33.849998474121094,33.29999923706055,33.47999954223633,1283300
2026-04-27 00:00:00+02:00,33.560001373291016,33.95000076293945,33.43000030517578,33.5,1216878
2026-04-28 00:00:00+02:00,33.599998474121094,33.70000076293945,32.25,32.25,2660996
2026-04-29 00:00:00+02:00,32.2599983215332,32.61000061035156,31.459999084472656,31.459999084472656,3297912
2026-04-30 00:00:00+02:00,31.639999389648438,32.27000045776367,31.229999542236328,32.060001373291016,2263716
2026-05-04 00:00:00+02:00,32.099998474121094,32.41999816894531,31.860000610351562,32.060001373291016,2548859
2026-05-05 00:00:00+02:00,32.04999923706055,32.619998931884766,31.899999618530273,32.02000045776367,3371366
2026-05-06 00:00:00+02:00,32.20000076293945,32.75,32.0099983215332,32.54999923706055,3889113
2026-05-07 00:00:00+02:00,32.650001525878906,32.7599983215332,30.84000015258789,31.020000457763672,6201317
2026-05-08 00:00:00+02:00,30.8799991607666,31.1299991607666,29.899999618530273,30.389999389648438,7161356
2026-05-11 00:00:00+02:00,30.600000381469727,30.68000030517578,29.510000228881836,29.600000381469727,3780605
2026-05-12 00:00:00+02:00,29.649999618530273,29.809999465942383,28.959999084472656,28.959999084472656,6629922
2026-05-13 00:00:00+02:00,29.15999984741211,29.200000762939453,28.239999771118164,28.5,6575247
2026-05-14 00:00:00+02:00,28.739999771118164,29.350000381469727,28.40999984741211,29.170000076293945,5182043
2026-05-15 00:00:00+02:00,33.5,34.4900016784668,31.399999618530273,32.08000183105469,14045348
2026-05-18 00:00:00+02:00,32.08000183105469,32.790000915527344,31.510000228881836,32.33000183105469,3140676
2026-05-19 00:00:00+02:00,32.630001068115234,32.75,31.899999618530273,32.29999923706055,4834683
2026-05-20 00:00:00+02:00,32.5,32.70000076293945,32.119998931884766,32.47999954223633,3745914
2026-05-21 00:00:00+02:00,32.599998474121094,32.689998626708984,31.510000228881836,31.56999969482422,3888108
2026-05-22 00:00:00+02:00,31.700000762939453,32.16999816894531,31.700000762939453,31.81999969482422,1504281
2026-05-25 00:00:00+02:00,31.829999923706055,32.29999923706055,31.81999969482422,31.8700008392334,1795739
2026-05-26 00:00:00+02:00,32.0,32.33000183105469,31.579999923706055,31.75,1803699
2026-05-27 00:00:00+02:00,31.760000228881836,32.15999984741211,31.540000915527344,31.989999771118164,2228164
2026-05-28 00:00:00+02:00,32.0,32.04999923706055,31.030000686645508,31.030000686645508,2443925
2026-05-29 00:00:00+02:00,31.290000915527344,31.920000076293945,30.649999618530273,30.799999237060547,5144914
2026-06-01 00:00:00+02:00,30.829999923706055,30.8700008392334,29.809999465942383,29.84000015258789,2418124
2026-06-02 00:00:00+02:00,30.0,30.559999465942383,29.93000030517578,29.969999313354492,2399916
2026-06-03 00:00:00+02:00,30.100000381469727,30.360000610351562,29.719999313354492,30.0,2265863
2026-06-05 00:00:00+02:00,29.200000762939453,29.75,28.700000762939453,29.549999237060547,5156908
2026-06-08 00:00:00+02:00,29.719999313354492,29.959999084472656,29.139999389648438,29.5,2714742
2026-06-09 00:00:00+02:00,29.850000381469727,30.200000762939453,29.399999618530273,30.079999923706055,2020390
2026-06-10 00:00:00+02:00,30.079999923706055,30.1200008392334,29.219999313354492,29.600000381469727,1740868
2026-06-11 00:00:00+02:00,29.600000381469727,29.790000915527344,29.290000915527344,29.6299991607666,1705753
2026-06-12 00:00:00+02:00,30.0,30.350000381469727,29.40999984741211,29.540000915527344,1758745
2026-06-15 00:00:00+02:00,30.0,30.290000915527344,29.149999618530273,29.229999542236328,2220219
2026-06-16 00:00:00+02:00,29.229999542236328,29.690000534057617,29.110000610351562,29.5,2377531
2026-06-17 00:00:00+02:00,29.860000610351562,29.860000610351562,29.200000762939453,29.459999084472656,1907778
2026-06-18 00:00:00+02:00,29.3799991607666,29.40999984741211,28.760000228881836,29.100000381469727,2684085
2026-06-19 00:00:00+02:00,29.260000228881836,29.270000457763672,28.8799991607666,29.219999313354492,3078906
2026-06-22 00:00:00+02:00,29.219999313354492,29.329999923706055,28.709999084472656,29.010000228881836,2028199
2026-06-23 00:00:00+02:00,29.149999618530273,29.299999237060547,28.549999237060547,29.100000381469727,1940812
2026-06-24 00:00:00+02:00,29.360000610351562,29.360000610351562,28.5,29.010000228881836,2199556
2026-06-25 00:00:00+02:00,29.1200008392334,29.68000030517578,28.989999771118164,29.299999237060547,2386272
2026-06-26 00:00:00+02:00,29.3799991607666,29.389999389648438,28.520000457763672,28.979999542236328,1899377
2026-06-29 00:00:00+02:00,29.110000610351562,29.280000686645508,28.559999465942383,29.280000686645508,1886680
2026-06-30 00:00:00+02:00,29.280000686645508,29.34000015258789,28.290000915527344,28.399999618530273,4205801
2026-07-01 00:00:00+02:00,28.399999618530273,29.190000534057617,28.31999969482422,29.0,2527294
2026-07-02 00:00:00+02:00,29.0,29.040000915527344,28.209999084472656,28.690000534057617,3468228
2026-07-03 00:00:00+02:00,28.65999984741211,28.829999923706055,27.309999465942383,27.700000762939453,6259809
2026-07-06 00:00:00+02:00,28.0,28.229999542236328,27.6299991607666,27.760000228881836,2759483
2026-07-07 00:00:00+02:00,27.950000762939453,27.950000762939453,27.239999771118164,27.579999923706055,5064790
2026-07-08 00:00:00+02:00,27.579999923706055,27.920000076293945,26.889999389648438,27.799999237060547,4729705
2026-07-09 00:00:00+02:00,27.940000534057617,28.40999984741211,27.700000762939453,27.75,2131696
2026-07-10 00:00:00+02:00,28.0,28.3799991607666,27.850000381469727,28.219999313354492,1915620
2026-07-13 00:00:00+02:00,28.229999542236328,28.270000457763672,27.700000762939453,27.959999084472656,2209161
2026-07-14 00:00:00+02:00,27.959999084472656,28.3799991607666,27.420000076293945,28.200000762939453,3813601
2026-07-15 00:00:00+02:00,28.149999618530273,28.899999618530273,28.020000457763672,28.549999237060547,4458158
2026-07-16 00:00:00+02:00,28.6200008392334,30.200000762939453,28.329999923706055,29.43000030517578,9762401
2026-07-17 00:00:00+02:00,29.469999313354492,29.579999923706055,28.84000015258789,29.149999618530273,4833219
2026-07-20 00:00:00+02:00,29.18000030517578,29.899999618530273,29.040000915527344,29.899999618530273,3491065
2026-07-21 00:00:00+02:00,30.0,30.1299991607666,29.549999237060547,29.780000686645508,3625743
2026-07-22 00:00:00+02:00,29.790000915527344,30.670000076293945,29.5,30.260000228881836,4343521
2026-07-23 00:00:00+02:00,30.260000228881836,30.290000915527344,28.860000610351562,28.860000610351562,4729658
2026-07-24 00:00:00+02:00,28.959999084472656,29.200000762939453,28.68000030517578,28.780000686645508,3895024
2026-07-27 00:00:00+02:00,29.100000381469727,29.969999313354492,28.84000015258789,29.969999313354492,3230518
2026-07-28 00:00:00+02:00,30.200000762939453,31.690000534057617,30.100000381469727,31.65999984741211,8248490
2026-07-29 00:00:00+02:00,31.65999984741211,31.809999465942383,31.389999389648438,31.799999237060547,2919149
2026-07-30 00:00:00+02:00,31.799999237060547,33.4900016784668,31.5,31.829999923706055,10035139
2026-07-31 00:00:00+02:00,32.27000045776367,32.27000045776367,31.610000610351562,31.989999771118164,9217329
2026-08-03 00:00:00+02:00,32.11000061035156,32.939998626708984,31.850000381469727,32.459999084472656,4372861
2026-08-04 00:00:00+02:00,32.63999938964844,32.86000061035156,32.0,32.0,5210032
2026-08-05 00:00:00+02:00,32.20000076293945,32.25,31.700000762939453,31.850000381469727,3503584
2026-08-06 00:00:00+02:00,31.989999771118164,32.599998474121094,31.959999084472656,32.029998779296875,3228906
2026-08-07 00:00:00+02:00,32.13999938964844,32.59000015258789,32.02000045776367,32.439998626708984,2503354
2026-08-10 00:00:00+02:00,32.529998779296875,33.75,32.459999084472656,33.560001373291016,5564353
2026-08-11 00:00:00+02:00,33.70000076293945,34.029998779296875,33.25,33.43000030517578,8200795
2026-08-12 00:00:00+02:00,33.56999969482422,33.91999816894531,33.33000183105469,33.380001068115234,5805185
2026-08-13 00:00:00+02:00,33.5,33.72999954223633,32.709999084472656,32.709999084472656,5261954
2026-08-14 00:00:00+02:00,32.79999923706055,32.97999954223633,32.36000061035156,32.40999984741211,3124540
2026-08-17 00:00:00+02:00,32.56999969482422,32.75,31.68000030517578,31.68000030517578,3227429
2026-08-18 00:00:00+02:00,31.65999984741211,32.75,31.6200008392334,32.470001220703125,2985005
2026-08-19 00:00:00+02:00,32.599998474121094,32.97999954223633,32.380001068115234,32.4900016784668,3830664
2026-08-20 00:00:00+02:00,32.79999923706055,32.79999923706055,32.040000915527344,32.290000915527344,3820644
2026-08-21 00:00:00+02:00,32.61000061035156,35.189998626708984,32.560001373291016,34.779998779296875,12798625
