Date,Open,High,Low,Close,Volume
2016-08-22 00:00:00+02:00,19.415768398992338,19.609871903836975,19.410223551675166,19.515592575073242,34085
2016-08-23 00:00:00+02:00,19.521138392008638,19.543322011068057,19.410222412257895,19.49895477294922,26825
2016-08-24 00:00:00+02:00,19.49340995268112,19.510046609225316,19.33258188759938,19.38249397277832,94060
2016-08-25 00:00:00+02:00,19.315946815886132,19.73188018798828,19.20503082688292,19.73188018798828,97655
2016-08-26 00:00:00+02:00,19.731879240940458,19.853884918996354,19.609871447338136,19.754060745239258,60845
2016-08-29 00:00:00+02:00,19.726330949600623,20.036895259877433,19.63759859174243,19.74296760559082,36582
2016-08-30 00:00:00+02:00,19.687512634493782,19.88161402551667,19.526684558762533,19.54886817932129,24790
2016-08-31 00:00:00+02:00,19.548867043100756,19.554411890144923,19.35476566335944,19.493410110473633,33239
2016-09-01 00:00:00+02:00,19.33258435338004,19.709697463820756,19.33258435338004,19.41022491455078,59404
2016-09-02 00:00:00+02:00,19.432406616903055,19.521138980268283,19.415767844333914,19.44904327392578,18215
2016-09-05 00:00:00+02:00,19.354767348377816,19.66532958300135,19.33258372717712,19.576597213745117,18958
2016-09-06 00:00:00+02:00,19.68196908241861,19.68196908241861,19.410225001556306,19.676422119140625,35354
2016-09-07 00:00:00+02:00,19.815065580958137,19.959257001238058,19.737425023367347,19.770700454711914,44580
2016-09-08 00:00:00+02:00,19.826160471916946,20.13117790222168,19.826160471916946,20.13117790222168,114775
2016-09-09 00:00:00+02:00,19.803976847573765,20.13117790222168,19.748519902262668,20.13117790222168,31445
2016-09-12 00:00:00+02:00,20.036896474294096,20.21436120076644,19.925980491362278,20.175540924072266,32371
2016-09-13 00:00:00+02:00,20.175542044023317,20.280911070107088,20.12008299170565,20.269819259643555,26390
2016-09-14 00:00:00+02:00,20.219905028023046,20.425100326538086,20.219905028023046,20.425100326538086,32344
2016-09-15 00:00:00+02:00,20.425098393162425,20.658020019531254,20.425098393162425,20.65802001953125,40105
2016-09-16 00:00:00+02:00,20.76339249697599,21.201509475708008,20.519379021559576,21.201509475708008,102167
2016-09-19 00:00:00+02:00,21.07395535148056,21.240328260093513,20.974131183203525,21.079500198364258,40220
2016-09-20 00:00:00+02:00,21.212599980203727,21.22923663654671,20.96303955732736,21.073955535888672,34032
2016-09-21 00:00:00+02:00,21.01849876226544,21.25142041500213,21.01849876226544,21.184871673583984,30889
2016-09-22 00:00:00+02:00,21.12941262611357,21.290240690458248,20.95749486782116,21.184871673583984,44304
2016-09-23 00:00:00+02:00,21.17932530806785,21.17932530806785,21.01849935473615,21.096139907836914,37501
2016-09-26 00:00:00+02:00,21.07395557848539,21.07395557848539,20.71902613880884,20.879854202270508,29100
2016-09-27 00:00:00+02:00,21.007406794970414,21.073955535888672,20.968586519805907,21.073955535888672,33470
2016-09-28 00:00:00+02:00,20.96858754728194,21.073956568527862,20.82439613342285,20.82439613342285,94923
2016-09-29 00:00:00+02:00,20.824397289963812,20.940858127631984,20.75230157903023,20.802213668823242,16252
2016-09-30 00:00:00+02:00,20.685747719230175,20.824392143776688,20.57483175648376,20.713476181030273,35846
2016-10-03 00:00:00+02:00,20.713481930438153,20.7966694544747,20.635841369628906,20.635841369628906,4023
2016-10-04 00:00:00+02:00,20.58037873274313,20.674655926039417,20.458370962081087,20.51937484741211,18833
2016-10-05 00:00:00+02:00,20.40846198249681,20.40846198249681,19.837247543227775,20.264272689819336,31561
2016-10-06 00:00:00+02:00,19.96480332315424,20.391828536987305,19.96480332315424,20.391828536987305,20120
2016-10-07 00:00:00+02:00,20.39182727055656,20.39182727055656,19.90934514589787,20.186634063720703,27221
2016-10-10 00:00:00+02:00,19.992531084632304,20.292003631591797,19.992531084632304,20.292003631591797,11291
2016-10-11 00:00:00+02:00,20.203269380953543,20.29200174414595,20.086808550928463,20.2143611907959,69909
2016-10-12 00:00:00+02:00,20.081265210205498,20.18663636493998,19.97589617101781,20.181089401245117,47004
2016-10-13 00:00:00+02:00,20.186631211147066,20.21435967590173,20.086807045593282,20.208812713623047,13300
2016-10-14 00:00:00+02:00,20.203269524676248,20.436191186383375,20.13117381796129,20.364097595214844,64639
2016-10-17 00:00:00+02:00,20.34745482490849,20.63583547956394,20.30863455558429,20.408458709716797,53097
2016-10-18 00:00:00+02:00,20.319727668445292,20.63029195853214,20.319727668445292,20.574832916259766,102637
2016-10-19 00:00:00+02:00,20.524922425956873,21.351244237684252,20.524922425956873,21.079500198364258,90719
2016-10-20 00:00:00+02:00,21.295792790574374,21.761638323979028,21.1460564996,21.656267166137695,75588
2016-10-21 00:00:00+02:00,21.6285343170166,21.728358490800392,21.37342903536755,21.6285343170166,25313
2016-10-24 00:00:00+02:00,21.628535091585093,21.683992027652607,21.462162167836045,21.573078155517578,13403
2016-10-25 00:00:00+02:00,21.628534558455975,22.160928747548358,21.628534558455975,22.083288192749023,106787
2016-10-26 00:00:00+02:00,22.022282430009014,22.166473832892024,21.889184951782227,21.889184951782227,20084
2016-10-27 00:00:00+02:00,21.90582259677222,22.03892219655504,21.550893151413206,21.794906616210938,171639
2016-10-28 00:00:00+02:00,21.80599729314917,22.133198255258602,21.70062828063965,21.70062828063965,94284
2016-10-31 00:00:00+01:00,21.700630765993434,21.86700368947478,21.689538955688477,21.689538955688477,11953
2016-11-02 00:00:00+01:00,21.60634882614284,21.6118957883985,21.36788022225936,21.434431076049805,21647
2016-11-03 00:00:00+01:00,21.240329753261836,21.240329753261836,21.085048643046523,21.201509475708008,23506
2016-11-04 00:00:00+01:00,21.090591423637893,21.140503506394246,21.073954767901196,21.129411697387695,16728
2016-11-07 00:00:00+01:00,21.073955535888672,21.107230964120962,21.046227070134925,21.073955535888672,40039
2016-11-08 00:00:00+01:00,21.090592945160342,21.129413221710728,21.035136011673053,21.096139907836914,12998
2016-11-09 00:00:00+01:00,20.796667991704723,21.073956898260786,20.724572283647134,20.96858787536621,12214
2016-11-10 00:00:00+01:00,21.101684001642415,21.22923663654671,21.01849860438118,21.073955535888672,28643
2016-11-14 00:00:00+01:00,21.123866850657546,21.1904155891506,21.068409921171046,21.129411697387695,22722
2016-11-15 00:00:00+01:00,21.079502895399642,21.101686516865353,20.88540149644111,20.985225677490234,14829
2016-11-16 00:00:00+01:00,21.018498461222382,21.018498461222382,20.807758314945893,20.885398864746094,9948
2016-11-17 00:00:00+01:00,20.907582362517356,20.996314721139676,20.580381393432617,20.580381393432617,28361
2016-11-18 00:00:00+01:00,20.51937484741211,20.51937484741211,19.992525610653132,20.51937484741211,26241
2016-11-21 00:00:00+01:00,20.508283781631533,20.658020019531254,20.364094505624085,20.65802001953125,48891
2016-11-22 00:00:00+01:00,20.65802035270374,20.918672561645508,20.613653119034446,20.918672561645508,23068
2016-11-23 00:00:00+01:00,20.829942117594346,21.007406837432622,20.69684251994247,20.879854202270508,7039
2016-11-24 00:00:00+01:00,20.885400598614797,20.946404497249766,20.746756143734043,20.85212516784668,9397
2016-11-25 00:00:00+01:00,20.75230176367176,20.852125944145953,20.69129997831226,20.796669006347656,6909
2016-11-28 00:00:00+01:00,20.685753015204487,20.8743095654839,20.652479698744134,20.796669006347656,15315
2016-11-29 00:00:00+01:00,20.79666368197659,20.79666368197659,20.57483175648376,20.713476181030273,38145
2016-11-30 00:00:00+01:00,20.52492101415023,20.78557322622756,20.519376167647938,20.608108520507812,46894
2016-12-01 00:00:00+01:00,20.580381777444252,20.68020594720028,20.57483481493206,20.61365509033203,14350
2016-12-02 00:00:00+01:00,20.46392507399572,20.707938585033624,20.43619448694072,20.68021011352539,7040
2016-12-05 00:00:00+01:00,20.608111894922807,20.785576629700998,20.608111894922807,20.768939971923828,13065
2016-12-06 00:00:00+01:00,20.76893920953275,20.79112282945233,20.72457196969359,20.78557586669922,7952
2016-12-07 00:00:00+01:00,20.76893734696908,21.48988800532893,20.74675372903893,21.434431076049805,31725
2016-12-08 00:00:00+01:00,21.53980182910199,21.53980182910199,21.17932541300927,21.40115737915039,37465
2016-12-09 00:00:00+01:00,21.401161143306567,21.55644227758922,21.401161143306567,21.517621994018555,35813
2016-12-12 00:00:00+01:00,21.51762027188346,21.534259046044074,21.434434863266873,21.512075424194336,16699
2016-12-13 00:00:00+01:00,21.35679153785989,21.84482062599211,21.35679153785989,21.756088256835938,63417
2016-12-14 00:00:00+01:00,21.73390152899675,22.055557643426653,21.7006282175359,22.050010681152344,30285
2016-12-15 00:00:00+01:00,21.96127792136379,22.560222903214584,21.7949050204762,22.133197784423828,47863
2016-12-16 00:00:00+01:00,22.13320060565938,22.49922188048592,21.939099215806852,22.227479934692383,46571
2016-12-19 00:00:00+01:00,22.122108223199554,22.177567272827453,21.251421241732597,21.6285343170166,36702
2016-12-20 00:00:00+01:00,21.661811173460453,21.905824661254883,21.63962755214826,21.905824661254883,22958
2016-12-21 00:00:00+01:00,21.80045169410044,21.933549166830364,21.600803369459364,21.639623641967773,12954
2016-12-22 00:00:00+01:00,21.689538887003287,21.961280834201435,21.59525955748296,21.922460556030273,29251
2016-12-23 00:00:00+01:00,21.916913952855843,22.15538256568674,21.916913952855843,22.072195053100586,25653
2016-12-27 00:00:00+01:00,22.06665155685941,22.06665155685941,21.850366549552422,22.005647659301758,10314
2016-12-28 00:00:00+01:00,22.005646312359456,22.116562290625556,21.961279074834486,22.072195053100586,13432
2016-12-29 00:00:00+01:00,21.966825646631282,22.105470088111616,21.966825646631282,22.077741622924805,18740
2016-12-30 00:00:00+01:00,21.97236915813932,22.144289016723633,21.97236915813932,22.144289016723633,14752
2017-01-02 00:00:00+01:00,22.000103516027362,22.099927703815798,21.661812785796247,21.68399429321289,17194
2017-01-03 00:00:00+01:00,21.778270981445303,22.155384063720703,21.73945070375929,22.155384063720703,37205
2017-01-04 00:00:00+01:00,22.09992457034853,22.421580711070764,22.09992457034853,22.355031967163086,29008
2017-01-05 00:00:00+01:00,22.399398177296206,22.565771102905273,22.310665809268265,22.565771102905273,18294
2017-01-09 00:00:00+01:00,22.576862679975143,23.25899314880371,22.576862679975143,23.25899314880371,32906
2017-01-10 00:00:00+01:00,23.026068757107367,23.64719525347385,23.026068757107367,23.580646514892578,29657
2017-01-11 00:00:00+01:00,23.580648078909345,24.124134063720703,23.580648078909345,24.124134063720703,44742
2017-01-12 00:00:00+01:00,24.124130266735293,24.251682885544458,23.597281021708874,23.930028915405273,38662
2017-01-13 00:00:00+01:00,23.602830125862443,23.924484125197427,23.414273603650123,23.61946678161621,12033
2017-01-16 00:00:00+01:00,23.619468790751508,23.930033123032253,23.619468790751508,23.92448616027832,12020
2017-01-17 00:00:00+01:00,23.924486958215436,23.924486958215436,23.697110135288657,23.79138946533203,9741
2017-01-18 00:00:00+01:00,23.625011768896638,23.89675580258691,23.625011768896638,23.846843719482422,16808
2017-01-19 00:00:00+01:00,23.841300027087456,23.846844874124756,23.6915637705239,23.824661254882812,7036
2017-01-20 00:00:00+01:00,23.625013854639075,24.49570084690584,23.625013854639075,24.456880569458008,46542
2017-01-23 00:00:00+01:00,24.456877845502206,25.621492385864254,24.456877845502206,25.621492385864258,62710
2017-01-24 00:00:00+01:00,25.510581617934974,26.508821345092663,25.510581617934974,26.397905349731445,74249
2017-01-25 00:00:00+01:00,26.347986580131067,26.84156252862244,26.347986580131067,26.41453742980957,87108
2017-01-26 00:00:00+01:00,26.34244906187225,26.420089625882927,25.69913881150945,25.73241424560547,31401
2017-01-27 00:00:00+01:00,25.621493843071555,25.621493843071555,24.684256041508558,25.172285079956055,31971
2017-01-30 00:00:00+01:00,24.95599977512647,25.111280874530216,24.795171713288987,24.911632537841797,11550
2017-01-31 00:00:00+01:00,24.889447810902478,24.900539618786965,24.739711577780973,24.745256423950195,10032
2017-02-01 00:00:00+01:00,24.7452635029962,24.956003681997235,24.612166001398332,24.678714752197266,39506
2017-02-02 00:00:00+01:00,24.956002301280854,24.956002301280854,24.656529765934316,24.784082412719727,53308
2017-02-03 00:00:00+01:00,24.956002033037105,24.978185653686523,24.584435907118653,24.978185653686523,38352
2017-02-06 00:00:00+01:00,24.972635723550493,25.671404882155173,24.789626163803913,25.49948501586914,38332
2017-02-07 00:00:00+01:00,25.499486345932226,25.571582050463842,25.072461196854736,25.510578155517578,49699
2017-02-08 00:00:00+01:00,25.51057754599944,25.67695045471191,25.177831728574493,25.676950454711914,25102
2017-02-09 00:00:00+01:00,25.538303904707597,26.952476685418844,25.538303904707597,26.946931838989258,79966
2017-02-10 00:00:00+01:00,26.952481416436395,27.118856456173944,26.42563417575586,26.508819580078125,38535
2017-02-13 00:00:00+01:00,26.619736494419158,26.619736494419158,26.53100412405962,26.564279556274414,54149
2017-02-14 00:00:00+01:00,26.564275415278175,26.603095689037275,26.25925595639059,26.342443466186523,27399
2017-02-15 00:00:00+01:00,26.34244776786642,26.34244776786642,25.95424285133591,26.06515884399414,39276
2017-02-16 00:00:00+01:00,26.065158698337243,26.065158698337243,25.843326714260417,25.954242706298828,40627
2017-02-17 00:00:00+01:00,26.009702539287144,26.619737340453888,26.009702539287144,26.397905349731445,37123
2017-02-20 00:00:00+01:00,26.39789984293837,26.453358886823146,26.115066123537733,26.198253631591797,21213
2017-02-21 00:00:00+01:00,26.225985683221687,26.359083175659183,26.098433038158046,26.35908317565918,60428
2017-02-22 00:00:00+01:00,26.364632032005733,26.702924865861466,26.347993257596226,26.397905349731445,177065
2017-02-23 00:00:00+01:00,26.50882050258309,26.58646106220436,26.364631194078818,26.564279556274414,17818
2017-02-24 00:00:00+01:00,26.564280162913228,26.891481182751164,26.203803710100598,26.475547790527344,178807
2017-02-27 00:00:00+01:00,26.320264787642582,26.464456216276165,26.320264787642582,26.397905349731445,12425
2017-02-28 00:00:00+01:00,26.464453341323456,26.50881846532037,26.209345945042116,26.375720977783203,15873
2017-03-01 00:00:00+01:00,26.342444235807516,26.45336021359386,26.203799792461158,26.2869873046875,30290
2017-03-02 00:00:00+01:00,26.34244742735461,26.55318759912649,26.292535337080917,26.4533634185791,37884
2017-03-03 00:00:00+01:00,26.508818914366707,26.508818914366707,25.782323336682683,26.17607307434082,30825
2017-03-06 00:00:00+01:00,25.87105274454032,26.148341618048597,25.787865236269354,25.93205451965332,48133
2017-03-07 00:00:00+01:00,25.82114718610044,25.943152882695976,25.682502714319384,25.760143280029297,43130
2017-03-08 00:00:00+01:00,25.593767571227705,25.699136596797842,25.51612489836145,25.549400329589844,34370
2017-03-09 00:00:00+01:00,25.516123444089168,25.516123444089168,25.244381508957822,25.310930252075195,19841
2017-03-10 00:00:00+01:00,25.249924426359307,25.765681906081827,25.249924426359307,25.466209411621094,35927
2017-03-13 00:00:00+01:00,25.233290238219933,25.444030397397633,24.296054505254197,24.761899948120117,49502
2017-03-14 00:00:00+01:00,24.767445544072327,25.3996639251709,24.767445544072327,25.3996639251709,38769
2017-03-15 00:00:00+01:00,25.44403404371519,25.682502704329586,24.961549758911133,24.961549758911133,26336
2017-03-16 00:00:00+01:00,25.161193437210088,25.477302604462984,25.039187763449586,25.244380950927734,40361
2017-03-17 00:00:00+01:00,25.233288226165723,25.37193266696883,25.11128044128418,25.11128044128418,49092
2017-03-20 00:00:00+01:00,25.066916986400088,25.227745056152344,24.684256950400147,25.227745056152344,55014
2017-03-21 00:00:00+01:00,25.23882924519534,25.39965727986661,24.739710603329065,24.955995559692383,63940
2017-03-22 00:00:00+01:00,24.51234161533494,25.222200592795513,24.46242952376058,25.17783546447754,47069
2017-03-23 00:00:00+01:00,24.956000782271275,25.388570785522464,24.678711884690482,25.38857078552246,76450
2017-03-24 00:00:00+01:00,25.432938689182844,25.477303813870943,25.066917419433597,25.066917419433594,25013
2017-03-27 00:00:00+02:00,24.678713620547953,24.90054560043442,24.345967766264803,24.62325668334961,65161
2017-03-28 00:00:00+02:00,24.634346378352042,24.944910727083784,24.62325668334961,24.62325668334961,34013
2017-03-29 00:00:00+02:00,24.795174457992402,24.98373100623193,24.59552609920389,24.62325668334961,39829
2017-03-30 00:00:00+02:00,24.62325516888335,24.789628085792074,24.429151669534495,24.617708206176758,17499
2017-03-31 00:00:00+02:00,24.5677961195495,24.689803912537556,24.357055963173696,24.617708206176758,16253
2017-04-03 00:00:00+02:00,24.567795288459298,24.789627247197643,24.129678333501555,24.135225296020508,23361
2017-04-04 00:00:00+02:00,24.15186343450186,24.34596693919516,24.140771624329687,24.257234573364258,18584
2017-04-05 00:00:00+02:00,24.262781497131254,24.789630889892578,24.262781497131254,24.789630889892578,31548
2017-04-06 00:00:00+02:00,24.761897871071707,24.889450502216594,24.65098189577946,24.689802169799805,25179
2017-04-07 00:00:00+02:00,24.662074691393784,24.7341682800033,24.523430245619,24.595523834228516,26349
2017-04-10 00:00:00+02:00,24.6232497984482,25.06136455712565,24.612157991000597,24.955995559692383,418934
2017-04-11 00:00:00+02:00,24.928271932800364,24.928271932800364,24.70643997192383,24.706439971923828,37630
2017-04-12 00:00:00+02:00,24.928272256916998,24.944908913757818,24.767444188967747,24.88945198059082,20709
2017-04-13 00:00:00+02:00,24.839541082458922,24.86726955036852,24.723080247910715,24.750808715820312,2412
2017-04-18 00:00:00+02:00,24.734167452556214,24.955999404593335,24.734167452556214,24.800718307495117,10032
2017-04-19 00:00:00+02:00,24.845079600762336,24.955995559692383,24.817351139916312,24.955995559692383,257544
2017-04-20 00:00:00+02:00,24.956001292225505,25.122374211064386,24.822901687826533,24.91718101501465,57403
2017-04-21 00:00:00+02:00,24.956000723500498,25.177832687261283,24.789627808453105,24.88945198059082,68651
2017-04-24 00:00:00+02:00,24.956002450448025,25.01145938745263,24.756354092356997,24.89499855041504,25906
2017-04-25 00:00:00+02:00,24.90054347270596,25.416300983656424,24.73416844423443,25.355297088623047,678673
2017-04-26 00:00:00+02:00,25.51057991311985,25.521671723469396,25.23329100102072,25.3996639251709,240656
2017-04-27 00:00:00+02:00,25.499486345932226,25.621494135824754,25.410753984795758,25.510578155517578,125696
2017-04-28 00:00:00+02:00,25.294296306302172,25.36639201980883,24.967095287213947,25.17783546447754,181971
2017-05-02 00:00:00+02:00,25.17783207711334,25.488394280196744,25.00591220358764,25.017004013061523,95881
2017-05-04 00:00:00+02:00,25.044729964197067,25.36083909804963,25.039185117790062,25.261014938354492,160443
2017-05-05 00:00:00+02:00,25.227742559940797,25.366386996240536,25.105734779022242,25.31647491455078,87640
2017-05-08 00:00:00+02:00,25.505030976700947,26.863744735717773,25.449571933844517,26.863744735717773,143075
2017-05-09 00:00:00+02:00,26.863746531539764,26.863746531539764,26.3979011181352,26.519908905029297,48238
2017-05-10 00:00:00+02:00,26.619734679830884,26.67519161419529,26.026336596836703,26.298078536987305,42133
2017-05-11 00:00:00+02:00,26.298077256373283,26.91365892935537,26.28144059998339,26.780561447143555,45222
2017-05-12 00:00:00+02:00,26.708465262384028,26.763922193048824,26.292531935759143,26.447813034057617,29158
2017-05-15 00:00:00+02:00,26.453361531437622,26.619734448632286,26.231529564813783,26.375720977783203,32054
2017-05-16 00:00:00+02:00,26.298077231293455,26.89702224731445,26.08733919873466,26.897022247314453,40529
2017-05-17 00:00:00+02:00,26.61973281163862,26.70846516972223,25.987514495849613,25.98751449584961,60666
2017-05-18 00:00:00+02:00,25.85996480028387,25.981970484288784,25.144558891990172,25.737957000732422,87926
2017-05-19 00:00:00+02:00,25.704685049666555,26.065161534123156,25.455126684862403,26.00970458984375,24209
2017-05-22 00:00:00+02:00,26.054063539781538,26.603096466273485,25.887690630875174,26.2869873046875,50232
2017-05-23 00:00:00+02:00,26.209350587031555,26.225989362580442,25.676956311496657,25.787872314453125,35059
2017-05-24 00:00:00+02:00,25.7324102095726,26.06515603615604,25.7324102095726,25.89323616027832,20448
2017-05-25 00:00:00+02:00,25.893237118181844,26.059612153174875,25.6436787967852,25.83223533630371,24611
2017-05-26 00:00:00+02:00,25.682497584873246,25.84332353220272,25.432937162401544,25.749046325683594,30028
2017-05-29 00:00:00+02:00,25.67695106820516,25.715771343980716,25.432937603966465,25.510578155517578,9280
2017-05-30 00:00:00+02:00,25.432936751697365,25.87105369567871,25.25547203537135,25.87105369567871,42675
2017-05-31 00:00:00+02:00,25.843328645438145,26.03743217489666,25.39966675967785,25.876604080200195,40963
2017-06-01 00:00:00+02:00,25.688047562350057,25.854420505377973,25.52167461932214,25.760143280029297,10403
2017-06-02 00:00:00+02:00,25.920966288355388,26.89702224731445,25.726862796624285,26.897022247314453,73161
2017-06-05 00:00:00+02:00,26.930295097584555,27.44605255126953,26.82492397584595,27.44605255126953,60915
2017-06-06 00:00:00+02:00,27.24640463707787,27.324045181274414,27.019027850982493,27.324045181274414,49437
2017-06-07 00:00:00+02:00,27.185402945893486,27.3406840468413,26.775014459114693,26.897022247314453,21393
2017-06-08 00:00:00+02:00,26.70291880029956,26.924748625086757,26.70291880029956,26.863744735717773,12218
2017-06-09 00:00:00+02:00,26.708463947915764,27.279678344726566,26.708463947915764,27.279678344726562,19084
2017-06-12 00:00:00+02:00,27.25194957352808,27.25194957352808,26.708463646812117,26.863744735717773,21552
2017-06-13 00:00:00+02:00,26.469995663620473,26.725100920021866,26.065154161362727,26.58091163635254,12187
2017-06-14 00:00:00+02:00,26.342444235807516,26.558729228940418,26.10397562400808,26.2869873046875,16739
2017-06-15 00:00:00+02:00,26.2869873046875,26.2869873046875,26.2869873046875,26.2869873046875,0
2017-06-16 00:00:00+02:00,26.120611089836945,26.225982215927726,25.621492385864254,25.621492385864258,60905
2017-06-19 00:00:00+02:00,25.615947025375423,26.28698775036398,25.566034940302657,26.048519134521484,10915
2017-06-20 00:00:00+02:00,26.048521604310256,27.16876908562352,25.954242272213126,27.14658546447754,50742
2017-06-21 00:00:00+02:00,26.775019126078515,27.285231871125706,26.736198844075073,27.068946838378906,69451
2017-06-22 00:00:00+02:00,27.179855206795807,27.179855206795807,26.841564548760655,26.952478408813477,39265
2017-06-23 00:00:00+02:00,26.958028379385787,26.958028379385787,26.353538466239357,26.508819580078125,11692
2017-06-26 00:00:00+02:00,26.347990939819987,26.481090545654293,26.275897347391766,26.481090545654297,43106
2017-06-27 00:00:00+02:00,26.503269526242587,27.285224020321333,26.503269526242587,26.841562271118164,86222
2017-06-28 00:00:00+02:00,26.630824626996706,26.80828934320494,26.619732817790407,26.752832412719727,12326
2017-06-29 00:00:00+02:00,26.73065061716247,27.063396453857422,26.619734633082007,27.063396453857422,13811
2017-06-30 00:00:00+02:00,26.8471108756395,27.202040324687033,26.8471108756395,27.074487686157227,93603
2017-07-03 00:00:00+02:00,27.00793967226476,27.24640829894455,27.00793967226476,27.174312591552734,83336
2017-07-04 00:00:00+02:00,27.174310676348085,27.31295511857435,27.091123164793807,27.213130950927734,41348
2017-07-05 00:00:00+02:00,27.34623262695652,27.357324437044102,27.174312743918676,27.285228729248047,20781
2017-07-06 00:00:00+02:00,27.179858940442244,27.279683120639465,27.174314092896427,27.21868133544922,18802
2017-07-07 00:00:00+02:00,27.179858940442244,27.279683120639465,27.174314092896427,27.21868133544922,15718
2017-07-10 00:00:00+02:00,27.26304824839611,27.312960341764352,27.068946838378903,27.068946838378906,14300
2017-07-11 00:00:00+02:00,27.135492925738305,27.135492925738305,26.946936382150408,27.04676055908203,11526
2017-07-12 00:00:00+02:00,26.958026866870338,27.107763124905073,26.958026866870338,27.035667419433594,18548
2017-07-13 00:00:00+02:00,27.068947795011717,27.23532074027,27.035672359741348,27.091129302978516,19852
2017-07-14 00:00:00+02:00,27.09112492099093,27.174312437937882,26.897023535509945,27.063396453857422,102197
2017-07-17 00:00:00+02:00,27.174312776354327,27.340685696773736,27.06339679089257,27.16876792907715,57820
2017-07-18 00:00:00+02:00,27.55158860632714,27.609591065700716,26.878749899394496,27.261571884155273,30679
2017-07-19 00:00:00+02:00,27.27317281856039,27.626993573634383,27.000556391670198,27.261571884155273,31266
2017-07-20 00:00:00+02:00,27.070160052929534,27.26157215352727,26.971555428489744,27.087562561035156,25424
2017-07-21 00:00:00+02:00,26.971553044455902,27.000554271865816,26.49012426137446,26.83234405517578,23173
2017-07-24 00:00:00+02:00,26.681536332918107,27.522585203333932,26.577130144168457,27.464580535888672,30638
2017-07-25 00:00:00+02:00,27.07016167095494,27.429784024606104,27.07016167095494,27.203571319580078,97589
2017-07-26 00:00:00+02:00,27.26736934557458,27.516783886280216,26.971553283132838,27.290571212768555,44996
2017-07-27 00:00:00+02:00,27.093362524299383,27.33697772932592,27.00055725873024,27.209369659423828,37961
2017-07-28 00:00:00+02:00,27.325375917057404,27.389179949959534,27.087562293382557,27.261571884155273,34681
2017-07-31 00:00:00+02:00,27.261571877873465,27.261571877873465,26.66993749926095,27.23257064819336,48132
2017-08-01 00:00:00+02:00,27.23257313343266,27.23257313343266,26.826549242901546,26.9715576171875,49739
2017-08-02 00:00:00+02:00,26.977356978591974,27.162969733318015,26.739543333269097,26.9715576171875,28096
2017-08-03 00:00:00+02:00,26.739543333269097,26.971557617187504,26.652539636288843,26.9715576171875,17260
2017-08-04 00:00:00+02:00,26.971552943135357,27.041156331188038,26.391519546508793,26.39151954650879,27757
2017-08-07 00:00:00+02:00,26.391521734132777,26.443724832662415,26.159507471189492,26.275514602661133,21127
2017-08-08 00:00:00+02:00,26.246507814118836,26.321912765502933,26.113100415609455,26.32191276550293,22450
2017-08-09 00:00:00+02:00,26.188511194132495,26.304516114195028,26.11310622597023,26.159507751464844,17374
2017-08-10 00:00:00+02:00,26.136305394409444,26.30451339618019,25.840487125921292,25.9042911529541,22866
2017-08-11 00:00:00+02:00,25.811489094519775,25.92749622960983,25.538872658955963,25.75348663330078,19759
2017-08-14 00:00:00+02:00,25.57947192292297,26.565529140364266,25.57947192292297,26.449522018432617,24581
2017-08-15 00:00:00+02:00,26.449522018432617,26.449522018432617,26.449522018432617,26.449522018432617,0
2017-08-16 00:00:00+02:00,26.11310491698517,26.507527820851998,26.11310491698517,26.223310470581055,19179
2017-08-17 00:00:00+02:00,26.234913780938594,26.751143219117367,26.234913780938594,26.565532684326172,73367
2017-08-18 00:00:00+02:00,26.53653010162152,26.623536003408944,26.304515838623043,26.304515838623047,8317
2017-08-21 00:00:00+02:00,26.304513374469384,26.635132230046704,26.275512147474352,26.478525161743164,24596
2017-08-22 00:00:00+02:00,26.68733483275602,26.971552162443157,26.57132992690992,26.855545043945312,19536
2017-08-23 00:00:00+02:00,26.577131434355774,26.85554721365327,26.530729910798822,26.681537628173828,21910
2017-08-24 00:00:00+02:00,26.623532991254596,26.80334192271565,26.60033112504938,26.76854133605957,12203
2017-08-25 00:00:00+02:00,26.629336599255165,26.855549299210942,26.565532563339005,26.843948364257812,24315
2017-08-28 00:00:00+02:00,26.739538847067838,27.14556266947868,26.739538847067838,27.09916114807129,61781
2017-08-29 00:00:00+02:00,26.91934986656248,27.029555415439052,26.397318924195968,26.449522018432617,21612
2017-08-30 00:00:00+02:00,26.681538439811547,27.31377498265229,26.681538439811547,27.261571884155273,40836
2017-08-31 00:00:00+02:00,27.2615676527913,27.3311710357666,27.1513621120261,27.3311710357666,21952
2017-09-01 00:00:00+02:00,27.09336002223582,27.290571469939337,27.09336002223582,27.116561889648438,23371
2017-09-04 00:00:00+02:00,26.948355753513702,27.05276196003985,26.884551714786372,27.029560089111328,5678
2017-09-05 00:00:00+02:00,26.913550854404697,27.11656166092306,26.51332638919443,26.687335968017578,16239
2017-09-06 00:00:00+02:00,26.8497456742051,27.046957111786075,26.68153546307538,26.8265438079834,39256
2017-09-07 00:00:00+02:00,26.63513171170546,26.878746881556726,26.258111342803563,26.76854133605957,19058
2017-09-08 00:00:00+02:00,26.577131763264855,26.954154380346154,26.47852714157858,26.91935157775879,30151
2017-09-11 00:00:00+02:00,26.774339578723353,27.046955963626257,26.774339578723353,26.96575164794922,65085
2017-09-12 00:00:00+02:00,26.687336713337842,27.0295565200633,26.507527769014708,26.797544479370117,23018
2017-09-13 00:00:00+02:00,26.79174240005287,26.87874829657694,26.455324172973636,26.455324172973633,12228
2017-09-14 00:00:00+02:00,26.455323574162,26.629333150619612,26.339316452306328,26.39151954650879,10670
2017-09-15 00:00:00+02:00,26.44952354026535,26.81494522094727,26.30451518267036,26.814945220947266,44391
2017-09-18 00:00:00+02:00,26.420520791112658,26.791741811172486,26.333517109152783,26.449522018432617,16431
2017-09-19 00:00:00+02:00,26.565530763236964,26.61773386066267,26.287114981183837,26.50752830505371,12528
2017-09-20 00:00:00+02:00,26.461122934561473,26.461122934561473,26.124704715097003,26.39151954650879,11409
2017-09-21 00:00:00+02:00,26.223312372633192,26.49592880872266,26.11310681104378,26.194311141967773,17711
2017-09-22 00:00:00+02:00,26.200110934099417,26.28711684017921,26.072505074541727,26.12470817565918,7269
2017-09-25 00:00:00+02:00,26.101504080651555,26.159506537992236,25.944894790649414,25.944894790649414,40385
2017-09-26 00:00:00+02:00,25.898494737395072,26.27551515681431,25.637479239242037,25.985498428344727,38177
2017-09-27 00:00:00+02:00,25.8694940646267,25.985501210967413,25.318463991649796,25.521474838256836,41749
2017-09-28 00:00:00+02:00,25.521472780999588,25.63167834418097,25.086447676778004,25.446067810058594,14583
2017-09-29 00:00:00+02:00,25.509871449458508,25.985498712334497,25.12125009113508,25.869491577148438,67916
2017-10-02 00:00:00+02:00,25.869493032354317,26.084107018949176,25.701285000157192,25.794090270996094,9858
2017-10-03 00:00:00+02:00,25.76508266504495,26.263911744988228,25.707080209882545,26.217510223388672,13818
2017-10-04 00:00:00+02:00,26.10730683247266,26.258116781390605,25.811490721367775,25.92749786376953,10506
2017-10-05 00:00:00+02:00,25.869489063975625,25.956494960075723,25.637477028795107,25.776683807373047,27223
2017-10-06 00:00:00+02:00,25.666479012640696,26.095704719978254,25.666479012640696,25.944894790649414,27205
2017-10-09 00:00:00+02:00,26.07250461688706,26.217512982706616,25.828889411731126,25.869491577148438,18318
2017-10-10 00:00:00+02:00,26.101501740471633,26.362517200406696,25.956493397469014,26.014495849609375,80858
2017-10-11 00:00:00+02:00,26.200108814904542,26.652536392211914,26.04350173687145,26.652536392211914,38442
2017-10-12 00:00:00+02:00,26.62353487490734,27.487783432006832,26.61773330161969,27.487783432006836,56003
2017-10-13 00:00:00+02:00,27.267373623604573,28.114224207833942,27.267373623604573,27.95761489868164,52001
2017-10-16 00:00:00+02:00,27.754596778818684,28.798658649148738,27.754596778818684,28.711652755737305,237556
2017-10-17 00:00:00+02:00,28.717451156831306,28.990067548606113,28.334629221381352,28.984268188476562,142352
2017-10-18 00:00:00+02:00,28.775455246196163,28.775455246196163,27.43557739257813,27.435577392578125,65006
2017-10-19 00:00:00+02:00,27.452985141911725,27.638595674925934,26.977355661829215,27.03536033630371,16421
2017-10-20 00:00:00+02:00,27.23256957546442,27.81260299682617,27.029556550396666,27.812602996826172,50753
2017-10-23 00:00:00+02:00,27.56319033348038,28.30563245554518,27.56319033348038,27.78360366821289,22626
2017-10-24 00:00:00+02:00,27.783600852497244,27.783600852497244,26.901949815569765,26.90774917602539,101542
2017-10-25 00:00:00+02:00,26.948356320167836,26.954157894348054,26.391524682087795,26.623538970947266,24392
2017-10-26 00:00:00+02:00,26.524925378950307,26.69893494502134,25.93909265689244,25.997095108032227,45436
2017-10-27 00:00:00+02:00,26.188509669184455,26.693138122558594,26.188509669184455,26.693138122558594,13203
2017-10-30 00:00:00+01:00,26.513325233105697,26.768541336059574,26.513325233105697,26.76854133605957,20436
2017-10-31 00:00:00+01:00,26.959953407471325,27.0063571436802,26.223310690044816,26.681537628173828,16200
2017-11-01 00:00:00+01:00,26.681537628173828,26.681537628173828,26.681537628173828,26.681537628173828,0
2017-11-02 00:00:00+01:00,26.6815415852445,26.6815415852445,26.107307434082028,26.10730743408203,27018
2017-11-03 00:00:00+01:00,26.217510748193128,26.275513204516585,25.81728627654488,25.89849281311035,19721
2017-11-06 00:00:00+01:00,25.817286551017364,26.345116874719142,25.72448129232206,25.782485961914062,23643
2017-11-07 00:00:00+01:00,25.846287465751196,26.037697325065384,25.521467985741694,25.689678192138672,37801
2017-11-08 00:00:00+01:00,25.701279463203793,25.7940847140492,25.23145163618233,25.295255661010742,36653
2017-11-09 00:00:00+01:00,25.318460471050045,25.504070994324636,25.243055504516,25.347461700439453,20547
2017-11-10 00:00:00+01:00,25.347459614652443,25.492467962319044,25.115445373325162,25.214052200317383,21332
2017-11-13 00:00:00+01:00,25.23725477604946,25.35906348380658,24.767429091315023,24.999441146850586,25368
2017-11-14 00:00:00+01:00,25.05744233988639,25.05744233988639,24.564412641629776,24.60501480102539,20826
2017-11-15 00:00:00+01:00,24.651416110601634,24.88343032376202,24.25119391618406,24.837026596069336,44018
2017-11-16 00:00:00+01:00,24.842832951802514,24.92403727824895,24.367203501976913,24.4774112701416,13155
2017-11-17 00:00:00+01:00,24.47160498476976,24.837026596069336,24.47160498476976,24.837026596069336,29912
2017-11-20 00:00:00+01:00,24.854428382168873,25.49246640040053,24.709420043386903,25.45186424255371,31279
2017-11-21 00:00:00+01:00,25.45766604773994,25.910091400146484,25.23145337153667,25.910091400146484,16512
2017-11-22 00:00:00+01:00,25.533070830457795,25.886891562596883,25.52146989680466,25.747682571411133,18814
2017-11-23 00:00:00+01:00,25.747685622888316,25.782488427972357,25.370665191412378,25.463470458984375,5883
2017-11-24 00:00:00+01:00,25.475066960868407,25.579473154368028,25.063243760204315,25.312658309936523,6323
2017-11-27 00:00:00+01:00,25.14444756485911,25.637477293429058,25.14444756485911,25.631675720214844,17497
2017-11-28 00:00:00+01:00,25.521470317183415,25.8578907607101,25.446065353521934,25.67807960510254,9216
2017-11-29 00:00:00+01:00,25.753485002218905,25.776684657645927,24.686223409758526,24.709423065185547,27711
2017-11-30 00:00:00+01:00,24.686220874556497,25.13284683227539,24.65141807601222,25.13284683227539,57863
2017-12-01 00:00:00+01:00,25.289460397747387,25.341663502662946,25.05744831907445,25.063247680664062,21893
2017-12-04 00:00:00+01:00,25.06324577822611,25.17345355393373,24.767429681260197,25.092247009277344,20550
2017-12-05 00:00:00+01:00,25.121246946316827,25.2314524939888,25.063242279659114,25.214052200317383,9075
2017-12-06 00:00:00+01:00,25.103842738519557,25.405460346741435,25.086442446027483,25.3764591217041,14146
2017-12-07 00:00:00+01:00,25.37645982500591,25.37645982500591,25.092242501399095,25.248851776123047,4681
2017-12-08 00:00:00+01:00,25.260454186281205,25.341658508445974,25.138647703034053,25.28945541381836,7065
2017-12-11 00:00:00+01:00,25.289458507020573,25.637479917989097,25.237255406007897,25.446067810058594,80890
2017-12-12 00:00:00+01:00,25.318459668437537,25.782485961914062,25.243054704293883,25.782485961914062,18701
2017-12-13 00:00:00+01:00,25.799886256465715,25.799886256465715,25.289456227315586,25.782485961914062,96770
2017-12-14 00:00:00+01:00,25.596875131537068,25.805687514211222,25.411264616416016,25.631675720214844,28556
2017-12-15 00:00:00+01:00,25.46926678127561,26.379919052124023,25.46926678127561,26.379919052124023,52646
2017-12-18 00:00:00+01:00,26.374115927588555,26.490120822167306,26.101499557495114,26.101499557495117,14091
2017-12-19 00:00:00+01:00,26.101503028359737,26.28711353954926,25.707080138919043,25.863689422607422,19119
2017-12-20 00:00:00+01:00,25.811485567885875,25.886890527289605,25.666477221998875,25.72447967529297,10271
2017-12-21 00:00:00+01:00,25.788285322547313,25.794086895832464,25.521470480379797,25.782485961914062,8467
2017-12-22 00:00:00+01:00,25.72448016319183,25.72448016319183,25.289455117280006,25.318458557128906,9030
2017-12-25 00:00:00+01:00,25.318458557128906,25.318458557128906,25.318458557128906,25.318458557128906,0
2017-12-26 00:00:00+01:00,25.318458557128906,25.318458557128906,25.318458557128906,25.318458557128906,0
2017-12-27 00:00:00+01:00,25.266261902301995,25.602680206298828,24.871838916476488,25.602680206298828,29015
2017-12-28 00:00:00+01:00,25.4402618507591,26.321912765502933,25.4402618507591,26.32191276550293,19952
2017-12-29 00:00:00+01:00,25.997097953088094,27.284772865706604,25.997097953088094,27.25577163696289,45174
2018-01-01 00:00:00+01:00,27.25577163696289,27.25577163696289,27.25577163696289,27.25577163696289,0
2018-01-02 00:00:00+01:00,27.25577163696289,27.25577163696289,27.25577163696289,27.25577163696289,0
2018-01-03 00:00:00+01:00,27.26157104755238,27.290572276349177,26.33351845014328,26.652536392211914,15775
2018-01-04 00:00:00+01:00,26.536527895665433,26.536527895665433,26.275512424653115,26.39151954650879,35774
2018-01-05 00:00:00+01:00,26.391523352248292,26.652538860899856,26.333520889282223,26.333520889282227,13508
2018-01-08 00:00:00+01:00,26.333513771955687,26.449518666534438,25.898488779330766,26.101499557495117,24621
2018-01-09 00:00:00+01:00,26.33351632968262,26.85554504394531,26.0725008662254,26.855545043945312,26425
2018-01-10 00:00:00+01:00,26.855550482451818,27.26157437309214,26.797548017782713,27.029560089111328,49060
2018-01-11 00:00:00+01:00,27.000552374051036,27.4645786179496,26.88454525991348,27.435577392578125,33712
2018-01-12 00:00:00+01:00,27.435579030061643,27.63859204508205,27.37757657585684,27.551586151123047,36058
2018-01-15 00:00:00+01:00,27.580587658127374,27.7255960077628,27.435579308491953,27.464580535888672,43731
2018-01-16 00:00:00+01:00,27.290569021365155,27.667591588711307,27.174561907362367,27.348573684692383,16694
2018-01-17 00:00:00+01:00,27.348574235055462,27.783599261831625,27.14556122830223,27.174562454223633,24713
2018-01-18 00:00:00+01:00,27.17456704250055,27.754600509470908,27.116564580864342,27.6675968170166,77639
2018-01-19 00:00:00+01:00,27.638595586198498,27.725599278652805,27.580590911910214,27.6675968170166,32692
2018-01-22 00:00:00+01:00,27.66759815121119,28.04461859533146,27.66759815121119,27.95761489868164,71691
2018-01-23 00:00:00+01:00,27.841604247590197,28.218626856837076,27.725597120694857,27.899606704711914,26890
2018-01-24 00:00:00+01:00,27.899606704711914,27.92861014592468,27.46458163834332,27.899606704711914,20005
2018-01-25 00:00:00+01:00,27.377578464343383,27.84160476794542,27.377578464343383,27.522586822509766,13567
2018-01-26 00:00:00+01:00,27.522586822509766,27.609590509818425,27.203568877074115,27.522586822509766,25561
2018-01-29 00:00:00+01:00,27.522582996922356,27.522582996922356,27.17456165810618,27.493581771850586,7607
2018-01-30 00:00:00+01:00,27.493581771850582,27.493581771850582,27.493581771850582,27.493581771850586,0
2018-01-31 00:00:00+01:00,27.406579713872052,27.812603559570917,27.406579713872052,27.609590530395508,67398
2018-02-01 00:00:00+01:00,27.609590530395508,27.92861068872087,27.261571355597596,27.609590530395508,19409
2018-02-02 00:00:00+01:00,27.2615688523619,27.551585542280645,26.53652712756504,26.855545043945312,16305
2018-02-05 00:00:00+01:00,26.68153432737674,26.797541440895664,26.130502197650586,26.42051887512207,17137
2018-02-06 00:00:00+01:00,25.52147049517854,26.07250268703664,24.941437074833576,25.84048843383789,31253
2018-02-07 00:00:00+01:00,25.927498445640033,26.391524813008637,25.463472078271433,25.637481689453125,30623
2018-02-08 00:00:00+01:00,25.69548007875165,26.27551349909662,25.69548007875165,25.84048843383789,19604
2018-02-09 00:00:00+01:00,25.637479239242037,26.101505562262968,25.608478008925484,25.985498428344727,7271
2018-02-12 00:00:00+01:00,25.985496497595538,26.304514432678314,25.89849281311035,25.89849281311035,14962
2018-02-13 00:00:00+01:00,26.043500645249626,26.275512678551078,25.985495977435388,26.217510223388672,21527
2018-02-14 00:00:00+01:00,26.275514602661136,26.275514602661136,25.927495420898204,26.275514602661133,19689
2018-02-15 00:00:00+01:00,26.15950506212324,26.942551467955962,26.15950506212324,26.59453010559082,13215
2018-02-16 00:00:00+01:00,26.478525197454232,26.85554557420173,26.478525197454232,26.59453010559082,18498
2018-02-19 00:00:00+01:00,26.681540865015645,27.000558845871264,26.333521651837188,26.942556381225586,17383
2018-02-20 00:00:00+01:00,26.71053669898594,27.00055338890468,26.507525901103516,26.855545043945312,10297
2018-02-21 00:00:00+01:00,26.681539019202145,26.739541479835246,25.637479239242037,25.985498428344727,29858
2018-02-22 00:00:00+01:00,26.07250406141794,26.304516114195028,25.579474300544096,26.159507751464844,21563
2018-02-23 00:00:00+01:00,26.15950201711539,26.304510348058717,25.898488791538632,26.13050079345703,17885
2018-02-26 00:00:00+01:00,26.043500900268555,26.188509252246327,25.69547952793079,26.043500900268555,10070
2018-02-27 00:00:00+01:00,26.043503375500936,26.159508297987035,25.66648073946492,25.81148910522461,15543
2018-02-28 00:00:00+01:00,25.695484451441768,25.898497510701088,24.999443786049763,25.521474838256836,56518
2018-03-01 00:00:00+01:00,25.81149159778248,25.81149159778248,25.05744846554626,25.521474838256836,25254
2018-03-02 00:00:00+01:00,25.666478009756876,25.666478009756876,25.14444706348075,25.28945541381836,29100
2018-03-05 00:00:00+01:00,25.52147101667713,25.52147101667713,25.231454300578527,25.492469787597656,25631
2018-03-06 00:00:00+01:00,25.3764591217041,25.492466234505077,25.231450783865792,25.3764591217041,13055
2018-03-07 00:00:00+01:00,25.376462929828865,25.405464159218276,24.709423590612573,25.347461700439453,20411
2018-03-08 00:00:00+01:00,25.43446400564068,25.43446400564068,24.883434039247536,25.057443618774414,14503
2018-03-09 00:00:00+01:00,25.057443380869284,25.28945541381836,24.883433802994517,25.28945541381836,30922
2018-03-12 00:00:00+01:00,25.782484830237824,25.782484830237824,25.144446768642734,25.318458557128906,72505
2018-03-13 00:00:00+01:00,25.434465408325195,25.434465408325195,25.17345213096619,25.434465408325195,28359
2018-03-14 00:00:00+01:00,25.434465408325195,25.434465408325195,25.17345213096619,25.434465408325195,12244
2018-03-15 00:00:00+01:00,25.463470178865784,25.608478546142578,25.173453444312198,25.608478546142578,25728
2018-03-16 00:00:00+01:00,25.347460073090726,25.37646130061821,25.173450495273997,25.260454177856445,49806
2018-03-19 00:00:00+01:00,25.17344884725905,25.52146798010895,24.999437068182413,25.11544418334961,18547
2018-03-20 00:00:00+01:00,24.941436224680388,25.2604541524657,24.941436224680388,25.173450469970703,28940
2018-03-21 00:00:00+01:00,25.028440750616557,25.17344909282719,24.941434860229492,24.941434860229492,12357
2018-03-22 00:00:00+01:00,24.94143460665135,25.289453739357903,24.94143460665135,25.086442947387695,25644
2018-03-23 00:00:00+01:00,24.941436494872544,25.231453198301296,24.477410211916915,25.057443618774414,72963
2018-03-26 00:00:00+02:00,25.057444702075518,25.057444702075518,24.390405370290736,24.4774112701416,96209
2018-03-27 00:00:00+02:00,24.796429783240317,24.796429783240317,24.01338551725142,24.245397567749023,34234
2018-03-28 00:00:00+02:00,24.53541065374175,24.53541065374175,23.781367729247172,24.013381958007812,27617
2018-03-29 00:00:00+02:00,23.897382738104497,24.071392360833052,23.83937805542671,23.955385208129883,16502
2018-03-30 00:00:00+02:00,23.95538520812988,23.95538520812988,23.95538520812988,23.955385208129883,0
2018-04-02 00:00:00+02:00,23.95538520812988,23.95538520812988,23.95538520812988,23.955385208129883,0
2018-04-03 00:00:00+02:00,23.839374264736396,24.07138853325023,23.839374264736396,23.98438262939453,130681
2018-04-04 00:00:00+02:00,24.01338302206074,24.129387928929667,23.49135209054351,23.520353317260742,27568
2018-04-05 00:00:00+02:00,23.578358760253263,23.665362443271725,22.998325356189486,23.027326583862305,46797
2018-04-06 00:00:00+02:00,23.027328774393233,23.201338369635085,22.679307371257476,22.91132164001465,96225
2018-04-09 00:00:00+02:00,23.0273268413769,23.114330525368324,22.679305467455606,22.853317260742188,25938
2018-04-10 00:00:00+02:00,22.969324381005798,22.9983278244432,22.679307647848393,22.766313552856445,87616
2018-04-11 00:00:00+02:00,22.766311914492878,22.882319041937876,22.592302329651343,22.62130355834961,72914
2018-04-12 00:00:00+02:00,22.853320035116813,22.853320035116813,22.47629738742813,22.534299850463867,28952
2018-04-13 00:00:00+02:00,22.563301100953073,22.766311914492878,22.476295202206344,22.62130355834961,118194
2018-04-16 00:00:00+02:00,22.708308908104613,22.853317260742184,22.708308908104613,22.853317260742188,27872
2018-04-17 00:00:00+02:00,22.795312069121675,23.143333435058594,22.62130249247912,23.143333435058594,23938
2018-04-18 00:00:00+02:00,23.201333762068714,23.520351658766835,23.17233253739645,23.375343322753906,77591
2018-04-19 00:00:00+02:00,23.259341892506097,23.433353708345276,23.056331057563256,23.288345336914062,95820
2018-04-20 00:00:00+02:00,23.201337820547682,23.346346181926105,23.1723365908024,23.23033905029297,35652
2018-04-23 00:00:00+02:00,23.02732739067763,23.259339432841113,22.592302322387695,22.592302322387695,25663
2018-04-24 00:00:00+02:00,22.62130355834961,22.853317813239606,22.534297659602885,22.62130355834961,17080
2018-04-25 00:00:00+02:00,22.62130217118697,22.62130217118697,22.33128547668457,22.33128547668457,42184
2018-04-26 00:00:00+02:00,22.331284093232405,22.44729120637693,22.07026864182014,22.09926986694336,21253
2018-04-27 00:00:00+02:00,22.273284912109375,22.447294501040297,22.21528024069775,22.273284912109375,43617
2018-04-30 00:00:00+02:00,22.505297770576462,23.17233713360308,22.273285714527415,22.882320404052734,38961
2018-05-01 00:00:00+02:00,22.882320404052734,22.882320404052734,22.882320404052734,22.882320404052734,0
2018-05-02 00:00:00+02:00,22.85331974986153,22.882320981017404,22.476297106878846,22.67930793762207,11600
2018-05-03 00:00:00+02:00,22.679307937622074,22.679307937622074,22.679307937622074,22.67930793762207,0
2018-05-04 00:00:00+02:00,22.505298060692834,23.05633029647227,22.505298060692834,22.824316024780273,65049
2018-05-07 00:00:00+02:00,22.62130355834961,22.766311914492878,22.534297659602885,22.62130355834961,72020
2018-05-08 00:00:00+02:00,22.62130575320265,22.737312891903347,22.476297382989813,22.505298614501953,43044
2018-05-09 00:00:00+02:00,22.476294078601335,22.476294078601335,22.128274926315974,22.157276153564453,49671
2018-05-10 00:00:00+02:00,22.186277380812932,22.38928818420409,22.099271486415688,22.157276153564453,150138
2018-05-11 00:00:00+02:00,22.128273557818083,22.157274783273014,21.86725810342036,21.954261779785156,60460
2018-05-14 00:00:00+02:00,22.01226614816173,22.30228282412525,21.867257810179964,21.983264923095703,15772
2018-05-15 00:00:00+02:00,21.89626095169469,22.302284776110785,21.89626095169469,22.041269302368164,26581
2018-05-16 00:00:00+02:00,22.04127176920573,22.04127176920573,21.49023953244517,21.75125503540039,35792
2018-05-17 00:00:00+02:00,21.751251736202754,21.896260081110775,21.345227927929955,21.46123504638672,44773
2018-05-18 00:00:00+02:00,21.461233397385,21.57724050692821,21.142215505629867,21.345226287841797,112390
2018-05-21 00:00:00+02:00,21.229222689334232,21.51923940483143,21.229222689334232,21.432235717773438,39727
2018-05-22 00:00:00+02:00,21.432233819935465,21.577242164843483,21.3162267014787,21.46123504638672,23789
2018-05-23 00:00:00+02:00,21.461237782445448,21.519240242742598,20.939206789162988,21.026212692260742,57362
2018-05-24 00:00:00+02:00,20.997211739883518,21.14222010519673,20.765197470321556,20.88120460510254,87976
2018-05-25 00:00:00+02:00,20.91020582473003,20.939207055247138,20.67819376794112,20.82320213317871,52455
2018-05-28 00:00:00+02:00,20.82320213317871,20.9682104984163,20.76519745949244,20.82320213317871,20140
2018-05-29 00:00:00+02:00,20.823199971261612,21.02621077645632,20.6491881809212,20.997209548950195,38085
2018-05-30 00:00:00+02:00,20.881206226216598,21.084217068355034,20.76519908242939,21.05521583557129,76909
2018-05-31 00:00:00+02:00,21.05521583557129,21.05521583557129,21.05521583557129,21.05521583557129,0
2018-06-01 00:00:00+02:00,21.055214206415318,21.055214206415318,20.765197475713588,20.910205841064453,35066
2018-06-04 00:00:00+02:00,20.997210362204676,20.997210362204676,20.301169811839788,20.5911865234375,109586
2018-06-05 00:00:00+02:00,20.591186793983407,20.765196380697947,20.446178436279297,20.446178436279297,86656
2018-06-06 00:00:00+02:00,20.56218445658874,20.56218445658874,20.069154739379883,20.069154739379883,102211
2018-06-07 00:00:00+02:00,20.15616061722023,20.301168966984406,19.895145145114352,20.011152267456055,239592
2018-06-08 00:00:00+02:00,20.011153900366033,20.388176525578658,19.837144308980207,20.15616226196289,170439
2018-06-11 00:00:00+02:00,20.47518318752246,20.85220586747105,20.359176038872718,20.56218910217285,94758
2018-06-12 00:00:00+02:00,20.678192138671875,20.93920540541222,20.591186241323836,20.678192138671875,109218
2018-06-13 00:00:00+02:00,20.707196323663638,21.867263319805556,20.707196323663638,21.11322021484375,120323
2018-06-14 00:00:00+02:00,21.22922402948995,21.867262171452943,21.22922402948995,21.75125503540039,270658
2018-06-15 00:00:00+02:00,21.75125474658759,21.925264342029884,21.693252285657515,21.838260650634766,85134
2018-06-18 00:00:00+02:00,21.78025488424442,21.89626201293606,21.34522981113973,21.403234481811523,61830
2018-06-19 00:00:00+02:00,21.02621297041575,21.1132188746645,20.794198700853787,20.88120460510254,170114
2018-06-20 00:00:00+02:00,20.82320213317871,20.997211728933408,20.794198690009548,20.82320213317871,34629
2018-06-21 00:00:00+02:00,20.91020582473003,20.939207055247138,20.794198690009548,20.82320213317871,74246
2018-06-22 00:00:00+02:00,20.82320346580827,21.316231054107703,20.82320346580827,21.11322021484375,48171
2018-06-25 00:00:00+02:00,21.171216729852773,21.40323094893919,21.171216729852773,21.345226287841797,8247
2018-06-26 00:00:00+02:00,21.316229419050543,21.60624614584035,21.026212692260742,21.026212692260742,17739
2018-06-27 00:00:00+02:00,21.026209523191277,21.78025245666504,20.765194065890288,21.78025245666504,42695
2018-06-28 00:00:00+02:00,21.69325119721465,21.69325119721465,21.200221453438168,21.403234481811523,13887
2018-06-29 00:00:00+02:00,21.403235055369322,21.60624587653096,21.171220791768594,21.229223251342773,27213
2018-07-02 00:00:00+02:00,21.229223238959296,21.287227911151643,20.939206515953554,21.171220779418945,19540
2018-07-03 00:00:00+02:00,21.229222682448093,21.664247755552783,21.229222682448093,21.403234481811523,32441
2018-07-04 00:00:00+02:00,21.46123504638672,21.7222505097515,21.287225475027444,21.46123504638672,94693
2018-07-05 00:00:00+02:00,21.63524546973763,22.215278872211304,21.51923834671253,22.01226806640625,48883
2018-07-06 00:00:00+02:00,22.09927311052648,22.534298189179772,21.809256391424285,22.273284912109375,67589
2018-07-09 00:00:00+02:00,22.56330136402706,22.592302593063465,22.331287106431922,22.447294235229492,149757
2018-07-10 00:00:00+02:00,22.418293006193085,22.447294235229492,22.389289564504736,22.447294235229492,51245
2018-07-11 00:00:00+02:00,22.563303290178368,22.592304521690508,22.360290244289114,22.505298614501953,65042
2018-07-12 00:00:00+02:00,22.447293966291053,22.621303551076643,22.447293966291053,22.592302322387695,49108
2018-07-13 00:00:00+02:00,22.679307937622074,22.708311381430054,22.563303012998578,22.67930793762207,94534
2018-07-16 00:00:00+02:00,22.679304955589203,23.230337125705688,22.650303728246612,23.172334671020508,268006
2018-07-17 00:00:00+02:00,23.172334662390384,23.317343011701148,22.91131919110065,23.143333435058594,244333
2018-07-18 00:00:00+02:00,23.266112177231772,23.266112177231772,22.31459388104847,22.498760223388672,26311
2018-07-19 00:00:00+02:00,22.836392620019243,23.695825328190672,22.590839079529054,23.603744506835938,77511
2018-07-20 00:00:00+02:00,23.5730516981096,23.726522080670804,22.74431022721579,23.665132522583008,142226
2018-07-23 00:00:00+02:00,23.26611276687803,23.787911172006645,23.235416814528506,23.48097038269043,15580
2018-07-24 00:00:00+02:00,23.48096529229895,23.81859961899724,23.45027168837581,23.634435653686523,30706
2018-07-25 00:00:00+02:00,23.695822861532804,23.910682772538532,23.419578084452667,23.634435653686523,41593
2018-07-26 00:00:00+02:00,23.726520654149606,23.879991027483634,23.23541358606307,23.450273513793945,39961
2018-07-27 00:00:00+02:00,23.327499389648438,23.72652334223293,23.26611217006882,23.327499389648438,29247
2018-07-30 00:00:00+02:00,23.327498281383697,23.63443904824401,23.23541511461672,23.388885498046875,20423
2018-07-31 00:00:00+02:00,23.910683961548518,24.279011910485842,23.450272854490862,23.757213592529297,276355
2018-08-01 00:00:00+02:00,24.309707899858086,25.6295541395624,24.309707899858086,25.476083755493164,94827
2018-08-02 00:00:00+02:00,24.862203685721653,25.44539164793873,24.708733292599916,25.230531692504883,59653
2018-08-03 00:00:00+02:00,24.862202219216222,25.476083755493164,24.64734461822818,25.476083755493164,93242
2018-08-06 00:00:00+02:00,24.892894125405405,25.476082013342353,24.739423751831055,24.739423751831055,14838
2018-08-07 00:00:00+02:00,24.64734798886671,25.046369636951443,24.21763038635254,24.21763038635254,33650
2018-08-08 00:00:00+02:00,24.217628608152967,24.923591014515868,24.156239045574218,24.77012062072754,41801
2018-08-09 00:00:00+02:00,24.83150888004411,25.291920037244786,24.678038494310552,24.9235897064209,70395
2018-08-10 00:00:00+02:00,24.923587663449872,24.923587663449872,24.15623579768144,24.555259704589844,44102
2018-08-13 00:00:00+02:00,24.555263073855937,24.555263073855937,23.818604713285787,24.125545501708984,20759
2018-08-14 00:00:00+02:00,24.248322530883843,25.353308912037996,24.248322530883843,24.64734649658203,149392
2018-08-15 00:00:00+02:00,24.647346496582028,24.647346496582028,24.647346496582028,24.64734649658203,0
2018-08-16 00:00:00+02:00,24.432485296123513,25.384001233169585,24.432485296123513,24.9849796295166,66169
2018-08-17 00:00:00+02:00,24.739426121239198,25.414697234703386,24.739426121239198,25.169143676757812,55515
2018-08-20 00:00:00+02:00,25.16914458128614,25.29192136467128,24.770120620727536,24.77012062072754,16106
2018-08-21 00:00:00+02:00,25.169142511202168,25.169142511202168,24.954284914278823,25.04636573791504,43922
2018-08-22 00:00:00+02:00,25.01567323875571,25.506778011898298,24.9849796295166,24.9849796295166,60521
2018-08-23 00:00:00+02:00,24.98497839397292,25.75233029586538,24.98497839397292,25.322612762451172,42437
2018-08-24 00:00:00+02:00,25.261227644547116,25.44539164793873,25.199838082235008,25.230531692504883,25055
2018-08-27 00:00:00+02:00,25.169141058385726,25.997880132135954,25.169141058385726,25.936492919921875,21488
2018-08-28 00:00:00+02:00,25.967188490593585,26.1513524829409,25.598860505898955,26.12065887451172,54788
2018-08-29 00:00:00+02:00,25.752329610576567,25.875106379966613,25.629552841186523,25.629552841186523,62465
2018-08-30 00:00:00+02:00,25.660249949294478,26.212744316048518,25.660249949294478,26.182050704956055,48608
2018-08-31 00:00:00+02:00,26.182048458920537,26.182048458920537,25.476083755493164,25.476083755493164,67492
2018-09-03 00:00:00+02:00,25.752331386195007,26.059272159947575,25.752331386195007,25.90580177307129,18540
2018-09-04 00:00:00+02:00,25.936497253600155,26.0285804290793,25.660250068935134,25.72163963317871,88527
2018-09-05 00:00:00+02:00,25.690941411259224,25.905801354477607,25.56816697715983,25.660247802734375,45476
2018-09-06 00:00:00+02:00,25.476084552401197,25.783025330140973,25.29192055411179,25.537471771240234,18030
2018-09-07 00:00:00+02:00,25.230530477888017,25.384000863621573,24.30970816348667,24.9235897064209,28211
2018-09-10 00:00:00+02:00,24.862203615572852,24.862203615572852,24.0334644317627,24.033464431762695,65503
2018-09-11 00:00:00+02:00,24.0027681183881,24.2483216797016,23.57305289874795,23.972074508666992,27935
2018-09-12 00:00:00+02:00,23.972069980384816,24.739421787322687,23.51165889622209,23.634435653686523,21020
2018-09-13 00:00:00+02:00,23.941381497009537,24.647346247091846,23.818604713285787,24.125545501708984,40636
2018-09-14 00:00:00+02:00,24.156239396287226,24.831510543823242,24.156239396287226,24.831510543823242,44820
2018-09-17 00:00:00+02:00,24.55526119021257,24.585954798345895,24.217626817201584,24.309707641601562,48749
2018-09-18 00:00:00+02:00,24.21762712598073,24.371097510376334,23.972073574238877,24.186933517456055,35051
2018-09-19 00:00:00+02:00,24.248320734505405,24.463178335950364,23.972073574238877,24.186933517456055,30420
2018-09-20 00:00:00+02:00,24.125542124277153,24.40178926353956,24.002765357741414,24.371095657348633,34709
2018-09-21 00:00:00+02:00,24.21762997938259,25.598863601684574,24.21762997938259,25.59886360168457,154466
2018-09-24 00:00:00+02:00,25.41469264051983,25.783020569083714,25.10775191945931,25.75232696533203,99976
2018-09-25 00:00:00+02:00,25.752333356312995,26.734542970753807,25.59886295769584,26.274131774902344,71866
2018-09-26 00:00:00+02:00,26.151352218475903,26.79592969783131,26.151352218475903,26.673152923583984,71333
2018-09-27 00:00:00+02:00,26.581070912712722,26.826624471879537,26.550377303259946,26.795930862426758,75539
2018-09-28 00:00:00+02:00,26.795928350530357,27.287033081054688,26.64245797588075,27.287033081054688,49717
2018-10-01 00:00:00+02:00,27.19495559480201,27.28703877551721,26.857321168467223,27.102874755859375,82773
2018-10-02 00:00:00+02:00,27.010791983376446,27.133568778928133,26.82662796093522,26.91870880126953,181447
2018-10-03 00:00:00+02:00,26.88800811767578,27.348419223600953,26.88800811767578,26.88800811767578,106666
2018-10-04 00:00:00+02:00,26.8573186832743,27.010789075750154,26.76523551107985,26.94940185546875,35595
2018-10-05 00:00:00+02:00,26.76523551107985,27.010789075750154,26.76523551107985,26.94940185546875,80798
2018-10-08 00:00:00+02:00,27.010791983376446,27.194956005817676,26.918708801269535,26.91870880126953,142018
2018-10-09 00:00:00+02:00,26.765233690592122,27.01078723856064,26.304822544480295,26.488988876342773,67353
2018-10-10 00:00:00+02:00,26.642460098431908,26.642460098431908,25.84441221325742,25.90580177307129,18761
2018-10-11 00:00:00+02:00,25.783024773557294,27.102871026055436,25.783024773557294,26.642459869384766,101487
2018-10-12 00:00:00+02:00,26.642462772691395,26.642462772691395,25.41469955444336,25.41469955444336,75141
2018-10-15 00:00:00+02:00,25.53747102686276,25.783024578605993,25.476083809813062,25.660247802734375,86186
2018-10-16 00:00:00+02:00,25.660245168541984,27.010784880943557,25.537468405274208,26.88800811767578,131744
2018-10-17 00:00:00+02:00,26.88800811767578,27.010784880943557,26.703844143660106,26.88800811767578,17536
2018-10-18 00:00:00+02:00,26.765234534515127,26.888011312370608,25.7216377771742,25.90580177307129,109668
2018-10-19 00:00:00+02:00,25.783026229503545,26.396907806396484,25.783026229503545,26.396907806396484,209990
2018-10-22 00:00:00+02:00,26.642462136646976,26.642462136646976,26.089967764916246,26.274131774902344,53684
2018-10-23 00:00:00+02:00,25.96718732861324,26.55037522976008,25.96718732861324,25.997880935668945,350086
2018-10-24 00:00:00+02:00,25.967191597591476,26.212745177950083,25.199839586186453,25.41469955444336,67826
2018-10-25 00:00:00+02:00,25.16914447196513,25.32261486508687,24.493875678938423,25.230531692504883,47426
2018-10-26 00:00:00+02:00,25.41469613191422,25.47608334785077,24.493873842232865,24.585954666137695,35862
2018-10-29 00:00:00+01:00,24.555260193130465,24.923588159318584,24.156236278283256,24.340402603149414,58329
2018-10-30 00:00:00+01:00,24.52457252111856,24.585959749748078,23.818607683015788,23.87999725341797,20337
2018-10-31 00:00:00+01:00,23.972071729402646,24.923587571074446,23.634437378070334,23.726520538330078,80319
2018-11-01 00:00:00+01:00,23.726520538330075,23.726520538330075,23.726520538330075,23.726520538330078,0
2018-11-02 00:00:00+01:00,23.941377493088346,23.941377493088346,23.11263843965177,23.573049545288086,173661
2018-11-05 00:00:00+01:00,23.57305248288347,23.57305248288347,22.652230156861027,22.897781372070312,107076
2018-11-06 00:00:00+01:00,22.713618959290955,22.713618959290955,21.85418379168989,22.007654190063477,99981
2018-11-07 00:00:00+01:00,22.375982419114333,22.49875919446883,21.608630500363994,22.099735260009766,115001
2018-11-08 00:00:00+01:00,22.621531490432602,22.68292104319496,21.915569196955428,22.191816329956055,66593
2018-11-09 00:00:00+01:00,22.099737365796603,22.22251415284996,21.67001978199607,22.007654190063477,69789
2018-11-12 00:00:00+01:00,22.007654190063477,22.007654190063477,22.007654190063477,22.007654190063477,0
2018-11-13 00:00:00+01:00,22.099738849207036,22.191822031121102,21.240303623917725,21.393774032592773,85820
2018-11-14 00:00:00+01:00,21.485853135037974,21.792793894109945,21.240299591071537,21.30168914794922,64617
2018-11-15 00:00:00+01:00,21.608633830876226,21.946268258811113,21.516550649724632,21.670021057128906,76069
2018-11-16 00:00:00+01:00,21.97695875915954,22.222512312935635,21.393770825270504,21.5472412109375,74649
2018-11-19 00:00:00+01:00,21.670018352624513,21.792795131579418,21.455160745782642,21.608631134033203,50468
2018-11-20 00:00:00+01:00,21.547243817498252,21.608633384254663,20.902668588077326,21.05613899230957,114477
2018-11-21 00:00:00+01:00,20.93335870880974,21.608629779857495,20.93335870880974,21.57793617248535,50997
2018-11-22 00:00:00+01:00,21.700710601973913,21.884876929751023,21.363076237336106,21.57793617248535,42289
2018-11-23 00:00:00+01:00,21.670018752763866,22.7136178804923,21.60863153303903,22.682924270629883,242431
2018-11-26 00:00:00+01:00,22.652230094819704,22.652230094819704,21.762101380414826,21.884878158569336,60867
2018-11-27 00:00:00+01:00,21.97695786820533,23.17402729623271,21.94626426067071,22.590839385986328,116198
2018-11-28 00:00:00+01:00,22.713617826762952,23.327499389648438,22.713617826762952,23.327499389648438,41806
2018-11-29 00:00:00+01:00,23.327500615218266,23.818605422973636,23.327500615218266,23.818605422973633,35319
2018-11-30 00:00:00+01:00,23.818604074643805,23.818604074643805,22.959171295166016,22.959171295166016,129773
2018-12-03 00:00:00+01:00,23.695826264907186,23.87999259844114,23.327498281383697,23.388885498046875,39284
2018-12-04 00:00:00+01:00,23.419581759370974,23.63443936231953,23.020557820441102,23.266111373901367,39139
2018-12-05 00:00:00+01:00,23.143332767125887,23.603743887127973,22.989862393791856,23.450273513793945,112046
2018-12-06 00:00:00+01:00,23.32749939683029,23.32749939683029,22.43737066201783,22.498760223388672,40936
2018-12-07 00:00:00+01:00,22.775004504623507,23.72652277788135,22.71361728650402,23.358192443847656,68487
2018-12-10 00:00:00+01:00,23.204722756813148,23.511663540214833,22.775005191696316,23.051252365112305,19175
2018-12-11 00:00:00+01:00,23.02055609865618,23.051249705099973,22.43736820913581,22.529451370239258,80430
2018-12-12 00:00:00+01:00,22.6522274017334,22.95916813974186,22.40667387461783,22.6522274017334,72486
2018-12-13 00:00:00+01:00,22.836391701270742,23.2968028148376,22.6522277241984,22.9284725189209,38056
2018-12-14 00:00:00+01:00,22.989863664467567,23.32749803610945,22.775003724861143,23.296804428100586,37644
2018-12-17 00:00:00+01:00,23.051252027197393,23.450275976479112,22.836394418674804,23.41958236694336,25207
2018-12-18 00:00:00+01:00,23.08194563673315,23.48096958601487,23.08194563673315,23.41958236694336,36937
2018-12-19 00:00:00+01:00,23.419581448150673,23.419581448150673,22.80569991443005,23.388885498046875,55404
2018-12-20 00:00:00+01:00,23.0205575378368,23.48096868859354,22.560146387080067,22.74431037902832,84544
2018-12-21 00:00:00+01:00,22.744312445751245,22.98986601850994,22.3452908172339,22.46806526184082,60517
2018-12-24 00:00:00+01:00,22.46806526184082,22.46806526184082,22.46806526184082,22.46806526184082,0
2018-12-25 00:00:00+01:00,22.46806526184082,22.46806526184082,22.46806526184082,22.46806526184082,0
2018-12-26 00:00:00+01:00,22.46806526184082,22.46806526184082,22.46806526184082,22.46806526184082,0
2018-12-27 00:00:00+01:00,22.468063859475762,22.65223019843608,22.069042255863717,22.253206253051758,37525
2018-12-28 00:00:00+01:00,22.37598344241931,22.74431144355507,22.28390027124921,22.498760223388672,17168
2018-12-31 00:00:00+01:00,22.498760223388672,22.498760223388672,22.498760223388672,22.498760223388672,0
2019-01-01 00:00:00+01:00,22.498760223388672,22.498760223388672,22.498760223388672,22.498760223388672,0
2019-01-02 00:00:00+01:00,22.406677098323485,22.7136178804923,22.345289878598653,22.682924270629883,10126
2019-01-03 00:00:00+01:00,22.59084264292307,23.02056023567687,22.59084264292307,22.621536254882812,31030
2019-01-04 00:00:00+01:00,22.560146747752512,22.989864297016535,22.560146747752512,22.805700302124023,7619
2019-01-07 00:00:00+01:00,22.805701694053518,23.26611288027178,22.805701694053518,23.020559310913086,18709
2019-01-08 00:00:00+01:00,23.020557514523386,23.419581448150673,23.020557514523386,23.388885498046875,31339
2019-01-09 00:00:00+01:00,23.266110988127267,24.217626893907354,23.266110988127267,23.84929656982422,66098
2019-01-10 00:00:00+01:00,23.879992463232007,23.879992463232007,23.480968531864,23.665132522583008,20569
2019-01-11 00:00:00+01:00,23.634436828959526,24.125541541466625,23.634436828959526,23.757213592529297,24802
2019-01-14 00:00:00+01:00,23.818602348315363,24.002766334729,23.665131969341974,23.695825576782227,5330
2019-01-15 00:00:00+01:00,23.849299034376013,24.06415899773754,23.818605422973636,23.818605422973633,49785
2019-01-16 00:00:00+01:00,23.879993216795828,23.97207404417496,23.419582054583355,23.542356491088867,27024
2019-01-17 00:00:00+01:00,23.603742049763383,24.21762349531368,23.603742049763383,23.634435653686523,37036
2019-01-18 00:00:00+01:00,23.84929698648244,24.186933708233703,23.634439383342766,24.094850540161133,51413
2019-01-21 00:00:00+01:00,24.094851095436038,24.43248548319597,23.972074315767255,24.064157485961914,66977
2019-01-22 00:00:00+01:00,24.002768675334384,24.248322242345562,23.63444066658998,23.941381454467773,64065
2019-01-23 00:00:00+01:00,23.63444066658998,24.125545458839973,23.63444066658998,23.941381454467773,53974
2019-01-24 00:00:00+01:00,23.941379965714198,24.248320734505405,23.941379965714198,24.186933517456055,32380
2019-01-25 00:00:00+01:00,24.217627923667454,24.40179192265378,23.695827194471857,24.248321533203125,23226
2019-01-28 00:00:00+01:00,24.125544148927908,24.3710977026066,23.972073763321788,24.094850540161133,21493
2019-01-29 00:00:00+01:00,24.09484906450927,24.463177030697388,24.00276590207619,24.340402603149414,19562
2019-01-30 00:00:00+01:00,24.463179289521676,24.463179289521676,23.941380898945884,23.972074508666992,32171
2019-01-31 00:00:00+01:00,24.03346137257613,24.555259704589844,24.03346137257613,24.555259704589844,30529
2019-02-01 00:00:00+01:00,24.555262025313347,24.80081558227539,24.309708468351303,24.80081558227539,40838
2019-02-04 00:00:00+01:00,24.67803665638329,24.862200637193272,24.217625533472305,24.463176727294922,22204
2019-02-05 00:00:00+01:00,24.463178549220228,24.923589706420902,24.248320945902144,24.9235897064209,33801
2019-02-06 00:00:00+01:00,24.954285466599643,25.138449459720405,24.770119131706654,25.01567268371582,35711
2019-02-07 00:00:00+01:00,24.89289542936481,25.169142584623653,24.58595466613769,24.585954666137695,12506
2019-02-08 00:00:00+01:00,24.55526207485223,24.9849796295166,24.55526207485223,24.9849796295166,25234
2019-02-11 00:00:00+01:00,24.739426214396172,25.077060601513494,24.708732604980465,24.70873260498047,30170
2019-02-12 00:00:00+01:00,25.015673990602846,25.015673990602846,24.708733205442076,24.86220359802246,19059
2019-02-13 00:00:00+01:00,24.770118406903183,25.04636555938712,24.463177646759295,24.493873596191406,28463
2019-02-14 00:00:00+01:00,24.58595668434378,24.739427078555384,24.033464670245447,24.125545501708984,73945
2019-02-15 00:00:00+01:00,24.00276742435534,24.616648968116575,24.00276742435534,24.279014587402344,10269
2019-02-18 00:00:00+01:00,24.27901533680456,24.616649727940295,24.094851336346185,24.156238555908203,5559
2019-02-19 00:00:00+01:00,24.156236886615403,24.61664802683124,23.9720728988835,24.493873596191406,30776
2019-02-20 00:00:00+01:00,24.43248534469337,25.230530895358065,24.279014956420458,25.169143676757812,111119
2019-02-21 00:00:00+01:00,25.19983728605794,25.322614065030724,24.862202900211983,25.169143676757812,16117
2019-02-22 00:00:00+01:00,24.923590818345676,25.414697948020788,24.739426815603682,24.86220359802246,24009
2019-02-25 00:00:00+01:00,24.89289535674917,25.291919284489293,24.647344151947088,25.04636573791504,12522
2019-02-26 00:00:00+01:00,25.199836676836586,25.199836676836586,24.678038306032384,25.01567268371582,7235
2019-02-27 00:00:00+01:00,24.770119320687343,25.16914326030349,24.678038494310552,24.9235897064209,4804
2019-02-28 00:00:00+01:00,24.739426770993774,25.046367555601073,24.493875548371342,24.67803955078125,26614
2019-03-01 00:00:00+01:00,24.678036471467205,25.107753984651936,24.309706170835124,24.555259704589844,33866
2019-03-04 00:00:00+01:00,24.555261892148454,24.555261892148454,23.757216349008083,24.00276756286621,22751
2019-03-05 00:00:00+01:00,23.941379119848502,24.064155891381642,23.665131969341974,23.695825576782227,47924
2019-03-06 00:00:00+01:00,23.69582403985842,23.849294408877636,23.665130434408972,23.757213592529297,57916
2019-03-07 00:00:00+01:00,23.75721476734819,24.524566650390625,23.75721476734819,24.524566650390625,76397
2019-03-08 00:00:00+01:00,24.43248548319597,24.43248548319597,24.064157485961918,24.064157485961914,11259
2019-03-11 00:00:00+01:00,24.12554470491016,24.24832148457894,23.941380706293135,24.064157485961914,21119
2019-03-12 00:00:00+01:00,24.18693328567681,24.18693328567681,23.849296569824215,23.84929656982422,64428
2019-03-13 00:00:00+01:00,23.69582863559168,23.879994987550834,23.665135024189304,23.818605422973633,103070
2019-03-14 00:00:00+01:00,23.849294408877636,23.94137756699796,23.757213592529297,23.757213592529297,25708
2019-03-15 00:00:00+01:00,23.818601623573954,24.616647101598584,23.818601623573954,24.463176727294922,69684
2019-03-18 00:00:00+01:00,24.555260811511324,24.800814356335298,24.432484039099336,24.493873596191406,13388
2019-03-19 00:00:00+01:00,24.585954608043153,24.708731381398326,24.40179061889648,24.401790618896484,16101
2019-03-20 00:00:00+01:00,24.555263362639074,24.831510543823242,24.248322570606085,24.831510543823242,33774
2019-03-21 00:00:00+01:00,24.83151342681505,24.83151342681505,24.616653442382812,24.616653442382812,4843
2019-03-22 00:00:00+01:00,24.61665029483163,24.67803985757969,23.941381497009537,24.125545501708984,54342
2019-03-25 00:00:00+01:00,24.064157485961918,24.401791873721848,23.91068709681901,24.064157485961914,20347
2019-03-26 00:00:00+01:00,23.972075064901077,24.15623906927328,23.94138145446777,23.941381454467773,15607
2019-03-27 00:00:00+01:00,23.879991904968,24.03346228394139,23.695825576782227,23.695825576782227,22315
2019-03-28 00:00:00+01:00,23.7265245887665,24.371099795306204,23.7265245887665,23.818605422973633,15054
2019-03-29 00:00:00+01:00,23.81860467096218,24.15623906927328,23.81860467096218,23.941381454467773,3083
2019-04-01 00:00:00+02:00,24.555264364960735,25.721640359005367,24.555264364960735,25.41469955444336,175797
2019-04-02 00:00:00+02:00,25.476084958939325,26.028579304396338,25.35330817752973,25.78302574157715,27028
2019-04-03 00:00:00+02:00,25.783024022293514,26.274128773411334,25.537470475848515,25.690940856933594,41948
2019-04-04 00:00:00+02:00,25.537471771240234,25.84441254898001,25.476084552401197,25.537471771240234,14980
2019-04-05 00:00:00+02:00,25.50677736395257,26.08996529177011,25.04636621174486,25.476083755493164,43291
2019-04-08 00:00:00+02:00,25.476086059749264,25.72163963317871,25.322615661798967,25.72163963317871,15402
2019-04-09 00:00:00+02:00,25.752332924760463,25.90580332080579,25.41469852181522,25.84441375732422,4482
2019-04-10 00:00:00+02:00,25.537467855120788,25.8137149810791,25.291916675647126,25.8137149810791,13771
2019-04-11 00:00:00+02:00,25.506775385223442,25.783022523472194,25.077057874811164,25.29191780090332,31726
2019-04-12 00:00:00+02:00,25.29192410557121,25.506781743450166,25.107760081421727,25.44539451599121,13557
2019-04-15 00:00:00+02:00,25.23052959751521,25.69094073865069,24.98497839397292,25.322612762451172,26495
2019-04-16 00:00:00+02:00,25.291919575160282,25.568166732788086,25.107755583999147,25.568166732788086,28081
2019-04-17 00:00:00+02:00,25.568166732788086,25.598860341019577,25.291919575160282,25.568166732788086,13914
2019-04-18 00:00:00+02:00,25.783024332180712,25.99788193157334,25.568166732788086,25.568166732788086,12380
2019-04-19 00:00:00+02:00,25.568166732788086,25.568166732788086,25.568166732788086,25.568166732788086,0
2019-04-22 00:00:00+02:00,25.568166732788086,25.568166732788086,25.568166732788086,25.568166732788086,0
2019-04-23 00:00:00+02:00,25.53747217875796,25.78302574157715,25.50677856884864,25.78302574157715,5583
2019-04-24 00:00:00+02:00,25.752330915172234,25.90580129924147,25.445390147033763,25.476083755493164,17931
2019-04-25 00:00:00+02:00,25.537470972411974,25.90580129924147,25.476083755493164,25.476083755493164,11116
2019-04-26 00:00:00+02:00,25.537470475848515,25.72163680656835,25.537470475848515,25.690940856933594,3804
2019-04-29 00:00:00+02:00,25.568166922643595,25.690941356481208,25.476083755493164,25.476083755493164,13038
2019-04-30 00:00:00+02:00,25.568167722432047,25.629554941271085,25.476084552401197,25.537471771240234,18421
2019-05-01 00:00:00+02:00,25.537471771240234,25.537471771240234,25.537471771240234,25.537471771240234,0
2019-05-02 00:00:00+02:00,25.537470972411974,25.660247748021806,25.476083755493164,25.476083755493164,10752
2019-05-03 00:00:00+02:00,25.476083755493164,25.476083755493164,25.476083755493164,25.476083755493164,0
2019-05-06 00:00:00+02:00,25.47608677864676,25.47608677864676,25.199839586186453,25.41469955444336,10264
2019-05-07 00:00:00+02:00,25.414695433074254,25.414695433074254,24.892894744873047,24.892894744873047,51664
2019-05-08 00:00:00+02:00,24.892897163297423,25.16914433779846,24.555262768583862,24.67803955078125,31615
2019-05-09 00:00:00+02:00,24.647345482483743,24.678039092019414,24.00276797337316,24.248321533203125,52245
2019-05-10 00:00:00+02:00,24.43248548319597,24.83150943167644,24.064157485961918,24.064157485961914,24110
2019-05-13 00:00:00+02:00,24.37109789631179,24.52456828313772,23.94138034484474,24.00276756286621,33892
2019-05-14 00:00:00+02:00,23.97207342343591,24.279014190296223,23.388885498046875,23.388885498046875,82164
2019-05-15 00:00:00+02:00,23.542353598161412,23.787907124542908,22.92847212397966,23.573049545288086,57498
2019-05-16 00:00:00+02:00,23.695830103685076,23.695830103685076,23.05125485721022,23.20472526550293,63724
2019-05-17 00:00:00+02:00,23.327497359227504,23.665131721072427,23.20472058898241,23.603744506835938,176591
2019-05-20 00:00:00+02:00,23.72652388182225,24.309709506408428,23.63444070858634,24.125545501708984,30759
2019-05-21 00:00:00+02:00,24.248321533203125,24.248321533203125,24.125544753288143,24.248321533203125,43355
2019-05-22 00:00:00+02:00,24.24832148457894,24.24832148457894,24.002767925241375,24.064157485961914,17844
2019-05-23 00:00:00+02:00,24.186935064457046,24.24832228543274,24.125545501708984,24.125545501708984,10793
2019-05-24 00:00:00+02:00,24.24832023764556,24.739424989294076,24.06415624849889,24.401790618896484,27229
2019-05-27 00:00:00+02:00,24.432485986386475,24.800816332978638,24.432485986386475,24.67803955078125,266819
2019-05-28 00:00:00+02:00,24.862203091005735,25.07706069952773,24.248321533203125,24.248321533203125,118582
2019-05-29 00:00:00+02:00,24.463178582176266,24.555261750449347,24.06415698379481,24.279014587402344,17722
2019-05-30 00:00:00+02:00,24.279012564558798,24.800813238344563,24.279012564558798,24.555259704589844,28515
2019-05-31 00:00:00+02:00,24.70873063396639,24.862201010574875,24.37109627378214,24.524566650390625,28334
2019-06-03 00:00:00+02:00,24.585954798345895,24.77011878891805,24.309707641601566,24.309707641601562,22101
2019-06-04 00:00:00+02:00,24.371098766173954,24.86220355319116,24.371098766173954,24.67803955078125,37482
2019-06-05 00:00:00+02:00,24.67803880379437,24.862202800629763,24.67803880379437,24.80081558227539,88271
2019-06-06 00:00:00+02:00,24.800816377699245,24.86220359802246,24.678039595280467,24.86220359802246,62239
2019-06-07 00:00:00+02:00,24.92359001898414,25.046366797465158,24.61664924366772,24.80081558227539,32366
2019-06-10 00:00:00+02:00,24.862202800629763,24.92359001898414,24.80081558227539,24.80081558227539,9814
2019-06-11 00:00:00+02:00,24.708730145470597,24.95428367989838,24.708730145470597,24.739423751831055,26835
2019-06-12 00:00:00+02:00,24.862200519044947,24.862200519044947,24.67803653911014,24.739423751831055,92971
2019-06-13 00:00:00+02:00,24.80081330632403,24.923587731765867,24.67803653911014,24.739423751831055,62255
2019-06-14 00:00:00+02:00,24.770119823811875,24.89289660324698,24.708732604980465,24.70873260498047,30340
2019-06-17 00:00:00+02:00,24.70873045813632,25.29191835345296,24.70873045813632,25.2612247467041,98850
2019-06-18 00:00:00+02:00,25.261226208366903,25.660247802734375,25.23053025806983,25.660247802734375,124426
2019-06-19 00:00:00+02:00,25.537471771240234,25.660248550690604,25.537471771240234,25.537471771240234,29950
2019-06-20 00:00:00+02:00,25.537471771240234,25.537471771240234,25.537471771240234,25.537471771240234,0
2019-06-21 00:00:00+02:00,25.476084552401197,25.81371893956049,25.26122694469227,25.537471771240234,139252
2019-06-24 00:00:00+02:00,25.56816891786055,25.936496931660376,25.56816891786055,25.84441375732422,31055
2019-06-25 00:00:00+02:00,25.78302452363164,25.78302452363164,25.476083755493164,25.476083755493164,36962
2019-06-26 00:00:00+02:00,25.476083755493164,25.660247748021806,25.384000588342737,25.476083755493164,131469
2019-06-27 00:00:00+02:00,25.50677842379816,26.05927276611328,25.50677842379816,26.05927276611328,52000
2019-06-28 00:00:00+02:00,26.028578463213055,26.396906453766004,26.028578463213055,26.366212844848633,81782
2019-07-01 00:00:00+02:00,26.519682484395794,26.703846474486088,26.488988876342777,26.488988876342773,23515
2019-07-02 00:00:00+02:00,26.703846474486088,26.857316856523365,26.42759931846455,26.488988876342773,67489
2019-07-03 00:00:00+02:00,26.703846776729435,27.194951536452777,26.51968278455471,26.765233993530273,81918
2019-07-04 00:00:00+02:00,26.703843342345156,27.07217127932391,26.703843342345156,26.82662010192871,41610
2019-07-05 00:00:00+02:00,26.826620833365677,27.010784806876345,26.70384407043457,26.70384407043457,39665
2019-07-08 00:00:00+02:00,26.76523263882931,26.94939896345482,26.703845425135537,26.734539031982422,16965
2019-07-09 00:00:00+02:00,26.703846105450992,26.703846105450992,25.936494205869067,26.42759895324707,60584
2019-07-10 00:00:00+02:00,26.48899046824649,26.94940164202756,26.48899046824649,26.611764907836914,42122
2019-07-11 00:00:00+02:00,26.642456859855006,26.73453767572435,26.611760912793248,26.70384407043457,27988
2019-07-12 00:00:00+02:00,26.703848290798447,27.072176296031557,26.703848290798447,26.94940185546875,38038
2019-07-15 00:00:00+02:00,27.010787353515624,27.225644952573344,26.765233804502056,26.857316970825195,71204
2019-07-16 00:00:00+02:00,26.949396861512266,27.133560830001645,26.7959264974758,26.82662010192871,27623
2019-07-17 00:00:00+02:00,26.888007411178446,26.980090566652738,26.51967947282512,26.550373077392578,58268
2019-07-18 00:00:00+02:00,26.76903705699401,27.03407550127415,26.5371255746786,26.636516571044922,88838
2019-07-19 00:00:00+02:00,26.73590318407139,27.034073624856507,26.73590318407139,27.000944137573242,35240
2019-07-22 00:00:00+02:00,27.034074934946617,27.100336440342087,26.702774990823205,26.802165985107422,24805
2019-07-23 00:00:00+02:00,26.802165130714098,26.901553594212047,26.040174272473635,26.106435775756836,43501
2019-07-24 00:00:00+02:00,26.040175798046477,26.106437305211635,25.576355358362587,25.84139633178711,69503
2019-07-25 00:00:00+02:00,25.84139633178711,26.07330528782003,25.775137352240005,25.84139633178711,23149
2019-07-26 00:00:00+02:00,25.841395693181962,25.907654671091645,25.211925292568036,25.278186798095703,38938
2019-07-29 00:00:00+02:00,25.5100961222743,25.576355101155077,24.980016708374023,24.980016708374023,28648
2019-07-30 00:00:00+02:00,25.145667118675096,25.41070556640625,25.046276121014625,25.41070556640625,10339
2019-07-31 00:00:00+02:00,25.57635874215253,25.808270256485734,25.443840765525994,25.7751407623291,21384
2019-08-01 00:00:00+02:00,25.775138286552576,26.139567742507815,25.675747286011084,25.94078826904297,59713
2019-08-02 00:00:00+02:00,25.973917224142365,25.973917224142365,25.443837796632945,25.907655715942383,24546
2019-08-05 00:00:00+02:00,25.973915296808332,26.570253660649744,25.940785808975683,26.106435775756836,69557
2019-08-06 00:00:00+02:00,26.106435089263687,26.50399398803711,25.940785126838456,26.50399398803711,35215
2019-08-07 00:00:00+02:00,26.4046058342961,26.76903781285078,26.205826363568704,26.6033878326416,28709
2019-08-08 00:00:00+02:00,26.50399705034839,26.735906013491686,26.40460605036233,26.537126541137695,36801
2019-08-09 00:00:00+02:00,26.53712614194273,26.53712614194273,25.907655715942383,25.907655715942383,33653
2019-08-12 00:00:00+02:00,25.973915154575266,26.33834457397461,25.907653651654915,26.33834457397461,31360
2019-08-13 00:00:00+02:00,26.338343209858184,26.437734195282108,25.973913809333382,26.172693252563477,17012
2019-08-14 00:00:00+02:00,26.172694200794496,26.537123614522493,26.172694200794496,26.272085189819336,17694
2019-08-15 00:00:00+02:00,26.272085189819332,26.272085189819332,26.272085189819332,26.272085189819336,0
2019-08-16 00:00:00+02:00,26.50399412738683,26.570253101658157,25.973914750362663,26.272085189819336,197100
2019-08-19 00:00:00+02:00,26.504000105023092,26.669650105679484,26.13957060910271,26.57025909423828,23371
2019-08-20 00:00:00+02:00,26.37147290060804,26.503993372996575,26.13956396964143,26.305213928222656,14777
2019-08-21 00:00:00+02:00,26.172697820575017,26.37147729849878,26.139568328857422,26.139568328857422,35894
2019-08-22 00:00:00+02:00,26.106437336225333,26.570255248842177,26.106437336225333,26.205825805664062,36527
2019-08-23 00:00:00+02:00,26.139566985137122,26.371475942857064,25.940787517431737,25.97391700744629,27024
2019-08-26 00:00:00+02:00,25.907658965118646,26.139570481476344,25.57635896542343,25.708879470825195,18422
2019-08-27 00:00:00+02:00,25.708874905967868,25.841395387839352,25.642615928841103,25.74200439453125,40804
2019-08-28 00:00:00+02:00,25.7751407623291,26.040179243200555,25.708879246397448,25.7751407623291,37802
2019-08-29 00:00:00+02:00,25.742005921607046,26.305217371067386,25.642617450020943,26.040176391601562,20090
2019-08-30 00:00:00+02:00,26.073305882130263,26.437737860800294,25.907655901868655,26.040176391601562,7705
2019-09-02 00:00:00+02:00,25.907659091612704,26.76904111712069,25.907659091612704,26.57025909423828,21527
2019-09-03 00:00:00+02:00,26.636517541123755,26.636517541123755,26.47086755955908,26.537126541137695,19210
2019-09-04 00:00:00+02:00,26.53712231330756,26.636513297458887,26.338342872622633,26.470863342285156,46496
2019-09-05 00:00:00+02:00,26.50399683346885,26.6033878326416,26.470867342950637,26.6033878326416,6753
2019-09-06 00:00:00+02:00,26.66964353663151,26.769034523591543,26.437734603881836,26.437734603881836,52919
2019-09-09 00:00:00+02:00,26.5371252310628,27.100336657149168,26.5371252310628,26.735904693603516,46415
2019-09-10 00:00:00+02:00,26.83529349648637,27.067202429236044,26.437734603881836,26.437734603881836,25506
2019-09-11 00:00:00+02:00,26.5371250187615,26.835295473996165,26.503995529872757,26.802165985107422,19372
2019-09-12 00:00:00+02:00,26.802167326168465,26.967817306518555,26.57025583710747,26.967817306518555,52045
2019-09-13 00:00:00+02:00,27.000945639017605,27.000945639017605,26.735904670777597,26.9346866607666,3906
2019-09-16 00:00:00+02:00,26.934686317216386,27.034074783325195,26.63651586365402,27.034074783325195,36587
2019-09-17 00:00:00+02:00,26.76903727694028,27.166596210436026,26.76903727694028,27.133466720581055,26745
2019-09-18 00:00:00+02:00,26.96781658760407,27.431637025743314,26.96781658760407,27.365375518798828,81102
2019-09-19 00:00:00+02:00,27.232856363432894,27.630417841675037,27.232856363432894,27.53102684020996,97369
2019-09-20 00:00:00+02:00,27.53102643052576,27.56415592131507,26.20582657800834,26.537126541137695,19598
2019-09-23 00:00:00+02:00,26.57025179881876,27.332242603664994,26.437733856773956,26.470863342285156,24635
2019-09-24 00:00:00+02:00,26.50399705034839,26.702776522702376,26.437738068769768,26.537126541137695,6160
2019-09-25 00:00:00+02:00,26.470866595513076,26.835296036159537,26.437737105930314,26.636516571044922,47877
2019-09-26 00:00:00+02:00,26.47086450107563,26.769034938964616,26.47086450107563,26.50399398803711,20827
2019-09-27 00:00:00+02:00,26.50399282779636,26.802163252632614,26.47086334228516,26.470863342285156,5930
2019-09-30 00:00:00+02:00,26.50399683346885,26.76903781285078,26.272087872223242,26.6033878326416,70897
2019-10-01 00:00:00+02:00,26.60338879575834,26.702777270911124,25.87452733988027,26.139568328857422,30416
2019-10-02 00:00:00+02:00,26.139566794985186,26.27208728169745,25.84139633178711,25.84139633178711,75970
2019-10-03 00:00:00+02:00,25.84139827328127,25.973918769949954,24.88062783195614,24.91375732421875,33407
2019-10-04 00:00:00+02:00,25.476968393402057,25.708877363128703,24.714977445526166,24.847497940063477,56468
2019-10-07 00:00:00+02:00,25.112534240153273,25.112534240153273,24.383672920099343,24.516193389892578,31817
2019-10-08 00:00:00+02:00,24.681844962270638,25.178794860839844,24.317415542176796,25.178794860839844,32590
2019-10-09 00:00:00+02:00,25.178795567525952,25.443836531915515,24.64871616636479,24.78123664855957,45561
2019-10-10 00:00:00+02:00,24.781234329479048,24.98001377036004,24.21802296476223,24.516193389892578,27235
2019-10-11 00:00:00+02:00,24.648713859685813,24.94688428481616,24.383672920099343,24.516193389892578,33118
2019-10-14 00:00:00+02:00,24.549327459259075,24.94688894287101,24.516197967529298,24.847497940063477,43695
2019-10-15 00:00:00+02:00,24.84749562584798,24.91375460313639,24.582454661458414,24.78123664855957,25372
2019-10-16 00:00:00+02:00,24.78123895660392,25.079406909790123,24.648718462066608,24.847497940063477,34812
2019-10-17 00:00:00+02:00,24.847496222994447,25.178796172634375,24.681846248174487,24.980016708374023,150984
2019-10-18 00:00:00+02:00,24.980018836362213,25.1456688252935,24.582457346356172,24.91375732421875,292758
2019-10-21 00:00:00+02:00,24.9468879699707,25.17879693065316,24.748105972107908,24.946887969970703,17619
2019-10-22 00:00:00+02:00,25.079405931721762,25.079405931721762,24.781237990163774,24.946887969970703,44348
2019-10-23 00:00:00+02:00,25.079407313150043,25.1456688252935,24.74810733528746,24.91375732421875,13200
2019-10-24 00:00:00+02:00,24.980018263771594,25.178797740409085,24.91375675314698,25.07940673828125,18767
2019-10-25 00:00:00+02:00,25.079404573975374,25.079404573975374,24.64871616636479,24.78123664855957,24506
2019-10-28 00:00:00+01:00,24.781237244113672,24.980016708374023,24.781237244113672,24.980016708374023,3802
2019-10-29 00:00:00+01:00,24.980017678265007,24.980017678265007,24.847497187740103,24.880626678466797,5689
2019-10-30 00:00:00+01:00,24.980018263771594,25.07940673828125,24.71497727650949,25.07940673828125,14662
2019-10-31 00:00:00+01:00,25.112533329736756,25.70887163076039,25.079401317776306,25.576351165771484,16626
2019-11-01 00:00:00+01:00,25.576351165771484,25.576351165771484,25.576351165771484,25.576351165771484,0
2019-11-04 00:00:00+01:00,25.708879246397448,25.874529244799003,25.344449755437708,25.7751407623291,54090
2019-11-05 00:00:00+01:00,25.874529244799003,25.907658738955636,25.443840765525994,25.7751407623291,36442
2019-11-06 00:00:00+01:00,25.74200262054468,25.841393607003347,25.510093688964844,25.510093688964844,5947
2019-11-07 00:00:00+01:00,25.642615716968972,25.907654150904104,25.543224724482087,25.808265686035156,37927
2019-11-08 00:00:00+01:00,25.841392641789778,26.17269254745375,25.576351706211526,25.60948371887207,29845
2019-11-11 00:00:00+01:00,25.60948371887207,25.60948371887207,25.60948371887207,25.60948371887207,0
2019-11-12 00:00:00+01:00,25.609486742880087,25.64261623183493,25.245054781522875,25.278186798095703,24853
2019-11-13 00:00:00+01:00,25.510097710677623,25.510097710677623,25.046277246778033,25.07940673828125,26543
2019-11-14 00:00:00+01:00,25.079404276123448,25.37757472561604,25.079404276123448,25.245054244995117,14935
2019-11-15 00:00:00+01:00,25.245054244995117,25.51009520623696,25.178795268493623,25.245054244995117,16830
2019-11-18 00:00:00+01:00,25.245054244995117,25.94078613635047,25.245054244995117,25.245054244995117,23577
2019-11-19 00:00:00+01:00,25.311320482238298,25.874529470672805,25.311320482238298,25.708879470825195,27939
2019-11-20 00:00:00+01:00,25.708874247123422,25.708874247123422,25.178794860839844,25.178794860839844,29910
2019-11-21 00:00:00+01:00,25.245054781522875,25.51009574839758,25.211925292568036,25.278186798095703,30362
2019-11-22 00:00:00+01:00,25.410703448438042,25.51009443781433,25.2781854994268,25.476964950561523,11781
2019-11-25 00:00:00+01:00,25.37757589210322,25.84139633178711,25.37757589210322,25.84139633178711,57614
2019-11-26 00:00:00+01:00,25.80826777752703,26.238956215431166,25.64261779503663,25.94078826904297,48516
2019-11-27 00:00:00+01:00,25.874525664948674,26.437737098162298,25.808266685802618,26.073305130004883,77279
2019-11-28 00:00:00+01:00,26.10643654710692,26.10643654710692,25.742004587326427,25.87452507019043,15919
2019-11-29 00:00:00+01:00,26.0401748468376,26.0401748468376,25.74200439453125,25.74200439453125,20715
2019-12-02 00:00:00+01:00,25.874526411339954,26.139567390805773,25.874526411339954,26.040176391601562,51660
2019-12-03 00:00:00+01:00,25.940787517431737,26.305216962827956,25.940787517431737,25.97391700744629,23068
2019-12-04 00:00:00+01:00,26.106436607971858,26.835295473996165,26.007045613687644,26.802165985107422,49871
2019-12-05 00:00:00+01:00,26.802167921526614,27.895456299551633,26.802167921526614,27.53102684020996,87546
2019-12-06 00:00:00+01:00,27.497895272460227,28.160495158543604,27.43163629489908,27.961715698242188,77337
2019-12-09 00:00:00+01:00,27.829195022583008,27.961715504404616,26.8352952003479,27.829195022583008,65651
2019-12-10 00:00:00+01:00,27.630416651259765,27.762937138297698,27.133466720581055,27.133466720581055,47152
2019-12-11 00:00:00+01:00,27.100336288349038,27.26598625948169,26.769036346083734,27.034074783325195,7687
2019-12-12 00:00:00+01:00,27.034073624856507,27.166594101607433,26.835294173539047,27.000944137573242,21226
2019-12-13 00:00:00+01:00,27.034072128163746,27.43163353640625,26.868422173300466,27.26598358154297,34086
2019-12-16 00:00:00+01:00,27.265985701054454,27.265985701054454,27.034074229647675,27.199724197387695,9693
2019-12-17 00:00:00+01:00,27.06720524301566,27.497896194458008,27.06720524301566,27.497896194458008,27389
2019-12-18 00:00:00+01:00,27.4647672924506,27.69667625427246,27.431637801850066,27.69667625427246,8726
2019-12-19 00:00:00+01:00,27.696671947616867,27.696671947616867,26.93468367181641,27.26598358154297,19198
2019-12-20 00:00:00+01:00,27.39850304020816,27.39850304020816,26.702773696788125,27.000944137573242,24218
2019-12-23 00:00:00+01:00,27.000944690939818,27.000944690939818,26.802165235548507,26.835294723510742,7208
2019-12-24 00:00:00+01:00,26.83529472351074,26.83529472351074,26.83529472351074,26.835294723510742,0
2019-12-25 00:00:00+01:00,26.83529472351074,26.83529472351074,26.83529472351074,26.835294723510742,0
2019-12-26 00:00:00+01:00,26.83529472351074,26.83529472351074,26.83529472351074,26.835294723510742,0
2019-12-27 00:00:00+01:00,26.669645160793255,26.93468612374894,26.636515672328283,26.901554107666016,6767
2019-12-30 00:00:00+01:00,26.769037821323515,26.802167311852216,26.007046901072865,26.040176391601562,27320
2019-12-31 00:00:00+01:00,26.040176391601566,26.040176391601566,26.040176391601566,26.040176391601562,0
2020-01-01 00:00:00+01:00,26.040176391601566,26.040176391601566,26.040176391601566,26.040176391601562,0
2020-01-02 00:00:00+01:00,26.139563636994776,26.47086354994118,25.841393209819465,26.40460205078125,95613
2020-01-03 00:00:00+01:00,26.43773844803963,27.166597366333008,26.305217955363155,27.166597366333008,154308
2020-01-06 00:00:00+01:00,27.166597366333008,27.166597366333008,27.166597366333008,27.166597366333008,0
2020-01-07 00:00:00+01:00,27.166591854158572,27.431632785734006,27.166591854158572,27.29911231994629,39280
2020-01-08 00:00:00+01:00,27.36537355292489,27.36537355292489,26.835294173539047,27.000944137573242,47175
2020-01-09 00:00:00+01:00,26.868423399849053,27.166593837738038,26.50399398803711,26.50399398803711,21950
2020-01-10 00:00:00+01:00,26.769034938964616,26.835293912887575,26.338344025611878,26.50399398803711,126694
2020-01-13 00:00:00+01:00,26.437736951959007,27.034075343829812,26.338345956171526,26.868425369262695,52075
2020-01-14 00:00:00+01:00,26.86842837715475,27.69667834271204,26.86842837715475,27.46476936340332,35779
2020-01-15 00:00:00+01:00,27.464764957997307,27.564153421351083,27.06720352172852,27.067203521728516,16284
2020-01-16 00:00:00+01:00,27.232856363432894,27.696676824239645,27.100338398303677,27.53102684020996,21744
2020-01-17 00:00:00+01:00,27.431637587128048,27.79606703611758,27.431637587128048,27.762937545776367,44673
2020-01-20 00:00:00+01:00,27.630410621391178,27.79606056213379,27.49789016327359,27.79606056213379,12248
2020-01-21 00:00:00+01:00,27.829196148608105,27.829196148608105,27.23285522009071,27.497896194458008,23908
2020-01-22 00:00:00+01:00,27.630416274338952,27.72980474254805,27.16659583984243,27.431636810302734,39026
2020-01-23 00:00:00+01:00,27.36537341185881,27.630414363994397,27.166593961566043,27.232852935791016,32488
2020-01-24 00:00:00+01:00,27.23285563742007,28.591187492345643,27.23285563742007,28.491796493530273,188100
2020-01-27 00:00:00+01:00,28.42553521643584,28.75683514889958,27.66354436072209,28.22675323486328,76478
2020-01-28 00:00:00+01:00,28.160497845678794,28.425538836450116,27.96171836640941,28.293018341064453,21858
2020-01-29 00:00:00+01:00,27.99484463219085,28.293015080542506,27.928585655942896,28.127365112304688,25682
2020-01-30 00:00:00+01:00,28.09423392719276,28.16049289943845,27.82919298297447,28.06110191345215,37842
2020-01-31 00:00:00+01:00,28.061103014793986,28.160494004681183,27.53102363317062,27.72980308532715,33288
2020-02-03 00:00:00+01:00,27.796064176521412,27.994843625736806,27.597284727306022,27.663543701171875,23048
2020-02-04 00:00:00+01:00,27.829194075214346,27.829194075214346,27.663544110480927,27.72980308532715,10367
2020-02-05 00:00:00+01:00,27.762936045481183,27.895453999684833,27.66354505221049,27.829195022583008,63872
2020-02-06 00:00:00+01:00,27.829193249717125,27.829193249717125,27.531022816518025,27.5972843170166,33899
2020-02-07 00:00:00+01:00,27.76293481158075,28.425534663622123,27.630414335648904,28.39240264892578,80738
2020-02-10 00:00:00+01:00,28.392401202747422,28.392401202747422,27.762933397464586,27.862321853637695,41079
2020-02-11 00:00:00+01:00,27.862323301399652,27.862323301399652,26.437735134619945,27.232852935791016,87582
2020-02-12 00:00:00+01:00,27.23285522009071,27.829196148608105,27.166596240307914,27.497896194458008,105123
2020-02-13 00:00:00+01:00,27.597286784935918,27.762936759569104,27.299116325072582,27.431636810302734,47973
2020-02-14 00:00:00+01:00,27.299115552099543,27.69667446891512,26.537124679315415,26.901554107666016,95327
2020-02-17 00:00:00+01:00,27.034074178902053,27.034074178902053,26.603385780157193,26.835294723510742,65159
2020-02-18 00:00:00+01:00,26.835296816714862,27.00094679706495,26.66964683636477,26.967817306518555,48880
2020-02-19 00:00:00+01:00,27.034075354612277,27.696675253145017,26.934686886403178,27.431636810302734,52237
2020-02-20 00:00:00+01:00,27.63041727307139,27.829196744292716,27.497896783051136,27.69667625427246,32486
2020-02-21 00:00:00+01:00,27.696674540761403,27.829195022583008,27.497895081837974,27.829195022583008,30956
2020-02-24 00:00:00+01:00,27.564154767914864,27.564154767914864,27.16659583984243,27.431636810302734,36663
2020-02-25 00:00:00+01:00,27.166594101607433,27.8291939577442,27.000944137573242,27.000944137573242,82489
2020-02-26 00:00:00+01:00,26.901554451773656,26.967815957169126,26.205825074638092,26.802165985107422,49626
2020-02-27 00:00:00+01:00,26.636513638512206,26.636513638512206,26.172693252563477,26.172693252563477,34625
2020-02-28 00:00:00+01:00,25.84139472559879,25.907653701027524,25.046274382364476,25.178794860839844,63593
2020-03-02 00:00:00+01:00,25.178796609006675,26.238955455180783,25.178796609006675,25.97391700744629,109646
2020-03-03 00:00:00+01:00,26.503996856014677,27.365376248311534,26.47086736546828,26.967817306518555,33228
2020-03-04 00:00:00+01:00,26.868424211472973,27.36537411376021,26.172694853794425,26.835294723510742,38661
2020-03-05 00:00:00+01:00,26.83529638591501,27.10033736126757,25.940787517431737,25.97391700744629,57386
2020-03-06 00:00:00+01:00,25.874525070190426,25.940786575431417,25.24505467229991,25.87452507019043,64476
2020-03-09 00:00:00+01:00,25.278184620248528,25.6094845364897,24.383673329826703,24.58245277404785,64041
2020-03-10 00:00:00+01:00,24.582456352296553,25.07940629899488,24.052376914675303,24.28428840637207,56708
2020-03-11 00:00:00+01:00,24.51619261292779,24.51619261292779,22.59465218086747,22.793434143066406,101520
2020-03-12 00:00:00+01:00,22.031446892346445,22.031446892346445,19.844867706298828,19.844867706298828,131905
2020-03-13 00:00:00+01:00,19.977386157277998,21.468237153179498,19.877996427900293,20.639986038208008,106148
2020-03-16 00:00:00+01:00,20.606858921013465,21.2031986297123,19.877998715355282,20.871898651123047,64746
2020-03-17 00:00:00+01:00,21.76640533847128,23.05847562729963,21.401975905114053,22.263355255126953,130878
2020-03-18 00:00:00+01:00,22.528395809344392,23.6548161053352,21.998316413471642,22.19709587097168,47029
2020-03-19 00:00:00+01:00,22.528395661094393,23.05847505347891,22.19709572490183,22.429004669189453,53757
2020-03-20 00:00:00+01:00,22.528396795431284,23.190996701179266,22.46213781590371,22.660917282104492,86862
2020-03-23 00:00:00+01:00,21.99831681614805,22.263355255126953,21.20319644397538,22.263355255126953,30157
2020-03-24 00:00:00+01:00,22.528397916979763,22.925956869173312,21.865797978245062,21.96518898010254,39900
2020-03-25 00:00:00+01:00,22.52839714582519,22.826567613572962,21.965188228226793,21.99831771850586,32669
2020-03-26 00:00:00+01:00,22.3296176765327,22.52839714582519,21.99831771850586,21.99831771850586,26921
2020-03-27 00:00:00+01:00,22.329614639282227,22.495264595764116,21.932053227155045,22.329614639282227,46658
2020-03-30 00:00:00+02:00,22.46213781590371,22.69404677186828,22.362746818994292,22.660917282104492,21153
2020-03-31 00:00:00+02:00,22.793436458850604,23.02534540148749,22.395875021678638,22.859695434570312,48696
2020-04-01 00:00:00+02:00,22.859694415655515,22.925953388421895,22.3958740234375,22.3958740234375,30060
2020-04-02 00:00:00+02:00,22.66091496973859,22.793435442889137,22.3958740234375,22.3958740234375,27104
2020-04-03 00:00:00+02:00,22.528396279471263,23.190996170043945,22.528396279471263,23.190996170043945,20165
2020-04-06 00:00:00+02:00,23.654817968363897,24.516197370450698,22.85969754812295,24.28428840637207,122074
2020-04-07 00:00:00+02:00,24.51619645911561,25.344446339491135,24.51619645911561,25.112537384033203,70400
2020-04-08 00:00:00+02:00,25.178795743150776,25.311316226269902,23.356646051212234,24.35054588317871,66027
2020-04-09 00:00:00+02:00,24.383677676099456,24.615589175376044,24.01924820879993,24.052377700805664,33505
2020-04-10 00:00:00+02:00,24.052377700805664,24.052377700805664,24.052377700805664,24.052377700805664,0
2020-04-13 00:00:00+02:00,24.052377700805664,24.052377700805664,24.052377700805664,24.052377700805664,0
2020-04-14 00:00:00+02:00,24.251152040596896,24.615583958275856,24.08550208805834,24.449934005737305,43951
2020-04-15 00:00:00+02:00,24.516196802828613,24.681846781226103,23.88672637939453,23.88672637939453,34616
2020-04-16 00:00:00+02:00,23.853596477175827,23.886725966759407,23.190996575032052,23.25725555419922,134798
2020-04-17 00:00:00+02:00,23.787337161339092,24.01924611275992,23.588555171414956,23.91985511779785,44882
2020-04-20 00:00:00+02:00,24.814366882740103,25.079405327474664,23.986117003660784,24.18489646911621,73554
2020-04-21 00:00:00+02:00,24.317416200973184,24.814366113005534,23.986116259618285,24.21802520751953,48017
2020-04-22 00:00:00+02:00,24.383675201975223,25.079404573975374,24.25115471978044,24.78123664855957,24359
2020-04-23 00:00:00+02:00,24.781234329479048,24.94688428481616,24.4830639043487,24.516193389892578,34103
2020-04-24 00:00:00+02:00,24.71497262211053,24.847493090784923,24.317413743705053,24.3836727142334,23898
2020-04-27 00:00:00+02:00,24.516193558033848,26.570252007254453,24.516193558033848,26.40460205078125,180935
2020-04-28 00:00:00+02:00,26.503996856014677,27.464767247568833,26.338346875664588,26.967817306518555,145720
2020-04-29 00:00:00+02:00,26.967814791715373,27.166594244075274,26.537123871920688,26.76903533935547,26361
2020-04-30 00:00:00+02:00,26.90155328918349,26.934685304258366,26.50399438446368,26.76903533935547,35557
2020-05-01 00:00:00+02:00,26.76903533935547,26.76903533935547,26.76903533935547,26.76903533935547,0
2020-05-04 00:00:00+02:00,26.50399626921636,26.63651675608605,25.708875875616254,26.205825805664062,101343
2020-05-05 00:00:00+02:00,26.702773234713373,26.802164222461133,26.13956437779024,26.37147331237793,60012
2020-05-06 00:00:00+02:00,26.338345496405438,26.503995468080944,25.742004587326427,25.87452507019043,38595
2020-05-07 00:00:00+02:00,26.106434151223684,26.868422434429764,25.874522695590553,26.40460205078125,36337
2020-05-08 00:00:00+02:00,26.702772477956565,26.702772477956565,26.338343079239067,26.40460205078125,36129
2020-05-11 00:00:00+02:00,26.669648890944664,27.46476936340332,26.570257884030468,27.46476936340332,56974
2020-05-12 00:00:00+02:00,27.46476670456661,27.497896194458008,27.23285522009071,27.497896194458008,93437
2020-05-13 00:00:00+02:00,27.497896194458008,27.497896194458008,27.23285522009071,27.497896194458008,27684
2020-05-14 00:00:00+02:00,27.431636033577384,27.49789501050733,26.570254167780387,26.901554107666016,50517
2020-05-15 00:00:00+02:00,27.16659614367363,27.29911663038589,25.37757589210322,25.84139633178711,96737
2020-05-18 00:00:00+02:00,26.040174272473635,26.172694751422135,25.874524305692482,26.106435775756836,68149
2020-05-19 00:00:00+02:00,26.172694063186647,26.603384976539385,26.073303074684375,26.50399398803711,33494
2020-05-20 00:00:00+02:00,26.50399398803711,26.603384976539385,26.172694063186647,26.50399398803711,41918
2020-05-21 00:00:00+02:00,26.50399608509584,26.636516571044925,26.106437154866615,26.636516571044922,57391
2020-05-22 00:00:00+02:00,26.57025213902367,26.603384152576815,26.172693252563477,26.172693252563477,21129
2020-05-25 00:00:00+02:00,26.172696881334474,26.437737860800294,26.040176391601566,26.040176391601562,68338
2020-05-26 00:00:00+02:00,26.10643749512257,26.338346452842508,25.907655499799116,25.97391700744629,88032
2020-05-27 00:00:00+02:00,25.940785666924032,26.70277399337395,25.940785666924032,26.33834457397461,62951
2020-05-28 00:00:00+02:00,26.669643950462344,26.669643950462344,26.106435089263687,26.50399398803711,33947
2020-05-29 00:00:00+02:00,26.57025362210595,27.06720352172852,26.305215192211325,27.067203521728516,76063
2020-06-01 00:00:00+02:00,27.13346435077656,27.166593837738038,26.404602999534838,26.50399398803711,64921
2020-06-02 00:00:00+02:00,26.60338671427559,26.934686660766605,26.503995719281086,26.9346866607666,41913
2020-06-03 00:00:00+02:00,26.967816743688154,27.232855190145962,26.86842574650519,27.133466720581055,74786
2020-06-04 00:00:00+02:00,27.133462369616055,27.332241804488806,27.034071388370855,27.29911231994629,62833
2020-06-05 00:00:00+02:00,27.26598704980916,27.49789600506976,27.16659605320145,27.365375518798828,105707
2020-06-08 00:00:00+02:00,27.497897334215118,27.497897334215118,27.10033838380385,27.166597366333008,66101
2020-06-09 00:00:00+02:00,27.10033362667969,27.39850152333942,27.10033362667969,27.26598358154297,40579
2020-06-10 00:00:00+02:00,27.39850408856728,27.829195022583008,27.29911562291454,27.829195022583008,89827
2020-06-11 00:00:00+02:00,27.829195022583008,27.829195022583008,27.829195022583008,27.829195022583008,0
2020-06-12 00:00:00+02:00,26.96781241928582,27.994841605809746,26.106433183092125,27.29911231994629,106804
2020-06-15 00:00:00+02:00,27.464764686424065,27.564153148795082,26.702773836823585,26.76903533935547,59946
2020-06-16 00:00:00+02:00,27.4978944457819,27.53102393356649,26.868424067403073,27.067203521728516,41649
2020-06-17 00:00:00+02:00,27.034071388370855,27.29911231994629,26.8352919534981,27.29911231994629,40165
2020-06-18 00:00:00+02:00,27.497897334215118,27.564156316744274,27.166597366333008,27.166597366333008,27633
2020-06-19 00:00:00+02:00,27.1665950706217,27.5972860035202,26.901554107666016,26.901554107666016,50160
2020-06-22 00:00:00+02:00,27.100337260525116,27.63041668164166,26.868425776049214,27.497896194458008,31210
2020-06-23 00:00:00+02:00,27.497895081837974,27.829195022583008,27.497895081837974,27.829195022583008,62660
2020-06-24 00:00:00+02:00,27.82919655686879,27.82919655686879,27.49789659785845,27.56415557861328,29705
2020-06-25 00:00:00+02:00,27.564155174240806,27.696675661424457,27.398505197165758,27.497896194458008,26831
2020-06-26 00:00:00+02:00,27.63041560735001,28.293015489887814,27.497895125318855,28.19362449645996,66976
2020-06-29 00:00:00+02:00,28.127366268570768,28.226754737028386,27.961716293523377,28.16049575805664,50968
2020-06-30 00:00:00+02:00,28.160496705534296,28.491796666775876,27.564155764252206,27.69667625427246,41053
2020-07-01 00:00:00+02:00,27.762933397464586,27.961712837428518,27.630412928282723,27.862321853637695,30494
2020-07-02 00:00:00+02:00,28.027975306193923,28.62431622812874,27.89545482047307,28.524925231933594,76278
2020-07-03 00:00:00+02:00,28.756837121942556,29.154396057128906,28.558055126731315,29.154396057128906,47631
2020-07-06 00:00:00+02:00,29.154396057128906,29.485696012323555,29.088137077137205,29.154396057128906,79574
2020-07-07 00:00:00+02:00,29.353175072874258,29.353175072874258,28.16049575805664,28.16049575805664,56089
2020-07-08 00:00:00+02:00,28.29301568328938,28.524924632715678,28.22675417801188,28.32614517211914,32717
2020-07-09 00:00:00+02:00,28.49179497321362,28.889353892025227,28.359274491070426,28.7568359375,27359
2020-07-10 00:00:00+02:00,28.78996223023107,29.021871152524565,28.756832745277382,28.955612182617188,35535
2020-07-13 00:00:00+02:00,29.154391619956996,29.154391619956996,28.823091715184756,28.955612182617188,40712
2020-07-14 00:00:00+02:00,28.95561402905366,28.95561402905366,28.524923114338456,28.591184616088867,44986
2020-07-15 00:00:00+02:00,28.823094914762613,28.889353892025227,28.624315455356808,28.7568359375,43123
2020-07-16 00:00:00+02:00,28.75683457903812,28.75683457903812,28.55805260140474,28.591184616088867,71584
2020-07-17 00:00:00+02:00,28.7568344404933,29.15439333860902,28.59118447834211,28.82309341430664,44181
2020-07-20 00:00:00+02:00,28.889352842753915,29.618214204259985,28.889352842753915,29.452564239501953,77456
2020-07-21 00:00:00+02:00,29.618213108994563,29.816992553829873,29.320042677932708,29.783863067626953,124435
2020-07-22 00:00:00+02:00,29.783863935961403,30.545852251315132,29.68447294683716,30.47959327697754,423222
2020-07-23 00:00:00+02:00,30.578984266101777,30.744634229563612,30.413334302639942,30.47959327697754,112139
2020-07-24 00:00:00+02:00,30.711505873523578,30.711505873523578,29.98264695850767,30.347076416015625,95378
2020-07-27 00:00:00+02:00,30.906469279130878,31.046318087476916,30.416999783616834,30.731658935546875,84163
2020-07-28 00:00:00+02:00,30.731656991288602,30.731656991288602,29.612869262695312,29.612869262695312,67778
2020-07-29 00:00:00+02:00,29.717757013108997,31.46586036682129,29.717757013108997,31.46586036682129,117227
2020-07-30 00:00:00+02:00,31.395938531054618,31.430900066021334,29.717758178710934,29.717758178710938,103312
2020-07-31 00:00:00+02:00,29.68280062913572,30.661737076612322,29.64783908947486,30.417003631591797,31618
2020-08-03 00:00:00+02:00,30.626772322196896,32.165103912353516,30.451961974847148,32.165103912353516,93748
2020-08-04 00:00:00+02:00,32.09518061273492,32.09518061273492,31.465862299781612,31.955331802368164,54933
2020-08-05 00:00:00+02:00,31.745558334430175,32.37487394854716,31.745558334430175,32.33991241455078,44355
2020-08-06 00:00:00+02:00,32.33991470958774,33.31885373532215,32.33991470958774,32.58464813232422,85566
2020-08-07 00:00:00+02:00,32.72449673811981,33.109078971721715,32.44480178067944,32.86434555053711,55814
2020-08-10 00:00:00+02:00,32.724497989292274,32.82938526946402,31.745561599731445,31.745561599731445,52959
2020-08-11 00:00:00+02:00,31.88540444883314,32.86434340443346,31.88540444883314,32.654571533203125,42271
2020-08-12 00:00:00+02:00,32.3748742560098,33.00419254349745,32.3748742560098,32.72449493408203,32600
2020-08-13 00:00:00+02:00,32.72449474449987,33.353813028341705,32.72449474449987,33.00419235229492,28017
2020-08-14 00:00:00+02:00,32.165103912353516,32.304952723712155,31.53578559493674,32.165103912353516,69895
2020-08-17 00:00:00+02:00,31.465860749388128,32.16510209937453,31.256088877871022,32.02525329589844,37200
2020-08-18 00:00:00+02:00,31.53578559493674,32.4448015350708,31.465862522954527,32.165103912353516,46636
2020-08-19 00:00:00+02:00,32.16510555044738,32.37487744447143,31.745561762399284,31.7805233001709,10641
2020-08-20 00:00:00+02:00,31.6406747605251,32.02525701419073,31.186166763305664,31.186166763305664,24328
2020-08-21 00:00:00+02:00,31.186164329596465,31.186164329596465,30.556848691089048,30.59181022644043,30194
2020-08-24 00:00:00+02:00,30.626773670731406,30.626773670731406,29.92753225054396,30.10234260559082,65366
2020-08-25 00:00:00+02:00,30.13730397983353,30.347078538668644,29.857609013710572,30.067380905151367,103380
2020-08-26 00:00:00+02:00,30.067381280860186,30.836545781552356,30.067381280860186,30.801584243774414,35212
2020-08-27 00:00:00+02:00,30.766620989639776,31.39593930411282,30.766620989639776,31.326013565063477,21034
2020-08-28 00:00:00+02:00,31.326015256110317,31.360976793825184,30.80158418820425,31.116243362426758,54560
2020-08-31 00:00:00+02:00,31.186164497699835,31.186164497699835,30.137302427139605,30.626771926879883,76139
2020-09-01 00:00:00+02:00,30.62677159515007,30.62677159515007,29.47302493046698,29.75271987915039,123455
2020-09-02 00:00:00+02:00,29.857606737951617,29.997455544050922,28.564008615775695,28.703857421875,101648
2020-09-03 00:00:00+02:00,28.913629598807912,29.228288748963752,28.00461635077537,29.08843994140625,64856
2020-09-04 00:00:00+02:00,28.808744693298006,28.8786677626506,28.424162477070507,28.703857421875,43750
2020-09-07 00:00:00+02:00,28.66889736063748,29.01851806015745,28.66889736063748,28.773784637451172,25522
2020-09-08 00:00:00+02:00,28.773786463074686,28.773786463074686,27.759885836658512,27.934696197509766,70136
2020-09-09 00:00:00+02:00,27.934692989419997,28.808744693298006,27.934692989419997,28.703857421875,29780
2020-09-10 00:00:00+02:00,28.70385735268332,28.84370615844551,28.319275137382867,28.5290470123291,33133
2020-09-11 00:00:00+02:00,28.564004192864676,28.66889144804672,28.074537448398353,28.109498977661133,69343
2020-09-14 00:00:00+02:00,28.17942787705124,28.459125503914947,27.969655990600586,27.969655990600586,24600
2020-09-15 00:00:00+02:00,28.10950475958807,28.319276645707053,27.969655946377333,28.28431510925293,18899
2020-09-16 00:00:00+02:00,28.424162573588497,28.56400871276855,28.284313767014318,28.564008712768555,35185
2020-09-17 00:00:00+02:00,28.63393459037795,30.24218920539407,28.319275440889243,29.717758178710938,80921
2020-09-18 00:00:00+02:00,29.89256686169213,30.067377194216647,29.40309739714469,29.612869262695312,293398
2020-09-21 00:00:00+02:00,29.612872917534375,30.66173504213268,29.612872917534375,30.067380905151367,58363
2020-09-22 00:00:00+02:00,29.99745950301986,30.696700958405923,29.892572217754164,30.34708023071289,58036
2020-09-23 00:00:00+02:00,30.347076646466665,30.41699971678898,29.752719879150387,29.75271987915039,67338
2020-09-24 00:00:00+02:00,29.752723393198057,30.521890594559405,29.507989950770725,30.34708023071289,95897
2020-09-25 00:00:00+02:00,30.34707870424156,31.081281661987305,30.20722988671991,31.081281661987305,90097
2020-09-28 00:00:00+02:00,30.83654070570026,32.51472091674805,30.83654070570026,32.51472091674805,92076
2020-09-29 00:00:00+02:00,32.374880113467846,33.074121596123284,32.095185120842416,32.93427276611328,85394
2020-09-30 00:00:00+02:00,32.72449646752064,32.86434527878153,31.6406728481886,31.675634384155273,81897
2020-10-01 00:00:00+02:00,31.60570950302501,32.06021477936302,30.836542418816432,31.535783767700195,46778
2020-10-02 00:00:00+02:00,31.570748182721925,32.06021499633789,31.186163304317837,32.06021499633789,28439
2020-10-05 00:00:00+02:00,32.095181286851265,32.79442268597749,32.095181286851265,32.58464813232422,54854
2020-10-06 00:00:00+02:00,32.58464765625975,32.72449646752064,31.430900964994372,31.675634384155273,132088
2020-10-07 00:00:00+02:00,31.67563448766774,32.829383850097656,31.430901067707076,32.829383850097656,154589
2020-10-08 00:00:00+02:00,32.96923282669865,33.004194362954415,32.479763316935205,32.86434555053711,72776
2020-10-09 00:00:00+02:00,32.619612171881705,32.724496780785756,31.850445036280824,32.549686431884766,62612
2020-10-12 00:00:00+02:00,32.37487409149768,33.07411544408897,32.37487409149768,32.68953323364258,56367
2020-10-13 00:00:00+02:00,32.79442276004633,33.49366416075185,32.58464820591927,33.24892807006836,115815
2020-10-14 00:00:00+02:00,33.45869818719927,34.6474090390076,33.283887846268456,34.40267562866211,170584
2020-10-15 00:00:00+02:00,34.262826451078666,34.262826451078666,32.4447999920607,32.72449493408203,69693
2020-10-16 00:00:00+02:00,32.86434366531313,34.12297757008035,32.82938213106289,33.66847229003906,77367
2020-10-19 00:00:00+02:00,33.91320434881717,34.50755840962235,33.80831708284261,34.26282501220703,78054
2020-10-20 00:00:00+02:00,34.26283231919668,34.507565768804554,33.4237420146354,33.528629302978516,59953
2020-10-21 00:00:00+02:00,33.70343370438849,33.70343370438849,32.8643435483974,33.00419235229492,55453
2020-10-22 00:00:00+02:00,32.96923255407575,33.144042901303315,31.67563438415527,31.675634384155273,135046
2020-10-23 00:00:00+02:00,31.53578537126789,32.82938353291765,31.53578537126789,31.955331802368164,55552
2020-10-26 00:00:00+01:00,32.02525324539764,32.02525324539764,31.465860699769443,31.535783767700195,49836
2020-10-27 00:00:00+01:00,31.955328160274302,31.955328160274302,31.360971450805664,31.360971450805664,31738
2020-10-28 00:00:00+01:00,31.36097690815188,31.500825726915522,29.71776062301358,30.48692512512207,77549
2020-10-29 00:00:00+01:00,30.20722869107674,31.710596084594727,30.067379879090495,31.710596084594727,77392
2020-10-30 00:00:00+01:00,31.535786983496223,31.710597338543085,30.10234260559082,30.10234260559082,75216
2020-11-02 00:00:00+01:00,30.417001613350802,30.766622321550237,29.96249362573381,30.067380905151367,51709
2020-11-03 00:00:00+01:00,30.20722816561346,30.731659200893578,30.067379356059927,30.626771926879883,58228
2020-11-04 00:00:00+01:00,30.6267721789353,31.60571118647243,30.5218875714526,31.326013565063477,67800
2020-11-05 00:00:00+01:00,31.570749776255262,31.920370470710385,31.430900964994372,31.675634384155273,103166
2020-11-06 00:00:00+01:00,31.955333492680598,32.130143848037285,31.39594088901808,31.745561599731445,73332
2020-11-09 00:00:00+01:00,32.02525645731472,32.13014373712439,31.01135586626706,31.39594078063965,59254
2020-11-10 00:00:00+01:00,31.67563438415527,31.815483195416164,31.46586250096104,31.675634384155273,109872
2020-11-11 00:00:00+01:00,31.67563438415527,31.67563438415527,31.67563438415527,31.675634384155273,0
2020-11-12 00:00:00+01:00,31.745556302329916,31.745556302329916,30.97638926667531,31.360971450805664,52626
2020-11-13 00:00:00+01:00,31.326015256110317,31.326015256110317,30.836545725919116,31.116243362426758,28157
2020-11-16 00:00:00+01:00,31.535787149793876,31.535787149793876,30.906471468743202,31.116243362426758,54535
2020-11-17 00:00:00+01:00,31.11623755417301,31.256086346322224,30.87150416845728,30.94142723083496,44929
2020-11-18 00:00:00+01:00,31.046317920393868,31.36097440323635,30.696697235107422,30.696697235107422,79224
2020-11-19 00:00:00+01:00,30.906471416389035,31.18616638502854,30.417001887026974,30.451963424682617,61258
2020-11-20 00:00:00+01:00,30.451961417640728,30.906469379391222,30.451961417640728,30.59181022644043,60551
2020-11-23 00:00:00+01:00,30.76662276264935,30.906471581412994,30.277153230673786,30.48692512512207,60861
2020-11-24 00:00:00+01:00,30.521887057330186,30.556848592568848,29.752719945108815,29.92753028869629,90339
2020-11-25 00:00:00+01:00,30.067379097045098,30.067379097045098,29.8226456829803,29.92753028869629,57218
2020-11-26 00:00:00+01:00,30.067381068060314,30.277152960637682,29.962493788074465,30.10234260559082,29550
2020-11-27 00:00:00+01:00,30.10234046592367,30.242189273499605,29.71775824563545,29.892568588256836,48293
2020-11-30 00:00:00+01:00,30.13730397983353,30.207229721910007,29.717760196951936,30.067380905151367,114067
2020-12-01 00:00:00+01:00,30.172266066708456,30.172266066708456,29.54294776916504,29.54294776916504,56128
2020-12-02 00:00:00+01:00,29.717758665873184,30.731659200893578,29.57790985631965,30.626771926879883,69513
2020-12-03 00:00:00+01:00,30.836543641294288,30.87150784403984,30.48692295299211,30.59181022644043,34633
2020-12-04 00:00:00+01:00,30.62676927702591,30.83654113950948,29.927527957151373,29.997453689575195,68543
2020-12-07 00:00:00+01:00,30.207229721910007,30.8365453962324,29.99745783046921,30.067380905151367,53333
2020-12-08 00:00:00+01:00,30.347074429550776,30.661730890409043,30.0673768339057,30.172264099121094,43951
2020-12-09 00:00:00+01:00,30.34707677790891,30.976392415717942,30.277151039889574,30.906469345092773,80198
2020-12-10 00:00:00+01:00,31.011355974176244,31.011355974176244,30.242191477543283,30.27715301513672,57431
2020-12-11 00:00:00+01:00,30.277149367497458,30.591808502718507,30.242187834116013,30.312110900878906,61376
2020-12-14 00:00:00+01:00,30.416999783616834,30.731658935546875,30.24218944003283,30.731658935546875,24085
2020-12-15 00:00:00+01:00,30.59181240604339,30.62677394388571,30.242191692831465,30.48692512512207,34674
2020-12-16 00:00:00+01:00,30.48692638787453,30.556852133849816,30.207231406156787,30.34708023071289,68872
2020-12-17 00:00:00+01:00,30.347078646304798,30.486924796165127,29.018518883477032,29.43806266784668,107596
2020-12-18 00:00:00+01:00,29.438060166397744,29.997455387882724,29.438060166397744,29.473024368286133,88146
2020-12-21 00:00:00+01:00,29.47302469939094,29.927529987710848,29.47302469939094,29.54294776916504,100942
2020-12-22 00:00:00+01:00,29.717756338159134,30.382036130961485,29.717756338159134,30.207225799560547,97759
2020-12-23 00:00:00+01:00,30.41700183206292,31.745561599731445,30.34707875687798,31.745561599731445,145464
2020-12-28 00:00:00+01:00,31.780518074687357,32.689531244257445,31.74555654266426,32.51472091674805,93652
2020-12-29 00:00:00+01:00,32.794420358685876,32.82938189268226,31.745558334430175,32.33991241455078,118566
2020-12-30 00:00:00+01:00,32.374875566074245,32.374875566074245,31.920370266625024,31.955331802368164,74646
2021-01-04 00:00:00+01:00,32.16510387268553,32.47976303100586,32.060216597447344,32.47976303100586,77391
2021-01-05 00:00:00+01:00,32.54968622666185,32.86434538617858,32.47976315450001,32.829383850097656,83579
2021-01-07 00:00:00+01:00,32.82938750432795,33.1440466988693,32.5147283097866,32.79442596435547,91764
2021-01-08 00:00:00+01:00,32.79441816725827,32.93426429389881,32.44479751586914,32.44479751586914,79410
2021-01-11 00:00:00+01:00,32.759454483873974,32.82938021568884,32.235023498535156,32.235023498535156,69070
2021-01-12 00:00:00+01:00,32.23502675570749,32.40983710181738,31.53578537126789,31.955331802368164,78349
2021-01-13 00:00:00+01:00,31.95532983933954,31.95532983933954,31.46586036682129,31.46586036682129,99861
2021-01-14 00:00:00+01:00,31.500825393054996,31.95533338237115,31.25609196335819,31.39594078063965,178030
2021-01-15 00:00:00+01:00,31.640672518879164,31.815482864287336,31.256090292460023,31.605710983276367,53161
2021-01-18 00:00:00+01:00,31.500821900416728,31.78051950396831,31.36097309864094,31.46586036682129,57143
2021-01-19 00:00:00+01:00,31.535785244676585,31.640672518879164,31.395939102265395,31.605710983276367,28079
2021-01-20 00:00:00+01:00,31.60570916859708,31.67563223578796,31.3260115650455,31.46586036682129,28952
2021-01-21 00:00:00+01:00,31.465863855583216,31.71059728528002,31.395940780639652,31.39594078063965,36375
2021-01-22 00:00:00+01:00,31.395940943426048,31.605712836738725,31.291053663072535,31.4309024810791,50710
2021-01-25 00:00:00+01:00,31.675634258127566,31.710595793955136,31.29105202923591,31.326013565063477,47386
2021-01-26 00:00:00+01:00,31.291050050027767,31.465860385502783,31.151201248168945,31.151201248168945,46269
2021-01-27 00:00:00+01:00,31.186166763305664,31.57075168436567,31.186166763305664,31.186166763305664,48200
2021-01-28 00:00:00+01:00,31.18616416110842,31.256089898827568,30.207227839587677,30.556848526000977,110303
2021-01-29 00:00:00+01:00,30.731661168218526,31.11624341856461,30.486925068984217,30.801584243774414,56000
2021-02-01 00:00:00+01:00,30.90647355734821,30.90647355734821,30.521891281706573,30.6617374420166,71665
2021-02-02 00:00:00+01:00,30.696697235107422,30.871507577750645,30.62677149761365,30.696697235107422,106943
2021-02-03 00:00:00+01:00,30.766620736433417,30.906469545986948,30.556848855800204,30.626771926879883,171161
2021-02-04 00:00:00+01:00,30.76662276264935,30.76662276264935,30.277153230673786,30.48692512512207,146946
2021-02-05 00:00:00+01:00,30.556846861693966,30.906467529064848,30.556846861693966,30.766618728637695,85445
2021-02-08 00:00:00+01:00,30.90647355734821,30.90647355734821,30.27715516637496,30.6617374420166,116576
2021-02-09 00:00:00+01:00,30.661735208261913,30.661735208261913,30.067381068060314,30.10234260559082,162676
2021-02-10 00:00:00+01:00,30.277152852102446,30.626773560942876,30.20722977729209,30.242191314697266,36953
2021-02-11 00:00:00+01:00,30.41700199342833,31.465864131132754,30.382040455650383,30.801584243774414,120390
2021-02-12 00:00:00+01:00,30.83654540266895,31.291053390380814,30.69669925327544,31.04631996154785,43077
2021-02-15 00:00:00+01:00,31.046318484736528,31.25609036624268,30.97639274597168,30.97639274597168,37386
2021-02-16 00:00:00+01:00,31.11624119052725,31.57074915127913,31.11624119052725,31.221128463745117,48643
2021-02-17 00:00:00+01:00,31.256092506859474,31.605713222445385,31.01135640551271,31.186166763305664,44818
2021-02-18 00:00:00+01:00,31.32601509210444,31.990294974786526,31.081281661987305,31.081281661987305,94483
2021-02-19 00:00:00+01:00,31.500820483714755,32.75945430830364,31.500820483714755,32.51472091674805,134132
2021-02-22 00:00:00+01:00,32.79442055155,32.79442055155,31.745558521125933,32.06021499633789,78536
2021-02-23 00:00:00+01:00,32.26999038882979,32.26999038882979,30.801581907008003,30.87150764465332,99022
2021-02-24 00:00:00+01:00,31.081282149066517,31.395941326572714,30.871510253193843,31.186166763305664,45629
2021-02-25 00:00:00+01:00,31.360975025157995,32.02525487385444,31.221128882185432,31.955331802368164,46736
2021-02-26 00:00:00+01:00,31.675632254593992,31.675632254593992,30.801580577218918,31.151201248168945,63949
2021-03-01 00:00:00+01:00,31.43089883322585,31.46586036682129,31.01135242789848,31.46586036682129,31110
2021-03-02 00:00:00+01:00,31.465862299781612,32.23502675570749,31.326013489414855,31.955331802368164,58930
2021-03-03 00:00:00+01:00,32.0602146426095,32.44479951677037,31.85044277231797,32.30495071411133,63150
2021-03-04 00:00:00+01:00,32.374875644255745,32.444801383305084,31.32601356506348,31.326013565063477,86593
2021-03-05 00:00:00+01:00,31.500825612079005,32.06021821769994,31.116243362426758,31.116243362426758,126072
2021-03-08 00:00:00+01:00,31.46586036682129,31.99029137293498,31.291050031450062,31.46586036682129,55454
2021-03-09 00:00:00+01:00,31.74555982035787,32.33991392829866,31.605711010432334,32.09518051147461,49329
2021-03-10 00:00:00+01:00,32.16510757527276,33.109082491502306,32.16510757527276,32.79442596435547,117149
2021-03-11 00:00:00+01:00,32.82938172353718,33.004192060012464,32.26998918029508,32.30495071411133,54657
2021-03-12 00:00:00+01:00,32.409833317901146,32.514720580278954,31.710592015099447,32.1301383972168,80041
2021-03-15 00:00:00+01:00,32.16509992780028,32.51472057918941,31.78051774475101,32.44479751586914,160251
2021-03-16 00:00:00+01:00,32.72449343008315,33.458696286812476,32.61960883191837,33.28388595581055,116395
2021-03-17 00:00:00+01:00,33.353815103787,33.353815103787,32.2000657340828,32.549686431884766,105377
2021-03-18 00:00:00+01:00,32.549689849759076,32.93427212424539,32.40984102247464,32.79442596435547,69954
2021-03-19 00:00:00+01:00,32.759456634521484,33.004192710849466,32.51472322558761,32.759456634521484,107786
2021-03-22 00:00:00+01:00,32.759458173400205,32.759458173400205,31.710596084594727,31.710596084594727,164427
2021-03-23 00:00:00+01:00,31.815483195416164,31.920370470710385,31.53578557289438,31.675634384155273,75098
2021-03-24 00:00:00+01:00,31.60570916859708,31.64067070219252,30.871506293516724,31.46586036682129,174688
2021-03-25 00:00:00+01:00,31.500822047298872,32.09517879076884,31.500822047298872,31.815481185913086,124476
2021-03-26 00:00:00+01:00,31.745555962914505,31.92036628723145,31.675630232751406,31.920366287231445,54537
2021-03-29 00:00:00+02:00,32.02525721194272,32.4098394679831,32.02525721194272,32.3748779296875,52737
2021-03-30 00:00:00+02:00,32.409835504912145,32.409835504912145,31.850442958401835,32.02525329589844,68697
2021-03-31 00:00:00+02:00,31.850442958401835,32.16510209937453,31.850442958401835,32.02525329589844,49566
2021-04-01 00:00:00+02:00,32.02525554650209,32.58464813232422,32.02525554650209,32.58464813232422,21092
2021-04-06 00:00:00+02:00,32.51472091674805,32.72449277628054,32.30494905721555,32.51472091674805,54795
2021-04-07 00:00:00+02:00,32.51472460705301,32.69652619464329,32.05322539674545,32.165103912353516,64452
2021-04-08 00:00:00+02:00,32.43081743890587,32.43081743890587,31.96931821363218,31.997285842895508,57016
2021-04-09 00:00:00+02:00,32.15111690833506,32.69652430701275,32.13713176126717,32.654571533203125,54861
2021-04-12 00:00:00+02:00,32.654575593397496,33.00419631138378,32.50074162391733,32.9202880859375,57689
2021-04-13 00:00:00+02:00,32.86434373878974,32.86434373878974,32.65457186542522,32.72449493408203,50316
2021-04-14 00:00:00+02:00,32.96223891901095,33.21396624788325,32.71051159013865,32.86434555053711,94517
2021-04-15 00:00:00+02:00,32.86434126985608,33.18599162934397,32.69652218333542,32.878326416015625,64407
2021-04-16 00:00:00+02:00,32.8643435483974,33.00419235229492,32.52870801947978,33.00419235229492,129651
2021-04-19 00:00:00+02:00,32.86434528722454,33.08810231834176,32.51472459267959,32.5986328125,56931
2021-04-20 00:00:00+02:00,32.73848021650883,32.93426694347182,32.47276775320615,32.640586853027344,70572
2021-04-21 00:00:00+02:00,32.58464813232422,32.738482093698146,32.30495317311028,32.58464813232422,72850
2021-04-22 00:00:00+02:00,32.584648670147295,33.14404393259672,32.55668104094026,32.68254470825195,51335
2021-04-23 00:00:00+02:00,32.65457495445438,32.78043862385825,32.3888624671135,32.47277069091797,56464
2021-04-26 00:00:00+02:00,32.44479785270185,32.66855485852237,32.29096391092753,32.51472091674805,74926
2021-04-27 00:00:00+02:00,32.65457186542522,32.92028432763046,32.51472306071751,32.72449493408203,83561
2021-04-28 00:00:00+02:00,32.86434534565904,33.17201059714372,32.65457346203794,33.14404296875,136013
2021-04-29 00:00:00+02:00,33.14404176181617,33.56358551378078,32.86434414891035,32.90629959106445,86357
2021-04-30 00:00:00+02:00,33.07411717047266,33.24193627750768,32.5986328125,32.5986328125,55686
2021-05-04 00:00:00+02:00,33.19998441792047,33.36780354307198,32.78044060613343,33.31186294555664,75633
2021-05-05 00:00:00+02:00,33.283884558397084,33.3677954342787,32.9482490570522,33.32583999633789,49637
2021-05-06 00:00:00+02:00,33.353811688647696,33.731402643786424,33.213962890367355,33.28388595581055,97975
2021-05-07 00:00:00+02:00,33.47967427394861,33.49365942007058,33.21396183241897,33.3957633972168,38061
2021-05-10 00:00:00+02:00,33.49366337328136,33.983130208351945,33.437722782190896,33.74538803100586,51058
2021-05-11 00:00:00+02:00,33.89922072216427,34.17891833237481,33.53561489584821,34.136962890625,74289
2021-05-12 00:00:00+02:00,34.19290767282095,34.19290767282095,33.67546783069422,33.77336120605469,17232
2021-05-13 00:00:00+02:00,33.75937563137666,33.75937563137666,33.08810449388882,33.353816986083984,49411
2021-05-14 00:00:00+02:00,33.213966488838196,33.675465705987335,33.213966488838196,33.5635871887207,39512
2021-05-17 00:00:00+02:00,33.563586860176144,33.71742082018477,33.42373804811323,33.4936637878418,29010
2021-05-18 00:00:00+02:00,33.56358873829885,33.661482112002446,33.311861395978504,33.43772506713867,19658
2021-05-19 00:00:00+02:00,33.42374067862108,33.46569612576019,33.060134805598764,33.255924224853516,27908
2021-05-20 00:00:00+02:00,33.28389038087022,33.46569464302355,33.07411848925773,33.185997009277344,38397
2021-05-21 00:00:00+02:00,33.1859966824492,33.29787520136699,33.04614786695338,33.11607360839844,67074
2021-05-24 00:00:00+02:00,33.11607415072905,33.92719409301506,33.11607415072905,33.88523864746094,40961
2021-05-25 00:00:00+02:00,33.913204925229486,33.98312799213833,33.73140335083008,33.73140335083008,50994
2021-05-26 00:00:00+02:00,33.95516370883867,34.54252659784096,33.8432851903332,34.17892074584961,64612
2021-05-27 00:00:00+02:00,34.346736099164644,35.03199233667332,34.346736099164644,34.724327087402344,83144
2021-05-28 00:00:00+02:00,35.10191545047099,35.13687698364258,34.61244598388672,34.962066650390625,65474
2021-05-31 00:00:00+02:00,34.82221788008878,35.0669539472872,34.33274841308594,34.33274841308594,18098
2021-06-01 00:00:00+02:00,34.34673630145369,34.68237184828811,34.03907105037068,34.44462966918945,47522
2021-06-02 00:00:00+02:00,34.65440234078952,34.65440234078952,34.4026750274651,34.50056838989258,15665
2021-06-04 00:00:00+02:00,34.2768101588299,34.78026476767739,34.26282501220703,34.26282501220703,31348
2021-06-07 00:00:00+02:00,34.26283023263808,34.51455757541607,34.13696656124908,34.22087478637695,45820
2021-06-08 00:00:00+02:00,34.23485531792029,34.36071897233422,34.16493225097656,34.16493225097656,35740
2021-06-09 00:00:00+02:00,34.12298170123341,34.47260242085136,34.05305862426758,34.05305862426758,22986
2021-06-10 00:00:00+02:00,34.05305314765191,34.33274807792742,34.025082854406165,34.26282501220703,21131
2021-06-11 00:00:00+02:00,34.26282976367732,34.44463136019842,34.06704301859393,34.234859466552734,24367
2021-06-14 00:00:00+02:00,34.262824676363124,34.332747741398116,34.13696102538496,34.192901611328125,24870
2021-06-15 00:00:00+02:00,34.19290500960929,34.61244877630377,34.19290500960929,34.44462966918945,33786
2021-06-16 00:00:00+02:00,34.26282903923471,34.5984645954501,33.9691489278191,33.983131408691406,39139
2021-06-17 00:00:00+02:00,33.91320627469488,34.374705469881555,33.787342615335405,34.31876754760742,47598
2021-06-18 00:00:00+02:00,34.053056702035065,34.41666255000018,33.5635871887207,33.5635871887207,118640
2021-06-21 00:00:00+02:00,33.56358930636877,34.09501163006606,33.56358930636877,33.77336120605469,44125
2021-06-22 00:00:00+02:00,33.801327627576086,34.0390697979272,33.64749367399769,33.969146728515625,28352
2021-06-23 00:00:00+02:00,34.03907155395245,34.053056702035065,33.283889561856995,33.5635871887207,31345
2021-06-24 00:00:00+02:00,33.54960415740378,33.87125458141515,33.49366622893827,33.77336120605469,49220
2021-06-25 00:00:00+02:00,33.773359075171356,33.84328481558441,33.50764659639026,33.5635871887207,21001
2021-06-28 00:00:00+02:00,33.61953092252746,34.09501266479492,33.61953092252746,34.09501266479492,30828
2021-06-29 00:00:00+02:00,33.9831264967108,34.10899014552331,33.661476135253906,33.661476135253906,21616
2021-06-30 00:00:00+02:00,33.91321103187402,33.91321103187402,33.31186294555664,33.31186294555664,42543
2021-07-01 00:00:00+02:00,33.35381092004217,33.87124799414345,33.35381092004217,33.661476135253906,38154
2021-07-02 00:00:00+02:00,33.899217522790785,34.304778752580205,33.70343081455801,34.039066314697266,27783
2021-07-05 00:00:00+02:00,34.192901611328125,34.31876526230628,34.01109737440681,34.192901611328125,15868
2021-07-06 00:00:00+02:00,34.16493073050393,34.19290102299425,33.661476135253906,33.661476135253906,22570
2021-07-07 00:00:00+02:00,33.633506308639255,33.8712484633122,33.633506308639255,33.647491455078125,26477
2021-07-08 00:00:00+02:00,33.773359075171356,33.773359075171356,33.42373837528885,33.5635871887207,49158
2021-07-09 00:00:00+02:00,33.6335102617395,33.70343600215256,33.42373837528885,33.5635871887207,54321
2021-07-12 00:00:00+02:00,33.63350831137087,33.63350831137087,33.4517067316279,33.50764465332031,47392
2021-07-13 00:00:00+02:00,33.563586860176144,33.605542304013284,33.43772319605894,33.4936637878418,50203
2021-07-14 00:00:00+02:00,33.493664115701904,33.8292996675018,33.43772352337146,33.5635871887207,49535
2021-07-15 00:00:00+02:00,33.52163081060725,33.78734328198597,33.52163081060725,33.591556549072266,34251
2021-07-16 00:00:00+02:00,33.5635871887207,33.78734422325397,33.5635871887207,33.5635871887207,36687
2021-07-19 00:00:00+02:00,33.577568698938656,33.77335541609475,33.28388595581055,33.28388595581055,34809
2021-07-20 00:00:00+02:00,33.24193678500342,33.745388779006134,33.06013252732373,33.5635871887207,33974
2021-07-21 00:00:00+02:00,33.74538357745727,33.80132416116497,33.25591680698408,33.40974807739258,90514
2021-07-22 00:00:00+02:00,33.86722176628768,33.926248138199945,33.29169845581055,33.29169845581055,64602
2021-07-23 00:00:00+02:00,33.394996643066406,33.63111057418768,33.30645567806251,33.394996643066406,35096
2021-07-26 00:00:00+02:00,33.42451123628988,33.586838684352465,33.26218660289383,33.394996643066406,17949
2021-07-27 00:00:00+02:00,33.42451340974254,33.52781167807522,32.716180014318425,32.89326477050781,34215
2021-07-28 00:00:00+02:00,32.76044916049199,33.085101235843474,32.21444045479498,32.49482345581055,81480
2021-07-29 00:00:00+02:00,32.61287786632896,32.760448009820585,32.170167435854076,32.3177375793457,57903
2021-07-30 00:00:00+02:00,32.24395610934529,32.3767689660599,32.09638595581055,32.09638595581055,76171
2021-08-02 00:00:00+02:00,32.17016785346765,32.362009886897056,32.0078432267194,32.081626892089844,36997
2021-08-03 00:00:00+02:00,32.332495576595896,32.391524761139706,31.86027335891121,32.0521125793457,51757
2021-08-04 00:00:00+02:00,32.052112725516295,32.2734693538986,31.609405098084583,31.653676986694336,53832
2021-08-05 00:00:00+02:00,31.94881563923779,32.98180389404297,31.83076007994576,32.98180389404297,74955
2021-08-06 00:00:00+02:00,32.7604479032103,33.203155517578125,32.657146832835856,33.203155517578125,34854
2021-08-09 00:00:00+02:00,33.2769382149034,33.631107673707064,33.20315455287464,33.498294830322266,30327
2021-08-10 00:00:00+02:00,33.60159569899888,33.631110291974686,33.232671730800824,33.42451095581055,20252
2021-08-11 00:00:00+02:00,33.424512552951924,33.424512552951924,32.657149986912714,32.68666458129883,40801
2021-08-12 00:00:00+02:00,33.055580574016936,33.055580574016936,32.71617126464844,32.71617126464844,23588
2021-08-13 00:00:00+02:00,32.834227914309906,32.834227914309906,32.09638009601081,32.11113739013672,54805
2021-08-16 00:00:00+02:00,32.45055205291347,32.89326250556977,32.22919823391858,32.539093017578125,37630
2021-08-17 00:00:00+02:00,32.76045478565138,32.76045478565138,32.25871788280565,32.509586334228516,25900
2021-08-18 00:00:00+02:00,32.74569179141343,32.76044908771478,32.52433797622613,32.598121643066406,15966
2021-08-19 00:00:00+02:00,32.671905871908365,32.745692354684344,32.31773919858323,32.539093017578125,23263
2021-08-20 00:00:00+02:00,32.56860740362952,32.56860740362952,32.33249628958054,32.465309143066406,23558
2021-08-23 00:00:00+02:00,32.48006877138223,33.04083200384103,32.39152780092383,32.42103958129883,31741
2021-08-24 00:00:00+02:00,32.671905664192636,32.77520392475576,32.229198029017425,32.465309143066406,35713
2021-08-25 00:00:00+02:00,32.362007418132336,32.61287580178709,32.25870916862735,32.33249282836914,15060
2021-08-26 00:00:00+02:00,32.39152605543975,32.450552427675696,31.948815597670713,32.02260208129883,47864
2021-08-27 00:00:00+02:00,32.30297961708955,32.31773691260089,31.801242828369137,31.80124282836914,37630
2021-08-30 00:00:00+02:00,31.801241932281943,32.09638220485979,31.727458271470603,31.993083953857422,47915
2021-08-31 00:00:00+02:00,31.727460440127306,32.27346913731761,31.683188551814656,31.963571548461914,51668
2021-09-01 00:00:00+02:00,32.02259874745578,32.11113970392505,31.78648765376022,31.875028610229492,39633
2021-09-02 00:00:00+02:00,31.96356793094293,32.00783981424505,31.742214143764546,31.84551239013672,70661
2021-09-03 00:00:00+02:00,32.0078417971658,32.052110868544325,31.74221611022949,31.742216110229492,52303
2021-09-06 00:00:00+02:00,31.948813627949825,32.46530772283733,31.77173170749297,32.3177375793457,25693
2021-09-07 00:00:00+02:00,32.465307163537055,32.50957905022176,32.33249431814928,32.376766204833984,18867
2021-09-08 00:00:00+02:00,32.52433669417448,32.52433669417448,32.18492452195541,32.243953704833984,16435
2021-09-09 00:00:00+02:00,32.43579477198305,32.43579477198305,32.09638539504961,32.15541458129883,20732
2021-09-10 00:00:00+02:00,32.36201223672501,32.36201223672501,32.037357330322266,32.037357330322266,37450
2021-09-13 00:00:00+02:00,32.25871340616542,32.3767689660599,32.08162865899042,32.09638595581055,32528
2021-09-14 00:00:00+02:00,32.31773942108479,32.45055227632942,32.140657490536306,32.22919845581055,38782
2021-09-15 00:00:00+02:00,32.421032122782634,32.45054671103445,32.09638009601081,32.11113739013672,47054
2021-09-16 00:00:00+02:00,32.243956314893296,32.31773998479773,32.037356972761,32.170169830322266,35376
2021-09-17 00:00:00+02:00,32.31773455336157,32.34724914222965,31.84551239013672,31.84551239013672,85104
2021-09-20 00:00:00+02:00,31.94881704180504,31.94881704180504,31.137185387874663,31.491352081298828,107248
2021-09-21 00:00:00+02:00,31.638918218930037,31.65367551444691,30.635444641113278,30.63544464111328,111186
2021-09-22 00:00:00+02:00,30.768261158597408,31.107670551998407,30.753503861319103,30.842044830322266,186118
2021-09-23 00:00:00+02:00,31.092909335358563,31.225722179455143,30.75349998474121,30.75349998474121,87206
2021-09-24 00:00:00+02:00,30.915827694135274,30.915827694135274,30.473117271660985,30.532146453857422,66447
2021-09-27 00:00:00+02:00,30.797772778231607,30.84204185112367,30.340305050793454,30.56165885925293,70624
2021-09-28 00:00:00+02:00,30.635440963789428,30.79776838032374,30.355058011957247,30.620683670043945,42402
2021-09-29 00:00:00+02:00,30.54690389315359,30.96009691180773,30.54690389315359,30.709228515625,37662
2021-09-30 00:00:00+02:00,30.886309328130643,30.901066621876122,30.473113547255114,30.620683670043945,106464
2021-10-01 00:00:00+02:00,30.886316299438473,30.915830893591135,30.664962472626755,30.886316299438477,60152
2021-10-04 00:00:00+02:00,30.98961286393044,32.08162745566134,30.98961286393044,31.830759048461914,61656
2021-10-05 00:00:00+02:00,31.80124466835862,31.80124466835862,31.314265146973387,31.712703704833984,36982
2021-10-06 00:00:00+02:00,31.83076171405784,32.34725586797595,31.594650583352422,32.14065933227539,72582
2021-10-07 00:00:00+02:00,32.28822440019642,32.68666296065401,32.09638517553156,32.465309143066406,64620
2021-10-08 00:00:00+02:00,32.61287786632896,32.81947437841741,32.3177375793457,32.3177375793457,61241
2021-10-11 00:00:00+02:00,32.450552635493985,32.450552635493985,32.02260228637646,32.09638595581055,41639
2021-10-12 00:00:00+02:00,31.97832832950933,32.08162658590865,31.43231964111328,31.43231964111328,99058
2021-10-13 00:00:00+02:00,31.63892074721723,31.65367804391337,31.43232140813785,31.447078704833984,30320
2021-10-14 00:00:00+02:00,31.594646109807506,31.934055460305604,31.535619742822156,31.727458953857422,22509
2021-10-15 00:00:00+02:00,31.978325764261132,31.978325764261132,31.44707441434771,31.59464454650879,43675
2021-10-18 00:00:00+02:00,31.59464955151935,31.91930164196998,31.59464955151935,31.860275268554688,24940
2021-10-19 00:00:00+02:00,31.727458953857425,31.86027179790734,31.579888814394593,31.727458953857422,38094
2021-10-20 00:00:00+02:00,31.727459929111102,31.75697452084416,31.43231964111328,31.43231964111328,27918
2021-10-21 00:00:00+02:00,31.579891058049476,32.465309143066406,31.506107390409106,32.465309143066406,71473
2021-10-22 00:00:00+02:00,32.421037889662564,32.74569278884831,32.27347055148711,32.302982330322266,32578
2021-10-25 00:00:00+02:00,32.45055345554317,32.81947744136972,32.288226001086166,32.68666458129883,117856
2021-10-26 00:00:00+02:00,32.70141940964803,33.17364162550821,32.6866621135691,32.937530517578125,92070
2021-10-27 00:00:00+02:00,33.0555857216554,33.09985760942359,32.83423191214723,33.070343017578125,53020
2021-10-28 00:00:00+02:00,33.04082984178869,33.05558713834389,32.539093017578125,32.539093017578125,78925
2021-10-29 00:00:00+02:00,32.46530328359466,32.716171648827256,32.11113667644264,32.48006057739258,68701
2021-11-02 00:00:00+01:00,32.465311584939045,33.099861307173164,32.39152791174905,32.89326477050781,58428
2021-11-03 00:00:00+01:00,32.93753384855512,33.070346712030485,32.76045190703245,32.89326477050781,37233
2021-11-04 00:00:00+01:00,32.89326019905546,33.30645321496127,32.863745608014675,33.262184143066406,78561
2021-11-05 00:00:00+01:00,33.21791429982871,33.26218618911319,32.465309069991655,32.568607330322266,70094
2021-11-08 00:00:00+01:00,32.56860937865512,32.612881270723975,32.48006840918407,32.55385208129883,38096
2021-11-09 00:00:00+01:00,32.53909092729439,32.53909092729439,31.66843018913401,31.68318748474121,126874
2021-11-10 00:00:00+01:00,32.0963824087358,32.30297891205284,31.81599942947247,31.875028610229492,58192
2021-11-12 00:00:00+01:00,32.0521125123197,32.0521125123197,31.668431257586626,31.771732330322266,125460
2021-11-15 00:00:00+01:00,31.948814321060482,32.34725287273185,31.81600147050336,32.0521125793457,44335
2021-11-16 00:00:00+01:00,32.28822418354228,32.775203704833984,32.081627663802315,32.775203704833984,58139
2021-11-17 00:00:00+01:00,32.61288008584886,32.775204721537165,32.05211406535015,32.09638595581055,65500
2021-11-18 00:00:00+01:00,32.19968066039432,32.19968066039432,31.830756724661725,31.875028610229492,33337
2021-11-19 00:00:00+01:00,31.948813737776273,31.948813737776273,31.240480424181168,31.43231964111328,110196
2021-11-22 00:00:00+01:00,31.727461979306977,32.09638595581055,31.28475433336932,32.09638595581055,47538
2021-11-23 00:00:00+01:00,32.09638331774377,32.11114061335097,31.506105566787497,31.68318748474121,26798
2021-11-24 00:00:00+01:00,31.934058237140352,31.934058237140352,31.43232140813785,31.447078704833984,40508
2021-11-25 00:00:00+01:00,31.594650348380874,31.771735102426295,31.461837486513478,31.491352081298828,16619
2021-11-26 00:00:00+01:00,31.461835008072168,31.461835008072168,30.974855491142964,31.063396453857422,51158
2021-11-29 00:00:00+01:00,31.06339554861082,31.358535835280005,30.98961188427671,31.255237579345703,38023
2021-11-30 00:00:00+01:00,31.255237720047695,31.43231964111328,31.063395688449198,31.43231964111328,122220
2021-12-01 00:00:00+01:00,31.609404304235884,31.609404304235884,30.989611952597286,31.151939392089844,71623
2021-12-02 00:00:00+01:00,31.063396035816687,31.240480773528912,30.76825855918487,30.915828704833984,80441
2021-12-03 00:00:00+01:00,31.28475157052406,31.28475157052406,30.620687345596405,30.63544464111328,34563
2021-12-06 00:00:00+01:00,30.694473283533217,30.989613586413288,30.310794830322266,30.310794830322266,71215
2021-12-07 00:00:00+01:00,30.650200149768775,30.915825824254256,30.42884635925293,30.42884635925293,71753
2021-12-08 00:00:00+01:00,30.60593095637887,30.679717436148188,30.25176429748535,30.25176429748535,84379
2021-12-09 00:00:00+01:00,30.399333290369853,30.53214613425526,29.8975965056175,30.074678421020508,71641
2021-12-10 00:00:00+01:00,30.07467956070539,30.487875403414364,29.956624007740885,30.25176429748535,55023
2021-12-13 00:00:00+01:00,30.3993347967082,30.532147647174703,29.91235528321982,29.927112579345703,60359
2021-12-14 00:00:00+01:00,29.92711307199527,30.163224184563294,29.631972773951997,29.779542922973633,81822
2021-12-15 00:00:00+01:00,29.882840690968056,30.34030561220467,29.735270544375666,29.927112579345703,42962
2021-12-16 00:00:00+01:00,30.04516771391035,30.45836074099639,29.956623938392145,30.163223266601562,30653
2021-12-17 00:00:00+01:00,30.251761960983277,30.26651925579736,29.513914108276367,29.513914108276367,100686
2021-12-20 00:00:00+01:00,29.513913378303435,30.163220260732622,29.513913378303435,29.882837295532227,67703
2021-12-21 00:00:00+01:00,30.10419156226305,30.10419156226305,29.705753049792044,29.735267639160156,41041
2021-12-22 00:00:00+01:00,29.735273060801827,30.08943975379599,29.70575846605231,29.956626892089844,24685
2021-12-23 00:00:00+01:00,29.95662449384643,30.2370074921868,29.868083531352898,30.10419464111328,38107
2021-12-27 00:00:00+01:00,30.23700528670916,30.23700528670916,29.735268511398257,29.94186782836914,74721
2021-12-28 00:00:00+01:00,30.059924873589097,30.694471707261894,29.912354729727316,30.56165885925293,54739
2021-12-29 00:00:00+01:00,30.620691581811275,30.620691581811275,30.28128218196663,30.591176986694336,18189
2021-12-30 00:00:00+01:00,30.59117345095856,30.901071034534937,30.48787519465523,30.56165885925293,30557
2022-01-03 00:00:00+01:00,30.842041947076005,31.3585360448659,30.768258282248762,31.137182235717773,36024
2022-01-04 00:00:00+01:00,31.21096660149249,31.21096660149249,31.00437008360327,31.063396453857422,35067
2022-01-05 00:00:00+01:00,31.19620930526234,31.19620930526234,30.812528047277745,31.063396453857422,40618
2022-01-07 00:00:00+01:00,31.196207447638955,31.210964742990363,30.664958888319713,30.76825714111328,43430
2022-01-10 00:00:00+01:00,30.9896129992226,31.373294259830093,30.827285554247684,30.945341110229492,38326
2022-01-11 00:00:00+01:00,31.1519395316165,31.373293340764626,30.88631383477219,31.137182235717773,33280
2022-01-12 00:00:00+01:00,31.166698299049713,31.653677828034873,31.166698299049713,31.565134048461914,27650
2022-01-13 00:00:00+01:00,31.66843053622638,31.712702423533205,31.44707672902499,31.55037498474121,34325
2022-01-14 00:00:00+01:00,31.594647149912756,31.653676333507665,31.13718223571777,31.137182235717773,57670
2022-01-17 00:00:00+01:00,31.210966544596175,31.653676986694336,31.210966544596175,31.653676986694336,26647
2022-01-18 00:00:00+01:00,31.653676689226632,31.653676689226632,31.004369735717777,31.004369735717773,43556
2022-01-19 00:00:00+01:00,30.989612160666773,31.033884048461914,30.62068820637312,31.033884048461914,49581
2022-01-20 00:00:00+01:00,31.137181709037833,31.284751850862595,30.41409111022949,30.414091110229492,69733
2022-01-21 00:00:00+01:00,30.41409173831145,30.502632699368228,30.25176429748535,30.25176429748535,33932
2022-01-24 00:00:00+01:00,30.399336179450607,30.399336179450607,28.68752915631519,29.307321548461914,145981
2022-01-25 00:00:00+01:00,29.440130035204938,30.1484632883308,29.440130035204938,29.558185577392578,58256
2022-01-26 00:00:00+01:00,29.735267639160156,29.912352360702656,29.66148398040604,29.735267639160156,23158
2022-01-27 00:00:00+01:00,29.809057729425334,30.04516884368614,29.6614875793457,29.661487579345703,62950
2022-01-28 00:00:00+01:00,29.882841397131894,29.882841397131894,29.454888243367616,29.661487579345703,99516
2022-01-31 00:00:00+01:00,29.956624917603428,30.266522512714175,29.7943002865135,29.868083953857422,32312
2022-02-01 00:00:00+01:00,29.912357814632244,30.296039102375925,29.88284321988273,29.956626892089844,34769
2022-02-02 00:00:00+01:00,30.296036536316784,30.296036536316784,30.045168131527678,30.11895179748535,19283
2022-02-03 00:00:00+01:00,30.10419705117075,30.35506547720828,29.823814030383698,29.956626892089844,32087
2022-02-04 00:00:00+01:00,30.1632238977041,30.1632238977041,29.661487084602058,30.000896453857422,19275
2022-02-07 00:00:00+01:00,30.163223616754244,30.296036466906926,29.779542362387208,30.030410766601562,21085
2022-02-08 00:00:00+01:00,30.030409334651033,30.207491249966463,29.661485393966537,29.69099998474121,39881
2022-02-09 00:00:00+01:00,29.912353801012134,30.251763151089815,29.838567324038966,30.074678421020508,16769
2022-02-10 00:00:00+01:00,30.104195490997192,30.104195490997192,29.735271519748046,29.82381248474121,26398
2022-02-11 00:00:00+01:00,29.956625348113516,29.956625348113516,29.558189598197288,29.631973266601562,46076
2022-02-14 00:00:00+01:00,29.513915674623668,29.83856773376465,29.18926361548269,29.83856773376465,76840
2022-02-15 00:00:00+01:00,29.809057729425334,29.95662506483846,29.572946615164522,29.661487579345703,54240
2022-02-16 00:00:00+01:00,29.882844641517266,30.045172105695432,29.720517177339104,29.9123592376709,21522
2022-02-17 00:00:00+01:00,29.956625499552597,29.97138279624136,29.29256403655752,29.425376892089844,40591
2022-02-18 00:00:00+01:00,29.513914108276367,29.69099883137915,29.440130448872154,29.513914108276367,16838
2022-02-21 00:00:00+01:00,29.36634607911166,29.57294540664693,28.997422126322153,29.204021453857422,42154
2022-02-22 00:00:00+01:00,28.99742057110843,29.351587209031436,28.820338659480047,29.07120704650879,53690
2022-02-23 00:00:00+01:00,29.20401698992907,29.425370764834856,28.77606391906738,28.776063919067383,60955
2022-02-24 00:00:00+01:00,28.03822180343001,28.333362106174828,26.282142912898028,26.93144989013672,264800
2022-02-25 00:00:00+01:00,27.300372681060395,28.658012948597083,27.300372681060395,28.40714454650879,103397
2022-02-28 00:00:00+01:00,28.33335925572451,28.702283189707035,27.890648846145734,28.377628326416016,115214
2022-03-01 00:00:00+01:00,28.672768535125382,29.204019899561263,28.480926513671875,28.480926513671875,70518
2022-03-02 00:00:00+01:00,28.717037670160042,28.894122396924804,28.112002643602,28.377628326416016,73527
2022-03-03 00:00:00+01:00,28.48093062640909,28.70228726999947,28.25957679748535,28.25957679748535,76523
2022-03-04 00:00:00+01:00,28.33336495755289,28.33336495755289,27.329891204833984,27.329891204833984,85504
2022-03-07 00:00:00+01:00,27.300373490901364,29.11547872856025,26.57728285511855,28.99742317199707,131460
2022-03-08 00:00:00+01:00,28.997422749566198,29.499159561317114,28.74655434369074,29.23353385925293,59168
2022-03-09 00:00:00+01:00,28.982665387873798,29.631972345378035,28.7465542787207,28.953153610229492,61169
2022-03-10 00:00:00+01:00,29.159747067009476,29.58769735193988,29.056448819428557,29.558185577392578,34401
2022-03-11 00:00:00+01:00,29.572944857012757,30.01565246626558,29.528672970220942,29.83856773376465,61918
2022-03-14 00:00:00+01:00,29.83856880259041,30.296036538493457,29.691001470664457,29.927112579345703,31381
2022-03-15 00:00:00+01:00,30.08943570153408,30.08943570153408,29.513915254759482,29.69099998474121,36878
2022-03-16 00:00:00+01:00,29.956624636990483,30.192735747879095,29.631972563185258,29.897598266601562,33226
2022-03-17 00:00:00+01:00,30.030407847524714,30.42884635925293,29.80905405700887,30.42884635925293,53522
2022-03-18 00:00:00+01:00,30.443603515625004,30.91582854215055,30.11895144863844,30.443603515625,216459
2022-03-21 00:00:00+01:00,30.355062906149637,30.576416718689096,30.11895179748535,30.11895179748535,37254
2022-03-22 00:00:00+01:00,30.118948377385365,30.251761212761018,29.735267165707487,29.882837295532227,35022
2022-03-23 00:00:00+01:00,30.17798126628171,30.17798126628171,29.86808367407387,29.897598266601562,43548
2022-03-24 00:00:00+01:00,30.10419292363137,30.783014436464686,30.059923852243433,30.76825714111328,70611
2022-03-25 00:00:00+01:00,30.886313665428062,30.886313665428062,30.000895619023744,30.281278610229492,62218
2022-03-28 00:00:00+02:00,30.384576936965423,30.62068804126694,30.28127868066681,30.36981964111328,27169
2022-03-29 00:00:00+02:00,30.50263161047331,30.51738890590036,29.97138023376465,29.97138023376465,198834
2022-03-30 00:00:00+02:00,30.399335365666424,30.399335365666424,29.80905758291558,29.868083953857422,52223
2022-03-31 00:00:00+02:00,30.207494109224044,30.325549668830853,30.045169473931285,30.177982330322266,125884
2022-04-01 00:00:00+02:00,30.17798112207993,30.20749289980014,29.97138179003976,30.10419464111328,26673
2022-04-04 00:00:00+02:00,30.104194999088048,30.177981480932107,29.779542922973633,29.779542922973633,44056
2022-04-05 00:00:00+02:00,29.956625058117968,30.08943791169319,29.764785833324037,29.85332679748535,40321
2022-04-06 00:00:00+02:00,29.80905879621792,29.838570575556798,29.395862924140996,29.45488929748535,56487
2022-04-07 00:00:00+02:00,29.499161124672288,29.646731279713823,29.071210771185093,29.366348266601562,38764
2022-04-08 00:00:00+02:00,29.3663501997263,29.4696484706553,29.100724466099273,29.174510955810547,46218
2022-04-11 00:00:00+02:00,29.29256382316939,29.543432235717773,29.23353463684435,29.543432235717773,32945
2022-04-12 00:00:00+02:00,29.543432310124377,29.587701385313128,29.277806600325743,29.440134048461914,20897
2022-04-13 00:00:00+02:00,29.57294328753269,29.57294328753269,29.263045725769373,29.513914108276367,21744
2022-04-14 00:00:00+02:00,29.513918925349646,29.513918925349646,29.218778610229492,29.218778610229492,19794
2022-04-19 00:00:00+02:00,29.21877390270069,29.425373215865587,29.071206583582292,29.410615921020508,48021
2022-04-20 00:00:00+02:00,29.410616605077674,29.528672151917945,29.144990921020508,29.144990921020508,16626
2022-04-21 00:00:00+02:00,29.218777354293625,29.41061939527561,28.672771453857422,28.672771453857422,76148
2022-04-22 00:00:00+02:00,28.805585184535925,28.864611558017927,28.200550079345703,28.200550079345703,84936
2022-04-25 00:00:00+02:00,28.42190335321788,28.42190335321788,27.521727954111842,27.58075714111328,119239
2022-04-26 00:00:00+02:00,27.669298982133174,28.25957679748535,27.669298982133174,28.25957679748535,40145
2022-04-27 00:00:00+02:00,28.215306932862408,28.62849998474121,27.964438516507464,28.62849998474121,37285
2022-04-28 00:00:00+02:00,28.628499713330655,28.658014306661205,28.18579207203855,28.466175079345703,29287
2022-04-29 00:00:00+02:00,28.185790736268764,28.68752754044386,28.185790736268764,28.598983764648438,23744
2022-05-02 00:00:00+02:00,28.51043826331405,28.77606391906738,28.038216126270783,28.776063919067383,37257
2022-05-04 00:00:00+02:00,28.776070498215084,28.820342389184624,28.303848253206418,28.49568748474121,31143
2022-05-05 00:00:00+02:00,28.776069284317494,28.894124840589576,28.141519613855138,28.230060577392578,72649
2022-05-06 00:00:00+02:00,28.185792300807663,28.185792300807663,27.374157865629144,27.66929817199707,171519
2022-05-09 00:00:00+02:00,27.669295104774267,28.038219039504593,27.226587508964382,27.300371170043945,73808
2022-05-10 00:00:00+02:00,27.344645959796022,27.654540746843956,26.990479282598436,27.005233764648438,129600
2022-05-11 00:00:00+02:00,27.09377324349471,27.58075269916103,26.79863298535374,27.152799606323242,184695
2022-05-12 00:00:00+02:00,27.536484469282428,27.536484469282428,26.93144939302344,27.270858764648438,57083
2022-05-13 00:00:00+02:00,27.15280321430168,27.94968032836914,27.15280321430168,27.94968032836914,42512
2022-05-16 00:00:00+02:00,28.45141671631113,28.554714974429864,27.802109760707967,28.185791015625,48447
2022-05-17 00:00:00+02:00,28.28908927374373,28.392387531862465,27.934922611051032,28.185791015625,50925
2022-05-18 00:00:00+02:00,28.185788072148537,28.362869977668787,27.772592268157716,27.802106857299805,47191
2022-05-19 00:00:00+02:00,27.669296402582763,27.7430800671231,27.22658878600799,27.46269989013672,45994
2022-05-20 00:00:00+02:00,27.669293300860115,28.185787338742717,27.477454105760554,28.171030044555664,35071
2022-05-23 00:00:00+02:00,28.466173730372578,28.510442803604015,28.112004256522656,28.40714454650879,50073
2022-05-24 00:00:00+02:00,28.480926083950806,28.49568337881428,28.038218496711316,28.333358764648438,56981
2022-05-25 00:00:00+02:00,28.333357781345416,28.392384144084627,27.772591854659378,27.846378326416016,36133
2022-05-26 00:00:00+02:00,27.89065014311529,28.09724946972582,27.59551267100455,27.757837295532227,40335
2022-05-27 00:00:00+02:00,28.038217544555664,28.17103037915053,27.890647415598465,28.038217544555664,36675
2022-05-30 00:00:00+02:00,28.333360811939873,28.51044273376465,27.99394863488732,28.51044273376465,34525
2022-05-31 00:00:00+02:00,28.495684208404327,28.820339075520025,28.052976608276367,28.052976608276367,70642
2022-06-01 00:00:00+02:00,28.466174441412882,28.466174441412882,27.920165735700017,27.94968032836914,46210
2022-06-02 00:00:00+02:00,28.038223569384837,28.141521837451688,27.816869735717773,27.816869735717773,96740
2022-06-03 00:00:00+02:00,28.40714611230708,28.436660705865812,27.831625611244547,27.86113739013672,39148
2022-06-06 00:00:00+02:00,28.15627853163205,28.37763236055579,27.905410108274044,28.25957679748535,55556
2022-06-07 00:00:00+02:00,28.244814036296077,28.25957133065841,27.949676593047784,28.038217544555664,66508
2022-06-08 00:00:00+02:00,28.097249191691724,28.097249191691724,27.684053357225782,27.979190826416016,45136
2022-06-09 00:00:00+02:00,28.008707543263835,28.126763102832214,27.68405545811743,27.86113739013672,33417
2022-06-10 00:00:00+02:00,27.669296053746837,27.80210889997813,27.536483207515545,27.59551239013672,49317
2022-06-13 00:00:00+02:00,27.44794380191716,27.551242062684974,26.783879533171916,26.857666015625,124134
2022-06-14 00:00:00+02:00,27.07901691175259,27.816864768668648,26.857663117611015,27.639780044555664,128024
2022-06-15 00:00:00+02:00,27.595512669001423,27.639781741748315,27.09377587031657,27.565998077392578,37041
2022-06-17 00:00:00+02:00,27.447942851924445,27.447942851924445,26.370685577392578,26.370685577392578,204764
2022-06-20 00:00:00+02:00,26.636305677946872,27.28561255988595,26.636305677946872,26.946203231811523,44389
2022-06-21 00:00:00+02:00,27.123286432381477,27.300371159436374,26.960961815136255,27.108531951904297,49811
2022-06-22 00:00:00+02:00,27.12328868828011,27.197075170134223,26.931449464792376,27.167560577392578,52446
2022-06-23 00:00:00+02:00,27.167561213863955,27.24134488278016,27.005233764648438,27.005233764648438,58576
2022-06-24 00:00:00+02:00,27.152803281021754,27.477458171846898,27.01999042835083,27.167560577392578,64364
2022-06-27 00:00:00+02:00,27.300374207034185,27.565999919935763,27.226590537746663,27.477458953857422,48491
2022-06-28 00:00:00+02:00,27.565998848214843,27.565998848214843,27.300373145640357,27.388914108276367,43983
2022-06-29 00:00:00+02:00,27.506967205137478,27.639780044555668,27.403668955515823,27.639780044555664,50591
2022-06-30 00:00:00+02:00,27.816867902371982,27.846382495493472,27.536484897050855,27.71356964111328,69529
2022-07-01 00:00:00+02:00,27.71356899571916,27.71356899571916,27.315130441857434,27.388914108276367,52018
2022-07-04 00:00:00+02:00,27.595513088419946,27.61026756978224,27.31513009320719,27.521726608276367,29628
2022-07-05 00:00:00+02:00,27.551238110413717,27.551238110413717,26.931445820050566,27.152799606323242,64342
2022-07-06 00:00:00+02:00,27.300372210254068,27.300372210254068,26.90193367004395,26.901933670043945,82478
2022-07-07 00:00:00+02:00,26.931449184212784,27.462700589361752,26.931449184212784,27.388914108276367,49290
2022-07-08 00:00:00+02:00,27.388913970892563,27.388913970892563,26.946206345266695,27.21183204650879,90344
2022-07-11 00:00:00+02:00,27.152799606323242,27.226586078191534,26.9904749975452,27.152799606323242,76222
2022-07-12 00:00:00+02:00,27.15280321351298,27.315130658521962,27.005233064838126,27.07901954650879,66334
2022-07-13 00:00:00+02:00,27.152799844725685,27.152799844725685,26.562522137927196,26.739606857299805,103921
2022-07-14 00:00:00+02:00,26.931448539512132,26.990477722967366,26.429711738808184,26.680580139160156,109168
2022-07-15 00:00:00+02:00,26.916691596593733,26.916691596593733,26.38544019719613,26.547767639160156,88842
2022-07-18 00:00:00+02:00,26.75436492662684,27.27085904487057,26.68058125887767,27.241344451904297,81129
2022-07-19 00:00:00+02:00,27.25609785227275,27.35939891288836,26.754361102232764,27.152799606323242,168931
2022-07-20 00:00:00+02:00,27.25609785227275,27.374153392595915,27.07901594912105,27.152799606323242,148084
2022-07-21 00:00:00+02:00,27.182315687604127,27.433184076398867,27.034745550430827,27.197072982788086,153894
2022-07-22 00:00:00+02:00,27.547799681272693,27.962292386001415,27.34055180855949,27.579681396484375,153812
2022-07-25 00:00:00+02:00,27.65939256292089,27.8347526344411,27.49997182824084,27.73910140991211,80473
2022-07-26 00:00:00+02:00,27.739103202787884,27.739103202787884,27.101423263549805,27.101423263549805,99393
2022-07-27 00:00:00+02:00,27.292727641528963,27.292727641528963,27.02171329842817,27.228958129882812,50655
2022-07-28 00:00:00+02:00,27.372438041321082,27.452146894697428,27.14925081930904,27.340553283691406,69597
2022-07-29 00:00:00+02:00,27.420261230965657,28.23330114861067,27.26084050646172,28.16953468322754,89855
2022-08-01 00:00:00+02:00,28.233304241752183,28.456494496788604,28.01011702741351,28.32895851135254,44190
2022-08-02 00:00:00+02:00,28.40866667733725,28.807217002307073,28.328957828622354,28.69562339782715,93565
2022-08-03 00:00:00+02:00,28.807218577101995,28.98258170269849,28.69562496652162,28.95069694519043,104924
2022-08-04 00:00:00+02:00,28.982583579764484,29.014468339337572,28.456497209600688,28.663742065429688,52809
2022-08-05 00:00:00+02:00,28.695623850743896,29.126058938272507,28.695623850743896,29.01446533203125,70433
2022-08-08 00:00:00+02:00,29.01446433611861,29.636201858520508,29.01446433611861,29.636201858520508,92404
2022-08-09 00:00:00+02:00,29.6680893060466,29.811567676651816,29.444899040272986,29.76374053955078,76336
2022-08-10 00:00:00+02:00,29.74779691879657,29.74779691879657,28.79127550158781,29.25359535217285,64894
2022-08-11 00:00:00+02:00,29.365188528889163,29.5086668913987,29.01446533203125,29.01446533203125,37296
2022-08-12 00:00:00+02:00,29.014464118505064,29.460838524800543,28.711565028020566,28.775331497192383,64256
2022-08-16 00:00:00+02:00,29.014466063264976,29.014466063264976,28.72750933101391,28.855045318603516,90101
2022-08-17 00:00:00+02:00,28.934752615549296,29.22170933237849,28.61591418405946,28.743450164794922,104977
2022-08-18 00:00:00+02:00,28.870987697139444,28.93475417058535,28.5362038292806,28.855045318603516,19115
2022-08-19 00:00:00+02:00,28.918810538971208,28.918810538971208,28.36084251788005,28.408666610717773,19556
2022-08-22 00:00:00+02:00,28.520260281817173,28.69562339782715,28.328957828622354,28.69562339782715,57853
2022-08-23 00:00:00+02:00,28.66373700517497,28.66373700517497,28.21736261274618,28.29707145690918,48479
2022-08-24 00:00:00+02:00,28.297074882315616,28.568089242253034,28.07388765908405,28.26519012451172,32405
2022-08-25 00:00:00+02:00,28.376780626626637,28.504316603169098,28.073884582774248,28.10576629638672,36232
2022-08-26 00:00:00+02:00,28.233306511091367,28.313018408832086,28.137655274500492,28.21736717224121,54218
2022-08-29 00:00:00+02:00,28.1695373083421,28.1695373083421,27.531857391598464,27.94635009765625,67089
2022-08-30 00:00:00+02:00,27.898520563842673,28.169534885233613,27.40431905096417,27.563739776611328,68660
2022-08-31 00:00:00+02:00,27.64345049705515,27.818813611250132,27.420263290405273,27.420263290405273,33021
2022-09-01 00:00:00+02:00,27.48403046592605,27.48403046592605,27.18113136291504,27.18113136291504,45428
2022-09-02 00:00:00+02:00,27.181130996148198,27.579681321843612,27.13330690311126,27.228958129882812,35962
2022-09-05 00:00:00+02:00,27.49997115663832,28.07388457119137,27.2927263351039,28.04199981689453,64923
2022-09-06 00:00:00+02:00,28.026057222640155,28.026057222640155,27.22895661557906,27.260841369628906,28841
2022-09-07 00:00:00+02:00,27.356496463814615,27.675337968054983,27.228960470258055,27.611568450927734,16289
2022-09-08 00:00:00+02:00,27.73910368200811,27.898524429746228,27.292729237178794,27.62751007080078,31339
2022-09-09 00:00:00+02:00,27.73910158738433,28.488378132965074,27.73910158738433,28.456493377685547,34185
2022-09-12 00:00:00+02:00,28.520262125220903,28.599974019785638,28.137654153403773,28.34490203857422,30115
2022-09-13 00:00:00+02:00,28.44055080776946,28.44055080776946,27.675334930419922,27.675334930419922,23395
2022-09-14 00:00:00+02:00,27.67533449919226,27.866636945200035,27.499971389770508,27.499971389770508,32969
2022-09-15 00:00:00+02:00,27.579681396484375,27.691278042167163,27.38837894242354,27.579681396484375,21161
2022-09-16 00:00:00+02:00,27.62750882836823,27.70721767830379,27.18113136291504,27.18113136291504,58318
2022-09-19 00:00:00+02:00,27.324610904876568,27.723161253153986,27.26084443031506,27.340553283691406,40515
2022-09-20 00:00:00+02:00,27.49997210321576,27.77098644267246,27.18113063066754,27.276784896850586,22357
2022-09-21 00:00:00+02:00,27.18113211569289,27.308668103540505,27.02171441140672,27.101423263549805,50033
2022-09-22 00:00:00+02:00,27.02171441140672,27.32461048210868,26.973887275702186,27.101423263549805,39844
2022-09-23 00:00:00+02:00,27.11736481249787,27.181131284121925,26.702872104499523,26.76664161682129,51229
2022-09-26 00:00:00+02:00,26.862293092383275,26.862293092383275,25.746350942040646,26.144901275634766,110677
2022-09-27 00:00:00+02:00,26.144900115824676,26.463741584834988,25.98547938131952,26.0651912689209,67382
2022-09-28 00:00:00+02:00,25.905771319931663,26.19272804260254,25.507220991932716,26.19272804260254,138131
2022-09-29 00:00:00+02:00,26.22461053926037,26.607218456292518,25.905769088051535,26.304319381713867,56552
2022-09-30 00:00:00+02:00,26.30432086050636,26.384029707440973,25.65069858541019,26.128957748413086,75196
2022-10-03 00:00:00+02:00,26.033308734855,26.128959967439332,25.140556802439598,25.666643142700195,99106
2022-10-04 00:00:00+02:00,26.049250069739276,26.511566875949782,25.98548055677356,26.224613189697266,39011
2022-10-05 00:00:00+02:00,26.288381140055407,26.30432351919321,25.82606430785068,25.905773162841797,41796
2022-10-06 00:00:00+02:00,26.01736490130372,26.256494489743368,25.953598430045403,26.11301612854004,35325
2022-10-07 00:00:00+02:00,26.128958897407273,26.463742758789156,26.001422912285065,26.144901275634766,51009
2022-10-10 00:00:00+02:00,26.144900336267305,26.30432107211663,25.41156768798828,25.41156768798828,47889
2022-10-11 00:00:00+02:00,25.682583469791105,25.682583469791105,24.965191680976645,25.092727661132812,73160
2022-10-12 00:00:00+02:00,25.10867204467887,25.810121511925615,25.04490404950634,25.666643142700195,71784
2022-10-13 00:00:00+02:00,25.586931661481504,25.98548201783292,25.284034059607972,25.905773162841797,101242
2022-10-14 00:00:00+02:00,25.98548157824699,26.097078230323795,25.507222374994978,25.586931228637695,43024
2022-10-17 00:00:00+02:00,25.602871258236682,25.873885592731177,25.29997368928043,25.34779930114746,45802
2022-10-18 00:00:00+02:00,25.74635236414128,25.74635236414128,25.44345476283269,25.555049896240234,29093
2022-10-19 00:00:00+02:00,25.50722152467758,25.555048659687543,25.108671188354492,25.108671188354492,43551
2022-10-20 00:00:00+02:00,25.268093478633453,25.49128070762078,24.9173687354904,25.188383102416992,138830
2022-10-21 00:00:00+02:00,25.268091931023278,25.268091931023278,24.83765683802688,25.108671188354492,26879
2022-10-24 00:00:00+02:00,25.33186147553683,25.347802334500944,25.04490472929715,25.188383102416992,41849
2022-10-25 00:00:00+02:00,25.23620454108729,25.778233185184725,25.18837893141655,25.268089294433594,42916
2022-10-26 00:00:00+02:00,25.284032850528735,25.87388716728019,25.268091992502175,25.42751121520996,64181
2022-10-27 00:00:00+02:00,25.49127929055964,26.08113512956197,25.47533691213279,25.82606315612793,45333
2022-10-28 00:00:00+02:00,25.921713534016373,25.921713534016373,25.443452839372203,25.4753360748291,67950
2022-10-31 00:00:00+01:00,25.50722089623197,25.905771222735595,25.475336140344236,25.762292861938477,111327
2022-11-02 00:00:00+01:00,25.889828308521718,26.81446492522972,25.889828308521718,26.702871322631836,85230
2022-11-03 00:00:00+01:00,26.591277720033947,26.910116150213966,26.415914606981485,26.702871322631836,73698
2022-11-04 00:00:00+01:00,26.86229150191534,27.499971389770508,26.782579615497472,27.499971389770508,42958
2022-11-07 00:00:00+01:00,27.53185689373021,27.898522459140047,27.18113066534025,27.420263290405273,52522
2022-11-08 00:00:00+01:00,27.595625409635332,28.217366023918892,27.49997417693704,28.20142364501953,53174
2022-11-09 00:00:00+01:00,28.233305337811082,28.568089213013646,27.866639745535114,28.057945251464844,97219
2022-11-10 00:00:00+01:00,28.137651601986274,28.85504338452914,28.01011562294505,28.775331497192383,65203
2022-11-14 00:00:00+01:00,28.950697682666164,29.397075177056298,28.536204946596307,28.791276931762695,112182
2022-11-15 00:00:00+01:00,29.2695379472802,29.333304420527497,28.233304630557104,28.360843658447266,81544
2022-11-16 00:00:00+01:00,27.4999720383124,28.599971771240234,27.4999720383124,28.599971771240234,97333
2022-11-17 00:00:00+01:00,28.536202754911937,28.59997226665476,27.356494153948837,27.436203002929688,47819
2022-11-18 00:00:00+01:00,27.723160477234526,27.739102855603168,27.19707415386042,27.292728424072266,59104
2022-11-21 00:00:00+01:00,27.579682457803916,27.579682457803916,26.84635128785457,27.101423263549805,46369
2022-11-22 00:00:00+01:00,27.101420387989165,27.72315788269043,27.021711544303482,27.72315788269043,32774
2022-11-23 00:00:00+01:00,27.499971791954646,27.755043750827113,27.26084221059891,27.595623016357422,39008
2022-11-24 00:00:00+01:00,27.64345254633341,28.20142364501953,27.595625409635332,28.20142364501953,37891
2022-11-25 00:00:00+01:00,28.18547785880198,28.59997053798407,27.89852115469919,28.29707145690918,27956
2022-11-28 00:00:00+01:00,28.29707065469121,28.376779496594473,27.675333173892998,28.16953468322754,44485
2022-11-29 00:00:00+01:00,28.137655256139503,28.137655256139503,27.818816787478642,28.073888778686523,29656
2022-11-30 00:00:00+01:00,28.105769376190086,28.328959640119514,27.85069739515462,28.26519012451172,69805
2022-12-01 00:00:00+01:00,28.376781954347972,28.870986547183687,28.217364256734047,28.839101791381836,73810
2022-12-02 00:00:00+01:00,28.823157734198464,28.823157734198464,28.21736261274618,28.29707145690918,54439
2022-12-05 00:00:00+01:00,28.297074882315616,28.297074882315616,28.04200290128015,28.26519012451172,33171
2022-12-06 00:00:00+01:00,28.297071821473885,28.360841330183852,28.041999868029077,28.249244689941406,29671
2022-12-07 00:00:00+01:00,28.233305841807958,28.886931224995415,28.15359698665476,28.870988845825195,72669
2022-12-08 00:00:00+01:00,28.855042968278795,28.870985345516168,28.392723150487598,28.61591339111328,52408
2022-12-09 00:00:00+01:00,28.536204479812486,28.647798091410138,28.105769371623374,28.20142364501953,41904
2022-12-12 00:00:00+01:00,28.105767125389335,28.568086954428214,27.89852229765655,28.376781463623047,52111
2022-12-13 00:00:00+01:00,28.31301767642025,28.80721926683657,28.1695393048965,28.50432014465332,39781
2022-12-14 00:00:00+01:00,28.520261361914404,28.520261361914404,28.233304630557104,28.360843658447266,26488
2022-12-15 00:00:00+01:00,28.45649635093744,28.504320448155962,27.818816382207608,27.89852523803711,54089
2022-12-16 00:00:00+01:00,27.818814747446375,27.9941748281059,27.292728424072266,27.292728424072266,127421
2022-12-19 00:00:00+01:00,27.499975296064676,28.21736717224121,27.452148157420247,28.21736717224121,44256
2022-12-20 00:00:00+01:00,28.249244325992883,28.488376939876872,28.137650727885685,28.29707145690918,38898
2022-12-21 00:00:00+01:00,28.29707260651108,28.536202189412496,28.29707260651108,28.31301498413086,42418
2022-12-22 00:00:00+01:00,28.313016140188843,28.695624096593022,28.217364911262237,28.392724990844727,52315
2022-12-23 00:00:00+01:00,28.37678214929572,28.472436417358423,27.946350105804328,28.010116577148438,34728
2022-12-27 00:00:00+01:00,28.07388557333503,28.169536798942456,27.420263290405273,27.420263290405273,54119
2022-12-28 00:00:00+01:00,27.420262544050193,27.70721621306185,27.27678418919559,27.499971389770508,82482
2022-12-29 00:00:00+01:00,27.499972259215973,28.281130526623027,27.499972259215973,27.97823143005371,56000
2022-12-30 00:00:00+01:00,27.88257991048974,28.440550964391452,27.81881344070825,28.31301498413086,120391
2023-01-02 00:00:00+01:00,28.440550254417523,28.807215808426303,28.233302391231664,28.53620147705078,46371
2023-01-03 00:00:00+01:00,28.536203835246884,29.094174921329753,28.392725469091353,28.918811798095703,66675
2023-01-04 00:00:00+01:00,28.966637782496676,29.189824991780608,28.855044177854708,28.902868270874023,61925
2023-01-05 00:00:00+01:00,28.934749361773154,29.492720355007346,28.743446932531157,29.33329963684082,65451
2023-01-09 00:00:00+01:00,29.38112986269108,29.652144199942995,29.205766750146427,29.49272346496582,46600
2023-01-10 00:00:00+01:00,29.492726222420725,30.11446380219438,29.413017367828477,30.050697326660156,86346
2023-01-11 00:00:00+01:00,30.034751368266893,30.034751368266893,29.508665084838867,29.508665084838867,63766
2023-01-12 00:00:00+01:00,29.508666705069103,30.210116135053415,29.508666705069103,29.970983505249023,69476
2023-01-13 00:00:00+01:00,30.19417522589938,30.19417522589938,29.492725761791114,29.52461051940918,89926
2023-01-16 00:00:00+01:00,29.65214379457632,29.92315812812327,29.36518708367984,29.397071838378906,36148
2023-01-17 00:00:00+01:00,29.365190857541418,29.55649636962385,29.09417648916511,29.173885345458984,37285
2023-01-18 00:00:00+01:00,29.28548158215723,29.33330567896998,28.855046466654972,28.870988845825195,110495
2023-01-19 00:00:00+01:00,28.902869864271604,29.333304969361105,28.83910338983122,29.301420211791992,65175
2023-01-20 00:00:00+01:00,29.397072930529383,29.397072930529383,29.1260585869138,29.1898250579834,28159
2023-01-23 00:00:00+01:00,29.0941753938799,29.492725741741268,29.0941753938799,29.44489860534668,24827
2023-01-24 00:00:00+01:00,29.49272346496582,29.970982629199735,29.349245107556122,29.49272346496582,51929
2023-01-25 00:00:00+01:00,29.49272346496582,29.49272346496582,29.110115525439166,29.49272346496582,59488
2023-01-26 00:00:00+01:00,29.492726871815382,29.731856481555376,29.157946026318985,29.317363739013672,28027
2023-01-27 00:00:00+01:00,29.460840189564166,29.460840189564166,29.157944122661306,29.25359535217285,32056
2023-01-30 00:00:00+01:00,29.317362139483784,29.317362139483784,28.918811798095703,28.918811798095703,49841
2023-01-31 00:00:00+01:00,28.91881163361967,30.050696177887062,28.886929917420275,30.034753799438477,84540
2023-02-01 00:00:00+01:00,30.03475213946965,30.03475213946965,29.333302729988645,29.49272346496582,60782
2023-02-02 00:00:00+01:00,29.73185543688644,30.130405786015476,29.5246105932464,29.955045700073242,71602
2023-02-03 00:00:00+01:00,30.050695551852446,31.42170662219355,29.827505298919654,30.68837547302246,206470
2023-02-06 00:00:00+01:00,30.68837845894906,30.768087316589206,29.731856963777282,30.130407333374023,72156
2023-02-07 00:00:00+01:00,29.92316133489382,30.11446380219438,29.652146972303118,30.050697326660156,94003
2023-02-08 00:00:00+01:00,30.050697326660156,30.401420543843106,29.970985431370014,30.050697326660156,52260
2023-02-09 00:00:00+01:00,30.130401597669696,30.672430240395073,30.066635131835938,30.066635131835938,57908
2023-02-10 00:00:00+01:00,30.13040424488605,30.22605547238919,29.636202688639187,29.970983505249023,31026
2023-02-13 00:00:00+01:00,30.162289786329385,30.162289786329385,29.89127543409898,30.034753799438477,20192
2023-02-14 00:00:00+01:00,30.13040267107132,30.32170815678275,29.652143517839054,29.795621871948242,34190
2023-02-15 00:00:00+01:00,29.891273745247428,29.891273745247428,29.349245071411133,29.349245071411133,54405
2023-02-16 00:00:00+01:00,29.39707345304951,29.98692624389284,29.39707345304951,29.859390258789062,34735
2023-02-17 00:00:00+01:00,29.524607056127245,29.684027784819442,29.413013458251953,29.413013458251953,22265
2023-02-20 00:00:00+01:00,29.620256321401108,29.76373466368125,29.33329963684082,29.33329963684082,29337
2023-02-21 00:00:00+01:00,29.31735915474838,29.4448951293805,29.237650310864865,29.269535064697266,20255
2023-02-22 00:00:00+01:00,29.25359489899834,29.31736137078563,28.93475341796875,28.93475341796875,44510
2023-02-23 00:00:00+01:00,29.33330420331618,29.604318554180367,29.173883460331762,29.25359535217285,16892
2023-02-24 00:00:00+01:00,29.333303880186143,29.63620298445009,29.26953740811347,29.572433471679688,19138
2023-02-27 00:00:00+01:00,29.588375450236004,29.636202584167826,29.34924586197227,29.476781845092773,13266
2023-02-28 00:00:00+01:00,29.46083721085097,29.652142691229393,29.33330123749783,29.5883731842041,35442
2023-03-01 00:00:00+01:00,29.65214431697651,29.98692512512207,29.620259561715706,29.98692512512207,24143
2023-03-02 00:00:00+01:00,30.00287018948607,30.050697326660156,29.604319835129033,30.050697326660156,24238
2023-03-03 00:00:00+01:00,29.81156768070501,29.9072189142222,29.65214693104444,29.82750701904297,24875
2023-03-06 00:00:00+01:00,29.811568862115436,30.178234472376914,29.620263346801874,30.130407333374023,36312
2023-03-07 00:00:00+01:00,29.89127318396907,30.178229893046783,29.89127318396907,30.146345138549805,17650
2023-03-08 00:00:00+01:00,29.939101346777832,30.194173310142908,29.668087005615234,29.668087005615234,19893
2023-03-09 00:00:00+01:00,29.970980872039156,30.1144592210369,29.859387276307007,30.066635131835938,16442
2023-03-10 00:00:00+01:00,30.09851795632536,30.09851795632536,29.57243167079772,29.93910026550293,40398
2023-03-13 00:00:00+01:00,29.572433471679688,29.859390197751033,29.0941742886926,29.572433471679688,51104
2023-03-14 00:00:00+01:00,29.49272230224931,29.652143030941506,29.22170797568182,29.413013458251953,18232
2023-03-15 00:00:00+01:00,29.41301753012003,29.476784006006092,28.53620492127784,28.58403205871582,58902
2023-03-16 00:00:00+01:00,28.695623827545415,28.998522930453753,28.599972599515624,28.93475341796875,21281
2023-03-17 00:00:00+01:00,29.492722825476,29.492722825476,28.504316722607182,28.53620147705078,64839
2023-03-20 00:00:00+01:00,28.536201477050785,28.8231581856481,28.217363054707405,28.53620147705078,37493
2023-03-21 00:00:00+01:00,28.855044986375766,29.349246552508195,28.855044986375766,29.110116958618164,39025
2023-03-22 00:00:00+01:00,29.333304938869208,29.333304938869208,29.030405823673178,29.094175338745117,22874
2023-03-23 00:00:00+01:00,29.333303772620884,29.333303772620884,28.855044591387575,29.01446533203125,27960
2023-03-24 00:00:00+01:00,28.8550464005435,28.8550464005435,28.392726527760043,28.440553665161133,30041
2023-03-27 00:00:00+02:00,28.695626825002773,28.791278063024,28.440554829814147,28.663742065429688,20132
2023-03-28 00:00:00+02:00,28.536202225186738,28.695622960886745,28.40866624476626,28.456493377685547,19358
2023-03-29 00:00:00+02:00,28.66373820560722,28.66373820560722,28.456493377685547,28.456493377685547,23721
2023-03-30 00:00:00+02:00,28.456494894919,28.679682112380252,28.408667759449678,28.424610137939453,60382
2023-03-31 00:00:00+02:00,28.456494175215965,28.69562376511908,28.424609419042827,28.647796630859375,40246
2023-04-03 00:00:00+02:00,28.647796954593826,28.791275318296616,28.153595391116298,28.32895851135254,78021
2023-04-04 00:00:00+02:00,28.456496044294827,28.5362048992654,28.40866890689374,28.440553665161133,51300
2023-04-05 00:00:00+02:00,28.58402735065882,28.58402735065882,27.97822920568333,28.16953468322754,46553
2023-04-06 00:00:00+02:00,28.28113092193071,28.29707329994116,27.946350105804328,28.010116577148438,46234
2023-04-11 00:00:00+02:00,28.376780745530322,28.679679831349443,28.376780745530322,28.53620147705078,85627
2023-04-12 00:00:00+02:00,28.5362049430704,28.839104065679773,28.5362049430704,28.727510452270508,98301
2023-04-13 00:00:00+02:00,28.74344940740891,28.839100630265705,28.615913430034006,28.75939178466797,49680
2023-04-14 00:00:00+02:00,28.85504338452914,28.902867476233602,28.74344978295527,28.775331497192383,44441
2023-04-17 00:00:00+02:00,28.85504416928276,28.982580151792504,28.80721703557998,28.839101791381836,48050
2023-04-18 00:00:00+02:00,28.855044568060208,28.982580552332504,28.823159811817707,28.93475341796875,88861
2023-04-19 00:00:00+02:00,28.93475341796875,29.04634702411979,28.855044568060208,28.93475341796875,155561
2023-04-20 00:00:00+02:00,28.855044568060208,29.34924612702813,28.855044568060208,28.93475341796875,68353
2023-04-21 00:00:00+02:00,29.094176116158675,29.205769729818574,29.078233736964698,29.15794563293457,78277
2023-04-24 00:00:00+02:00,29.094173039317752,29.17388188616013,28.95069468244339,29.062288284301758,53577
2023-04-25 00:00:00+02:00,29.157942475013638,29.157942475013638,28.775331497192383,28.775331497192383,65166
2023-04-26 00:00:00+02:00,28.775333398433816,28.98258127850506,28.69562454652813,28.711566925048828,73243
2023-04-27 00:00:00+02:00,28.743451715559452,29.12605967840827,28.743451715559452,28.918811798095703,54083
2023-04-28 00:00:00+02:00,28.91880948705396,29.030403087212992,28.7593917957968,28.823158264160156,51233
2023-05-02 00:00:00+02:00,28.96663549353297,29.25359219176404,28.87098427435509,28.886926651000977,130272
2023-05-04 00:00:00+02:00,29.04634704760181,29.17388303197721,28.88692934765585,29.01446533203125,73798
2023-05-05 00:00:00+02:00,29.01446378957469,29.09417263531022,28.886927811979316,28.966636657714844,67476
2023-05-08 00:00:00+02:00,29.0941753938799,29.476783362943074,28.982581782990373,29.44489860534668,47991
2023-05-09 00:00:00+02:00,29.444897089138227,29.87533217243156,29.30141872804045,29.476781845092773,72228
2023-05-10 00:00:00+02:00,29.492725032556557,29.71591224896883,29.413016181180105,29.684030532836914,24231
2023-05-11 00:00:00+02:00,29.684028560148764,29.85938862966274,29.36518709443642,29.460838317871094,31625
2023-05-12 00:00:00+02:00,29.41301421572844,29.572431907828648,29.157942259531026,29.397071838378906,27425
2023-05-15 00:00:00+02:00,29.173884267006123,29.572434615138437,29.173884267006123,29.52461051940918,39701
2023-05-16 00:00:00+02:00,29.50866467918828,29.779679005755764,29.269535106498726,29.413013458251953,42751
2023-05-17 00:00:00+02:00,29.492723418574958,29.604317020674166,29.173881949122134,29.285478591918945,33717
2023-05-18 00:00:00+02:00,29.492722260129103,29.58837348092882,29.189823180116264,29.269535064697266,39937
2023-05-19 00:00:00+02:00,29.556491810005184,29.652143030941506,29.413013458251953,29.413013458251953,71889
2023-05-22 00:00:00+02:00,29.60431752826288,29.8593894919195,29.492723924250313,29.811565399169922,23680
2023-05-23 00:00:00+02:00,29.859388040199683,30.13040236849573,29.79562157273459,30.114459991455078,28443
2023-05-24 00:00:00+02:00,29.891273828421546,29.98692505327716,29.52460826589367,29.699968338012695,28669
2023-05-25 00:00:00+02:00,29.699968328170584,29.827504308168347,29.508665878522745,29.636201858520508,37473
2023-05-26 00:00:00+02:00,29.65214624945054,30.289826192737017,29.65214624945054,30.21011734008789,42385
2023-05-29 00:00:00+02:00,30.210115477258928,30.592723419638283,30.210115477258928,30.417360305786133,30915
2023-05-30 00:00:00+02:00,30.417358384966278,30.433300761645878,30.210113569526335,30.353591918945312,25037
2023-05-31 00:00:00+02:00,30.289822787780874,30.72025784137463,29.93909961857345,30.369531631469727,98761
2023-06-01 00:00:00+02:00,30.36953356342367,30.528954301640383,30.305767092555588,30.44924545288086,21552
2023-06-02 00:00:00+02:00,30.513014619701146,30.656492992703335,30.44924814319903,30.64055061340332,22234
2023-06-05 00:00:00+02:00,30.52895198102605,30.768081549825194,30.289822412226904,30.353591918945312,33653
2023-06-06 00:00:00+02:00,30.481133266942166,30.576784503190147,30.353597271712196,30.465190887451172,58756
2023-06-07 00:00:00+02:00,30.417358762101525,30.560837113299442,30.30576516465814,30.369531631469727,22543
2023-06-09 00:00:00+02:00,30.624604803124928,30.624604803124928,30.369532844297158,30.608665466308594,26558
2023-06-12 00:00:00+02:00,30.624604803124928,30.84779504762243,30.449244731866834,30.608665466308594,33842
2023-06-13 00:00:00+02:00,30.83185456962559,30.83185456962559,30.401419472323486,30.528955459594727,18612
2023-06-14 00:00:00+02:00,30.38547640095751,30.83185386657715,30.38547640095751,30.83185386657715,40862
2023-06-15 00:00:00+02:00,30.768085474398735,30.92750622083197,30.48113177965631,30.70431900024414,56642
2023-06-16 00:00:00+02:00,30.704314429080267,30.831850399100126,30.528951330041448,30.720256805419922,61088
2023-06-19 00:00:00+02:00,30.75214611038718,30.879682099286388,30.560840606689453,30.560840606689453,22681
2023-06-20 00:00:00+02:00,30.60866658404671,30.704317811925623,30.241997969231733,30.481130599975586,49778
2023-06-21 00:00:00+02:00,30.465185892733324,30.52895235954491,30.337649918412673,30.369531631469727,37681
2023-06-22 00:00:00+02:00,30.385477093827358,30.62460668987371,30.36953471533123,30.528955459594727,27131
2023-06-23 00:00:00+02:00,30.56083825993535,30.576780637410767,30.178230322618028,30.32170867919922,31268
2023-06-26 00:00:00+02:00,29.92315904588348,30.24199748056042,29.89127429020649,30.018810272216797,45141
2023-06-27 00:00:00+02:00,30.018811392654317,30.146347379424842,29.89127540588379,29.89127540588379,45655
2023-06-28 00:00:00+02:00,29.90721856352653,30.09852102831767,29.90721856352653,29.955045700073242,43535
2023-06-29 00:00:00+02:00,29.955044167913247,30.210116135053415,29.891274655779355,29.970983505249023,44803
2023-06-30 00:00:00+02:00,30.114465740637087,30.337656021118164,29.811569641131058,30.337656021118164,43423
2023-07-03 00:00:00+02:00,30.30576977019684,30.75214726850342,30.050697782792493,30.64055061340332,39853
2023-07-04 00:00:00+02:00,30.640546165731138,31.134750730200793,30.608664452456885,31.086923599243164,55632
2023-07-05 00:00:00+02:00,31.086926235846416,31.310113451183057,30.927505493164062,30.927505493164062,34668
2023-07-06 00:00:00+02:00,31.039099152230378,31.230404651905538,30.784027179795338,31.15069580078125,32178
2023-07-07 00:00:00+02:00,31.150694694423404,31.389824280001033,31.118809938827013,31.341997146606445,23619
2023-07-10 00:00:00+02:00,31.357941355614642,31.357941355614642,30.911563873291016,30.911563873291016,24514
2023-07-11 00:00:00+02:00,31.08692628732361,31.24634703026995,30.9753326794705,31.15069580078125,20190
2023-07-12 00:00:00+02:00,31.166636296032866,31.405768939683075,31.023157926121893,31.294172286987305,39008
2023-07-13 00:00:00+02:00,31.405769722013225,31.421709060668945,31.310115445891206,31.421709060668945,29964
2023-07-14 00:00:00+02:00,31.421709060668945,31.533305716144636,31.29417306653754,31.421709060668945,41328
2023-07-17 00:00:00+02:00,31.421707266371367,32.17098384971759,31.421707266371367,31.995620727539062,108737
2023-07-18 00:00:00+02:00,32.107214335944384,32.28257745812291,31.804318267615017,31.995620727539062,204422
2023-07-19 00:00:00+02:00,32.04344641450384,32.5057632056717,32.04344641450384,32.31446075439453,111061
2023-07-20 00:00:00+02:00,32.36228558252724,32.47388222912299,31.884026402764853,32.218807220458984,157729
2023-07-21 00:00:00+02:00,32.338389696543686,33.175463298983296,32.338389696543686,32.62880325317383,136222
2023-07-24 00:00:00+02:00,32.62880604262866,32.62880604262866,32.37255953154268,32.54338836669922,47625
2023-07-25 00:00:00+02:00,32.628805097412844,32.628805097412844,32.37255859375,32.37255859375,31303
2023-07-26 00:00:00+02:00,32.3725617852714,32.42380913604566,32.0992317199707,32.0992317199707,36185
2023-07-27 00:00:00+02:00,32.28714543386239,32.37256311925832,31.894233856095727,32.082149505615234,94642
2023-07-28 00:00:00+02:00,32.03089572372247,32.49214140414836,32.03089572372247,32.35547637939453,42804
2023-07-31 00:00:00+02:00,32.35547421322026,32.62880424442869,32.28714007624266,32.47505569458008,51839
2023-08-01 00:00:00+02:00,32.47505174115239,32.71421467475695,32.37255380651481,32.526302337646484,57457
2023-08-02 00:00:00+02:00,32.4579762087961,32.4579762087961,32.0992317199707,32.0992317199707,44354
2023-08-03 00:00:00+02:00,32.099229842604046,32.32130928579048,32.01381216572372,32.116310119628906,39989
2023-08-04 00:00:00+02:00,32.45797463206001,32.59463965807147,32.20172811558241,32.25297546386719,59763
2023-08-07 00:00:00+02:00,32.25297401990821,32.25297401990821,31.620899524784733,31.757564544677734,85951
2023-08-08 00:00:00+02:00,31.86006451313979,32.013813077552285,31.450069427490234,31.450069427490234,71338
2023-08-09 00:00:00+02:00,31.450068841330378,31.842980383794284,31.432985305786133,31.432985305786133,36728
2023-08-10 00:00:00+02:00,31.518399604269277,31.75756255954442,31.467149003131365,31.50131607055664,24299
2023-08-11 00:00:00+02:00,31.484235763549805,31.484235763549805,31.210905712836777,31.484235763549805,50479
2023-08-14 00:00:00+02:00,31.43298569509301,31.501319838116327,31.040074147762777,31.245073318481445,44559
2023-08-16 00:00:00+02:00,31.176735434428913,31.279233378313446,30.937572479248047,30.937572479248047,57764
2023-08-17 00:00:00+02:00,30.920488581199184,31.31340007675253,30.920488581199184,31.125484466552734,37031
2023-08-18 00:00:00+02:00,31.091320848336245,31.313400268554688,30.90340523698542,31.313400268554688,69819
2023-08-21 00:00:00+02:00,31.4329839237708,31.484234528150193,31.19382095336914,31.19382095336914,15705
2023-08-22 00:00:00+02:00,31.26214947623872,31.364650677266344,31.091320657894375,31.125484466552734,15209
2023-08-23 00:00:00+02:00,31.125484657203863,31.330483802163933,30.954655837813153,31.313400268554688,31872
2023-08-24 00:00:00+02:00,31.09132194519043,31.34756844166735,31.09132194519043,31.09132194519043,26398
2023-08-25 00:00:00+02:00,31.245070777428,31.55256462097168,31.022988089014717,31.55256462097168,23237
2023-08-28 00:00:00+02:00,31.450066673123786,31.67214936153707,31.39881607002433,31.55256462097168,20073
2023-08-29 00:00:00+02:00,31.381738125590147,31.77464967015855,31.381738125590147,31.620901107788086,33048
2023-08-30 00:00:00+02:00,31.706316114949693,31.774650258758513,31.450069592369243,31.637985229492188,19095
2023-08-31 00:00:00+02:00,31.48423411730738,31.655066204658393,31.364652633666992,31.364652633666992,51536
2023-09-01 00:00:00+02:00,31.62090057469056,31.928397694247383,31.535482897951884,31.860063552856445,19091
2023-09-04 00:00:00+02:00,31.877149005444263,32.150479070744964,31.877149005444263,32.0992317199707,32104
2023-09-05 00:00:00+02:00,32.11630965043558,32.252974673096325,31.911313745620042,32.0308952331543,39142
2023-09-06 00:00:00+02:00,31.877147034484725,31.945481175760506,31.3134034023643,31.603816986083984,64697
2023-09-07 00:00:00+02:00,31.347570473002193,31.842979963846833,31.347570473002193,31.603816986083984,42962
2023-09-08 00:00:00+02:00,31.603817739427303,31.894231330069605,31.518403319147737,31.80881690979004,40761
2023-09-11 00:00:00+02:00,31.860061097834677,31.9796425777031,31.467149590166727,31.518400192260742,20452
2023-09-12 00:00:00+02:00,31.450067842716603,31.689230816039558,31.450067842716603,31.586732864379883,29910
2023-09-13 00:00:00+02:00,31.535482083278065,31.689230639084602,31.381736785822643,31.39881706237793,28776
2023-09-14 00:00:00+02:00,31.415899604390816,31.706313171919025,31.415899604390816,31.55256462097168,43161
2023-09-15 00:00:00+02:00,31.586731288647385,31.774646905941733,31.159652709960938,31.159652709960938,111070
2023-09-18 00:00:00+02:00,31.227986047856223,31.50131607055664,31.227986047856223,31.50131607055664,24146
2023-09-19 00:00:00+02:00,31.50131720780075,31.50131720780075,30.766741523392525,31.29631805419922,62673
2023-09-20 00:00:00+02:00,31.17673864190984,31.672151395296723,31.17673864190984,31.484235763549805,22880
2023-09-21 00:00:00+02:00,31.484232937277092,31.655065018225308,31.159652309310573,31.33048439025879,24836
2023-09-22 00:00:00+02:00,31.33048537087598,31.84297837141029,31.262151233017523,31.740480422973633,23212
2023-09-25 00:00:00+02:00,31.689228424693873,31.84297696975672,31.467149003131365,31.50131607055664,22394
2023-09-26 00:00:00+02:00,31.381737957504637,31.672151545054316,31.330487350871902,31.432985305786133,14713
2023-09-27 00:00:00+02:00,31.432985724857055,31.60381782422583,31.22798981229555,31.26215362548828,14470
2023-09-28 00:00:00+02:00,31.262150840711715,31.398815856362603,31.142569359311064,31.34756851196289,21326
2023-09-29 00:00:00+02:00,31.45006703230423,31.996727104870892,31.381736152408923,31.928396224975586,43066
2023-10-02 00:00:00+02:00,31.911311731628476,31.911311731628476,31.33048460738977,31.535480499267578,36272
2023-10-03 00:00:00+02:00,31.603816607650565,31.603816607650565,31.210905075073242,31.210905075073242,25675
2023-10-04 00:00:00+02:00,31.193819189738633,31.43298214661854,30.937572699031463,31.142568588256836,29666
2023-10-05 00:00:00+02:00,31.14257193644796,31.398818454704635,30.954659560847077,31.057157516479492,22876
2023-10-06 00:00:00+02:00,31.262150179562855,31.33048431511863,30.92048927683676,31.074237823486328,40421
2023-10-09 00:00:00+02:00,31.074237898011933,31.36465145811862,31.074237898011933,31.33048439025879,41140
2023-10-10 00:00:00+02:00,31.41589898807271,31.672148740191847,31.313401042235625,31.518400192260742,46748
2023-10-11 00:00:00+02:00,31.518402156643102,31.808815736573976,31.432984481162755,31.774648666381836,38307
2023-10-12 00:00:00+02:00,31.774648666381836,31.825896013318893,31.637983643964436,31.774648666381836,29975
2023-10-13 00:00:00+02:00,31.825895896119185,31.87714650121866,31.706314409238214,31.842979431152344,54088
2023-10-16 00:00:00+02:00,31.89422548859867,32.97046197542286,31.89422548859867,32.748382568359375,133694
2023-10-17 00:00:00+02:00,32.79963664814082,33.17546463012695,32.76546957931907,33.17546463012695,110726
2023-10-18 00:00:00+02:00,33.192547312186555,33.295045257668725,32.150474548339844,32.150474548339844,154329
2023-10-19 00:00:00+02:00,32.44088666424353,32.86796521947319,32.38963606460968,32.78255081176758,51942
2023-10-20 00:00:00+02:00,32.902135262051495,33.004633212239824,32.799637311863165,32.88505172729492,77430
2023-10-23 00:00:00+02:00,32.88505125502542,33.00463273825298,32.731302702775395,32.79963684082031,34787
2023-10-24 00:00:00+02:00,32.61171935476778,33.15837939446422,32.5433852206303,32.816715240478516,31008
2023-10-25 00:00:00+02:00,32.88505400897543,33.56837915489427,32.85088693709166,33.51713180541992,83334
2023-10-26 00:00:00+02:00,33.05588113716001,33.67087204679289,33.05588113716001,33.24379348754883,35170
2023-10-27 00:00:00+02:00,33.312131147412835,33.65379533431651,33.1583825891413,33.34629821777344,24539
2023-10-30 00:00:00+01:00,33.34629704352268,33.687957960044,33.14129788692905,33.312129974365234,68243
2023-10-31 00:00:00+01:00,33.31213044509031,33.619627555150394,33.31213044509031,33.397544860839844,41732
2023-11-02 00:00:00+01:00,33.39754553914609,33.48296321498156,32.81671837686953,33.10713195800781,43666
2023-11-03 00:00:00+01:00,33.14129937183102,33.48296356201172,32.97046727674067,33.48296356201172,27627
2023-11-06 00:00:00+01:00,33.482959889962636,33.585457832435495,33.329211347077916,33.43170928955078,31272
2023-11-07 00:00:00+01:00,33.44879432739763,33.63670994567518,33.27796224335904,33.602542877197266,31418
2023-11-08 00:00:00+01:00,33.636708625121,33.773373635316304,33.46587654778916,33.619625091552734,42452
2023-11-09 00:00:00+01:00,33.56837351165793,33.773372650146484,33.56837351165793,33.773372650146484,30391
2023-11-10 00:00:00+01:00,33.7733758143932,33.944207902747216,33.482962241696676,33.50004577636719,34268
2023-11-13 00:00:00+01:00,33.68795695881006,33.72212402695204,32.885050407579406,32.90213394165039,27756
2023-11-14 00:00:00+01:00,33.00463333503022,33.60254402033027,32.748386829430515,33.397544860839844,40449
2023-11-15 00:00:00+01:00,33.39754688849593,33.72212755308232,33.00463533883158,33.32921600341797,42924
2023-11-16 00:00:00+01:00,33.3121294929606,33.91004016117112,33.20963154532054,33.79045867919922,86134
2023-11-17 00:00:00+01:00,33.79046180294203,34.16628981793282,33.653796774004356,34.080875396728516,61674
2023-11-20 00:00:00+01:00,34.012541797310405,35.14002911867473,34.012541797310405,34.67878341674805,88453
2023-11-21 00:00:00+01:00,34.695862804766,35.157108451547096,34.49086691176394,35.105857849121094,93354
2023-11-22 00:00:00+01:00,35.071693087247446,35.10585689625318,34.69586186302646,34.935028076171875,44818
2023-11-23 00:00:00+01:00,34.93502986842313,35.1229422318231,34.93502986842313,35.003360748291016,26822
2023-11-24 00:00:00+01:00,34.95210697614527,35.02044110816957,34.490864618384244,34.71294403076172,23877
2023-11-27 00:00:00+01:00,34.67878177614797,34.832530336183254,34.35420437905233,34.559200286865234,29952
2023-11-28 00:00:00+01:00,34.337121440416496,35.737938782103775,34.337121440416496,35.635440826416016,112180
2023-11-29 00:00:00+01:00,35.63543730008735,35.80626612321203,35.242522535188115,35.532936096191406,84099
2023-11-30 00:00:00+01:00,35.56710798846881,35.58419152476868,34.0125420270465,34.302955627441406,65451
2023-12-01 00:00:00+01:00,34.507953737601184,35.27669329721503,34.473786666058004,35.02044677734375,62774
2023-12-04 00:00:00+01:00,34.9179468581728,35.22544396807307,34.50795179775613,34.764198303222656,91066
2023-12-05 00:00:00+01:00,34.74711326421669,35.157108306884766,34.678779127929865,35.157108306884766,96838
2023-12-06 00:00:00+01:00,35.19127537502818,35.25960625296405,34.83252767622427,35.157108306884766,58069
2023-12-07 00:00:00+01:00,34.93503004736156,35.31085803443756,34.661700009787914,35.19127655029297,43081
2023-12-08 00:00:00+01:00,35.105858032928126,35.46460573508652,35.02044362012188,35.29377365112305,47119
2023-12-11 00:00:00+01:00,35.10586036579038,35.61835665173732,35.05461301804153,35.36211013793945,95072
2023-12-12 00:00:00+01:00,35.362105251589576,35.362105251589576,34.54211195905172,34.71294403076172,44052
2023-12-13 00:00:00+01:00,34.712945034527515,35.225441264476956,34.627530625378036,35.12294006347656,34610
2023-12-14 00:00:00+01:00,35.10586004721956,35.345026281831615,35.02044562951244,35.22544479370117,39075
2023-12-15 00:00:00+01:00,35.19127904349315,35.75502269322228,35.19127904349315,35.2083625793457,73636
2023-12-18 00:00:00+01:00,35.225441787619474,35.60126975514991,35.2083582538657,35.4475212097168,55103
2023-12-19 00:00:00+01:00,35.413354801601585,35.857516912417374,35.242522719233826,35.72085189819336,77694
2023-12-20 00:00:00+01:00,35.720853396307476,36.09668138659781,35.61835544592849,35.891685485839844,113578
2023-12-21 00:00:00+01:00,35.703770356379685,36.21626663208008,35.703770356379685,36.21626663208008,68796
2023-12-22 00:00:00+01:00,36.216265961564005,36.50667953491211,36.079600942244376,36.50667953491211,65740
2023-12-27 00:00:00+01:00,36.506682328518124,36.88251034581888,36.3358502267082,36.4212646484375,92422
2023-12-28 00:00:00+01:00,36.42126332739648,36.523761281424186,36.28459830257581,36.43834686279297,45603
2023-12-29 00:00:00+01:00,36.42126300692668,36.592095101037174,36.02835147131837,36.30168151855469,55540
2024-01-02 00:00:00+01:00,36.301678005409784,36.40417594861623,35.310855865478516,35.310855865478516,60814
2024-01-03 00:00:00+01:00,35.27669096515308,35.44752305322438,34.900862978077086,35.19127655029297,39073
2024-01-04 00:00:00+01:00,35.19127655029297,35.44752305322438,34.883779443434854,35.19127655029297,50145
2024-01-05 00:00:00+01:00,35.02044525044417,35.46460738608609,34.79836581179878,35.41335678100586,48107
2024-01-08 00:00:00+01:00,35.413354663621725,36.89958953857422,35.413354663621725,36.89958953857422,151866
2024-01-09 00:00:00+01:00,36.83125670302519,37.446250915527344,36.59209373520815,37.446250915527344,122528
2024-01-10 00:00:00+01:00,37.343754283467526,37.6854152126361,37.00209009594778,37.429168701171875,71563
2024-01-11 00:00:00+01:00,37.42916522008571,37.56583023071289,37.08750106434231,37.56583023071289,68479
2024-01-12 00:00:00+01:00,37.412084666550555,38.12957684408336,37.20708876345612,37.90749740600586,157441
2024-01-15 00:00:00+01:00,37.90749752189676,38.41999053955078,37.41208478092688,38.41999053955078,77142
2024-01-16 00:00:00+01:00,38.129575180691305,38.41998874603183,37.54874805001026,38.35165786743164,108782
2024-01-17 00:00:00+01:00,38.31749198557699,38.31749198557699,36.933758252973924,37.01917266845703,73051
2024-01-18 00:00:00+01:00,36.899591161258286,37.582916259765625,36.899591161258286,37.582916259765625,34988
2024-01-19 00:00:00+01:00,37.58291357278231,37.787912716853675,37.241249418780306,37.37791442871094,25179
2024-01-22 00:00:00+01:00,37.582917432594456,37.73666599185044,37.29250384937218,37.61708450317383,15783
2024-01-23 00:00:00+01:00,37.65124922640512,37.65124922640512,36.882506478052086,36.98500442504883,20725
2024-01-24 00:00:00+01:00,36.88250581740753,37.207086445159426,36.55792518965563,36.711673736572266,33490
2024-01-25 00:00:00+01:00,36.66042709350586,37.087505712535624,36.38709703799492,36.66042709350586,30362
2024-01-26 00:00:00+01:00,36.69459588705351,36.7970971064438,36.42126581871561,36.4554328918457,26223
2024-01-29 00:00:00+01:00,36.31876769931542,36.455432732888475,36.062521168659885,36.26751708984375,18835
2024-01-30 00:00:00+01:00,36.26751493649632,36.62626266479492,36.11376637556138,36.62626266479492,28011
2024-01-31 00:00:00+01:00,36.421261647474104,37.61708300326139,36.421261647474104,37.446250915527344,60908
2024-02-01 00:00:00+01:00,37.49749986584549,37.61708134448089,37.07042129451855,37.32666778564453,30086
2024-02-02 00:00:00+01:00,37.6170849704901,37.992912976478515,37.377918731814525,37.70249938964844,50842
2024-02-05 00:00:00+01:00,37.958743772519924,38.21499353229837,37.412083700581185,37.497501373291016,80673
2024-02-06 00:00:00+01:00,37.49750348032793,38.09541093113877,37.241253706150445,37.70249938964844,71683
2024-02-07 00:00:00+01:00,37.975826263427734,37.99290979750022,37.59999828888595,37.975826263427734,18892
2024-02-08 00:00:00+01:00,37.668329352396704,37.97582645051439,37.41208285674896,37.599998474121094,36721
2024-02-09 00:00:00+01:00,37.41208149578131,37.65124770692305,37.17291854299042,37.37791442871094,21398
2024-02-12 00:00:00+01:00,37.326669431618825,37.59999946865288,36.88250730685072,37.446250915527344,32564
2024-02-13 00:00:00+01:00,37.42916605933504,37.44624959334035,36.67750685485614,36.89958953857422,34156
2024-02-14 00:00:00+01:00,36.72875694824566,37.13875198364258,36.42125985711025,37.13875198364258,46077
2024-02-15 00:00:00+01:00,37.12167295225719,37.13875648809794,36.387097202861504,36.84834289550781,37210
2024-02-16 00:00:00+01:00,36.848340074662346,37.0362556961738,36.62626064243602,36.6945915222168,37086
2024-02-19 00:00:00+01:00,36.69459039134654,37.71957962327792,36.60917597966515,37.46333312988281,37242
2024-02-20 00:00:00+01:00,37.49749834453834,37.49749834453834,36.91667125043031,37.15583419799805,57326
2024-02-21 00:00:00+01:00,37.08750255550515,37.53166467248946,37.08750255550515,37.17292022705078,59111
2024-02-22 00:00:00+01:00,37.412079694517125,37.63416236143116,36.98500115175243,37.3095817565918,56833
2024-02-23 00:00:00+01:00,37.30958916862857,37.958747248920325,37.155840602021065,37.924583435058594,55134
2024-02-26 00:00:00+01:00,37.75374783973015,37.89041285758819,37.25833511352539,37.25833511352539,43783
2024-02-27 00:00:00+01:00,37.34375311208903,37.582916080840214,37.0362560046369,37.39500045776367,46096
2024-02-28 00:00:00+01:00,37.394998662714364,37.565830742915324,37.22416984086432,37.32666778564453,14917
2024-02-29 00:00:00+01:00,37.241253243503124,38.09541045788027,37.241253243503124,37.61708450317383,89700
2024-03-01 00:00:00+01:00,37.5829161134591,37.6341667175293,37.10458691719051,37.6341667175293,28656
2024-03-04 00:00:00+01:00,37.49750104584399,37.924579630610545,37.25833482269603,37.360836029052734,21768
2024-03-05 00:00:00+01:00,37.20709046287903,37.241254276054434,36.43834764528495,36.66042709350586,42260
2024-03-06 00:00:00+01:00,36.52376145193748,36.797094761206104,36.35293261387753,36.62626266479492,47514
2024-03-07 00:00:00+01:00,36.387091497457774,37.15583419799805,36.19917914937632,37.15583419799805,34658
2024-03-08 00:00:00+01:00,37.15583716471963,37.27541864805153,36.728758576619406,37.25833511352539,30642
2024-03-11 00:00:00+01:00,37.15583734388478,37.49750151935288,36.95083818693371,37.446250915527344,46374
2024-03-12 00:00:00+01:00,37.25833856030896,37.958747248920325,37.25833856030896,37.924583435058594,41907
2024-03-13 00:00:00+01:00,37.92457976595892,38.11249212824814,37.685413541957395,37.873329162597656,40454
2024-03-14 00:00:00+01:00,37.907498557320174,38.07833065398808,37.49750348032793,37.70249938964844,43190
2024-03-15 00:00:00+01:00,37.702498124953856,37.873330215891365,36.59209442138672,36.59209442138672,132585
2024-03-18 00:00:00+01:00,36.677509628074716,37.44625242468424,36.643345815831886,36.81417465209961,40435
2024-03-19 00:00:00+01:00,36.72875878885337,36.81417320362655,35.63543863967147,36.318763732910156,110006
2024-03-20 00:00:00+01:00,36.301680198285304,36.64334437408018,36.04543369561468,36.318763732910156,31204
2024-03-21 00:00:00+01:00,36.33585231108723,37.121675462799146,36.33585231108723,36.86542892456055,13391
2024-03-22 00:00:00+01:00,37.104588276478985,37.15583888242669,36.11376603661499,36.250431060791016,36123
2024-03-25 00:00:00+01:00,36.301680397642286,36.55792690172013,35.78918738948659,35.942935943603516,73966
2024-03-26 00:00:00+01:00,36.0796012878418,36.0796012878418,35.789187711711904,36.0796012878418,27884
2024-03-27 00:00:00+01:00,36.02834817830329,36.199180256799615,35.49877166748047,35.49877166748047,45706
2024-03-28 00:00:00+01:00,35.532938409216605,36.267514126533534,35.51585813247304,36.165016174316406,24623
2024-04-02 00:00:00+02:00,36.17355298959807,36.68604922030547,36.045431375684366,36.088138580322266,20598
2024-04-03 00:00:00+02:00,36.08814210502453,36.30168140742113,35.789188385009766,35.789188385009766,24560
2024-04-04 00:00:00+02:00,35.87460159999565,36.25897298309439,35.87460159999565,35.91730880737305,15804
2024-04-05 00:00:00+02:00,35.91730863668493,36.25897281078259,35.87460142951048,36.1308479309082,33835
2024-04-08 00:00:00+02:00,36.13084726392368,37.07042209617194,35.91730797364239,36.98500442504883,31747
2024-04-09 00:00:00+02:00,36.9850021247279,37.326666271268195,36.51521636699808,37.15583419799805,48159
2024-04-10 00:00:00+02:00,37.15583603195198,37.45478973116753,36.89958953857422,36.89958953857422,48618
2024-04-11 00:00:00+02:00,36.899590868808595,37.07042295666926,35.91730880737305,35.91730880737305,62762
2024-04-12 00:00:00+02:00,36.130845944093984,36.77146379153661,35.789185047135106,35.87459945678711,27645
2024-04-15 00:00:00+02:00,35.874604756240394,36.5579299094509,35.874604756240394,36.04543685913086,65197
2024-04-16 00:00:00+02:00,36.04543685913086,36.216268962021324,35.70377265334994,36.04543685913086,62867
2024-04-17 00:00:00+02:00,35.87460262440302,36.387095644268314,35.789188207209186,36.00272750854492,36094
2024-04-18 00:00:00+02:00,35.9600179746179,36.55792868554161,35.874603555207905,36.17355728149414,58458
2024-04-19 00:00:00+02:00,36.045433516559314,36.30168001795703,35.87460142951048,36.1308479309082,49020
2024-04-22 00:00:00+02:00,36.13084759352,36.68605105665648,36.00272597319306,36.557926177978516,57996
2024-04-23 00:00:00+02:00,36.557925844486256,37.19854371533012,36.301679347818904,36.98500442504883,56686
2024-04-24 00:00:00+02:00,36.72875958922281,37.283963072400354,36.72875958922281,36.942298889160156,55784
2024-04-25 00:00:00+02:00,36.89959103757869,37.1985447489389,36.814173364082144,37.0704231262207,21467
2024-04-26 00:00:00+02:00,37.36937778348233,37.36937778348233,36.81417429593012,37.24125289916992,50265
2024-04-29 00:00:00+02:00,37.241251574518344,38.223533630371094,37.241251574518344,38.223533630371094,134257
2024-04-30 00:00:00+02:00,38.26624066777424,38.69331925392875,38.223533460828996,38.43707275390625,102803
2024-05-02 00:00:00+02:00,38.43707309680039,38.65061239178261,38.00999450683594,38.00999450683594,36685
2024-05-06 00:00:00+02:00,38.00999564601264,38.77873843432864,38.00999564601264,38.607906341552734,66957
2024-05-07 00:00:00+02:00,38.607904670683496,38.821443962824056,38.607904670683496,38.650611877441406,49120
2024-05-08 00:00:00+02:00,38.650610912527085,39.88913942769261,38.650610912527085,39.205814361572266,138447
2024-05-09 00:00:00+02:00,39.2058167970591,39.67560260555325,39.2058167970591,39.54747772216797,41541
2024-05-10 00:00:00+02:00,39.54747772216797,39.71830981389797,39.120399122018526,39.54747772216797,51243
2024-05-13 00:00:00+02:00,39.67560260555325,40.01726353066213,39.54747772216797,39.54747772216797,75716
2024-05-14 00:00:00+02:00,39.54747772216797,39.84643469728326,39.54747772216797,39.54747772216797,38737
2024-05-15 00:00:00+02:00,39.54747462071465,40.316217344036566,39.54747462071465,40.05997085571289,53979
2024-05-16 00:00:00+02:00,39.846431572384674,40.444338959022964,39.76101390404286,40.05997085571289,90863
2024-05-17 00:00:00+02:00,39.71830749511719,40.05997165863062,38.60790385122496,39.71830749511719,80164
2024-05-20 00:00:00+02:00,39.71830763987507,40.44433991704853,39.71830763987507,40.23080062866211,86884
2024-05-21 00:00:00+02:00,40.14538873132025,40.57246733484494,40.14538873132025,40.48705291748047,68853
2024-05-22 00:00:00+02:00,40.52975845336914,40.87141936707675,40.48705124644957,40.52975845336914,69634
2024-05-23 00:00:00+02:00,40.52975942724702,41.55474870970106,40.52975942724702,41.341209411621094,114515
2024-05-24 00:00:00+02:00,41.298499657496436,41.34121012452984,40.3589280330826,40.48705291748047,30206
2024-05-27 00:00:00+02:00,40.40163456561551,40.65788107177163,39.97455596923828,39.97455596923828,67961
2024-05-28 00:00:00+02:00,39.931846782725344,40.10267886448206,39.50476820750903,39.71830749511719,34329
2024-05-29 00:00:00+02:00,39.632893248019435,39.93184694857211,39.20581467102936,39.50476837158203,48254
2024-05-31 00:00:00+02:00,39.291229753863085,39.462061839245735,38.47977979205876,38.650611877441406,105502
2024-06-03 00:00:00+02:00,38.650613894637345,40.786006927490234,38.650613894637345,40.786006927490234,114350
2024-06-04 00:00:00+02:00,40.8287108172023,40.91412848658288,39.291228610212016,39.41935348510742,70589
2024-06-05 00:00:00+02:00,39.33393612575232,39.71830749511719,39.1631040439956,39.71830749511719,77395
2024-06-06 00:00:00+02:00,39.718309637548025,40.27351311861764,39.50477033842142,39.761016845703125,36900
2024-06-07 00:00:00+02:00,39.761015682722594,40.05997264776624,39.0349833902685,39.16310501098633,33758
2024-06-10 00:00:00+02:00,39.29122955392155,39.88914022054273,38.69331888730037,39.59018325805664,38187
2024-06-11 00:00:00+02:00,39.54747358293513,39.71830565678501,38.86414854588641,39.24851989746094,45408
2024-06-12 00:00:00+02:00,39.24851989746094,39.5901807868099,38.82144134201164,39.24851989746094,58673
2024-06-13 00:00:00+02:00,39.29122972107694,39.632893891557146,39.24852251435467,39.376644134521484,27474
2024-06-14 00:00:00+02:00,39.291231698151066,40.40163542055901,39.24852448927983,40.27351379394531,32969
2024-06-17 00:00:00+02:00,40.14538919549239,40.65788222230714,40.017264309613104,40.57246780395508,28880
2024-06-18 00:00:00+02:00,40.5724691035382,41.25579424729595,40.48705468245022,40.95684051513672,59181
2024-06-19 00:00:00+02:00,40.78600710818642,41.042253621593794,40.57246780395508,40.57246780395508,16350
2024-06-20 00:00:00+02:00,40.57246733484494,40.95683872968739,40.27351361571812,40.48705291748047,32649
2024-06-21 00:00:00+02:00,40.31622082440036,40.91413152100515,40.18809594000249,40.48705291748047,94910
2024-06-24 00:00:00+02:00,40.444341924649144,41.34120958707215,40.230802625662925,41.12767028808594,44980
2024-06-25 00:00:00+02:00,41.12766895428425,41.38391545308722,40.7005903701623,40.7432975769043,50066
2024-06-26 00:00:00+02:00,40.74329907295901,41.12767046445271,40.572466981367235,40.91413116455078,62395
2024-06-27 00:00:00+02:00,40.828713957475884,41.341210238124404,40.529760237527626,40.99954605102539,50258
2024-06-28 00:00:00+02:00,41.383917089664806,41.4266242980957,40.95683848865351,41.4266242980957,52715
2024-07-01 00:00:00+02:00,41.46933121145321,41.51203841958023,40.99954540535376,41.12767028808594,43650
2024-07-02 00:00:00+02:00,41.127668921965906,41.469329833984375,40.99954404348959,41.469329833984375,36504
2024-07-03 00:00:00+02:00,41.42662400332619,41.42662400332619,40.99954540535376,41.12767028808594,36295
2024-07-04 00:00:00+02:00,41.426621824946466,41.81099319458008,41.17037533130771,41.81099319458008,50082
2024-07-05 00:00:00+02:00,41.55475001471033,41.7682893194964,41.042253728213026,41.0849609375,33869
2024-07-08 00:00:00+02:00,41.08496195962168,41.46933336946934,40.82871543917367,41.170379638671875,43968
2024-07-09 00:00:00+02:00,41.17037431396864,41.81099216141104,40.95683503148784,41.7255744934082,71593
2024-07-10 00:00:00+02:00,41.72557885185822,41.72557885185822,40.914132100352106,41.0849609375,38749
2024-07-11 00:00:00+02:00,41.084960757186266,41.59745704143432,40.95683912988764,41.298500061035156,28629
2024-07-12 00:00:00+02:00,41.21308269989385,41.81099335964541,41.21308269989385,41.59745407104492,51529
2024-07-15 00:00:00+02:00,41.59745621338146,41.89640992947836,41.25579203068404,41.64016342163086,57928
2024-07-16 00:00:00+02:00,41.85370314541899,41.85370314541899,40.48705291748047,40.48705291748047,38689
2024-07-17 00:00:00+02:00,40.48705023384694,40.95683601491469,39.46206100165759,39.71830749511719,68261
2024-07-18 00:00:00+02:00,39.71830916687752,39.931848463473635,38.949566395791074,39.675601959228516,203889
2024-07-19 00:00:00+02:00,39.63289492538965,39.761016548898546,39.33393795383336,39.46206283569336,37702
2024-07-22 00:00:00+02:00,39.54747737286105,39.97455596923828,39.462062956926054,39.97455596923828,42914
2024-07-23 00:00:00+02:00,40.157089409266,40.43088704984218,38.879362444542636,38.97063064575195,99841
2024-07-24 00:00:00+02:00,39.06189528538065,39.15316348640292,38.37739944458008,38.37739944458008,58341
2024-07-25 00:00:00+02:00,38.377398494652795,38.468666693415976,37.64727031217635,38.423030853271484,99396
2024-07-26 00:00:00+02:00,38.51429914536971,39.01626205444336,38.10360095375462,39.01626205444336,60659
2024-07-29 00:00:00+02:00,39.107529973072474,39.381331110911894,38.4230340915261,39.24443054199219,50924
2024-07-30 00:00:00+02:00,39.10752895976909,39.38133009051413,38.51430130004883,38.51430130004883,13268
2024-07-31 00:00:00+02:00,38.514300688585934,39.24442890208701,38.514300688585934,38.74246597290039,27530
2024-08-01 00:00:00+02:00,38.78809608137348,39.29005898141552,38.65119552612305,38.65119552612305,34680
2024-08-02 00:00:00+02:00,38.51429974343867,38.924997941431286,38.012336826570305,38.7880973815918,48694
2024-08-05 00:00:00+02:00,38.10360206928994,38.377399711207204,36.643345658047274,37.96670150756836,136832
2024-08-06 00:00:00+02:00,37.92106712574636,38.286132949856544,37.008406046996626,37.282203674316406,54616
2024-08-07 00:00:00+02:00,37.419105273586496,37.829803466796875,37.05403943928264,37.829803466796875,49118
2024-08-08 00:00:00+02:00,37.87543643330257,37.87543643330257,37.09967587486937,37.60163879394531,51040
2024-08-09 00:00:00+02:00,37.78417171402544,37.966701152579695,37.46473823350375,37.60163879394531,21780
2024-08-12 00:00:00+02:00,37.82980263919764,39.06189371034862,37.784170281289406,38.65119552612305,22018
2024-08-13 00:00:00+02:00,38.69683266271604,39.06189501974492,38.37739918359918,38.7880973815918,13228
2024-08-14 00:00:00+02:00,38.69683361234269,39.061895978330256,38.69683361234269,38.74246597290039,17858
2024-08-16 00:00:00+02:00,38.7424685344999,39.244431496875634,38.7424685344999,39.19879913330078,32483
2024-08-19 00:00:00+02:00,39.153166147528076,39.655129101926924,38.97063321460319,39.426963806152344,28504
2024-08-20 00:00:00+02:00,39.42695928714169,39.70075691438402,39.061893463134766,39.061893463134766,28602
2024-08-21 00:00:00+02:00,39.06189511414511,39.7007585923969,38.83372983487846,39.56385803222656,19323
2024-08-22 00:00:00+02:00,39.700759817903446,39.700759817903446,38.92499923706055,38.92499923706055,13760
2024-08-23 00:00:00+02:00,39.19879506303468,39.70075797328833,38.970629787326125,39.609493255615234,22023
2024-08-26 00:00:00+02:00,39.6094943999317,39.70075912024143,38.559932708740234,38.559932708740234,15824
2024-08-27 00:00:00+02:00,38.924996037706414,38.970628394912524,38.42302966386211,38.87936019897461,12017
2024-08-28 00:00:00+02:00,38.97063321460319,39.56386089470142,38.74246791882861,39.426963806152344,22530
2024-08-29 00:00:00+02:00,39.426962239947436,39.74639224873229,39.244429314273525,39.70075988769531,25414
2024-08-30 00:00:00+02:00,39.746390691466914,40.11145652851144,39.6094936137196,39.97455596923828,58090
2024-09-02 00:00:00+02:00,40.111457299317635,41.25228371009728,39.88329201716171,41.11538314819336,55655
2024-09-03 00:00:00+02:00,41.11538410068509,41.571714675568444,40.97848701713568,41.06975173950195,38770
2024-09-04 00:00:00+02:00,40.6134221075748,41.25228562354973,40.33962445259299,41.02412033081055,29788
2024-09-05 00:00:00+02:00,41.02411808504827,41.25228336529712,40.567787524550575,40.9328498840332,36391
2024-09-06 00:00:00+02:00,40.61341787371708,40.84158314267055,39.883289709371134,40.24835205078125,38082
2024-09-09 00:00:00+02:00,40.24835343641392,41.16101454364804,40.24835343641392,40.978485107421875,37945
2024-09-10 00:00:00+02:00,40.978488257364766,41.11538534505742,40.157091805104464,40.61342239379883,28483
2024-09-11 00:00:00+02:00,40.38525318927032,40.476517905562325,39.56385681653927,39.8376579284668,40826
2024-09-12 00:00:00+02:00,39.88329125074007,40.33962180628281,39.79202305071602,39.97455596923828,19507
2024-09-13 00:00:00+02:00,39.700758673928,40.29398979384992,39.700758673928,40.15708923339844,30888
2024-09-16 00:00:00+02:00,40.065823566402386,40.56778647364132,39.79202245197588,40.202720642089844,23055
2024-09-17 00:00:00+02:00,39.974556219771664,40.43088677817437,39.38132858276367,39.38132858276367,41627
2024-09-18 00:00:00+02:00,39.38132797990668,39.88329089016034,39.38132797990668,39.609493255615234,37880
2024-09-19 00:00:00+02:00,39.883293771194346,40.02019085759297,39.60949611687103,39.655128479003906,20560
2024-09-20 00:00:00+02:00,39.655129101926924,39.883294397701505,39.426963806152344,39.426963806152344,42309
2024-09-23 00:00:00+02:00,39.42696094229877,39.883291500701475,39.38132858276367,39.38132858276367,10258
2024-09-24 00:00:00+02:00,39.426962853097116,40.02019051885544,39.426962853097116,39.47259521484375,25802
2024-09-25 00:00:00+02:00,39.837659839876,40.06582512307912,39.60949455667287,39.928924560546875,10050
2024-09-26 00:00:00+02:00,39.70076022463241,40.33962372915009,39.70076022463241,39.88329315185547,52058
2024-09-27 00:00:00+02:00,39.883292611505496,41.069751400091846,39.79202440836749,40.8872184753418,61635
2024-09-30 00:00:00+02:00,41.06974999884601,41.06974999884601,39.70075833221781,39.97455596923828,25127
2024-10-01 00:00:00+02:00,40.15709058973525,41.20665230457736,39.837660579927295,41.06975173950195,58019
2024-10-02 00:00:00+02:00,41.069748391614205,41.43481421437217,39.97455440486601,40.06582260131836,32384
2024-10-03 00:00:00+02:00,39.97455440486601,40.33962022762398,39.83765733247606,40.06582260131836,42278
2024-10-04 00:00:00+02:00,40.202720883541986,40.202720883541986,39.609493255615234,39.609493255615234,21167
2024-10-07 00:00:00+02:00,39.60949219914515,39.88328982638748,39.01626110551533,39.061893463134766,24419
2024-10-08 00:00:00+02:00,39.24442684454321,40.43088556446843,38.97062921402597,40.02018737792969,35351
2024-10-09 00:00:00+02:00,40.020187726314106,40.795951747979544,39.928923009189134,40.202720642089844,28150
2024-10-10 00:00:00+02:00,40.33962084813794,40.70468319498568,40.02018737792969,40.02018737792969,13689
2024-10-11 00:00:00+02:00,40.15709018543074,40.47652019202265,39.74639197586546,40.11145782470703,18018
2024-10-14 00:00:00+02:00,40.111456873756566,40.38525451313365,39.928923953663215,40.15708923339844,12555
2024-10-15 00:00:00+02:00,40.02019123588571,40.61342239379883,40.02019123588571,40.61342239379883,28729
2024-10-16 00:00:00+02:00,40.613418478655184,40.70468319498568,40.02018737792969,40.02018737792969,26422
2024-10-17 00:00:00+02:00,40.24835325665712,40.795952007467406,39.51822507043589,39.792022705078125,33485
2024-10-18 00:00:00+02:00,39.79202331149321,39.92892387166355,39.47259331313025,39.56385803222656,19675
2024-10-21 00:00:00+02:00,39.60949206363376,40.06582260131836,39.381326794791455,40.06582260131836,29438
2024-10-22 00:00:00+02:00,40.06582504950498,40.06582504950498,39.290060999123355,39.335693359375,12514
2024-10-23 00:00:00+02:00,39.655125972968705,40.11145652851144,39.107527217401916,39.97455596923828,39906
2024-10-24 00:00:00+02:00,39.88329281336922,40.02018989648017,39.426962239947436,39.70075988769531,14780
2024-10-25 00:00:00+02:00,39.74639349215431,39.79202585461885,39.24443054199219,39.24443054199219,18348
2024-10-28 00:00:00+01:00,39.42696094229877,39.83765914116638,39.24442802263251,39.38132858276367,20202
2024-10-29 00:00:00+01:00,39.518227576590384,40.02019051885544,39.426962853097116,39.47259521484375,28985
2024-10-30 00:00:00+01:00,39.51822364443725,39.65512419758127,38.60556257421225,38.87936019897461,41022
2024-10-31 00:00:00+01:00,38.87936019897461,39.19879366246877,38.14923203909975,38.87936019897461,48583
2024-11-04 00:00:00+01:00,38.87936339457781,39.60949509598992,38.78809867266428,38.92499923706055,50958
2024-11-05 00:00:00+01:00,38.92499917191162,39.061896254552785,38.33176803588867,38.33176803588867,13317
2024-11-06 00:00:00+01:00,38.33176870771557,39.15316514406274,38.33176870771557,38.696834564208984,17012
2024-11-07 00:00:00+01:00,38.696833344442396,39.24442863039569,38.42303221993983,39.15316390991211,18519
2024-11-08 00:00:00+01:00,39.335692752959915,39.7007585923969,39.06189511414511,39.56385803222656,28029
2024-11-12 00:00:00+01:00,39.24442924528387,39.746392178860205,38.742466311707524,38.92499923706055,25697
2024-11-13 00:00:00+01:00,39.15316251727373,39.19879487589242,38.423030853271484,38.423030853271484,24053
2024-11-14 00:00:00+01:00,38.696833005175776,39.38132884737917,38.46866772444131,38.97063064575195,25520
2024-11-15 00:00:00+01:00,38.97063125721485,39.33569362320242,38.69683361234269,38.74246597290039,23946
2024-11-18 00:00:00+01:00,38.605566359322616,39.15316514406274,38.559933997642446,38.696834564208984,22368
2024-11-19 00:00:00+01:00,38.97063091318585,39.70075912024143,37.73853629984902,38.559932708740234,33943
2024-11-20 00:00:00+01:00,38.55993236509874,39.016262925632454,38.37739944458008,38.37739944458008,24994
2024-11-21 00:00:00+01:00,38.879361148603884,39.42695989302941,38.423030602345506,38.8337287902832,38363
2024-11-22 00:00:00+01:00,38.83373164924949,39.24442986742308,38.605566359322616,38.696834564208984,25941
2024-11-25 00:00:00+01:00,38.879361753138795,39.198795229401995,38.55993175840142,38.60556411743164,48952
2024-11-26 00:00:00+01:00,38.60556533952796,38.833730623427684,38.149234771728516,38.149234771728516,26758
2024-11-27 00:00:00+01:00,38.14923416431322,38.51430000535055,37.92106888404636,38.37739944458008,23604
2024-11-28 00:00:00+01:00,38.87936332950527,39.56385918728899,38.33176803588867,38.33176803588867,32461
2024-11-29 00:00:00+01:00,38.33176690582711,39.38132858276367,38.14923398616085,39.38132858276367,44853
2024-12-02 00:00:00+01:00,39.24443054199219,39.47259583584098,38.925000523214315,39.24443054199219,23470
2024-12-03 00:00:00+01:00,39.15316190769082,39.15316190769082,38.37739789714791,38.65119552612305,31470
2024-12-04 00:00:00+01:00,38.788096685272606,38.879361402509986,38.377398494652795,38.423030853271484,28038
2024-12-05 00:00:00+01:00,38.65119934100605,39.01626520335549,38.46866989135742,38.46866989135742,32902
2024-12-06 00:00:00+01:00,38.42303309595848,38.83373131055004,38.42303309595848,38.51430130004883,30263
2024-12-09 00:00:00+01:00,38.60556568269697,38.742466246864105,38.149235110841154,38.33176803588867,48734
2024-12-10 00:00:00+01:00,38.33176898921255,38.742467210402175,38.14923605962537,38.286136627197266,36027
2024-12-11 00:00:00+01:00,38.42303400152961,38.55993457012866,37.87543869018555,37.87543869018555,34177
2024-12-12 00:00:00+01:00,38.19486842164065,38.286136627197266,37.55600839037462,38.286136627197266,58506
2024-12-13 00:00:00+01:00,38.286132701274035,38.331765058610095,37.601636896656,37.692901611328125,25004
2024-12-16 00:00:00+01:00,37.78417075962026,37.875435476592095,37.51036964565318,37.64727020263672,68692
2024-12-17 00:00:00+01:00,37.829805939274074,37.87543830116304,36.917144775390625,36.917144775390625,70004
2024-12-18 00:00:00+01:00,36.91714510882028,37.464740419485715,36.91714510882028,37.09967803955078,45740
2024-12-19 00:00:00+01:00,37.099678663568575,37.19094338970587,36.55207986216643,36.87151336669922,64311
2024-12-20 00:00:00+01:00,36.825876570086656,37.05404186105751,36.41518183155994,36.917144775390625,119540
2024-12-23 00:00:00+01:00,36.91714287369678,37.23657287199094,36.68897759447928,37.00840759277344,32519
2024-12-27 00:00:00+01:00,37.054040563191585,37.32784168798722,36.73461055963125,36.780242919921875,32742
2024-12-30 00:00:00+01:00,37.05404186105751,37.46474008111028,36.825876570086656,36.917144775390625,45023
2025-01-02 00:00:00+01:00,36.96277809283651,37.37347632350659,36.87151336669922,36.87151336669922,96885
2025-01-03 00:00:00+01:00,37.145308837670136,37.69290412527644,36.96277591462605,37.37347412109375,49578
2025-01-07 00:00:00+01:00,37.69290393969415,39.061895633495574,37.69290393969415,38.559932708740234,96434
2025-01-08 00:00:00+01:00,38.5143009609362,38.55993332181658,38.194867471721544,38.33176803588867,37144
2025-01-09 00:00:00+01:00,38.33176673995869,38.423031458633965,37.5103703457778,38.19486618041992,59154
2025-01-10 00:00:00+01:00,38.103603983499916,38.149236345857574,37.23657517260009,37.87543869018555,96964
2025-01-13 00:00:00+01:00,37.87543704832052,37.9667017690796,37.28220591880874,37.37347412109375,50332
2025-01-14 00:00:00+01:00,37.4191048314552,37.601637746450386,37.054039001464844,37.054039001464844,73072
2025-01-15 00:00:00+01:00,37.32784237428663,37.41910709654586,37.14530944824219,37.14530944824219,64909
2025-01-16 00:00:00+01:00,37.4191048314552,37.51036954818991,37.054039001464844,37.054039001464844,49187
2025-01-17 00:00:00+01:00,37.19094119804967,37.46473884185283,37.145308837670136,37.37347412109375,83790
2025-01-20 00:00:00+01:00,37.51037059314231,37.78417171402544,37.419105873865185,37.60163879394531,41285
2025-01-21 00:00:00+01:00,37.6016416897871,38.24050521850586,37.556009326634225,38.24050521850586,61856
2025-01-22 00:00:00+01:00,38.240504552098976,38.240504552098976,37.87543869018555,37.87543869018555,58267
2025-01-23 00:00:00+01:00,37.87543840600763,38.286136627197266,37.87543840600763,38.286136627197266,26480
2025-01-24 00:00:00+01:00,38.2405033141279,38.33176803588867,38.01233802819999,38.33176803588867,38833
2025-01-27 00:00:00+01:00,38.14923667986005,38.331769612414874,37.73853845199324,38.0579719543457,38904
2025-01-28 00:00:00+01:00,38.05796969995605,38.149234420064275,37.556006776309,37.78417205810547,44514
2025-01-29 00:00:00+01:00,37.82980311810618,37.92106783507801,37.55600548566488,37.64727020263672,26569
2025-01-30 00:00:00+01:00,37.738535267458005,38.05796874285533,37.738535267458005,37.829803466796875,81798
2025-01-31 00:00:00+01:00,37.96670341490086,37.96670341490086,37.64727339687118,37.87543869018555,50490
2025-02-03 00:00:00+01:00,37.82980441815958,37.96670149832192,37.46473857467487,37.78417205810547,51756
2025-02-04 00:00:00+01:00,37.78417205810547,37.87543677821369,37.60163913636311,37.78417205810547,47349
2025-02-05 00:00:00+01:00,37.60163819073842,37.92106818460993,37.60163819073842,37.829803466796875,54278
2025-02-06 00:00:00+01:00,37.875436787437906,37.96670150756836,37.738536225716324,37.96670150756836,63924
2025-02-07 00:00:00+01:00,37.96670407653629,38.33176994481162,37.96670407653629,38.24050521850586,68226
2025-02-10 00:00:00+01:00,38.468669001683054,39.42696251628002,38.377400797443435,39.290061950683594,108265
2025-02-11 00:00:00+01:00,39.33569169486227,39.56385696799146,38.55993115883333,38.8337287902832,82969
2025-02-12 00:00:00+01:00,38.83372939410857,38.83372939410857,38.331766481724486,38.60556411743164,134496
2025-02-13 00:00:00+01:00,38.69683112065356,39.107525820754205,38.423030011885515,39.061893463134766,161093
2025-02-14 00:00:00+01:00,39.24442986742308,39.24442986742308,38.605566359322616,38.696834564208984,111369
2025-02-17 00:00:00+01:00,38.605566022613175,38.69683422670352,38.51430130004883,38.51430130004883,110125
2025-02-18 00:00:00+01:00,38.5142993993712,38.74246467604813,38.37739884075471,38.60556411743164,226847
2025-02-19 00:00:00+01:00,38.605562684152176,38.651195041488236,37.64726925399206,37.692901611328125,304701
2025-02-20 00:00:00+01:00,37.87543840600763,38.377401351227824,37.69290547642046,38.286136627197266,139955
2025-02-21 00:00:00+01:00,38.10360308545726,38.69683422670352,38.10360308545726,38.51430130004883,98874
2025-02-24 00:00:00+01:00,38.5142989399723,38.65119601543005,37.55600548566488,37.64727020263672,129022
2025-02-25 00:00:00+01:00,37.921069138267804,38.01233733990193,37.647271496417225,37.78417205810547,151080
2025-02-26 00:00:00+01:00,37.78417110789035,37.96670054351646,37.60163819073842,37.829803466796875,147212
2025-02-27 00:00:00+01:00,37.87543416546951,37.92106652237578,37.41910363335542,37.51036834716797,188054
2025-02-28 00:00:00+01:00,37.419105529785156,37.96670080346436,37.00840733376283,37.419105529785156,1034890
2025-03-03 00:00:00+01:00,37.64727372647889,38.19486904261723,37.46474079392407,38.0579719543457,71124
2025-03-04 00:00:00+01:00,38.10360402900799,38.83373227218077,37.7841740105968,38.46866989135742,157522
2025-03-05 00:00:00+01:00,38.55993498590372,39.426963806152344,38.286137327279455,39.426963806152344,119881
2025-03-06 00:00:00+01:00,39.426961207220884,39.518225926904314,38.92499828591024,38.97063064575195,129496
2025-03-07 00:00:00+01:00,38.9706301396546,40.24835360625875,38.9706301396546,39.97455596923828,211233
2025-03-10 00:00:00+01:00,40.02018796666998,40.02018796666998,39.29005978070777,39.609493255615234,91033
2025-03-11 00:00:00+01:00,39.60949640476069,39.70076112968977,39.153165817063105,39.24443054199219,71356
2025-03-12 00:00:00+01:00,39.51822447506045,40.24835265028168,39.290059202708456,40.02018737792969,93259
2025-03-13 00:00:00+01:00,39.88329281336922,40.15709046111709,39.56385932305838,39.70075988769531,44297
2025-03-14 00:00:00+01:00,39.746390436286646,40.52215446464423,39.60949335941824,40.38525390625,71937
2025-03-17 00:00:00+01:00,40.385256814835614,41.25228562354973,40.33962445259299,41.02412033081055,137905
2025-03-18 00:00:00+01:00,41.02411816399679,41.6629816462282,40.887217602973664,41.52608108520508,161784
2025-03-19 00:00:00+01:00,41.48044812152209,42.16494395362138,41.48044812152209,41.75424575805664,119376
2025-03-20 00:00:00+01:00,41.79987880390089,42.256209366130214,41.61734588270398,42.11931228637695,80160
2025-03-21 00:00:00+01:00,42.028044702400194,42.07367706298828,41.70861469675766,42.07367706298828,95364
2025-03-24 00:00:00+01:00,41.9367812650209,42.53000893387817,41.9367812650209,42.21057891845703,58986
2025-03-25 00:00:00+01:00,42.21057802940786,43.16887153701355,42.21057802940786,42.84944152832031,87416
2025-03-26 00:00:00+01:00,42.43874290354135,42.803808751235955,40.8872182731282,41.89114761352539,120185
2025-03-27 00:00:00+01:00,41.79987681510004,42.07367444310541,41.52607918709467,41.61734390258789,75682
2025-03-28 00:00:00+01:00,41.52608142700727,41.799879069781255,41.252283784233285,41.708614349365234,137860
2025-03-31 00:00:00+02:00,41.34354687133107,41.754245060029966,41.02411688096848,41.38917922973633,94096
2025-04-01 00:00:00+02:00,42.14669095697747,42.219702036455736,41.14276511385156,41.72686767578125,124478
2025-04-02 00:00:00+02:00,41.89114709067074,43.04109857796178,41.726867809411175,42.89507293701172,100015
2025-04-03 00:00:00+02:00,42.87681983913717,43.0228454819346,41.98241234181211,42.07367706298828,104503
2025-04-04 00:00:00+02:00,41.89114836452772,41.982413087324545,39.51822727502421,39.6825065612793,177806
2025-04-07 00:00:00+02:00,38.22224914682603,39.682505564034145,37.254827094471956,39.335693359375,203535
2025-04-08 00:00:00+02:00,39.518226424919874,40.777699765273475,39.17141421900565,40.52215576171875,91992
2025-04-09 00:00:00+02:00,40.15709046111709,40.55866011237892,39.572987884181366,39.70075988769531,61555
2025-04-10 00:00:00+02:00,41.945906572204265,41.982413854600615,40.4856500916112,41.014991760253906,146753
2025-04-11 00:00:00+02:00,41.23403070950236,41.34354907180917,40.81420741938796,41.08800506591797,39835
2025-04-14 00:00:00+02:00,41.08800478563674,42.037173203223574,41.08800478563674,41.48957443237305,54294
2025-04-15 00:00:00+02:00,41.61734742442151,41.96415963939073,41.599097264999045,41.836387634277344,47114
2025-04-16 00:00:00+02:00,41.799879041755624,42.32922416808621,41.50782775878906,41.50782775878906,32956
2025-04-17 00:00:00+02:00,41.343550706950126,42.164947160552394,41.343550706950126,41.7816276550293,25341
2025-04-22 00:00:00+02:00,41.78162338241648,42.80380630493164,41.78162338241648,42.80380630493164,66613
2025-04-23 00:00:00+02:00,42.82205764088389,43.07760511930536,42.073675808667396,42.146690368652344,85050
2025-04-24 00:00:00+02:00,42.16494506759419,43.077606201171875,42.110184146230196,43.077606201171875,94802
2025-04-25 00:00:00+02:00,43.35140419331412,43.497429836598975,42.94983454466224,43.44266891479492,190471
2025-04-28 00:00:00+02:00,43.35140453085487,43.88074966783778,42.89507395684588,43.62520217895508,74743
2025-04-29 00:00:00+02:00,43.78948182803843,44.33708061031572,43.62520254150785,44.1910514831543,159359
2025-04-30 00:00:00+02:00,44.08153436117794,44.53786495183511,43.16887317986359,43.73472213745117,158827
2025-05-02 00:00:00+02:00,43.82598735459803,45.34100467296116,43.82598735459803,45.26799011230469,152441
2025-05-05 00:00:00+02:00,45.14021810179507,45.3592583021858,44.720394822699205,45.0854606628418,79021
2025-05-06 00:00:00+02:00,44.99419436712204,45.23148821771964,44.55611742931804,45.176727294921875,49322
2025-05-07 00:00:00+02:00,45.01244455631268,45.48702873958875,44.99419091677986,45.359256744384766,72690
2025-05-08 00:00:00+02:00,45.4687770924975,46.089386937705505,45.41401617149941,46.04375457763672,130619
2025-05-09 00:00:00+02:00,45.63305517864051,46.500083923339844,45.63305517864051,46.500083923339844,102660
2025-05-12 00:00:00+02:00,46.50008332324274,47.09331094399381,46.50008332324274,46.728248596191406,89920
2025-05-13 00:00:00+02:00,46.72825015501539,46.86514723443592,46.22628723408833,46.45445251464844,44614
2025-05-14 00:00:00+02:00,46.408817291259766,46.54571785402905,45.99812256600379,46.408817291259766,73249
2025-05-15 00:00:00+02:00,47.458379060319324,47.458379060319324,45.90685443319601,47.00204849243164,124940
2025-05-16 00:00:00+02:00,47.0020478842915,47.32147788506953,46.86514732308611,47.2302131652832,79727
2025-05-19 00:00:00+02:00,47.23021411740487,47.23021411740487,46.63698298225703,47.1845817565918,55173
2025-05-20 00:00:00+02:00,47.00204597755141,47.18457889124511,46.728248347773736,47.138946533203125,72472
2025-05-21 00:00:00+02:00,47.13895029316978,47.18458265485156,46.545719146728516,46.545719146728516,42597
2025-05-22 00:00:00+02:00,46.865146020201216,47.275844210873764,46.54571602830357,46.91078186035156,81039
2025-05-23 00:00:00+02:00,46.86514882048325,46.910784663360424,45.28624544335591,46.36318588256836,126007
2025-05-26 00:00:00+02:00,46.363185606810276,46.81951618065983,46.363185606810276,46.77388381958008,68630
2025-05-27 00:00:00+02:00,46.77388294173881,47.41274642944336,46.63698237954287,47.41274642944336,115833
2025-05-28 00:00:00+02:00,47.458379060319324,47.77780906523033,46.95641613194806,47.00204849243164,69845
2025-05-29 00:00:00+02:00,47.27584431937124,47.7321748697156,47.27584431937124,47.68654251098633,39212
2025-05-30 00:00:00+02:00,47.68654337954655,47.68654337954655,47.04767990112305,47.04767990112305,27083
2025-06-02 00:00:00+02:00,46.91078290348914,47.686543461934185,46.08938650387897,47.64091110229492,57063
2025-06-03 00:00:00+02:00,47.73217670474675,47.73217670474675,46.865147929454956,47.00204849243164,100842
2025-06-04 00:00:00+02:00,47.00205011581509,47.77781071540744,47.00205011581509,47.50401306152344,52755
2025-06-05 00:00:00+02:00,47.458379743032005,47.732177391398146,47.138949733525834,47.36711502075195,20362
2025-06-06 00:00:00+02:00,47.45837968035442,47.549644402513934,46.08938795880573,46.77388381958008,35035
2025-06-09 00:00:00+02:00,46.226286036405924,47.13894713500011,46.226286036405924,46.91078186035156,19971
2025-06-10 00:00:00+02:00,46.91078444629972,47.732177391398146,46.819516242493684,47.36711502075195,33486
2025-06-11 00:00:00+02:00,47.36711399466746,47.36711399466746,46.59134994598797,46.819515228271484,22315
2025-06-12 00:00:00+02:00,46.910785003234835,47.093314449961966,46.31755385679357,46.545719146728516,46320
2025-06-13 00:00:00+02:00,46.45445251464844,46.77388251482223,45.769956672968114,46.45445251464844,28777
2025-06-16 00:00:00+02:00,46.454455332339585,46.5913524200636,45.45052594806632,45.906856536865234,49523
2025-06-17 00:00:00+02:00,46.08938856685863,47.18458265485156,45.57829706405498,46.545719146728516,45678
2025-06-18 00:00:00+02:00,46.1350221639291,46.68262096335201,45.72432393474345,46.08938980102539,83007
2025-06-20 00:00:00+02:00,46.135020516524605,46.36318580442189,45.39576721191406,45.39576721191406,58551
2025-06-23 00:00:00+02:00,45.35925962186469,45.99812311993833,44.95768648971933,45.59654998779297,107908
2025-06-24 00:00:00+02:00,45.724321701908465,46.271920474590736,45.63305698055773,45.815589904785156,28259
2025-06-25 00:00:00+02:00,46.04375743812167,46.27192273416636,45.90685686788442,46.08938980102539,20938
2025-06-26 00:00:00+02:00,46.27192012989894,46.27192012989894,45.468777358196675,45.633056640625,73159
2025-06-27 00:00:00+02:00,45.57829485307879,46.31755160995647,45.57829485307879,46.27191925048828,47116
2025-06-30 00:00:00+02:00,46.22628510124335,47.18457853907571,46.22628510124335,46.95641326904297,45909
2025-07-01 00:00:00+02:00,46.5913515084103,47.23021501653334,46.45445442336495,46.545719146728516,27877
2025-07-02 00:00:00+02:00,46.81951452715821,47.00204744655681,45.678688132824306,46.27191925048828,42586
2025-07-03 00:00:00+02:00,46.545716725862945,47.458377838134766,46.545716725862945,47.458377838134766,204365
2025-07-04 00:00:00+02:00,47.4583800840415,48.142875950638256,47.32147951811175,47.732177734375,46138
2025-07-07 00:00:00+02:00,47.50400959454342,48.00597250361706,47.50400959454342,47.68654251098633,64082
2025-07-08 00:00:00+02:00,47.732174023311,48.781735663102154,47.732174023311,48.32540512084961,64555
2025-07-09 00:00:00+02:00,48.78173672777092,49.05553436279297,48.32540617555889,49.05553436279297,61120
2025-07-10 00:00:00+02:00,49.0555370090031,50.74395875065606,49.0555370090031,50.287628173828125,152660
2025-07-11 00:00:00+02:00,50.19636332658123,50.607061541012996,48.82737159949264,48.918636322021484,93354
2025-07-14 00:00:00+02:00,49.37496375235949,49.831294298985824,49.101166120688845,49.28369903564453,67878
2025-07-15 00:00:00+02:00,49.466233261874805,49.87693146103065,49.23806798251332,49.60313034057617,69829
2025-07-16 00:00:00+02:00,49.55750117156904,50.01383175967101,49.055538220962084,49.831298828125,70647
2025-07-17 00:00:00+02:00,49.92256736666825,50.10510029942818,49.64876970829141,50.013832092285156,101503
2025-07-18 00:00:00+02:00,50.150730472427085,50.652693404454325,49.8312969836636,50.3332633972168,157431
2025-07-21 00:00:00+02:00,50.3788948059082,50.69832480710873,50.05946132318177,50.3788948059082,111034
2025-07-22 00:00:00+02:00,50.52408229748229,50.959635463160105,49.604581990434376,49.99174118041992,70749
2025-07-23 00:00:00+02:00,49.99174118041992,50.47568832179001,49.749767609734874,49.99174118041992,52690
2025-07-24 00:00:00+02:00,49.70136818831201,50.04013339065335,49.507792292372436,49.846553802490234,43262
2025-07-25 00:00:00+02:00,49.749765608548884,51.975921630859375,49.604579995088486,51.975921630859375,133095
2025-07-28 00:00:00+02:00,51.54037094116211,52.02431808614954,51.29839736866839,51.54037094116211,68544
2025-07-29 00:00:00+02:00,51.54036920153589,52.121104279029964,51.44358125269474,51.927528381347656,48838
2025-07-30 00:00:00+02:00,51.588764800685794,52.45987113658498,51.49197684879641,52.07271194458008,59646
2025-07-31 00:00:00+02:00,52.07271175314853,52.3630792999729,51.298397064208984,51.298397064208984,62838
2025-08-01 00:00:00+02:00,51.298397064208984,51.97592380161497,51.008029517384614,51.298397064208984,63911
2025-08-04 00:00:00+02:00,51.29839452107747,52.26628875732422,51.15320890875106,52.26628875732422,48278
2025-08-05 00:00:00+02:00,52.2662896979345,53.088998336660715,52.0727101087567,52.992210388183594,130836
2025-08-06 00:00:00+02:00,52.992209916228845,54.34726333618164,52.992209916228845,54.34726333618164,110024
2025-08-07 00:00:00+02:00,54.202079248274465,55.65392065671038,54.202079248274465,55.02478790283203,128341
2025-08-08 00:00:00+02:00,55.024787506555896,56.33144698007214,54.7344199654046,55.84749984741211,67518
2025-08-11 00:00:00+02:00,55.75070779371941,57.29934082212602,55.70231381925561,56.13786697387695,99070
2025-08-12 00:00:00+02:00,56.1378684176183,57.299342295737894,55.315159753904744,55.50873565673828,49481
2025-08-13 00:00:00+02:00,55.50873265060902,56.08947140433018,54.87960361602377,54.92799758911133,72956
2025-08-14 00:00:00+02:00,54.879605376258326,55.31515853246347,54.68602578547564,55.073184967041016,27621
2025-08-18 00:00:00+02:00,54.97639115968651,55.41194429873259,54.44405007517394,55.21836471557617,58257
2025-08-19 00:00:00+02:00,55.31515915281113,56.71860289422183,54.92799996690385,55.557132720947266,53580
2025-08-20 00:00:00+02:00,55.46034025471303,56.23465492280455,54.87960517670029,56.13786697387695,66629
2025-08-21 00:00:00+02:00,56.137866563458275,57.58970794009944,54.879604775480644,56.4282341003418,71701
2025-08-22 00:00:00+02:00,56.42823387936907,57.492919766737415,54.87960456057234,55.6539192199707,153691
2025-08-25 00:00:00+02:00,56.089472999413154,57.34773479658982,55.70231381925561,56.13786697387695,105113
2025-08-26 00:00:00+02:00,56.137866495103765,57.78328745840496,56.041078547001625,57.492919921875,45594
2025-08-27 00:00:00+02:00,57.49292052444788,58.99315588909602,56.67020818806281,57.444522857666016,62221
2025-08-28 00:00:00+02:00,57.44452400257273,58.89636542159873,57.057368506166654,57.10576248168945,62373
2025-08-29 00:00:00+02:00,57.10575947419886,58.025259729601,55.99267963467679,56.5250244140625,45949
2025-09-01 00:00:00+02:00,56.42823337636442,56.9121804957024,55.992680230515525,56.476627349853516,62917
2025-09-02 00:00:00+02:00,56.42823616374038,57.15415687860554,56.04108066447984,56.81539535522461,201054
2025-09-03 00:00:00+02:00,56.912181323877725,56.912181323877725,55.79910514853719,55.89589309692383,47855
2025-09-04 00:00:00+02:00,56.13786561354949,56.234653560131726,55.6539184961913,55.70231246948242,20583
2025-09-05 00:00:00+02:00,55.70231328903759,55.895892877273724,55.024786576322896,55.121578216552734,63173
2025-09-08 00:00:00+02:00,54.92800086545947,55.99268310578594,54.92800086545947,55.750709533691406,54963
2025-09-09 00:00:00+02:00,55.99268008998479,56.04107775557592,54.92799790700276,55.16997146606445,47982
2025-09-10 00:00:00+02:00,54.73441792065791,55.60552420379296,54.686023947644514,55.4603385925293,82725
2025-09-11 00:00:00+02:00,55.460338998493775,55.65391858418782,54.9763918803704,55.16997146606445,43890
2025-09-12 00:00:00+02:00,55.02478594243516,55.169971554995605,54.637630462646484,54.637630462646484,38080
2025-09-15 00:00:00+02:00,54.589237213134766,54.83121077579543,54.49244557273637,54.589237213134766,35466
2025-09-16 00:00:00+02:00,54.395656672365504,54.68602420403071,53.766523943571336,53.86331558227539,52554
2025-09-17 00:00:00+02:00,53.86331701061413,54.0084989341849,52.45986959608854,53.23418426513672,71580
2025-09-18 00:00:00+02:00,53.234184575836046,54.25047281565728,52.84702539294052,53.476158142089844,40450
2025-09-19 00:00:00+02:00,53.66973599709076,54.00849750199625,53.33097079996179,53.86331558227539,60267
2025-09-22 00:00:00+02:00,53.814920169024376,54.54084087467969,53.572946600472605,54.49244689941406,33019
2025-09-23 00:00:00+02:00,54.492447096069824,55.266761779785156,54.39565914518928,55.266761779785156,40158
2025-09-24 00:00:00+02:00,55.266759501886895,55.36355114100169,54.589236489200836,54.637630462646484,27386
2025-09-25 00:00:00+02:00,54.63763181083587,55.460340456382795,54.54084016933273,55.073184967041016,44069
2025-09-26 00:00:00+02:00,55.07318587802406,55.31515944744908,54.6376327146143,55.266761779785156,93915
2025-09-29 00:00:00+02:00,55.21836749573488,55.65392065671038,54.68602638441977,55.02478790283203,30091
2025-09-30 00:00:00+02:00,54.831210586651856,55.6539192199707,54.686024972666864,55.6539192199707,29090
2025-10-01 00:00:00+02:00,55.65391843773037,55.65391843773037,53.71812997033105,53.86331558227539,31494
2025-10-02 00:00:00+02:00,53.9117104992402,54.927998723970276,53.572945296181146,54.589237213134766,28284
2025-10-03 00:00:00+02:00,54.68602443609213,55.266759501886895,54.20207731718866,54.637630462646484,19996
2025-10-06 00:00:00+02:00,54.63763150040506,55.16997260286518,54.589237526040236,54.83121109008789,22616
2025-10-07 00:00:00+02:00,54.78281339985912,54.879605040770564,54.008498733685485,54.298866271972656,25848
2025-10-08 00:00:00+02:00,54.34726261253018,54.54083850518289,53.911709469614635,54.39565658569336,18537
2025-10-09 00:00:00+02:00,54.20207873658319,54.20207873658319,53.42776406450529,54.00849914550781,32568
2025-10-10 00:00:00+02:00,53.96010416127412,54.58923689744296,53.7181306000128,54.34726333618164,22386
2025-10-13 00:00:00+02:00,54.05689179347982,54.298865353329276,53.5729446737809,54.105289459228516,18041
2025-10-14 00:00:00+02:00,54.202077406278896,54.25047137980409,53.81491823363036,54.105289459228516,24788
2025-10-15 00:00:00+02:00,54.10529224276768,54.44405376709568,53.911712646484375,53.911712646484375,25719
2025-10-16 00:00:00+02:00,53.911709070607735,54.92799726840669,53.911709070607735,54.6860237121582,25552
2025-10-17 00:00:00+02:00,54.686026076085014,54.782814025878906,53.7665257841486,54.782814025878906,52073
2025-10-20 00:00:00+02:00,54.34726569808088,54.78281517350115,54.202080078125,54.444053649902344,19565
2025-10-21 00:00:00+02:00,54.444052509376675,54.83121169299947,54.39565853447973,54.782814025878906,23052
2025-10-22 00:00:00+02:00,54.782814865055634,54.92800048419408,54.10529182167271,54.20207977294922,16128
2025-10-23 00:00:00+02:00,54.105291514309755,54.29886741576311,53.137397238148395,53.960105895996094,44971
2025-10-24 00:00:00+02:00,54.250473526644804,55.266761779785156,53.960105981779506,55.266761779785156,52048
2025-10-27 00:00:00+01:00,55.55713136702815,55.605525341031296,54.97639260231975,55.121578216552734,53096
2025-10-28 00:00:00+01:00,55.169974218440956,57.97686912047918,55.07318626687702,57.34773635864258,81438
2025-10-29 00:00:00+01:00,57.3961278742317,58.31562814357089,57.3961278742317,57.783287048339844,31937
2025-10-30 00:00:00+01:00,57.88007418651237,58.36402130126953,56.96057393002906,58.36402130126953,66283
2025-10-31 00:00:00+01:00,58.46081317206473,59.76746891021651,58.0736540018298,59.138336181640625,57401
2025-11-03 00:00:00+01:00,59.13833715280044,60.880549755244445,59.04154920476402,60.396602630615234,94446
2025-11-04 00:00:00+01:00,60.39660325489007,60.880550384521484,59.28352337984838,60.880550384521484,33509
2025-11-05 00:00:00+01:00,60.88055151685764,60.88055151685764,59.23513050706242,60.00944519042969,30384
2025-11-06 00:00:00+01:00,60.00944488154732,60.39660406734998,54.39565884075052,59.76747131347656,80890
2025-11-07 00:00:00+01:00,59.235128138144276,59.86425717787234,58.89636293931516,59.38031005859375,29608
2025-11-10 00:00:00+01:00,59.13833712588655,60.396602603128706,59.08994315189036,59.8642578125,59658
2025-11-12 00:00:00+01:00,60.00944201660156,60.832150631875265,59.961048043742544,60.49338912963867,52113
2025-11-13 00:00:00+01:00,60.59018047627565,61.267707211001785,60.54178650070028,60.78376007080078,95869
2025-11-14 00:00:00+01:00,60.92894568975055,61.17091925985105,59.041551104521915,60.78376007080078,71225
2025-11-17 00:00:00+01:00,60.78376007080078,61.267707211001785,60.78376007080078,60.78376007080078,30172
2025-11-18 00:00:00+01:00,60.00944519042969,60.78375987379695,59.42871010096015,60.00944519042969,96408
2025-11-19 00:00:00+01:00,59.96104979112723,61.3644971982788,59.62228458679489,60.63857650756836,34745
2025-11-20 00:00:00+01:00,60.735365370316984,61.26770647973958,60.4449978281068,60.8321533203125,40783
2025-11-21 00:00:00+01:00,60.783756827733775,60.783756827733775,58.993153981415674,59.428707122802734,75624
2025-11-24 00:00:00+01:00,59.42870703959232,60.154627710146514,59.041547871740704,59.9610481262207,86574
2025-11-25 00:00:00+01:00,60.00944374095391,60.590178816396296,59.71907620323272,60.106231689453125,42555
2025-11-26 00:00:00+01:00,60.39660446330071,61.3644987419291,60.106233225933266,61.31610107421875,48663
2025-11-27 00:00:00+01:00,61.31609974683778,61.41289138793945,60.928944259101826,61.41289138793945,20041
2025-11-28 00:00:00+01:00,61.36449803319315,62.09041873378034,60.97733884932387,61.8968391418457,34703
2025-12-01 00:00:00+01:00,61.94523311677346,62.71955148451202,61.46128598304867,61.8968391418457,54124
2025-12-02 00:00:00+01:00,62.09041884025981,62.13880912304693,60.7837593616279,61.364498138427734,103882
2025-12-03 00:00:00+01:00,61.848444442635355,62.04202034007949,61.17091772491017,61.94523239135742,46744
2025-12-04 00:00:00+01:00,61.94523153417327,62.042019481556004,60.49339017009108,60.68696975708008,43559
2025-12-05 00:00:00+01:00,60.68696948922646,62.283992767333984,60.68696948922646,62.283992767333984,24439
2025-12-08 00:00:00+01:00,62.719549462567855,62.767939743712,60.68696935111559,60.97733688354492,50132
2025-12-09 00:00:00+01:00,61.074127197265625,61.122524864732455,60.59018006038642,61.074127197265625,62271
2025-12-10 00:00:00+01:00,60.97733874653661,62.81633932848033,60.68697120523591,62.42918014526367,47398
2025-12-11 00:00:00+01:00,62.33238987816059,62.33238987816059,60.97733647950444,61.267704010009766,117070
2025-12-12 00:00:00+01:00,60.97733924677924,61.800047902584424,60.97733924677924,61.074127197265625,14653
2025-12-15 00:00:00+01:00,61.074126903916,61.945233223003946,60.97733895389451,61.364498138427734,32345
2025-12-16 00:00:00+01:00,61.364495648327186,61.46128359442114,60.83215086814004,61.267704010009766,33282
2025-12-17 00:00:00+01:00,61.65486547105396,62.42918014526367,61.2677062878373,62.42918014526367,113823
2025-12-18 00:00:00+01:00,62.38078341812988,62.38078341812988,60.735366095225416,60.78376007080078,25150
2025-12-19 00:00:00+01:00,60.83215423857681,62.13881004435846,60.83215423857681,61.558074951171875,48248
2025-12-22 00:00:00+01:00,61.65486547105396,62.76794166141054,61.65486547105396,62.42918014526367,26377
2025-12-23 00:00:00+01:00,62.38078124669282,62.67115247448471,61.84844384167046,61.993629455566406,25875
2025-12-29 00:00:00+01:00,61.99363039044607,63.78423329697325,59.57389104495678,62.71955108642578,93172
2025-12-30 00:00:00+01:00,62.71955199787447,63.73583655634653,62.71955199787447,62.91312789916992,35060
2026-01-02 00:00:00+01:00,63.20350035749212,65.42965280321785,63.20350035749212,64.41336822509766,82759
2026-01-05 00:00:00+01:00,64.60693945571256,64.60693945571256,63.493859621159224,64.46175384521484,57690
2026-01-07 00:00:00+01:00,64.84891253127826,65.67162113874092,64.70372692185617,65.28446197509766,63154
2026-01-08 00:00:00+01:00,65.3328593155479,65.72001847727014,64.36496510346572,65.04248809814453,41110
2026-01-09 00:00:00+01:00,64.84891220950682,65.6232305329513,64.46175304778458,65.04248809814453,39977
2026-01-12 00:00:00+01:00,65.13928900876297,65.91360001411215,64.9457057190901,65.72002410888672,35580
2026-01-13 00:00:00+01:00,65.91359762106087,66.54273036687347,64.55854418033692,65.09088897705078,45553
2026-01-14 00:00:00+01:00,65.33285996149917,65.52643585205078,64.55854163039893,65.52643585205078,68266
2026-01-15 00:00:00+01:00,65.5264382399965,66.15557098388672,65.09088877815941,66.15557098388672,45452
2026-01-16 00:00:00+01:00,66.25235817218687,67.99457076843083,66.20396789056443,67.80099487304688,64808
2026-01-19 00:00:00+01:00,67.7525957614065,68.13975492836106,67.1718607031981,67.89778137207031,50284
2026-01-20 00:00:00+01:00,67.80099929275956,68.23654877798897,67.07507856107883,67.75260162353516,101990
2026-01-21 00:00:00+01:00,68.47851932009848,68.57530726980988,65.96199570536594,66.63951873779297,71864
2026-01-22 00:00:00+01:00,66.9298877746159,68.38172912597656,66.9298877746159,68.38172912597656,38578
2026-01-23 00:00:00+01:00,68.57530790414165,68.57530790414165,66.4943337360847,67.12346649169922,48322
2026-01-26 00:00:00+01:00,67.0750732421875,68.1881457016093,66.54272846072293,67.0750732421875,34360
2026-01-27 00:00:00+01:00,67.41383282524066,68.62370058095406,67.41383282524066,67.99456787109375,49424
2026-01-28 00:00:00+01:00,68.38172994364584,68.47851789133782,67.55902131159338,67.80099487304688,35353
2026-01-29 00:00:00+01:00,67.80099874323614,69.54320405448088,67.80099874323614,68.57530975341797,35594
2026-01-30 00:00:00+01:00,68.57531005404458,69.05925720669761,67.17186626512981,68.8172836303711,31338
2026-02-02 00:00:00+01:00,68.72049077351888,69.83357062209203,67.80099420286327,69.68838500976562,39086
2026-02-03 00:00:00+01:00,69.6883900302501,71.5757809731237,69.6883900302501,70.12393951416016,91976
2026-02-04 00:00:00+01:00,70.07554353736796,70.07554353736796,68.2365430285047,69.20443725585938,68750
2026-02-05 00:00:00+01:00,69.20444198422099,70.60788575599615,68.91407074239633,70.46270751953125,103183
2026-02-06 00:00:00+01:00,69.20443725585938,70.26911942906014,69.20443725585938,69.20443725585938,46168
2026-02-09 00:00:00+01:00,69.34962647885808,71.43060065294549,69.34962647885808,70.80146789550781,40980
2026-02-10 00:00:00+01:00,71.14022682314804,71.38220038377099,70.51109408863896,71.23701477050781,42435
2026-02-11 00:00:00+01:00,71.4305986797734,72.39849293080314,71.33380334711275,71.72096252441406,92624
2026-02-12 00:00:00+01:00,71.14022601516707,72.54366969706166,70.94665012264608,71.8177490234375,56327
2026-02-13 00:00:00+01:00,71.76936208477579,71.81775236793605,69.44641434411118,69.49481201171875,94459
2026-02-16 00:00:00+01:00,70.269120528016,71.4305980496744,69.54319984614715,71.23701477050781,67351
2026-02-17 00:00:00+01:00,71.14022858183263,71.43059981553736,70.65628144862288,71.3822021484375,76802
2026-02-18 00:00:00+01:00,71.62417717840933,77.47994056366633,71.62417717840933,77.33475494384766,233129
2026-02-19 00:00:00+01:00,77.23796333045738,77.47993689053469,75.01180362396728,75.73772430419922,210996
2026-02-20 00:00:00+01:00,75.54414777371919,76.51204200587729,74.38267026446127,75.25377655029297,211704
2026-02-23 00:00:00+01:00,75.25377558423327,75.49574913916649,74.18909341941645,74.5278549194336,138233
2026-02-24 00:00:00+01:00,75.30217309162461,76.22166964467047,74.23748354458603,75.59253692626953,132720
2026-02-25 00:00:00+01:00,75.59254286825369,78.78659699154575,75.39896696327429,77.8187026977539,120063
2026-02-26 00:00:00+01:00,78.44783515869487,79.31893411214158,77.57672882080078,77.57672882080078,74601
2026-02-27 00:00:00+01:00,77.81869604097172,79.02856380471678,77.72190809676147,78.54461669921875,112666
2026-03-02 00:00:00+01:00,77.2863517410713,78.35103390275121,75.83451041574956,77.72190856933594,344151
2026-03-03 00:00:00+01:00,77.28635749900026,77.43154311923831,74.81823149274298,75.20538330078125,232479
2026-03-04 00:00:00+01:00,74.62464608074393,75.97969952366043,73.26959263782743,74.57625579833984,227542
2026-03-05 00:00:00+01:00,75.25377638103896,76.41524650323764,74.6246436546618,76.3184585571289,102052
2026-03-06 00:00:00+01:00,75.97969722441155,76.31845872877749,73.51156397862958,75.25377655029297,57056
2026-03-09 00:00:00+01:00,74.86661995789858,75.88291189043024,73.1728049933106,74.81822967529297,151229
2026-03-10 00:00:00+01:00,76.02809439954808,76.85080301468804,74.5762530606728,76.07648468017578,94314
2026-03-11 00:00:00+01:00,76.41524763732917,76.4636453033253,74.52785681463351,75.97969818115234,97941
2026-03-12 00:00:00+01:00,75.30217740093626,75.5925412521978,73.8019383238528,74.23748779296875,260660
2026-03-13 00:00:00+01:00,73.94712363323087,75.10859380232644,73.8019380159821,73.99551391601562,132786
2026-03-16 00:00:00+01:00,73.5599600598703,74.38266866259791,73.17280089845531,74.04390716552734,70446
2026-03-17 00:00:00+01:00,74.52785570855306,76.3184585571289,73.70514708995842,76.3184585571289,138528
2026-03-18 00:00:00+01:00,76.27006877002228,77.38314123414844,75.10859125585799,75.4957504272461,137952
2026-03-19 00:00:00+01:00,75.49575270734927,75.49575270734927,74.23748720844789,74.81822967529297,164537
2026-03-20 00:00:00+01:00,74.52785636737448,76.51204251015483,74.28588280774015,74.43106842041016,246213
2026-03-23 00:00:00+01:00,74.43106713535288,76.36685557900603,72.204907471373,75.83451080322266,196446
2026-03-24 00:00:00+01:00,75.20538466172762,75.39896795369732,70.9466556206598,72.49528503417969,540595
2026-03-25 00:00:00+01:00,72.59207100195326,75.93130331426418,72.59207100195326,73.41477966308594,107392
2026-03-26 00:00:00+01:00,73.07601922381022,73.51156870249103,70.70468115641918,71.76936340332031,142020
2026-03-27 00:00:00+01:00,71.91454881462235,71.91454881462235,65.38126234677992,66.78470611572266,324890
2026-03-30 00:00:00+02:00,66.78470201876192,67.60741063920511,66.15556929097116,67.0750732421875,128832
2026-03-31 00:00:00+02:00,67.07507290945786,69.20443725585938,67.07507290945786,69.20443725585938,100427
2026-04-01 00:00:00+02:00,69.20444287726225,71.43060273478537,69.20444287726225,70.12393951416016,124629
2026-04-02 00:00:00+02:00,69.97875430997031,70.60787963867188,68.38172738719277,70.60787963867188,113192
2026-04-07 00:00:00+02:00,70.60788665931165,71.62417863425235,69.73678769158822,71.18862915039062,100505
2026-04-08 00:00:00+02:00,72.59206631733824,74.96340419659253,72.59206631733824,73.22119903564453,193862
2026-04-09 00:00:00+02:00,73.17280438184956,74.5762554857344,72.83404286865223,74.33428192138672,87837
2026-04-10 00:00:00+02:00,74.04391222237754,75.68932954020701,73.7535409853736,75.54415130615234,113834
2026-04-13 00:00:00+02:00,75.54414728658966,76.2700679560273,74.5762530606728,76.07648468017578,180138
2026-04-14 00:00:00+02:00,76.36685654105685,77.23796282856412,76.02809503603929,76.56043243408203,85162
2026-04-15 00:00:00+02:00,77.18956370554312,77.38313959491309,76.07648388054875,76.65721893310547,99107
2026-04-16 00:00:00+02:00,77.18956808925057,77.23796575656506,75.93130258354658,76.36685943603516,55095
2026-04-17 00:00:00+02:00,76.46364800165118,77.18956871052761,75.73772729277475,76.8508071899414,51757
2026-04-20 00:00:00+02:00,76.07648483323754,77.38314056396484,75.64093538447742,77.38314056396484,79470
2026-04-21 00:00:00+02:00,77.43153675180685,78.10905974460644,74.96340356406428,75.10858917236328,92153
2026-04-22 00:00:00+02:00,75.10858917236328,75.44735066876308,73.8503311308145,75.10858917236328,84532
2026-04-23 00:00:00+02:00,74.72143585256406,75.93130370888437,74.28588637806769,74.96340942382812,50179
2026-04-24 00:00:00+02:00,74.96341003128464,75.83451637178365,74.57625822168279,75.44735717773438,75059
2026-04-27 00:00:00+02:00,74.91501968136224,75.44735711131989,73.85033743699954,74.14070129394531,64538
2026-04-28 00:00:00+02:00,74.5278597930602,74.6246477444734,72.35009765625,72.35009765625,78107
2026-04-29 00:00:00+02:00,72.64046920133754,73.17280662857927,72.05972672151401,72.59207153320312,86997
2026-04-30 00:00:00+02:00,73.02761511376423,73.55995988248195,72.3016944570292,72.73725128173828,130348
2026-05-04 00:00:00+02:00,73.17280527846826,79.22214446128554,73.17280527846826,78.73819732666016,222918
2026-05-05 00:00:00+02:00,79.31893192966174,81.06114455751253,78.399435333236,80.62559509277344,274644
2026-05-06 00:00:00+02:00,81.25472025152135,81.69027709960938,80.33522365741416,81.69027709960938,119656
2026-05-07 00:00:00+02:00,82.07743895520771,82.65817405380004,80.81917342121817,81.49669647216797,174260
2026-05-08 00:00:00+02:00,82.17422411924125,82.51298563322135,79.80287875248624,80.38362121582031,139490
2026-05-11 00:00:00+02:00,80.72238300269044,80.72238300269044,79.51251517406632,79.56090545654297,135191
2026-05-12 00:00:00+02:00,79.56090836437197,79.85127960763326,78.15746458565316,79.3673324584961,76456
2026-05-13 00:00:00+02:00,79.36732627547592,79.89967105183408,78.30264410720648,79.27053833007812,63557
2026-05-14 00:00:00+02:00,79.3189347898034,79.89967727632597,78.88338530935891,79.3673324584961,162145
2026-05-15 00:00:00+02:00,79.6577030910519,79.6577030910519,77.43154326830906,78.88338470458984,102308
2026-05-18 00:00:00+02:00,78.88337801659843,78.88337801659843,77.23796081542969,77.23796081542969,142104
2026-05-19 00:00:00+02:00,77.43154081908412,77.57672643500933,75.59254024774144,76.94759368896484,187141
2026-05-20 00:00:00+02:00,76.94759119173492,78.44783020019531,76.6088296885349,78.44783020019531,62198
2026-05-21 00:00:00+02:00,78.39943213179458,78.39943213179458,76.60882929456274,77.14116668701172,124534
2026-05-22 00:00:00+02:00,77.43153758473238,77.43153758473238,75.78612036483555,76.8991928100586,58328
2026-05-25 00:00:00+02:00,77.43153980542787,78.59300994873047,77.38314213927066,78.59300994873047,132221
2026-05-26 00:00:00+02:00,80.43201315378548,80.81917234249528,78.109065405974,78.15746307373047,178349
2026-05-27 00:00:00+02:00,78.39943779713953,78.39943779713953,76.85080840396206,77.8187026977539,72305
2026-05-28 00:00:00+02:00,77.52833122050495,79.1253582773033,76.85080817068622,78.88338470458984,93665
2026-05-29 00:00:00+02:00,78.73819619017797,79.31893126645684,78.3026467290806,79.07695770263672,52427
2026-06-01 00:00:00+02:00,79.56090290462612,79.56090290462612,77.57672415999343,77.62511444091797,77536
2026-06-02 00:00:00+02:00,78.78659606102521,79.02856963161531,76.94759544765101,77.09278106689453,94487
2026-06-03 00:00:00+02:00,77.62511575607299,79.70608986670531,77.38314219400986,79.65769958496094,137509
2026-06-05 00:00:00+02:00,78.8833841697148,80.28682792815778,78.8349865017213,79.70609283447266,172104
2026-06-08 00:00:00+02:00,78.44783239111472,80.14164733886719,77.7219116992208,80.14164733886719,137545
2026-06-09 00:00:00+02:00,80.43200860325913,81.20632693687085,79.22214082227013,80.57719421386719,102602
2026-06-10 00:00:00+02:00,80.77077106101206,81.73866529725879,80.09324804941812,81.30311584472656,74402
2026-06-11 00:00:00+02:00,81.73866319258026,81.78706085692522,80.04484832276229,80.91595458984375,160014
2026-06-12 00:00:00+02:00,81.7870617549881,84.35198292005167,81.64187614480585,83.77124786376953,113484
2026-06-15 00:00:00+02:00,84.20680009611124,85.65864147707867,84.20680009611124,84.88432312011719,112444
2026-06-16 00:00:00+02:00,84.83593335188543,85.80382761172567,83.77125114295062,84.06161499023438,41632
2026-06-17 00:00:00+02:00,84.3035864655427,84.93271919573382,83.09371867073168,83.67445373535156,38098
2026-06-18 00:00:00+02:00,83.96482840250219,84.44877554026877,82.07743751899143,82.65817260742188,35465
2026-06-19 00:00:00+02:00,82.65817229844755,82.75496024874961,81.10954294027268,82.41619873046875,133225
2026-06-22 00:00:00+02:00,82.46458435058594,82.85174351435026,81.25471657910171,82.46458435058594,83616
2026-06-23 00:00:00+02:00,82.46458499213354,83.09371771508916,80.91595570947527,82.94853210449219,44971
2026-06-24 00:00:00+02:00,82.94853186755238,84.20679730986942,81.30311464401184,83.77124786376953,68497
2026-06-25 00:00:00+02:00,83.91642937436892,84.5455621201545,83.14211839716504,84.06161499023438,57874
2026-06-26 00:00:00+02:00,84.20680297851563,85.07790931380353,83.23890869140625,84.69075012207031,76008
2026-06-29 00:00:00+02:00,84.69074742078446,85.75542962575632,83.81964111328125,83.81964111328125,77104
2026-06-30 00:00:00+02:00,84.64234960516981,86.57813811423668,84.20680014440863,85.94901275634766,80698
2026-07-01 00:00:00+02:00,86.5297446911507,89.48181762964921,86.23937347155228,89.33663940429688,83625
2026-07-02 00:00:00+02:00,89.3366431478617,92.38550415917027,89.3366431478617,92.24032592773438,92748
2026-07-03 00:00:00+02:00,92.191925686271,92.82105841456277,90.64329639047763,92.67587280273438,81724
2026-07-06 00:00:00+02:00,92.91784633528782,95.04721069335938,92.14352799538163,95.04721069335938,79965
2026-07-07 00:00:00+02:00,95.33758419721555,95.62795542773719,93.49858363428845,94.36968994140625,65311
2026-07-08 00:00:00+02:00,94.4180844750374,95.62795225465374,92.9662431394978,95.38597869873047,75264
2026-07-09 00:00:00+02:00,95.57955994113566,98.24126920531918,94.41808976145269,96.06350708007812,168388
2026-07-10 00:00:00+02:00,96.54745290272972,98.62842704870056,96.49905523571638,98.5316390991211,109894
2026-07-13 00:00:00+02:00,98.53164030591533,100.0802696714956,96.78942765435797,98.43484497070312,98443
2026-07-14 00:00:00+02:00,98.53163990213736,101.62889862060547,98.14448071621702,101.62889862060547,73202
2026-07-15 00:00:00+02:00,102.11284471886431,103.37111021420266,100.7577912741416,103.2743148803711,181493
2026-07-16 00:00:00+02:00,103.27431304554193,103.95184344808949,101.82247167722907,102.88716125488281,83584
2026-07-17 00:00:00+02:00,102.88716062076483,104.53257787426614,101.62889515553653,102.40321350097656,101301
2026-07-20 00:00:00+02:00,102.11284410043042,103.75826138334097,101.24173779235248,102.79036712646484,71912
2026-07-21 00:00:00+02:00,102.7903638371027,102.98394711295141,99.30594610074186,102.5,180147
2026-07-22 00:00:00+02:00,102.0,102.80000305175781,100.0,101.4000015258789,109542
2026-07-23 00:00:00+02:00,101.30000305175781,102.30000305175781,98.94999694824219,99.44999694824219,75916
2026-07-24 00:00:00+02:00,99.44999694824219,101.4000015258789,98.80000305175781,100.5,68287
2026-07-27 00:00:00+02:00,100.9000015258789,102.30000305175781,99.80000305175781,99.8499984741211,46243
2026-07-28 00:00:00+02:00,99.80000305175781,100.9000015258789,96.69999694824219,97.80000305175781,88546
2026-07-29 00:00:00+02:00,97.75,99.05000305175781,97.3499984741211,98.0,81793
2026-07-30 00:00:00+02:00,98.94999694824219,100.30000305175781,97.5,100.0,73420
2026-07-31 00:00:00+02:00,100.9000015258789,101.5,99.1500015258789,100.0999984741211,87854
2026-08-03 00:00:00+02:00,100.4000015258789,101.80000305175781,99.55000305175781,99.55000305175781,104078
2026-08-04 00:00:00+02:00,100.19999694824219,104.0,99.69999694824219,104.0,96091
2026-08-05 00:00:00+02:00,104.0,104.5999984741211,101.5,103.80000305175781,82526
2026-08-06 00:00:00+02:00,103.9000015258789,104.0,101.5,103.9000015258789,79785
2026-08-07 00:00:00+02:00,103.9000015258789,107.0999984741211,103.5999984741211,106.5,92829
2026-08-10 00:00:00+02:00,106.5,107.5,105.4000015258789,106.5999984741211,58502
2026-08-11 00:00:00+02:00,106.5999984741211,109.0,104.5999984741211,104.80000305175781,78536
2026-08-12 00:00:00+02:00,106.0,106.19999694824219,101.9000015258789,102.0,154911
2026-08-13 00:00:00+02:00,104.5999984741211,105.0,100.69999694824219,101.5,88156
2026-08-14 00:00:00+02:00,102.0999984741211,102.5999984741211,100.5,102.0,83743
2026-08-17 00:00:00+02:00,102.0,102.0999984741211,98.9000015258789,99.55000305175781,100103
2026-08-18 00:00:00+02:00,99.55000305175781,100.5999984741211,98.30000305175781,99.5,40534
2026-08-19 00:00:00+02:00,99.5999984741211,100.0,98.1500015258789,99.0,54448
2026-08-20 00:00:00+02:00,99.5,99.6500015258789,98.0,98.44999694824219,54888
2026-08-21 00:00:00+02:00,99.0999984741211,99.80000305175781,98.5999984741211,99.5,56428
