Date,Open,High,Low,Close,Volume
2016-08-22 00:00:00+02:00,27.557062657301202,28.380366722781606,26.885169070265157,27.206920623779297,282316
2016-08-23 00:00:00+02:00,27.452966809656555,28.86299486688417,27.452966809656555,28.5980224609375,921885
2016-08-24 00:00:00+02:00,28.673728145288937,29.52542450612028,28.52231586002488,28.75889778137207,366671
2016-08-25 00:00:00+02:00,29.052260720723027,29.118503370034595,27.254236670956836,28.020763397216797,254566
2016-08-26 00:00:00+02:00,27.831497289648706,28.72104582591621,27.632769340629565,28.380367279052734,278457
2016-08-29 00:00:00+02:00,28.654803167010446,30.424436745453853,28.399294256945165,29.99858856201172,536244
2016-08-30 00:00:00+02:00,30.92598854588159,37.74901018052043,30.82189192458402,36.82160949707031,4042555
2016-08-31 00:00:00+02:00,37.06765501747988,38.23164128851585,35.3926581317435,36.67966079711914,1672292
2016-09-01 00:00:00+02:00,36.24435100668411,37.237994392137445,34.83432472340899,35.10875701904297,658476
2016-09-02 00:00:00+02:00,36.90678037153013,37.80579241026327,35.430507857085594,37.502967834472656,861460
2016-09-05 00:00:00+02:00,39.74576363300051,45.698165767283996,39.00762917785854,45.10197830200195,2143268
2016-09-06 00:00:00+02:00,45.42372829531986,47.03248606110316,43.29449103147674,44.39223098754883,1253606
2016-09-07 00:00:00+02:00,45.04519800210401,46.27542692535927,41.354522062199514,42.39548110961914,1367958
2016-09-08 00:00:00+02:00,42.584747517934346,44.74237357032448,39.565963382357474,44.18404006958008,1798913
2016-09-09 00:00:00+02:00,44.96949256874963,45.631922678259066,44.08940752224992,44.47740173339844,763086
2016-09-12 00:00:00+02:00,44.47740262481412,44.47740262481412,42.3954809288959,42.963279724121094,832778
2016-09-13 00:00:00+02:00,43.53107452392578,45.0357357225205,42.64152777888977,43.53107452392578,689477
2016-09-14 00:00:00+02:00,44.47740051854926,48.63177841492331,43.81497042713334,48.603389739990234,1428200
2016-09-15 00:00:00+02:00,50.09858456844152,51.764123256576184,47.78954639847471,48.83050537109375,1861520
2016-09-16 00:00:00+02:00,49.303672108888755,49.84307861328125,46.79590585038678,49.84307861328125,1064449
2016-09-19 00:00:00+02:00,49.49293893458477,50.0985880965755,48.26271362304688,49.68220520019531,522366
2016-09-20 00:00:00+02:00,49.30367193287896,51.79251480510828,49.12387096870791,51.1016960144043,923164
2016-09-21 00:00:00+02:00,51.537003871540634,54.15833194197459,51.10169401116769,53.599998474121094,988169
2016-09-22 00:00:00+02:00,54.12994343839191,55.360168687228494,52.7766945816856,54.88700485229492,1195166
2016-09-23 00:00:00+02:00,55.17090440275898,55.265539339099554,53.32556465858536,53.86497116088867,928040
2016-09-26 00:00:00+02:00,52.99434904153216,53.316100590825314,50.06073473500019,52.00070571899414,1463542
2016-09-27 00:00:00+02:00,51.06384254331132,51.849296278128605,50.060737477583075,50.15536880493164,1050889
2016-09-28 00:00:00+02:00,49.20903905529113,51.93446376760195,46.50254132965754,50.581214904785156,1911610
2016-09-29 00:00:00+02:00,51.45183613824856,53.278248891595865,50.31624217404993,51.480228424072266,933026
2016-09-30 00:00:00+02:00,50.75155371972784,52.171045218206515,49.871468701874775,49.95663833618164,525703
2016-10-03 00:00:00+02:00,50.060737228494304,50.9124300002548,49.21850253548636,50.62853240966797,347745
2016-10-04 00:00:00+02:00,50.628532678545305,53.75141341149287,50.628532678545305,53.704097747802734,732499
2016-10-05 00:00:00+02:00,53.741950227307434,53.741950227307434,51.953391475931255,52.805084228515625,243763
2016-10-06 00:00:00+02:00,52.99435037912457,53.32556362501264,52.066949680684324,53.183616638183594,322334
2016-10-07 00:00:00+02:00,52.502257888583195,53.16468796935624,51.57485721948234,51.68841552734375,222610
2016-10-10 00:00:00+02:00,51.68841907065417,52.85240173339844,51.57486075500818,52.85240173339844,165255
2016-10-11 00:00:00+02:00,56.779661865234374,60.45141434330656,56.779661865234374,59.14548110961914,2259641
2016-10-12 00:00:00+02:00,58.65338923265573,61.889831778712015,58.19915237898975,61.41666793823242,1006406
2016-10-13 00:00:00+02:00,61.22739879112799,64.2556517378033,60.328390371592675,62.4765510559082,1064451
2016-10-14 00:00:00+02:00,61.79519918945842,64.05692172305382,61.79519918945842,63.87711715698242,672182
2016-10-17 00:00:00+02:00,63.41342066570874,65.66567797361628,63.120054171636895,65.30607604980469,741135
2016-10-18 00:00:00+02:00,66.24293838357056,68.49519568944532,66.23347308508457,67.28389739990234,966601
2016-10-19 00:00:00+02:00,68.18291255709373,70.33107322417807,68.18291255709373,68.230224609375,1134434
2016-10-20 00:00:00+02:00,68.23022690863687,69.36582450026434,63.99068278230198,67.80438232421875,1413761
2016-10-21 00:00:00+02:00,67.19872976880393,67.78544830259487,64.8329105973059,65.19251251220703,484452
2016-10-24 00:00:00+02:00,64.68149355356834,67.00000063231573,64.44491164062924,65.2966079711914,532625
2016-10-25 00:00:00+02:00,65.24928984708674,66.70663532278635,62.7415273017959,62.930789947509766,950930
2016-10-26 00:00:00+02:00,62.56172121750257,66.24293518066406,62.46708989694016,66.24293518066406,771390
2016-10-27 00:00:00+02:00,66.29025754754893,67.94633100442653,65.24929131301433,67.66242980957031,736245
2016-10-28 00:00:00+02:00,67.17980133734095,68.75070878339794,66.73502616358005,68.5046615600586,546448
2016-10-31 00:00:00+01:00,68.13559292151672,69.36582179278477,67.28389656601631,68.79801940917969,314857
2016-11-02 00:00:00+01:00,68.32485529588672,68.46680589121964,65.6656768376058,66.79180908203125,526878
2016-11-03 00:00:00+01:00,66.43220226510961,67.45423792331928,64.8234480482261,66.5836181640625,374941
2016-11-04 00:00:00+01:00,66.33756713946818,66.33756713946818,64.53954315185547,64.53954315185547,424874
2016-11-07 00:00:00+01:00,65.32499578553514,67.74759223176704,65.32499578553514,67.18926239013672,467700
2016-11-08 00:00:00+01:00,68.13559670644264,69.69703890828013,66.62147377916988,69.08192443847656,663859
2016-11-09 00:00:00+01:00,67.0473183706221,69.08192443847656,66.526842449948,69.08192443847656,739811
2016-11-10 00:00:00+01:00,69.0819219931578,74.9491508361206,68.98729066728563,73.81356048583984,1466601
2016-11-14 00:00:00+01:00,73.81356003535204,75.72513879796989,71.3531094781551,73.59590148925781,1030468
2016-11-15 00:00:00+01:00,73.52966074618323,75.68729400634766,72.89562290837057,75.68729400634766,985040
2016-11-16 00:00:00+01:00,75.70621471022538,78.26129656873259,74.52330510537811,77.84491729736328,1053697
2016-11-17 00:00:00+01:00,78.0720331610703,80.33375572596205,77.12570548639064,77.59886932373047,825932
2016-11-18 00:00:00+01:00,77.01214286001388,78.73445892333984,75.13841812447943,78.73445892333984,905552
2016-11-21 00:00:00+01:00,79.96469217936198,80.125566158661,77.88277408750727,78.07203674316406,526233
2016-11-22 00:00:00+01:00,77.36228463290645,78.35593154367719,76.44434566617493,77.58940124511719,561676
2016-11-23 00:00:00+01:00,76.74717251797969,78.54519653320312,74.75988585690418,78.54519653320312,1028424
2016-11-24 00:00:00+01:00,78.16666382129874,78.8385555982313,77.16355880502014,78.13827514648438,398389
2016-11-25 00:00:00+01:00,77.31496679192573,80.72175213758943,77.31496679192573,80.43785095214844,716308
2016-11-28 00:00:00+01:00,80.48517284035549,83.75000047956193,80.48517284035549,82.80367279052734,868339
2016-11-29 00:00:00+01:00,83.75000131996448,83.93926397170767,74.7598881839231,76.57683563232422,1743495
2016-11-30 00:00:00+01:00,75.70621577233105,80.0593217352586,70.97457728656036,78.33700561523438,5873750
2016-12-01 00:00:00+01:00,79.87005625209852,83.50395101477972,76.39703545945217,79.49152374267578,1345095
2016-12-02 00:00:00+01:00,78.54519588379785,80.24858856201172,77.62725689719966,80.24858856201172,1538516
2016-12-05 00:00:00+01:00,79.4915287156951,81.38418416130689,78.21398773388866,79.10353088378906,958416
2016-12-06 00:00:00+01:00,78.54519846469542,78.54519846469542,74.22048119947173,74.7598876953125,1825538
2016-12-07 00:00:00+01:00,72.86723541950099,76.65254635038414,66.75395913251359,67.70028686523438,2068591
2016-12-08 00:00:00+01:00,65.39123878980338,70.78531069530143,62.50494380607398,70.35945892333984,2246789
2016-12-09 00:00:00+01:00,70.57712398786799,73.17952525096129,68.6655379260112,69.08192443847656,914996
2016-12-12 00:00:00+01:00,68.892661476758,73.32147553197683,67.17034530083441,72.81991577148438,1123417
2016-12-13 00:00:00+01:00,74.75988474142916,74.85451606294323,72.13856031396347,72.58332824707031,618163
2016-12-14 00:00:00+01:00,71.82627392213149,72.58333175069457,68.76963227232316,69.50776672363281,573448
2016-12-15 00:00:00+01:00,69.08192152907485,70.17019981906229,64.4543796919116,66.68771362304688,928306
2016-12-16 00:00:00+01:00,66.24293534791157,68.01257064851515,63.403952404429646,67.24604034423828,989274
2016-12-19 00:00:00+01:00,67.09463195350996,67.09463195350996,63.94335914038348,65.2966079711914,443788
2016-12-20 00:00:00+01:00,64.91808097354577,69.26172901793345,63.962287942617365,69.08192443847656,656857
2016-12-21 00:00:00+01:00,69.42260259600673,69.81059320953305,66.43220351460882,67.48262786865234,522739
2016-12-22 00:00:00+01:00,67.0757004742545,67.66242620978556,65.95903357108695,67.18926239013672,281895
2016-12-23 00:00:00+01:00,67.31228272739487,67.3785253736873,66.24293508870093,66.62146759033203,133184
2016-12-27 00:00:00+01:00,66.0536733349349,66.23347068019646,64.72881317138672,64.72881317138672,253531
2016-12-28 00:00:00+01:00,64.44491768108286,66.33757316199517,64.2651203199334,64.58686828613281,364007
2016-12-29 00:00:00+01:00,64.39759977959967,65.09788022238737,64.2083299167469,64.53954315185547,170713
2016-12-30 00:00:00+01:00,64.53954399215655,64.77612590887253,63.025421169155706,63.309322357177734,250528
2017-01-02 00:00:00+01:00,63.40395511862514,64.11370088487841,59.33474678076381,60.470340728759766,498602
2017-01-03 00:00:00+01:00,59.6186448796194,60.09180872787035,56.82697745294808,56.978389739990234,954161
2017-01-04 00:00:00+01:00,56.7323459700163,60.5271184340901,55.89011490005687,59.61864471435547,1272757
2017-01-05 00:00:00+01:00,60.385171445980504,60.51765674553093,58.39788112286312,59.61864471435547,620220
2017-01-09 00:00:00+01:00,59.618645492532835,63.19576306689962,58.83319176358359,63.129520416259766,766620
2017-01-10 00:00:00+01:00,63.68785375902747,67.2933597966328,63.60268051614097,65.67514038085938,999062
2017-01-11 00:00:00+01:00,66.14830438531563,67.93686307180207,64.35028040072571,67.84223175048828,853574
2017-01-12 00:00:00+01:00,67.8895489022145,69.44152579207399,66.25240598274559,67.0757064819336,751955
2017-01-13 00:00:00+01:00,66.71610107613999,67.38799285888672,64.81398042813986,67.38799285888672,400691
2017-01-16 00:00:00+01:00,67.75706250131762,68.92104875981877,65.96850370940442,66.5836181640625,269241
2017-01-17 00:00:00+01:00,65.34392997510669,66.08206441916803,63.252539423723114,63.35663604736328,426077
2017-01-18 00:00:00+01:00,63.403954888442016,65.15465966152948,62.93079104599095,63.42287826538086,490504
2017-01-19 00:00:00+01:00,63.42287776019913,65.76977357682186,63.21469173590102,65.2492904663086,347447
2017-01-20 00:00:00+01:00,65.48587189735989,65.90225838266575,62.45762624033672,62.836158752441406,462749
2017-01-23 00:00:00+01:00,62.741529942196614,63.763558379932306,61.03813717945807,61.36935043334961,248565
2017-01-24 00:00:00+01:00,60.612290726238506,62.45762681227464,60.04449195288202,61.51129913330078,465697
2017-01-25 00:00:00+01:00,62.74152586860945,65.8644027709961,62.64688732800718,65.8644027709961,844264
2017-01-26 00:00:00+01:00,67.18926230060862,68.9305016890409,66.76341775145484,67.56779479980469,678406
2017-01-27 00:00:00+01:00,67.88954769664475,68.0788175700395,65.40070842574012,65.58051300048828,444018
2017-01-30 00:00:00+01:00,66.0725972786339,66.0725972786339,63.403953552246094,63.403953552246094,249874
2017-01-31 00:00:00+01:00,63.40395603108847,64.7761283109625,61.719493876791006,63.385032653808594,443550
2017-02-01 00:00:00+01:00,63.92443900234389,66.4322016306091,63.782488403408195,65.95903778076172,602715
2017-02-02 00:00:00+01:00,66.24294003016658,66.40381400889062,64.36920797826829,66.23347473144531,251811
2017-02-03 00:00:00+01:00,66.233474060936,66.233474060936,64.46384587307132,65.39124298095703,242463
2017-02-06 00:00:00+01:00,65.24928889276256,65.39123948492539,64.06637932458408,64.53954315185547,238887
2017-02-07 00:00:00+01:00,64.53954716970328,64.82344837170294,63.12005559952001,63.5648307800293,360205
2017-02-08 00:00:00+01:00,63.56483203406243,64.82344965056659,62.50494959482324,64.74774169921875,397158
2017-02-09 00:00:00+01:00,65.15465757128969,65.58050934777816,63.49858417583981,64.53954315185547,360990
2017-02-10 00:00:00+01:00,64.80452141339707,64.80452141339707,63.03488608785036,63.59321594238281,317408
2017-02-13 00:00:00+01:00,64.25564934297002,64.81397919494634,63.6026809493847,64.72881317138672,305289
2017-02-14 00:00:00+01:00,64.16102155495386,67.60565383794898,63.97175168121886,65.20198059082031,481794
2017-02-15 00:00:00+01:00,66.21455018838394,66.21455018838394,63.981216243371755,64.9559326171875,357882
2017-02-16 00:00:00+01:00,65.296607236552,66.507905461987,64.5490075336867,66.21454620361328,519174
2017-02-17 00:00:00+01:00,66.41327493482508,66.60253757734398,64.35974566187632,64.70042419433594,562857
2017-02-20 00:00:00+01:00,65.68460830954315,66.1199181797662,64.76666929671977,65.4953384399414,234160
2017-02-21 00:00:00+01:00,66.16722801028307,68.51412377518277,65.83601477448657,68.46680450439453,1089984
2017-02-22 00:00:00+01:00,69.26172295039109,70.97457368495101,69.10084176290923,69.79166412353516,1286551
2017-02-23 00:00:00+01:00,69.93362097069213,70.31215350818766,68.2396934608281,68.7033920288086,653529
2017-02-24 00:00:00+01:00,68.7033848244934,69.80112834612902,66.76341750560594,67.7570571899414,637005
2017-02-27 00:00:00+01:00,68.60875919315494,68.77909847029287,66.61200714111328,66.61200714111328,503301
2017-02-28 00:00:00+01:00,67.17980137975684,67.17980137975684,64.42599152799693,65.95903778076172,617806
2017-03-01 00:00:00+01:00,66.57414765158848,69.51722717285156,65.95903324510361,69.51722717285156,844214
2017-03-02 00:00:00+01:00,70.02825113932292,71.73164391986404,69.55508728027344,70.97457885742188,1267728
2017-03-03 00:00:00+01:00,70.31214925774125,70.78531309603048,69.1954823105824,69.55508422851562,505104
2017-03-06 00:00:00+01:00,69.35635724042255,69.555085188859,67.52047921214219,67.66242980957031,522520
2017-03-07 00:00:00+01:00,66.72556732267718,66.72556732267718,64.91807797249388,65.4953384399414,552838
2017-03-08 00:00:00+01:00,65.29660739485011,69.07245267045663,64.81397827514031,68.97782135009766,493775
2017-03-09 00:00:00+01:00,68.89265918990776,68.91158256707763,65.48587370674285,66.71610260009766,497271
2017-03-10 00:00:00+01:00,67.28389728973112,68.78856207061742,67.09463463976516,67.66242980957031,349099
2017-03-13 00:00:00+01:00,69.08192118038151,70.31215006196766,68.50466071347341,70.01878356933594,420816
2017-03-14 00:00:00+01:00,70.02824912790304,70.58657899998892,68.66553494261134,69.82952117919922,236245
2017-03-15 00:00:00+01:00,69.78220106221268,70.64336271608177,68.70338808521458,68.79801940917969,337573
2017-03-16 00:00:00+01:00,69.0819238010135,71.73164431422087,68.98729247266486,70.40678405761719,1032546
2017-03-17 00:00:00+01:00,67.77599481662986,70.21751487991972,67.70028686523438,67.70028686523438,2147199
2017-03-20 00:00:00+01:00,67.4258506142201,69.25226341789984,65.87387371802575,69.05353546142578,941527
2017-03-21 00:00:00+01:00,68.60875570672096,69.72542264012317,66.54576110839844,66.54576110839844,533323
2017-03-22 00:00:00+01:00,66.24293778689064,66.51737368125377,63.5742940105579,64.6814956665039,721060
2017-03-23 00:00:00+01:00,64.72881624758242,66.51737502640512,64.54901167386872,66.14830780029297,290161
2017-03-24 00:00:00+01:00,65.95903617915492,66.14830604644247,64.68149525956952,65.0316390991211,219203
2017-03-27 00:00:00+02:00,63.877119540820736,64.16102073785399,60.77316585017047,61.407203674316406,596396
2017-03-28 00:00:00+02:00,62.04124136667628,63.96228543211961,61.08545559316977,61.501834869384766,460979
2017-03-29 00:00:00+02:00,62.9402557117549,63.356634979389554,61.65324949563209,61.98446273803711,635879
2017-03-30 00:00:00+02:00,62.457626158932605,62.62796542816234,57.9625697308276,58.908897399902344,589496
2017-03-31 00:00:00+02:00,58.17076455265422,60.44194885412834,57.697600705269565,59.429378509521484,431015
2017-04-03 00:00:00+02:00,59.99717465315061,65.99688850851216,58.795338100466516,64.91807556152344,809917
2017-04-04 00:00:00+02:00,64.91807871510748,68.46680758677779,64.06638234192513,67.1230239868164,929758
2017-04-05 00:00:00+02:00,68.70338504076655,70.31214635651332,67.8990079928466,69.92414855957031,1082927
2017-04-06 00:00:00+02:00,70.91779564507843,71.38149416705943,69.40366564530004,70.92725372314453,1014166
2017-04-07 00:00:00+02:00,70.02825113932292,71.43827741771626,68.81695281534145,70.97457885742188,694298
2017-04-10 00:00:00+02:00,70.98404011357458,73.43502529830955,70.98404011357458,71.44773864746094,630539
2017-04-11 00:00:00+02:00,71.2206237148437,71.2206237148437,68.25861343505528,68.41949462890625,552282
2017-04-12 00:00:00+02:00,68.13559617092746,69.69703836049273,65.6940689086914,65.6940689086914,676879
2017-04-13 00:00:00+02:00,66.22401240956823,67.378526082829,64.64363974011836,66.29971313476562,528854
2017-04-18 00:00:00+02:00,67.28389479401098,67.47316465686374,64.42598845405084,64.53954315185547,448713
2017-04-19 00:00:00+02:00,64.8234480482261,66.61200684013932,63.78248901260104,66.5836181640625,492694
2017-04-20 00:00:00+02:00,66.1861574920422,67.0946311606034,65.48586983968524,66.81072998046875,337119
2017-04-21 00:00:00+02:00,67.47316918841874,68.05988775289927,66.58361882303531,67.42584991455078,385851
2017-04-24 00:00:00+02:00,67.54886747873559,68.47627178573215,67.42584747899316,68.0125732421875,292134
2017-04-25 00:00:00+02:00,67.40692049870592,68.32485223831222,66.82019476687614,68.13558959960938,415946
2017-04-26 00:00:00+02:00,68.23022268738627,68.8831910816767,67.75705885845862,68.08827209472656,349878
2017-04-27 00:00:00+02:00,68.20183897167486,69.82005851787657,67.81384835809573,69.64971923828125,538380
2017-04-28 00:00:00+02:00,70.07556537309132,75.98064788773887,70.02824610262675,74.09745788574219,1576673
2017-05-02 00:00:00+02:00,75.70621538765823,77.03107560092371,74.39082047289025,74.7598876953125,654261
2017-05-04 00:00:00+02:00,73.8135568698946,74.09745805351085,71.26793317516517,71.3625717163086,1096338
2017-05-05 00:00:00+02:00,70.50141108245263,71.16383756036518,68.51412442880788,71.06920623779297,668648
2017-05-08 00:00:00+02:00,71.44774283949093,71.91144140058371,69.83898860391574,70.5960464477539,518097
2017-05-09 00:00:00+02:00,71.05974537772022,74.04067915432017,70.5014154857378,73.57698059082031,569207
2017-05-10 00:00:00+02:00,73.06596019160114,75.99011651257888,73.05649489311243,75.35607147216797,775463
2017-05-11 00:00:00+02:00,74.93022625523352,75.88601923697554,72.50762969626716,72.53601837158203,546582
2017-05-12 00:00:00+02:00,73.1038153318949,73.69999918786213,71.08813991608505,71.10706329345703,553077
2017-05-15 00:00:00+02:00,71.96822611972436,73.9460475924249,71.92090684567866,72.38460540771484,307365
2017-05-16 00:00:00+02:00,72.67797140334422,73.71893044591116,72.01553767086891,73.3309326171875,329819
2017-05-17 00:00:00+02:00,72.11016414489306,73.01864504370705,70.50141002556117,70.79476928710938,617559
2017-05-18 00:00:00+02:00,70.78531371008724,70.79477178860188,66.90536442653162,69.61186218261719,543815
2017-05-19 00:00:00+02:00,70.97457851741801,71.29632647447472,68.57090525857257,68.77909851074219,304780
2017-05-22 00:00:00+02:00,69.36582342033796,70.50141377437842,68.79802102341034,68.91158294677734,396968
2017-05-23 00:00:00+02:00,69.36582564604979,70.29322278029477,68.94943913358442,69.08192443847656,204498
2017-05-24 00:00:00+02:00,69.17654952333983,71.11652408685677,68.91157893747364,70.5487289428711,318759
2017-05-25 00:00:00+02:00,74.0596064964842,75.23305080188292,70.8894102022731,71.15438079833984,749178
2017-05-26 00:00:00+02:00,70.72853153932493,71.15438334387319,67.67189705689508,68.02203369140625,647575
2017-05-29 00:00:00+02:00,68.13559177216419,68.59929030570632,65.67514129103968,66.9242935180664,416650
2017-05-30 00:00:00+02:00,66.8012657307434,66.8012657307434,63.933894089997295,65.10734558105469,443638
2017-05-31 00:00:00+02:00,65.2966100805643,65.99689054391227,62.94971425163411,63.29985809326172,871955
2017-06-01 00:00:00+02:00,63.40395242344641,65.7603062456692,61.51129712722413,65.48587036132812,589041
2017-06-02 00:00:00+02:00,66.19561976801856,66.50790964198966,63.422879316505664,63.69731521606445,401884
2017-06-05 00:00:00+02:00,63.71624776532983,64.81398417728948,62.438706774379746,64.3408203125,316200
2017-06-06 00:00:00+02:00,63.87711606706892,66.24293518066406,63.40395224434989,66.24293518066406,317739
2017-06-07 00:00:00+02:00,66.71610503260703,67.09463756897215,65.49534139328105,65.91172790527344,372385
2017-06-08 00:00:00+02:00,65.76977599236973,66.43220250289104,64.82344828024931,65.82655334472656,283582
2017-06-09 00:00:00+02:00,65.90225640172787,66.99999993184396,65.8738677276571,66.43219757080078,181134
2017-06-12 00:00:00+02:00,66.24293497887578,66.24293497887578,63.21468941066138,64.07584381103516,331119
2017-06-13 00:00:00+02:00,63.60268334781048,65.19251416003863,63.60268334781048,64.14208984375,275218
2017-06-14 00:00:00+02:00,64.44491460639244,64.59633050319702,63.88658473171713,64.54901123046875,163403
2017-06-15 00:00:00+02:00,64.54901123046875,64.54901123046875,64.54901123046875,64.54901123046875,0
2017-06-16 00:00:00+02:00,64.78559293121538,66.13884181964026,64.55847630669791,65.30607604980469,576478
2017-06-19 00:00:00+02:00,65.7697721626125,66.75395379229799,65.23983098505379,66.70663452148438,215390
2017-06-20 00:00:00+02:00,66.81073689802048,67.94633451623142,64.41652887466088,64.96540069580078,300557
2017-06-21 00:00:00+02:00,64.96539755201887,66.90536499023438,64.82344695412327,66.90536499023438,327510
2017-06-22 00:00:00+02:00,66.43220433048145,67.97472316441416,66.31864962264382,66.56468963623047,201585
2017-06-23 00:00:00+02:00,66.33756917748748,67.46370143136062,66.25240315151753,66.63093566894531,158282
2017-06-26 00:00:00+02:00,67.07570404282419,67.92740040748556,66.71610211992596,67.66242980957031,175467
2017-06-27 00:00:00+02:00,67.1987279416855,69.6970323412665,67.1987279416855,69.57400512695312,310555
2017-06-28 00:00:00+02:00,69.17655429788941,70.76638514272324,68.79802176913708,69.15763092041016,295044
2017-06-29 00:00:00+02:00,70.58658096953282,70.58658096953282,69.46992119420344,70.18912506103516,348419
2017-06-30 00:00:00+02:00,70.12288267545003,70.38785328211962,69.58347616332762,69.99986267089844,183001
2017-07-03 00:00:00+02:00,69.8579093795408,70.83262573937037,69.5740081862338,70.77584838867188,162936
2017-07-04 00:00:00+02:00,70.45409623622372,70.83262877019415,69.69703838819044,70.02825164794922,91641
2017-07-05 00:00:00+02:00,69.83898670150006,69.83898670150006,68.66553516266833,69.07245635986328,233093
2017-07-06 00:00:00+02:00,69.03460435242201,70.02825134734053,69.03460435242201,69.99986267089844,166346
2017-07-07 00:00:00+02:00,70.01878276846504,70.02824806680485,69.0913856885662,69.55508422851562,103266
2017-07-10 00:00:00+02:00,69.79166426237227,69.96200352835129,67.98417498337784,68.81694793701172,141885
2017-07-11 00:00:00+02:00,68.65607618415116,69.48884194474535,68.65607618415116,68.98728942871094,219091
2017-07-12 00:00:00+02:00,69.12924034540845,70.3973159790039,69.12924034540845,70.3973159790039,284492
2017-07-13 00:00:00+02:00,70.50141551043536,70.68122008855052,69.51723381007528,70.02825164794922,410954
2017-07-14 00:00:00+02:00,69.9336203194335,70.02825164794922,68.91158464368561,70.02825164794922,165989
2017-07-17 00:00:00+02:00,70.02825195195841,72.2237319946289,70.02825195195841,72.2237319946289,442413
2017-07-18 00:00:00+02:00,72.0628580932929,73.51073836520482,72.01553881882342,73.22683715820312,694164
2017-07-19 00:00:00+02:00,72.86723085635185,73.52965733981036,71.0786721311067,72.28997039794922,342301
2017-07-20 00:00:00+02:00,71.92090401822311,73.67160879047472,71.4761288513463,73.32147216796875,331312
2017-07-21 00:00:00+02:00,73.15113183866269,74.0406749396518,72.9145499209696,73.04703521728516,265112
2017-07-24 00:00:00+02:00,73.04704009109533,75.658899438361,73.03757479218206,75.42231750488281,585973
2017-07-25 00:00:00+02:00,75.51695044350484,79.49152374267578,75.51695044350484,79.49152374267578,988055
2017-07-26 00:00:00+02:00,79.68078593757716,81.79109979225734,77.31496679192573,80.43785095214844,993406
2017-07-27 00:00:00+02:00,80.43784962005526,80.43784962005526,78.63982565515498,79.5388412475586,311238
2017-07-28 00:00:00+02:00,78.73445748182016,78.73445748182016,76.2550836630314,77.04999542236328,399574
2017-07-31 00:00:00+02:00,78.89534271090714,80.23912630808826,78.10988898949144,78.33700561523438,667338
2017-08-01 00:00:00+02:00,78.355932991938,80.43785095214844,78.355932991938,80.43785095214844,583404
2017-08-02 00:00:00+02:00,80.43785095214844,81.56398317584878,79.94576374661204,80.43785095214844,446630
2017-08-03 00:00:00+02:00,80.4378548982644,80.71229079901208,79.94576766858722,80.34322357177734,248432
2017-08-04 00:00:00+02:00,79.98361645128853,80.62711959558735,79.49152920913419,80.10664367675781,192684
2017-08-07 00:00:00+02:00,80.15394889286067,82.33050537109375,80.15394889286067,82.33050537109375,261659
2017-08-08 00:00:00+02:00,82.33050926231302,85.97386943511206,82.30212058671808,85.5953369140625,498343
2017-08-09 00:00:00+02:00,85.05593170975614,87.2230230252709,83.32415749299918,87.06214904785156,441319
2017-08-10 00:00:00+02:00,86.5700571257167,86.77824314526207,84.30832738613496,84.93290710449219,287417
2017-08-11 00:00:00+02:00,84.21369979018905,84.62062098896466,82.33997499203714,84.43135833740234,389258
2017-08-14 00:00:00+02:00,84.45974961016229,86.95805423112239,84.44082623238714,85.63319396972656,300080
2017-08-15 00:00:00+02:00,85.63319396972656,85.63319396972656,85.63319396972656,85.63319396972656,0
2017-08-16 00:00:00+02:00,85.78460858298202,87.06214955088856,85.65212328082326,86.1158218383789,328027
2017-08-17 00:00:00+02:00,85.73728553672882,86.86341777543294,85.6615775902816,86.39971923828125,217462
2017-08-18 00:00:00+02:00,87.0621486374847,88.19773899261936,85.64265708361266,86.03065490722656,384904
2017-08-21 00:00:00+02:00,86.04010920335797,88.4721710032756,85.69943066781326,88.29237365722656,368894
2017-08-22 00:00:00+02:00,88.12203380277333,90.36482572361946,87.5826273284032,90.21341705322266,321533
2017-08-23 00:00:00+02:00,90.65819178966639,93.4025361997005,90.222874716996,93.13756561279297,433743
2017-08-24 00:00:00+02:00,93.13757078822317,95.38983534190419,93.13757078822317,95.1059341430664,608480
2017-08-25 00:00:00+02:00,95.15325321830224,99.08050740131127,95.15325321830224,98.84392547607422,528556
2017-08-28 00:00:00+02:00,98.46540156072548,101.20974615626524,93.73376298923282,96.38347625732422,779835
2017-08-29 00:00:00+02:00,94.63276672363281,95.57909439086914,92.88206198322703,94.63276672363281,580654
2017-08-30 00:00:00+02:00,94.6327664687127,99.31708552095114,94.61384309217809,99.12782287597656,660479
2017-08-31 00:00:00+02:00,99.36440321115347,101.58827174380265,95.57909261263333,98.41807556152344,714187
2017-09-01 00:00:00+02:00,97.47175496419271,99.45904172821902,96.19421398874061,99.36441040039062,306104
2017-09-04 00:00:00+02:00,98.32344424054183,99.03318997776435,96.66737085368928,98.41807556152344,185555
2017-09-05 00:00:00+02:00,98.4180776863571,101.11511010204988,97.28248737024661,97.80296325683594,272741
2017-09-06 00:00:00+02:00,98.60734533794844,100.16878751679323,98.60734533794844,99.36441040039062,280009
2017-09-07 00:00:00+02:00,99.3644036481276,101.25705895571099,99.03319041328191,101.2097396850586,390214
2017-09-08 00:00:00+02:00,100.31073499301782,101.2097434092376,97.47175192717768,97.94491577148438,432843
2017-09-11 00:00:00+02:00,98.79661394891438,99.36440912852447,98.46540069580078,98.46540069580078,241207
2017-09-12 00:00:00+02:00,98.4653983040569,100.78389823944269,96.95126823533197,99.269775390625,269428
2017-09-13 00:00:00+02:00,99.36441040039062,100.21610679066119,98.89124654134115,99.36441040039062,186069
2017-09-14 00:00:00+02:00,99.12782527159432,99.12782527159432,97.28248916882112,98.32344818115234,298668
2017-09-15 00:00:00+02:00,97.3771165909118,98.41807556152344,96.05225643744835,98.41807556152344,655352
2017-09-18 00:00:00+02:00,99.26977411335687,99.36440543645777,93.07132498150068,94.06497192382812,352485
2017-09-19 00:00:00+02:00,90.84745649857955,95.01129969874587,88.10310480620352,93.68643951416016,303714
2017-09-20 00:00:00+02:00,93.78106948964106,96.85663437898792,93.78106948964106,96.52542114257812,432922
2017-09-21 00:00:00+02:00,95.57909496344661,96.38347204143477,91.13135778875404,93.30790710449219,528643
2017-09-22 00:00:00+02:00,92.24802691064143,92.24802691064143,89.09675395265,89.33333587646484,365449
2017-09-25 00:00:00+02:00,89.38064807796472,89.38064807796472,85.31144331352492,86.4091796875,439758
2017-09-26 00:00:00+02:00,86.2104537893035,88.77500104236798,85.92655980544137,86.74040222167969,362682
2017-09-27 00:00:00+02:00,87.18516480675271,89.41849866425378,87.0621448099921,88.29237365722656,242626
2017-09-28 00:00:00+02:00,87.64887290518163,90.84745788574219,87.64887290518163,90.84745788574219,338667
2017-09-29 00:00:00+02:00,91.78432356589796,92.19124477440364,89.9957647522098,91.292236328125,330802
2017-10-02 00:00:00+02:00,91.50988288066064,94.15960324692904,91.50988288066064,94.06497192382812,205646
2017-10-03 00:00:00+02:00,94.39618945001398,95.48446776484778,92.22909811905835,92.61709594726562,183290
2017-10-04 00:00:00+02:00,93.213279764409,93.59181229372818,88.11257396707606,88.50056457519531,289034
2017-10-05 00:00:00+02:00,89.47528610313434,90.56355717223701,88.0557945661406,89.90113067626953,240636
2017-10-06 00:00:00+02:00,90.5730204331185,90.7149710276059,89.43743011703363,90.13771057128906,164150
2017-10-09 00:00:00+02:00,90.23234538981602,94.58545139665223,90.23234538981602,94.53813934326172,141602
2017-10-10 00:00:00+02:00,94.82202885764515,96.09957697744878,92.30480103072621,93.0334701538086,268929
2017-10-11 00:00:00+02:00,93.11864693255136,96.05226135253906,93.11864693255136,96.05226135253906,450230
2017-10-12 00:00:00+02:00,96.52542543156842,97.18785193382212,94.72740135699891,95.29519653320312,464282
2017-10-13 00:00:00+02:00,97.47174936027982,97.47174936027982,94.25423385974547,95.2005615234375,284344
2017-10-16 00:00:00+02:00,95.86299532085197,96.85663503683004,93.68643880410683,94.82202911376953,202933
2017-10-17 00:00:00+02:00,93.7337585811499,94.82202962548834,93.7337585811499,94.4435043334961,93701
2017-10-18 00:00:00+02:00,94.6327707875314,94.91667198785697,93.93249030527775,94.15960693359375,136488
2017-10-19 00:00:00+02:00,94.06497560678771,94.6327707875314,92.59816477161799,94.15960693359375,344049
2017-10-20 00:00:00+02:00,93.8757047590506,96.52542520156635,93.8757047590506,96.05226135253906,295688
2017-10-23 00:00:00+02:00,96.38347716114143,96.38347716114143,94.6233070184479,94.86935424804688,188880
2017-10-24 00:00:00+02:00,94.86935386491697,95.43714905254595,91.13136226144435,91.88842010498047,281033
2017-10-25 00:00:00+02:00,91.88841748278871,93.58234491847645,91.88841748278871,93.44985961914062,142651
2017-10-26 00:00:00+02:00,93.68644436195603,93.68644436195603,91.50988771608898,92.07769012451172,337904
2017-10-27 00:00:00+02:00,91.79378839198128,93.39308454134598,91.32062453429064,92.45621490478516,85352
2017-10-30 00:00:00+01:00,92.74011194473037,93.49717697101757,92.52245340320297,93.30790710449219,112435
2017-10-31 00:00:00+01:00,93.686443968878,93.686443968878,91.65183793365318,92.6454849243164,141286
2017-11-01 00:00:00+01:00,92.6454849243164,92.6454849243164,92.6454849243164,92.6454849243164,0
2017-11-02 00:00:00+01:00,92.74011614168258,94.63277157314548,92.74011614168258,94.62330627441406,177425
2017-11-03 00:00:00+01:00,94.62330638699268,94.62330638699268,92.63601962557374,92.6454849243164,130326
2017-11-06 00:00:00+01:00,92.6454825157667,93.67697623476937,91.51935025161266,92.06822204589844,119990
2017-11-07 00:00:00+01:00,91.79378307509238,93.10917794568928,91.79378307509238,92.03036499023438,133895
2017-11-08 00:00:00+01:00,92.63601663527515,92.90098723225674,90.84745788574219,90.84745788574219,125280
2017-11-09 00:00:00+01:00,90.84745727211796,90.84745727211796,87.82866966280956,88.24505615234375,215366
2017-11-10 00:00:00+01:00,88.0273945390494,91.31115262902118,86.6836110132112,91.13135528564453,319682
2017-11-13 00:00:00+01:00,91.14081668468269,92.05875569082,90.84745741382088,91.79378509521484,103942
2017-11-14 00:00:00+01:00,92.24802925907458,92.41836853735403,91.41525624530507,91.88842010498047,138013
2017-11-15 00:00:00+01:00,90.84745581376839,91.17866905244134,88.03686149434479,88.53841400146484,203825
2017-11-16 00:00:00+01:00,88.83177988008623,89.5225950274685,86.57951543268555,88.48163604736328,245228
2017-11-17 00:00:00+01:00,81.4788119725846,86.82556481962757,80.08770912492147,86.10635375976562,993362
2017-11-20 00:00:00+01:00,85.83191581137207,88.42485879621208,85.64265316747309,88.10310363769531,143172
2017-11-21 00:00:00+01:00,88.24505824769246,90.17556762695312,88.24505824769246,90.17556762695312,287297
2017-11-22 00:00:00+01:00,90.25127668300658,90.94209187107579,88.38700993124841,89.28601837158203,209880
2017-11-23 00:00:00+01:00,88.6708985327354,90.18502855917455,87.20409499699464,87.47853088378906,143278
2017-11-24 00:00:00+01:00,88.10310893231394,89.38064990517454,88.07472025601376,88.3113021850586,111326
2017-11-27 00:00:00+01:00,88.00847098739598,88.1882755503211,86.7782421608997,87.20409393310547,113117
2017-11-28 00:00:00+01:00,86.82556231768054,86.82556231768054,83.74999743994253,85.31143951416016,256571
2017-11-29 00:00:00+01:00,85.32091040812728,86.4375701827862,84.74364992331454,85.54802703857422,132881
2017-11-30 00:00:00+01:00,86.00225588583592,86.74985561009397,84.47866776245931,84.61116027832031,448416
2017-12-01 00:00:00+01:00,85.64265381446096,86.11581764769002,83.01186405689249,85.58587646484375,172729
2017-12-04 00:00:00+01:00,85.7846075931845,90.80014007967114,85.17895844175901,90.7717514038086,360971
2017-12-05 00:00:00+01:00,90.6108756619694,90.75282625842391,87.26087479721633,88.27344512939453,227634
2017-12-06 00:00:00+01:00,88.10310398803567,88.67089914189754,86.30507998421717,86.37132263183594,427002
2017-12-07 00:00:00+01:00,85.32090947806451,85.64265743269809,83.27683816660145,84.89505767822266,342111
2017-12-08 00:00:00+01:00,85.51017069648553,86.39972103598114,84.22316445973298,85.18841552734375,177412
2017-12-11 00:00:00+01:00,85.52909683121796,86.92019973637733,85.22627224927159,86.57952117919922,128489
2017-12-12 00:00:00+01:00,86.58898347824334,87.59208851745701,85.92655698440548,87.32711791992188,267827
2017-12-13 00:00:00+01:00,87.06214881561053,88.282912420827,86.75932423896123,87.8192138671875,98532
2017-12-14 00:00:00+01:00,87.81921561667092,91.32062530517578,87.7624310437316,91.32062530517578,289888
2017-12-15 00:00:00+01:00,91.13135976267817,91.79378626009739,90.19449014787587,91.68968963623047,360326
2017-12-18 00:00:00+01:00,92.18178598257727,94.3488700916804,91.98305080934229,93.2132797241211,205258
2017-12-19 00:00:00+01:00,93.02401299954484,93.36469153888888,90.99887236005922,91.14081573486328,170819
2017-12-20 00:00:00+01:00,91.13135619328186,93.49717533412607,91.13135619328186,91.21652221679688,317857
2017-12-21 00:00:00+01:00,91.08404229282137,92.83474711628631,89.90113265265485,90.82853698730469,158265
2017-12-22 00:00:00+01:00,90.3742945219341,90.94208969275013,89.85381140374015,89.90113067626953,93422
2017-12-25 00:00:00+01:00,89.90113067626953,89.90113067626953,89.90113067626953,89.90113067626953,0
2017-12-26 00:00:00+01:00,89.90113067626953,89.90113067626953,89.90113067626953,89.90113067626953,0
2017-12-27 00:00:00+01:00,90.37429081402422,92.38050803649683,89.3049431658625,89.8064956665039,223174
2017-12-28 00:00:00+01:00,89.43742872748143,91.59505462646484,89.08728489584017,91.59505462646484,110938
2017-12-29 00:00:00+01:00,91.0367236570766,91.7843234212886,90.01469520794186,91.10296630859375,72480
2018-01-01 00:00:00+01:00,91.10296630859375,91.10296630859375,91.10296630859375,91.10296630859375,0
2018-01-02 00:00:00+01:00,91.10296630859375,91.10296630859375,91.10296630859375,91.10296630859375,0
2018-01-03 00:00:00+01:00,91.98305031751755,94.44350813391932,91.98305031751755,94.15960693359375,377915
2018-01-04 00:00:00+01:00,94.15960411324885,100.21610270622318,94.15960411324885,99.83757019042969,521775
2018-01-05 00:00:00+01:00,99.3170895903981,100.59463776599803,97.66101610933919,98.6546630859375,308042
2018-01-08 00:00:00+01:00,98.4180808986105,99.36440859955867,97.14053994631193,98.84392547607422,167344
2018-01-09 00:00:00+01:00,98.41808244332147,100.3107378749238,98.41808244332147,100.12147521972656,250534
2018-01-10 00:00:00+01:00,99.31708755080686,100.02683331382808,97.56638277933597,98.89124298095703,140780
2018-01-11 00:00:00+01:00,98.89124666277806,100.21610691372501,97.80296834164636,98.98587799072266,176217
2018-01-12 00:00:00+01:00,98.98587316973159,102.01412605582391,98.98587316973159,101.54096221923828,322607
2018-01-15 00:00:00+01:00,101.77754176736384,103.05508265241258,100.73657557519145,102.3453369140625,161153
2018-01-16 00:00:00+01:00,102.34534262838565,103.85946551075688,100.68926914643735,102.2033920288086,230730
2018-01-17 00:00:00+01:00,101.73022917981417,103.24435207711363,99.26977856921411,100.31073760986328,280382
2018-01-18 00:00:00+01:00,100.78389834901363,100.78389834901363,98.13417794577148,98.89124298095703,275766
2018-01-19 00:00:00+01:00,98.46540195615962,99.60099232991536,97.28249230853592,99.36441040039062,235329
2018-01-22 00:00:00+01:00,99.60098863569337,101.73022592244216,99.22245611851213,99.269775390625,244536
2018-01-23 00:00:00+01:00,99.9795233789484,101.16243300903555,93.9703439020871,94.72740173339844,449634
2018-01-24 00:00:00+01:00,95.10593464146906,95.95763102253834,91.41525513677385,94.15960693359375,446087
2018-01-25 00:00:00+01:00,93.47824788342417,96.43079286971836,93.09971536416995,93.80000305175781,195906
2018-01-26 00:00:00+01:00,93.78107294606156,94.63276931386783,92.92937657825527,94.23531341552734,102806
2018-01-29 00:00:00+01:00,94.63276627040146,95.86299511987951,93.8378544992855,95.57909393310547,167359
2018-01-30 00:00:00+01:00,95.57909393310547,95.57909393310547,95.57909393310547,95.57909393310547,0
2018-01-31 00:00:00+01:00,94.63276980400109,95.20056497884362,91.9073486328125,91.9073486328125,217662
2018-02-01 00:00:00+01:00,92.74011174069392,94.23531119337262,91.92626936619322,94.06497192382812,253157
2018-02-02 00:00:00+01:00,93.7810704798386,94.91666801368586,93.0240126771809,94.25423431396484,135043
2018-02-05 00:00:00+01:00,93.87570100286264,95.95762618722439,93.68643835878751,95.76835632324219,127403
2018-02-06 00:00:00+01:00,91.79378509521484,95.20056330425169,91.41525257867582,91.79378509521484,332067
2018-02-07 00:00:00+01:00,92.79689036605706,96.66737434727594,91.60452268276374,94.96398162841797,381548
2018-02-08 00:00:00+01:00,97.4244326547841,99.64830849895137,95.57909654995093,97.94491577148438,537372
2018-02-09 00:00:00+01:00,95.95762975729981,97.37712130039623,93.11864667110696,93.4782485961914,518767
2018-02-12 00:00:00+01:00,94.42457348165568,96.0522582244873,93.53502316408324,94.63276672363281,138164
2018-02-13 00:00:00+01:00,94.63276627040146,95.9576264421685,94.34886508362742,95.57909393310547,119396
2018-02-14 00:00:00+01:00,95.57909439086914,95.91030763042043,93.40253786826273,94.63276672363281,119607
2018-02-15 00:00:00+01:00,95.72105025631419,96.28884544394316,91.88842010498047,91.88842010498047,323763
2018-02-16 00:00:00+01:00,92.83474296290044,94.4435043334961,92.83474296290044,94.4435043334961,86218
2018-02-19 00:00:00+01:00,93.98926739490874,96.05226208111218,93.72429679262878,94.34886932373047,89759
2018-02-20 00:00:00+01:00,93.70536671978674,94.68009032635351,92.83474695887818,93.97034454345703,65175
2018-02-21 00:00:00+01:00,93.51609792877663,94.1596010185034,92.74010954586264,93.8946304321289,99059
2018-02-22 00:00:00+01:00,93.68644258869227,95.57909799452445,92.0209038099859,95.1059341430664,289962
2018-02-23 00:00:00+01:00,95.10593450573155,96.00494293896705,92.58869934082031,92.58869934082031,139578
2018-02-26 00:00:00+01:00,93.21328046885085,93.68644432909882,92.77797058381162,93.4593276977539,137158
2018-02-27 00:00:00+01:00,92.74010984726641,93.13756572811987,88.99265321370449,90.18502807617188,400300
2018-02-28 00:00:00+01:00,89.82542394855945,90.41214972432145,87.1946340861075,87.25141143798828,305238
2018-03-01 00:00:00+01:00,87.17570647813024,89.06836179465138,86.11581690171185,88.48163604736328,283513
2018-03-02 00:00:00+01:00,87.44068134139901,88.86017289817528,86.62683893792138,87.8192138671875,187570
2018-03-05 00:00:00+01:00,87.62994384765625,89.2954826263932,86.77824747103466,87.62994384765625,131677
2018-03-06 00:00:00+01:00,88.00847695749371,92.3994369506836,87.9327690079783,92.3994369506836,266947
2018-03-07 00:00:00+01:00,92.0587535338701,96.14688873291016,91.35847308762027,96.14688873291016,381205
2018-03-08 00:00:00+01:00,95.57909511985949,95.95762763362254,93.2700532838213,93.49717712402344,305699
2018-03-09 00:00:00+01:00,93.21327874382452,94.1596064468075,92.45621369347516,93.72429656982422,165690
2018-03-12 00:00:00+01:00,94.6138483081575,95.10593554416403,92.17232106588773,92.6454849243164,161321
2018-03-13 00:00:00+01:00,88.48163987532801,94.15960607053623,88.19773867760466,92.91045379638672,837375
2018-03-14 00:00:00+01:00,93.21327419809097,94.15960185492439,90.37429122759075,90.6203384399414,310718
2018-03-15 00:00:00+01:00,91.79378632513162,92.24802679504614,89.33333576452193,89.71186828613281,224211
2018-03-16 00:00:00+01:00,89.42796655795551,91.22599060998053,86.79717673926643,88.70875549316406,551731
2018-03-19 00:00:00+01:00,89.52259964217893,89.7497162702949,86.7404010930129,87.06214904785156,301522
2018-03-20 00:00:00+01:00,87.53531348434346,88.78446577716159,86.87288697296547,88.50056457519531,297565
2018-03-21 00:00:00+01:00,88.50055879177515,90.18502807617188,87.9516942410329,90.18502807617188,296854
2018-03-22 00:00:00+01:00,89.90113340010066,91.41525630812085,88.29237916406187,89.1251449584961,286848
2018-03-23 00:00:00+01:00,87.06214904785156,87.81921410144803,84.82881508164017,87.06214904785156,402237
2018-03-26 00:00:00+02:00,87.44068173894041,87.64887499006599,82.33051066733145,82.53870391845703,287911
2018-03-27 00:00:00+02:00,83.84462907790508,84.41242422888001,80.22965771214598,80.43785095214844,356127
2018-03-28 00:00:00+02:00,77.5988665886645,79.49152187131486,74.75988366468897,75.23304748535156,582739
2018-03-29 00:00:00+02:00,75.23304915689923,78.82909716179562,75.15734121113346,76.7282485961914,359845
2018-03-30 00:00:00+02:00,76.7282485961914,76.7282485961914,76.7282485961914,76.7282485961914,0
2018-04-02 00:00:00+02:00,76.7282485961914,76.7282485961914,76.7282485961914,76.7282485961914,0
2018-04-03 00:00:00+02:00,76.4632810683586,81.28955089566448,75.42231482215503,80.91101837158203,377789
2018-04-04 00:00:00+02:00,80.91101799034705,81.5355977351263,78.24237417700557,78.71553802490234,265787
2018-04-05 00:00:00+02:00,79.87005718656472,82.69010961394866,79.87005718656472,82.122314453125,278074
2018-04-06 00:00:00+02:00,80.43785598110783,82.14124876043546,80.43785598110783,80.83531188964844,121971
2018-04-09 00:00:00+02:00,80.91101640794815,82.65225586859883,79.11299237712342,80.5514144897461,172975
2018-04-10 00:00:00+02:00,81.0056509506951,82.17909529558595,80.15395456331163,80.21073913574219,134138
2018-04-11 00:00:00+02:00,80.24859138823389,82.08446220617951,80.24859138823389,81.85734558105469,230469
2018-04-12 00:00:00+02:00,81.38418136551448,83.65536926620798,80.91101752036614,82.42514038085938,389839
2018-04-13 00:00:00+02:00,82.33051102910032,85.03700886581046,82.33051102910032,83.35254669189453,177546
2018-04-16 00:00:00+02:00,85.45339157935162,87.04322235542955,83.39039696777319,84.07174682617188,253751
2018-04-17 00:00:00+02:00,84.71525319640152,84.71525319640152,81.66808404305431,82.917236328125,166499
2018-04-18 00:00:00+02:00,83.75000320271839,83.92034248107954,82.70904415491471,83.4093246459961,163780
2018-04-19 00:00:00+02:00,82.04660650637327,83.37146669489992,81.08135545496377,82.122314453125,236978
2018-04-20 00:00:00+02:00,82.61440832340028,84.41242511708892,82.33050713497201,83.44717407226562,163047
2018-04-23 00:00:00+02:00,83.44717913759999,84.26102155926121,82.2169502062774,82.46299743652344,79353
2018-04-24 00:00:00+02:00,82.38728900725013,84.01497384112024,82.0276870727539,82.0276870727539,169304
2018-04-25 00:00:00+02:00,81.57344229266583,81.66808083562245,78.16666412353516,78.16666412353516,221205
2018-04-26 00:00:00+02:00,78.07203244510183,79.47260056754278,77.7881312573386,78.73445892333984,157879
2018-04-27 00:00:00+02:00,79.01836395263672,80.24859286620962,78.5830540715021,79.01836395263672,142477
2018-04-30 00:00:00+02:00,79.92683179718462,79.96468576926304,78.03417651270502,78.3748550415039,150630
2018-05-01 00:00:00+02:00,78.3748550415039,78.3748550415039,78.3748550415039,78.3748550415039,0
2018-05-02 00:00:00+02:00,78.37485920034149,79.49152616623489,76.14152526855469,76.14152526855469,170226
2018-05-03 00:00:00+02:00,76.14152526855469,76.14152526855469,76.14152526855469,76.14152526855469,0
2018-05-04 00:00:00+02:00,75.99011442578302,76.99321944081859,73.37824804749192,74.21101379394531,288139
2018-05-07 00:00:00+02:00,73.81355711620316,76.99321861572447,73.28361593958527,75.72513580322266,151669
2018-05-08 00:00:00+02:00,76.17938060896843,77.46638687138335,73.01864952503388,75.06271362304688,278197
2018-05-09 00:00:00+02:00,75.70621555008425,77.71243286132812,75.70621555008425,77.71243286132812,218581
2018-05-10 00:00:00+02:00,77.75028346814504,80.43785053821959,77.75028346814504,79.62400817871094,165792
2018-05-11 00:00:00+02:00,79.3022656359172,80.8920964905436,78.63983190154347,79.45367431640625,153148
2018-05-14 00:00:00+02:00,79.13192228719603,80.3053665752747,77.57994548750604,78.54519653320312,106582
2018-05-15 00:00:00+02:00,77.88276872568251,77.97740004699602,75.70621223593652,76.4822006225586,168052
2018-05-16 00:00:00+02:00,76.31186672026381,79.96469229500083,75.70621755739724,79.6429443359375,260199
2018-05-17 00:00:00+02:00,79.49152903624828,86.96751952054362,79.22655842797933,83.46610260009766,434794
2018-05-18 00:00:00+02:00,84.50706754932733,84.50706754932733,78.63983140438779,80.4000015258789,166474
2018-05-21 00:00:00+02:00,81.02457615796376,81.87626526878094,79.30226012023574,81.76271057128906,148025
2018-05-22 00:00:00+02:00,82.02768056255857,83.74999658777068,80.24858718901311,82.51976776123047,196970
2018-05-23 00:00:00+02:00,81.3841796465669,81.3841796465669,77.29604439962867,78.16666412353516,362046
2018-05-24 00:00:00+02:00,78.5452004805138,79.71864482756425,77.12570890556476,78.45056915283203,130267
2018-05-25 00:00:00+02:00,78.98050639458864,79.05621434089234,77.57994548750604,78.54519653320312,89628
2018-05-28 00:00:00+02:00,77.8827725098905,80.22966116008843,77.8827725098905,79.90791320800781,68688
2018-05-29 00:00:00+02:00,79.47260505763705,79.87006096703558,77.57994961870213,79.6429443359375,112299
2018-05-30 00:00:00+02:00,78.73446421500525,79.85113122473308,76.8796627313723,78.94265747070312,380722
2018-05-31 00:00:00+02:00,78.94265747070312,78.94265747070312,78.94265747070312,78.94265747070312,0
2018-06-01 00:00:00+02:00,79.43474725332634,79.43474725332634,76.76610350186606,79.35903930664062,77931
2018-06-04 00:00:00+02:00,78.9805094814176,80.81638754154528,78.9805094814176,79.96469116210938,108819
2018-06-05 00:00:00+02:00,80.34321984045285,82.48192237528978,79.07513702071516,82.00875854492188,166891
2018-06-06 00:00:00+02:00,82.89830593390845,86.91073340185781,82.89830593390845,84.92344665527344,292636
2018-06-07 00:00:00+02:00,85.64265431583259,87.4406783366105,85.35875312627027,86.02118682861328,124684
2018-06-08 00:00:00+02:00,85.58588062974388,86.58898569463373,84.50706761507547,86.1158218383789,101603
2018-06-11 00:00:00+02:00,85.16948972784172,86.55112725037118,83.92033750062966,85.77513885498047,174907
2018-06-12 00:00:00+02:00,86.22938329070087,86.22938329070087,84.12853462525223,84.29887390136719,98705
2018-06-13 00:00:00+02:00,84.26102064839317,84.69633053110269,81.70593148478413,83.97711944580078,213223
2018-06-14 00:00:00+02:00,82.8036763451316,83.8446354037746,82.29265850472703,83.27684020996094,180026
2018-06-15 00:00:00+02:00,83.25790973781824,84.12852944214188,81.4788091369142,81.95197296142578,287386
2018-06-18 00:00:00+02:00,81.91412537737254,81.95197935267446,77.144632787945,77.50424194335938,204703
2018-06-19 00:00:00+02:00,75.93332782712821,76.65253885524518,74.94914621494364,75.61157989501953,174333
2018-06-20 00:00:00+02:00,76.65254185690826,78.54519721139982,76.46327920942198,76.84180450439453,110156
2018-06-21 00:00:00+02:00,77.6556494037551,78.26129855924854,75.04379012815492,75.44124603271484,142846
2018-06-22 00:00:00+02:00,75.61158725605058,76.82288559823017,74.64632892593973,75.80084991455078,124991
2018-06-25 00:00:00+02:00,75.70621675425434,78.43163795824081,74.5706263909035,75.06271362304688,120112
2018-06-26 00:00:00+02:00,75.23305054024281,76.10367027283644,73.81355902061559,73.88926696777344,156804
2018-06-27 00:00:00+02:00,73.88926660648497,74.75988633482163,73.01864687814832,74.45706176757812,113251
2018-06-28 00:00:00+02:00,73.43503033266676,74.362434683925,71.59915944778771,72.2237319946289,134885
2018-06-29 00:00:00+02:00,72.39406560404217,74.75988474142916,72.39406560404217,72.58332824707031,174612
2018-07-02 00:00:00+02:00,72.2805041357649,72.35621208140977,70.42570278690806,71.63700103759766,88866
2018-07-03 00:00:00+02:00,71.82627026643604,74.00281953517226,71.82627026643604,73.34039306640625,133206
2018-07-04 00:00:00+02:00,73.81356060015415,74.1920931241364,72.67797024811472,73.43502807617188,66428
2018-07-05 00:00:00+02:00,74.38135135774608,74.38135135774608,72.67796593087206,72.71581268310547,164260
2018-07-06 00:00:00+02:00,73.88926596292683,73.88926596292683,70.50141118271145,70.690673828125,194262
2018-07-09 00:00:00+02:00,72.98079201067172,72.98079201067172,69.87683120956831,70.06610107421875,106728
2018-07-10 00:00:00+02:00,70.7853141602021,74.7598875736216,70.7853141602021,73.75678253173828,283814
2018-07-11 00:00:00+02:00,71.92090161611235,73.34039309537772,71.22062117458205,71.5802230834961,191126
2018-07-12 00:00:00+02:00,72.22373142743184,72.7536726411847,70.21751405836991,70.78531646728516,93009
2018-07-13 00:00:00+02:00,70.78531485286202,71.25847870289476,70.02824980484667,70.6717529296875,100463
2018-07-16 00:00:00+02:00,71.1449140837117,71.99661042547741,70.8042355470054,71.44773864746094,77169
2018-07-17 00:00:00+02:00,71.35311126708984,71.73164379766608,70.12288234769393,71.35311126708984,120578
2018-07-18 00:00:00+02:00,71.82627327545127,73.39717349000908,71.10706220787041,71.99661254882812,91943
2018-07-19 00:00:00+02:00,72.46977688742015,72.46977688742015,69.55508584312112,69.66864776611328,291094
2018-07-20 00:00:00+02:00,69.83898860391574,71.10706428279612,69.17655486816138,70.5960464477539,236041
2018-07-23 00:00:00+02:00,70.9745760333538,71.42881649672645,70.2553649746418,70.7474594116211,108301
2018-07-24 00:00:00+02:00,70.74746098442307,73.71892938948625,70.74746098442307,73.0564956665039,433830
2018-07-25 00:00:00+02:00,72.86723241960817,75.23305165401102,71.93982810296302,74.38135528564453,195956
2018-07-26 00:00:00+02:00,74.09745998601247,76.65254182556853,74.09745998601247,75.46016693115234,194659
2018-07-27 00:00:00+02:00,76.65254014256614,76.70931749156075,75.40338792533542,76.29293823242188,78525
2018-07-30 00:00:00+02:00,75.9144086439395,76.25508719081594,73.81356001150384,76.14152526855469,218945
2018-07-31 00:00:00+02:00,75.30875577338325,76.12259812623242,74.28672018330658,74.66525268554688,223295
2018-08-01 00:00:00+02:00,75.23304748535156,75.23304748535156,73.83247939943125,75.23304748535156,101826
2018-08-02 00:00:00+02:00,74.75988845001893,74.79774242448379,73.05649569863782,73.62429809570312,92157
2018-08-03 00:00:00+02:00,73.62429832824046,74.38135616020632,72.82937930178278,72.86723327636719,42021
2018-08-06 00:00:00+02:00,73.18898169734051,74.6841812133789,72.37514650826036,74.6841812133789,74881
2018-08-07 00:00:00+02:00,75.23305449849792,76.00904294792512,74.36243472009816,74.60847473144531,164324
2018-08-08 00:00:00+02:00,74.57062803747148,75.89548108399859,73.5296617581893,73.79463958740234,91493
2018-08-09 00:00:00+02:00,73.37824814737795,74.26779846450769,73.17005490550441,73.83248138427734,48932
2018-08-10 00:00:00+02:00,73.34039316220202,74.17315889829662,72.0344635992545,72.96186065673828,121454
2018-08-13 00:00:00+02:00,72.69689374370549,72.79152506987828,71.52344941536674,71.67485809326172,83696
2018-08-14 00:00:00+02:00,72.20480676166507,74.24887084960938,72.11016821526248,74.24887084960938,62163
2018-08-15 00:00:00+02:00,74.24887084960938,74.24887084960938,74.24887084960938,74.24887084960938,0
2018-08-16 00:00:00+02:00,71.92090630717608,74.7031120983767,70.82316269272148,71.1638412475586,196799
2018-08-17 00:00:00+02:00,71.1827685157956,71.99661088985354,70.50141143798828,70.50141143798828,173036
2018-08-20 00:00:00+02:00,70.61497315456822,71.52344684906366,70.4824878586985,71.25847625732422,93573
2018-08-21 00:00:00+02:00,71.25847438557412,72.43191864098607,70.12287688235327,71.33417510986328,109956
2018-08-22 00:00:00+02:00,70.690678269914,72.33729371208555,70.61497753893626,71.59915924072266,131183
2018-08-23 00:00:00+02:00,71.03135496741646,72.2048065156626,70.59604509109576,71.67485809326172,118281
2018-08-24 00:00:00+02:00,71.9209070978938,72.58333361741137,70.02825164794922,70.02825164794922,221679
2018-08-27 00:00:00+02:00,71.92090741696904,78.98051141019315,71.92090741696904,76.55791473388672,332601
2018-08-28 00:00:00+02:00,76.84180168089685,76.84180168089685,74.68417581124206,74.8545150756836,232012
2018-08-29 00:00:00+02:00,75.70621538765823,75.70621538765823,74.30564722622734,74.7598876953125,256834
2018-08-30 00:00:00+02:00,74.72203481955293,75.23305264731984,73.8703384399414,73.8703384399414,109930
2018-08-31 00:00:00+02:00,73.90819230776238,73.9839002569312,72.41299280126174,72.86723327636719,157672
2018-09-03 00:00:00+02:00,72.84830630965777,74.72203102986575,72.3940658569336,72.3940658569336,70191
2018-09-04 00:00:00+02:00,72.43192452467645,73.7946387512728,71.7127134362053,72.54548645019531,154036
2018-09-05 00:00:00+02:00,72.54548673385281,72.77260336587108,70.40678405761719,70.40678405761719,182947
2018-09-06 00:00:00+02:00,70.50141577986157,71.16384230191066,69.8389892578125,69.8389892578125,174409
2018-09-07 00:00:00+02:00,69.8389871275161,70.46355965498141,63.593218533418785,64.57740020751953,504539
2018-09-10 00:00:00+02:00,64.35028318374876,64.65310775699363,57.91525558736462,59.61864471435547,494461
2018-09-11 00:00:00+02:00,60.14858860225479,62.89293670654297,60.09180764190749,62.89293670654297,375371
2018-09-12 00:00:00+02:00,64.23672412447023,64.80452654203134,62.23051394476755,64.55847930908203,330785
2018-09-13 00:00:00+02:00,64.55847731515861,65.95903827811952,64.35028406447071,65.01271057128906,220258
2018-09-14 00:00:00+02:00,65.48587019178443,65.76977137344555,63.40395225929283,64.4827651977539,131860
2018-09-17 00:00:00+02:00,63.91497347637903,64.35028335030101,62.268365306342446,62.571189880371094,178499
2018-09-18 00:00:00+02:00,62.665819482989654,64.23671966134944,62.665819482989654,62.836158752441406,225248
2018-09-19 00:00:00+02:00,63.403955883408045,64.3502835831604,61.965540956543705,63.195762634277344,334358
2018-09-20 00:00:00+02:00,62.949713143715115,65.35338628090982,62.949713143715115,64.78559112548828,384657
2018-09-21 00:00:00+02:00,64.99378512566358,66.14830604644247,64.35028201670029,65.0316390991211,1808627
2018-09-24 00:00:00+02:00,64.55847536560925,66.6971779400352,63.6121476873562,64.65310668945312,142968
2018-09-25 00:00:00+02:00,65.20197796982097,65.4858719391503,64.02853367946405,64.2177963256836,65157
2018-09-26 00:00:00+02:00,64.35028592439028,67.5867250425156,64.35028592439028,64.93701171875,272690
2018-09-27 00:00:00+02:00,64.91807642108974,65.76977276417558,63.74463213723095,64.78559112548828,199944
2018-09-28 00:00:00+02:00,64.74773731103092,64.74773731103092,62.07909357609817,62.646888732910156,147810
2018-10-01 00:00:00+02:00,63.15790962259543,65.29661227820944,62.70367636293869,64.0663833618164,134655
2018-10-02 00:00:00+02:00,63.40395310345818,64.76666724172367,63.02542059617254,64.35028076171875,112456
2018-10-03 00:00:00+02:00,64.7288148137152,66.8864407708545,64.4449136214991,66.22401428222656,192662
2018-10-04 00:00:00+02:00,65.29661114783721,65.76977499673458,62.96864587765103,63.2903938293457,204482
2018-10-05 00:00:00+02:00,63.47966124378345,64.78559081702578,62.93078946752955,63.59321594238281,190873
2018-10-08 00:00:00+02:00,63.68785606167943,64.2556512284592,62.04124069213867,62.04124069213867,127955
2018-10-09 00:00:00+02:00,61.70056362184761,63.441810357457925,61.11384506412084,62.24943542480469,180834
2018-10-10 00:00:00+02:00,63.063275743790435,63.87711812264936,62.09802469114067,63.3661003112793,218171
2018-10-11 00:00:00+02:00,61.51129887639608,62.45762655141756,60.75423384841602,61.7005615234375,132393
2018-10-12 00:00:00+02:00,62.74152755737305,64.44491303545799,62.26836372125381,62.74152755737305,262333
2018-10-15 00:00:00+02:00,62.7415273017959,63.782486293036435,62.457626113317964,62.930789947509766,81661
2018-10-16 00:00:00+02:00,63.21469322945551,65.41017320401644,63.08220792908689,64.57740020751953,235703
2018-10-17 00:00:00+02:00,65.29660937111281,67.00000206875688,65.29660937111281,66.98107147216797,246077
2018-10-18 00:00:00+02:00,67.00000079712096,67.00000079712096,64.53954312057654,66.29971313476562,271305
2018-10-19 00:00:00+02:00,66.29971454430286,67.18926486842412,65.44802541344576,67.17034149169922,206212
2018-10-22 00:00:00+02:00,67.28389922741161,68.07881826395719,66.14830885509794,68.02203369140625,304778
2018-10-23 00:00:00+02:00,65.50480505113038,66.24293950760132,64.97486384543996,65.58051300048828,325477
2018-10-24 00:00:00+02:00,65.95903642189468,66.22401423707241,65.10734728564152,65.65621185302734,200510
2018-10-25 00:00:00+02:00,65.01270593554133,65.58050829507825,63.87711565628132,65.42909240722656,198020
2018-10-26 00:00:00+02:00,64.72881846204469,65.61836162263877,64.08531531400448,64.93701171875,162335
2018-10-29 00:00:00+01:00,65.29660841997932,65.4669476872625,64.02853282346554,64.35028076171875,148135
2018-10-30 00:00:00+01:00,64.97485917973542,67.56779488983719,64.70988137601026,67.18926239013672,215520
2018-10-31 00:00:00+01:00,67.529947031615,70.02825164794922,67.18926847303236,70.02825164794922,358021
2018-11-01 00:00:00+01:00,70.02825164794922,70.02825164794922,70.02825164794922,70.02825164794922,0
2018-11-02 00:00:00+01:00,70.5014120703209,72.84830789049478,70.5014120703209,71.93982696533203,510426
2018-11-05 00:00:00+01:00,71.92090616992547,75.55480112137664,71.5423736408391,74.87345123291016,375438
2018-11-06 00:00:00+01:00,75.23305154148537,75.61158406240513,73.52965880730012,74.7598876953125,183314
2018-11-07 00:00:00+01:00,74.00282276415861,74.94915045791976,73.8135601133693,74.38135528564453,137467
2018-11-08 00:00:00+01:00,74.7598909027619,75.61158730639514,73.81356316981554,74.4192123413086,177862
2018-11-09 00:00:00+01:00,73.83248108170947,73.8514116781152,71.25847590337793,71.8262710571289,132425
2018-11-12 00:00:00+01:00,71.8262710571289,71.8262710571289,71.8262710571289,71.8262710571289,0
2018-11-13 00:00:00+01:00,71.06920400666043,73.56750838765235,69.08191741540415,69.1386947631836,244886
2018-11-14 00:00:00+01:00,68.24915313076653,73.35931669580928,68.0031059187015,73.15113067626953,153849
2018-11-15 00:00:00+01:00,73.340398876514,75.68729481732178,72.60226440429688,72.60226440429688,174588
2018-11-16 00:00:00+01:00,72.37514493119254,74.22994633779908,71.27740134488464,73.18898010253906,185661
2018-11-19 00:00:00+01:00,72.60225925143276,74.89237045651898,72.14801879774197,73.39717102050781,180848
2018-11-20 00:00:00+01:00,72.86723190316167,73.71892826549177,70.72852930884548,71.18276977539062,157697
2018-11-21 00:00:00+01:00,71.16383541881103,73.0186439409631,70.82315689187755,72.28050231933594,157854
2018-11-22 00:00:00+01:00,72.81045172800512,73.73784878219645,71.44773760113638,72.33728790283203,104864
2018-11-23 00:00:00+01:00,72.48869971254058,72.84830885598984,67.75706125584854,68.66553497314453,285657
2018-11-26 00:00:00+01:00,69.536160027581,69.74434604923873,63.403953579274166,63.6878547668457,378673
2018-11-27 00:00:00+01:00,63.87711833073543,64.61525276514988,60.94350396989791,61.51129913330078,499919
2018-11-28 00:00:00+01:00,61.98446482197228,62.930792529177964,61.32203831489128,62.24943542480469,413662
2018-11-29 00:00:00+01:00,62.6090416535753,64.1610184434004,62.6090416535753,63.49858474731445,262447
2018-11-30 00:00:00+01:00,63.40395411989059,63.68785530988282,62.060170556396,62.07909393310547,393475
2018-12-03 00:00:00+01:00,65.58050925066668,65.73191792081766,64.3692037899237,64.91807556152344,306508
2018-12-04 00:00:00+01:00,65.20197554990095,67.41637875209385,64.44491055330633,67.37852478027344,288447
2018-12-05 00:00:00+01:00,66.22401405514275,67.81384484230549,65.42909505160777,67.79491424560547,210942
2018-12-06 00:00:00+01:00,67.18926442239953,67.28389574521022,64.53954406425754,64.97486114501953,252118
2018-12-07 00:00:00+01:00,65.73192354990739,66.2050874169985,64.23672399712166,64.93701171875,135128
2018-12-10 00:00:00+01:00,64.82344552242395,64.82344552242395,62.45762634277344,62.45762634277344,112040
2018-12-11 00:00:00+01:00,63.15790740875525,64.55847555340307,62.514404296875,62.514404296875,173666
2018-12-12 00:00:00+01:00,63.025421527100285,63.63107065974033,62.11694782814022,62.74152755737305,424908
2018-12-13 00:00:00+01:00,63.40395365314549,63.57429292190545,62.38191804058574,63.025421142578125,319936
2018-12-14 00:00:00+01:00,62.4576266088127,63.40395428470381,62.11694806789933,63.3661003112793,170678
2018-12-17 00:00:00+01:00,62.83616008852679,63.403955258803265,62.552258893434896,62.85508346557617,54018
2018-12-18 00:00:00+01:00,62.741528901970035,65.10734813326744,62.741528901970035,64.14208984375,183446
2018-12-19 00:00:00+01:00,64.5963290825545,65.37231748684353,63.896041405095545,64.84236907958984,229049
2018-12-20 00:00:00+01:00,64.44491466102657,64.99378645754743,62.87401443983782,63.66892623901367,226601
2018-12-21 00:00:00+01:00,63.30932554571644,63.70678145303922,61.51130144413709,62.68474578857422,371832
2018-12-24 00:00:00+01:00,62.68474578857422,62.68474578857422,62.68474578857422,62.68474578857422,0
2018-12-25 00:00:00+01:00,62.68474578857422,62.68474578857422,62.68474578857422,62.68474578857422,0
2018-12-26 00:00:00+01:00,62.68474578857422,62.68474578857422,62.68474578857422,62.68474578857422,0
2018-12-27 00:00:00+01:00,63.631072146923344,63.687856718121694,62.57118974998532,62.66582107543945,103344
2018-12-28 00:00:00+01:00,63.15790709108297,63.687855499317614,62.59011192931681,63.650001525878906,93627
2018-12-31 00:00:00+01:00,63.650001525878906,63.650001525878906,63.650001525878906,63.650001525878906,0
2019-01-01 00:00:00+01:00,63.650001525878906,63.650001525878906,63.650001525878906,63.650001525878906,0
2019-01-02 00:00:00+01:00,63.47966137081238,63.87711725651969,62.47654913843243,63.49858474731445,84184
2019-01-03 00:00:00+01:00,63.30932492233238,64.82344780668215,61.814125415327474,62.34406661987305,189266
2019-01-04 00:00:00+01:00,62.703671077128355,64.2367172241211,62.21157666409085,64.2367172241211,159080
2019-01-07 00:00:00+01:00,64.23671713656238,65.12626742205906,63.687852596485904,64.61524963378906,110475
2019-01-08 00:00:00+01:00,64.33136058186274,65.08841841414429,63.44181022852683,64.00960540771484,118123
2019-01-09 00:00:00+01:00,63.63107250977455,63.877119733284225,62.47655156089149,63.195762634277344,296954
2019-01-10 00:00:00+01:00,63.19575990288063,63.19575990288063,61.814122387347105,62.590110778808594,204201
2019-01-11 00:00:00+01:00,62.987567658064386,63.85819460509408,61.54915277064054,62.36299514770508,207089
2019-01-14 00:00:00+01:00,62.36299625129366,63.30932394184468,61.66271578185995,61.757347106933594,159752
2019-01-15 00:00:00+01:00,62.17372748984214,62.9307925437449,61.75734820811231,62.5333366394043,196323
2019-01-16 00:00:00+01:00,62.55225762632709,62.59011159956637,60.09180712503164,61.07598876953125,292014
2019-01-17 00:00:00+01:00,61.03813418907728,62.34406376325843,61.03813418907728,61.833045959472656,105089
2019-01-18 00:00:00+01:00,62.0412391831374,63.896040533455,62.00338521028515,63.87711715698242,245433
2019-01-21 00:00:00+01:00,63.40395378170157,63.4985851045585,62.47654948992649,62.930789947509766,92480
2019-01-22 00:00:00+01:00,62.930790203857875,63.025421527100285,62.476549744424254,62.74152755737305,163173
2019-01-23 00:00:00+01:00,62.47654971945149,62.66581958576783,61.81412323711221,62.45762634277344,178357
2019-01-24 00:00:00+01:00,62.457626113317964,63.27146848572043,61.88983095626923,62.930789947509766,234884
2019-01-25 00:00:00+01:00,63.23361408606263,64.50169690749469,62.51440304136843,64.16101837158203,203662
2019-01-28 00:00:00+01:00,64.08531128565839,64.25565055590012,62.987567717454546,64.02853393554688,120817
2019-01-29 00:00:00+01:00,63.650000766709404,64.29350386767774,63.02542104228112,63.403953552246094,152509
2019-01-30 00:00:00+01:00,63.517515804309916,65.10734657857464,62.476549591470345,62.5522575378418,217994
2019-01-31 00:00:00+01:00,63.87712073142097,64.89915639590151,63.21469421920627,64.63418579101562,322276
2019-02-01 00:00:00+01:00,64.33135660397414,65.8644027709961,63.4985836540788,65.8644027709961,204542
2019-02-04 00:00:00+01:00,65.76977110945964,67.3785252126635,65.58050846904987,66.43219757080078,175864
2019-02-05 00:00:00+01:00,66.48898436241933,66.71610098248783,65.12627020219396,66.6025390625,97567
2019-02-06 00:00:00+01:00,66.14830517232446,66.9621475411384,65.14519293872405,65.16412353515625,162033
2019-02-07 00:00:00+01:00,65.16412345587325,65.16412345587325,63.49858474731445,63.49858474731445,147380
2019-02-08 00:00:00+01:00,63.40395378170157,63.72570172339657,62.6658193555475,62.930789947509766,180603
2019-02-11 00:00:00+01:00,62.74152686836321,63.631069960961774,61.833045959472656,61.833045959472656,178769
2019-02-12 00:00:00+01:00,62.45762606888062,62.533334015075155,61.340959132186164,61.54915237426758,193015
2019-02-13 00:00:00+01:00,61.927688060052404,61.927688060052404,59.33474852921969,59.73220443725586,293178
2019-02-14 00:00:00+01:00,60.18644026640647,60.318929176746416,58.7101713650126,59.05084991455078,356637
2019-02-15 00:00:00+01:00,58.95621235869208,59.788981708339435,58.52090250249483,59.637569427490234,429666
2019-02-18 00:00:00+01:00,59.90254336740869,60.35678023536609,56.30649878861401,57.53672409057617,382083
2019-02-19 00:00:00+01:00,57.57457538777596,57.57457538777596,56.211864847279294,56.74180603027344,352119
2019-02-20 00:00:00+01:00,57.25282600863097,58.76694888884469,56.87429348360069,58.48305130004883,364900
2019-02-21 00:00:00+01:00,58.67231477270099,59.48615713585038,57.46101652612713,58.06666564941406,292440
2019-02-22 00:00:00+01:00,57.915256179763716,59.126554485133255,57.915256179763716,58.293785095214844,292712
2019-02-25 00:00:00+01:00,58.55875687275014,59.29689129565698,57.025703457546406,57.30960464477539,237906
2019-02-26 00:00:00+01:00,57.347454930228906,57.555648171261005,56.060452340990444,57.214969635009766,227040
2019-02-27 00:00:00+01:00,56.968925572517406,57.99095756309189,56.47683475855431,56.59039306640625,215198
2019-02-28 00:00:00+01:00,56.68502897536759,57.00678052812418,54.20564787649764,54.50847244262695,353523
2019-03-01 00:00:00+01:00,53.94067713235184,55.60621224139226,53.94067713235184,55.076271057128906,341058
2019-03-04 00:00:00+01:00,55.341242570007374,56.079377008914165,54.45169584594141,54.754520416259766,163239
2019-03-05 00:00:00+01:00,54.88700410881725,54.98163543054069,53.145761075449734,53.35395431518555,195378
2019-03-06 00:00:00+01:00,53.84604767352272,54.319211524397424,52.63474576051497,52.86186599731445,227585
2019-03-07 00:00:00+01:00,52.52118617744427,54.39491454841812,52.52118617744427,53.75141143798828,240739
2019-03-08 00:00:00+01:00,53.46751372014618,53.77033828781798,52.16158051584056,52.74830627441406,141119
2019-03-11 00:00:00+01:00,53.27824722911876,53.88389636180523,52.97542266277552,53.22146987915039,167669
2019-03-12 00:00:00+01:00,53.56214467049947,55.189829417856124,53.56214467049947,54.88700485229492,298945
2019-03-13 00:00:00+01:00,55.133051023168406,57.34745801808187,54.86808041846288,57.25282669067383,310061
2019-03-14 00:00:00+01:00,57.461018629849086,58.823729207135266,55.07627241213302,55.37909698486328,299179
2019-03-15 00:00:00+01:00,53.6567822376746,55.64406899797768,51.85875813267371,55.49265670776367,1250480
2019-03-18 00:00:00+01:00,55.492656209878206,59.42937933007553,54.64096343879853,58.104522705078125,374314
2019-03-19 00:00:00+01:00,58.123445648349794,59.59971816113011,56.87429337213325,58.8615837097168,698177
2019-03-20 00:00:00+01:00,59.3158200776583,59.3726010388136,57.9531094995141,58.426273345947266,189022
2019-03-21 00:00:00+01:00,58.42627389082261,59.35367460528599,58.31271196745295,58.67231750488281,391800
2019-03-22 00:00:00+01:00,59.08870014817058,59.33474737116066,58.12344546326715,59.14548110961914,206305
2019-03-25 00:00:00+01:00,58.86158245755762,58.86158245755762,57.25282467848548,58.18022537231445,240243
2019-03-26 00:00:00+01:00,58.57768636792093,58.57768636792093,57.53672372672523,58.38842010498047,166331
2019-03-27 00:00:00+01:00,58.38842010498047,59.126554559499205,57.95311022718499,58.38842010498047,138482
2019-03-28 00:00:00+01:00,58.5209045296257,58.86158307582569,57.06355901974959,57.13926696777344,163652
2019-03-29 00:00:00+01:00,57.120341138755826,58.426274389012804,56.931074874812914,57.725990295410156,234270
2019-04-01 00:00:00+02:00,57.91525411963802,59.24011069152055,57.72598786366807,58.71963119506836,169197
2019-04-02 00:00:00+02:00,58.483050887769025,59.90254243169523,58.483050887769025,59.52401351928711,211136
2019-04-03 00:00:00+02:00,59.71327545552746,60.99081638578272,59.71327545552746,60.943504333496094,199620
2019-04-04 00:00:00+02:00,61.03813484151088,61.03813484151088,58.104520502411944,58.625,157010
2019-04-05 00:00:00+02:00,58.62500259781295,59.28743271953051,56.40113030418644,57.25282669067383,330626
2019-04-08 00:00:00+02:00,56.82697636010996,57.63135705263976,56.117230601382644,57.58403778076172,138433
2019-04-09 00:00:00+02:00,57.63135573280277,58.38841713611678,56.637708805377514,56.685028076171875,210880
2019-04-10 00:00:00+02:00,56.685031375507045,58.1518386066693,56.59039643836365,57.34745788574219,332492
2019-04-11 00:00:00+02:00,57.252823226169,57.44208947948589,56.25917990869727,56.685028076171875,161964
2019-04-12 00:00:00+02:00,56.59039514911196,57.15819392917549,56.069915641518975,56.164546966552734,82535
2019-04-15 00:00:00+02:00,56.16454534954166,56.4957621975312,55.40748394120687,55.644065856933594,69465
2019-04-16 00:00:00+02:00,56.16454715264598,56.3064977506206,55.21821945935824,55.88064956665039,101239
2019-04-17 00:00:00+02:00,55.83333350245263,57.53672261612995,55.83333350245263,56.92161178588867,150919
2019-04-18 00:00:00+02:00,56.495764200371305,56.54307986320333,55.265538916970165,55.59675216674805,150073
2019-04-19 00:00:00+02:00,55.59675216674805,55.59675216674805,55.59675216674805,55.59675216674805,0
2019-04-22 00:00:00+02:00,55.59675216674805,55.59675216674805,55.59675216674805,55.59675216674805,0
2019-04-23 00:00:00+02:00,55.59675150731364,56.921611710618315,55.59675150731364,56.82697677612305,77662
2019-04-24 00:00:00+02:00,56.82697709137241,57.5840385217662,55.407485555651434,56.448448181152344,257567
2019-04-25 00:00:00+02:00,56.44844969681837,57.15819548373585,56.211867767845874,56.87429428100586,276888
2019-04-26 00:00:00+02:00,56.44844816156132,57.25282525420925,55.40748553642169,56.164546966552734,157461
2019-04-29 00:00:00+02:00,56.022598443975326,56.92161044697761,55.596750273084396,55.73870086669922,121157
2019-04-30 00:00:00+02:00,55.59675247030401,55.73870306952882,54.319211517095525,54.934322357177734,155898
2019-05-01 00:00:00+02:00,54.934322357177734,54.934322357177734,54.934322357177734,54.934322357177734,0
2019-05-02 00:00:00+02:00,54.413843728783064,54.46115939264343,53.18361841864481,53.42020034790039,192314
2019-05-03 00:00:00+02:00,53.42020034790039,53.42020034790039,53.42020034790039,53.42020034790039,0
2019-05-06 00:00:00+02:00,52.8050860084366,53.798729391588296,52.521188414672366,53.04166793823242,168578
2019-05-07 00:00:00+02:00,52.99435235542261,52.99435235542261,48.64124628449441,49.58757400512695,611850
2019-05-08 00:00:00+02:00,49.350990189630046,50.060735952990285,47.12711796512912,47.18389892578125,277241
2019-05-09 00:00:00+02:00,46.37005706770853,47.5056510240105,44.21243107770237,44.66666793823242,368815
2019-05-10 00:00:00+02:00,45.42372802734375,48.26271102905273,45.42372802734375,47.316383361816406,338043
2019-05-13 00:00:00+02:00,47.647596269090606,48.54660826868645,46.02937683579022,46.59717559814453,137598
2019-05-14 00:00:00+02:00,46.843220120819026,47.505650218255674,45.253389330952515,46.27542495727539,345206
2019-05-15 00:00:00+02:00,46.843222092485355,47.297458964430156,45.877967385869994,46.63502883911133,151733
2019-05-16 00:00:00+02:00,46.843221297658005,47.93149960006992,46.08615985726235,46.86214828491211,183343
2019-05-17 00:00:00+02:00,49.209040975133746,50.959745796613745,48.45197952827628,50.53390121459961,333708
2019-05-20 00:00:00+02:00,50.62853240966797,52.284605899703834,50.01341795510173,50.62853240966797,389722
2019-05-21 00:00:00+02:00,51.00706262016502,51.81143969194902,49.68220244433467,51.52754211425781,254415
2019-05-22 00:00:00+02:00,51.57485992509437,51.66949125161765,50.20268403078461,50.91242980957031,164255
2019-05-23 00:00:00+02:00,50.865113377857696,50.865113377857696,48.35734355338651,48.59392547607422,114386
2019-05-24 00:00:00+02:00,48.35734501025734,49.49293899536133,47.600283556839265,49.49293899536133,110750
2019-05-27 00:00:00+02:00,49.161722342272625,49.49293557715741,47.88417784353092,48.73587417602539,40418
2019-05-28 00:00:00+02:00,48.31002716733884,48.83050666746626,46.37005615234375,46.37005615234375,555088
2019-05-29 00:00:00+02:00,46.37005670083813,47.55296631055339,46.16186345434308,46.6161003112793,237560
2019-05-30 00:00:00+02:00,47.31638331141402,48.92514106599281,47.183898015734634,47.50564956665039,227816
2019-05-31 00:00:00+02:00,47.45833390532969,47.6475965506125,46.370055645185744,47.50564956665039,291328
2019-06-03 00:00:00+02:00,46.95677839777282,50.48658020548787,46.91892803419645,50.10805130004883,298060
2019-06-04 00:00:00+02:00,50.29731629861355,52.426553521998734,48.35734171823313,48.546607971191406,430213
2019-06-05 00:00:00+02:00,48.73587452869004,49.01977210492471,48.120760105220306,48.1680793762207,105536
2019-06-06 00:00:00+02:00,48.120760069853254,48.40466125583281,46.2375700479163,46.31327438354492,304506
2019-06-07 00:00:00+02:00,46.65395490466863,47.12711875483759,46.27542599050568,46.95677947998047,69521
2019-06-10 00:00:00+02:00,47.032485685674,47.240675317263936,45.76440646982041,46.1240119934082,183043
2019-06-11 00:00:00+02:00,45.915820840908964,46.124014091924685,43.15254205543694,43.3418083190918,575919
2019-06-12 00:00:00+02:00,43.24717405304102,43.54999861032649,41.20310648638733,41.44915008544922,398859
2019-06-13 00:00:00+02:00,41.46807861328125,42.490114239583484,41.449151626503024,41.46807861328125,358020
2019-06-14 00:00:00+02:00,41.63841984780987,42.755086850706526,41.61949286013914,42.1115837097168,283040
2019-06-17 00:00:00+02:00,42.58474527256449,42.62259924586229,41.77090289642957,42.13050842285156,128347
2019-06-18 00:00:00+02:00,41.884462254003864,43.11469114727856,41.884462254003864,43.09576416015625,221694
2019-06-19 00:00:00+02:00,43.07683767066851,43.90960706390232,41.846612373135606,42.149436950683594,184496
2019-06-20 00:00:00+02:00,42.149436950683594,42.149436950683594,42.149436950683594,42.149436950683594,0
2019-06-21 00:00:00+02:00,42.3954789507839,42.3954789507839,40.464969635009766,40.464969635009766,618902
2019-06-24 00:00:00+02:00,40.46496979749945,42.395479121025666,40.46496979749945,41.751976013183594,171758
2019-06-25 00:00:00+02:00,41.7519777459436,42.81186738517236,41.16525557383915,41.48700714111328,161945
2019-06-26 00:00:00+02:00,41.86554002862251,42.84971811638343,41.43022653274048,42.30084991455078,234389
2019-06-27 00:00:00+02:00,43.057911118824,45.366949448469896,42.698305575616004,45.3480224609375,332055
2019-06-28 00:00:00+02:00,45.42372937244917,45.89689322007885,43.87175252981641,44.66666793823242,240926
2019-07-01 00:00:00+02:00,44.6855931983693,45.57513989795149,43.32287905949025,43.36073303222656,217236
2019-07-02 00:00:00+02:00,43.36073476278491,44.47740173339844,42.67937766615192,44.47740173339844,153235
2019-07-03 00:00:00+02:00,44.57203361791781,45.19660976101124,43.05791072858637,43.3418083190918,186243
2019-07-04 00:00:00+02:00,43.62570596906307,43.68248693122304,42.774013196385845,43.15254211425781,92999
2019-07-05 00:00:00+02:00,43.43644091773894,43.68248452027828,41.979095458984375,41.979095458984375,182074
2019-07-08 00:00:00+02:00,42.11158090179063,42.49011341005781,41.3166655223924,41.41129684448242,397514
2019-07-09 00:00:00+02:00,41.638418216436975,42.58474590317418,41.411297983240445,42.471187591552734,153962
2019-07-10 00:00:00+02:00,42.58474628219234,43.79604457681175,42.58474628219234,43.285030364990234,246939
2019-07-11 00:00:00+02:00,43.777118588676316,43.777118588676316,42.41440797613341,42.77401351928711,149162
2019-07-12 00:00:00+02:00,43.11468983446925,43.2661021168837,42.565818054495885,42.60367202758789,86573
2019-07-15 00:00:00+02:00,42.717230888942886,43.34180701321806,42.54689161778115,42.84971618652344,71180
2019-07-16 00:00:00+02:00,42.944351736019854,43.11469100962316,41.39237489648195,41.80875778198242,218790
2019-07-17 00:00:00+02:00,41.619492208523376,42.16836401251982,40.38926690881714,40.57853317260742,213931
2019-07-18 00:00:00+02:00,40.597460352221994,40.95706228417725,40.21892782284898,40.29463577270508,100210
2019-07-19 00:00:00+02:00,40.786720957595456,41.524858991789166,40.540677352833264,40.938133239746094,179160
2019-07-22 00:00:00+02:00,41.27881073894907,41.27881073894907,40.02965854013298,40.06751251220703,122764
2019-07-23 00:00:00+02:00,40.31355851319782,40.389266461857616,39.55649707636829,39.6700553894043,142641
2019-07-24 00:00:00+02:00,39.575422831909194,39.575422831909194,38.137004341721166,39.27259826660156,265743
2019-07-25 00:00:00+02:00,39.537568282605484,40.54067689679043,38.91299217451579,40.31355667114258,374816
2019-07-26 00:00:00+02:00,40.31355674922433,40.59745793432241,39.87824689333913,40.4081916809082,243386
2019-07-29 00:00:00+02:00,40.21892536541404,40.54067691273549,38.83728785454395,39.026554107666016,137591
2019-07-30 00:00:00+02:00,39.02655606849747,39.27259968295078,37.89096210266237,38.004520416259766,162587
2019-07-31 00:00:00+02:00,38.06130263982604,38.1559339693021,36.717515379552346,37.02033996582031,350423
2019-08-01 00:00:00+02:00,37.05819350009074,37.51243037408103,34.82485949550646,35.203392028808594,345805
2019-08-02 00:00:00+02:00,35.08983188528491,35.2790945321252,33.95423795447519,33.992088317871094,253455
2019-08-05 00:00:00+02:00,33.87853206284425,34.900567745555655,32.93220433142428,33.06468963623047,252102
2019-08-06 00:00:00+02:00,33.235026917452586,34.06779628179457,32.269772256273974,32.42118453979492,387166
2019-08-07 00:00:00+02:00,32.70508748109492,32.988985076652014,32.04265735149253,32.15621566772461,289830
2019-08-08 00:00:00+02:00,32.64830558348878,33.97316580477124,32.64830558348878,33.85960388183594,309403
2019-08-09 00:00:00+02:00,34.105649552169034,34.93841528939225,32.913274685309744,33.840675354003906,274117
2019-08-12 00:00:00+02:00,33.424293554042805,33.68926415072613,31.285594573769618,31.304521560668945,401330
2019-08-13 00:00:00+02:00,31.418081368015446,34.919494692123415,31.380227392414458,34.730228424072266,471905
2019-08-14 00:00:00+02:00,34.99519650757604,35.01412349401048,32.04265521292215,32.080509185791016,590477
2019-08-15 00:00:00+02:00,32.080509185791016,32.080509185791016,32.080509185791016,32.080509185791016,0
2019-08-16 00:00:00+02:00,32.21299564193182,32.81864478984885,30.20678013199139,31.834463119506836,391822
2019-08-19 00:00:00+02:00,32.42118426092636,33.84067576045814,32.42118426092636,33.083614349365234,478043
2019-08-20 00:00:00+02:00,33.31073512958428,33.31073512958428,31.45593373918669,32.2319221496582,413352
2019-08-21 00:00:00+02:00,32.32655414621519,33.27288184793104,31.53163873237573,31.550565719604492,492954
2019-08-22 00:00:00+02:00,31.418078966220268,31.645195582556386,30.52852865736881,30.604236602783203,268398
2019-08-23 00:00:00+02:00,31.512712133562736,31.96694900279068,29.487571404522168,30.150001525878906,447222
2019-08-26 00:00:00+02:00,29.799999237060547,30.399999618530273,29.219999313354492,29.3799991607666,285120
2019-08-27 00:00:00+02:00,29.299999237060547,29.81999969482422,28.1200008392334,28.520000457763672,681228
2019-08-28 00:00:00+02:00,28.399999618530273,28.399999618530273,27.219999313354492,27.700000762939453,464227
2019-08-29 00:00:00+02:00,27.579999923706055,29.5,27.219999313354492,28.8799991607666,403522
2019-08-30 00:00:00+02:00,29.0,30.139999389648438,29.0,29.719999313354492,371751
2019-09-02 00:00:00+02:00,30.0,30.100000381469727,28.719999313354492,29.139999389648438,240875
2019-09-03 00:00:00+02:00,29.15999984741211,29.15999984741211,27.540000915527344,27.68000030517578,352749
2019-09-04 00:00:00+02:00,27.959999084472656,28.15999984741211,26.34000015258789,26.5,615326
2019-09-05 00:00:00+02:00,26.979999542236328,28.540000915527344,26.100000381469727,28.31999969482422,579789
2019-09-06 00:00:00+02:00,28.34000015258789,29.360000610351562,27.68000030517578,28.3799991607666,586195
2019-09-09 00:00:00+02:00,28.200000762939453,29.459999084472656,28.0,28.200000762939453,369360
2019-09-10 00:00:00+02:00,28.31999969482422,28.459999084472656,27.399999618530273,28.059999465942383,387066
2019-09-11 00:00:00+02:00,28.15999984741211,29.0,27.540000915527344,28.040000915527344,497977
2019-09-12 00:00:00+02:00,28.260000228881836,28.700000762939453,27.700000762939453,28.100000381469727,296510
2019-09-13 00:00:00+02:00,28.200000762939453,28.579999923706055,27.84000015258789,28.020000457763672,173274
2019-09-16 00:00:00+02:00,28.3799991607666,28.920000076293945,27.860000610351562,28.860000610351562,393683
2019-09-17 00:00:00+02:00,28.799999237060547,29.1200008392334,28.059999465942383,28.399999618530273,528931
2019-09-18 00:00:00+02:00,28.399999618530273,28.399999618530273,27.739999771118164,27.959999084472656,440721
2019-09-19 00:00:00+02:00,27.899999618530273,27.899999618530273,26.299999237060547,26.399999618530273,624311
2019-09-20 00:00:00+02:00,26.399999618530273,26.65999984741211,25.959999084472656,26.0,580616
2019-09-23 00:00:00+02:00,26.18000030517578,26.479999542236328,23.6200008392334,24.079999923706055,896524
2019-09-24 00:00:00+02:00,24.0,24.299999237060547,22.860000610351562,23.760000228881836,684549
2019-09-25 00:00:00+02:00,23.8799991607666,23.940000534057617,22.760000228881836,23.260000228881836,544393
2019-09-26 00:00:00+02:00,23.65999984741211,23.780000686645508,22.579999923706055,22.65999984741211,591925
2019-09-27 00:00:00+02:00,22.65999984741211,23.280000686645508,22.1200008392334,22.979999542236328,498604
2019-09-30 00:00:00+02:00,23.15999984741211,23.18000030517578,21.459999084472656,21.780000686645508,674462
2019-10-01 00:00:00+02:00,22.100000381469727,22.100000381469727,21.020000457763672,21.459999084472656,826538
2019-10-02 00:00:00+02:00,21.399999618530273,21.639999389648438,20.260000228881836,20.260000228881836,772505
2019-10-03 00:00:00+02:00,20.1200008392334,20.959999084472656,19.489999771118164,20.100000381469727,770577
2019-10-04 00:00:00+02:00,20.479999542236328,21.15999984741211,20.100000381469727,20.65999984741211,848792
2019-10-07 00:00:00+02:00,21.200000762939453,21.200000762939453,19.850000381469727,20.079999923706055,785064
2019-10-08 00:00:00+02:00,20.0,20.219999313354492,19.100000381469727,19.1299991607666,917831
2019-10-09 00:00:00+02:00,19.149999618530273,20.3799991607666,18.829999923706055,20.0,993683
2019-10-10 00:00:00+02:00,20.5,21.280000686645508,20.040000915527344,21.239999771118164,1416116
2019-10-11 00:00:00+02:00,21.860000610351562,23.8799991607666,21.600000381469727,23.399999618530273,2066251
2019-10-14 00:00:00+02:00,24.0,24.360000610351562,21.5,21.5,2075210
2019-10-15 00:00:00+02:00,21.639999389648438,22.579999923706055,20.31999969482422,20.700000762939453,2057965
2019-10-16 00:00:00+02:00,20.700000762939453,21.100000381469727,20.239999771118164,20.5,767686
2019-10-17 00:00:00+02:00,20.559999465942383,20.799999237060547,19.780000686645508,19.799999237060547,1402327
2019-10-18 00:00:00+02:00,19.860000610351562,19.920000076293945,18.860000610351562,19.030000686645508,2418435
2019-10-21 00:00:00+02:00,19.200000762939453,22.139999389648438,19.149999618530273,22.139999389648438,2101775
2019-10-22 00:00:00+02:00,22.479999542236328,22.799999237060547,20.239999771118164,20.739999771118164,2376929
2019-10-23 00:00:00+02:00,20.739999771118164,21.200000762939453,19.850000381469727,20.020000457763672,1379130
2019-10-24 00:00:00+02:00,20.15999984741211,20.84000015258789,19.520000457763672,20.200000762939453,1318833
2019-10-25 00:00:00+02:00,20.459999084472656,21.15999984741211,20.219999313354492,20.639999389648438,1156676
2019-10-28 00:00:00+01:00,20.959999084472656,20.959999084472656,19.81999969482422,20.1200008392334,1440071
2019-10-29 00:00:00+01:00,20.200000762939453,20.899999618530273,20.020000457763672,20.3799991607666,734494
2019-10-30 00:00:00+01:00,20.420000076293945,20.420000076293945,19.700000762939453,19.850000381469727,876076
2019-10-31 00:00:00+01:00,19.899999618530273,19.969999313354492,19.079999923706055,19.360000610351562,1277868
2019-11-01 00:00:00+01:00,19.360000610351562,19.360000610351562,19.360000610351562,19.360000610351562,0
2019-11-04 00:00:00+01:00,19.600000381469727,20.559999465942383,17.420000076293945,20.559999465942383,3520555
2019-11-05 00:00:00+01:00,20.979999542236328,21.860000610351562,20.559999465942383,21.420000076293945,2609640
2019-11-06 00:00:00+01:00,21.399999618530273,22.399999618530273,21.059999465942383,21.799999237060547,1200866
2019-11-07 00:00:00+01:00,22.0,22.139999389648438,20.799999237060547,21.059999465942383,1364015
2019-11-08 00:00:00+01:00,20.719999313354492,21.540000915527344,19.6200008392334,20.799999237060547,2704509
2019-11-11 00:00:00+01:00,20.799999237060547,20.799999237060547,20.799999237060547,20.799999237060547,0
2019-11-12 00:00:00+01:00,21.459999084472656,21.459999084472656,20.0,20.0,1330428
2019-11-13 00:00:00+01:00,20.0,20.34000015258789,19.700000762939453,19.969999313354492,653122
2019-11-14 00:00:00+01:00,19.979999542236328,20.979999542236328,19.829999923706055,20.579999923706055,908011
2019-11-15 00:00:00+01:00,20.639999389648438,20.84000015258789,20.059999465942383,20.280000686645508,490635
2019-11-18 00:00:00+01:00,20.299999237060547,20.799999237060547,20.079999923706055,20.360000610351562,722470
2019-11-19 00:00:00+01:00,20.360000610351562,20.799999237060547,20.360000610351562,20.559999465942383,444508
2019-11-20 00:00:00+01:00,20.700000762939453,20.700000762939453,20.139999389648438,20.440000534057617,714688
2019-11-21 00:00:00+01:00,20.34000015258789,21.079999923706055,20.0,20.8799991607666,1082733
2019-11-22 00:00:00+01:00,21.5,22.18000030517578,20.719999313354492,20.860000610351562,1701176
2019-11-25 00:00:00+01:00,20.860000610351562,21.3799991607666,20.219999313354492,20.219999313354492,1166088
2019-11-26 00:00:00+01:00,20.31999969482422,21.139999389648438,20.059999465942383,21.0,6904436
2019-11-27 00:00:00+01:00,21.260000228881836,21.579999923706055,20.600000381469727,20.799999237060547,1260774
2019-11-28 00:00:00+01:00,20.700000762939453,21.15999984741211,20.579999923706055,20.700000762939453,280217
2019-11-29 00:00:00+01:00,20.700000762939453,21.219999313354492,20.440000534057617,20.899999618530273,786382
2019-12-02 00:00:00+01:00,21.0,21.479999542236328,20.440000534057617,20.440000534057617,972564
2019-12-03 00:00:00+01:00,20.399999618530273,20.600000381469727,19.530000686645508,19.600000381469727,1308433
2019-12-04 00:00:00+01:00,19.5,19.93000030517578,18.799999237060547,18.799999237060547,2025376
2019-12-05 00:00:00+01:00,18.950000762939453,19.190000534057617,18.3799991607666,18.8700008392334,1005849
2019-12-06 00:00:00+01:00,18.8799991607666,19.860000610351562,18.479999542236328,19.6299991607666,925175
2019-12-09 00:00:00+01:00,19.700000762939453,20.520000457763672,19.389999389648438,20.520000457763672,1005236
2019-12-10 00:00:00+01:00,20.479999542236328,21.040000915527344,20.239999771118164,20.479999542236328,1026828
2019-12-11 00:00:00+01:00,20.479999542236328,20.65999984741211,19.899999618530273,20.360000610351562,600065
2019-12-12 00:00:00+01:00,20.399999618530273,20.780000686645508,20.299999237060547,20.760000228881836,530785
2019-12-13 00:00:00+01:00,20.920000076293945,21.18000030517578,20.540000915527344,20.559999465942383,609697
2019-12-16 00:00:00+01:00,20.540000915527344,20.739999771118164,20.31999969482422,20.600000381469727,262174
2019-12-17 00:00:00+01:00,20.68000030517578,20.760000228881836,20.1200008392334,20.559999465942383,417785
2019-12-18 00:00:00+01:00,20.5,20.520000457763672,19.899999618530273,20.200000762939453,990932
2019-12-19 00:00:00+01:00,20.239999771118164,20.31999969482422,19.81999969482422,20.0,581294
2019-12-20 00:00:00+01:00,20.0,20.299999237060547,19.809999465942383,19.809999465942383,976091
2019-12-23 00:00:00+01:00,19.809999465942383,20.15999984741211,19.670000076293945,20.020000457763672,639872
2019-12-24 00:00:00+01:00,20.020000457763672,20.020000457763672,20.020000457763672,20.020000457763672,0
2019-12-25 00:00:00+01:00,20.020000457763672,20.020000457763672,20.020000457763672,20.020000457763672,0
2019-12-26 00:00:00+01:00,20.020000457763672,20.020000457763672,20.020000457763672,20.020000457763672,0
2019-12-27 00:00:00+01:00,20.15999984741211,20.8799991607666,20.100000381469727,20.600000381469727,632619
2019-12-30 00:00:00+01:00,20.65999984741211,21.420000076293945,20.440000534057617,21.3799991607666,999221
2019-12-31 00:00:00+01:00,21.3799991607666,21.3799991607666,21.3799991607666,21.3799991607666,0
2020-01-01 00:00:00+01:00,21.3799991607666,21.3799991607666,21.3799991607666,21.3799991607666,0
2020-01-02 00:00:00+01:00,21.860000610351562,24.239999771118164,21.68000030517578,24.239999771118164,2279639
2020-01-03 00:00:00+01:00,23.959999084472656,24.139999389648438,23.139999389648438,23.280000686645508,1517380
2020-01-06 00:00:00+01:00,23.280000686645508,23.280000686645508,23.280000686645508,23.280000686645508,0
2020-01-07 00:00:00+01:00,23.739999771118164,24.579999923706055,23.68000030517578,24.219999313354492,1477786
2020-01-08 00:00:00+01:00,23.979999542236328,25.5,21.700000762939453,21.8799991607666,3412091
2020-01-09 00:00:00+01:00,22.299999237060547,22.739999771118164,21.440000534057617,22.440000534057617,1971931
2020-01-10 00:00:00+01:00,22.940000534057617,22.979999542236328,22.219999313354492,22.540000915527344,901070
2020-01-13 00:00:00+01:00,22.899999618530273,22.899999618530273,22.31999969482422,22.700000762939453,749645
2020-01-14 00:00:00+01:00,22.860000610351562,24.15999984741211,22.799999237060547,23.639999389648438,1609072
2020-01-15 00:00:00+01:00,23.700000762939453,23.920000076293945,23.200000762939453,23.579999923706055,619121
2020-01-16 00:00:00+01:00,23.700000762939453,23.719999313354492,22.700000762939453,23.100000381469727,984845
2020-01-17 00:00:00+01:00,22.899999618530273,23.200000762939453,22.420000076293945,22.68000030517578,600074
2020-01-20 00:00:00+01:00,22.899999618530273,22.899999618530273,21.520000457763672,21.639999389648438,1247202
2020-01-21 00:00:00+01:00,21.5,21.81999969482422,20.8799991607666,21.139999389648438,981897
2020-01-22 00:00:00+01:00,21.1200008392334,21.65999984741211,20.780000686645508,20.940000534057617,636518
2020-01-23 00:00:00+01:00,20.799999237060547,21.079999923706055,20.34000015258789,20.559999465942383,634891
2020-01-24 00:00:00+01:00,20.579999923706055,20.8799991607666,20.5,20.540000915527344,325458
2020-01-27 00:00:00+01:00,20.3799991607666,20.440000534057617,19.040000915527344,19.200000762939453,1133956
2020-01-28 00:00:00+01:00,19.360000610351562,20.139999389648438,18.600000381469727,20.139999389648438,1175591
2020-01-29 00:00:00+01:00,20.31999969482422,20.899999618530273,19.90999984741211,19.989999771118164,936354
2020-01-30 00:00:00+01:00,19.5,19.739999771118164,19.100000381469727,19.25,831301
2020-01-31 00:00:00+01:00,19.25,19.399999618530273,18.600000381469727,18.799999237060547,1188612
2020-02-03 00:00:00+01:00,18.799999237060547,19.860000610351562,17.549999237060547,19.709999084472656,1962088
2020-02-04 00:00:00+01:00,20.299999237060547,20.600000381469727,19.280000686645508,19.780000686645508,1314946
2020-02-05 00:00:00+01:00,19.709999084472656,19.959999084472656,19.239999771118164,19.239999771118164,723542
2020-02-06 00:00:00+01:00,19.270000457763672,19.489999771118164,18.549999237060547,18.889999389648438,736380
2020-02-07 00:00:00+01:00,18.950000762939453,19.06999969482422,18.469999313354492,18.790000915527344,808446
2020-02-10 00:00:00+01:00,19.0,19.059999465942383,18.1200008392334,18.200000762939453,554424
2020-02-11 00:00:00+01:00,18.3799991607666,18.540000915527344,17.90999984741211,18.350000381469727,686869
2020-02-12 00:00:00+01:00,18.559999465942383,19.100000381469727,18.3700008392334,18.84000015258789,940206
2020-02-13 00:00:00+01:00,18.68000030517578,18.799999237060547,17.959999084472656,18.020000457763672,1099243
2020-02-14 00:00:00+01:00,18.100000381469727,18.31999969482422,17.68000030517578,17.8799991607666,768587
2020-02-17 00:00:00+01:00,17.940000534057617,18.3799991607666,17.770000457763672,18.299999237060547,334137
2020-02-18 00:00:00+01:00,18.1200008392334,18.239999771118164,17.850000381469727,17.850000381469727,491705
2020-02-19 00:00:00+01:00,17.84000015258789,17.979999542236328,17.040000915527344,17.18000030517578,1830643
2020-02-20 00:00:00+01:00,17.100000381469727,17.15999984741211,16.010000228881836,16.010000228881836,1345616
2020-02-21 00:00:00+01:00,16.0,16.459999084472656,15.199999809265137,16.010000228881836,1237248
2020-02-24 00:00:00+01:00,15.5,15.770000457763672,14.739999771118164,14.75,1456556
2020-02-25 00:00:00+01:00,14.800000190734863,15.15999984741211,14.229999542236328,14.3100004196167,1209698
2020-02-26 00:00:00+01:00,14.010000228881836,14.630000114440918,13.729999542236328,14.300000190734863,1390378
2020-02-27 00:00:00+01:00,14.100000381469727,14.140000343322754,12.9399995803833,13.109999656677246,1612924
2020-02-28 00:00:00+01:00,12.4399995803833,14.979999542236328,12.109999656677246,13.529999732971191,3443956
2020-03-02 00:00:00+01:00,14.5,14.729999542236328,13.5600004196167,14.1899995803833,1733034
2020-03-03 00:00:00+01:00,14.550000190734863,15.350000381469727,14.25,15.149999618530273,2306907
2020-03-04 00:00:00+01:00,15.199999809265137,15.199999809265137,14.529999732971191,14.539999961853027,933222
2020-03-05 00:00:00+01:00,14.859999656677246,14.869999885559082,13.800000190734863,14.149999618530273,856891
2020-03-06 00:00:00+01:00,13.800000190734863,13.949999809265137,13.260000228881836,13.850000381469727,1091974
2020-03-09 00:00:00+01:00,12.800000190734863,13.210000038146973,12.15999984741211,12.5,1436022
2020-03-10 00:00:00+01:00,12.699999809265137,12.960000038146973,11.920000076293945,12.079999923706055,1271177
2020-03-11 00:00:00+01:00,12.180000305175781,12.350000381469727,10.8100004196167,10.850000381469727,1602381
2020-03-12 00:00:00+01:00,10.100000381469727,10.239999771118164,9.130000114440918,9.130000114440918,2265492
2020-03-13 00:00:00+01:00,9.739999771118164,10.75,9.40999984741211,10.0,2468884
2020-03-16 00:00:00+01:00,10.0,11.640000343322754,9.510000228881836,11.5,1966435
2020-03-17 00:00:00+01:00,12.0,14.300000190734863,11.720000267028809,13.979999542236328,3150873
2020-03-18 00:00:00+01:00,14.0,15.0,12.600000381469727,13.25,3674042
2020-03-19 00:00:00+01:00,13.300000190734863,14.149999618530273,13.0,14.0,1542094
2020-03-20 00:00:00+01:00,14.300000190734863,14.640000343322754,13.479999542236328,13.609999656677246,2285135
2020-03-23 00:00:00+01:00,12.649999618530273,12.979999542236328,12.1899995803833,12.5,1493743
2020-03-24 00:00:00+01:00,13.25,13.470000267028809,12.649999618530273,13.0,1034689
2020-03-25 00:00:00+01:00,13.5,13.59000015258789,12.390000343322754,12.84000015258789,961015
2020-03-26 00:00:00+01:00,12.649999618530273,12.989999771118164,12.449999809265137,12.850000381469727,635228
2020-03-27 00:00:00+01:00,12.970000267028809,13.25,12.600000381469727,12.75,1081957
2020-03-30 00:00:00+02:00,12.75,12.850000381469727,12.140000343322754,12.449999809265137,1045374
2020-03-31 00:00:00+02:00,12.5,12.760000228881836,12.100000381469727,12.4399995803833,1285295
2020-04-01 00:00:00+02:00,12.0,12.34000015258789,11.585000038146973,11.649999618530273,1444243
2020-04-02 00:00:00+02:00,11.800000190734863,12.029999732971191,11.53499984741211,12.029999732971191,1331175
2020-04-03 00:00:00+02:00,11.699999809265137,12.100000381469727,11.550000190734863,11.96500015258789,940862
2020-04-06 00:00:00+02:00,12.199999809265137,12.960000038146973,12.114999771118164,12.800000190734863,1381232
2020-04-07 00:00:00+02:00,13.210000038146973,13.494999885559082,12.545000076293945,12.550000190734863,1887916
2020-04-08 00:00:00+02:00,12.59000015258789,12.9350004196167,12.300000190734863,12.859999656677246,902313
2020-04-09 00:00:00+02:00,12.989999771118164,13.289999961853027,12.699999809265137,13.09000015258789,794437
2020-04-10 00:00:00+02:00,13.09000015258789,13.09000015258789,13.09000015258789,13.09000015258789,0
2020-04-13 00:00:00+02:00,13.09000015258789,13.09000015258789,13.09000015258789,13.09000015258789,0
2020-04-14 00:00:00+02:00,13.399999618530273,14.800000190734863,13.380000114440918,14.520000457763672,2487007
2020-04-15 00:00:00+02:00,15.0,15.1850004196167,13.609999656677246,13.8100004196167,2001599
2020-04-16 00:00:00+02:00,13.850000381469727,13.895000457763672,13.395000457763672,13.619999885559082,989017
2020-04-17 00:00:00+02:00,14.119999885559082,14.40999984741211,13.5,13.619999885559082,1160739
2020-04-20 00:00:00+02:00,13.640000343322754,13.699999809265137,13.125,13.300000190734863,764303
2020-04-21 00:00:00+02:00,13.0,13.180000305175781,12.329999923706055,12.520000457763672,1164072
2020-04-22 00:00:00+02:00,12.600000381469727,13.039999961853027,12.125,12.979999542236328,693750
2020-04-23 00:00:00+02:00,13.229999542236328,13.970000267028809,13.0600004196167,13.970000267028809,978015
2020-04-24 00:00:00+02:00,13.649999618530273,13.899999618530273,13.3100004196167,13.350000381469727,622649
2020-04-27 00:00:00+02:00,13.6899995803833,13.850000381469727,12.859999656677246,13.050000190734863,747545
2020-04-28 00:00:00+02:00,13.199999809265137,13.699999809265137,12.914999961853027,13.039999961853027,489844
2020-04-29 00:00:00+02:00,13.100000381469727,13.720000267028809,12.899999618530273,13.720000267028809,658101
2020-04-30 00:00:00+02:00,13.789999961853027,14.460000038146973,13.449999809265137,13.6899995803833,1090851
2020-05-01 00:00:00+02:00,13.6899995803833,13.6899995803833,13.6899995803833,13.6899995803833,0
2020-05-04 00:00:00+02:00,13.289999961853027,13.449999809265137,13.039999961853027,13.3100004196167,590118
2020-05-05 00:00:00+02:00,13.390000343322754,13.619999885559082,13.270000457763672,13.300000190734863,576967
2020-05-06 00:00:00+02:00,13.300000190734863,13.369999885559082,12.520000457763672,12.524999618530273,1108239
2020-05-07 00:00:00+02:00,12.5,12.829999923706055,12.170000076293945,12.53499984741211,741752
2020-05-08 00:00:00+02:00,12.800000190734863,12.800000190734863,12.319999694824219,12.65999984741211,401868
2020-05-11 00:00:00+02:00,12.699999809265137,12.850000381469727,12.390000343322754,12.470000267028809,363702
2020-05-12 00:00:00+02:00,12.470000267028809,12.90999984741211,12.350000381469727,12.885000228881836,367975
2020-05-13 00:00:00+02:00,12.885000228881836,13.380000114440918,12.65999984741211,13.114999771118164,716159
2020-05-14 00:00:00+02:00,13.0,13.109999656677246,12.274999618530273,12.609999656677246,669024
2020-05-15 00:00:00+02:00,12.899999618530273,13.050000190734863,12.654999732971191,12.954999923706055,454942
2020-05-18 00:00:00+02:00,13.100000381469727,13.539999961853027,13.09000015258789,13.40999984741211,789527
2020-05-19 00:00:00+02:00,13.699999809265137,13.789999961853027,13.270000457763672,13.600000381469727,722213
2020-05-20 00:00:00+02:00,13.479999542236328,13.979999542236328,13.3100004196167,13.895000457763672,729478
2020-05-21 00:00:00+02:00,13.895000457763672,14.529999732971191,13.5,14.050000190734863,935638
2020-05-22 00:00:00+02:00,13.09000015258789,13.550000190734863,12.800000190734863,13.024999618530273,1588532
2020-05-25 00:00:00+02:00,13.199999809265137,13.649999618530273,13.199999809265137,13.619999885559082,623688
2020-05-26 00:00:00+02:00,13.899999618530273,14.300000190734863,13.739999771118164,14.300000190734863,879303
2020-05-27 00:00:00+02:00,14.399999618530273,15.994999885559082,14.34000015258789,15.380000114440918,3089473
2020-05-28 00:00:00+02:00,15.619999885559082,16.700000762939453,15.140000343322754,15.335000038146973,2202071
2020-05-29 00:00:00+02:00,15.335000038146973,16.690000534057617,15.335000038146973,16.53499984741211,1483243
2020-06-01 00:00:00+02:00,17.0,17.639999389648438,16.774999618530273,17.5,1442401
2020-06-02 00:00:00+02:00,17.889999389648438,18.25,17.299999237060547,18.0,1495351
2020-06-03 00:00:00+02:00,18.299999237060547,19.5,18.09000015258789,19.065000534057617,2147869
2020-06-04 00:00:00+02:00,19.299999237060547,20.09000015258789,18.43000030517578,19.84000015258789,2478976
2020-06-05 00:00:00+02:00,20.100000381469727,21.700000762939453,20.100000381469727,21.139999389648438,2582478
2020-06-08 00:00:00+02:00,21.979999542236328,22.040000915527344,18.799999237060547,19.200000762939453,4493772
2020-06-09 00:00:00+02:00,18.834999084472656,20.5,17.899999618530273,20.059999465942383,3922511
2020-06-10 00:00:00+02:00,20.059999465942383,20.600000381469727,19.290000915527344,20.100000381469727,1434422
2020-06-11 00:00:00+02:00,20.100000381469727,20.100000381469727,20.100000381469727,20.100000381469727,0
2020-06-12 00:00:00+02:00,18.600000381469727,19.989999771118164,18.399999618530273,19.3799991607666,1263215
2020-06-15 00:00:00+02:00,18.6299991607666,19.450000762939453,18.59000015258789,19.040000915527344,750950
2020-06-16 00:00:00+02:00,19.989999771118164,20.139999389648438,19.5,19.799999237060547,980506
2020-06-17 00:00:00+02:00,19.989999771118164,20.100000381469727,18.514999389648438,18.6299991607666,1244927
2020-06-18 00:00:00+02:00,18.6299991607666,19.104999542236328,18.200000762939453,18.700000762939453,826299
2020-06-19 00:00:00+02:00,18.700000762939453,19.389999389648438,18.440000534057617,19.110000610351562,1025338
2020-06-22 00:00:00+02:00,19.15999984741211,19.860000610351562,18.854999542236328,19.81999969482422,827490
2020-06-23 00:00:00+02:00,20.079999923706055,20.899999618530273,19.799999237060547,19.799999237060547,1423692
2020-06-24 00:00:00+02:00,19.950000762939453,20.170000076293945,19.15999984741211,19.200000762939453,615145
2020-06-25 00:00:00+02:00,19.0,19.450000762939453,18.600000381469727,19.184999465942383,641487
2020-06-26 00:00:00+02:00,19.280000686645508,19.5,18.399999618530273,18.405000686645508,622500
2020-06-29 00:00:00+02:00,18.450000762939453,18.920000076293945,18.040000915527344,18.799999237060547,579106
2020-06-30 00:00:00+02:00,18.889999389648438,19.0,18.56999969482422,18.700000762939453,235362
2020-07-01 00:00:00+02:00,18.799999237060547,18.809999465942383,18.100000381469727,18.639999389648438,275791
2020-07-02 00:00:00+02:00,18.700000762939453,19.25,18.600000381469727,18.81999969482422,393836
2020-07-03 00:00:00+02:00,19.0,19.149999618530273,18.84000015258789,18.84000015258789,234379
2020-07-06 00:00:00+02:00,19.329999923706055,20.100000381469727,19.0,19.920000076293945,732809
2020-07-07 00:00:00+02:00,19.920000076293945,20.200000762939453,19.405000686645508,20.100000381469727,460308
2020-07-08 00:00:00+02:00,20.100000381469727,20.450000762939453,19.84000015258789,20.190000534057617,422031
2020-07-09 00:00:00+02:00,20.190000534057617,20.399999618530273,19.520000457763672,19.520000457763672,397559
2020-07-10 00:00:00+02:00,19.3799991607666,19.78499984741211,19.059999465942383,19.6299991607666,348209
2020-07-13 00:00:00+02:00,19.799999237060547,20.600000381469727,19.799999237060547,20.3799991607666,682958
2020-07-14 00:00:00+02:00,20.0,20.100000381469727,19.25,19.399999618530273,728564
2020-07-15 00:00:00+02:00,19.649999618530273,20.200000762939453,19.219999313354492,19.899999618530273,558538
2020-07-16 00:00:00+02:00,19.899999618530273,19.899999618530273,19.399999618530273,19.5,215855
2020-07-17 00:00:00+02:00,19.549999237060547,19.549999237060547,19.18000030517578,19.40999984741211,307351
2020-07-20 00:00:00+02:00,19.690000534057617,19.950000762939453,19.299999237060547,19.799999237060547,355170
2020-07-21 00:00:00+02:00,19.799999237060547,20.290000915527344,19.795000076293945,19.84000015258789,510186
2020-07-22 00:00:00+02:00,19.864999771118164,20.299999237060547,19.774999618530273,20.0,345987
2020-07-23 00:00:00+02:00,20.020000457763672,20.209999084472656,19.399999618530273,19.40999984741211,316746
2020-07-24 00:00:00+02:00,19.299999237060547,19.59000015258789,18.75,19.299999237060547,352344
2020-07-27 00:00:00+02:00,19.200000762939453,19.454999923706055,19.0,19.100000381469727,346647
2020-07-28 00:00:00+02:00,19.100000381469727,19.18000030517578,18.31999969482422,18.5,584934
2020-07-29 00:00:00+02:00,18.399999618530273,18.440000534057617,16.719999313354492,16.75,1442649
2020-07-30 00:00:00+02:00,16.420000076293945,16.510000228881836,15.319999694824219,15.359999656677246,1295168
2020-07-31 00:00:00+02:00,15.0,16.899999618530273,14.96500015258789,16.4950008392334,1010503
2020-08-03 00:00:00+02:00,17.0,17.485000610351562,16.34000015258789,17.395000457763672,549035
2020-08-04 00:00:00+02:00,17.5,17.709999084472656,16.600000381469727,16.889999389648438,559328
2020-08-05 00:00:00+02:00,17.200000762939453,17.600000381469727,17.020000457763672,17.100000381469727,381980
2020-08-06 00:00:00+02:00,17.2450008392334,17.274999618530273,16.200000762939453,16.389999389648438,462217
2020-08-07 00:00:00+02:00,16.43000030517578,16.459999084472656,15.880000114440918,16.020000457763672,363060
2020-08-10 00:00:00+02:00,16.020000457763672,16.6200008392334,15.984999656677246,16.299999237060547,332052
2020-08-11 00:00:00+02:00,16.8799991607666,17.05500030517578,16.385000228881836,16.719999313354492,407489
2020-08-12 00:00:00+02:00,16.719999313354492,16.719999313354492,16.270000457763672,16.3700008392334,334812
2020-08-13 00:00:00+02:00,16.299999237060547,16.844999313354492,16.280000686645508,16.299999237060547,263427
2020-08-14 00:00:00+02:00,16.31999969482422,16.31999969482422,15.864999771118164,16.200000762939453,297157
2020-08-17 00:00:00+02:00,16.200000762939453,16.774999618530273,16.024999618530273,16.639999389648438,230277
2020-08-18 00:00:00+02:00,16.5,16.719999313354492,16.049999237060547,16.344999313354492,332719
2020-08-19 00:00:00+02:00,16.344999313354492,16.350000381469727,15.460000038146973,15.529999732971191,504801
2020-08-20 00:00:00+02:00,15.5,15.75,14.835000038146973,15.100000381469727,498677
2020-08-21 00:00:00+02:00,14.800000190734863,15.319999694824219,14.399999618530273,15.319999694824219,636378
2020-08-24 00:00:00+02:00,15.34000015258789,16.5049991607666,15.244999885559082,16.485000610351562,541371
2020-08-25 00:00:00+02:00,16.600000381469727,16.739999771118164,15.390000343322754,15.390000343322754,852250
2020-08-26 00:00:00+02:00,15.420000076293945,15.760000228881836,15.09000015258789,15.4399995803833,431442
2020-08-27 00:00:00+02:00,15.4399995803833,15.75,15.255000114440918,15.4399995803833,257101
2020-08-28 00:00:00+02:00,15.5,15.569999694824219,15.175000190734863,15.260000228881836,253554
2020-08-31 00:00:00+02:00,15.300000190734863,15.760000228881836,15.265000343322754,15.704999923706055,420874
2020-09-01 00:00:00+02:00,15.704999923706055,15.704999923706055,14.65999984741211,15.180000305175781,1166828
2020-09-02 00:00:00+02:00,15.149999618530273,15.680000305175781,15.050000190734863,15.369999885559082,295730
2020-09-03 00:00:00+02:00,15.40999984741211,15.779999732971191,15.319999694824219,15.449999809265137,401120
2020-09-04 00:00:00+02:00,15.390000343322754,16.489999771118164,15.295000076293945,16.200000762939453,979881
2020-09-07 00:00:00+02:00,16.549999237060547,21.8799991607666,16.5,21.700000762939453,3872044
2020-09-08 00:00:00+02:00,22.209999084472656,26.940000534057617,18.850000381469727,20.139999389648438,8218957
2020-09-09 00:00:00+02:00,19.510000228881836,21.399999618530273,19.100000381469727,20.200000762939453,2684949
2020-09-10 00:00:00+02:00,20.299999237060547,23.299999237060547,19.309999465942383,21.309999465942383,2557022
2020-09-11 00:00:00+02:00,21.440000534057617,23.40999984741211,21.31999969482422,23.149999618530273,2903992
2020-09-14 00:00:00+02:00,24.200000762939453,25.399999618530273,23.600000381469727,23.899999618530273,2524142
2020-09-15 00:00:00+02:00,23.899999618530273,25.75,22.729999542236328,25.399999618530273,2661349
2020-09-16 00:00:00+02:00,26.0,28.31999969482422,25.149999618530273,28.31999969482422,3216288
2020-09-17 00:00:00+02:00,27.260000228881836,29.950000762939453,26.389999389648438,27.829999923706055,4243569
2020-09-18 00:00:00+02:00,27.829999923706055,28.860000610351562,27.6299991607666,28.020000457763672,1380866
2020-09-21 00:00:00+02:00,27.68000030517578,27.899999618530273,24.200000762939453,24.709999084472656,3312273
2020-09-22 00:00:00+02:00,24.639999389648438,26.43000030517578,24.31999969482422,25.0,1916624
2020-09-23 00:00:00+02:00,25.399999618530273,25.670000076293945,23.200000762939453,23.209999084472656,1855990
2020-09-24 00:00:00+02:00,22.799999237060547,24.139999389648438,22.100000381469727,23.549999237060547,1537884
2020-09-25 00:00:00+02:00,24.0,27.270000457763672,23.729999542236328,24.31999969482422,2559011
2020-09-28 00:00:00+02:00,25.200000762939453,27.309999465942383,25.0,27.309999465942383,1906623
2020-09-29 00:00:00+02:00,27.299999237060547,27.899999618530273,25.549999237060547,25.549999237060547,1135066
2020-09-30 00:00:00+02:00,25.010000228881836,26.239999771118164,24.5,25.649999618530273,799155
2020-10-01 00:00:00+02:00,26.100000381469727,26.469999313354492,24.700000762939453,25.0,705966
2020-10-02 00:00:00+02:00,24.5,24.989999771118164,23.899999618530273,24.209999084472656,794657
2020-10-05 00:00:00+02:00,24.700000762939453,26.850000381469727,24.700000762939453,26.559999465942383,1475018
2020-10-06 00:00:00+02:00,26.450000762939453,27.200000762939453,26.0,26.239999771118164,865446
2020-10-07 00:00:00+02:00,26.200000762939453,26.5,25.520000457763672,26.309999465942383,639146
2020-10-08 00:00:00+02:00,26.350000381469727,26.760000228881836,24.5,24.719999313354492,1227022
2020-10-09 00:00:00+02:00,24.0,24.799999237060547,22.559999465942383,24.479999542236328,1762636
2020-10-12 00:00:00+02:00,24.959999084472656,25.75,23.799999237060547,24.81999969482422,1123703
2020-10-13 00:00:00+02:00,24.59000015258789,25.139999389648438,24.0,24.0,559402
2020-10-14 00:00:00+02:00,24.0,25.1200008392334,23.899999618530273,24.010000228881836,842763
2020-10-15 00:00:00+02:00,23.799999237060547,23.899999618530273,21.559999465942383,21.84000015258789,1332647
2020-10-16 00:00:00+02:00,21.799999237060547,22.56999969482422,20.81999969482422,22.200000762939453,884613
2020-10-19 00:00:00+02:00,22.049999237060547,22.729999542236328,21.139999389648438,21.399999618530273,606945
2020-10-20 00:00:00+02:00,21.040000915527344,21.40999984741211,20.209999084472656,20.209999084472656,936467
2020-10-21 00:00:00+02:00,20.31999969482422,20.899999618530273,20.030000686645508,20.270000457763672,535855
2020-10-22 00:00:00+02:00,20.1200008392334,20.270000457763672,19.375,19.510000228881836,1355117
2020-10-23 00:00:00+02:00,19.510000228881836,20.65999984741211,19.450000762939453,20.280000686645508,642728
2020-10-26 00:00:00+01:00,20.479999542236328,20.489999771118164,18.844999313354492,18.844999313354492,760987
2020-10-27 00:00:00+01:00,18.860000610351562,19.440000534057617,17.950000762939453,18.399999618530273,974325
2020-10-28 00:00:00+01:00,18.0,18.25,15.800000190734863,16.0049991607666,1445512
2020-10-29 00:00:00+01:00,16.049999237060547,16.68000030517578,15.354999542236328,15.5600004196167,1530147
2020-10-30 00:00:00+01:00,15.199999809265137,15.699999809265137,14.845000267028809,15.1899995803833,1088077
2020-11-02 00:00:00+01:00,15.449999809265137,17.299999237060547,15.229999542236328,17.100000381469727,1531558
2020-11-03 00:00:00+01:00,17.299999237060547,19.600000381469727,17.290000915527344,19.145000457763672,2625913
2020-11-04 00:00:00+01:00,19.524999618530273,19.600000381469727,17.100000381469727,18.200000762939453,2210184
2020-11-05 00:00:00+01:00,18.68000030517578,18.989999771118164,18.110000610351562,18.329999923706055,856467
2020-11-06 00:00:00+01:00,18.0,18.43000030517578,17.204999923706055,17.780000686645508,931539
2020-11-09 00:00:00+01:00,18.399999618530273,20.219999313354492,17.450000762939453,19.600000381469727,2385302
2020-11-10 00:00:00+01:00,19.65999984741211,19.65999984741211,18.719999313354492,18.774999618530273,1450037
2020-11-11 00:00:00+01:00,18.774999618530273,18.774999618530273,18.774999618530273,18.774999618530273,0
2020-11-12 00:00:00+01:00,18.774999618530273,19.950000762939453,18.764999389648438,19.774999618530273,1061634
2020-11-13 00:00:00+01:00,19.700000762939453,19.860000610351562,18.899999618530273,19.030000686645508,520859
2020-11-16 00:00:00+01:00,19.5,19.809999465942383,19.100000381469727,19.704999923706055,750451
2020-11-17 00:00:00+01:00,19.700000762939453,23.799999237060547,19.25,22.559999465942383,3853432
2020-11-18 00:00:00+01:00,22.200000762939453,22.739999771118164,21.15999984741211,21.34000015258789,1582991
2020-11-19 00:00:00+01:00,21.299999237060547,21.299999237060547,19.889999389648438,20.030000686645508,1410981
2020-11-20 00:00:00+01:00,20.18000030517578,21.469999313354492,20.15999984741211,20.799999237060547,1172666
2020-11-23 00:00:00+01:00,21.100000381469727,21.93000030517578,20.969999313354492,21.200000762939453,991262
2020-11-24 00:00:00+01:00,21.59000015258789,22.799999237060547,21.549999237060547,22.770000457763672,1409375
2020-11-25 00:00:00+01:00,23.190000534057617,23.899999618530273,22.729999542236328,23.40999984741211,1497303
2020-11-26 00:00:00+01:00,23.68000030517578,25.100000381469727,23.450000762939453,24.899999618530273,1516092
2020-11-27 00:00:00+01:00,24.899999618530273,25.600000381469727,23.299999237060547,23.709999084472656,1437749
2020-11-30 00:00:00+01:00,23.100000381469727,24.799999237060547,22.440000534057617,24.469999313354492,1534703
2020-12-01 00:00:00+01:00,25.0,25.200000762939453,23.600000381469727,23.600000381469727,908565
2020-12-02 00:00:00+01:00,23.600000381469727,24.299999237060547,23.139999389648438,24.299999237060547,511403
2020-12-03 00:00:00+01:00,24.549999237060547,25.719999313354492,24.280000686645508,25.59000015258789,1376984
2020-12-04 00:00:00+01:00,25.489999771118164,26.350000381469727,24.81999969482422,25.950000762939453,1190607
2020-12-07 00:00:00+01:00,25.899999618530273,26.479999542236328,25.239999771118164,25.530000686645508,1041857
2020-12-08 00:00:00+01:00,25.5,25.979999542236328,25.299999237060547,25.549999237060547,851782
2020-12-09 00:00:00+01:00,25.68000030517578,27.479999542236328,25.600000381469727,27.200000762939453,2292876
2020-12-10 00:00:00+01:00,27.299999237060547,27.889999389648438,26.329999923706055,27.0,1176411
2020-12-11 00:00:00+01:00,27.790000915527344,28.31999969482422,27.030000686645508,27.799999237060547,1523883
2020-12-14 00:00:00+01:00,27.799999237060547,28.31999969482422,25.600000381469727,26.100000381469727,1899578
2020-12-15 00:00:00+01:00,26.299999237060547,27.190000534057617,25.739999771118164,27.100000381469727,1112890
2020-12-16 00:00:00+01:00,26.809999465942383,28.139999389648438,26.799999237060547,27.209999084472656,1282494
2020-12-17 00:00:00+01:00,27.299999237060547,27.799999237060547,25.75,25.93000030517578,1148933
2020-12-18 00:00:00+01:00,25.600000381469727,26.489999771118164,25.260000228881836,25.959999084472656,949593
2020-12-21 00:00:00+01:00,25.100000381469727,25.5,23.3799991607666,25.170000076293945,1434750
2020-12-22 00:00:00+01:00,25.139999389648438,25.850000381469727,24.81999969482422,25.170000076293945,567934
2020-12-23 00:00:00+01:00,25.5,25.979999542236328,25.270000457763672,25.799999237060547,527741
2020-12-28 00:00:00+01:00,26.100000381469727,26.700000762939453,25.899999618530273,25.959999084472656,731608
2020-12-29 00:00:00+01:00,26.670000076293945,26.81999969482422,25.360000610351562,26.09000015258789,840077
2020-12-30 00:00:00+01:00,26.0,26.190000534057617,25.600000381469727,25.950000762939453,507270
2021-01-04 00:00:00+01:00,26.1299991607666,27.459999084472656,26.100000381469727,27.06999969482422,956609
2021-01-05 00:00:00+01:00,27.059999465942383,27.399999618530273,25.90999984741211,26.020000457763672,806084
2021-01-07 00:00:00+01:00,26.670000076293945,26.950000762939453,25.610000610351562,26.8799991607666,1012009
2021-01-08 00:00:00+01:00,27.149999618530273,27.459999084472656,26.290000915527344,26.700000762939453,644652
2021-01-11 00:00:00+01:00,26.200000762939453,26.670000076293945,25.530000686645508,26.079999923706055,630602
2021-01-12 00:00:00+01:00,26.149999618530273,26.420000076293945,25.639999389648438,26.1299991607666,380180
2021-01-13 00:00:00+01:00,26.260000228881836,26.290000915527344,25.440000534057617,25.799999237060547,434921
2021-01-14 00:00:00+01:00,25.799999237060547,26.790000915527344,25.670000076293945,26.790000915527344,694902
2021-01-15 00:00:00+01:00,26.81999969482422,28.889999389648438,26.399999618530273,28.299999237060547,2657934
2021-01-18 00:00:00+01:00,28.229999542236328,33.7599983215332,28.010000228881836,33.630001068115234,3971106
2021-01-19 00:00:00+01:00,34.5,37.400001525878906,32.150001525878906,33.099998474121094,4122858
2021-01-20 00:00:00+01:00,33.599998474121094,35.20000076293945,32.29999923706055,35.0,1886796
2021-01-21 00:00:00+01:00,35.880001068115234,35.900001525878906,31.100000381469727,31.31999969482422,2821644
2021-01-22 00:00:00+01:00,31.25,32.77000045776367,30.34000015258789,32.04999923706055,1600647
2021-01-25 00:00:00+01:00,32.75,32.939998626708984,31.270000457763672,31.59000015258789,616166
2021-01-26 00:00:00+01:00,31.399999618530273,34.04999923706055,31.299999237060547,33.2599983215332,1451978
2021-01-27 00:00:00+01:00,33.20000076293945,34.0,30.84000015258789,31.1299991607666,1218437
2021-01-28 00:00:00+01:00,31.020000457763672,32.59000015258789,30.190000534057617,32.400001525878906,1058407
2021-01-29 00:00:00+01:00,32.0,32.790000915527344,31.299999237060547,31.809999465942383,774380
2021-02-01 00:00:00+01:00,32.290000915527344,34.9900016784668,32.04999923706055,34.900001525878906,2275294
2021-02-02 00:00:00+01:00,35.400001525878906,36.27000045776367,33.5,34.79999923706055,1561116
2021-02-03 00:00:00+01:00,35.380001068115234,36.0,33.650001525878906,33.810001373291016,1314012
2021-02-04 00:00:00+01:00,33.61000061035156,34.529998779296875,33.099998474121094,33.43000030517578,587284
2021-02-05 00:00:00+01:00,33.959999084472656,35.22999954223633,33.65999984741211,35.04999923706055,782730
2021-02-08 00:00:00+01:00,36.099998474121094,39.68000030517578,35.91999816894531,39.59000015258789,3421664
2021-02-09 00:00:00+01:00,40.29999923706055,41.0,38.400001525878906,39.40999984741211,1810950
2021-02-10 00:00:00+01:00,40.0,42.15999984741211,39.619998931884766,40.18000030517578,1929281
2021-02-11 00:00:00+01:00,40.25,41.220001220703125,38.52000045776367,39.70000076293945,1401679
2021-02-12 00:00:00+01:00,39.70000076293945,39.900001525878906,38.099998474121094,38.43000030517578,764500
2021-02-15 00:00:00+01:00,39.290000915527344,41.0,38.29999923706055,41.0,819616
2021-02-16 00:00:00+01:00,41.099998474121094,42.0,39.20000076293945,39.29999923706055,1248798
2021-02-17 00:00:00+01:00,39.630001068115234,41.11000061035156,38.5099983215332,40.15999984741211,1123168
2021-02-18 00:00:00+01:00,40.310001373291016,41.29999923706055,39.650001525878906,39.709999084472656,880634
2021-02-19 00:00:00+01:00,39.599998474121094,40.33000183105469,39.040000915527344,39.849998474121094,596185
2021-02-22 00:00:00+01:00,38.900001525878906,39.459999084472656,38.599998474121094,38.599998474121094,623860
2021-02-23 00:00:00+01:00,38.61000061035156,39.29999923706055,36.029998779296875,36.959999084472656,1404686
2021-02-24 00:00:00+01:00,36.689998626708984,37.79999923706055,36.060001373291016,36.970001220703125,864928
2021-02-25 00:00:00+01:00,37.20000076293945,38.38999938964844,35.29999923706055,35.459999084472656,1016757
2021-02-26 00:00:00+01:00,34.0,35.560001373291016,32.79999923706055,35.279998779296875,1226165
2021-03-01 00:00:00+01:00,36.279998779296875,36.29999923706055,34.349998474121094,34.5,689694
2021-03-02 00:00:00+01:00,34.369998931884766,35.5,33.849998474121094,35.0,829388
2021-03-03 00:00:00+01:00,35.0,36.45000076293945,34.599998474121094,35.16999816894531,726633
2021-03-04 00:00:00+01:00,34.91999816894531,35.95000076293945,33.810001373291016,35.63999938964844,783485
2021-03-05 00:00:00+01:00,35.0,35.43000030517578,33.91999816894531,34.29999923706055,715587
2021-03-08 00:00:00+01:00,34.20000076293945,34.66999816894531,33.25,33.959999084472656,688726
2021-03-09 00:00:00+01:00,33.5,35.27000045776367,32.5099983215332,34.630001068115234,1408315
2021-03-10 00:00:00+01:00,34.900001525878906,35.7400016784668,33.599998474121094,33.70000076293945,970868
2021-03-11 00:00:00+01:00,34.380001068115234,34.45000076293945,33.54999923706055,34.20000076293945,503403
2021-03-12 00:00:00+01:00,34.29999923706055,34.5,33.599998474121094,34.0,440425
2021-03-15 00:00:00+01:00,34.02000045776367,34.150001525878906,32.79999923706055,32.90999984741211,915459
2021-03-16 00:00:00+01:00,32.5,32.5,31.1200008392334,31.1299991607666,1564290
2021-03-17 00:00:00+01:00,31.100000381469727,32.439998626708984,30.0,32.349998474121094,1933863
2021-03-18 00:00:00+01:00,32.970001220703125,33.189998626708984,31.049999237060547,31.84000015258789,929833
2021-03-19 00:00:00+01:00,31.200000762939453,31.479999542236328,30.06999969482422,30.15999984741211,1523872
2021-03-22 00:00:00+01:00,30.09000015258789,33.0,29.1200008392334,33.0,1390943
2021-03-23 00:00:00+01:00,33.099998474121094,33.189998626708984,30.809999465942383,30.809999465942383,1689656
2021-03-24 00:00:00+01:00,30.350000381469727,30.649999618530273,28.219999313354492,28.299999237060547,2033151
2021-03-25 00:00:00+01:00,28.299999237060547,29.25,27.0,28.40999984741211,1666635
2021-03-26 00:00:00+01:00,29.100000381469727,30.389999389648438,28.899999618530273,30.299999237060547,980262
2021-03-29 00:00:00+02:00,30.299999237060547,30.6200008392334,29.030000686645508,30.079999923706055,919609
2021-03-30 00:00:00+02:00,30.079999923706055,30.25,28.719999313354492,29.260000228881836,942710
2021-03-31 00:00:00+02:00,29.5,30.18000030517578,29.25,29.579999923706055,496303
2021-04-01 00:00:00+02:00,29.600000381469727,31.420000076293945,29.489999771118164,31.059999465942383,794769
2021-04-06 00:00:00+02:00,31.84000015258789,33.9900016784668,31.700000762939453,33.9900016784668,1417847
2021-04-07 00:00:00+02:00,34.0,34.09000015258789,32.709999084472656,32.959999084472656,947875
2021-04-08 00:00:00+02:00,32.900001525878906,33.20000076293945,31.790000915527344,31.8799991607666,787916
2021-04-09 00:00:00+02:00,31.860000610351562,33.25,31.6299991607666,32.599998474121094,895963
2021-04-12 00:00:00+02:00,32.63999938964844,32.7599983215332,31.799999237060547,31.950000762939453,470432
2021-04-13 00:00:00+02:00,31.979999542236328,32.47999954223633,31.5,31.579999923706055,532438
2021-04-14 00:00:00+02:00,32.27000045776367,32.720001220703125,31.790000915527344,32.20000076293945,622928
2021-04-15 00:00:00+02:00,32.400001525878906,33.13999938964844,32.20000076293945,32.619998931884766,636436
2021-04-16 00:00:00+02:00,32.70000076293945,33.119998931884766,32.349998474121094,32.5,599224
2021-04-19 00:00:00+02:00,32.70000076293945,34.470001220703125,32.58000183105469,33.029998779296875,1435325
2021-04-20 00:00:00+02:00,33.36000061035156,33.70000076293945,31.799999237060547,32.0,746370
2021-04-21 00:00:00+02:00,31.450000762939453,31.899999618530273,30.700000762939453,30.899999618530273,951099
2021-04-22 00:00:00+02:00,31.260000228881836,31.780000686645508,31.0,31.06999969482422,427691
2021-04-23 00:00:00+02:00,31.0,31.06999969482422,30.219999313354492,30.360000610351562,555577
2021-04-26 00:00:00+02:00,30.799999237060547,31.139999389648438,30.040000915527344,30.850000381469727,698791
2021-04-27 00:00:00+02:00,30.989999771118164,31.200000762939453,30.200000762939453,30.290000915527344,505338
2021-04-28 00:00:00+02:00,30.489999771118164,31.799999237060547,30.290000915527344,31.059999465942383,715629
2021-04-29 00:00:00+02:00,31.450000762939453,31.760000228881836,30.959999084472656,31.100000381469727,525840
2021-04-30 00:00:00+02:00,31.0,31.239999771118164,30.209999084472656,30.299999237060547,850782
2021-05-04 00:00:00+02:00,30.40999984741211,30.579999923706055,28.920000076293945,29.0,1148736
2021-05-05 00:00:00+02:00,29.100000381469727,29.889999389648438,29.030000686645508,29.459999084472656,609679
2021-05-06 00:00:00+02:00,29.610000610351562,31.799999237060547,29.610000610351562,30.8700008392334,1316661
2021-05-07 00:00:00+02:00,31.5,32.369998931884766,31.209999084472656,32.220001220703125,1012518
2021-05-10 00:00:00+02:00,32.9900016784668,33.58000183105469,30.5,30.540000915527344,1462092
2021-05-11 00:00:00+02:00,31.0,31.549999237060547,30.559999465942383,31.329999923706055,739657
2021-05-12 00:00:00+02:00,31.5,31.899999618530273,30.6200008392334,30.959999084472656,444460
2021-05-13 00:00:00+02:00,30.5,31.270000457763672,29.600000381469727,30.950000762939453,1025416
2021-05-14 00:00:00+02:00,31.280000686645508,31.399999618530273,30.18000030517578,30.899999618530273,438759
2021-05-17 00:00:00+02:00,31.329999923706055,31.790000915527344,30.889999389648438,31.450000762939453,534764
2021-05-18 00:00:00+02:00,31.760000228881836,32.2400016784668,30.639999389648438,31.889999389648438,896156
2021-05-19 00:00:00+02:00,31.799999237060547,32.2599983215332,31.25,32.0,660733
2021-05-20 00:00:00+02:00,32.040000915527344,32.33000183105469,30.899999618530273,31.290000915527344,960238
2021-05-21 00:00:00+02:00,30.799999237060547,32.689998626708984,30.5,31.940000534057617,1242682
2021-05-24 00:00:00+02:00,32.54999923706055,34.5,31.940000534057617,34.5,1954610
2021-05-25 00:00:00+02:00,35.0,35.4900016784668,33.529998779296875,33.86000061035156,1408783
2021-05-26 00:00:00+02:00,33.63999938964844,35.189998626708984,33.29999923706055,35.09000015258789,978557
2021-05-27 00:00:00+02:00,35.09000015258789,36.619998931884766,34.83000183105469,36.29999923706055,1364843
2021-05-28 00:00:00+02:00,36.83000183105469,37.41999816894531,35.90999984741211,36.310001373291016,1196568
2021-05-31 00:00:00+02:00,36.4900016784668,37.41999816894531,36.06999969482422,36.4900016784668,634915
2021-06-01 00:00:00+02:00,36.599998474121094,37.150001525878906,34.7400016784668,34.79999923706055,1068447
2021-06-02 00:00:00+02:00,35.09000015258789,35.650001525878906,34.79999923706055,34.849998474121094,739198
2021-06-04 00:00:00+02:00,35.0099983215332,36.54999923706055,34.5,35.599998474121094,1110098
2021-06-07 00:00:00+02:00,35.97999954223633,37.68000030517578,35.79999923706055,37.290000915527344,1154015
2021-06-08 00:00:00+02:00,36.5,36.790000915527344,36.099998474121094,36.29999923706055,870547
2021-06-09 00:00:00+02:00,36.380001068115234,36.70000076293945,34.72999954223633,35.0,1029767
2021-06-10 00:00:00+02:00,34.959999084472656,35.470001220703125,34.15999984741211,34.810001373291016,696191
2021-06-11 00:00:00+02:00,34.970001220703125,35.70000076293945,34.869998931884766,35.52000045776367,654455
2021-06-14 00:00:00+02:00,35.86000061035156,36.11000061035156,35.220001220703125,35.29999923706055,481722
2021-06-15 00:00:00+02:00,35.7400016784668,36.16999816894531,34.79999923706055,35.52000045776367,771250
2021-06-16 00:00:00+02:00,35.29999923706055,35.72999954223633,34.7599983215332,34.900001525878906,593826
2021-06-17 00:00:00+02:00,34.72999954223633,34.83000183105469,33.54999923706055,33.56999969482422,849510
2021-06-18 00:00:00+02:00,33.56999969482422,34.400001525878906,32.59000015258789,32.779998779296875,1239276
2021-06-21 00:00:00+02:00,32.5,33.29999923706055,31.5,33.27000045776367,1014823
2021-06-22 00:00:00+02:00,33.900001525878906,34.13999938964844,33.04999923706055,33.4900016784668,585889
2021-06-23 00:00:00+02:00,33.77000045776367,34.939998626708984,33.36000061035156,34.880001068115234,636426
2021-06-24 00:00:00+02:00,35.0,35.5,34.209999084472656,35.38999938964844,570370
2021-06-25 00:00:00+02:00,35.91999816894531,36.18000030517578,35.38999938964844,35.38999938964844,647892
2021-06-28 00:00:00+02:00,35.540000915527344,35.56999969482422,34.650001525878906,35.0099983215332,457102
2021-06-29 00:00:00+02:00,34.81999969482422,35.5,34.540000915527344,35.15999984741211,471857
2021-06-30 00:00:00+02:00,35.0,35.91999816894531,34.81999969482422,35.220001220703125,488335
2021-07-01 00:00:00+02:00,35.20000076293945,35.79999923706055,34.470001220703125,35.540000915527344,483907
2021-07-02 00:00:00+02:00,35.5,35.79999923706055,35.040000915527344,35.400001525878906,385435
2021-07-05 00:00:00+02:00,35.29999923706055,37.290000915527344,35.220001220703125,36.689998626708984,958519
2021-07-06 00:00:00+02:00,36.900001525878906,38.79999923706055,36.68000030517578,36.86000061035156,1567144
2021-07-07 00:00:00+02:00,37.099998474121094,38.189998626708984,36.59000015258789,36.59000015258789,806933
2021-07-08 00:00:00+02:00,36.45000076293945,36.52000045776367,35.529998779296875,35.70000076293945,784731
2021-07-09 00:00:00+02:00,36.06999969482422,36.650001525878906,35.709999084472656,36.5,394008
2021-07-12 00:00:00+02:00,36.5,36.65999984741211,34.90999984741211,35.38999938964844,759206
2021-07-13 00:00:00+02:00,35.5099983215332,36.09000015258789,34.619998931884766,34.720001220703125,668473
2021-07-14 00:00:00+02:00,34.810001373291016,36.119998931884766,34.599998474121094,35.209999084472656,973004
2021-07-15 00:00:00+02:00,35.79999923706055,36.380001068115234,34.65999984741211,34.97999954223633,667258
2021-07-16 00:00:00+02:00,35.099998474121094,35.459999084472656,34.20000076293945,34.27000045776367,649447
2021-07-19 00:00:00+02:00,34.0,34.400001525878906,32.5,32.5,1129115
2021-07-20 00:00:00+02:00,32.720001220703125,33.400001525878906,32.119998931884766,33.20000076293945,767578
2021-07-21 00:00:00+02:00,33.20000076293945,33.97999954223633,32.63999938964844,33.16999816894531,696828
2021-07-22 00:00:00+02:00,33.29999923706055,33.79999923706055,32.75,32.9900016784668,386355
2021-07-23 00:00:00+02:00,33.02000045776367,33.79999923706055,32.81999969482422,33.790000915527344,451980
2021-07-26 00:00:00+02:00,33.970001220703125,34.2599983215332,33.25,33.31999969482422,352605
2021-07-27 00:00:00+02:00,33.56999969482422,33.56999969482422,32.720001220703125,32.79999923706055,407753
2021-07-28 00:00:00+02:00,32.650001525878906,33.70000076293945,32.529998779296875,33.5099983215332,243153
2021-07-29 00:00:00+02:00,33.599998474121094,35.16999816894531,33.52000045776367,35.16999816894531,825086
2021-07-30 00:00:00+02:00,35.0,35.439998626708984,34.130001068115234,34.79999923706055,471044
2021-08-02 00:00:00+02:00,35.0,35.279998779296875,34.349998474121094,34.349998474121094,361209
2021-08-03 00:00:00+02:00,34.349998474121094,34.59000015258789,33.470001220703125,33.619998931884766,567313
2021-08-04 00:00:00+02:00,33.70000076293945,34.150001525878906,33.40999984741211,33.45000076293945,326757
2021-08-05 00:00:00+02:00,33.5099983215332,34.599998474121094,33.13999938964844,34.599998474121094,387456
2021-08-06 00:00:00+02:00,34.86000061035156,35.02000045776367,34.040000915527344,34.11000061035156,377899
2021-08-09 00:00:00+02:00,34.25,34.54999923706055,33.83000183105469,34.04999923706055,309125
2021-08-10 00:00:00+02:00,34.150001525878906,34.459999084472656,33.900001525878906,34.36000061035156,290836
2021-08-11 00:00:00+02:00,34.33000183105469,35.20000076293945,34.25,35.20000076293945,693913
2021-08-12 00:00:00+02:00,35.54999923706055,37.68000030517578,35.4900016784668,37.47999954223633,1823353
2021-08-13 00:00:00+02:00,37.79999923706055,38.08000183105469,36.5,36.5,878096
2021-08-16 00:00:00+02:00,36.70000076293945,37.779998779296875,36.119998931884766,37.27000045776367,583158
2021-08-17 00:00:00+02:00,37.400001525878906,38.0,36.119998931884766,36.119998931884766,731178
2021-08-18 00:00:00+02:00,36.5,36.599998474121094,35.29999923706055,35.349998474121094,628840
2021-08-19 00:00:00+02:00,34.689998626708984,34.689998626708984,33.439998626708984,34.099998474121094,1437916
2021-08-20 00:00:00+02:00,34.040000915527344,34.650001525878906,33.709999084472656,34.209999084472656,512305
2021-08-23 00:00:00+02:00,34.79999923706055,35.95000076293945,34.63999938964844,35.95000076293945,694411
2021-08-24 00:00:00+02:00,36.16999816894531,36.59000015258789,35.25,35.45000076293945,528934
2021-08-25 00:00:00+02:00,35.650001525878906,35.75,34.83000183105469,35.63999938964844,420456
2021-08-26 00:00:00+02:00,35.630001068115234,36.4900016784668,35.43000030517578,35.83000183105469,618265
2021-08-27 00:00:00+02:00,36.0,36.70000076293945,35.869998931884766,36.599998474121094,448776
2021-08-30 00:00:00+02:00,36.95000076293945,39.52000045776367,36.95000076293945,39.2400016784668,2167989
2021-08-31 00:00:00+02:00,39.47999954223633,41.099998474121094,38.599998474121094,40.34000015258789,2079632
2021-09-01 00:00:00+02:00,40.400001525878906,42.47999954223633,40.380001068115234,41.79999923706055,2872620
2021-09-02 00:00:00+02:00,41.9900016784668,45.08000183105469,41.72999954223633,44.84000015258789,2675053
2021-09-03 00:00:00+02:00,45.099998474121094,45.849998474121094,43.20000076293945,45.599998474121094,1698373
2021-09-06 00:00:00+02:00,45.79999923706055,48.88999938964844,45.79999923706055,48.869998931884766,1553560
2021-09-07 00:00:00+02:00,49.0,51.2599983215332,45.349998474121094,48.79999923706055,2562245
2021-09-08 00:00:00+02:00,48.810001373291016,51.84000015258789,46.130001068115234,49.400001525878906,2245836
2021-09-09 00:00:00+02:00,49.150001525878906,51.97999954223633,48.7400016784668,51.97999954223633,1555209
2021-09-10 00:00:00+02:00,52.52000045776367,53.29999923706055,51.58000183105469,51.91999816894531,1358854
2021-09-13 00:00:00+02:00,52.02000045776367,54.7400016784668,52.02000045776367,54.220001220703125,1246330
2021-09-14 00:00:00+02:00,54.400001525878906,55.65999984741211,51.900001525878906,53.779998779296875,1680822
2021-09-15 00:00:00+02:00,54.060001373291016,56.400001525878906,52.79999923706055,56.20000076293945,1199601
2021-09-16 00:00:00+02:00,56.70000076293945,58.65999984741211,52.599998474121094,52.86000061035156,3099752
2021-09-17 00:00:00+02:00,52.119998931884766,54.540000915527344,51.31999969482422,54.400001525878906,2406826
2021-09-20 00:00:00+02:00,52.779998779296875,53.5,48.68000030517578,49.75,2927779
2021-09-21 00:00:00+02:00,49.63999938964844,51.97999954223633,47.40999984741211,48.7400016784668,2287186
2021-09-22 00:00:00+02:00,50.619998931884766,53.400001525878906,49.20000076293945,53.400001525878906,2138314
2021-09-23 00:00:00+02:00,54.97999954223633,55.84000015258789,51.31999969482422,51.79999923706055,2175437
2021-09-24 00:00:00+02:00,51.900001525878906,52.900001525878906,50.599998474121094,51.7400016784668,795852
2021-09-27 00:00:00+02:00,52.31999969482422,52.880001068115234,50.400001525878906,52.15999984741211,676161
2021-09-28 00:00:00+02:00,52.779998779296875,53.599998474121094,51.20000076293945,51.599998474121094,771710
2021-09-29 00:00:00+02:00,51.060001373291016,52.5,50.65999984741211,51.84000015258789,601776
2021-09-30 00:00:00+02:00,53.0,55.7400016784668,52.52000045776367,55.7400016784668,1946494
2021-10-01 00:00:00+02:00,55.0,57.20000076293945,54.540000915527344,55.400001525878906,1349720
2021-10-04 00:00:00+02:00,56.400001525878906,58.29999923706055,55.79999923706055,56.0,1501477
2021-10-05 00:00:00+02:00,56.70000076293945,57.720001220703125,54.900001525878906,57.599998474121094,1091007
2021-10-06 00:00:00+02:00,57.7599983215332,58.880001068115234,56.20000076293945,57.68000030517578,1171919
2021-10-07 00:00:00+02:00,57.29999923706055,58.02000045776367,55.380001068115234,56.20000076293945,949893
2021-10-08 00:00:00+02:00,55.5,56.70000076293945,55.0,55.0,674689
2021-10-11 00:00:00+02:00,55.939998626708984,58.29999923706055,55.65999984741211,58.2400016784668,1098013
2021-10-12 00:00:00+02:00,58.099998474121094,60.63999938964844,57.79999923706055,60.599998474121094,1342861
2021-10-13 00:00:00+02:00,60.400001525878906,61.939998626708984,59.7400016784668,59.880001068115234,914999
2021-10-14 00:00:00+02:00,60.0,61.599998474121094,54.040000915527344,54.86000061035156,2260207
2021-10-15 00:00:00+02:00,56.0,56.380001068115234,54.31999969482422,56.2599983215332,960736
2021-10-18 00:00:00+02:00,56.79999923706055,61.20000076293945,56.7599983215332,61.099998474121094,1278728
2021-10-19 00:00:00+02:00,62.0,62.47999954223633,55.02000045776367,55.36000061035156,2181214
2021-10-20 00:00:00+02:00,55.5,56.900001525878906,51.7400016784668,54.91999816894531,1925610
2021-10-21 00:00:00+02:00,53.599998474121094,54.7599983215332,51.52000045776367,51.599998474121094,1067982
2021-10-22 00:00:00+02:00,51.7599983215332,54.439998626708984,50.20000076293945,52.0,1082247
2021-10-25 00:00:00+02:00,52.599998474121094,54.7400016784668,52.560001373291016,54.13999938964844,1051707
2021-10-26 00:00:00+02:00,54.20000076293945,54.560001373291016,52.65999984741211,52.79999923706055,416366
2021-10-27 00:00:00+02:00,52.0,52.560001373291016,50.560001373291016,51.2599983215332,794532
2021-10-28 00:00:00+02:00,50.86000061035156,51.68000030517578,49.400001525878906,50.720001220703125,629841
2021-10-29 00:00:00+02:00,50.060001373291016,53.29999923706055,49.5,51.79999923706055,883047
2021-11-02 00:00:00+01:00,51.0,52.619998931884766,47.5,47.5,1458976
2021-11-03 00:00:00+01:00,47.880001068115234,49.5099983215332,47.099998474121094,48.70000076293945,896141
2021-11-04 00:00:00+01:00,49.060001373291016,51.0,48.45000076293945,49.4900016784668,630781
2021-11-05 00:00:00+01:00,49.619998931884766,49.97999954223633,48.599998474121094,49.34000015258789,292244
2021-11-08 00:00:00+01:00,49.20000076293945,52.279998779296875,48.79999923706055,52.0,550187
2021-11-09 00:00:00+01:00,51.97999954223633,52.5,49.279998779296875,49.279998779296875,506202
2021-11-10 00:00:00+01:00,49.29999923706055,50.02000045776367,44.84000015258789,45.2599983215332,1824400
2021-11-12 00:00:00+01:00,46.349998474121094,47.0,44.93000030517578,46.59000015258789,1018087
2021-11-15 00:00:00+01:00,46.02000045776367,47.38999938964844,41.77000045776367,42.72999954223633,2288974
2021-11-16 00:00:00+01:00,42.70000076293945,44.47999954223633,42.0,43.27000045776367,1241141
2021-11-17 00:00:00+01:00,43.52000045776367,44.20000076293945,42.5,42.599998474121094,588239
2021-11-18 00:00:00+01:00,44.0,44.5,40.310001373291016,40.5099983215332,1292328
2021-11-19 00:00:00+01:00,40.20000076293945,42.279998779296875,38.900001525878906,41.0,2133045
2021-11-22 00:00:00+01:00,41.20000076293945,42.29999923706055,39.0,42.18000030517578,1083563
2021-11-23 00:00:00+01:00,42.18000030517578,43.349998474121094,41.29999923706055,41.29999923706055,769936
2021-11-24 00:00:00+01:00,42.04999923706055,42.650001525878906,40.779998779296875,41.189998626708984,520406
2021-11-25 00:00:00+01:00,41.599998474121094,43.0,40.91999816894531,42.79999923706055,589835
2021-11-26 00:00:00+01:00,41.0,41.5,37.88999938964844,38.02000045776367,1489037
2021-11-29 00:00:00+01:00,39.20000076293945,39.63999938964844,37.13999938964844,39.4900016784668,1314399
2021-11-30 00:00:00+01:00,38.5,41.790000915527344,38.15999984741211,41.099998474121094,1167489
2021-12-01 00:00:00+01:00,41.75,43.20000076293945,41.29999923706055,42.18000030517578,953316
2021-12-02 00:00:00+01:00,41.900001525878906,42.290000915527344,40.72999954223633,41.41999816894531,444159
2021-12-03 00:00:00+01:00,42.40999984741211,42.849998474121094,40.900001525878906,40.900001525878906,460284
2021-12-06 00:00:00+01:00,41.29999923706055,41.900001525878906,40.0,40.5,466938
2021-12-07 00:00:00+01:00,41.20000076293945,42.41999816894531,41.06999969482422,42.20000076293945,555050
2021-12-08 00:00:00+01:00,42.79999923706055,44.400001525878906,42.209999084472656,42.33000183105469,909173
2021-12-09 00:00:00+01:00,42.5,42.93000030517578,40.0,40.68000030517578,871481
2021-12-10 00:00:00+01:00,40.68000030517578,41.77000045776367,40.0,40.130001068115234,560860
2021-12-13 00:00:00+01:00,40.15999984741211,40.880001068115234,38.150001525878906,38.40999984741211,1000906
2021-12-14 00:00:00+01:00,38.29999923706055,40.290000915527344,37.29999923706055,39.7599983215332,1024030
2021-12-15 00:00:00+01:00,39.7599983215332,40.029998779296875,36.15999984741211,36.220001220703125,1191795
2021-12-16 00:00:00+01:00,37.5,38.900001525878906,37.2599983215332,38.900001525878906,1212331
2021-12-17 00:00:00+01:00,38.439998626708984,38.529998779296875,36.45000076293945,36.720001220703125,1637261
2021-12-20 00:00:00+01:00,35.72999954223633,36.0,33.79999923706055,35.04999923706055,2222289
2021-12-21 00:00:00+01:00,35.79999923706055,36.20000076293945,34.54999923706055,35.93000030517578,795867
2021-12-22 00:00:00+01:00,36.22999954223633,36.400001525878906,34.209999084472656,34.75,921944
2021-12-23 00:00:00+01:00,34.9900016784668,35.599998474121094,34.22999954223633,34.56999969482422,750345
2021-12-27 00:00:00+01:00,34.5,34.810001373291016,32.400001525878906,33.040000915527344,2053787
2021-12-28 00:00:00+01:00,32.81999969482422,35.0,32.599998474121094,33.9900016784668,2059293
2021-12-29 00:00:00+01:00,33.88999938964844,35.58000183105469,33.58000183105469,35.5,820899
2021-12-30 00:00:00+01:00,35.779998779296875,36.2599983215332,34.54999923706055,34.869998931884766,766292
2022-01-03 00:00:00+01:00,35.099998474121094,36.349998474121094,35.099998474121094,35.400001525878906,817655
2022-01-04 00:00:00+01:00,35.70000076293945,35.70000076293945,34.400001525878906,35.459999084472656,600686
2022-01-05 00:00:00+01:00,35.66999816894531,36.63999938964844,35.310001373291016,36.540000915527344,596848
2022-01-07 00:00:00+01:00,36.5,38.470001220703125,35.619998931884766,38.34000015258789,1019621
2022-01-10 00:00:00+01:00,39.29999923706055,40.099998474121094,37.619998931884766,38.310001373291016,1017877
2022-01-11 00:00:00+01:00,38.900001525878906,39.599998474121094,37.83000183105469,39.599998474121094,680467
2022-01-12 00:00:00+01:00,40.0,40.97999954223633,39.70000076293945,40.75,1029840
2022-01-13 00:00:00+01:00,40.5,41.22999954223633,40.150001525878906,40.400001525878906,697172
2022-01-14 00:00:00+01:00,40.0,40.70000076293945,39.619998931884766,40.0099983215332,646932
2022-01-17 00:00:00+01:00,41.5,42.70000076293945,40.720001220703125,41.529998779296875,1997867
2022-01-18 00:00:00+01:00,41.5,41.650001525878906,39.97999954223633,40.20000076293945,789469
2022-01-19 00:00:00+01:00,39.400001525878906,41.279998779296875,38.81999969482422,40.959999084472656,1027560
2022-01-20 00:00:00+01:00,40.970001220703125,41.58000183105469,39.619998931884766,40.29999923706055,460061
2022-01-21 00:00:00+01:00,39.400001525878906,39.86000061035156,38.099998474121094,38.650001525878906,782732
2022-01-24 00:00:00+01:00,38.20000076293945,39.290000915527344,33.880001068115234,34.400001525878906,2339876
2022-01-25 00:00:00+01:00,35.349998474121094,36.0,33.459999084472656,35.45000076293945,1699345
2022-01-26 00:00:00+01:00,35.9900016784668,38.369998931884766,35.900001525878906,37.79999923706055,1567051
2022-01-27 00:00:00+01:00,37.0,40.0,36.810001373291016,39.83000183105469,1330644
2022-01-28 00:00:00+01:00,39.97999954223633,40.43000030517578,38.77000045776367,40.29999923706055,943908
2022-01-31 00:00:00+01:00,40.959999084472656,42.5,39.54999923706055,39.54999923706055,1774601
2022-02-01 00:00:00+01:00,40.0,42.119998931884766,39.02000045776367,42.040000915527344,939019
2022-02-02 00:00:00+01:00,42.7400016784668,47.599998474121094,42.5,46.959999084472656,3355963
2022-02-03 00:00:00+01:00,46.5,47.279998779296875,44.61000061035156,44.849998474121094,1423080
2022-02-04 00:00:00+01:00,44.900001525878906,45.84000015258789,43.029998779296875,44.95000076293945,1225751
2022-02-07 00:00:00+01:00,45.720001220703125,46.38999938964844,44.56999969482422,45.529998779296875,620659
2022-02-08 00:00:00+01:00,45.22999954223633,45.9900016784668,44.66999816894531,45.97999954223633,599283
2022-02-09 00:00:00+01:00,46.5,48.79999923706055,46.4900016784668,48.79999923706055,1189562
2022-02-10 00:00:00+01:00,48.95000076293945,50.2599983215332,47.470001220703125,48.79999923706055,982460
2022-02-11 00:00:00+01:00,47.5,48.900001525878906,46.33000183105469,48.310001373291016,818747
2022-02-14 00:00:00+01:00,46.279998779296875,47.689998626708984,44.75,45.470001220703125,1393123
2022-02-15 00:00:00+01:00,45.70000076293945,48.88999938964844,45.5,48.0,1068805
2022-02-16 00:00:00+01:00,49.0,49.75,46.81999969482422,47.0099983215332,940079
2022-02-17 00:00:00+01:00,47.33000183105469,47.5099983215332,44.04999923706055,44.54999923706055,1122726
2022-02-18 00:00:00+01:00,44.5,45.709999084472656,43.459999084472656,44.52000045776367,758269
2022-02-21 00:00:00+01:00,45.5,45.900001525878906,40.95000076293945,41.849998474121094,1676518
2022-02-22 00:00:00+01:00,40.43000030517578,45.689998626708984,40.20000076293945,45.18000030517578,1575350
2022-02-23 00:00:00+01:00,46.0,47.29999923706055,43.79999923706055,44.09000015258789,1254292
2022-02-24 00:00:00+01:00,40.0,43.150001525878906,36.5099983215332,38.06999969482422,3282223
2022-02-25 00:00:00+01:00,41.5,42.27000045776367,39.5,41.79999923706055,1909169
2022-02-28 00:00:00+01:00,41.79999923706055,51.5,41.2599983215332,49.220001220703125,4272692
2022-03-01 00:00:00+01:00,54.0,55.91999816894531,50.47999954223633,54.0,3266171
2022-03-02 00:00:00+01:00,56.099998474121094,70.9000015258789,55.619998931884766,70.9000015258789,6227989
2022-03-03 00:00:00+01:00,77.87999725341797,77.9800033569336,61.20000076293945,67.69999694824219,6386768
2022-03-04 00:00:00+01:00,69.4800033569336,75.4800033569336,65.9000015258789,71.5999984741211,4643027
2022-03-07 00:00:00+01:00,75.0,83.95999908447266,66.83999633789062,71.4000015258789,6183844
2022-03-08 00:00:00+01:00,72.9000015258789,74.19999694824219,65.54000091552734,70.22000122070312,3193281
2022-03-09 00:00:00+01:00,72.0,72.80000305175781,63.0,64.0,2126797
2022-03-10 00:00:00+01:00,63.34000015258789,70.5999984741211,61.70000076293945,68.37999725341797,2001649
2022-03-11 00:00:00+01:00,70.0,71.5199966430664,66.31999969482422,70.5,1492471
2022-03-14 00:00:00+01:00,71.0,71.31999969482422,67.05999755859375,67.05999755859375,1028861
2022-03-15 00:00:00+01:00,66.80000305175781,67.30000305175781,63.52000045776367,67.27999877929688,1372306
2022-03-16 00:00:00+01:00,67.77999877929688,68.9000015258789,64.0199966430664,64.0199966430664,1146476
2022-03-17 00:00:00+01:00,65.0,72.27999877929688,63.619998931884766,72.27999877929688,1930096
2022-03-18 00:00:00+01:00,72.5,73.80000305175781,69.54000091552734,69.80000305175781,2346117
2022-03-21 00:00:00+01:00,70.69999694824219,72.30000305175781,69.77999877929688,71.4000015258789,899379
2022-03-22 00:00:00+01:00,71.0,75.4800033569336,70.36000061035156,74.5,1442279
2022-03-23 00:00:00+01:00,74.80000305175781,77.94000244140625,73.5999984741211,75.9800033569336,1345233
2022-03-24 00:00:00+01:00,75.9000015258789,77.30000305175781,73.4000015258789,76.83999633789062,967281
2022-03-25 00:00:00+01:00,75.91999816894531,77.69999694824219,74.5999984741211,75.23999786376953,931726
2022-03-28 00:00:00+02:00,74.9000015258789,78.80000305175781,74.33999633789062,78.58000183105469,1419011
2022-03-29 00:00:00+02:00,79.5,79.73999786376953,71.5999984741211,75.04000091552734,2730279
2022-03-30 00:00:00+02:00,76.94000244140625,79.80000305175781,76.16000366210938,79.0,1917379
2022-03-31 00:00:00+02:00,77.5999984741211,79.4000015258789,77.0,77.80000305175781,949634
2022-04-01 00:00:00+02:00,77.9000015258789,78.27999877929688,76.0,77.0,691261
2022-04-04 00:00:00+02:00,77.0,77.0,71.9000015258789,71.9000015258789,1779418
2022-04-05 00:00:00+02:00,71.9000015258789,74.80000305175781,69.54000091552734,72.5,2275649
2022-04-06 00:00:00+02:00,71.5,72.5,67.73999786376953,67.95999908447266,1618676
2022-04-07 00:00:00+02:00,68.13999938964844,70.08000183105469,65.87999725341797,66.80000305175781,1171657
2022-04-08 00:00:00+02:00,68.80000305175781,69.45999908447266,66.80000305175781,68.9800033569336,657535
2022-04-11 00:00:00+02:00,68.05999755859375,71.19999694824219,67.4000015258789,71.04000091552734,936123
2022-04-12 00:00:00+02:00,70.5,71.73999786376953,69.30000305175781,70.77999877929688,1041305
2022-04-13 00:00:00+02:00,72.0,72.4000015258789,70.08000183105469,70.91999816894531,574281
2022-04-14 00:00:00+02:00,71.37999725341797,74.91999816894531,71.37999725341797,74.5,1184865
2022-04-19 00:00:00+02:00,74.37999725341797,74.87999725341797,70.0999984741211,71.22000122070312,951067
2022-04-20 00:00:00+02:00,68.5,71.12000274658203,67.66000366210938,68.9000015258789,872702
2022-04-21 00:00:00+02:00,68.9000015258789,69.80000305175781,65.83999633789062,69.0199966430664,1203407
2022-04-22 00:00:00+02:00,67.41999816894531,67.9000015258789,64.22000122070312,64.33999633789062,1078388
2022-04-25 00:00:00+02:00,61.0,64.80000305175781,59.0,63.86000061035156,1559901
2022-04-26 00:00:00+02:00,64.33999633789062,67.45999908447266,63.68000030517578,65.22000122070312,997408
2022-04-27 00:00:00+02:00,66.05999755859375,69.0999984741211,65.4000015258789,66.72000122070312,836504
2022-04-28 00:00:00+02:00,67.63999938964844,70.0,66.86000061035156,69.9000015258789,809981
2022-04-29 00:00:00+02:00,71.0,71.44000244140625,67.62000274658203,67.62000274658203,568669
2022-05-02 00:00:00+02:00,66.72000122070312,67.80000305175781,65.0199966430664,66.54000091552734,365932
2022-05-04 00:00:00+02:00,66.22000122070312,69.5999984741211,66.22000122070312,69.5999984741211,492378
2022-05-05 00:00:00+02:00,71.0,71.0999984741211,63.439998626708984,63.439998626708984,1045033
2022-05-06 00:00:00+02:00,61.900001525878906,66.41999816894531,61.20000076293945,66.41999816894531,725737
2022-05-09 00:00:00+02:00,66.41999816894531,67.16000366210938,63.52000045776367,65.04000091552734,360411
2022-05-10 00:00:00+02:00,65.0199966430664,65.58000183105469,61.959999084472656,62.86000061035156,465960
2022-05-11 00:00:00+02:00,63.0,64.91999816894531,62.400001525878906,64.54000091552734,285240
2022-05-12 00:00:00+02:00,63.0,64.0999984741211,61.380001068115234,63.040000915527344,454468
2022-05-13 00:00:00+02:00,64.4800033569336,68.0,64.0199966430664,68.0,491125
2022-05-16 00:00:00+02:00,68.95999908447266,69.31999969482422,65.91999816894531,66.63999938964844,471887
2022-05-17 00:00:00+02:00,67.54000091552734,68.87999725341797,66.83999633789062,67.31999969482422,356710
2022-05-18 00:00:00+02:00,67.5,68.63999938964844,67.30000305175781,68.0,317098
2022-05-19 00:00:00+02:00,67.76000213623047,69.5,64.9000015258789,69.45999908447266,824297
2022-05-20 00:00:00+02:00,70.0,71.5,66.5999984741211,66.5999984741211,921298
2022-05-23 00:00:00+02:00,68.0,70.0,66.9800033569336,70.0,602885
2022-05-24 00:00:00+02:00,69.0,72.80000305175781,68.19999694824219,71.5,1023790
2022-05-25 00:00:00+02:00,72.0,72.19999694824219,69.13999938964844,69.55999755859375,454123
2022-05-26 00:00:00+02:00,69.5999984741211,69.94000244140625,67.0199966430664,67.9000015258789,528536
2022-05-27 00:00:00+02:00,68.04000091552734,69.18000030517578,67.30000305175781,68.5,360185
2022-05-30 00:00:00+02:00,69.4000015258789,69.69999694824219,67.05999755859375,67.5,309740
2022-05-31 00:00:00+02:00,67.73999786376953,68.19999694824219,66.4000015258789,66.4000015258789,561779
2022-06-01 00:00:00+02:00,66.68000030517578,66.69999694824219,64.12000274658203,64.69999694824219,477886
2022-06-02 00:00:00+02:00,64.9000015258789,67.33999633789062,64.54000091552734,67.33999633789062,361672
2022-06-03 00:00:00+02:00,67.9800033569336,68.0,65.66000366210938,65.80000305175781,270901
2022-06-06 00:00:00+02:00,66.77999877929688,68.69999694824219,66.0199966430664,67.69999694824219,421622
2022-06-07 00:00:00+02:00,67.69999694824219,70.19999694824219,67.12000274658203,70.19999694824219,532571
2022-06-08 00:00:00+02:00,70.5999984741211,73.86000061035156,69.12000274658203,69.9800033569336,1304414
2022-06-09 00:00:00+02:00,69.66000366210938,71.5999984741211,68.91999816894531,70.4000015258789,561287
2022-06-10 00:00:00+02:00,69.12000274658203,70.19999694824219,68.0,68.4000015258789,523929
2022-06-13 00:00:00+02:00,66.36000061035156,67.0,64.26000213623047,64.26000213623047,827001
2022-06-14 00:00:00+02:00,64.0,67.36000061035156,63.720001220703125,67.36000061035156,759514
2022-06-15 00:00:00+02:00,67.5,68.23999786376953,66.0,68.19999694824219,393833
2022-06-17 00:00:00+02:00,67.19999694824219,68.05999755859375,64.69999694824219,65.9800033569336,929673
2022-06-20 00:00:00+02:00,66.41999816894531,67.19999694824219,62.97999954223633,63.02000045776367,688486
2022-06-21 00:00:00+02:00,64.0,66.58000183105469,63.63999938964844,66.19999694824219,519126
2022-06-22 00:00:00+02:00,65.0,65.27999877929688,63.599998474121094,64.80000305175781,587222
2022-06-23 00:00:00+02:00,64.80000305175781,64.9800033569336,60.880001068115234,60.880001068115234,928668
2022-06-24 00:00:00+02:00,61.41999816894531,62.5,57.84000015258789,60.47999954223633,1045041
2022-06-27 00:00:00+02:00,61.0,63.900001525878906,60.439998626708984,63.79999923706055,580961
2022-06-28 00:00:00+02:00,63.97999954223633,66.27999877929688,62.79999923706055,64.36000061035156,1109543
2022-06-29 00:00:00+02:00,63.279998779296875,65.31999969482422,62.68000030517578,65.31999969482422,574745
2022-06-30 00:00:00+02:00,64.19999694824219,65.87999725341797,63.7599983215332,64.31999969482422,664367
2022-07-01 00:00:00+02:00,62.97999954223633,63.70000076293945,57.91999816894531,57.91999816894531,1952533
2022-07-04 00:00:00+02:00,58.15999984741211,59.439998626708984,56.2400016784668,58.900001525878906,614533
2022-07-05 00:00:00+02:00,59.119998931884766,59.41999816894531,50.5,50.97999954223633,2254325
2022-07-06 00:00:00+02:00,50.97999954223633,52.47999954223633,48.0,48.0,2041893
2022-07-07 00:00:00+02:00,48.5,52.18000030517578,48.5,52.0,1104887
2022-07-08 00:00:00+02:00,52.0,52.939998626708984,50.47999954223633,52.15999984741211,720675
2022-07-11 00:00:00+02:00,50.63999938964844,52.400001525878906,49.900001525878906,51.040000915527344,645841
2022-07-12 00:00:00+02:00,50.959999084472656,53.47999954223633,50.20000076293945,52.36000061035156,648779
2022-07-13 00:00:00+02:00,52.58000183105469,52.58000183105469,47.75,49.58000183105469,1175112
2022-07-14 00:00:00+02:00,49.9900016784668,52.08000183105469,48.70000076293945,49.86000061035156,691182
2022-07-15 00:00:00+02:00,50.79999923706055,50.84000015258789,49.220001220703125,50.0,503228
2022-07-18 00:00:00+02:00,50.220001220703125,53.31999969482422,50.220001220703125,52.5,843213
2022-07-19 00:00:00+02:00,52.5,52.619998931884766,50.79999923706055,51.97999954223633,644531
2022-07-20 00:00:00+02:00,52.5,53.400001525878906,51.099998474121094,52.0,494045
2022-07-21 00:00:00+02:00,52.0,52.2400016784668,49.900001525878906,50.220001220703125,515845
2022-07-22 00:00:00+02:00,50.400001525878906,51.2400016784668,50.0,50.20000076293945,366325
2022-07-25 00:00:00+02:00,50.52000045776367,51.040000915527344,49.619998931884766,49.869998931884766,368684
2022-07-26 00:00:00+02:00,50.099998474121094,51.18000030517578,47.220001220703125,48.099998474121094,822264
2022-07-27 00:00:00+02:00,48.119998931884766,48.63999938964844,46.2599983215332,47.959999084472656,465125
2022-07-28 00:00:00+02:00,48.599998474121094,49.84000015258789,47.56999969482422,48.08000183105469,492740
2022-07-29 00:00:00+02:00,48.9900016784668,50.68000030517578,48.380001068115234,50.41999816894531,612778
2022-08-01 00:00:00+02:00,50.900001525878906,51.65999984741211,50.20000076293945,51.099998474121094,395341
2022-08-02 00:00:00+02:00,50.13999938964844,50.7400016784668,48.65999984741211,49.0,443544
2022-08-03 00:00:00+02:00,49.22999954223633,49.47999954223633,48.29999923706055,48.63999938964844,236406
2022-08-04 00:00:00+02:00,49.0,49.0,46.7599983215332,46.7599983215332,541573
2022-08-05 00:00:00+02:00,46.900001525878906,48.0,44.689998626708984,47.7599983215332,533414
2022-08-08 00:00:00+02:00,48.0,49.380001068115234,47.2599983215332,49.380001068115234,313288
2022-08-09 00:00:00+02:00,49.400001525878906,49.779998779296875,47.68000030517578,48.20000076293945,356415
2022-08-10 00:00:00+02:00,48.189998626708984,49.54999923706055,47.70000076293945,48.70000076293945,407659
2022-08-11 00:00:00+02:00,49.439998626708984,49.439998626708984,48.33000183105469,48.720001220703125,188097
2022-08-12 00:00:00+02:00,48.90999984741211,51.63999938964844,48.900001525878906,50.380001068115234,779778
2022-08-16 00:00:00+02:00,50.900001525878906,51.47999954223633,50.29999923706055,50.540000915527344,414052
2022-08-17 00:00:00+02:00,50.20000076293945,50.68000030517578,47.81999969482422,48.900001525878906,600823
2022-08-18 00:00:00+02:00,48.880001068115234,55.0,48.5099983215332,55.0,1734804
2022-08-19 00:00:00+02:00,56.0,57.13999938964844,52.7400016784668,52.7400016784668,1312077
2022-08-22 00:00:00+02:00,52.040000915527344,54.220001220703125,51.58000183105469,53.5,536163
2022-08-23 00:00:00+02:00,53.5,56.220001220703125,52.79999923706055,55.900001525878906,737822
2022-08-24 00:00:00+02:00,55.0,55.58000183105469,53.099998474121094,53.099998474121094,490536
2022-08-25 00:00:00+02:00,53.900001525878906,54.959999084472656,52.52000045776367,52.86000061035156,426255
2022-08-26 00:00:00+02:00,52.540000915527344,53.15999984741211,51.63999938964844,51.63999938964844,286789
2022-08-29 00:00:00+02:00,51.31999969482422,53.29999923706055,49.86000061035156,53.29999923706055,439588
2022-08-30 00:00:00+02:00,54.0,54.599998474121094,49.5,49.52000045776367,874173
2022-08-31 00:00:00+02:00,50.040000915527344,51.18000030517578,47.06999969482422,47.560001373291016,846412
2022-09-01 00:00:00+02:00,47.400001525878906,47.439998626708984,44.220001220703125,44.279998779296875,911284
2022-09-02 00:00:00+02:00,45.5,45.5,42.220001220703125,43.11000061035156,998317
2022-09-05 00:00:00+02:00,42.459999084472656,43.970001220703125,41.9900016784668,42.47999954223633,687007
2022-09-06 00:00:00+02:00,42.95000076293945,43.400001525878906,38.900001525878906,39.31999969482422,1352645
2022-09-07 00:00:00+02:00,38.5,39.869998931884766,37.70000076293945,38.38999938964844,1250669
2022-09-08 00:00:00+02:00,39.18000030517578,40.02000045776367,37.5,38.02000045776367,809118
2022-09-09 00:00:00+02:00,38.86000061035156,40.380001068115234,38.5,39.7400016784668,1163396
2022-09-12 00:00:00+02:00,40.0,40.29999923706055,38.349998474121094,38.70000076293945,794708
2022-09-13 00:00:00+02:00,39.29999923706055,39.4900016784668,37.38999938964844,37.400001525878906,932372
2022-09-14 00:00:00+02:00,36.70000076293945,38.86000061035156,35.45000076293945,38.209999084472656,539228
2022-09-15 00:00:00+02:00,38.5099983215332,38.5099983215332,37.220001220703125,37.70000076293945,752221
2022-09-16 00:00:00+02:00,37.5,37.599998474121094,36.2599983215332,36.630001068115234,1243218
2022-09-19 00:00:00+02:00,37.189998626708984,38.189998626708984,36.65999984741211,38.0,706193
2022-09-20 00:00:00+02:00,38.84000015258789,39.400001525878906,37.04999923706055,37.290000915527344,576509
2022-09-21 00:00:00+02:00,37.290000915527344,38.119998931884766,36.77000045776367,37.75,545503
2022-09-22 00:00:00+02:00,37.70000076293945,39.279998779296875,37.119998931884766,38.720001220703125,472677
2022-09-23 00:00:00+02:00,38.5,38.5,37.29999923706055,37.599998474121094,548868
2022-09-26 00:00:00+02:00,36.5,36.5,33.369998931884766,33.939998626708984,1503121
2022-09-27 00:00:00+02:00,34.0,34.79999923706055,32.81999969482422,33.540000915527344,1249252
2022-09-28 00:00:00+02:00,33.5099983215332,34.29999923706055,32.5,33.81999969482422,777273
2022-09-29 00:00:00+02:00,34.20000076293945,34.7599983215332,32.400001525878906,33.0,587155
2022-09-30 00:00:00+02:00,33.22999954223633,33.810001373291016,32.52000045776367,33.34000015258789,545147
2022-10-03 00:00:00+02:00,33.349998474121094,35.13999938964844,32.31999969482422,35.13999938964844,579017
2022-10-04 00:00:00+02:00,36.5,36.619998931884766,34.90999984741211,36.599998474121094,625815
2022-10-05 00:00:00+02:00,36.20000076293945,36.599998474121094,35.529998779296875,36.060001373291016,348695
2022-10-06 00:00:00+02:00,36.470001220703125,36.68000030517578,35.29999923706055,35.70000076293945,244283
2022-10-07 00:00:00+02:00,35.70000076293945,36.650001525878906,35.41999816894531,36.29999923706055,319803
2022-10-10 00:00:00+02:00,36.02000045776367,36.29999923706055,33.81999969482422,33.88999938964844,400367
2022-10-11 00:00:00+02:00,33.70000076293945,35.36000061035156,33.380001068115234,34.560001373291016,473532
2022-10-12 00:00:00+02:00,35.0099983215332,35.97999954223633,33.84000015258789,35.619998931884766,615492
2022-10-13 00:00:00+02:00,35.630001068115234,36.630001068115234,35.0,36.400001525878906,650273
2022-10-14 00:00:00+02:00,37.220001220703125,38.08000183105469,36.5099983215332,37.18000030517578,749175
2022-10-17 00:00:00+02:00,37.29999923706055,38.15999984741211,36.900001525878906,37.75,299338
2022-10-18 00:00:00+02:00,38.119998931884766,38.439998626708984,36.16999816894531,36.25,347120
2022-10-19 00:00:00+02:00,36.56999969482422,37.36000061035156,35.88999938964844,36.36000061035156,264953
2022-10-20 00:00:00+02:00,36.4900016784668,37.54999923706055,35.77000045776367,37.290000915527344,283457
2022-10-21 00:00:00+02:00,37.0099983215332,37.290000915527344,35.68000030517578,36.119998931884766,253101
2022-10-24 00:00:00+02:00,36.900001525878906,37.29999923706055,35.529998779296875,37.29999923706055,323073
2022-10-25 00:00:00+02:00,37.65999984741211,38.099998474121094,36.689998626708984,37.709999084472656,422696
2022-10-26 00:00:00+02:00,37.95000076293945,40.4900016784668,37.5,40.4900016784668,894426
2022-10-27 00:00:00+02:00,40.099998474121094,41.400001525878906,39.369998931884766,40.40999984741211,586353
2022-10-28 00:00:00+02:00,39.79999923706055,42.0099983215332,39.400001525878906,41.220001220703125,552016
2022-10-31 00:00:00+01:00,41.47999954223633,43.0,41.0,41.540000915527344,504026
2022-11-02 00:00:00+01:00,41.709999084472656,43.45000076293945,41.4900016784668,43.0,839705
2022-11-03 00:00:00+01:00,42.400001525878906,45.349998474121094,42.0,45.349998474121094,903957
2022-11-04 00:00:00+01:00,45.70000076293945,48.380001068115234,45.70000076293945,47.58000183105469,1068482
2022-11-07 00:00:00+01:00,47.58000183105469,49.4900016784668,45.08000183105469,45.70000076293945,1338958
2022-11-08 00:00:00+01:00,45.5,48.279998779296875,45.400001525878906,47.900001525878906,672438
2022-11-09 00:00:00+01:00,48.0,48.70000076293945,47.060001373291016,48.380001068115234,454233
2022-11-10 00:00:00+01:00,47.400001525878906,48.099998474121094,45.619998931884766,47.20000076293945,1129567
2022-11-14 00:00:00+01:00,47.06999969482422,48.20000076293945,45.84000015258789,46.869998931884766,1231674
2022-11-15 00:00:00+01:00,46.900001525878906,47.7400016784668,45.91999816894531,47.209999084472656,708114
2022-11-16 00:00:00+01:00,46.0,48.099998474121094,45.939998626708984,46.560001373291016,644265
2022-11-17 00:00:00+01:00,46.400001525878906,46.9900016784668,45.33000183105469,45.86000061035156,578540
2022-11-18 00:00:00+01:00,46.0,47.08000183105469,45.599998474121094,46.369998931884766,438697
2022-11-21 00:00:00+01:00,46.34000015258789,46.34000015258789,44.439998626708984,45.0,923200
2022-11-22 00:00:00+01:00,45.29999923706055,47.189998626708984,45.29999923706055,46.400001525878906,659586
2022-11-23 00:00:00+01:00,46.77000045776367,47.79999923706055,46.25,46.540000915527344,406402
2022-11-24 00:00:00+01:00,46.709999084472656,47.45000076293945,45.939998626708984,47.45000076293945,442612
2022-11-25 00:00:00+01:00,47.47999954223633,47.79999923706055,46.900001525878906,47.34000015258789,304300
2022-11-28 00:00:00+01:00,47.31999969482422,49.91999816894531,47.11000061035156,49.470001220703125,711057
2022-11-29 00:00:00+01:00,51.599998474121094,57.400001525878906,51.599998474121094,57.400001525878906,2574827
2022-11-30 00:00:00+01:00,57.400001525878906,61.68000030517578,56.13999938964844,60.060001373291016,1904181
2022-12-01 00:00:00+01:00,61.91999816894531,62.599998474121094,57.040000915527344,58.02000045776367,1899039
2022-12-02 00:00:00+01:00,57.79999923706055,58.79999923706055,56.41999816894531,57.439998626708984,765213
2022-12-05 00:00:00+01:00,57.439998626708984,59.119998931884766,57.380001068115234,57.5,381754
2022-12-06 00:00:00+01:00,57.0,57.20000076293945,55.5,56.29999923706055,572767
2022-12-07 00:00:00+01:00,55.86000061035156,56.86000061035156,55.7400016784668,56.36000061035156,348429
2022-12-08 00:00:00+01:00,56.2400016784668,56.58000183105469,55.0,55.52000045776367,442304
2022-12-09 00:00:00+01:00,55.599998474121094,56.7400016784668,55.02000045776367,56.720001220703125,428522
2022-12-12 00:00:00+01:00,56.0,59.34000015258789,55.779998779296875,58.400001525878906,748457
2022-12-13 00:00:00+01:00,58.900001525878906,60.08000183105469,57.36000061035156,58.29999923706055,619808
2022-12-14 00:00:00+01:00,58.040000915527344,58.79999923706055,57.119998931884766,57.2400016784668,488253
2022-12-15 00:00:00+01:00,57.0,58.47999954223633,56.63999938964844,58.36000061035156,524052
2022-12-16 00:00:00+01:00,57.0,57.65999984741211,55.65999984741211,56.86000061035156,707754
2022-12-19 00:00:00+01:00,56.5,57.63999938964844,56.220001220703125,56.459999084472656,171549
2022-12-20 00:00:00+01:00,56.0,57.29999923706055,55.5,57.15999984741211,387035
2022-12-21 00:00:00+01:00,57.400001525878906,57.70000076293945,56.31999969482422,57.70000076293945,264447
2022-12-22 00:00:00+01:00,57.70000076293945,58.099998474121094,56.52000045776367,56.52000045776367,291383
2022-12-23 00:00:00+01:00,56.5,57.099998474121094,56.099998474121094,56.619998931884766,299117
2022-12-27 00:00:00+01:00,57.0,57.02000045776367,55.0,55.0,445217
2022-12-28 00:00:00+01:00,54.5,56.02000045776367,53.5,54.779998779296875,470910
2022-12-29 00:00:00+01:00,54.7599983215332,56.97999954223633,54.5,56.619998931884766,353703
2022-12-30 00:00:00+01:00,56.5,58.20000076293945,56.29999923706055,58.15999984741211,483261
2023-01-02 00:00:00+01:00,58.099998474121094,58.959999084472656,57.0,57.97999954223633,441668
2023-01-03 00:00:00+01:00,58.0,59.439998626708984,55.0,55.0,1009332
2023-01-04 00:00:00+01:00,55.099998474121094,58.380001068115234,55.099998474121094,57.5,1057871
2023-01-05 00:00:00+01:00,57.20000076293945,57.959999084472656,55.81999969482422,56.52000045776367,437120
2023-01-09 00:00:00+01:00,57.5,58.65999984741211,57.220001220703125,58.08000183105469,485484
2023-01-10 00:00:00+01:00,57.79999923706055,58.63999938964844,57.400001525878906,58.47999954223633,304702
2023-01-11 00:00:00+01:00,58.47999954223633,60.599998474121094,58.08000183105469,59.459999084472656,880894
2023-01-12 00:00:00+01:00,60.0,60.08000183105469,58.29999923706055,58.400001525878906,437338
2023-01-13 00:00:00+01:00,58.41999816894531,58.65999984741211,57.779998779296875,57.900001525878906,256252
2023-01-16 00:00:00+01:00,57.5,57.5,55.900001525878906,56.08000183105469,351173
2023-01-17 00:00:00+01:00,56.060001373291016,56.959999084472656,55.900001525878906,56.380001068115234,311393
2023-01-18 00:00:00+01:00,56.5,59.2400016784668,56.5,58.099998474121094,466283
2023-01-19 00:00:00+01:00,57.400001525878906,57.97999954223633,56.5,57.380001068115234,275992
2023-01-20 00:00:00+01:00,57.5,59.5,57.5,58.79999923706055,522149
2023-01-23 00:00:00+01:00,59.380001068115234,61.68000030517578,59.380001068115234,61.279998779296875,646402
2023-01-24 00:00:00+01:00,61.52000045776367,65.86000061035156,61.52000045776367,64.41999816894531,1154270
2023-01-25 00:00:00+01:00,64.41999816894531,64.62000274658203,63.15999984741211,64.4800033569336,387260
2023-01-26 00:00:00+01:00,64.80000305175781,66.33999633789062,64.5,64.95999908447266,505496
2023-01-27 00:00:00+01:00,65.4000015258789,65.4000015258789,64.22000122070312,64.31999969482422,316344
2023-01-30 00:00:00+01:00,64.0,64.55999755859375,62.2599983215332,63.84000015258789,328844
2023-01-31 00:00:00+01:00,63.2599983215332,67.23999786376953,62.79999923706055,67.23999786376953,763218
2023-02-01 00:00:00+01:00,67.0,67.9800033569336,59.41999816894531,59.41999816894531,1861634
2023-02-02 00:00:00+01:00,63.20000076293945,63.79999923706055,60.119998931884766,60.5,1220793
2023-02-03 00:00:00+01:00,60.70000076293945,60.79999923706055,56.599998474121094,57.619998931884766,1192464
2023-02-06 00:00:00+01:00,57.599998474121094,58.900001525878906,57.02000045776367,57.5,464800
2023-02-07 00:00:00+01:00,58.0,58.459999084472656,57.20000076293945,57.599998474121094,263694
2023-02-08 00:00:00+01:00,58.459999084472656,60.099998474121094,56.880001068115234,59.65999984741211,628547
2023-02-09 00:00:00+01:00,60.47999954223633,60.47999954223633,57.29999923706055,57.41999816894531,538558
2023-02-10 00:00:00+01:00,57.15999984741211,57.97999954223633,55.439998626708984,56.439998626708984,659030
2023-02-13 00:00:00+01:00,56.439998626708984,56.880001068115234,51.02000045776367,53.720001220703125,1409364
2023-02-14 00:00:00+01:00,54.0,55.619998931884766,53.20000076293945,54.880001068115234,635916
2023-02-15 00:00:00+01:00,54.5,56.36000061035156,54.15999984741211,55.939998626708984,300505
2023-02-16 00:00:00+01:00,56.20000076293945,56.47999954223633,54.84000015258789,55.599998474121094,321139
2023-02-17 00:00:00+01:00,55.5,56.0,55.02000045776367,55.900001525878906,171972
2023-02-20 00:00:00+01:00,55.68000030517578,56.5,55.279998779296875,56.099998474121094,155123
2023-02-21 00:00:00+01:00,56.099998474121094,56.20000076293945,54.79999923706055,55.34000015258789,191044
2023-02-22 00:00:00+01:00,55.439998626708984,55.459999084472656,52.939998626708984,53.279998779296875,381280
2023-02-23 00:00:00+01:00,53.52000045776367,55.97999954223633,53.5,55.7599983215332,352998
2023-02-24 00:00:00+01:00,55.2599983215332,55.5,53.439998626708984,54.060001373291016,310075
2023-02-27 00:00:00+01:00,54.959999084472656,55.2400016784668,54.099998474121094,54.79999923706055,175060
2023-02-28 00:00:00+01:00,54.29999923706055,55.119998931884766,53.439998626708984,54.65999984741211,376781
2023-03-01 00:00:00+01:00,55.0,56.599998474121094,54.7599983215332,55.540000915527344,430067
2023-03-02 00:00:00+01:00,55.0,55.08000183105469,51.619998931884766,52.2400016784668,1110012
2023-03-03 00:00:00+01:00,52.52000045776367,53.5,52.52000045776367,53.0,281314
2023-03-06 00:00:00+01:00,53.400001525878906,53.939998626708984,53.040000915527344,53.779998779296875,258552
2023-03-07 00:00:00+01:00,53.7400016784668,53.7400016784668,52.599998474121094,52.599998474121094,196887
2023-03-08 00:00:00+01:00,52.5,53.279998779296875,52.02000045776367,53.040000915527344,219417
2023-03-09 00:00:00+01:00,53.0,53.0,51.880001068115234,52.15999984741211,224003
2023-03-10 00:00:00+01:00,51.20000076293945,51.279998779296875,49.84000015258789,50.65999984741211,605122
2023-03-13 00:00:00+01:00,50.599998474121094,51.540000915527344,46.72999954223633,48.150001525878906,1233142
2023-03-14 00:00:00+01:00,47.79999923706055,48.33000183105469,46.709999084472656,47.369998931884766,522220
2023-03-15 00:00:00+01:00,47.400001525878906,47.88999938964844,44.04999923706055,44.099998474121094,951175
2023-03-16 00:00:00+01:00,45.0,45.95000076293945,42.599998474121094,45.54999923706055,1195692
2023-03-17 00:00:00+01:00,46.970001220703125,48.47999954223633,44.529998779296875,44.900001525878906,1300333
2023-03-20 00:00:00+01:00,44.0,46.75,43.599998474121094,46.709999084472656,533173
2023-03-21 00:00:00+01:00,47.0,48.20000076293945,46.5,47.5,652428
2023-03-22 00:00:00+01:00,47.0,48.47999954223633,45.5099983215332,46.68000030517578,887693
2023-03-23 00:00:00+01:00,46.70000076293945,46.70000076293945,44.0,46.45000076293945,629219
2023-03-24 00:00:00+01:00,46.41999816894531,46.439998626708984,44.84000015258789,45.439998626708984,438376
2023-03-27 00:00:00+02:00,46.52000045776367,47.2400016784668,45.13999938964844,45.459999084472656,379394
2023-03-28 00:00:00+02:00,46.0,46.400001525878906,45.369998931884766,45.369998931884766,387687
2023-03-29 00:00:00+02:00,46.150001525878906,47.2400016784668,45.27000045776367,46.90999984741211,547706
2023-03-30 00:00:00+02:00,47.22999954223633,48.08000183105469,46.4900016784668,47.779998779296875,635132
2023-03-31 00:00:00+02:00,48.0,48.20000076293945,46.54999923706055,47.11000061035156,387621
2023-04-03 00:00:00+02:00,47.34000015258789,47.9900016784668,46.650001525878906,47.0,381720
2023-04-04 00:00:00+02:00,47.0,47.880001068115234,45.529998779296875,45.779998779296875,434767
2023-04-05 00:00:00+02:00,45.779998779296875,46.099998474121094,44.400001525878906,44.470001220703125,466565
2023-04-06 00:00:00+02:00,44.619998931884766,45.20000076293945,44.52000045776367,44.75,196372
2023-04-11 00:00:00+02:00,44.91999816894531,46.0099983215332,44.91999816894531,45.4900016784668,245664
2023-04-12 00:00:00+02:00,46.0,48.77000045776367,44.970001220703125,47.290000915527344,822193
2023-04-13 00:00:00+02:00,47.33000183105469,48.040000915527344,46.599998474121094,47.2400016784668,723589
2023-04-14 00:00:00+02:00,47.20000076293945,47.599998474121094,46.15999984741211,46.16999816894531,509804
2023-04-17 00:00:00+02:00,46.65999984741211,47.15999984741211,45.91999816894531,46.43000030517578,272142
2023-04-18 00:00:00+02:00,46.599998474121094,48.29999923706055,46.400001525878906,47.0099983215332,627645
2023-04-19 00:00:00+02:00,46.880001068115234,46.880001068115234,45.61000061035156,46.0099983215332,472294
2023-04-20 00:00:00+02:00,45.75,47.060001373291016,45.70000076293945,46.15999984741211,476895
2023-04-21 00:00:00+02:00,45.970001220703125,45.970001220703125,44.5,44.7400016784668,606240
2023-04-24 00:00:00+02:00,44.709999084472656,45.959999084472656,44.20000076293945,45.380001068115234,462393
2023-04-25 00:00:00+02:00,45.369998931884766,45.400001525878906,44.18000030517578,44.2400016784668,343247
2023-04-26 00:00:00+02:00,44.11000061035156,44.58000183105469,43.27000045776367,43.84000015258789,441767
2023-04-27 00:00:00+02:00,43.97999954223633,44.810001373291016,43.79999923706055,44.709999084472656,545107
2023-04-28 00:00:00+02:00,44.86000061035156,45.0,42.65999984741211,42.900001525878906,772110
2023-05-02 00:00:00+02:00,42.709999084472656,43.5099983215332,41.849998474121094,41.869998931884766,567142
2023-05-04 00:00:00+02:00,41.400001525878906,42.08000183105469,40.41999816894531,40.68000030517578,570910
2023-05-05 00:00:00+02:00,40.880001068115234,41.790000915527344,40.31999969482422,41.54999923706055,438582
2023-05-08 00:00:00+02:00,41.70000076293945,43.060001373291016,41.33000183105469,42.0,407408
2023-05-09 00:00:00+02:00,42.38999938964844,42.38999938964844,41.439998626708984,41.900001525878906,240948
2023-05-10 00:00:00+02:00,42.20000076293945,43.15999984741211,41.5,42.20000076293945,455126
2023-05-11 00:00:00+02:00,42.099998474121094,42.45000076293945,41.0,41.25,338958
2023-05-12 00:00:00+02:00,41.40999984741211,41.5099983215332,40.79999923706055,40.90999984741211,286781
2023-05-15 00:00:00+02:00,41.22999954223633,41.93000030517578,40.84000015258789,41.70000076293945,304435
2023-05-16 00:00:00+02:00,41.70000076293945,41.70000076293945,40.650001525878906,40.7599983215332,426528
2023-05-17 00:00:00+02:00,40.459999084472656,41.470001220703125,39.09000015258789,40.130001068115234,824108
2023-05-18 00:00:00+02:00,40.93000030517578,41.29999923706055,40.400001525878906,40.5099983215332,342513
2023-05-19 00:00:00+02:00,40.65999984741211,41.630001068115234,40.400001525878906,41.060001373291016,521835
2023-05-22 00:00:00+02:00,41.58000183105469,41.63999938964844,40.5,40.560001373291016,1105251
2023-05-23 00:00:00+02:00,41.5,42.380001068115234,40.279998779296875,40.880001068115234,1470726
2023-05-24 00:00:00+02:00,40.880001068115234,42.9900016784668,40.5,42.41999816894531,1080689
2023-05-25 00:00:00+02:00,42.900001525878906,42.900001525878906,40.130001068115234,40.130001068115234,923171
2023-05-26 00:00:00+02:00,40.11000061035156,41.040000915527344,39.52000045776367,40.72999954223633,483887
2023-05-29 00:00:00+02:00,41.02000045776367,41.349998474121094,40.7599983215332,41.040000915527344,251975
2023-05-30 00:00:00+02:00,41.029998779296875,41.029998779296875,39.619998931884766,39.70000076293945,515019
2023-05-31 00:00:00+02:00,39.5,39.70000076293945,38.20000076293945,38.45000076293945,732031
2023-06-01 00:00:00+02:00,38.400001525878906,39.43000030517578,38.349998474121094,39.34000015258789,461253
2023-06-02 00:00:00+02:00,39.369998931884766,41.400001525878906,39.369998931884766,41.400001525878906,884328
2023-06-05 00:00:00+02:00,42.060001373291016,42.29999923706055,41.2599983215332,41.88999938964844,397305
2023-06-06 00:00:00+02:00,41.900001525878906,42.13999938964844,41.15999984741211,42.0,625239
2023-06-07 00:00:00+02:00,42.0,42.5,41.619998931884766,42.13999938964844,525799
2023-06-09 00:00:00+02:00,42.47999954223633,42.689998626708984,42.0,42.4900016784668,366613
2023-06-12 00:00:00+02:00,42.79999923706055,42.79999923706055,41.20000076293945,41.45000076293945,313567
2023-06-13 00:00:00+02:00,41.95000076293945,42.65999984741211,40.90999984741211,42.060001373291016,422858
2023-06-14 00:00:00+02:00,42.08000183105469,44.939998626708984,42.060001373291016,44.310001373291016,921100
2023-06-15 00:00:00+02:00,44.70000076293945,44.84000015258789,43.90999984741211,44.36000061035156,423611
2023-06-16 00:00:00+02:00,44.70000076293945,46.52000045776367,41.79999923706055,42.34000015258789,2078951
2023-06-19 00:00:00+02:00,42.400001525878906,42.720001220703125,40.849998474121094,41.20000076293945,514263
2023-06-20 00:00:00+02:00,41.20000076293945,41.880001068115234,40.93000030517578,41.65999984741211,237711
2023-06-21 00:00:00+02:00,41.709999084472656,42.47999954223633,41.43000030517578,42.25,252124
2023-06-22 00:00:00+02:00,42.09000015258789,42.33000183105469,41.52000045776367,41.52000045776367,198809
2023-06-23 00:00:00+02:00,41.150001525878906,41.869998931884766,41.08000183105469,41.2400016784668,207660
2023-06-26 00:00:00+02:00,41.349998474121094,41.560001373291016,40.400001525878906,41.25,263012
2023-06-27 00:00:00+02:00,41.38999938964844,41.91999816894531,39.849998474121094,40.84000015258789,434936
2023-06-28 00:00:00+02:00,40.869998931884766,41.220001220703125,40.220001220703125,40.349998474121094,195076
2023-06-29 00:00:00+02:00,40.630001068115234,41.0,40.2599983215332,40.790000915527344,219719
2023-06-30 00:00:00+02:00,40.83000183105469,41.099998474121094,39.689998626708984,40.04999923706055,390349
2023-07-03 00:00:00+02:00,40.04999923706055,41.060001373291016,40.04999923706055,40.91999816894531,246915
2023-07-04 00:00:00+02:00,40.9900016784668,41.0,40.13999938964844,40.20000076293945,185163
2023-07-05 00:00:00+02:00,40.209999084472656,40.400001525878906,39.5099983215332,39.54999923706055,235881
2023-07-06 00:00:00+02:00,39.43000030517578,39.720001220703125,38.65999984741211,39.0,349355
2023-07-07 00:00:00+02:00,39.4900016784668,39.869998931884766,36.02000045776367,37.41999816894531,1211510
2023-07-10 00:00:00+02:00,37.36000061035156,38.52000045776367,36.25,38.439998626708984,393060
2023-07-11 00:00:00+02:00,38.65999984741211,40.0,37.720001220703125,40.0,579951
2023-07-12 00:00:00+02:00,40.45000076293945,41.75,40.20000076293945,41.65999984741211,549917
2023-07-13 00:00:00+02:00,41.970001220703125,42.869998931884766,41.95000076293945,42.779998779296875,542294
2023-07-14 00:00:00+02:00,42.959999084472656,43.38999938964844,42.29999923706055,42.43000030517578,443051
2023-07-17 00:00:00+02:00,42.220001220703125,43.2599983215332,42.02000045776367,42.7400016784668,242239
2023-07-18 00:00:00+02:00,42.7599983215332,43.22999954223633,40.400001525878906,42.38999938964844,520539
2023-07-19 00:00:00+02:00,42.869998931884766,43.400001525878906,42.36000061035156,42.9900016784668,223960
2023-07-20 00:00:00+02:00,42.9900016784668,44.43000030517578,42.81999969482422,43.83000183105469,562670
2023-07-21 00:00:00+02:00,44.0,44.119998931884766,41.72999954223633,41.880001068115234,636548
2023-07-24 00:00:00+02:00,41.959999084472656,42.150001525878906,40.47999954223633,41.27000045776367,473036
2023-07-25 00:00:00+02:00,41.9900016784668,42.380001068115234,41.31999969482422,42.27000045776367,386547
2023-07-26 00:00:00+02:00,42.099998474121094,42.369998931884766,41.25,41.33000183105469,334460
2023-07-27 00:00:00+02:00,41.20000076293945,41.66999816894531,40.619998931884766,41.099998474121094,362934
2023-07-28 00:00:00+02:00,41.0,41.189998626708984,40.130001068115234,40.54999923706055,259798
2023-07-31 00:00:00+02:00,40.56999969482422,41.18000030517578,40.060001373291016,40.900001525878906,324010
2023-08-01 00:00:00+02:00,41.0,41.20000076293945,40.43000030517578,40.43000030517578,205101
2023-08-02 00:00:00+02:00,40.38999938964844,40.38999938964844,38.81999969482422,39.08000183105469,514516
2023-08-03 00:00:00+02:00,39.08000183105469,39.27000045776367,38.040000915527344,38.52000045776367,431367
2023-08-04 00:00:00+02:00,38.9900016784668,39.25,38.41999816894531,38.88999938964844,346941
2023-08-07 00:00:00+02:00,39.2599983215332,39.45000076293945,38.400001525878906,38.58000183105469,213083
2023-08-08 00:00:00+02:00,38.689998626708984,38.689998626708984,37.52000045776367,37.7400016784668,369363
2023-08-09 00:00:00+02:00,37.869998931884766,38.79999923706055,37.869998931884766,38.650001525878906,236056
2023-08-10 00:00:00+02:00,38.58000183105469,38.650001525878906,37.58000183105469,37.599998474121094,383520
2023-08-11 00:00:00+02:00,37.529998779296875,37.529998779296875,36.43000030517578,36.79999923706055,699844
2023-08-14 00:00:00+02:00,36.79999923706055,37.209999084472656,36.02000045776367,36.02000045776367,404943
2023-08-16 00:00:00+02:00,36.0,36.099998474121094,34.5,34.59000015258789,836735
2023-08-17 00:00:00+02:00,34.439998626708984,34.97999954223633,33.86000061035156,34.099998474121094,538053
2023-08-18 00:00:00+02:00,34.029998779296875,34.72999954223633,33.630001068115234,34.70000076293945,501597
2023-08-21 00:00:00+02:00,34.75,36.34000015258789,34.54999923706055,35.349998474121094,667811
2023-08-22 00:00:00+02:00,35.54999923706055,36.099998474121094,35.0,35.0099983215332,329080
2023-08-23 00:00:00+02:00,35.0099983215332,35.369998931884766,34.34000015258789,34.599998474121094,374868
2023-08-24 00:00:00+02:00,34.90999984741211,34.91999816894531,34.2599983215332,34.290000915527344,177884
2023-08-25 00:00:00+02:00,34.31999969482422,35.5,34.27000045776367,34.720001220703125,501048
2023-08-28 00:00:00+02:00,35.5,38.099998474121094,35.06999969482422,38.099998474121094,850060
2023-08-29 00:00:00+02:00,38.20000076293945,38.97999954223633,36.939998626708984,37.689998626708984,510504
2023-08-30 00:00:00+02:00,37.90999984741211,38.0,37.31999969482422,37.369998931884766,178703
2023-08-31 00:00:00+02:00,37.349998474121094,37.7400016784668,35.86000061035156,36.209999084472656,504417
2023-09-01 00:00:00+02:00,36.2599983215332,37.380001068115234,36.2599983215332,37.02000045776367,476491
2023-09-04 00:00:00+02:00,37.20000076293945,38.060001373291016,37.150001525878906,37.20000076293945,228714
2023-09-05 00:00:00+02:00,37.0099983215332,37.310001373291016,36.349998474121094,36.47999954223633,221338
2023-09-06 00:00:00+02:00,36.369998931884766,36.7599983215332,35.369998931884766,35.9900016784668,405476
2023-09-07 00:00:00+02:00,36.290000915527344,36.41999816894531,34.65999984741211,35.68000030517578,610970
2023-09-08 00:00:00+02:00,35.88999938964844,37.54999923706055,35.7599983215332,37.2599983215332,593513
2023-09-11 00:00:00+02:00,37.97999954223633,38.20000076293945,37.4900016784668,37.9900016784668,414467
2023-09-12 00:00:00+02:00,38.20000076293945,38.279998779296875,37.15999984741211,38.0099983215332,419404
2023-09-13 00:00:00+02:00,38.220001220703125,39.560001373291016,37.40999984741211,39.29999923706055,1064203
2023-09-14 00:00:00+02:00,39.70000076293945,42.63999938964844,39.27000045776367,42.119998931884766,1541301
2023-09-15 00:00:00+02:00,41.86000061035156,43.54999923706055,41.650001525878906,43.25,1625766
2023-09-18 00:00:00+02:00,43.25,44.040000915527344,41.66999816894531,43.349998474121094,941065
2023-09-19 00:00:00+02:00,43.29999923706055,44.41999816894531,43.099998474121094,44.34000015258789,577540
2023-09-20 00:00:00+02:00,44.310001373291016,45.70000076293945,44.029998779296875,45.630001068115234,987740
2023-09-21 00:00:00+02:00,45.0099983215332,45.5099983215332,44.0,44.5,432302
2023-09-22 00:00:00+02:00,44.5,45.29999923706055,43.869998931884766,44.810001373291016,652650
2023-09-25 00:00:00+02:00,44.47999954223633,44.5099983215332,42.619998931884766,42.68000030517578,450186
2023-09-26 00:00:00+02:00,41.90999984741211,42.93000030517578,40.79999923706055,42.70000076293945,690363
2023-09-27 00:00:00+02:00,42.599998474121094,44.400001525878906,42.25,43.95000076293945,459634
2023-09-28 00:00:00+02:00,43.7400016784668,45.34000015258789,43.7400016784668,44.38999938964844,446305
2023-09-29 00:00:00+02:00,44.5099983215332,45.0,43.5,44.02000045776367,241808
2023-10-02 00:00:00+02:00,44.0099983215332,44.54999923706055,42.7400016784668,42.83000183105469,260932
2023-10-03 00:00:00+02:00,42.779998779296875,43.65999984741211,42.09000015258789,42.400001525878906,277793
2023-10-04 00:00:00+02:00,42.38999938964844,44.029998779296875,41.880001068115234,43.849998474121094,444073
2023-10-05 00:00:00+02:00,44.209999084472656,44.619998931884766,43.779998779296875,43.9900016784668,346805
2023-10-06 00:00:00+02:00,44.0,44.099998474121094,40.279998779296875,40.58000183105469,826940
2023-10-09 00:00:00+02:00,40.84000015258789,42.86000061035156,40.75,42.15999984741211,351287
2023-10-10 00:00:00+02:00,42.84000015258789,44.599998474121094,42.27000045776367,43.95000076293945,593818
2023-10-11 00:00:00+02:00,43.599998474121094,45.400001525878906,43.119998931884766,43.61000061035156,784926
2023-10-12 00:00:00+02:00,43.720001220703125,44.58000183105469,43.099998474121094,43.70000076293945,402942
2023-10-13 00:00:00+02:00,43.369998931884766,44.779998779296875,43.34000015258789,44.08000183105469,493833
2023-10-16 00:00:00+02:00,45.5,46.380001068115234,43.83000183105469,44.650001525878906,1224850
2023-10-17 00:00:00+02:00,44.650001525878906,46.0,43.83000183105469,44.20000076293945,772141
2023-10-18 00:00:00+02:00,44.33000183105469,45.95000076293945,44.29999923706055,45.79999923706055,611489
2023-10-19 00:00:00+02:00,45.599998474121094,46.04999923706055,44.79999923706055,45.0,470259
2023-10-20 00:00:00+02:00,44.959999084472656,44.9900016784668,44.099998474121094,44.099998474121094,253553
2023-10-23 00:00:00+02:00,44.099998474121094,44.459999084472656,43.33000183105469,43.54999923706055,326151
2023-10-24 00:00:00+02:00,44.0,44.599998474121094,42.79999923706055,43.459999084472656,444457
2023-10-25 00:00:00+02:00,43.5,44.0,42.97999954223633,43.52000045776367,261382
2023-10-26 00:00:00+02:00,43.040000915527344,45.52000045776367,42.52000045776367,45.459999084472656,599934
2023-10-27 00:00:00+02:00,45.599998474121094,46.11000061035156,44.810001373291016,45.09000015258789,377844
2023-10-30 00:00:00+01:00,45.68000030517578,48.29999923706055,45.16999816894531,46.9900016784668,1047095
2023-10-31 00:00:00+01:00,47.72999954223633,50.79999923706055,47.560001373291016,49.939998626708984,1140430
2023-11-02 00:00:00+01:00,50.86000061035156,51.52000045776367,48.560001373291016,50.060001373291016,1091999
2023-11-03 00:00:00+01:00,50.08000183105469,50.08000183105469,48.970001220703125,49.5099983215332,426635
2023-11-06 00:00:00+01:00,50.900001525878906,51.70000076293945,50.2599983215332,50.79999923706055,560069
2023-11-07 00:00:00+01:00,50.279998779296875,51.279998779296875,49.630001068115234,50.18000030517578,763552
2023-11-08 00:00:00+01:00,49.97999954223633,50.65999984741211,47.849998474121094,47.86000061035156,591415
2023-11-09 00:00:00+01:00,48.0,49.130001068115234,47.650001525878906,48.95000076293945,313329
2023-11-10 00:00:00+01:00,48.900001525878906,48.959999084472656,47.310001373291016,47.459999084472656,328640
2023-11-13 00:00:00+01:00,47.900001525878906,48.43000030517578,47.22999954223633,47.31999969482422,227734
2023-11-14 00:00:00+01:00,47.540000915527344,50.5,47.470001220703125,50.439998626708984,618728
2023-11-15 00:00:00+01:00,50.880001068115234,51.36000061035156,49.400001525878906,49.709999084472656,597849
2023-11-16 00:00:00+01:00,49.84000015258789,50.20000076293945,49.41999816894531,49.779998779296875,379688
2023-11-17 00:00:00+01:00,49.779998779296875,50.68000030517578,49.470001220703125,49.77000045776367,292816
2023-11-20 00:00:00+01:00,50.5,51.84000015258789,50.0,50.900001525878906,475934
2023-11-21 00:00:00+01:00,50.63999938964844,50.900001525878906,49.58000183105469,49.970001220703125,271111
2023-11-22 00:00:00+01:00,49.599998474121094,50.79999923706055,47.0,47.81999969482422,728520
2023-11-23 00:00:00+01:00,46.0,46.5,41.560001373291016,42.0,2756276
2023-11-24 00:00:00+01:00,42.0,42.400001525878906,40.86000061035156,41.099998474121094,848793
2023-11-27 00:00:00+01:00,40.599998474121094,41.40999984741211,40.380001068115234,41.20000076293945,452967
2023-11-28 00:00:00+01:00,41.20000076293945,41.4900016784668,40.7599983215332,40.84000015258789,424770
2023-11-29 00:00:00+01:00,40.84000015258789,42.130001068115234,38.29999923706055,42.0,1662494
2023-11-30 00:00:00+01:00,41.79999923706055,42.0,39.540000915527344,39.540000915527344,669191
2023-12-01 00:00:00+01:00,40.09000015258789,41.91999816894531,39.79999923706055,41.720001220703125,660168
2023-12-04 00:00:00+01:00,41.849998474121094,42.560001373291016,40.970001220703125,41.0,408504
2023-12-05 00:00:00+01:00,41.2400016784668,41.9900016784668,40.68000030517578,41.20000076293945,455798
2023-12-06 00:00:00+01:00,41.29999923706055,42.279998779296875,41.20000076293945,42.029998779296875,411920
2023-12-07 00:00:00+01:00,41.7400016784668,42.849998474121094,41.5,42.650001525878906,357483
2023-12-08 00:00:00+01:00,42.650001525878906,45.369998931884766,42.61000061035156,44.90999984741211,1202304
2023-12-11 00:00:00+01:00,44.900001525878906,45.56999969482422,43.72999954223633,44.720001220703125,477436
2023-12-12 00:00:00+01:00,44.36000061035156,44.88999938964844,43.349998474121094,43.58000183105469,772060
2023-12-13 00:00:00+01:00,43.58000183105469,43.79999923706055,42.619998931884766,42.619998931884766,519475
2023-12-14 00:00:00+01:00,43.220001220703125,44.43000030517578,43.150001525878906,43.880001068115234,736182
2023-12-15 00:00:00+01:00,44.20000076293945,45.79999923706055,44.0,44.529998779296875,1190554
2023-12-18 00:00:00+01:00,44.650001525878906,45.20000076293945,43.29999923706055,43.52000045776367,396310
2023-12-19 00:00:00+01:00,43.54999923706055,44.58000183105469,43.130001068115234,43.630001068115234,443225
2023-12-20 00:00:00+01:00,43.650001525878906,44.040000915527344,41.900001525878906,42.0,856759
2023-12-21 00:00:00+01:00,42.040000915527344,42.189998626708984,41.380001068115234,41.84000015258789,369569
2023-12-22 00:00:00+01:00,41.720001220703125,42.20000076293945,41.47999954223633,41.7599983215332,388713
2023-12-27 00:00:00+01:00,41.689998626708984,42.68000030517578,41.599998474121094,42.33000183105469,492812
2023-12-28 00:00:00+01:00,42.29999923706055,42.70000076293945,42.0,42.47999954223633,227308
2023-12-29 00:00:00+01:00,42.20000076293945,42.45000076293945,41.90999984741211,42.029998779296875,254057
2024-01-02 00:00:00+01:00,42.029998779296875,42.47999954223633,40.849998474121094,41.290000915527344,358876
2024-01-03 00:00:00+01:00,41.31999969482422,41.38999938964844,39.84000015258789,40.86000061035156,402942
2024-01-04 00:00:00+01:00,40.86000061035156,41.70000076293945,40.31999969482422,40.79999923706055,280609
2024-01-05 00:00:00+01:00,40.619998931884766,40.88999938964844,39.880001068115234,40.779998779296875,267830
2024-01-08 00:00:00+01:00,40.75,40.75,39.900001525878906,40.13999938964844,217694
2024-01-09 00:00:00+01:00,40.29999923706055,40.63999938964844,39.849998474121094,40.15999984741211,317612
2024-01-10 00:00:00+01:00,40.15999984741211,40.720001220703125,39.29999923706055,39.33000183105469,367081
2024-01-11 00:00:00+01:00,39.880001068115234,39.91999816894531,38.75,39.27000045776367,416319
2024-01-12 00:00:00+01:00,39.31999969482422,40.349998474121094,39.31999969482422,40.349998474121094,293735
2024-01-15 00:00:00+01:00,40.349998474121094,40.84000015258789,38.5,39.15999984741211,298871
2024-01-16 00:00:00+01:00,39.0,39.52000045776367,38.849998474121094,39.5099983215332,125715
2024-01-17 00:00:00+01:00,39.29999923706055,39.34000015258789,37.619998931884766,37.619998931884766,556351
2024-01-18 00:00:00+01:00,38.0099983215332,39.0,37.31999969482422,37.79999923706055,369148
2024-01-19 00:00:00+01:00,37.790000915527344,38.83000183105469,37.779998779296875,37.9900016784668,306774
2024-01-22 00:00:00+01:00,38.349998474121094,38.849998474121094,37.70000076293945,38.20000076293945,185075
2024-01-23 00:00:00+01:00,40.15999984741211,41.849998474121094,39.220001220703125,41.709999084472656,762986
2024-01-24 00:00:00+01:00,41.959999084472656,43.7400016784668,41.900001525878906,42.79999923706055,769773
2024-01-25 00:00:00+01:00,42.84000015258789,43.25,42.0099983215332,42.20000076293945,456470
2024-01-26 00:00:00+01:00,42.15999984741211,43.27000045776367,41.099998474121094,42.97999954223633,331336
2024-01-29 00:00:00+01:00,42.56999969482422,43.5,42.56999969482422,43.400001525878906,320074
2024-01-30 00:00:00+01:00,43.59000015258789,43.79999923706055,42.75,42.7599983215332,337136
2024-01-31 00:00:00+01:00,42.720001220703125,43.459999084472656,42.5,43.34000015258789,217613
2024-02-01 00:00:00+01:00,43.04999923706055,43.880001068115234,42.79999923706055,43.5,334621
2024-02-02 00:00:00+01:00,43.15999984741211,43.880001068115234,43.06999969482422,43.29999923706055,223962
2024-02-05 00:00:00+01:00,43.29999923706055,43.90999984741211,42.91999816894531,42.91999816894531,275773
2024-02-06 00:00:00+01:00,43.5,43.81999969482422,42.189998626708984,43.540000915527344,252014
2024-02-07 00:00:00+01:00,43.5,43.83000183105469,43.22999954223633,43.349998474121094,135225
2024-02-08 00:00:00+01:00,43.38999938964844,43.689998626708984,43.189998626708984,43.34000015258789,125642
2024-02-09 00:00:00+01:00,43.5,43.5,42.810001373291016,42.810001373291016,139284
2024-02-12 00:00:00+01:00,42.810001373291016,44.220001220703125,42.810001373291016,44.220001220703125,382648
2024-02-13 00:00:00+01:00,44.400001525878906,44.720001220703125,41.900001525878906,42.189998626708984,478927
2024-02-14 00:00:00+01:00,42.189998626708984,43.36000061035156,42.0099983215332,43.36000061035156,238815
2024-02-15 00:00:00+01:00,43.25,43.54999923706055,42.7599983215332,42.91999816894531,118023
2024-02-16 00:00:00+01:00,43.459999084472656,44.099998474121094,43.04999923706055,43.439998626708984,196761
2024-02-19 00:00:00+01:00,43.29999923706055,43.66999816894531,42.90999984741211,43.0,153226
2024-02-20 00:00:00+01:00,42.95000076293945,44.0,42.810001373291016,43.7400016784668,239257
2024-02-21 00:00:00+01:00,44.099998474121094,44.099998474121094,43.06999969482422,43.4900016784668,177673
2024-02-22 00:00:00+01:00,43.599998474121094,44.099998474121094,43.5,43.84000015258789,241466
2024-02-23 00:00:00+01:00,43.97999954223633,44.52000045776367,43.540000915527344,43.56999969482422,346178
2024-02-26 00:00:00+01:00,43.41999816894531,43.560001373291016,42.540000915527344,42.81999969482422,201336
2024-02-27 00:00:00+01:00,42.810001373291016,43.77000045776367,42.70000076293945,43.59000015258789,220587
2024-02-28 00:00:00+01:00,43.599998474121094,43.599998474121094,41.599998474121094,41.599998474121094,291373
2024-02-29 00:00:00+01:00,42.02000045776367,42.369998931884766,40.900001525878906,41.220001220703125,417859
2024-03-01 00:00:00+01:00,41.2400016784668,42.09000015258789,41.2400016784668,42.04999923706055,191594
2024-03-04 00:00:00+01:00,42.099998474121094,42.369998931884766,40.77000045776367,40.79999923706055,339487
2024-03-05 00:00:00+01:00,40.86000061035156,41.13999938964844,40.20000076293945,40.7400016784668,229206
2024-03-06 00:00:00+01:00,40.68000030517578,41.56999969482422,40.400001525878906,40.650001525878906,203397
2024-03-07 00:00:00+01:00,40.68000030517578,41.27000045776367,40.33000183105469,41.150001525878906,132728
2024-03-08 00:00:00+01:00,41.040000915527344,41.20000076293945,40.2400016784668,41.08000183105469,192468
2024-03-11 00:00:00+01:00,40.720001220703125,41.150001525878906,40.31999969482422,40.41999816894531,148527
2024-03-12 00:00:00+01:00,40.41999816894531,40.7599983215332,39.099998474121094,39.58000183105469,535014
2024-03-13 00:00:00+01:00,39.599998474121094,40.5,38.70000076293945,40.5,679183
2024-03-14 00:00:00+01:00,40.70000076293945,41.20000076293945,39.459999084472656,39.79999923706055,444486
2024-03-15 00:00:00+01:00,39.619998931884766,40.08000183105469,39.40999984741211,39.77000045776367,710284
2024-03-18 00:00:00+01:00,39.66999816894531,39.97999954223633,38.0,38.130001068115234,510805
2024-03-19 00:00:00+01:00,38.18000030517578,38.47999954223633,37.0,37.5099983215332,532807
2024-03-20 00:00:00+01:00,37.70000076293945,37.95000076293945,37.0,37.119998931884766,443487
2024-03-21 00:00:00+01:00,37.70000076293945,37.88999938964844,37.06999969482422,37.45000076293945,381924
2024-03-22 00:00:00+01:00,37.58000183105469,38.5,36.68000030517578,36.779998779296875,524801
2024-03-25 00:00:00+01:00,36.81999969482422,36.9900016784668,35.810001373291016,36.25,290507
2024-03-26 00:00:00+01:00,36.349998474121094,37.2599983215332,36.29999923706055,37.11000061035156,353236
2024-03-27 00:00:00+01:00,37.20000076293945,37.22999954223633,36.41999816894531,36.540000915527344,231124
2024-03-28 00:00:00+01:00,36.599998474121094,37.150001525878906,36.31999969482422,37.150001525878906,287176
2024-04-02 00:00:00+02:00,37.150001525878906,38.0099983215332,37.0,37.18000030517578,427723
2024-04-03 00:00:00+02:00,37.29999923706055,37.70000076293945,36.900001525878906,37.209999084472656,400195
2024-04-04 00:00:00+02:00,37.29999923706055,38.220001220703125,37.279998779296875,37.439998626708984,363770
2024-04-05 00:00:00+02:00,37.20000076293945,37.380001068115234,35.84000015258789,36.20000076293945,709197
2024-04-08 00:00:00+02:00,36.20000076293945,37.0,35.81999969482422,36.689998626708984,354568
2024-04-09 00:00:00+02:00,36.65999984741211,39.099998474121094,36.540000915527344,37.79999923706055,1046755
2024-04-10 00:00:00+02:00,38.220001220703125,38.650001525878906,37.290000915527344,38.29999923706055,782043
2024-04-11 00:00:00+02:00,38.29999923706055,38.599998474121094,34.619998931884766,35.290000915527344,2256756
2024-04-12 00:00:00+02:00,35.720001220703125,36.25,35.290000915527344,35.34000015258789,664634
2024-04-15 00:00:00+02:00,35.54999923706055,35.810001373291016,34.20000076293945,34.400001525878906,641468
2024-04-16 00:00:00+02:00,34.29999923706055,34.4900016784668,32.52000045776367,32.70000076293945,848648
2024-04-17 00:00:00+02:00,32.75,33.560001373291016,32.75,33.25,820405
2024-04-18 00:00:00+02:00,33.79999923706055,34.22999954223633,32.75,33.0,900275
2024-04-19 00:00:00+02:00,32.869998931884766,33.43000030517578,32.720001220703125,33.04999923706055,333665
2024-04-22 00:00:00+02:00,33.2400016784668,33.810001373291016,32.849998474121094,33.810001373291016,371846
2024-04-23 00:00:00+02:00,33.849998474121094,33.900001525878906,33.0,33.119998931884766,358542
2024-04-24 00:00:00+02:00,33.130001068115234,33.560001373291016,31.1200008392334,31.190000534057617,1224753
2024-04-25 00:00:00+02:00,31.190000534057617,31.549999237060547,29.450000762939453,30.43000030517578,1608975
2024-04-26 00:00:00+02:00,30.639999389648438,31.139999389648438,30.25,30.34000015258789,607713
2024-04-29 00:00:00+02:00,30.299999237060547,30.979999542236328,30.0,30.979999542236328,364770
2024-04-30 00:00:00+02:00,30.979999542236328,30.989999771118164,30.209999084472656,30.700000762939453,452732
2024-05-02 00:00:00+02:00,30.8799991607666,30.8799991607666,30.399999618530273,30.75,192462
2024-05-06 00:00:00+02:00,31.0,32.220001220703125,31.0,31.920000076293945,778511
2024-05-07 00:00:00+02:00,31.940000534057617,32.68000030517578,31.610000610351562,31.739999771118164,726607
2024-05-08 00:00:00+02:00,31.739999771118164,31.850000381469727,31.219999313354492,31.59000015258789,578117
2024-05-09 00:00:00+02:00,31.540000915527344,32.029998779296875,31.3700008392334,32.02000045776367,383502
2024-05-10 00:00:00+02:00,32.04999923706055,32.47999954223633,31.520000457763672,31.520000457763672,656989
2024-05-13 00:00:00+02:00,31.610000610351562,31.979999542236328,31.440000534057617,31.93000030517578,288366
2024-05-14 00:00:00+02:00,32.20000076293945,33.25,31.559999465942383,31.8799991607666,1249637
2024-05-15 00:00:00+02:00,31.65999984741211,31.700000762939453,30.690000534057617,30.739999771118164,913302
2024-05-16 00:00:00+02:00,30.739999771118164,31.190000534057617,30.440000534057617,31.190000534057617,607941
2024-05-17 00:00:00+02:00,31.149999618530273,32.15999984741211,30.90999984741211,31.979999542236328,567008
2024-05-20 00:00:00+02:00,32.20000076293945,33.18000030517578,31.8700008392334,33.150001525878906,1509181
2024-05-21 00:00:00+02:00,33.20000076293945,33.33000183105469,32.52000045776367,33.13999938964844,514546
2024-05-22 00:00:00+02:00,32.900001525878906,34.900001525878906,32.11000061035156,32.20000076293945,1402999
2024-05-23 00:00:00+02:00,32.380001068115234,32.56999969482422,31.84000015258789,32.34000015258789,410973
2024-05-24 00:00:00+02:00,32.150001525878906,32.150001525878906,30.850000381469727,30.899999618530273,990432
2024-05-27 00:00:00+02:00,30.719999313354492,31.15999984741211,29.059999465942383,29.299999237060547,1607809
2024-05-28 00:00:00+02:00,29.299999237060547,29.600000381469727,28.760000228881836,29.40999984741211,635806
2024-05-29 00:00:00+02:00,29.40999984741211,29.5,28.0,28.0,964171
2024-05-31 00:00:00+02:00,28.0,29.239999771118164,27.90999984741211,28.459999084472656,733071
2024-06-03 00:00:00+02:00,28.8700008392334,29.479999542236328,28.600000381469727,29.270000457763672,436564
2024-06-04 00:00:00+02:00,29.270000457763672,29.579999923706055,29.049999237060547,29.299999237060547,363710
2024-06-05 00:00:00+02:00,29.239999771118164,29.40999984741211,28.030000686645508,28.030000686645508,647137
2024-06-06 00:00:00+02:00,28.049999237060547,28.299999237060547,26.5,26.5,1693845
2024-06-07 00:00:00+02:00,26.5,26.709999084472656,25.040000915527344,25.18000030517578,1547371
2024-06-10 00:00:00+02:00,25.200000762939453,26.799999237060547,25.049999237060547,26.799999237060547,1015137
2024-06-11 00:00:00+02:00,27.280000686645508,27.450000762939453,26.510000228881836,26.799999237060547,623819
2024-06-12 00:00:00+02:00,26.850000381469727,27.200000762939453,26.5,27.149999618530273,283484
2024-06-13 00:00:00+02:00,27.170000076293945,29.270000457763672,27.030000686645508,28.31999969482422,1193709
2024-06-14 00:00:00+02:00,28.510000228881836,29.40999984741211,27.899999618530273,29.100000381469727,759893
2024-06-17 00:00:00+02:00,29.350000381469727,30.420000076293945,29.200000762939453,30.270000457763672,734650
2024-06-18 00:00:00+02:00,30.489999771118164,30.899999618530273,28.81999969482422,28.81999969482422,843865
2024-06-19 00:00:00+02:00,28.600000381469727,30.549999237060547,28.56999969482422,30.06999969482422,873089
2024-06-20 00:00:00+02:00,30.06999969482422,30.600000381469727,29.1299991607666,29.469999313354492,456694
2024-06-21 00:00:00+02:00,29.530000686645508,30.149999618530273,29.200000762939453,29.760000228881836,626382
2024-06-24 00:00:00+02:00,29.959999084472656,30.06999969482422,29.350000381469727,29.809999465942383,260706
2024-06-25 00:00:00+02:00,30.0,30.09000015258789,29.59000015258789,29.600000381469727,239971
2024-06-26 00:00:00+02:00,29.600000381469727,29.959999084472656,29.489999771118164,29.829999923706055,162330
2024-06-27 00:00:00+02:00,29.850000381469727,29.899999618530273,29.170000076293945,29.3700008392334,190405
2024-06-28 00:00:00+02:00,29.549999237060547,29.600000381469727,29.31999969482422,29.600000381469727,116202
2024-07-01 00:00:00+02:00,29.739999771118164,30.34000015258789,29.729999542236328,29.799999237060547,423192
2024-07-02 00:00:00+02:00,30.5,31.139999389648438,29.920000076293945,30.270000457763672,780877
2024-07-03 00:00:00+02:00,30.760000228881836,31.360000610351562,30.600000381469727,31.09000015258789,409972
2024-07-04 00:00:00+02:00,31.299999237060547,31.5,30.299999237060547,30.530000686645508,316280
2024-07-05 00:00:00+02:00,30.600000381469727,30.68000030517578,30.280000686645508,30.31999969482422,198125
2024-07-08 00:00:00+02:00,30.5,30.559999465942383,29.75,30.020000457763672,254925
2024-07-09 00:00:00+02:00,30.079999923706055,30.079999923706055,29.219999313354492,29.479999542236328,333935
2024-07-10 00:00:00+02:00,29.420000076293945,29.920000076293945,29.209999084472656,29.25,168884
2024-07-11 00:00:00+02:00,29.260000228881836,29.459999084472656,27.920000076293945,28.079999923706055,680352
2024-07-12 00:00:00+02:00,28.100000381469727,28.209999084472656,27.299999237060547,28.0,672467
2024-07-15 00:00:00+02:00,28.100000381469727,28.59000015258789,27.799999237060547,28.149999618530273,349126
2024-07-16 00:00:00+02:00,28.200000762939453,28.3799991607666,27.739999771118164,27.780000686645508,193024
2024-07-17 00:00:00+02:00,28.0,28.299999237060547,27.309999465942383,27.700000762939453,220028
2024-07-18 00:00:00+02:00,27.979999542236328,29.18000030517578,27.709999084472656,29.18000030517578,443309
2024-07-19 00:00:00+02:00,29.200000762939453,29.5,28.6200008392334,28.809999465942383,237824
2024-07-22 00:00:00+02:00,29.1299991607666,29.450000762939453,28.860000610351562,29.030000686645508,194506
2024-07-23 00:00:00+02:00,29.0,29.290000915527344,27.899999618530273,27.90999984741211,369696
2024-07-24 00:00:00+02:00,28.0,28.200000762939453,27.299999237060547,27.389999389648438,367492
2024-07-25 00:00:00+02:00,27.389999389648438,27.459999084472656,26.8700008392334,27.3799991607666,269150
2024-07-26 00:00:00+02:00,27.690000534057617,27.860000610351562,27.18000030517578,27.360000610351562,178518
2024-07-29 00:00:00+02:00,27.81999969482422,27.940000534057617,26.920000076293945,27.0,153817
2024-07-30 00:00:00+02:00,27.100000381469727,27.43000030517578,27.0,27.030000686645508,137042
2024-07-31 00:00:00+02:00,27.200000762939453,27.299999237060547,26.399999618530273,26.68000030517578,382199
2024-08-01 00:00:00+02:00,26.739999771118164,27.0,26.549999237060547,26.700000762939453,194550
2024-08-02 00:00:00+02:00,26.670000076293945,26.75,26.25,26.5,226990
2024-08-05 00:00:00+02:00,26.0,26.190000534057617,25.0,25.600000381469727,600652
2024-08-06 00:00:00+02:00,25.979999542236328,26.25,25.600000381469727,25.950000762939453,239064
2024-08-07 00:00:00+02:00,26.020000457763672,26.3799991607666,25.68000030517578,26.3799991607666,332579
2024-08-08 00:00:00+02:00,26.3799991607666,26.3799991607666,25.68000030517578,26.270000457763672,167450
2024-08-09 00:00:00+02:00,26.3799991607666,26.719999313354492,26.049999237060547,26.15999984741211,190929
2024-08-12 00:00:00+02:00,26.200000762939453,27.040000915527344,26.200000762939453,27.040000915527344,260291
2024-08-13 00:00:00+02:00,27.200000762939453,27.200000762939453,26.170000076293945,26.200000762939453,357140
2024-08-14 00:00:00+02:00,26.389999389648438,26.479999542236328,25.729999542236328,25.729999542236328,280576
2024-08-16 00:00:00+02:00,25.75,26.0,25.030000686645508,25.360000610351562,694840
2024-08-19 00:00:00+02:00,25.479999542236328,26.399999618530273,25.399999618530273,25.899999618530273,480997
2024-08-20 00:00:00+02:00,25.989999771118164,26.18000030517578,25.18000030517578,25.200000762939453,354018
2024-08-21 00:00:00+02:00,25.200000762939453,25.84000015258789,25.170000076293945,25.530000686645508,362012
2024-08-22 00:00:00+02:00,25.920000076293945,25.920000076293945,25.049999237060547,25.170000076293945,317887
2024-08-23 00:00:00+02:00,25.170000076293945,25.3799991607666,25.100000381469727,25.299999237060547,199074
2024-08-26 00:00:00+02:00,26.0,26.0,25.25,25.450000762939453,178746
2024-08-27 00:00:00+02:00,25.600000381469727,26.0,25.420000076293945,25.979999542236328,272367
2024-08-28 00:00:00+02:00,26.020000457763672,26.549999237060547,25.649999618530273,25.8700008392334,246832
2024-08-29 00:00:00+02:00,25.8700008392334,26.1200008392334,25.209999084472656,25.68000030517578,329832
2024-08-30 00:00:00+02:00,25.700000762939453,25.950000762939453,25.510000228881836,25.68000030517578,231563
2024-09-02 00:00:00+02:00,25.68000030517578,26.729999542236328,25.510000228881836,26.440000534057617,399912
2024-09-03 00:00:00+02:00,26.600000381469727,26.600000381469727,25.600000381469727,25.600000381469727,355765
2024-09-04 00:00:00+02:00,25.200000762939453,25.530000686645508,25.020000457763672,25.299999237060547,404046
2024-09-05 00:00:00+02:00,25.299999237060547,25.5,25.170000076293945,25.5,196712
2024-09-06 00:00:00+02:00,25.5,25.5,24.1299991607666,24.139999389648438,528360
2024-09-09 00:00:00+02:00,24.139999389648438,24.43000030517578,22.700000762939453,23.0,980091
2024-09-10 00:00:00+02:00,23.010000228881836,23.200000762939453,22.0,22.010000228881836,785860
2024-09-11 00:00:00+02:00,22.0,22.399999618530273,21.979999542236328,22.1299991607666,275869
2024-09-12 00:00:00+02:00,22.34000015258789,23.290000915527344,22.34000015258789,23.0,370592
2024-09-13 00:00:00+02:00,23.010000228881836,23.100000381469727,22.239999771118164,22.65999984741211,317287
2024-09-16 00:00:00+02:00,22.6299991607666,22.950000762939453,22.219999313354492,22.739999771118164,250046
2024-09-17 00:00:00+02:00,22.75,23.459999084472656,22.6200008392334,23.360000610351562,247949
2024-09-18 00:00:00+02:00,23.299999237060547,23.360000610351562,22.729999542236328,23.0,173706
2024-09-19 00:00:00+02:00,23.200000762939453,23.399999618530273,22.559999465942383,22.559999465942383,254090
2024-09-20 00:00:00+02:00,22.399999618530273,22.84000015258789,22.200000762939453,22.200000762939453,611091
2024-09-23 00:00:00+02:00,22.290000915527344,22.770000457763672,22.290000915527344,22.600000381469727,131984
2024-09-24 00:00:00+02:00,22.860000610351562,23.360000610351562,22.850000381469727,23.329999923706055,340345
2024-09-25 00:00:00+02:00,23.3700008392334,23.75,23.3700008392334,23.739999771118164,235869
2024-09-26 00:00:00+02:00,23.84000015258789,24.200000762939453,23.790000915527344,23.950000762939453,290937
2024-09-27 00:00:00+02:00,23.829999923706055,25.389999389648438,23.600000381469727,25.200000762939453,513083
2024-09-30 00:00:00+02:00,25.0,26.950000762939453,24.739999771118164,25.8799991607666,1228775
2024-10-01 00:00:00+02:00,26.0,26.3799991607666,25.600000381469727,26.0,340292
2024-10-02 00:00:00+02:00,26.200000762939453,26.600000381469727,25.899999618530273,26.549999237060547,323781
2024-10-03 00:00:00+02:00,27.100000381469727,29.18000030517578,27.100000381469727,28.770000457763672,1553090
2024-10-04 00:00:00+02:00,28.84000015258789,29.299999237060547,27.920000076293945,28.059999465942383,417597
2024-10-07 00:00:00+02:00,28.290000915527344,29.200000762939453,28.260000228881836,28.56999969482422,391591
2024-10-08 00:00:00+02:00,28.0,28.3700008392334,27.049999237060547,28.1299991607666,461069
2024-10-09 00:00:00+02:00,28.1299991607666,28.479999542236328,27.1200008392334,27.5,313880
2024-10-10 00:00:00+02:00,27.280000686645508,27.280000686645508,26.540000915527344,26.93000030517578,591042
2024-10-11 00:00:00+02:00,27.0,28.239999771118164,26.950000762939453,27.969999313354492,370846
2024-10-14 00:00:00+02:00,28.200000762939453,28.950000762939453,27.899999618530273,28.6299991607666,287629
2024-10-15 00:00:00+02:00,28.649999618530273,28.75,27.229999542236328,27.229999542236328,379518
2024-10-16 00:00:00+02:00,27.229999542236328,27.700000762939453,26.889999389648438,27.700000762939453,205780
2024-10-17 00:00:00+02:00,27.8799991607666,27.8799991607666,26.5,26.5,265138
2024-10-18 00:00:00+02:00,26.5,26.959999084472656,25.5,26.0,517588
2024-10-21 00:00:00+02:00,26.0,26.84000015258789,25.709999084472656,26.579999923706055,188269
2024-10-22 00:00:00+02:00,26.579999923706055,26.850000381469727,26.399999618530273,26.6200008392334,94766
2024-10-23 00:00:00+02:00,26.6200008392334,27.09000015258789,25.690000534057617,27.09000015258789,174605
2024-10-24 00:00:00+02:00,27.399999618530273,27.760000228881836,27.149999618530273,27.420000076293945,112290
2024-10-25 00:00:00+02:00,27.459999084472656,27.459999084472656,27.020000457763672,27.079999923706055,173340
2024-10-28 00:00:00+01:00,27.020000457763672,27.59000015258789,26.920000076293945,27.59000015258789,145293
2024-10-29 00:00:00+01:00,27.610000610351562,27.770000457763672,27.139999389648438,27.600000381469727,120746
2024-10-30 00:00:00+01:00,27.440000534057617,27.8700008392334,27.270000457763672,27.399999618530273,171519
2024-10-31 00:00:00+01:00,27.31999969482422,27.399999618530273,26.5,26.81999969482422,135021
2024-11-04 00:00:00+01:00,26.75,27.3799991607666,26.700000762939453,27.3799991607666,210172
2024-11-05 00:00:00+01:00,27.399999618530273,27.399999618530273,26.530000686645508,26.549999237060547,198975
2024-11-06 00:00:00+01:00,26.950000762939453,28.1299991607666,26.399999618530273,27.329999923706055,432855
2024-11-07 00:00:00+01:00,27.850000381469727,27.850000381469727,27.190000534057617,27.84000015258789,190858
2024-11-08 00:00:00+01:00,27.84000015258789,27.84000015258789,27.149999618530273,27.549999237060547,151514
2024-11-12 00:00:00+01:00,27.600000381469727,27.809999465942383,26.149999618530273,26.149999618530273,333796
2024-11-13 00:00:00+01:00,26.200000762939453,27.350000381469727,25.690000534057617,26.5,355112
2024-11-14 00:00:00+01:00,26.780000686645508,26.889999389648438,25.760000228881836,26.100000381469727,347966
2024-11-15 00:00:00+01:00,26.299999237060547,26.299999237060547,25.0,25.139999389648438,279247
2024-11-18 00:00:00+01:00,25.200000762939453,25.5,24.110000610351562,24.700000762939453,383274
2024-11-19 00:00:00+01:00,24.979999542236328,25.0,24.06999969482422,24.43000030517578,316056
2024-11-20 00:00:00+01:00,24.530000686645508,25.200000762939453,24.329999923706055,25.149999618530273,219566
2024-11-21 00:00:00+01:00,25.15999984741211,25.459999084472656,24.5,25.399999618530273,191984
2024-11-22 00:00:00+01:00,25.5,26.0,24.760000228881836,26.0,300837
2024-11-25 00:00:00+01:00,26.110000610351562,26.610000610351562,25.93000030517578,26.020000457763672,245562
2024-11-26 00:00:00+01:00,28.020000457763672,28.170000076293945,26.059999465942383,26.110000610351562,659079
2024-11-27 00:00:00+01:00,26.100000381469727,26.559999465942383,25.350000381469727,26.0,252204
2024-11-28 00:00:00+01:00,26.0,26.06999969482422,25.5,25.530000686645508,121235
2024-11-29 00:00:00+01:00,25.469999313354492,25.729999542236328,25.170000076293945,25.520000457763672,145239
2024-12-02 00:00:00+01:00,25.700000762939453,25.790000915527344,25.440000534057617,25.440000534057617,121505
2024-12-03 00:00:00+01:00,25.440000534057617,25.68000030517578,24.639999389648438,24.639999389648438,286226
2024-12-04 00:00:00+01:00,24.649999618530273,25.100000381469727,24.559999465942383,24.559999465942383,153638
2024-12-05 00:00:00+01:00,24.600000381469727,25.18000030517578,24.559999465942383,24.829999923706055,148410
2024-12-06 00:00:00+01:00,24.899999618530273,25.0,24.299999237060547,24.389999389648438,183059
2024-12-09 00:00:00+01:00,24.399999618530273,24.799999237060547,24.3799991607666,24.799999237060547,119726
2024-12-10 00:00:00+01:00,24.959999084472656,24.959999084472656,24.110000610351562,24.25,248228
2024-12-11 00:00:00+01:00,24.25,24.850000381469727,24.139999389648438,24.719999313354492,185715
2024-12-12 00:00:00+01:00,24.81999969482422,24.81999969482422,24.0,24.06999969482422,304136
2024-12-13 00:00:00+01:00,24.06999969482422,24.31999969482422,23.979999542236328,24.010000228881836,271577
2024-12-16 00:00:00+01:00,24.010000228881836,24.260000228881836,23.610000610351562,23.920000076293945,317193
2024-12-17 00:00:00+01:00,23.920000076293945,23.920000076293945,22.760000228881836,22.809999465942383,567899
2024-12-18 00:00:00+01:00,22.700000762939453,22.809999465942383,22.0,22.100000381469727,648942
2024-12-19 00:00:00+01:00,21.399999618530273,21.760000228881836,21.0,21.389999389648438,782737
2024-12-20 00:00:00+01:00,21.200000762939453,21.360000610351562,20.68000030517578,20.780000686645508,1138361
2024-12-23 00:00:00+01:00,20.780000686645508,21.56999969482422,20.079999923706055,20.200000762939453,1264376
2024-12-27 00:00:00+01:00,20.200000762939453,20.780000686645508,19.844999313354492,20.489999771118164,610822
2024-12-30 00:00:00+01:00,20.899999618530273,21.309999465942383,20.600000381469727,20.709999084472656,368337
2025-01-02 00:00:00+01:00,20.709999084472656,21.549999237060547,20.700000762939453,21.549999237060547,255305
2025-01-03 00:00:00+01:00,21.600000381469727,22.010000228881836,21.459999084472656,21.799999237060547,189292
2025-01-07 00:00:00+01:00,22.0,22.93000030517578,22.0,22.420000076293945,430413
2025-01-08 00:00:00+01:00,22.5,22.530000686645508,21.780000686645508,21.799999237060547,223677
2025-01-09 00:00:00+01:00,21.899999618530273,22.0,21.5,21.729999542236328,179357
2025-01-10 00:00:00+01:00,21.729999542236328,21.8799991607666,21.100000381469727,21.299999237060547,251707
2025-01-13 00:00:00+01:00,21.299999237060547,22.729999542236328,21.030000686645508,22.450000762939453,475402
2025-01-14 00:00:00+01:00,23.139999389648438,23.139999389648438,21.889999389648438,22.200000762939453,393072
2025-01-15 00:00:00+01:00,22.200000762939453,22.709999084472656,22.149999618530273,22.639999389648438,243915
2025-01-16 00:00:00+01:00,22.799999237060547,22.899999618530273,22.110000610351562,22.1200008392334,206698
2025-01-17 00:00:00+01:00,22.200000762939453,22.5,21.780000686645508,22.5,254171
2025-01-20 00:00:00+01:00,22.760000228881836,23.75,22.559999465942383,23.649999618530273,595278
2025-01-21 00:00:00+01:00,23.739999771118164,23.920000076293945,22.940000534057617,23.010000228881836,373707
2025-01-22 00:00:00+01:00,23.0,23.049999237060547,22.190000534057617,22.360000610351562,672707
2025-01-23 00:00:00+01:00,22.229999542236328,22.690000534057617,22.200000762939453,22.649999618530273,171825
2025-01-24 00:00:00+01:00,22.799999237060547,23.68000030517578,22.700000762939453,23.200000762939453,442013
2025-01-27 00:00:00+01:00,23.0,23.280000686645508,22.780000686645508,23.020000457763672,227749
2025-01-28 00:00:00+01:00,23.010000228881836,24.25,22.950000762939453,23.950000762939453,437052
2025-01-29 00:00:00+01:00,24.040000915527344,24.549999237060547,24.0,24.0,289793
2025-01-30 00:00:00+01:00,23.700000762939453,23.93000030517578,22.920000076293945,23.399999618530273,571314
2025-01-31 00:00:00+01:00,23.389999389648438,23.5,22.90999984741211,23.200000762939453,371813
2025-02-03 00:00:00+01:00,22.889999389648438,23.18000030517578,22.709999084472656,22.940000534057617,155486
2025-02-04 00:00:00+01:00,22.940000534057617,23.25,22.850000381469727,23.25,124517
2025-02-05 00:00:00+01:00,23.25,23.6299991607666,22.81999969482422,22.899999618530273,181954
2025-02-06 00:00:00+01:00,22.899999618530273,23.260000228881836,22.860000610351562,23.030000686645508,245453
2025-02-07 00:00:00+01:00,22.899999618530273,24.200000762939453,22.75,24.0,491616
2025-02-10 00:00:00+01:00,24.0,24.959999084472656,23.68000030517578,24.68000030517578,393643
2025-02-11 00:00:00+01:00,24.979999542236328,24.979999542236328,24.239999771118164,24.5,237789
2025-02-12 00:00:00+01:00,24.610000610351562,24.860000610351562,24.0,24.15999984741211,332284
2025-02-13 00:00:00+01:00,24.18000030517578,24.56999969482422,24.100000381469727,24.200000762939453,255204
2025-02-14 00:00:00+01:00,24.200000762939453,24.719999313354492,24.110000610351562,24.299999237060547,282103
2025-02-17 00:00:00+01:00,24.139999389648438,26.18000030517578,24.06999969482422,26.100000381469727,1209142
2025-02-18 00:00:00+01:00,26.479999542236328,26.969999313354492,26.1200008392334,26.190000534057617,820445
2025-02-19 00:00:00+01:00,26.309999465942383,26.59000015258789,25.280000686645508,25.549999237060547,625204
2025-02-20 00:00:00+01:00,26.0,26.770000457763672,25.219999313354492,25.3799991607666,543638
2025-02-21 00:00:00+01:00,25.25,25.8799991607666,25.25,25.600000381469727,239241
2025-02-24 00:00:00+01:00,25.600000381469727,25.600000381469727,24.649999618530273,24.65999984741211,396167
2025-02-25 00:00:00+01:00,24.649999618530273,24.979999542236328,24.31999969482422,24.559999465942383,257508
2025-02-26 00:00:00+01:00,24.59000015258789,26.139999389648438,24.5,26.0,537570
2025-02-27 00:00:00+01:00,26.219999313354492,26.25,25.170000076293945,25.299999237060547,403279
2025-02-28 00:00:00+01:00,25.020000457763672,25.530000686645508,24.649999618530273,25.049999237060547,278299
2025-03-03 00:00:00+01:00,25.049999237060547,25.780000686645508,24.6200008392334,25.700000762939453,274920
2025-03-04 00:00:00+01:00,25.5,25.540000915527344,25.0,25.280000686645508,347765
2025-03-05 00:00:00+01:00,25.399999618530273,26.6299991607666,24.959999084472656,25.110000610351562,951353
2025-03-06 00:00:00+01:00,25.110000610351562,25.149999618530273,22.81999969482422,23.649999618530273,1867365
2025-03-07 00:00:00+01:00,23.600000381469727,23.850000381469727,22.950000762939453,23.280000686645508,433329
2025-03-10 00:00:00+01:00,23.280000686645508,23.549999237060547,23.0,23.3799991607666,212338
2025-03-11 00:00:00+01:00,23.5,23.950000762939453,23.350000381469727,23.8700008392334,335925
2025-03-12 00:00:00+01:00,24.0,25.6299991607666,24.0,25.6299991607666,1020636
2025-03-13 00:00:00+01:00,25.6299991607666,27.690000534057617,25.399999618530273,27.549999237060547,2015728
2025-03-14 00:00:00+01:00,27.420000076293945,28.239999771118164,27.229999542236328,27.479999542236328,817243
2025-03-17 00:00:00+01:00,27.5,28.81999969482422,26.299999237060547,28.139999389648438,1630291
2025-03-18 00:00:00+01:00,28.190000534057617,28.43000030517578,27.59000015258789,27.700000762939453,766184
2025-03-19 00:00:00+01:00,27.700000762939453,27.899999618530273,26.75,27.219999313354492,457260
2025-03-20 00:00:00+01:00,27.09000015258789,27.200000762939453,26.110000610351562,26.1299991607666,657014
2025-03-21 00:00:00+01:00,26.020000457763672,26.81999969482422,25.309999465942383,26.81999969482422,1479489
2025-03-24 00:00:00+01:00,26.799999237060547,26.799999237060547,25.81999969482422,26.219999313354492,683209
2025-03-25 00:00:00+01:00,26.010000228881836,26.3700008392334,25.549999237060547,25.610000610351562,351841
2025-03-26 00:00:00+01:00,25.610000610351562,25.65999984741211,24.68000030517578,24.709999084472656,532934
2025-03-27 00:00:00+01:00,24.709999084472656,24.709999084472656,23.93000030517578,24.0,606426
2025-03-28 00:00:00+01:00,23.959999084472656,24.290000915527344,23.399999618530273,23.770000457763672,456555
2025-03-31 00:00:00+02:00,23.530000686645508,23.739999771118164,22.520000457763672,22.739999771118164,543082
2025-04-01 00:00:00+02:00,22.850000381469727,23.350000381469727,22.649999618530273,22.770000457763672,528746
2025-04-02 00:00:00+02:00,22.799999237060547,23.899999618530273,22.549999237060547,23.899999618530273,401516
2025-04-03 00:00:00+02:00,23.0,23.600000381469727,22.299999237060547,22.40999984741211,648425
2025-04-04 00:00:00+02:00,22.399999618530273,22.739999771118164,20.959999084472656,21.200000762939453,710897
2025-04-07 00:00:00+02:00,19.799999237060547,22.18000030517578,19.649999618530273,22.0,872527
2025-04-08 00:00:00+02:00,22.5,22.8700008392334,22.010000228881836,22.799999237060547,346484
2025-04-09 00:00:00+02:00,22.600000381469727,23.299999237060547,22.0,22.75,402902
2025-04-10 00:00:00+02:00,23.899999618530273,24.049999237060547,22.93000030517578,23.350000381469727,326716
2025-04-11 00:00:00+02:00,23.350000381469727,23.450000762939453,22.520000457763672,23.190000534057617,224582
2025-04-14 00:00:00+02:00,23.399999618530273,23.670000076293945,23.190000534057617,23.559999465942383,229706
2025-04-15 00:00:00+02:00,23.520000457763672,23.700000762939453,22.850000381469727,22.989999771118164,245445
2025-04-16 00:00:00+02:00,22.989999771118164,23.299999237060547,22.510000228881836,23.299999237060547,141005
2025-04-17 00:00:00+02:00,23.290000915527344,23.290000915527344,22.93000030517578,23.280000686645508,107330
2025-04-22 00:00:00+02:00,23.280000686645508,23.969999313354492,23.280000686645508,23.719999313354492,265427
2025-04-23 00:00:00+02:00,23.920000076293945,24.18000030517578,23.780000686645508,24.049999237060547,462594
2025-04-24 00:00:00+02:00,24.149999618530273,24.399999618530273,23.739999771118164,24.3799991607666,237896
2025-04-25 00:00:00+02:00,24.3799991607666,24.440000534057617,24.1200008392334,24.350000381469727,303232
2025-04-28 00:00:00+02:00,24.350000381469727,24.65999984741211,23.90999984741211,24.350000381469727,349854
2025-04-29 00:00:00+02:00,24.399999618530273,24.479999542236328,24.239999771118164,24.3799991607666,163646
2025-04-30 00:00:00+02:00,24.3799991607666,24.3799991607666,23.899999618530273,24.100000381469727,191569
2025-05-02 00:00:00+02:00,24.100000381469727,24.59000015258789,24.06999969482422,24.59000015258789,275474
2025-05-05 00:00:00+02:00,24.6200008392334,24.739999771118164,24.299999237060547,24.700000762939453,172518
2025-05-06 00:00:00+02:00,24.739999771118164,24.739999771118164,24.079999923706055,24.209999084472656,134484
2025-05-07 00:00:00+02:00,24.18000030517578,24.780000686645508,24.170000076293945,24.5,327310
2025-05-08 00:00:00+02:00,24.5,24.5,23.799999237060547,23.850000381469727,249611
2025-05-09 00:00:00+02:00,24.0,24.18000030517578,23.760000228881836,23.760000228881836,239382
2025-05-12 00:00:00+02:00,23.979999542236328,24.329999923706055,23.84000015258789,23.850000381469727,302445
2025-05-13 00:00:00+02:00,24.079999923706055,24.440000534057617,23.969999313354492,24.200000762939453,529491
2025-05-14 00:00:00+02:00,24.200000762939453,24.290000915527344,23.170000076293945,23.18000030517578,593772
2025-05-15 00:00:00+02:00,23.18000030517578,23.280000686645508,22.739999771118164,22.850000381469727,282263
2025-05-16 00:00:00+02:00,23.079999923706055,23.299999237060547,22.920000076293945,22.940000534057617,225704
2025-05-19 00:00:00+02:00,22.979999542236328,23.190000534057617,22.780000686645508,23.190000534057617,170114
2025-05-20 00:00:00+02:00,23.200000762939453,23.200000762939453,22.84000015258789,23.15999984741211,96428
2025-05-21 00:00:00+02:00,23.0,23.200000762939453,22.850000381469727,23.149999618530273,81989
2025-05-22 00:00:00+02:00,23.0,23.110000610351562,22.799999237060547,22.799999237060547,132283
2025-05-23 00:00:00+02:00,22.760000228881836,23.280000686645508,22.719999313354492,22.979999542236328,206677
2025-05-26 00:00:00+02:00,23.040000915527344,23.079999923706055,22.860000610351562,23.049999237060547,74948
2025-05-27 00:00:00+02:00,22.950000762939453,23.09000015258789,22.799999237060547,22.8799991607666,95516
2025-05-28 00:00:00+02:00,22.889999389648438,23.239999771118164,22.889999389648438,23.18000030517578,259519
2025-05-29 00:00:00+02:00,23.190000534057617,23.190000534057617,22.780000686645508,22.780000686645508,164386
2025-05-30 00:00:00+02:00,22.979999542236328,22.989999771118164,22.610000610351562,22.65999984741211,121072
2025-06-02 00:00:00+02:00,22.520000457763672,22.959999084472656,22.510000228881836,22.81999969482422,138992
2025-06-03 00:00:00+02:00,22.81999969482422,22.8700008392334,22.420000076293945,22.420000076293945,175652
2025-06-04 00:00:00+02:00,22.610000610351562,23.360000610351562,22.489999771118164,23.299999237060547,434530
2025-06-05 00:00:00+02:00,23.5,23.65999984741211,22.5,22.549999237060547,263079
2025-06-06 00:00:00+02:00,22.899999618530273,22.899999618530273,22.309999465942383,22.329999923706055,206421
2025-06-09 00:00:00+02:00,22.329999923706055,22.5,22.079999923706055,22.329999923706055,112346
2025-06-10 00:00:00+02:00,22.459999084472656,22.81999969482422,22.3799991607666,22.700000762939453,137962
2025-06-11 00:00:00+02:00,22.729999542236328,22.809999465942383,22.420000076293945,22.5,110646
2025-06-12 00:00:00+02:00,22.719999313354492,22.719999313354492,22.059999465942383,22.100000381469727,190559
2025-06-13 00:00:00+02:00,22.059999465942383,22.09000015258789,21.59000015258789,21.59000015258789,295281
2025-06-16 00:00:00+02:00,21.719999313354492,21.959999084472656,21.3799991607666,21.440000534057617,157683
2025-06-17 00:00:00+02:00,21.440000534057617,21.489999771118164,21.110000610351562,21.170000076293945,193107
2025-06-18 00:00:00+02:00,21.06999969482422,21.239999771118164,20.270000457763672,20.799999237060547,396548
2025-06-20 00:00:00+02:00,21.0,21.450000762939453,20.65999984741211,21.18000030517578,565732
2025-06-23 00:00:00+02:00,21.100000381469727,21.350000381469727,20.729999542236328,20.729999542236328,361277
2025-06-24 00:00:00+02:00,21.0,21.229999542236328,20.81999969482422,21.139999389648438,222469
2025-06-25 00:00:00+02:00,21.15999984741211,21.309999465942383,21.0,21.170000076293945,160012
2025-06-26 00:00:00+02:00,21.18000030517578,21.389999389648438,20.860000610351562,21.239999771118164,320392
2025-06-27 00:00:00+02:00,21.5,21.860000610351562,21.1200008392334,21.770000457763672,366366
2025-06-30 00:00:00+02:00,21.799999237060547,22.200000762939453,21.450000762939453,21.450000762939453,327254
2025-07-01 00:00:00+02:00,21.549999237060547,21.84000015258789,21.209999084472656,21.469999313354492,280127
2025-07-02 00:00:00+02:00,21.469999313354492,21.959999084472656,21.469999313354492,21.959999084472656,187480
2025-07-03 00:00:00+02:00,22.0,24.600000381469727,22.0,24.040000915527344,1730388
2025-07-04 00:00:00+02:00,24.030000686645508,24.040000915527344,23.450000762939453,23.520000457763672,256685
2025-07-07 00:00:00+02:00,23.600000381469727,23.639999389648438,22.81999969482422,22.850000381469727,245366
2025-07-08 00:00:00+02:00,22.850000381469727,23.110000610351562,22.549999237060547,22.780000686645508,168454
2025-07-09 00:00:00+02:00,23.040000915527344,23.190000534057617,22.549999237060547,22.549999237060547,175620
2025-07-10 00:00:00+02:00,22.889999389648438,23.420000076293945,22.549999237060547,23.0,267076
2025-07-11 00:00:00+02:00,23.280000686645508,23.3700008392334,22.809999465942383,22.950000762939453,148634
2025-07-14 00:00:00+02:00,22.760000228881836,23.200000762939453,22.709999084472656,22.940000534057617,96352
2025-07-15 00:00:00+02:00,23.100000381469727,23.440000534057617,22.68000030517578,22.68000030517578,183065
2025-07-16 00:00:00+02:00,22.799999237060547,22.809999465942383,22.139999389648438,22.200000762939453,249359
2025-07-17 00:00:00+02:00,22.049999237060547,22.3700008392334,21.780000686645508,22.149999618530273,192506
2025-07-18 00:00:00+02:00,22.299999237060547,23.290000915527344,22.299999237060547,22.989999771118164,382475
2025-07-21 00:00:00+02:00,23.239999771118164,25.079999923706055,23.239999771118164,24.700000762939453,990695
2025-07-22 00:00:00+02:00,24.989999771118164,26.200000762939453,24.700000762939453,26.200000762939453,1175149
2025-07-23 00:00:00+02:00,26.84000015258789,28.0,26.309999465942383,27.59000015258789,2032042
2025-07-24 00:00:00+02:00,27.59000015258789,27.739999771118164,25.770000457763672,27.1299991607666,1462912
2025-07-25 00:00:00+02:00,26.899999618530273,27.350000381469727,26.600000381469727,26.799999237060547,413317
2025-07-28 00:00:00+02:00,27.0,27.280000686645508,25.399999618530273,25.399999618530273,570659
2025-07-29 00:00:00+02:00,25.34000015258789,25.440000534057617,24.709999084472656,24.739999771118164,550523
2025-07-30 00:00:00+02:00,25.0,25.299999237060547,24.510000228881836,24.700000762939453,424642
2025-07-31 00:00:00+02:00,24.700000762939453,24.700000762939453,23.43000030517578,23.530000686645508,721526
2025-08-01 00:00:00+02:00,23.25,23.479999542236328,22.739999771118164,22.84000015258789,406231
2025-08-04 00:00:00+02:00,23.0,23.06999969482422,22.450000762939453,22.75,410679
2025-08-05 00:00:00+02:00,22.979999542236328,23.229999542236328,22.510000228881836,22.600000381469727,286197
2025-08-06 00:00:00+02:00,22.719999313354492,23.219999313354492,22.600000381469727,23.200000762939453,395660
2025-08-07 00:00:00+02:00,23.31999969482422,23.989999771118164,23.18000030517578,23.5,368327
2025-08-08 00:00:00+02:00,23.84000015258789,24.399999618530273,23.559999465942383,23.940000534057617,316465
2025-08-11 00:00:00+02:00,24.0,24.290000915527344,23.6299991607666,24.1200008392334,281985
2025-08-12 00:00:00+02:00,24.0,24.530000686645508,23.90999984741211,24.399999618530273,174752
2025-08-13 00:00:00+02:00,24.5,24.790000915527344,23.860000610351562,24.06999969482422,238004
2025-08-14 00:00:00+02:00,23.940000534057617,24.0,22.84000015258789,22.950000762939453,569099
2025-08-18 00:00:00+02:00,22.959999084472656,23.200000762939453,22.799999237060547,23.1299991607666,240418
2025-08-19 00:00:00+02:00,23.329999923706055,23.780000686645508,23.209999084472656,23.399999618530273,257967
2025-08-20 00:00:00+02:00,23.399999618530273,23.399999618530273,22.829999923706055,22.959999084472656,347978
2025-08-21 00:00:00+02:00,23.0,23.219999313354492,22.860000610351562,23.010000228881836,119833
2025-08-22 00:00:00+02:00,22.920000076293945,23.200000762939453,22.81999969482422,23.170000076293945,234787
2025-08-25 00:00:00+02:00,23.100000381469727,23.450000762939453,23.040000915527344,23.43000030517578,140245
2025-08-26 00:00:00+02:00,23.309999465942383,23.43000030517578,23.010000228881836,23.219999313354492,94205
2025-08-27 00:00:00+02:00,23.219999313354492,23.360000610351562,22.68000030517578,22.8700008392334,213200
2025-08-28 00:00:00+02:00,22.799999237060547,23.170000076293945,22.719999313354492,22.719999313354492,121719
2025-08-29 00:00:00+02:00,22.719999313354492,22.899999618530273,22.329999923706055,22.639999389648438,235809
2025-09-01 00:00:00+02:00,22.639999389648438,22.969999313354492,22.479999542236328,22.540000915527344,131910
2025-09-02 00:00:00+02:00,22.75,22.75,22.149999618530273,22.43000030517578,147192
2025-09-03 00:00:00+02:00,22.549999237060547,22.84000015258789,22.15999984741211,22.700000762939453,294905
2025-09-04 00:00:00+02:00,22.700000762939453,22.889999389648438,22.520000457763672,22.65999984741211,92409
2025-09-05 00:00:00+02:00,22.75,23.09000015258789,22.540000915527344,22.780000686645508,199177
2025-09-08 00:00:00+02:00,23.0,23.170000076293945,22.760000228881836,23.1200008392334,151047
2025-09-09 00:00:00+02:00,23.09000015258789,23.149999618530273,22.649999618530273,22.889999389648438,192511
2025-09-10 00:00:00+02:00,22.739999771118164,22.809999465942383,22.15999984741211,22.440000534057617,281275
2025-09-11 00:00:00+02:00,22.459999084472656,22.700000762939453,22.270000457763672,22.700000762939453,143194
2025-09-12 00:00:00+02:00,22.780000686645508,22.850000381469727,22.3799991607666,22.5,317481
2025-09-15 00:00:00+02:00,22.670000076293945,23.149999618530273,22.530000686645508,23.1299991607666,288315
2025-09-16 00:00:00+02:00,23.34000015258789,24.260000228881836,23.010000228881836,23.959999084472656,731867
2025-09-17 00:00:00+02:00,23.959999084472656,24.100000381469727,23.690000534057617,23.979999542236328,231722
2025-09-18 00:00:00+02:00,23.979999542236328,24.920000076293945,23.780000686645508,24.149999618530273,617110
2025-09-19 00:00:00+02:00,24.25,24.479999542236328,23.809999465942383,23.940000534057617,426329
2025-09-22 00:00:00+02:00,24.0,25.739999771118164,24.0,25.729999542236328,995708
2025-09-23 00:00:00+02:00,25.940000534057617,25.940000534057617,24.75,25.0,595862
2025-09-24 00:00:00+02:00,25.299999237060547,26.1200008392334,25.1200008392334,26.100000381469727,709871
2025-09-25 00:00:00+02:00,26.1200008392334,26.200000762939453,25.450000762939453,25.68000030517578,279590
2025-09-26 00:00:00+02:00,25.68000030517578,26.0,25.110000610351562,25.969999313354492,344056
2025-09-29 00:00:00+02:00,26.0,26.149999618530273,25.280000686645508,25.280000686645508,388783
2025-09-30 00:00:00+02:00,23.010000228881836,23.799999237060547,22.739999771118164,22.739999771118164,1874888
2025-10-01 00:00:00+02:00,22.68000030517578,23.040000915527344,22.43000030517578,23.0,528713
2025-10-02 00:00:00+02:00,23.270000457763672,23.600000381469727,22.760000228881836,22.790000915527344,585038
2025-10-03 00:00:00+02:00,22.989999771118164,23.25,22.780000686645508,22.899999618530273,340384
2025-10-06 00:00:00+02:00,23.299999237060547,24.059999465942383,23.299999237060547,23.520000457763672,535823
2025-10-07 00:00:00+02:00,23.75,24.3700008392334,23.440000534057617,24.329999923706055,436778
2025-10-08 00:00:00+02:00,24.5,25.1200008392334,24.399999618530273,25.100000381469727,546306
2025-10-09 00:00:00+02:00,25.200000762939453,27.809999465942383,25.200000762939453,27.0,2908729
2025-10-10 00:00:00+02:00,26.719999313354492,27.100000381469727,26.309999465942383,26.959999084472656,688448
2025-10-13 00:00:00+02:00,27.0,27.56999969482422,25.469999313354492,26.5,1104264
2025-10-14 00:00:00+02:00,26.25,26.25,24.100000381469727,24.170000076293945,1397201
2025-10-15 00:00:00+02:00,24.229999542236328,24.649999618530273,23.65999984741211,23.780000686645508,554481
2025-10-16 00:00:00+02:00,24.100000381469727,24.299999237060547,23.399999618530273,23.40999984741211,755343
2025-10-17 00:00:00+02:00,23.489999771118164,24.700000762939453,23.299999237060547,24.239999771118164,586371
2025-10-20 00:00:00+02:00,24.920000076293945,26.329999923706055,24.639999389648438,26.329999923706055,1147109
2025-10-21 00:00:00+02:00,26.329999923706055,28.959999084472656,26.329999923706055,27.489999771118164,3064334
2025-10-22 00:00:00+02:00,26.700000762939453,26.959999084472656,24.950000762939453,26.360000610351562,1523573
2025-10-23 00:00:00+02:00,26.309999465942383,26.530000686645508,25.81999969482422,26.030000686645508,308495
2025-10-24 00:00:00+02:00,26.290000915527344,26.790000915527344,25.5,25.59000015258789,432028
2025-10-27 00:00:00+01:00,25.799999237060547,25.950000762939453,25.100000381469727,25.139999389648438,277189
2025-10-28 00:00:00+01:00,25.309999465942383,25.709999084472656,24.920000076293945,25.700000762939453,343107
2025-10-29 00:00:00+01:00,25.709999084472656,26.399999618530273,25.5,25.5,322814
2025-10-30 00:00:00+01:00,25.520000457763672,26.100000381469727,25.299999237060547,25.780000686645508,296058
2025-10-31 00:00:00+01:00,25.799999237060547,26.25,25.700000762939453,25.889999389648438,330579
2025-11-03 00:00:00+01:00,26.149999618530273,26.15999984741211,25.399999618530273,25.399999618530273,262821
2025-11-04 00:00:00+01:00,25.329999923706055,25.399999618530273,24.81999969482422,25.079999923706055,328826
2025-11-05 00:00:00+01:00,25.049999237060547,25.079999923706055,24.530000686645508,24.780000686645508,274781
2025-11-06 00:00:00+01:00,24.780000686645508,25.549999237060547,24.780000686645508,25.399999618530273,179533
2025-11-07 00:00:00+01:00,25.739999771118164,25.799999237060547,24.649999618530273,24.850000381469727,314143
2025-11-10 00:00:00+01:00,25.0,25.5,24.940000534057617,25.0,117943
2025-11-12 00:00:00+01:00,25.350000381469727,25.40999984741211,24.8700008392334,24.969999313354492,204566
2025-11-13 00:00:00+01:00,25.0,25.43000030517578,24.639999389648438,24.639999389648438,278145
2025-11-14 00:00:00+01:00,24.5,24.719999313354492,24.020000457763672,24.399999618530273,312710
2025-11-17 00:00:00+01:00,24.5,24.5,23.84000015258789,23.940000534057617,223843
2025-11-18 00:00:00+01:00,23.950000762939453,23.950000762939453,23.450000762939453,23.549999237060547,289699
2025-11-19 00:00:00+01:00,23.600000381469727,24.270000457763672,23.559999465942383,24.0,192126
2025-11-20 00:00:00+01:00,24.209999084472656,24.25,23.920000076293945,24.0,132061
2025-11-21 00:00:00+01:00,23.790000915527344,24.049999237060547,23.5,23.709999084472656,225358
2025-11-24 00:00:00+01:00,23.899999618530273,24.049999237060547,23.5,23.739999771118164,254598
2025-11-25 00:00:00+01:00,23.790000915527344,23.93000030517578,23.59000015258789,23.799999237060547,177254
2025-11-26 00:00:00+01:00,24.799999237060547,24.989999771118164,23.90999984741211,24.200000762939453,312397
2025-11-27 00:00:00+01:00,24.139999389648438,24.239999771118164,23.780000686645508,23.780000686645508,129460
2025-11-28 00:00:00+01:00,23.649999618530273,23.90999984741211,23.510000228881836,23.84000015258789,192622
2025-12-01 00:00:00+01:00,23.510000228881836,23.90999984741211,23.510000228881836,23.770000457763672,205666
2025-12-02 00:00:00+01:00,23.6200008392334,23.700000762939453,23.020000457763672,23.280000686645508,403223
2025-12-03 00:00:00+01:00,23.3799991607666,23.579999923706055,23.079999923706055,23.43000030517578,265382
2025-12-04 00:00:00+01:00,23.5,23.59000015258789,22.600000381469727,22.649999618530273,320506
2025-12-05 00:00:00+01:00,22.75,22.959999084472656,22.549999237060547,22.700000762939453,348668
2025-12-08 00:00:00+01:00,22.700000762939453,22.8700008392334,22.020000457763672,22.149999618530273,338311
2025-12-09 00:00:00+01:00,22.0,22.049999237060547,20.600000381469727,21.780000686645508,1179656
2025-12-10 00:00:00+01:00,22.06999969482422,23.0,21.850000381469727,22.559999465942383,684691
2025-12-11 00:00:00+01:00,22.479999542236328,22.5,22.0,22.350000381469727,345787
2025-12-12 00:00:00+01:00,22.170000076293945,22.299999237060547,21.700000762939453,21.90999984741211,406506
2025-12-15 00:00:00+01:00,21.90999984741211,22.299999237060547,21.56999969482422,22.020000457763672,352726
2025-12-16 00:00:00+01:00,22.020000457763672,22.030000686645508,21.6299991607666,21.90999984741211,271637
2025-12-17 00:00:00+01:00,21.989999771118164,22.010000228881836,21.299999237060547,21.420000076293945,342257
2025-12-18 00:00:00+01:00,21.40999984741211,21.420000076293945,21.0,21.389999389648438,455357
2025-12-19 00:00:00+01:00,21.389999389648438,21.770000457763672,21.190000534057617,21.479999542236328,1123387
2025-12-22 00:00:00+01:00,21.5,22.8700008392334,21.489999771118164,21.84000015258789,827335
2025-12-23 00:00:00+01:00,21.700000762939453,22.420000076293945,21.40999984741211,22.239999771118164,1550969
2025-12-29 00:00:00+01:00,22.5,22.780000686645508,22.25,22.729999542236328,358128
2025-12-30 00:00:00+01:00,22.6299991607666,23.799999237060547,22.5,23.399999618530273,555948
2026-01-02 00:00:00+01:00,22.780000686645508,23.719999313354492,22.670000076293945,23.450000762939453,455037
2026-01-05 00:00:00+01:00,23.68000030517578,23.950000762939453,23.299999237060547,23.950000762939453,334700
2026-01-07 00:00:00+01:00,24.239999771118164,25.56999969482422,24.239999771118164,25.350000381469727,1033774
2026-01-08 00:00:00+01:00,25.75,25.770000457763672,24.700000762939453,25.100000381469727,538848
2026-01-09 00:00:00+01:00,25.1200008392334,25.459999084472656,24.65999984741211,25.25,503613
2026-01-12 00:00:00+01:00,25.40999984741211,25.889999389648438,25.200000762939453,25.5,497294
2026-01-13 00:00:00+01:00,25.5,26.8799991607666,25.420000076293945,26.5,884773
2026-01-14 00:00:00+01:00,26.0,27.25,25.639999389648438,27.25,946319
2026-01-15 00:00:00+01:00,27.25,28.709999084472656,26.790000915527344,28.6299991607666,1402925
2026-01-16 00:00:00+01:00,28.59000015258789,29.149999618530273,27.43000030517578,27.790000915527344,1154833
2026-01-19 00:00:00+01:00,27.5,28.239999771118164,25.799999237060547,26.65999984741211,1002257
2026-01-20 00:00:00+01:00,27.020000457763672,27.200000762939453,25.850000381469727,26.280000686645508,406098
2026-01-21 00:00:00+01:00,26.0,26.270000457763672,25.200000762939453,25.31999969482422,452258
2026-01-22 00:00:00+01:00,25.329999923706055,26.0,25.260000228881836,25.790000915527344,404382
2026-01-23 00:00:00+01:00,25.790000915527344,27.200000762939453,25.6299991607666,26.75,603111
2026-01-26 00:00:00+01:00,27.0,28.100000381469727,27.0,27.450000762939453,539223
2026-01-27 00:00:00+01:00,27.600000381469727,28.979999542236328,26.719999313354492,26.989999771118164,971387
2026-01-28 00:00:00+01:00,25.899999618530273,27.65999984741211,25.399999618530273,27.399999618530273,934179
2026-01-29 00:00:00+01:00,27.399999618530273,27.93000030517578,26.559999465942383,26.649999618530273,385533
2026-01-30 00:00:00+01:00,26.709999084472656,30.25,26.200000762939453,29.549999237060547,2087678
2026-02-02 00:00:00+01:00,29.90999984741211,32.619998931884766,29.299999237060547,32.5,2377802
2026-02-03 00:00:00+01:00,32.70000076293945,32.79999923706055,27.049999237060547,27.049999237060547,2411731
2026-02-04 00:00:00+01:00,27.799999237060547,28.459999084472656,25.549999237060547,26.43000030517578,1910983
2026-02-05 00:00:00+01:00,26.799999237060547,26.799999237060547,24.610000610351562,24.700000762939453,1218996
2026-02-06 00:00:00+01:00,24.979999542236328,27.399999618530273,23.950000762939453,25.6200008392334,1729028
2026-02-09 00:00:00+01:00,25.799999237060547,26.34000015258789,24.799999237060547,24.920000076293945,624137
2026-02-10 00:00:00+01:00,24.93000030517578,25.43000030517578,24.799999237060547,24.799999237060547,427556
2026-02-11 00:00:00+01:00,24.989999771118164,25.760000228881836,24.899999618530273,25.350000381469727,680939
2026-02-12 00:00:00+01:00,25.5,27.760000228881836,25.5,26.780000686645508,1479079
2026-02-13 00:00:00+01:00,27.440000534057617,27.579999923706055,26.059999465942383,27.18000030517578,1158609
2026-02-16 00:00:00+01:00,27.5,27.889999389648438,26.829999923706055,26.90999984741211,522958
2026-02-17 00:00:00+01:00,26.850000381469727,26.850000381469727,25.6200008392334,25.75,385337
2026-02-18 00:00:00+01:00,25.75,26.530000686645508,25.75,26.280000686645508,293212
2026-02-19 00:00:00+01:00,26.299999237060547,26.5,25.549999237060547,25.59000015258789,274558
2026-02-20 00:00:00+01:00,25.639999389648438,25.920000076293945,24.899999618530273,25.25,392704
2026-02-23 00:00:00+01:00,25.5,26.799999237060547,25.219999313354492,26.229999542236328,454516
2026-02-24 00:00:00+01:00,26.399999618530273,26.43000030517578,25.899999618530273,26.31999969482422,176823
2026-02-25 00:00:00+01:00,26.75,27.09000015258789,26.299999237060547,26.75,296245
2026-02-26 00:00:00+01:00,26.75,26.989999771118164,26.389999389648438,26.530000686645508,193841
2026-02-27 00:00:00+01:00,26.56999969482422,27.5,26.56999969482422,27.139999389648438,391010
2026-03-02 00:00:00+01:00,27.100000381469727,27.940000534057617,26.100000381469727,26.899999618530273,543241
2026-03-03 00:00:00+01:00,27.100000381469727,29.200000762939453,25.670000076293945,28.530000686645508,1864817
2026-03-04 00:00:00+01:00,28.8799991607666,30.030000686645508,28.549999237060547,28.860000610351562,1006620
2026-03-05 00:00:00+01:00,29.06999969482422,30.969999313354492,28.540000915527344,29.899999618530273,1571026
2026-03-06 00:00:00+01:00,30.149999618530273,30.649999618530273,29.200000762939453,30.31999969482422,754001
2026-03-09 00:00:00+01:00,31.100000381469727,32.04999923706055,30.40999984741211,31.479999542236328,1588596
2026-03-10 00:00:00+01:00,31.0,32.220001220703125,29.889999389648438,31.739999771118164,971593
2026-03-11 00:00:00+01:00,31.8700008392334,32.400001525878906,31.09000015258789,31.799999237060547,768029
2026-03-12 00:00:00+01:00,31.799999237060547,32.209999084472656,30.75,30.969999313354492,739117
2026-03-13 00:00:00+01:00,30.899999618530273,32.689998626708984,29.549999237060547,31.520000457763672,1561823
2026-03-16 00:00:00+01:00,31.899999618530273,32.560001373291016,31.420000076293945,31.68000030517578,788755
2026-03-17 00:00:00+01:00,31.399999618530273,33.06999969482422,31.25,33.0,895928
2026-03-18 00:00:00+01:00,33.09000015258789,33.34000015258789,32.380001068115234,32.720001220703125,404419
2026-03-19 00:00:00+01:00,32.9900016784668,35.689998626708984,32.86000061035156,35.29999923706055,1948932
2026-03-20 00:00:00+01:00,35.29999923706055,35.97999954223633,33.77000045776367,34.150001525878906,1230545
2026-03-23 00:00:00+01:00,36.0,36.099998474121094,31.5,31.729999542236328,1871110
2026-03-24 00:00:00+01:00,31.75,32.779998779296875,30.5,31.799999237060547,733702
2026-03-25 00:00:00+01:00,32.0,32.75,31.290000915527344,31.8700008392334,413790
2026-03-26 00:00:00+01:00,31.8700008392334,32.20000076293945,30.639999389648438,31.1200008392334,336851
2026-03-27 00:00:00+01:00,31.979999542236328,32.599998474121094,31.139999389648438,32.0,705545
2026-03-30 00:00:00+02:00,32.70000076293945,34.400001525878906,32.25,34.349998474121094,1022907
2026-03-31 00:00:00+02:00,34.349998474121094,34.880001068115234,33.130001068115234,34.459999084472656,615994
2026-04-01 00:00:00+02:00,33.7400016784668,33.79999923706055,31.59000015258789,32.0,1297181
2026-04-02 00:00:00+02:00,32.900001525878906,33.02000045776367,32.08000183105469,32.599998474121094,556125
2026-04-07 00:00:00+02:00,32.959999084472656,35.29999923706055,32.599998474121094,34.75,1527881
2026-04-08 00:00:00+02:00,32.20000076293945,32.5,30.149999618530273,30.899999618530273,2086363
2026-04-09 00:00:00+02:00,31.100000381469727,31.649999618530273,30.81999969482422,31.100000381469727,614582
2026-04-10 00:00:00+02:00,31.049999237060547,31.049999237060547,28.200000762939453,28.549999237060547,1426240
2026-04-13 00:00:00+02:00,29.700000762939453,29.989999771118164,28.600000381469727,28.600000381469727,674868
2026-04-14 00:00:00+02:00,28.600000381469727,28.6200008392334,27.15999984741211,27.40999984741211,759318
2026-04-15 00:00:00+02:00,27.5,27.549999237060547,26.700000762939453,26.75,687788
2026-04-16 00:00:00+02:00,26.979999542236328,27.649999618530273,26.520000457763672,27.270000457763672,881376
2026-04-17 00:00:00+02:00,27.5,28.5,27.100000381469727,27.420000076293945,972644
2026-04-20 00:00:00+02:00,28.190000534057617,28.540000915527344,27.540000915527344,27.760000228881836,585893
2026-04-21 00:00:00+02:00,27.700000762939453,28.0,27.40999984741211,27.600000381469727,503100
2026-04-22 00:00:00+02:00,27.75,28.450000762939453,27.549999237060547,27.899999618530273,275395
2026-04-23 00:00:00+02:00,28.399999618530273,29.100000381469727,28.049999237060547,28.200000762939453,351482
2026-04-24 00:00:00+02:00,28.450000762939453,28.450000762939453,27.510000228881836,27.6200008392334,356472
2026-04-27 00:00:00+02:00,28.200000762939453,28.200000762939453,26.899999618530273,26.899999618530273,357356
2026-04-28 00:00:00+02:00,26.899999618530273,29.3700008392334,26.770000457763672,29.059999465942383,724004
2026-04-29 00:00:00+02:00,29.260000228881836,29.399999618530273,28.079999923706055,28.100000381469727,345945
2026-04-30 00:00:00+02:00,28.780000686645508,28.93000030517578,28.049999237060547,28.299999237060547,286967
2026-05-04 00:00:00+02:00,28.399999618530273,29.5,28.399999618530273,29.0,395149
2026-05-05 00:00:00+02:00,29.0,30.780000686645508,28.700000762939453,30.540000915527344,750872
2026-05-06 00:00:00+02:00,30.579999923706055,30.59000015258789,28.850000381469727,29.56999969482422,762095
2026-05-07 00:00:00+02:00,29.600000381469727,29.600000381469727,28.68000030517578,28.709999084472656,500180
2026-05-08 00:00:00+02:00,29.200000762939453,29.200000762939453,28.299999237060547,28.389999389648438,328954
2026-05-11 00:00:00+02:00,28.5,29.030000686645508,28.3799991607666,28.5,229464
2026-05-12 00:00:00+02:00,28.899999618530273,29.09000015258789,28.079999923706055,28.079999923706055,304890
2026-05-13 00:00:00+02:00,28.0,28.239999771118164,27.299999237060547,28.0,528766
2026-05-14 00:00:00+02:00,28.65999984741211,28.670000076293945,27.360000610351562,27.979999542236328,461886
2026-05-15 00:00:00+02:00,27.979999542236328,27.989999771118164,26.1299991607666,26.450000762939453,808739
2026-05-18 00:00:00+02:00,26.450000762939453,26.979999542236328,26.25,26.399999618530273,427402
2026-05-19 00:00:00+02:00,26.979999542236328,27.219999313354492,26.0,26.110000610351562,433047
2026-05-20 00:00:00+02:00,26.1299991607666,26.34000015258789,25.690000534057617,25.760000228881836,339650
2026-05-21 00:00:00+02:00,25.799999237060547,26.450000762939453,25.760000228881836,26.450000762939453,393030
2026-05-22 00:00:00+02:00,26.450000762939453,26.450000762939453,25.8700008392334,26.31999969482422,513153
2026-05-25 00:00:00+02:00,26.549999237060547,28.450000762939453,26.329999923706055,28.299999237060547,888928
2026-05-26 00:00:00+02:00,28.450000762939453,30.329999923706055,28.0,28.579999923706055,1422564
2026-05-27 00:00:00+02:00,28.649999618530273,28.649999618530273,27.1200008392334,27.1200008392334,683683
2026-05-28 00:00:00+02:00,27.1200008392334,27.34000015258789,26.799999237060547,27.059999465942383,316512
2026-05-29 00:00:00+02:00,27.229999542236328,28.600000381469727,27.229999542236328,28.020000457763672,752526
2026-06-01 00:00:00+02:00,27.799999237060547,28.260000228881836,27.43000030517578,27.719999313354492,486877
2026-06-02 00:00:00+02:00,27.799999237060547,29.989999771118164,27.469999313354492,29.299999237060547,1238054
2026-06-03 00:00:00+02:00,29.579999923706055,29.850000381469727,28.780000686645508,29.290000915527344,379224
2026-06-05 00:00:00+02:00,29.5,29.780000686645508,28.829999923706055,29.5,437180
2026-06-08 00:00:00+02:00,29.5,29.5,27.850000381469727,29.0,660638
2026-06-09 00:00:00+02:00,29.0,29.280000686645508,28.389999389648438,28.540000915527344,602236
2026-06-10 00:00:00+02:00,28.1200008392334,28.40999984741211,26.6299991607666,26.799999237060547,941720
2026-06-11 00:00:00+02:00,27.100000381469727,27.100000381469727,25.920000076293945,25.920000076293945,898268
2026-06-12 00:00:00+02:00,25.850000381469727,26.280000686645508,25.510000228881836,25.709999084472656,726919
2026-06-15 00:00:00+02:00,25.719999313354492,26.68000030517578,25.43000030517578,26.190000534057617,774885
2026-06-16 00:00:00+02:00,26.200000762939453,26.459999084472656,25.799999237060547,25.81999969482422,369950
2026-06-17 00:00:00+02:00,25.81999969482422,26.350000381469727,25.770000457763672,25.950000762939453,222200
2026-06-18 00:00:00+02:00,26.1200008392334,26.270000457763672,25.479999542236328,25.540000915527344,402262
2026-06-19 00:00:00+02:00,25.649999618530273,26.6200008392334,25.6200008392334,25.969999313354492,532522
2026-06-22 00:00:00+02:00,26.0,26.989999771118164,26.0,26.93000030517578,341396
2026-06-23 00:00:00+02:00,26.850000381469727,26.8700008392334,25.5,26.079999923706055,624882
2026-06-24 00:00:00+02:00,26.1299991607666,26.139999389648438,24.510000228881836,24.600000381469727,781443
2026-06-25 00:00:00+02:00,24.899999618530273,25.290000915527344,24.600000381469727,25.110000610351562,303730
2026-06-26 00:00:00+02:00,25.149999618530273,25.219999313354492,24.200000762939453,24.200000762939453,373315
2026-06-29 00:00:00+02:00,24.18000030517578,24.90999984741211,24.18000030517578,24.600000381469727,194991
2026-06-30 00:00:00+02:00,24.84000015258789,25.100000381469727,24.110000610351562,24.940000534057617,215716
2026-07-01 00:00:00+02:00,24.799999237060547,24.90999984741211,24.049999237060547,24.600000381469727,245355
2026-07-02 00:00:00+02:00,24.719999313354492,25.40999984741211,24.209999084472656,25.3799991607666,223129
2026-07-03 00:00:00+02:00,25.3799991607666,25.93000030517578,25.059999465942383,25.600000381469727,184206
2026-07-06 00:00:00+02:00,25.610000610351562,26.34000015258789,25.469999313354492,25.649999618530273,245403
2026-07-07 00:00:00+02:00,25.639999389648438,25.81999969482422,25.100000381469727,25.1200008392334,258281
2026-07-08 00:00:00+02:00,25.329999923706055,25.40999984741211,24.8799991607666,25.1299991607666,241905
2026-07-09 00:00:00+02:00,25.25,25.600000381469727,24.90999984741211,25.010000228881836,151606
2026-07-10 00:00:00+02:00,25.139999389648438,25.649999618530273,25.049999237060547,25.1200008392334,164670
2026-07-13 00:00:00+02:00,25.170000076293945,26.809999465942383,25.170000076293945,26.399999618530273,562314
2026-07-14 00:00:00+02:00,26.399999618530273,27.299999237060547,26.329999923706055,26.700000762939453,383181
2026-07-15 00:00:00+02:00,27.270000457763672,27.639999389648438,26.65999984741211,26.760000228881836,538898
2026-07-16 00:00:00+02:00,26.68000030517578,27.0,26.0,26.0,223219
2026-07-17 00:00:00+02:00,26.1200008392334,26.34000015258789,25.75,26.059999465942383,162442
2026-07-20 00:00:00+02:00,26.25,26.690000534057617,25.940000534057617,25.959999084472656,94254
2026-07-21 00:00:00+02:00,25.959999084472656,26.25,25.729999542236328,25.889999389648438,108976
2026-07-22 00:00:00+02:00,25.920000076293945,26.399999618530273,25.850000381469727,25.989999771118164,124726
2026-07-23 00:00:00+02:00,26.190000534057617,26.309999465942383,25.579999923706055,25.90999984741211,135524
2026-07-24 00:00:00+02:00,26.079999923706055,26.549999237060547,25.190000534057617,25.399999618530273,220503
2026-07-27 00:00:00+02:00,25.600000381469727,25.8799991607666,25.25,25.84000015258789,148222
2026-07-28 00:00:00+02:00,25.84000015258789,25.84000015258789,24.920000076293945,25.100000381469727,348510
2026-07-29 00:00:00+02:00,25.040000915527344,25.450000762939453,24.719999313354492,24.989999771118164,269557
2026-07-30 00:00:00+02:00,24.940000534057617,25.139999389648438,24.700000762939453,24.950000762939453,225786
2026-07-31 00:00:00+02:00,25.309999465942383,25.309999465942383,24.760000228881836,25.100000381469727,239669
2026-08-03 00:00:00+02:00,25.100000381469727,25.420000076293945,24.899999618530273,25.049999237060547,154814
2026-08-04 00:00:00+02:00,25.389999389648438,26.18000030517578,25.170000076293945,26.1200008392334,359582
2026-08-05 00:00:00+02:00,26.190000534057617,26.399999618530273,25.31999969482422,25.6200008392334,240439
2026-08-06 00:00:00+02:00,25.6299991607666,26.219999313354492,25.420000076293945,26.149999618530273,170077
2026-08-07 00:00:00+02:00,26.31999969482422,26.360000610351562,25.770000457763672,26.149999618530273,153110
2026-08-10 00:00:00+02:00,26.299999237060547,27.959999084472656,26.209999084472656,27.93000030517578,847313
2026-08-11 00:00:00+02:00,27.670000076293945,28.260000228881836,27.600000381469727,27.780000686645508,312175
2026-08-12 00:00:00+02:00,27.780000686645508,28.399999618530273,27.5,28.139999389648438,338653
2026-08-13 00:00:00+02:00,28.399999618530273,29.399999618530273,28.25,28.850000381469727,444592
2026-08-14 00:00:00+02:00,29.0,29.0,27.799999237060547,28.280000686645508,298884
2026-08-17 00:00:00+02:00,28.309999465942383,28.600000381469727,27.31999969482422,27.399999618530273,299216
2026-08-18 00:00:00+02:00,27.469999313354492,28.190000534057617,26.56999969482422,28.110000610351562,294042
2026-08-19 00:00:00+02:00,28.1200008392334,28.719999313354492,27.799999237060547,28.610000610351562,267977
2026-08-20 00:00:00+02:00,28.59000015258789,29.329999923706055,28.25,28.6200008392334,448644
2026-08-21 00:00:00+02:00,28.579999923706055,29.850000381469727,28.5,29.59000015258789,870321
