Date,Open,High,Low,Close,Volume
2016-08-22 00:00:00+02:00,173.7529247173135,178.2712309604754,173.01824004620437,177.0590057373047,30224
2016-08-23 00:00:00+02:00,178.08755268047497,183.34055459535705,177.31614277493665,180.732421875,17183
2016-08-24 00:00:00+02:00,181.46714645135597,182.27530421930763,178.52840723756884,179.26309204101562,30587
2016-08-25 00:00:00+02:00,181.0997749668384,182.16506551868125,180.5120249763876,181.4671173095703,25602
2016-08-26 00:00:00+02:00,182.93648773406616,183.3038300789137,181.17324896295756,182.42221069335938,24952
2016-08-29 00:00:00+02:00,176.32432506588046,176.32432506588046,165.67139709315018,166.699951171875,67702
2016-08-30 00:00:00+02:00,165.30407072847476,165.30407072847476,158.32456551993917,158.765380859375,77419
2016-08-31 00:00:00+02:00,158.691884765625,165.70812543137,158.691884765625,165.30404663085938,45363
2016-09-01 00:00:00+02:00,166.03874979390727,170.18971405459519,165.48773624370625,169.71217346191406,71266
2016-09-02 00:00:00+02:00,169.01422505727294,172.1366351723113,169.01422505727294,170.85093688964844,48529
2016-09-05 00:00:00+02:00,171.5488605458943,176.17737594188878,170.63050476138739,173.75291442871094,35453
2016-09-06 00:00:00+02:00,176.32433075098436,181.17325433079606,175.66311899482778,180.65896606445312,66233
2016-09-07 00:00:00+02:00,179.9977477825692,179.9977477825692,176.65493022452748,177.64675903320312,29766
2016-09-08 00:00:00+02:00,178.5283902165387,182.0916156576952,177.7937054831373,182.0181427001953,28132
2016-09-09 00:00:00+02:00,181.2834524148758,181.2834524148758,176.32433061629257,177.9773712158203,34552
2016-09-12 00:00:00+02:00,176.6181925132248,179.55693123198327,172.87130737304688,172.87130737304688,22392
2016-09-13 00:00:00+02:00,173.75292114907123,177.05900210116772,170.5937748860994,172.65089416503906,20713
2016-09-14 00:00:00+02:00,172.76111150512375,176.76515229203395,172.76111150512375,174.4876251220703,15877
2016-09-15 00:00:00+02:00,173.45904659766342,179.26305072297774,173.38557365009322,178.5283660888672,26574
2016-09-16 00:00:00+02:00,178.5283923183707,185.76504151173194,177.94064228265006,185.47116088867188,145101
2016-09-19 00:00:00+02:00,183.67117121239465,188.04254284516992,181.32018246295573,183.74464416503906,54979
2016-09-20 00:00:00+02:00,183.00996587513367,186.24257411726987,182.93649291992188,182.93649291992188,122177
2016-09-21 00:00:00+02:00,182.936486680498,184.29565783276558,181.4671173095703,181.4671173095703,54444
2016-09-22 00:00:00+02:00,183.41401596090574,184.92012171555248,181.83444846847013,183.30381774902344,61445
2016-09-23 00:00:00+02:00,183.52424293041912,185.8017588067972,182.53241408705512,182.93649291992188,111635
2016-09-26 00:00:00+02:00,182.93649291992188,182.93649291992188,182.93649291992188,182.93649291992188,0
2016-09-27 00:00:00+02:00,182.569150564661,183.1936370527641,182.12833525418833,182.93649291992188,38316
2016-09-28 00:00:00+02:00,182.20179795341258,185.83848482370948,179.0059151583768,179.63040161132812,80024
2016-09-29 00:00:00+02:00,179.55692544748135,182.86300639957784,172.65089416503906,172.65089416503906,69815
2016-09-30 00:00:00+02:00,167.5081179322315,176.54474232591858,165.45099845238738,174.85496520996094,141405
2016-10-03 00:00:00+02:00,174.85496520996094,174.85496520996094,174.85496520996094,174.85496520996094,0
2016-10-04 00:00:00+02:00,174.85496520996094,174.85496520996094,174.85496520996094,174.85496520996094,0
2016-10-05 00:00:00+02:00,174.85496520996094,174.85496520996094,174.85496520996094,174.85496520996094,0
2016-10-06 00:00:00+02:00,173.97332043161757,173.97332043161757,167.508093527089,168.9774627685547,22552
2016-10-07 00:00:00+02:00,169.27133045711616,171.03458025565962,163.2101823960679,164.20201110839844,48672
2016-10-10 00:00:00+02:00,165.30407255729742,168.97749639190403,162.36533348961214,166.03875732421875,35778
2016-10-11 00:00:00+02:00,167.03056535818612,169.1978829075222,161.77756320529522,164.6795654296875,45923
2016-10-12 00:00:00+02:00,164.6795654296875,164.6795654296875,164.6795654296875,164.6795654296875,0
2016-10-13 00:00:00+02:00,161.55716575683914,163.76121992110924,157.70007096936644,158.06741333007812,41736
2016-10-14 00:00:00+02:00,158.17760782841887,165.8917966749426,158.17760782841887,158.91229248046875,33227
2016-10-17 00:00:00+02:00,161.6306116390098,164.4958770884515,160.38165006387874,163.6142578125,19859
2016-10-18 00:00:00+02:00,163.6142578125,163.6142578125,163.6142578125,163.6142578125,0
2016-10-19 00:00:00+02:00,168.2427859520468,168.2427859520468,165.3040473327971,167.6917724609375,62091
2016-10-20 00:00:00+02:00,168.68363467313827,168.83056939115312,166.77344970774405,167.0305938720703,46903
2016-10-21 00:00:00+02:00,168.2060554586494,168.2060554586494,159.8306545801169,160.3816680908203,23401
2016-10-24 00:00:00+02:00,160.3816680908203,160.3816680908203,160.3816680908203,160.3816680908203,0
2016-10-25 00:00:00+02:00,160.3816680908203,160.3816680908203,160.3816680908203,160.3816680908203,0
2016-10-26 00:00:00+02:00,160.3816680908203,160.3816680908203,160.3816680908203,160.3816680908203,0
2016-10-27 00:00:00+02:00,160.3816680908203,160.3816680908203,160.3816680908203,160.3816680908203,0
2016-10-28 00:00:00+02:00,160.3816680908203,160.3816680908203,160.3816680908203,160.3816680908203,0
2016-10-31 00:00:00+01:00,160.3816680908203,160.3816680908203,160.3816680908203,160.3816680908203,0
2016-11-02 00:00:00+01:00,185.47116088867188,185.47116088867188,185.47116088867188,185.47116088867188,0
2016-11-03 00:00:00+01:00,185.47116088867188,185.47116088867188,185.47116088867188,185.47116088867188,0
2016-11-04 00:00:00+01:00,185.47116088867188,185.47116088867188,185.47116088867188,185.47116088867188,0
2016-11-07 00:00:00+01:00,185.47116088867188,185.47116088867188,185.47116088867188,185.47116088867188,0
2016-11-08 00:00:00+01:00,146.97366409654984,146.97366409654984,144.18186022964153,145.94509887695312,56433
2016-11-09 00:00:00+01:00,140.32479650769216,145.4675900969793,140.32479650769216,143.07986450195312,42717
2016-11-10 00:00:00+01:00,144.73288145685336,146.93693548919126,143.33698505386548,145.7981719970703,52024
2016-11-14 00:00:00+01:00,146.16552945042497,150.05936088562012,143.48393458460924,146.93695068359375,51058
2016-11-15 00:00:00+01:00,147.67161336666894,148.7001673835711,144.07166309711332,148.03895568847656,26850
2016-11-16 00:00:00+01:00,149.06753140765866,149.06753140765866,144.14514582088108,145.68798828125,33129
2016-11-17 00:00:00+01:00,146.01859824779805,146.12879647929677,142.7125167780366,143.704345703125,33858
2016-11-18 00:00:00+01:00,144.69614871877152,144.9532928466797,141.79414640997356,144.9532928466797,43742
2016-11-21 00:00:00+01:00,143.2635263622701,146.93695011514885,142.5288416116944,145.68798828125,28638
2016-11-22 00:00:00+01:00,145.9818642658751,150.02263057585876,145.87166603249014,148.4063262939453,72207
2016-11-23 00:00:00+01:00,147.8920328174807,154.17358926432786,147.04713868358257,153.54910278320312,39596
2016-11-24 00:00:00+01:00,154.28378634982639,160.78575040158574,152.44707460756655,158.69189453125,54058
2016-11-25 00:00:00+01:00,160.16124352082582,160.89592812413238,155.4225300715781,156.74496459960938,17831
2016-11-28 00:00:00+01:00,157.92050437938727,157.92050437938727,152.48384103847738,154.87156677246094,19958
2016-11-29 00:00:00+01:00,154.83480329993816,154.83480329993816,152.07973562556205,153.1817626953125,27713
2016-11-30 00:00:00+01:00,153.1817626953125,153.1817626953125,153.1817626953125,153.1817626953125,0
2016-12-01 00:00:00+01:00,153.1817626953125,153.1817626953125,153.1817626953125,153.1817626953125,0
2016-12-02 00:00:00+01:00,153.1817626953125,153.1817626953125,153.1817626953125,153.1817626953125,0
2016-12-05 00:00:00+01:00,153.1817626953125,153.1817626953125,153.1817626953125,153.1817626953125,0
2016-12-06 00:00:00+01:00,153.1817626953125,153.1817626953125,153.1817626953125,153.1817626953125,0
2016-12-07 00:00:00+01:00,153.1817626953125,153.1817626953125,153.1817626953125,153.1817626953125,0
2016-12-08 00:00:00+01:00,153.1817626953125,153.1817626953125,153.1817626953125,153.1817626953125,0
2016-12-09 00:00:00+01:00,157.2225097100121,161.33674809312478,157.2225097100121,161.26327514648438,52047
2016-12-12 00:00:00+01:00,161.26327514648438,161.26327514648438,161.26327514648438,161.26327514648438,0
2016-12-13 00:00:00+01:00,161.26327514648438,161.26327514648438,161.26327514648438,161.26327514648438,0
2016-12-14 00:00:00+01:00,161.26327514648438,161.26327514648438,161.26327514648438,161.26327514648438,0
2016-12-15 00:00:00+01:00,161.26327514648438,161.26327514648438,161.26327514648438,161.26327514648438,0
2016-12-16 00:00:00+01:00,161.26327514648438,161.26327514648438,161.26327514648438,161.26327514648438,0
2016-12-19 00:00:00+01:00,161.26327514648438,161.26327514648438,161.26327514648438,161.26327514648438,0
2016-12-20 00:00:00+01:00,161.26327514648438,161.26327514648438,161.26327514648438,161.26327514648438,0
2016-12-21 00:00:00+01:00,161.26327514648438,161.26327514648438,161.26327514648438,161.26327514648438,0
2016-12-22 00:00:00+01:00,161.26327514648438,161.26327514648438,161.26327514648438,161.26327514648438,0
2016-12-23 00:00:00+01:00,161.26327514648438,161.26327514648438,161.26327514648438,161.26327514648438,0
2016-12-27 00:00:00+01:00,172.65090602579448,175.4059736751423,172.65090602579448,173.20191955566406,8719
2016-12-28 00:00:00+01:00,172.72436011821264,176.32431030273438,172.72436011821264,176.32431030273438,14622
2016-12-29 00:00:00+01:00,175.58965062383396,176.3243353544776,172.2835693359375,172.2835693359375,24202
2016-12-30 00:00:00+01:00,169.71216167981112,174.48761211668892,169.05094994963363,174.12026977539062,32344
2017-01-02 00:00:00+01:00,174.04681321884553,174.04681321884553,172.28357429866932,173.93661499023438,11903
2017-01-03 00:00:00+01:00,171.9162139288029,173.97333326062898,171.1815292538935,173.0549774169922,13746
2017-01-04 00:00:00+01:00,173.3855952017019,173.4590681584047,169.5652368715409,169.78564453125,15824
2017-01-05 00:00:00+01:00,168.97748608054928,173.82640973049865,168.49994549535091,170.37338256835938,27192
2017-01-09 00:00:00+01:00,171.69580003874103,172.61415584897222,169.01420555702524,170.44683837890625,15758
2017-01-10 00:00:00+01:00,170.4468463624077,174.12026977539062,168.97747699721452,174.12026977539062,24393
2017-01-11 00:00:00+01:00,174.12029253746854,179.92429780455745,173.49580599146526,177.79371643066406,84138
2017-01-12 00:00:00+01:00,179.15285059799982,182.12831436604029,174.8916775236042,176.32431030273438,25708
2017-01-13 00:00:00+01:00,176.3243251083866,178.52837917224142,174.1937439974864,177.7569580078125,26428
2017-01-16 00:00:00+01:00,177.05903165202497,179.9977707665814,176.50801806804563,177.79371643066406,8668
2017-01-17 00:00:00+01:00,178.5283757839305,179.9977451319464,177.49982172447878,178.30796813964844,4272
2017-01-18 00:00:00+01:00,179.26304217826134,181.06301720395538,177.1324613250557,179.703857421875,13561
2017-01-19 00:00:00+01:00,180.29163645015922,182.93650608249987,180.0345035092149,182.1650848388672,12976
2017-01-20 00:00:00+01:00,182.12832651535413,182.86301119062446,177.9773625842362,179.15286254882812,17687
2017-01-23 00:00:00+01:00,179.9977471883588,185.76502642936973,179.52020662895728,181.35691833496094,23066
2017-01-24 00:00:00+01:00,180.1814076810267,184.92012135961022,180.1814076810267,183.59768676757812,40800
2017-01-25 00:00:00+01:00,182.5691331087468,183.67116006916177,182.16505431451503,183.30381774902344,12133
2017-01-26 00:00:00+01:00,183.59767482024364,184.92010932622034,182.60585734855903,183.04666137695312,12131
2017-01-27 00:00:00+01:00,183.67115971562356,183.67115971562356,182.20179043789858,183.59768676757812,4551
2017-01-30 00:00:00+01:00,183.4875159766845,183.52425245619722,175.7733261158029,179.18960571289062,15727
2017-01-31 00:00:00+01:00,178.52837566716076,181.9813913906599,176.5814657664725,180.5854949951172,30842
2017-02-01 00:00:00+01:00,180.58550545943473,182.09161136951934,172.650908283476,176.65493774414062,23872
2017-02-02 00:00:00+01:00,176.324344595683,181.320203267974,176.25087163460813,178.1610565185547,8203
2017-02-03 00:00:00+01:00,178.34469830759198,179.18958116865926,172.724365234375,172.724365234375,12025
2017-02-06 00:00:00+01:00,172.0998870432067,176.1039163246509,168.97747713954126,171.84274291992188,14735
2017-02-07 00:00:00+01:00,169.93256621087872,171.84273962436677,166.44281403253112,169.4182891845703,46021
2017-02-08 00:00:00+01:00,168.24279304500322,174.23046875,166.8836218921396,174.23046875,54926
2017-02-09 00:00:00+01:00,174.56107137367718,180.87935242205916,174.56107137367718,178.8957061767578,24250
2017-02-10 00:00:00+01:00,178.56514371982126,180.21818452757654,174.8549832203349,179.26309204101562,6437
2017-02-13 00:00:00+01:00,179.26305113677208,182.20178967999786,179.26305113677208,181.2099609375,13269
2017-02-14 00:00:00+01:00,181.02629201082587,181.09976495947168,177.09573588703154,180.84262084960938,17670
2017-02-15 00:00:00+01:00,178.56511338705027,180.25489039001636,177.86716518441605,178.12429809570312,133227
2017-02-16 00:00:00+01:00,177.83045891637448,181.09980404963258,177.83045891637448,179.26309204101562,27002
2017-02-17 00:00:00+01:00,179.99775855771955,182.20181274414062,179.26307382891255,182.20181274414062,38555
2017-02-20 00:00:00+01:00,182.20180408277747,183.6711734705418,181.3201846921986,183.37730407714844,33030
2017-02-21 00:00:00+01:00,183.37731279439157,183.37731279439157,180.8426415116879,182.20181274414062,7140
2017-02-22 00:00:00+01:00,182.42221586463646,183.34057175278866,182.2752811646119,182.93649291992188,28514
2017-02-23 00:00:00+01:00,183.26711083126582,183.59771673062906,181.136529515014,182.3487548828125,17231
2017-02-24 00:00:00+01:00,182.2752641068726,182.89973932613688,179.22631611729543,180.732421875,35001
2017-02-27 00:00:00+01:00,178.161036224983,182.34873669004722,177.7936938822511,181.4671173095703,25002
2017-02-28 00:00:00+01:00,182.20179567920917,182.20179567920917,176.8018589440733,179.99774169921875,47217
2017-03-01 00:00:00+01:00,181.35691598146053,181.39364124678514,173.4957810134613,175.62637329101562,31966
2017-03-02 00:00:00+01:00,174.85494137011926,178.41816629816523,172.65088748730264,173.75291442871094,40325
2017-03-03 00:00:00+01:00,174.1202514865833,174.19372443128512,171.91619767029744,173.23863220214844,23140
2017-03-06 00:00:00+01:00,173.7529215457307,174.23046208907553,169.27134064960964,171.21826171875,26450
2017-03-07 00:00:00+01:00,171.21826991576552,172.68763930150837,167.65504467117958,171.47540283203125,46946
2017-03-08 00:00:00+01:00,170.04277745891127,171.87948927248863,169.34482921183175,169.78564453125,27251
2017-03-09 00:00:00+01:00,169.7121555409533,174.34067111596804,169.7121555409533,172.65089416503906,35862
2017-03-10 00:00:00+01:00,173.97333736862137,180.43856490256584,173.93660089192875,178.71205139160156,33699
2017-03-13 00:00:00+01:00,179.55692641906137,180.98957047437375,176.39779134939369,179.99774169921875,58513
2017-03-14 00:00:00+01:00,180.69572116922137,180.69572116922137,176.43454716139402,178.5651397705078,30957
2017-03-15 00:00:00+01:00,178.52839276795578,179.22634103258187,174.30395549052471,176.69168090820312,30421
2017-03-16 00:00:00+01:00,177.0222573174049,177.2059284727893,175.22228223671732,175.3692169189453,38309
2017-03-17 00:00:00+01:00,176.32432895768025,176.32432895768025,174.89169602697888,175.7733154296875,36266
2017-03-20 00:00:00+01:00,175.77331694473773,176.2875939998839,172.94477632583522,175.2957763671875,13929
2017-03-21 00:00:00+01:00,176.32431702044025,178.82224036073723,173.97332836891403,175.2222900390625,76579
2017-03-22 00:00:00+01:00,172.87132626226924,173.67947277199286,167.875467652415,171.18154907226562,71736
2017-03-23 00:00:00+01:00,170.44684532462475,175.51616511951667,170.44684532462475,173.16517639160156,64490
2017-03-24 00:00:00+01:00,172.65090434302832,173.56926021719337,170.81419259469823,170.99786376953125,41532
2017-03-27 00:00:00+02:00,170.11624839165628,170.446854272087,166.84690364446547,167.87545776367188,50203
2017-03-28 00:00:00+02:00,173.38558865534765,177.05901214380842,173.38558865534765,176.2508544921875,58325
2017-03-29 00:00:00+02:00,176.32431775202588,176.87533124500095,174.85494843742566,176.47125244140625,6448
2017-03-30 00:00:00+02:00,175.84676977982355,177.05899492899576,174.92841399699682,176.32431030273438,137719
2017-03-31 00:00:00+02:00,176.47125612345926,177.02226962793117,175.84678087796348,176.76513671875,98734
2017-04-03 00:00:00+02:00,176.32431807724214,178.34470088854388,175.2957640392842,177.31614685058594,11151
2017-04-04 00:00:00+02:00,177.7937044424129,178.49165269297885,176.58147912355616,178.38145446777344,26847
2017-04-05 00:00:00+02:00,179.2630769023745,186.8303319809071,179.2630769023745,186.60992431640625,83860
2017-04-06 00:00:00+02:00,186.83030877625453,193.1853377263259,186.24255881405165,192.45065307617188,104615
2017-04-07 00:00:00+02:00,192.85473503593383,195.42613150307963,189.6221268185387,190.3568115234375,127386
2017-04-10 00:00:00+02:00,190.35680717293621,190.35680717293621,187.27112251456376,188.81396484375,12893
2017-04-11 00:00:00+02:00,188.07928757440476,188.40990466541345,184.47933694483558,185.1405487060547,15973
2017-04-12 00:00:00+02:00,186.53643996422494,187.56500526560302,183.7446470857387,184.6262664794922,49448
2017-04-13 00:00:00+02:00,184.40586324029664,186.42624620408475,183.34057264692453,185.0303497314453,85566
2017-04-18 00:00:00+02:00,185.87523957500306,188.18949202626328,185.87523957500306,186.60992431640625,61410
2017-04-19 00:00:00+02:00,186.756833730913,193.22206082178226,186.609899044611,191.2384033203125,50501
2017-04-20 00:00:00+02:00,192.63435242688965,198.32815929875812,192.0833388586443,198.18121337890625,46330
2017-04-21 00:00:00+02:00,199.02606312941643,202.03827461695565,198.3648514421019,201.1199188232422,102902
2017-04-24 00:00:00+02:00,201.30359991339208,205.71170794069263,198.32813596328293,204.71987915039062,30892
2017-04-25 00:00:00+02:00,205.71169301020024,207.73207570940758,205.71169301020024,206.70352172851562,56047
2017-04-26 00:00:00+02:00,207.91577464113908,209.6422882080078,205.08723400020068,209.6422882080078,125956
2017-04-27 00:00:00+02:00,212.8381800707521,212.8381800707521,202.80971534243793,203.10360717773438,39600
2017-04-28 00:00:00+02:00,202.77299488841237,215.96059537211994,202.77299488841237,210.11984252929688,66685
2017-05-02 00:00:00+02:00,213.05853621332716,224.225751217654,212.32385160569498,215.4829864501953,58610
2017-05-04 00:00:00+02:00,215.9972905842227,222.7563984415714,214.5279212605205,217.17279052734375,200648
2017-05-05 00:00:00+02:00,217.54012539337836,220.07477393731023,213.8667022101764,215.8870849609375,66902
2017-05-08 00:00:00+02:00,217.39318026593716,218.89929722884963,212.3238607393641,215.99728393554688,53365
2017-05-09 00:00:00+02:00,215.70343187698228,216.10749949267566,212.61774717620457,213.64630126953125,20058
2017-05-10 00:00:00+02:00,211.5891674144848,218.71561709086006,206.63004630320782,217.46664428710938,62010
2017-05-11 00:00:00+02:00,216.73199834846042,233.99708974232084,215.4830253218616,233.5562744140625,133994
2017-05-12 00:00:00+02:00,232.89504077510293,234.5480812853363,227.93591924440278,231.6828155517578,32246
2017-05-15 00:00:00+02:00,231.71955757867588,238.7725354166822,231.53588639758613,231.90322875976562,50998
2017-05-16 00:00:00+02:00,231.93997225243564,233.00525163100517,223.4176251198891,224.7033233642578,64471
2017-05-17 00:00:00+02:00,224.29924849361626,230.58081665064745,222.6462077818922,225.40127563476562,56894
2017-05-18 00:00:00+02:00,223.12375141804418,223.12375141804418,216.5483144124349,218.20135498046875,72695
2017-05-19 00:00:00+02:00,218.93605835729264,225.40127527334926,215.9973193189397,223.0135498046875,46405
2017-05-22 00:00:00+02:00,221.87476973006588,225.32779663789222,218.7890851562297,220.0747833251953,26020
2017-05-23 00:00:00+02:00,220.07480287209438,223.3441589033077,218.64218109476622,220.91970825195312,21198
2017-05-24 00:00:00+02:00,219.4503237885059,222.57273369137096,219.04623376036267,219.34010314941406,9007
2017-05-25 00:00:00+02:00,221.69108466050088,221.87475581597766,218.23805796921883,219.59722900390625,14323
2017-05-26 00:00:00+02:00,219.964580634147,221.72781931726877,218.27481490048788,220.80946350097656,58504
2017-05-29 00:00:00+02:00,220.80948293492833,220.80948293492833,218.38503233485397,219.6707305908203,9008
2017-05-30 00:00:00+02:00,219.670738939427,220.2952254573611,218.2013694481934,218.7891082763672,6482
2017-05-31 00:00:00+02:00,219.67073860147136,227.71554552191847,219.2666709603234,221.06663513183594,56439
2017-06-01 00:00:00+02:00,221.14006397223017,232.16033294094595,221.14006397223017,230.6909637451172,18727
2017-06-02 00:00:00+02:00,229.22162598418,236.2746035755451,229.0012295428989,235.46644592285156,28865
2017-06-05 00:00:00+02:00,235.76033246276063,238.58887324248187,228.48695790119123,230.7277374267578,17373
2017-06-06 00:00:00+02:00,230.72767554788564,235.02558467913803,227.16447339248532,227.34814453125,27608
2017-06-07 00:00:00+02:00,228.4869086284858,229.919552554442,225.07062975212233,227.899169921875,43520
2017-06-08 00:00:00+02:00,228.33997207371752,228.33997207371752,225.6583776814177,226.83387756347656,27723
2017-06-09 00:00:00+02:00,227.01755727427607,229.00121480130184,224.115543933034,224.96044921875,45970
2017-06-12 00:00:00+02:00,225.18086597353317,226.02574891472284,217.02586112295847,219.6707305908203,18857
2017-06-13 00:00:00+02:00,218.56867693291338,225.87879795327356,218.56867693291338,224.0788116455078,21691
2017-06-14 00:00:00+02:00,224.07881906971082,227.127755894205,224.04209380539496,225.36451721191406,13210
2017-06-15 00:00:00+02:00,225.36451721191406,225.36451721191406,225.36451721191406,225.36451721191406,0
2017-06-16 00:00:00+02:00,226.17269016582054,227.97265423460243,220.40541076660156,220.40541076660156,41359
2017-06-19 00:00:00+02:00,221.94825312612736,223.96863605815452,219.67072606404622,220.40541076660156,40090
2017-06-20 00:00:00+02:00,220.40539438976634,221.69109252370666,218.71562866776327,220.5890655517578,73605
2017-06-21 00:00:00+02:00,220.77278965830013,222.60950171868532,218.5687351858379,221.87481689453125,52963
2017-06-22 00:00:00+02:00,222.60950804036094,229.07472570819576,222.5727827664309,226.135986328125,31396
2017-06-23 00:00:00+02:00,227.60531070281473,227.60531070281473,224.07883311715887,225.54820251464844,16205
2017-06-26 00:00:00+02:00,226.61351108653298,232.0868988037109,224.62985337216344,232.08689880371094,78806
2017-06-27 00:00:00+02:00,232.1603528105032,235.980722014944,227.75224484574682,229.956298828125,46284
2017-06-28 00:00:00+02:00,230.69572481997915,230.69572481997915,225.5198591990181,229.8823699951172,28772
2017-06-29 00:00:00+02:00,229.2168973621569,229.77145437190407,221.083394552532,224.7804412841797,49987
2017-06-30 00:00:00+02:00,226.07442697302088,227.73809814453125,223.89316018882462,227.73809814453125,15971
2017-07-03 00:00:00+02:00,228.3296304692175,228.3296304692175,222.3034479294751,225.44593811035156,9678
2017-07-04 00:00:00+02:00,224.78043922066686,224.78043922066686,218.3845529466279,221.30520629882812,53154
2017-07-05 00:00:00+02:00,221.82280471837578,224.3367919921875,221.82280471837578,224.3367919921875,58162
2017-07-06 00:00:00+02:00,224.04104528734118,225.5198640681157,223.48648824455074,224.4846954345703,44493
2017-07-07 00:00:00+02:00,224.48470965033223,224.5586551070504,220.49190320238856,222.56224060058594,17835
2017-07-10 00:00:00+02:00,222.6361296060495,226.99863966644787,222.6361296060495,225.5198211669922,40893
2017-07-11 00:00:00+02:00,226.037479194291,226.96174101212014,222.74709809682489,222.89498901367188,19678
2017-07-12 00:00:00+02:00,222.96889745363364,226.99868774414062,221.9337287977647,226.99868774414062,60715
2017-07-13 00:00:00+02:00,226.62893625702398,228.14471620110356,222.45127848665226,223.26463317871094,27169
2017-07-14 00:00:00+02:00,223.26466883927085,226.99867714083857,223.0798164963223,226.9617156982422,58374
2017-07-17 00:00:00+02:00,226.99866551321773,233.91214729835937,226.99866551321773,231.7308807373047,37130
2017-07-18 00:00:00+02:00,231.02849018618943,236.24131774902344,230.6957469098445,236.24131774902344,43038
2017-07-19 00:00:00+02:00,236.24128511684148,237.94191757995256,233.28364774448667,234.76246643066406,61363
2017-07-20 00:00:00+02:00,239.1989141158116,246.5560458479938,237.572204591968,239.56861877441406,101445
2017-07-21 00:00:00+02:00,238.4964821331385,245.1142049891557,238.4964821331385,244.48570251464844,68822
2017-07-24 00:00:00+02:00,243.2656760301419,249.43974861259642,242.08261655772827,246.9627227783203,63781
2017-07-25 00:00:00+02:00,247.0366986788421,251.362248420424,245.7796936035156,245.77969360351562,46340
2017-07-26 00:00:00+02:00,248.44152396409373,249.8833811202349,245.483886774045,247.4803009033203,45832
2017-07-27 00:00:00+02:00,247.03668795366312,253.46953627020616,246.96274249979805,250.2900848388672,75320
2017-07-28 00:00:00+02:00,251.3991672092014,253.35859738180622,246.99967275704776,249.55064392089844,56950
2017-07-31 00:00:00+02:00,251.39915909878044,258.3126404869931,250.21609971943707,254.35679626464844,34111
2017-08-01 00:00:00+02:00,256.90778700955985,257.314453125,251.39917834051727,257.314453125,33447
2017-08-02 00:00:00+02:00,257.64714723735057,257.7210701060772,256.2792356912339,257.09259033203125,52328
2017-08-03 00:00:00+02:00,257.6841834599353,258.5714837919606,252.1016513521487,253.617431640625,20808
2017-08-04 00:00:00+02:00,253.69135620560635,255.02228402906437,242.52627034443606,244.18994140625,52637
2017-08-07 00:00:00+02:00,244.18991354364368,250.65974471247603,244.18991354364368,249.0330352783203,44210
2017-08-08 00:00:00+02:00,249.47667088409176,252.47129181892447,248.44150247012868,251.39913940429688,39606
2017-08-09 00:00:00+02:00,252.13857317164474,252.13857317164474,242.932918292318,245.33599853515625,30206
2017-08-10 00:00:00+02:00,245.48388836587566,251.25127189787668,244.1529606477158,246.59300231933594,58602
2017-08-11 00:00:00+02:00,245.66877124266102,251.14039624718322,244.15299101042297,247.77609252929688,37392
2017-08-14 00:00:00+02:00,251.0295140972743,251.0295140972743,245.48394309365264,245.52090454101562,29996
2017-08-15 00:00:00+02:00,245.52090454101565,245.52090454101565,245.52090454101565,245.52090454101562,0
2017-08-16 00:00:00+02:00,248.95914536183304,250.99252114123178,246.59302633799388,249.51370239257812,12459
2017-08-17 00:00:00+02:00,250.62281935265176,254.31986626704412,249.6246121727691,250.5488739013672,79623
2017-08-18 00:00:00+02:00,250.54888537346818,253.02591143252556,247.8870069602272,250.14219665527344,18489
2017-08-21 00:00:00+02:00,249.4027475797611,252.84101887282733,246.51905582604388,247.85000610351562,14479
2017-08-22 00:00:00+02:00,247.3324002908316,249.92033273034704,246.33419326545106,249.18092346191406,30222
2017-08-23 00:00:00+02:00,249.18098402094168,250.99254619486263,244.89241824776244,248.811279296875,14699
2017-08-24 00:00:00+02:00,250.29005323621962,252.1385765245226,247.96091840595423,249.55064392089844,15667
2017-08-25 00:00:00+02:00,250.47497092362877,251.39923280895582,247.73914671706575,250.51193237304688,24575
2017-08-28 00:00:00+02:00,250.5118826420456,251.39918290180987,247.96093388394348,248.7373046875,25886
2017-08-29 00:00:00+02:00,248.29364566635584,250.807655457335,236.6849326458756,238.274658203125,34329
2017-08-30 00:00:00+02:00,241.7868573308705,246.96272277832034,240.41894552104796,246.9627227783203,59020
2017-08-31 00:00:00+02:00,249.1809325337331,254.20890671613654,249.1809325337331,252.1016082763672,79071
2017-09-01 00:00:00+02:00,251.399184145407,252.13859351054052,249.40276983355318,250.65977478027344,55218
2017-09-04 00:00:00+02:00,250.8076517659112,254.83741904335062,249.2179036670778,250.5858154296875,36816
2017-09-05 00:00:00+02:00,251.9907026115206,251.9907026115206,246.22331858947211,250.65977478027344,26098
2017-09-06 00:00:00+02:00,255.02227586895543,255.02227586895543,222.63615592791587,234.46670532226562,378536
2017-09-07 00:00:00+02:00,229.21690342793258,231.98968855004466,219.7154885631652,221.4900665283203,258268
2017-09-08 00:00:00+02:00,221.41614389350758,232.95091196252034,218.2366700775756,229.21690368652344,152122
2017-09-11 00:00:00+02:00,229.5866302540928,232.47032254621962,222.11859042526214,222.56224060058594,109967
2017-09-12 00:00:00+02:00,225.03923959516246,226.33320595426807,221.97069531370855,225.150146484375,130750
2017-09-13 00:00:00+02:00,225.3719968757715,230.326049338583,225.26108996854148,229.9563446044922,118839
2017-09-14 00:00:00+02:00,229.58657444707228,231.4350975907685,222.6361319397704,224.00404357910156,90258
2017-09-15 00:00:00+02:00,222.9319214026989,227.7380822289594,220.82460021972656,220.82460021972656,300725
2017-09-18 00:00:00+02:00,222.56221593186402,225.70470569169933,221.82280657660866,224.63255310058594,54966
2017-09-19 00:00:00+02:00,225.15014138831157,225.55680749454726,222.59917016924922,222.6361541748047,89113
2017-09-20 00:00:00+02:00,222.9319293469782,225.0022665968439,222.5991860980788,224.18893432617188,53047
2017-09-21 00:00:00+02:00,224.04104223313948,224.04104223313948,220.3439953316025,222.26646423339844,67368
2017-09-22 00:00:00+02:00,220.7136976363811,220.7136976363811,204.07698675926696,208.51344299316406,195413
2017-09-25 00:00:00+02:00,207.77405123048592,212.21050784038954,204.96430440354104,210.3619842529297,109270
2017-09-26 00:00:00+02:00,210.36196295573578,210.36196295573578,206.44310237306323,207.1085662841797,31477
2017-09-27 00:00:00+02:00,207.03462727864584,212.61715909534445,207.03462727864584,210.73167419433594,44288
2017-09-28 00:00:00+02:00,212.8389853521668,220.97248818083057,211.8407782192888,214.4287109375,107959
2017-09-29 00:00:00+02:00,218.12578139868154,220.12219588154483,213.39356556946987,216.97970581054688,153349
2017-10-02 00:00:00+02:00,218.12577793168123,220.1221923828125,214.46569229293542,220.1221923828125,20675
2017-10-03 00:00:00+02:00,220.34400174675778,220.34400174675778,215.57480207892993,218.16273498535156,45142
2017-10-04 00:00:00+02:00,219.2348659604688,223.8192128244208,218.5324180722081,221.08338928222656,46774
2017-10-05 00:00:00+02:00,222.5622229143293,229.10600042663435,219.19791926836191,228.44053649902344,61226
2017-10-06 00:00:00+02:00,229.2168885308343,229.88235240389523,218.8651580810547,218.8651580810547,46522
2017-10-09 00:00:00+02:00,218.8651839902613,220.34400280100633,211.47108993653626,214.3547821044922,56658
2017-10-10 00:00:00+02:00,215.27901730810655,219.34576853605114,212.35836405611707,218.12574768066406,67321
2017-10-11 00:00:00+02:00,219.23487169989224,219.23487169989224,214.4287109375,214.4287109375,32559
2017-10-12 00:00:00+02:00,216.4990258448541,217.75603063341597,209.36373088208626,209.9922332763672,58056
2017-10-13 00:00:00+02:00,211.54502350370183,212.2104874181489,207.8479766845703,207.8479766845703,31517
2017-10-16 00:00:00+02:00,210.5098468053798,211.54501536189915,207.29341168353076,209.8443603515625,57492
2017-10-17 00:00:00+02:00,210.06622579560886,211.1013944955497,207.33040184970744,208.7352752685547,32209
2017-10-18 00:00:00+02:00,210.3619643347604,210.3619643347604,205.77761724593583,207.0346221923828,31374
2017-10-19 00:00:00+02:00,207.7370752186204,208.1067799101894,197.6811030949466,199.64053344726562,110607
2017-10-20 00:00:00+02:00,199.64053344726562,201.26724311616272,192.43129196166993,199.64053344726562,144056
2017-10-23 00:00:00+02:00,196.16530702874974,199.71448572817297,190.8785342715189,193.35556030273438,72295
2017-10-24 00:00:00+02:00,193.3555281125582,199.56656159629435,190.9894093735251,192.2464141845703,90536
2017-10-25 00:00:00+02:00,194.09496307373047,199.64053344726562,192.2464396158854,199.64053344726562,50336
2017-10-26 00:00:00+02:00,199.6405477417446,201.82181460417627,198.16172886958353,198.90113830566406,67993
2017-10-27 00:00:00+02:00,199.2338815778944,200.01025245978488,197.5702103467132,198.90113830566406,95698
2017-10-30 00:00:00+01:00,200.37992119407542,203.59635617642306,196.35013146510246,198.568359375,32227
2017-10-31 00:00:00+01:00,198.82718743666285,207.03463646673387,198.2726303746984,206.29522705078125,61208
2017-11-01 00:00:00+01:00,206.29522705078125,206.29522705078125,206.29522705078125,206.29522705078125,0
2017-11-02 00:00:00+01:00,212.39532469182612,219.1978993824481,209.51163289046863,216.57298278808594,63659
2017-11-03 00:00:00+01:00,217.4233148214767,218.86517210967895,215.7226823074285,216.9427032470703,41210
2017-11-06 00:00:00+01:00,217.46031026242468,217.46031026242468,207.95889490658476,215.1681365966797,53903
2017-11-07 00:00:00+01:00,217.34935846674458,221.82277541155236,212.3213620184283,217.90391540527344,89966
2017-11-08 00:00:00+01:00,218.05180223625058,220.6397348358517,217.1645245982334,218.12574768066406,55962
2017-11-09 00:00:00+01:00,218.12575767780174,218.16271911921174,211.65592588227372,214.4287109375,34174
2017-11-10 00:00:00+01:00,212.13652775363335,217.7190816154283,205.74064169811678,213.94808959960938,44915
2017-11-13 00:00:00+01:00,212.21050914766943,214.28084655238428,207.73709106445312,207.73709106445312,31944
2017-11-14 00:00:00+01:00,208.36555514230082,212.210492960612,205.59276995553324,210.73167419433594,29957
2017-11-15 00:00:00+01:00,208.51345529863912,212.87596633976267,201.89573199986933,206.29522705078125,24053
2017-11-16 00:00:00+01:00,207.03464708403772,207.03464708403772,202.8939496293598,203.78125,11365
2017-11-17 00:00:00+01:00,203.78122752333715,209.62255705163835,202.70907490748536,208.51344299316406,39447
2017-11-20 00:00:00+01:00,210.28802656716627,214.39176223166612,208.99406013119483,212.5802001953125,21603
2017-11-21 00:00:00+01:00,214.42872448056715,215.79663637387102,209.25285871724313,215.31602478027344,24555
2017-11-22 00:00:00+01:00,216.64694109354934,217.1645366682301,212.65413508809823,215.90753173828125,24253
2017-11-23 00:00:00+01:00,215.16813306725544,216.9057496514139,212.50625474311738,212.5802001953125,7420
2017-11-24 00:00:00+01:00,212.5801945116282,215.42692510765013,210.8056165313104,211.87774658203125,12329
2017-11-27 00:00:00+01:00,214.28083665095807,215.8705849244964,212.43231313752682,214.3547821044922,21900
2017-11-28 00:00:00+01:00,213.7262757268937,215.16813306725544,209.95530587976396,212.5802001953125,40667
2017-11-29 00:00:00+01:00,214.39175546825183,214.39175546825183,207.03462322411588,207.77403259277344,79839
2017-11-30 00:00:00+01:00,208.51344299316406,209.1419454726295,205.55580550389934,208.51344299316406,53139
2017-12-01 00:00:00+01:00,208.6243194587225,209.2158604092908,204.26180931131398,205.51881408691406,29768
2017-12-04 00:00:00+01:00,204.15091765754855,205.3709385219101,196.38711980163475,199.34475708007812,45787
2017-12-05 00:00:00+01:00,200.26904097142773,202.22847137301403,197.49625571494215,198.79022216796875,16800
2017-12-06 00:00:00+01:00,198.12475331698204,198.9380855867719,194.53861329433315,196.27622985839844,25202
2017-12-07 00:00:00+01:00,195.53680625367352,201.52600377190618,195.53680625367352,199.19686889648438,52077
2017-12-08 00:00:00+01:00,190.9155097921212,200.19508842923747,189.28880013992537,198.16171264648438,28046
2017-12-11 00:00:00+01:00,197.42231565225484,200.97147185146997,195.13014193131033,197.12655639648438,89597
2017-12-12 00:00:00+01:00,198.75324787335654,200.89755329516663,196.57200357063238,199.27084350585938,35679
2017-12-13 00:00:00+01:00,197.53320047219103,199.64052160209852,193.83615377585588,195.68467712402344,30893
2017-12-14 00:00:00+01:00,195.16711370151407,198.90112202203096,192.32038309266304,198.16171264648438,42493
2017-12-15 00:00:00+01:00,197.42231652969704,197.42231652969704,192.46826435483055,196.6829071044922,65035
2017-12-18 00:00:00+01:00,192.2464416741397,195.86954317730942,189.28880410992218,190.02821350097656,55606
2017-12-19 00:00:00+01:00,187.07057815301613,188.17969225273757,177.79098792884832,180.4158935546875,335519
2017-12-20 00:00:00+01:00,177.45826174019388,182.56018225222746,169.6944627890604,172.2084503173828,207609
2017-12-21 00:00:00+01:00,171.54296213785807,181.52498795191448,168.80714991198525,177.45823669433594,242467
2017-12-22 00:00:00+01:00,177.45825099194144,189.9912489942407,177.45825099194144,187.8099822998047,85181
2017-12-25 00:00:00+01:00,187.8099822998047,187.8099822998047,187.8099822998047,187.8099822998047,0
2017-12-26 00:00:00+01:00,187.8099822998047,187.8099822998047,187.8099822998047,187.8099822998047,0
2017-12-27 00:00:00+01:00,188.54940602901897,188.54940602901897,182.00562801266184,187.07058715820312,96238
2017-12-28 00:00:00+01:00,187.5142099687764,191.174272600947,186.81176208165198,189.28878784179688,57129
2017-12-29 00:00:00+01:00,189.28880855640534,194.3537675171029,188.5493991479819,193.35556030273438,39041
2018-01-01 00:00:00+01:00,193.35556030273438,193.35556030273438,193.35556030273438,193.35556030273438,0
2018-01-02 00:00:00+01:00,193.35556030273438,193.35556030273438,193.35556030273438,193.35556030273438,0
2018-01-03 00:00:00+01:00,199.04900979987292,199.04900979987292,194.46466271742335,195.9434814453125,21619
2018-01-04 00:00:00+01:00,195.94346398183146,197.27439169231943,192.39430837720957,194.4646453857422,39229
2018-01-05 00:00:00+01:00,194.16889658709576,194.46465580917027,192.54218701821245,193.13372802734375,38794
2018-01-08 00:00:00+01:00,192.2464396158854,195.7955956289545,187.36633317417775,188.5493927001953,63287
2018-01-09 00:00:00+01:00,187.80998024107916,189.2887989831349,183.96505376823256,186.33116149902344,118435
2018-01-10 00:00:00+01:00,188.99304959657542,188.99304959657542,164.74041870650353,170.80357360839844,262615
2018-01-11 00:00:00+01:00,171.54297751553304,171.69085713620322,157.49419918451954,161.78277587890625,404387
2018-01-12 00:00:00+01:00,161.78278818998848,164.00101651631604,149.65646656990222,153.05775451660156,300463
2018-01-15 00:00:00+01:00,154.38868088416433,161.19124492735241,153.9450307429272,159.8603057861328,157997
2018-01-16 00:00:00+01:00,160.59971989093512,160.59971989093512,156.1632634780226,158.23361206054688,217109
2018-01-17 00:00:00+01:00,158.08573825725313,163.26160426289056,152.02258319286207,162.67007446289062,131002
2018-01-18 00:00:00+01:00,163.55733399940004,164.88827298854105,158.5293485306953,158.8251190185547,82428
2018-01-19 00:00:00+01:00,160.89548512575783,165.47982101171868,158.97301623043955,164.44464111328125,114914
2018-01-22 00:00:00+01:00,164.29677867914336,169.62052449976727,164.14889904461074,167.10653686523438,81674
2018-01-23 00:00:00+01:00,168.437447539016,169.76838658879134,165.18403971928842,168.5853271484375,78313
2018-01-24 00:00:00+01:00,169.0289949338896,176.5709686279297,167.6980557449432,176.5709686279297,76684
2018-01-25 00:00:00+01:00,176.7188509175706,178.64131991753692,171.0993348272785,172.2823944091797,74318
2018-01-26 00:00:00+01:00,172.57813217931744,174.79636015736773,167.40226689720006,169.0289764404297,46526
2018-01-29 00:00:00+01:00,169.47261170485788,170.50779150902028,164.5925170252033,165.627685546875,74434
2018-01-30 00:00:00+01:00,165.627685546875,165.627685546875,165.627685546875,165.627685546875,0
2018-01-31 00:00:00+01:00,170.06414794921875,170.06414794921875,166.07134203210313,170.06414794921875,57660
2018-02-01 00:00:00+01:00,167.69805597801206,170.65569360978478,164.29676818847656,164.29676818847656,39129
2018-02-02 00:00:00+01:00,164.44465059917334,165.47983055732453,161.19125366210938,161.19125366210938,41364
2018-02-05 00:00:00+01:00,160.451844241641,162.67007250304616,157.05055639448943,161.19125366210938,22911
2018-02-06 00:00:00+01:00,157.1984261064285,157.6420649293896,151.726790363315,156.75477600097656,67306
2018-02-07 00:00:00+01:00,155.57172969924287,157.93784875127798,154.6844406959756,155.27597045898438,51544
2018-02-08 00:00:00+01:00,154.6844406959756,156.60690960513116,152.61409216669077,155.27597045898438,36794
2018-02-09 00:00:00+01:00,152.6140889329001,154.98020793479876,151.57892033143816,151.8746795654297,159244
2018-02-12 00:00:00+01:00,153.20563693521902,154.24081694249665,150.2479991129851,154.09292602539062,74068
2018-02-13 00:00:00+01:00,154.09291586309325,159.86031149259315,153.20562683143763,158.9730224609375,35097
2018-02-14 00:00:00+01:00,160.45185080100447,165.33195768859437,159.41668208302738,165.18406677246094,33877
2018-02-15 00:00:00+01:00,165.62771218039774,166.66288086852822,162.67007446289062,162.67007446289062,27322
2018-02-16 00:00:00+01:00,163.85312905878175,164.88829771529797,157.78996289706853,158.9730224609375,25472
2018-02-19 00:00:00+01:00,159.4166592054568,160.4518277748789,158.6772498608721,159.26876831054688,9016
2018-02-20 00:00:00+01:00,159.71243555756683,159.86031518584386,153.50140090999176,155.42385864257812,41726
2018-02-21 00:00:00+01:00,156.01536668021726,160.00817249932123,155.4238369671116,156.75477600097656,53608
2018-02-22 00:00:00+01:00,157.49419413076183,160.45183157922685,154.68443629822178,158.08572387695312,17219
2018-02-23 00:00:00+01:00,158.23360349287807,160.74759081107675,156.31113463837923,158.08572387695312,42616
2018-02-26 00:00:00+01:00,158.08574299823218,159.41668226752364,154.68445500809764,155.71963500976562,14958
2018-02-27 00:00:00+01:00,155.7196246062266,158.82514183876697,155.7196246062266,158.23361206054688,10571
2018-02-28 00:00:00+01:00,157.6420649293896,158.5293538578026,154.83230725400597,156.75477600097656,38664
2018-03-01 00:00:00+01:00,155.2759671687903,156.31113577025226,151.57892033143816,151.8746795654297,30672
2018-03-02 00:00:00+01:00,150.10010096084798,159.12089294928734,150.10010096084798,153.5013885498047,40903
2018-03-05 00:00:00+01:00,152.46619889510256,159.7124124575449,152.46619889510256,157.19842529296875,32619
2018-03-06 00:00:00+01:00,157.4941869673493,168.5853268946274,155.27595898189367,167.4022674560547,109338
2018-03-07 00:00:00+01:00,167.84591863616214,169.32473730256004,162.96581252405264,168.1416778564453,45697
2018-03-08 00:00:00+01:00,168.43746310313935,175.83155708235975,168.14169257447531,173.90908813476562,137372
2018-03-09 00:00:00+01:00,174.94427081493225,174.94427081493225,170.06416419883828,170.80357360839844,25716
2018-03-12 00:00:00+01:00,170.80356325175427,172.13450236475975,160.74759137848122,163.4094696044922,68523
2018-03-13 00:00:00+01:00,163.11370155265897,167.69803710960554,160.74758268746896,162.07852172851562,21451
2018-03-14 00:00:00+01:00,161.93066308257778,161.93066308257778,157.05055639448943,161.19125366210938,15591
2018-03-15 00:00:00+01:00,161.33913055670382,165.33194812909232,161.33913055670382,164.29676818847656,33197
2018-03-16 00:00:00+01:00,164.74042798612928,169.3247643271339,163.55736835119583,167.55018615722656,49512
2018-03-19 00:00:00+01:00,167.10652382720804,167.10652382720804,154.24080482430475,157.49420166015625,54355
2018-03-20 00:00:00+01:00,156.75478819340609,158.82513670906263,152.02257268546978,154.53656005859375,34097
2018-03-21 00:00:00+01:00,155.71961248253334,161.33911673188229,154.3886734057826,159.26876831054688,93690
2018-03-22 00:00:00+01:00,160.00819111745372,167.69805571761762,158.08573342928187,158.9730224609375,86991
2018-03-23 00:00:00+01:00,156.16325843429112,161.3391240821866,153.50139144201134,154.53656005859375,42694
2018-03-26 00:00:00+02:00,154.5365762117229,156.4590453091721,151.57893838948894,154.09292602539062,28247
2018-03-27 00:00:00+02:00,155.27595299940842,157.05053080640545,152.76196589241422,153.79713439941406,111609
2018-03-28 00:00:00+02:00,151.87468572642146,158.8251408320926,150.2479873084957,157.49420166015625,99487
2018-03-29 00:00:00+02:00,156.6069175117038,163.40948192351456,156.16326734642584,161.19125366210938,61115
2018-03-30 00:00:00+02:00,161.19125366210938,161.19125366210938,161.19125366210938,161.19125366210938,0
2018-04-02 00:00:00+02:00,161.19125366210938,161.19125366210938,161.19125366210938,161.19125366210938,0
2018-04-03 00:00:00+02:00,160.45182852909483,176.2751840645897,158.67725060674653,171.54296875,126440
2018-04-04 00:00:00+02:00,170.6556887050744,177.4582528061449,170.0641589392222,177.0146026611328,112216
2018-04-05 00:00:00+02:00,177.45825226240197,193.87314962266763,177.01460211874925,190.91551208496094,156199
2018-04-06 00:00:00+02:00,190.02819417809488,193.2815906549181,184.1129196511503,188.2536163330078,97994
2018-04-09 00:00:00+02:00,188.54937851428986,191.06336571481734,184.26080215825095,189.28878784179688,49359
2018-04-10 00:00:00+02:00,189.28882037706612,189.43671129398,177.9019192892554,178.9370880126953,109434
2018-04-11 00:00:00+02:00,178.19767374932013,179.97225187946984,174.50062657609772,175.2400360107422,32761
2018-04-12 00:00:00+02:00,175.23999735248162,183.96502901302725,174.64846767876003,180.85951232910156,97325
2018-04-13 00:00:00+02:00,181.30316830811432,182.04257764973184,178.78918105961128,181.15528869628906,34448
2018-04-16 00:00:00+02:00,181.15530029291097,185.14810648024775,179.08495174735074,183.5214080810547,41802
2018-04-17 00:00:00+02:00,184.26078981384634,184.70443989362496,179.08492486805017,179.9722137451172,67420
2018-04-18 00:00:00+02:00,179.97222711567272,183.37351456002443,178.3455288397836,179.6764678955078,15165
2018-04-19 00:00:00+02:00,180.4158638248958,182.92985085700073,177.75398591120452,179.9722137451172,34290
2018-04-20 00:00:00+02:00,180.41587286913247,181.8946914992073,175.3878872703798,176.7188262939453,30433
2018-04-23 00:00:00+02:00,176.71884317495847,176.71884317495847,170.06415870393494,172.87391662597656,47786
2018-04-24 00:00:00+02:00,174.23393749320417,176.0472955828671,172.72280190880187,173.0250244140625,43392
2018-04-25 00:00:00+02:00,172.571679127122,174.0828147115243,170.45609853219844,173.0250244140625,103759
2018-04-26 00:00:00+02:00,172.26944986979169,173.02501763237848,166.67825303826896,170.00274658203125,80073
2018-04-27 00:00:00+02:00,177.5584311672694,179.37178925693232,170.60720978482877,173.0250244140625,147132
2018-04-30 00:00:00+02:00,172.11833190626828,174.8383688280035,166.98046901537023,173.78057861328125,52644
2018-05-01 00:00:00+02:00,173.78057861328125,173.78057861328125,173.78057861328125,173.78057861328125,0
2018-05-02 00:00:00+02:00,170.75831111221956,173.62947086150913,170.0027433639354,171.96722412109375,25800
2018-05-03 00:00:00+02:00,171.96722412109375,171.96722412109375,171.96722412109375,171.96722412109375,0
2018-05-04 00:00:00+02:00,173.78058539496527,175.74506618931062,167.43382080085576,170.00274658203125,48805
2018-05-07 00:00:00+02:00,169.24717712402344,170.4560901436718,162.74928981924938,169.24717712402344,37884
2018-05-08 00:00:00+02:00,168.4916024641557,168.4916024641557,164.26041859783103,166.2248992919922,82810
2018-05-09 00:00:00+02:00,166.82937603584082,169.70053604171474,163.9582160299669,168.4916229248047,42041
2018-05-10 00:00:00+02:00,168.49161766085564,174.98950528540533,167.13159332908367,173.0250244140625,61337
2018-05-11 00:00:00+02:00,171.81610294594728,177.10507723311952,171.66499170069503,176.0472869873047,73354
2018-05-14 00:00:00+02:00,175.29173788363352,178.31400922645477,174.23394752526616,175.8961944580078,78244
2018-05-15 00:00:00+02:00,175.44282532029422,175.59393656110473,170.90941892168686,173.78057861328125,69010
2018-05-16 00:00:00+02:00,171.66500008229053,173.78059220626366,171.21166632439957,173.0250244140625,40854
2018-05-17 00:00:00+02:00,171.51388372628728,173.4783645391772,169.24718041712927,172.42056274414062,28462
2018-05-18 00:00:00+02:00,173.62948095363333,173.62948095363333,170.60720978482877,173.0250244140625,13783
2018-05-21 00:00:00+02:00,173.0250140811652,173.1761253247713,170.3049655800601,171.81610107421875,17662
2018-05-22 00:00:00+02:00,172.26945149600658,173.02501926572592,170.60720470843393,172.42056274414062,18960
2018-05-23 00:00:00+02:00,170.60718620268264,173.6294569537344,170.15384097840567,172.5716552734375,56630
2018-05-24 00:00:00+02:00,172.269451413405,175.59394498695627,171.96722891728186,174.0828094482422,105186
2018-05-25 00:00:00+02:00,174.53615986564876,179.06956661540585,173.78059207402256,174.68727111816406,20435
2018-05-28 00:00:00+02:00,174.38504682746455,177.40731796302182,173.78059029454323,175.5939483642578,22924
2018-05-29 00:00:00+02:00,175.29173788363352,176.04730571933882,172.57168906347428,175.8961944580078,59671
2018-05-30 00:00:00+02:00,173.78059055841788,175.7450714111328,171.06054192066634,175.7450714111328,97532
2018-05-31 00:00:00+02:00,175.7450714111328,175.7450714111328,175.7450714111328,175.7450714111328,0
2018-06-01 00:00:00+02:00,174.68726596953766,174.98949999471,172.269451413405,174.0828094482422,35339
2018-06-04 00:00:00+02:00,175.44282355729916,175.44282355729916,170.90941720424726,171.36276245117188,51225
2018-06-05 00:00:00+02:00,172.26947021484375,173.62949465392893,170.45611198209716,172.26947021484375,60234
2018-06-06 00:00:00+02:00,172.7227934614213,173.93169495238948,163.5048576241507,167.58493041992188,124602
2018-06-07 00:00:00+02:00,168.18939859607704,170.75832453049108,167.43383078842,169.39830017089844,165551
2018-06-08 00:00:00+02:00,167.8871611219452,170.45609853286896,167.73604986931431,169.54940795898438,81615
2018-06-11 00:00:00+02:00,170.0027585564173,171.66500544538115,168.4916229248047,168.4916229248047,106357
2018-06-12 00:00:00+02:00,168.4916061848059,171.21165466308594,168.4916061848059,171.21165466308594,56450
2018-06-13 00:00:00+02:00,171.21166811366194,174.5361618224701,170.4561003135647,172.11834716796875,18560
2018-06-14 00:00:00+02:00,171.8161228056628,177.4073317586598,171.8161228056628,176.65176391601562,36412
2018-06-15 00:00:00+02:00,174.98951075235883,176.04730108286768,168.4916229248047,168.4916229248047,60564
2018-06-18 00:00:00+02:00,169.24718587345296,170.3049761735422,160.78482888559023,161.08705139160156,82508
2018-06-19 00:00:00+02:00,159.57591759763935,163.65599064896418,154.1358317249226,160.1803741455078,81479
2018-06-20 00:00:00+02:00,157.30920422296472,163.35374626057376,157.15809297783431,162.4470672607422,49615
2018-06-21 00:00:00+02:00,161.23816109301657,162.2959629119762,155.3447415791607,158.6692352294922,54707
2018-06-22 00:00:00+02:00,158.06478560794812,159.42480998949793,156.70476122639835,158.3670196533203,50902
2018-06-25 00:00:00+02:00,157.15809965587798,161.54039512516908,157.15809965587798,158.6692352294922,37438
2018-06-26 00:00:00+02:00,160.93593005599263,163.50485578329503,159.5759058060477,161.69149780273438,62329
2018-06-27 00:00:00+02:00,161.6915063767206,161.99372887982366,157.3092109074295,158.6692352294922,28681
2018-06-28 00:00:00+02:00,158.97145795062966,159.57591448671428,149.9802058869131,150.13131713867188,35021
2018-06-29 00:00:00+02:00,151.71799711782137,153.07802128947574,148.0912698364258,151.11354064941406,84860
2018-07-02 00:00:00+02:00,150.2068838788268,150.2068838788268,145.22013168983304,147.33572387695312,42396
2018-07-03 00:00:00+02:00,146.80683767617708,148.5446460620276,143.4823321708434,144.38902282714844,28415
2018-07-04 00:00:00+02:00,144.31344771385193,147.33571887016296,144.31344771385193,145.0690155029297,53970
2018-07-05 00:00:00+02:00,145.67345846422532,148.6201679553955,144.91789074556135,145.82456970214844,30194
2018-07-06 00:00:00+02:00,146.50458455396196,146.58014594184027,134.113277859158,136.002197265625,112468
2018-07-09 00:00:00+02:00,136.002200619205,137.96668146199107,128.44652280702695,137.51333618164062,203632
2018-07-10 00:00:00+02:00,139.0244582989894,170.00273433300333,138.3444519732767,164.71376037597656,484683
2018-07-11 00:00:00+02:00,164.71378257095722,166.52714070323773,159.4248079012476,164.41156005859375,120420
2018-07-12 00:00:00+02:00,165.3182304692873,169.24718056955646,161.38928036901817,163.9582061767578,102782
2018-07-13 00:00:00+02:00,165.46933156793767,166.2248992919922,162.90040591777174,166.2248992919922,107013
2018-07-16 00:00:00+02:00,166.22491801872056,167.5849423810473,163.65599207914207,166.0738067626953,151020
2018-07-17 00:00:00+02:00,164.2604082755744,166.98045652286,164.10929704606914,165.01597595214844,100975
2018-07-18 00:00:00+02:00,163.35374965462813,165.922686991417,163.35374965462813,163.9582061767578,62442
2018-07-19 00:00:00+02:00,162.59818849816045,165.16712593944482,161.99373195144355,163.50486755371094,59501
2018-07-20 00:00:00+02:00,163.202638406358,165.3182304692873,160.3314785730289,163.9582061767578,97923
2018-07-23 00:00:00+02:00,162.29593923391062,165.16709871070148,161.23813756927828,165.01597595214844,56053
2018-07-24 00:00:00+02:00,165.01600672986208,167.584944226784,164.26043891236444,165.16712951660156,57694
2018-07-25 00:00:00+02:00,163.8070814320102,166.5271182639093,163.35373619550288,164.71376037597656,65664
2018-07-26 00:00:00+02:00,163.5048574554588,166.22490598316656,163.20263496529083,164.10931396484375,46300
2018-07-27 00:00:00+02:00,164.713784214483,165.16712951660156,163.20264857948774,165.16712951660156,31189
2018-07-30 00:00:00+02:00,163.65597019619054,166.07378455645025,163.65597019619054,164.71376037597656,63309
2018-07-31 00:00:00+02:00,163.20263153055484,165.62044598816072,162.74928627579493,164.2604217529297,35564
2018-08-01 00:00:00+02:00,164.56265945014002,166.67825147130392,163.35374642974662,165.9226837158203,40775
2018-08-02 00:00:00+02:00,163.80707446527336,165.16709858790503,163.35372924804688,163.35372924804688,22486
2018-08-03 00:00:00+02:00,163.35372936949514,165.9226663872755,163.35372936949514,165.01597595214844,27988
2018-08-06 00:00:00+02:00,163.95820973714194,164.71377752394903,158.6692352294922,158.6692352294922,30667
2018-08-07 00:00:00+02:00,158.6692268157674,163.20263329621787,158.6692268157674,161.69149780273438,57884
2018-08-08 00:00:00+02:00,160.78480489957172,165.3182109877417,158.82032431641224,158.971435546875,52757
2018-08-09 00:00:00+02:00,160.93593668017078,163.2026400136943,159.72702362400514,161.2381591796875,23208
2018-08-10 00:00:00+02:00,159.42479456250913,166.52712677026202,159.42479456250913,161.69149780273438,49299
2018-08-13 00:00:00+02:00,160.93592661989823,161.99371683113256,158.82033466838092,161.8426055908203,25514
2018-08-14 00:00:00+02:00,161.6915079326738,163.95821131490754,161.08705139160156,161.08705139160156,9896
2018-08-15 00:00:00+02:00,161.08705139160156,161.08705139160156,161.08705139160156,161.08705139160156,0
2018-08-16 00:00:00+02:00,160.1803658042182,160.63371107377432,157.00698350447277,159.87814331054688,141483
2018-08-17 00:00:00+02:00,159.7270270564514,161.54039667966813,159.42480455044006,161.08705139160156,13360
2018-08-20 00:00:00+02:00,160.93593509515858,164.71377394715762,160.18036732475878,163.9582061767578,17299
2018-08-21 00:00:00+02:00,163.65599060058594,164.109324364566,162.90042279823615,163.65599060058594,55167
2018-08-22 00:00:00+02:00,163.20264185377394,163.958209640134,162.59818531887598,163.80709838867188,29016
2018-08-23 00:00:00+02:00,163.0515520164223,163.80711990201365,152.77582416075964,155.798095703125,60781
2018-08-24 00:00:00+02:00,155.7980753338153,159.12258051319625,155.7980753338153,158.6692352294922,55176
2018-08-27 00:00:00+02:00,157.9136608326314,162.4470673637117,157.61143834217896,159.12257385253906,25512
2018-08-28 00:00:00+02:00,160.18034833573296,162.29594014786352,156.85585515170482,157.30918884277344,18403
2018-08-29 00:00:00+02:00,158.36701115526427,158.97145615547382,153.0780367000853,156.2514190673828,41738
2018-08-30 00:00:00+02:00,155.79806173527075,160.63370206619604,155.6469504969087,155.9491729736328,68539
2018-08-31 00:00:00+02:00,157.006983371348,157.006983371348,154.89139133029514,156.40252685546875,69986
2018-09-03 00:00:00+02:00,156.40252515181754,156.55363639687906,154.28693313380924,155.64695739746094,42646
2018-09-04 00:00:00+02:00,156.25141045268666,156.40252169440774,152.92690548957918,154.1358184814453,30564
2018-09-05 00:00:00+02:00,154.74028344937992,157.00698678644392,151.56690108330017,152.7758026123047,54008
2018-09-06 00:00:00+02:00,152.92690689254195,152.92690689254195,147.2601488081486,148.01571655273438,34018
2018-09-07 00:00:00+02:00,148.09127984163956,149.07352022803167,139.8555959314537,142.12229919433594,55540
2018-09-10 00:00:00+02:00,144.0867682997239,148.84684745301593,142.04673767089844,142.04673767089844,61607
2018-09-11 00:00:00+02:00,142.80231578930005,144.1623401502462,136.98444597036075,139.78004455566406,97509
2018-09-12 00:00:00+02:00,139.78003075310622,140.9889437388066,136.3044145660041,137.0599822998047,84347
2018-09-13 00:00:00+02:00,137.21112182262019,143.2556644310343,133.13104864451063,141.2911834716797,79110
2018-09-14 00:00:00+02:00,140.0067104528737,141.8956298828125,135.24663118361806,141.8956298828125,50156
2018-09-17 00:00:00+02:00,141.8200651370383,141.8200651370383,138.42001024362958,138.7222442626953,107326
2018-09-18 00:00:00+02:00,139.25114730038115,147.4112818142289,137.96668435122214,145.7490234375,46833
2018-09-19 00:00:00+02:00,145.74900019001973,150.20685639894486,144.16231498674625,148.84683227539062,51357
2018-09-20 00:00:00+02:00,149.14907172301577,151.71800903324038,148.16684285489222,149.6024169921875,37421
2018-09-21 00:00:00+02:00,149.60240524291993,152.47356482106844,148.5446150699933,151.11354064941406,252523
2018-09-24 00:00:00+02:00,151.11357088020537,158.51813815914554,150.73578695300486,154.5891876220703,33116
2018-09-25 00:00:00+02:00,154.13582692035297,156.25141900742258,152.02023483328335,152.7758026123047,26997
2018-09-26 00:00:00+02:00,154.13581146240236,155.6469468688965,150.66019541584654,151.11354064941406,24780
2018-09-27 00:00:00+02:00,151.11354899799855,155.49584422475027,149.75352475120678,151.415771484375,51053
2018-09-28 00:00:00+02:00,150.88689664331287,154.74029727216148,150.35800145656216,152.02024841308594,41190
2018-10-01 00:00:00+02:00,151.4157749429289,157.46031704091487,150.88687981516495,151.26466369628906,21125
2018-10-02 00:00:00+02:00,150.9624294145743,153.2291325243155,149.60240524291993,151.11354064941406,26228
2018-10-03 00:00:00+02:00,151.26468717257075,156.4025510590652,151.26468717257075,153.38027954101562,26262
2018-10-04 00:00:00+02:00,152.62468128850745,152.62468128850745,148.16683629813582,151.71800231933594,14149
2018-10-05 00:00:00+02:00,150.8868851800592,150.96244657059032,145.14457690023002,146.80682373046875,36039
2018-10-08 00:00:00+02:00,148.39350553633875,148.39350553633875,144.3134441866602,146.8823699951172,11356
2018-10-09 00:00:00+02:00,146.58016285246626,148.77130500513553,144.61568183148313,146.95794677734375,11940
2018-10-10 00:00:00+02:00,149.45131075076773,152.62469315410254,147.33571863886135,151.86912536621094,53795
2018-10-11 00:00:00+02:00,144.38899270213443,151.11354064941406,143.55786361694337,151.11354064941406,64620
2018-10-12 00:00:00+02:00,150.35800021906107,151.71802463740534,148.0157353025209,149.67799377441406,32752
2018-10-15 00:00:00+02:00,151.1135437327963,151.1135437327963,144.69121812415247,145.82456970214844,46514
2018-10-16 00:00:00+02:00,145.0690301734017,149.3757647008644,144.99346877523277,148.39352416992188,98081
2018-10-17 00:00:00+02:00,149.60241685957527,154.89139119299458,148.8468490976582,152.92691040039062,139013
2018-10-18 00:00:00+02:00,152.77582293159554,154.13584742052802,151.11357590247846,153.38027954101562,23830
2018-10-19 00:00:00+02:00,152.6246760559082,154.13581146240236,149.37573262613617,151.11354064941406,47007
2018-10-22 00:00:00+02:00,151.1135458302054,152.62468128850745,149.82908299645837,151.71800231933594,45153
2018-10-23 00:00:00+02:00,151.5668941755266,151.5668941755266,145.82457470505517,148.01571655273438,35479
2018-10-24 00:00:00+02:00,148.46906215955826,151.86911701817408,147.4112719262751,151.56689453125,9499
2018-10-25 00:00:00+02:00,149.6024256110725,149.6024256110725,144.38901236048838,148.31796264648438,30567
2018-10-26 00:00:00+02:00,148.54463545978058,150.73577748834208,146.42904329448513,146.6557159423828,15501
2018-10-29 00:00:00+01:00,147.71350654395852,149.602426064981,138.42002019471792,139.78004455566406,34909
2018-10-30 00:00:00+01:00,140.5356163770924,141.36674560169524,134.03772842760677,134.56663513183594,34484
2018-10-31 00:00:00+01:00,136.15329374957042,141.36671766357028,136.15329374957042,139.47779846191406,72528
2018-11-01 00:00:00+01:00,139.47779846191406,139.47779846191406,139.47779846191406,139.47779846191406,0
2018-11-02 00:00:00+01:00,140.68672026692894,141.820071952531,136.3799861674509,140.0067138671875,49353
2018-11-05 00:00:00+01:00,140.98895242304604,146.50458799628785,138.7977989426307,144.31344604492188,39806
2018-11-06 00:00:00+01:00,146.4290381356835,146.50458799628785,141.5178475634741,144.31344604492188,17350
2018-11-07 00:00:00+01:00,143.5578715480986,151.415771484375,142.72674241699008,151.415771484375,44584
2018-11-08 00:00:00+01:00,151.41578008185618,154.7402852660089,149.75353325430459,151.86912536621094,33568
2018-11-09 00:00:00+01:00,150.3579777983046,152.1713357329964,145.82457143252657,146.58013916015625,17722
2018-11-12 00:00:00+01:00,146.58013916015625,146.58013916015625,146.58013916015625,146.58013916015625,0
2018-11-13 00:00:00+01:00,146.4290433291194,146.4290433291194,141.29117993477226,144.91790771484375,30854
2018-11-14 00:00:00+01:00,144.31344969376272,144.31344969376272,138.7222525894986,139.02447509765625,17782
2018-11-15 00:00:00+01:00,139.78003607855902,140.15781995985245,135.2466295030382,136.002197265625,43774
2018-11-16 00:00:00+01:00,137.28665493489086,139.62891952144798,133.13103239871114,133.73548889160156,18503
2018-11-19 00:00:00+01:00,133.13102568095866,136.07774661171553,127.01093426301394,134.11326599121094,49633
2018-11-20 00:00:00+01:00,134.11326879478364,134.11326879478364,124.8197836372791,125.42424011230469,31951
2018-11-21 00:00:00+01:00,125.42424693388097,130.25987593898932,125.42424693388097,128.44651794433594,47194
2018-11-22 00:00:00+01:00,129.35319535334227,129.5798679821529,127.69094862381247,127.76651000976562,23167
2018-11-23 00:00:00+01:00,127.76651666796482,128.5976343115167,126.25538110254382,127.31317138671875,10924
2018-11-26 00:00:00+01:00,127.69095611572266,129.95765947872366,127.69095611572266,127.69095611572266,44599
2018-11-27 00:00:00+01:00,127.69094028362649,131.84656260054925,127.69094028362649,130.7132110595703,41647
2018-11-28 00:00:00+01:00,130.93991251773065,131.7710302467695,129.20210413293947,129.88211059570312,24478
2018-11-29 00:00:00+01:00,131.24210613955088,132.67769167555304,129.2020756715984,130.7132110595703,75018
2018-11-30 00:00:00+01:00,132.60213029453521,132.60213029453521,130.0332047466022,130.7132110595703,35322
2018-12-03 00:00:00+01:00,130.71322798454898,133.73549915182178,130.18433283608616,131.4687957763672,36568
2018-12-04 00:00:00+01:00,131.5443472111415,135.92663084877117,131.2421131998593,133.81105041503906,36622
2018-12-05 00:00:00+01:00,132.60216352706897,132.60216352706897,127.08651567283937,128.14431762695312,124859
2018-12-06 00:00:00+01:00,127.91762791869704,129.27765223338582,126.93538749536351,127.31317138671875,31436
2018-12-07 00:00:00+01:00,127.7665235041807,129.65544306202457,126.48204898160682,126.93539428710938,71843
2018-12-10 00:00:00+01:00,128.370949575613,128.370949575613,124.66867240078479,125.42424011230469,39912
2018-12-11 00:00:00+01:00,124.97089553072065,126.48203096170421,120.6641618582272,122.40196990966797,39882
2018-12-12 00:00:00+01:00,122.17530811606447,124.66868410395342,121.64641297416061,123.83755493164062,239676
2018-12-13 00:00:00+01:00,124.2153447698587,124.8198013305664,123.1575544354077,124.8198013305664,349893
2018-12-14 00:00:00+01:00,126.63316474372398,138.9489103543347,125.49981307189728,137.51333618164062,115513
2018-12-17 00:00:00+01:00,137.8911096038068,137.8911096038068,128.44651305560086,129.65542602539062,54991
2018-12-18 00:00:00+01:00,130.7132230682841,130.7132230682841,125.57535997135095,125.87759399414062,62813
2018-12-19 00:00:00+01:00,124.97090992237696,128.52208781738085,123.76200835580198,127.08650207519531,81562
2018-12-20 00:00:00+01:00,126.93538679168041,131.0910095735509,124.89535609548115,127.01094818115234,38905
2018-12-21 00:00:00+01:00,127.08649981706913,127.08649981706913,119.45527206481347,120.8908462524414,111781
2018-12-24 00:00:00+01:00,120.8908462524414,120.8908462524414,120.8908462524414,120.8908462524414,0
2018-12-25 00:00:00+01:00,120.8908462524414,120.8908462524414,120.8908462524414,120.8908462524414,0
2018-12-26 00:00:00+01:00,120.8908462524414,120.8908462524414,120.8908462524414,120.8908462524414,0
2018-12-27 00:00:00+01:00,122.09974987078493,122.85531760134907,115.82853540129283,116.81077575683594,55626
2018-12-28 00:00:00+01:00,118.62413356221843,120.05970763702074,117.0374367182381,118.3974609375,31174
2018-12-31 00:00:00+01:00,118.39746093750001,118.39746093750001,118.39746093750001,118.3974609375,0
2019-01-01 00:00:00+01:00,118.39746093750001,118.39746093750001,118.39746093750001,118.3974609375,0
2019-01-02 00:00:00+01:00,118.47303342476961,122.553094935869,115.6018734770461,118.2463607788086,39234
2019-01-03 00:00:00+01:00,118.54857245600392,121.34418228568138,116.65965312732925,120.21083068847656,45945
2019-01-04 00:00:00+01:00,120.36195097348568,122.02419780181819,119.22859929111584,120.8152847290039,39098
2019-01-07 00:00:00+01:00,120.96639451770957,125.80202323150549,120.96639451770957,125.12201690673828,46076
2019-01-08 00:00:00+01:00,125.42425286661165,126.70871580100199,122.62865435551515,124.29090118408203,22125
2019-01-09 00:00:00+01:00,124.66869555021587,129.50432519024042,124.59313415341374,129.2021026611328,37484
2019-01-10 00:00:00+01:00,129.95765340377778,131.39322752161854,126.70870976287355,130.1087646484375,67706
2019-01-11 00:00:00+01:00,130.18432284831226,135.24662435930327,130.18432284831226,133.73548889160156,61194
2019-01-14 00:00:00+01:00,133.73548214334838,134.11326599121094,129.27763735018934,134.11326599121094,26076
2019-01-15 00:00:00+01:00,134.11327450396135,134.11327450396135,131.61989864399342,132.8288116455078,36916
2019-01-16 00:00:00+01:00,133.05548253827357,137.8155500381347,131.84656955253345,135.39773559570312,45676
2019-01-17 00:00:00+01:00,135.9266508769923,138.8733723936754,134.1888540545194,137.66445922851562,30440
2019-01-18 00:00:00+01:00,137.66444067942544,138.94890353868098,135.09551496091436,136.22886657714844,42962
2019-01-21 00:00:00+01:00,137.13556253246438,137.74001910838996,134.49107510070885,135.17108154296875,15315
2019-01-22 00:00:00+01:00,134.49105474062574,137.36221439483083,132.90435791015625,132.90435791015625,32492
2019-01-23 00:00:00+01:00,132.29991641845714,132.526577518131,128.44651631731807,131.09100341796875,57981
2019-01-24 00:00:00+01:00,131.84659564372384,134.33997196457292,126.48205906035308,128.14431762695312,75557
2019-01-25 00:00:00+01:00,128.37095750315027,128.37095750315027,121.7975203127947,122.0997543334961,140126
2019-01-28 00:00:00+01:00,123.30864729698997,125.273127943948,121.3441781790802,123.38420867919922,44967
2019-01-29 00:00:00+01:00,123.83756763717233,125.19759209092526,123.00644990863763,124.44202423095703,28645
2019-01-30 00:00:00+01:00,125.19758106266487,125.19758106266487,122.47754392380911,124.66868591308594,25251
2019-01-31 00:00:00+01:00,124.6686751183603,126.7842670625422,124.36645263878371,126.6331558227539,25184
2019-02-01 00:00:00+01:00,126.70872266135788,127.38874062512339,123.45977868972304,125.65093231201172,20421
2019-02-04 00:00:00+01:00,124.8197878039642,127.31316364102247,123.38421371577395,123.9131088256836,60277
2019-02-05 00:00:00+01:00,123.9131095672327,125.72646753464586,122.09975159981954,122.55308532714844,38541
2019-02-06 00:00:00+01:00,122.40199316333155,126.17983245849611,121.79753657029511,126.1798324584961,48941
2019-02-07 00:00:00+01:00,125.34869231553748,127.08650054619648,123.68644547583958,124.66868591308594,32096
2019-02-08 00:00:00+01:00,125.34870320193967,126.17983245849611,123.53534495188092,126.1798324584961,26564
2019-02-11 00:00:00+01:00,125.8776015307198,127.23761436302846,123.91312061664094,124.0642318725586,18987
2019-02-12 00:00:00+01:00,124.06422163413477,124.51756689352511,117.18856206037348,117.86856842041016,89401
2019-02-13 00:00:00+01:00,118.6241288755108,118.69969025711447,112.95737112668067,113.10848236083984,96991
2019-02-14 00:00:00+01:00,113.33516693115234,116.20632679921808,111.97514262216865,113.33516693115234,121661
2019-02-15 00:00:00+01:00,113.41072563878707,115.07297240865859,111.97513997417828,112.12625122070312,75030
2019-02-18 00:00:00+01:00,112.57958762346728,116.58409875078279,112.57958762346728,114.9218521118164,73345
2019-02-19 00:00:00+01:00,115.1485232482452,117.11300405694918,114.1662943729424,115.97965240478516,48556
2019-02-20 00:00:00+01:00,116.35743951797485,121.94863654553046,116.2063282659692,120.8908462524414,49567
2019-02-21 00:00:00+01:00,120.8908479281362,121.26863182791162,116.73522503060651,119.90860748291016,35146
2019-02-22 00:00:00+01:00,119.7574852997402,120.58861441501715,118.47302246353378,120.13526916503906,26729
2019-02-25 00:00:00+01:00,120.13527351446896,127.16205596923828,119.98416226868824,127.16205596923828,105373
2019-02-26 00:00:00+01:00,127.16204815461015,128.06872710262436,124.2153271622535,125.42424011230469,94815
2019-02-27 00:00:00+01:00,125.87758535083597,125.87758535083597,122.6286418854907,125.42424011230469,41348
2019-02-28 00:00:00+01:00,125.34869231553748,126.25538289087231,122.85532782051543,124.66868591308594,45350
2019-03-01 00:00:00+01:00,125.04646457329034,125.72647094726562,123.38421780320142,125.72647094726562,20908
2019-03-04 00:00:00+01:00,126.55760539661753,127.08650054619648,123.76200686680068,124.66868591308594,15606
2019-03-05 00:00:00+01:00,124.66869798906009,125.80204978896064,122.77977832255918,123.15756225585938,19777
2019-03-06 00:00:00+01:00,123.23310346391018,125.12202282093487,123.23310346391018,124.366455078125,18895
2019-03-07 00:00:00+01:00,123.61090758743987,124.13980278824998,121.87309918844889,123.15756225585938,19049
2019-03-08 00:00:00+01:00,123.8375526088393,123.8375526088393,109.63288778848728,112.57959747314453,169838
2019-03-11 00:00:00+01:00,112.88181826311975,115.52630541212636,110.91734901271569,111.82402801513672,67125
2019-03-12 00:00:00+01:00,112.20182132214588,113.93962961476352,111.44625350179473,112.65516662597656,39184
2019-03-13 00:00:00+01:00,113.25961122875376,127.69096115425725,111.97514824484637,126.48204803466797,163107
2019-03-14 00:00:00+01:00,125.42426459946319,126.70872765400902,119.90861692271282,126.1798324584961,154365
2019-03-15 00:00:00+01:00,125.87759306531837,125.87759306531837,123.53532840444025,123.76200103759766,38940
2019-03-18 00:00:00+01:00,123.53533088072417,130.56211347516236,122.62865185896908,128.29541015625,100815
2019-03-19 00:00:00+01:00,128.44652135945915,132.97992799567535,128.44652135945915,131.69546508789062,88942
2019-03-20 00:00:00+01:00,131.46880975819198,132.07326636174093,127.99319293457347,129.05099487304688,71295
2019-03-21 00:00:00+01:00,127.61540805718124,127.61540805718124,122.55310565676893,123.15756225585938,59601
2019-03-22 00:00:00+01:00,123.0819847877712,123.91311394413816,119.07748484086464,119.37970733642578,75332
2019-03-25 00:00:00+01:00,118.09524698111116,118.62414212426296,112.88182235248777,113.63739013671875,132893
2019-03-26 00:00:00+01:00,114.69518095739572,116.58410023690142,113.48626800689274,115.52629852294922,104883
2019-03-27 00:00:00+01:00,116.35744294151706,119.00193028109699,114.77074592614916,117.26412200927734,61591
2019-03-28 00:00:00+01:00,118.01967157535525,118.01967157535525,114.09072186975605,114.3929443359375,29900
2019-03-29 00:00:00+01:00,115.67742474604671,116.65965357750898,113.63738263996679,115.37519073486328,39537
2019-04-01 00:00:00+02:00,115.97966187806534,116.81079110249239,114.39296482381378,115.07298278808594,42180
2019-04-02 00:00:00+02:00,116.28188154876626,119.15304153754873,115.52631373745771,117.26412200927734,33913
2019-04-03 00:00:00+02:00,118.54858460065142,123.83755926276679,118.54858460065142,122.32642364501953,95298
2019-04-04 00:00:00+02:00,121.72197208441301,123.98867538930674,119.90860252306851,121.11751556396484,80975
2019-04-05 00:00:00+02:00,121.0419490034422,122.32641184885422,119.00191842201735,120.51305389404297,35994
2019-04-08 00:00:00+02:00,121.64642712485364,121.64642712485364,119.15305084691916,119.83306884765625,36129
2019-04-09 00:00:00+02:00,120.05972998551785,122.93089019862269,118.9263781800068,119.83306884765625,30925
2019-04-10 00:00:00+02:00,120.8908512306019,123.15755469117569,119.83306089395413,121.41974639892578,17798
2019-04-11 00:00:00+02:00,122.40196990966797,123.4597600997371,120.28637800048132,122.40196990966797,49312
2019-04-12 00:00:00+02:00,122.477532301253,125.2731305657804,122.40197091746234,122.85531616210938,47826
2019-04-15 00:00:00+02:00,123.15754452552758,123.76200103759764,121.04195249780688,123.76200103759766,35420
2019-04-16 00:00:00+02:00,124.21534305418766,128.14430487999564,124.06423179836038,127.53984832763672,84776
2019-04-17 00:00:00+02:00,128.44653603559485,129.20210389462775,124.66869674043028,126.1798324584961,55521
2019-04-18 00:00:00+02:00,126.48203870903777,126.55760009683462,125.27313720763179,125.72647094726562,29198
2019-04-19 00:00:00+02:00,125.72647094726562,125.72647094726562,125.72647094726562,125.72647094726562,0
2019-04-22 00:00:00+02:00,125.72647094726562,125.72647094726562,125.72647094726562,125.72647094726562,0
2019-04-23 00:00:00+02:00,124.6686730561433,125.72646324621243,121.64640219417619,122.40196990966797,30943
2019-04-24 00:00:00+02:00,123.00644075871615,124.21534232730997,121.04195985730783,121.94863891601562,57488
2019-04-25 00:00:00+02:00,121.94863991199865,122.40198520957999,120.28639303595013,120.66417694091797,34323
2019-04-26 00:00:00+02:00,122.85532267925866,129.73098239415094,121.64640964876928,129.12652587890625,166881
2019-04-29 00:00:00+02:00,130.03323204998063,132.97994206363413,126.40650405152594,127.46429443359375,110443
2019-04-30 00:00:00+02:00,128.44651631731807,131.5443486754141,127.69094857427503,131.09100341796875,60592
2019-05-01 00:00:00+02:00,131.09100341796875,131.09100341796875,131.09100341796875,131.09100341796875,0
2019-05-02 00:00:00+02:00,129.95767401384492,130.18434668130715,127.69097039732438,129.05099487304688,51880
2019-05-03 00:00:00+02:00,129.05099487304688,129.05099487304688,129.05099487304688,129.05099487304688,0
2019-05-06 00:00:00+02:00,128.8242986260194,132.0732421875,124.74423747470335,132.0732421875,37962
2019-05-07 00:00:00+02:00,132.22438084241406,135.77554762208584,129.42878195327037,130.5621337890625,129103
2019-05-08 00:00:00+02:00,130.71323340279716,131.99769639632098,125.42425864083425,126.93539428710938,59352
2019-05-09 00:00:00+02:00,127.84205373485538,127.84205373485538,122.47752993190183,125.12201690673828,42761
2019-05-10 00:00:00+02:00,124.6686857780524,129.2776539244972,124.6686857780524,128.06874084472656,28072
2019-05-13 00:00:00+02:00,126.17982077598572,126.17982077598572,119.53082192629154,120.8908462524414,74430
2019-05-14 00:00:00+02:00,120.96640171582365,123.00643234056571,120.28638382154367,121.64640808105469,81192
2019-05-15 00:00:00+02:00,122.77976070423841,124.81979134551442,120.8908413087886,122.0997543334961,59707
2019-05-16 00:00:00+02:00,122.17530320168426,123.15754358516716,121.19306281820135,121.64640808105469,38975
2019-05-17 00:00:00+02:00,122.32641936674423,124.89535674449776,120.58862269035289,123.83755493164062,27786
2019-05-20 00:00:00+02:00,124.66868762118872,124.66868762118872,121.4953051511866,121.94863891601562,8605
2019-05-21 00:00:00+02:00,123.15756225585938,123.83756872417942,122.17532172346876,123.15756225585938,11878
2019-05-22 00:00:00+02:00,123.08198893529955,126.10426010895011,122.40198253284801,124.66868591308594,50040
2019-05-23 00:00:00+02:00,124.66868435384734,124.97090685581266,121.72197460801254,122.25086975097656,13337
2019-05-24 00:00:00+02:00,123.76200615674679,123.91311740875244,119.53082192629154,120.8908462524414,62999
2019-05-27 00:00:00+02:00,121.26863014698029,122.85532711566339,120.13527846336365,120.8908462524414,27696
2019-05-28 00:00:00+02:00,122.3263992490155,122.93085568137538,121.57083159082751,121.72195434570312,59649
2019-05-29 00:00:00+02:00,121.26864318968329,121.873099791766,119.53083478208951,119.83306884765625,14782
2019-05-30 00:00:00+02:00,119.60636259696726,123.15752828464129,119.53080121952947,121.72195434570312,22984
2019-05-31 00:00:00+02:00,121.72198044443229,123.15755469117569,119.60638824208675,121.41974639892578,37396
2019-06-03 00:00:00+02:00,121.64641812433005,124.517578125,121.41974547418903,124.517578125,10115
2019-06-04 00:00:00+02:00,124.51756043525172,127.16204741008818,123.08197487434012,125.12201690673828,20071
2019-06-05 00:00:00+02:00,126.8598377088722,129.95767051295232,122.47755339155954,129.2021026611328,65343
2019-06-06 00:00:00+02:00,129.27764558181832,131.92213268524142,129.20208419581527,131.16656494140625,43905
2019-06-07 00:00:00+02:00,131.09101690981896,132.97993646183363,129.35320861615546,130.2598876953125,36264
2019-06-10 00:00:00+02:00,130.6376581605234,133.9621631473421,129.95765180340416,131.09100341796875,39258
2019-06-11 00:00:00+02:00,132.60214880238408,139.10003648922049,132.29992629422642,139.02447509765625,87190
2019-06-12 00:00:00+02:00,139.70447297661244,144.01121839375602,139.40225048690542,143.708984375,84746
2019-06-13 00:00:00+02:00,144.31345477588673,144.31345477588673,140.15783173260203,141.2911834716797,25439
2019-06-14 00:00:00+02:00,139.78004781957614,143.33121429620942,138.26891216747262,141.2911834716797,40017
2019-06-17 00:00:00+02:00,142.50009320272994,143.55788352232716,141.36674149071158,143.2556610107422,34058
2019-06-18 00:00:00+02:00,143.482310032197,143.5578714182472,141.44227942837907,142.9534149169922,18688
2019-06-19 00:00:00+02:00,142.95343038318353,146.20237434101614,141.2911834716797,141.2911834716797,57310
2019-06-20 00:00:00+02:00,141.2911834716797,141.2911834716797,141.2911834716797,141.2911834716797,0
2019-06-21 00:00:00+02:00,141.36673987048732,143.33120923137423,140.15782677990333,140.7622833251953,43478
2019-06-24 00:00:00+02:00,141.97117637132706,145.06900877448513,141.59339249431017,143.7845458984375,33906
2019-06-25 00:00:00+02:00,143.78455087731794,144.84234115797412,141.29117489685763,142.5756378173828,32555
2019-06-26 00:00:00+02:00,142.80230712890625,142.80230712890625,138.11778930667788,142.80230712890625,46048
2019-06-27 00:00:00+02:00,142.80230868137542,144.3134442229773,141.89562966222417,143.48231506347656,20615
2019-06-28 00:00:00+02:00,142.0467445915514,143.25565766778016,138.26890563964844,138.26890563964844,50297
2019-07-01 00:00:00+02:00,141.37605942028193,142.15285095555822,138.5796051521281,139.04568481445312,62934
2019-07-02 00:00:00+02:00,139.04570164697284,143.5510954675664,135.5501393150657,143.24037170410156,37071
2019-07-03 00:00:00+02:00,143.00734509370147,145.57074801313829,142.85197728400252,143.62876892089844,20936
2019-07-04 00:00:00+02:00,143.62875513111302,145.95912981806174,142.85196356879678,144.4832305908203,75454
2019-07-05 00:00:00+02:00,145.49306199241116,146.03681371545278,144.0948348096622,144.4832305908203,25173
2019-07-08 00:00:00+02:00,144.48323202261017,145.57073547947033,144.32787607918712,144.8716278076172,18364
2019-07-09 00:00:00+02:00,145.26003608806437,146.34753963847285,142.92966117756066,144.0948486328125,14144
2019-07-10 00:00:00+02:00,144.25018135173386,150.07611768946865,144.25018135173386,146.03680419921875,43910
2019-07-11 00:00:00+02:00,146.03681470969812,149.3770208209784,145.88145876675688,147.04664611816406,50321
2019-07-12 00:00:00+02:00,146.89129723933289,149.14398815256084,146.89129723933289,148.98863220214844,43447
2019-07-15 00:00:00+02:00,149.14398620561488,151.39667708943588,148.52255055917834,150.77525329589844,16712
2019-07-16 00:00:00+02:00,151.16364578092396,151.16364578092396,145.72610473632812,145.72610473632812,14247
2019-07-17 00:00:00+02:00,145.10467190216428,146.5028991397508,143.31804886818702,145.57073974609375,22120
2019-07-18 00:00:00+02:00,145.80376298088933,146.96895023729425,143.31803253780504,146.11448669433594,12343
2019-07-19 00:00:00+02:00,148.28949342397362,148.3671773155597,145.337695190066,146.11448669433594,19006
2019-07-22 00:00:00+02:00,147.59038875455525,148.36718027431607,144.94930232852764,146.8912811279297,26988
2019-07-23 00:00:00+02:00,146.34754525883992,146.6582690372467,144.17253807449342,145.6484375,14668
2019-07-24 00:00:00+02:00,145.49306343420815,145.95913126447735,143.9394802941801,144.8716278076172,12175
2019-07-25 00:00:00+02:00,144.87162923557872,149.14398291276737,144.87162923557872,145.26002502441406,12957
2019-07-26 00:00:00+02:00,146.8136057588894,146.8136057588894,142.1528563697183,142.7742919921875,21891
2019-07-29 00:00:00+02:00,143.7064303205313,145.18232945833975,142.15284729003906,142.15284729003906,18459
2019-07-30 00:00:00+02:00,143.5510954607404,144.56092694937882,142.92965978673988,143.70645141601562,18610
2019-07-31 00:00:00+02:00,145.02699764604503,145.02699764604503,141.6091191516766,144.0171661376953,9754
2019-08-01 00:00:00+02:00,144.79395211494588,144.79395211494588,142.30822132061408,142.92965698242188,13483
2019-08-02 00:00:00+02:00,143.16269011140298,145.18234110127054,142.3858985338619,144.7939453125,33171
2019-08-05 00:00:00+02:00,143.93946425293254,143.93946425293254,140.0555068357077,141.06533813476562,36388
2019-08-06 00:00:00+02:00,140.05552869302406,141.37607205038736,137.2590741750435,137.80282592773438,36139
2019-08-07 00:00:00+02:00,137.80284051374383,138.96802804408404,133.91888207927641,136.1715850830078,16537
2019-08-08 00:00:00+02:00,136.17157096411697,142.541259765625,135.47245140666044,142.541259765625,12067
2019-08-09 00:00:00+02:00,143.55110319633178,143.55110319633178,134.46264301463208,135.39479064941406,12917
2019-08-12 00:00:00+02:00,134.6956478762883,137.72514198461343,133.99654023362,137.3367462158203,12627
2019-08-13 00:00:00+02:00,137.33674909553986,138.81264830674147,134.30725492369137,138.11354064941406,13616
2019-08-14 00:00:00+02:00,139.35640440351423,139.58944424758008,133.2974395751953,133.2974395751953,11132
2019-08-15 00:00:00+02:00,133.2974395751953,133.2974395751953,133.2974395751953,133.2974395751953,0
2019-08-16 00:00:00+02:00,133.29745207141045,133.6858478969648,130.65635334590092,132.05458068847656,23047
2019-08-19 00:00:00+02:00,132.054589114972,133.4528165467695,130.11260986328125,130.11260986328125,41534
2019-08-20 00:00:00+02:00,129.72418642660233,131.6661652653239,127.62685165136264,130.4232940673828,16336
2019-08-21 00:00:00+02:00,128.48131806671086,133.5304631589186,127.85989430691174,131.20008850097656,12421
2019-08-22 00:00:00+02:00,128.94740858535707,131.2777834393093,128.94740858535707,130.034912109375,7468
2019-08-23 00:00:00+02:00,128.24829526960636,130.4233022226576,127.08310789351509,128.94740295410156,20914
2019-08-26 00:00:00+02:00,126.22863909949554,128.48133007149596,124.442015990892,126.61703491210938,10040
2019-08-27 00:00:00+02:00,126.22862240789904,128.32595714809685,125.37414699197868,125.9955825805664,25285
2019-08-28 00:00:00+02:00,126.61701557471318,127.39380708130652,122.73305804174652,123.50984954833984,29569
2019-08-29 00:00:00+02:00,122.81076607150449,128.94741543856534,122.11164646642283,128.17062377929688,36636
2019-08-30 00:00:00+02:00,128.17061137004072,130.0349064306272,127.85989947757594,128.94740295410156,26010
2019-09-02 00:00:00+02:00,129.18043367522367,129.4134735045609,124.83039637058873,128.32595825195312,14352
2019-09-03 00:00:00+02:00,126.77237893986127,127.93756626808224,125.21879583556665,125.91791534423828,24671
2019-09-04 00:00:00+02:00,127.31615025257807,133.14208779042454,126.22864665334016,130.65635681152344,122905
2019-09-05 00:00:00+02:00,130.8893945867365,133.53048148708928,130.65635471837595,132.44297790527344,10495
2019-09-06 00:00:00+02:00,121.4125212992359,122.26698489012978,115.89729656835512,120.7134017944336,249851
2019-09-09 00:00:00+02:00,121.25717303660423,123.8205758244641,119.15982624232016,121.17948913574219,76592
2019-09-10 00:00:00+02:00,120.40268991645371,122.18931284708398,118.92679071670169,120.7134017944336,58496
2019-09-11 00:00:00+02:00,119.54822757556065,122.6553941075092,119.54822757556065,122.26699829101562,15517
2019-09-12 00:00:00+02:00,121.33484454720742,123.3545074316849,121.33484454720742,122.888427734375,23232
2019-09-13 00:00:00+02:00,121.95629323621301,124.44202423095703,121.95629323621301,124.44202423095703,14838
2019-09-16 00:00:00+02:00,124.5973774055019,128.17062377929688,122.34468633478339,128.17062377929688,22483
2019-09-17 00:00:00+02:00,128.09294837467695,128.09294837467695,125.14114935584433,125.7625732421875,36537
2019-09-18 00:00:00+02:00,125.84022525093563,126.6170167648303,123.35449477705228,126.0732650756836,31926
2019-09-19 00:00:00+02:00,126.22863829135896,126.22863829135896,123.74290747712439,124.28665924072266,53608
2019-09-20 00:00:00+02:00,124.28665408297222,125.14112957095226,121.17948773089792,121.25717163085938,53657
2019-09-23 00:00:00+02:00,121.49020360965972,122.57771898029414,116.6740979765626,117.9169692993164,67208
2019-09-24 00:00:00+02:00,118.07233836572419,121.02414919544744,117.45090263532445,119.47056579589844,70891
2019-09-25 00:00:00+02:00,118.84911686359067,118.84911686359067,116.75178187775424,117.68392944335938,68793
2019-09-26 00:00:00+02:00,118.07232185713487,118.77142954802409,116.98481837066298,118.3830337524414,12486
2019-09-27 00:00:00+02:00,118.38303856664903,118.6937623274906,116.59642731663295,118.30536651611328,20940
2019-09-30 00:00:00+02:00,117.76159947617126,118.61606303863111,117.29551982181282,117.60623168945312,61293
2019-10-01 00:00:00+02:00,117.6062469467872,118.30536651902328,117.2955350388375,117.83928680419922,74284
2019-10-02 00:00:00+02:00,118.22767300458258,118.22767300458258,112.86781598431875,113.64460754394531,61412
2019-10-03 00:00:00+02:00,112.63478286510318,113.33389056931307,109.44993253948192,111.54727935791016,55422
2019-10-04 00:00:00+02:00,112.32405700554214,112.32405700554214,110.30439433985056,111.4695816040039,26271
2019-10-07 00:00:00+02:00,111.08120728782022,111.23656324911128,110.53745549685146,110.8481674194336,34157
2019-10-08 00:00:00+02:00,110.53743969302285,110.92583546717057,103.31327592329545,106.808837890625,79245
2019-10-09 00:00:00+02:00,105.48830129581651,107.11955653859101,103.3132824525514,104.47846984863281,89750
2019-10-10 00:00:00+02:00,105.1775691799852,105.56596494778854,99.42931655765504,100.20610809326172,111798
2019-10-11 00:00:00+02:00,100.9828996288684,100.9828996288684,99.0409207898517,100.20610809326172,42122
2019-10-14 00:00:00+02:00,100.98290194469284,100.98290194469284,94.45785171066899,96.7105484008789,87663
2019-10-15 00:00:00+02:00,95.93375584184228,98.34180844691448,94.14713291712305,94.61321258544922,49740
2019-10-16 00:00:00+02:00,93.99178288039933,95.70072201673587,93.21499128634645,95.07929229736328,89358
2019-10-17 00:00:00+02:00,95.15696408206496,96.24447342829268,94.45785050760078,95.46768188476562,88313
2019-10-18 00:00:00+02:00,95.54536294742506,96.01143670334214,95.00161121993001,95.15696716308594,61091
2019-10-21 00:00:00+02:00,95.54536553770608,98.8855717441569,95.2346477165212,96.7882308959961,70953
2019-10-22 00:00:00+02:00,97.87573489627323,101.91504856903182,97.33198318409583,100.5945053100586,202873
2019-10-23 00:00:00+02:00,100.98290125861656,107.81866925285645,100.8275453195676,106.57579803466797,84736
2019-10-24 00:00:00+02:00,107.8186740766517,108.36242581409967,104.09007210816742,105.56597137451172,90197
2019-10-25 00:00:00+02:00,108.75081866452412,109.52761022641357,101.60433866572082,105.022216796875,188208
2019-10-28 00:00:00+01:00,105.33294481354642,106.65348815183872,102.14809453922466,106.42044830322266,74282
2019-10-29 00:00:00+01:00,106.26508678000546,111.39190391608957,105.72133506369482,111.3142318725586,65307
2019-10-30 00:00:00+01:00,111.31424171732002,113.56693267822266,111.31424171732002,113.56693267822266,136671
2019-10-31 00:00:00+01:00,113.41156481766483,113.79996058758833,111.23654613551352,112.86781311035156,119464
2019-11-01 00:00:00+01:00,112.86781311035156,112.86781311035156,112.86781311035156,112.86781311035156,0
2019-11-04 00:00:00+01:00,113.33388857570124,113.33388857570124,109.44993061419127,112.63478088378906,127392
2019-11-05 00:00:00+01:00,111.85799124462648,112.71246675223819,110.61511993408203,110.61511993408203,20349
2019-11-06 00:00:00+01:00,110.61512753866953,112.01335489593278,109.60530786394057,111.08120727539062,28778
2019-11-07 00:00:00+01:00,111.08119440037632,111.08119440037632,106.49812888305874,107.81867218017578,55086
2019-11-08 00:00:00+01:00,107.81866562732925,111.0035037558835,105.79900292891107,109.91600036621094,37341
2019-11-11 00:00:00+01:00,109.91600036621092,109.91600036621092,109.91600036621092,109.91600036621094,0
2019-11-12 00:00:00+01:00,109.91600030842466,109.91600030842466,108.28473337187542,109.44992065429688,39540
2019-11-13 00:00:00+01:00,109.44992688106842,109.838322663972,108.44010732783804,109.5276107788086,29594
2019-11-14 00:00:00+01:00,110.14904640203405,110.14904640203405,108.98385905332331,109.5276107788086,22954
2019-11-15 00:00:00+01:00,109.52761415937145,109.83832605412496,106.88652749526962,108.82850646972656,41277
2019-11-18 00:00:00+01:00,108.9838561793914,109.5276078905378,107.50794513153876,108.75081634521484,29603
2019-11-19 00:00:00+01:00,109.83832889915945,109.83832889915945,109.13922119140625,109.13922119140625,40996
2019-11-20 00:00:00+01:00,109.52761502213332,110.61511851523599,108.82850732698147,110.22672271728516,63830
2019-11-21 00:00:00+01:00,109.68297716595129,110.07137298583984,108.28474984377249,110.07137298583984,28644
2019-11-22 00:00:00+01:00,110.07136678835212,111.15888213454821,107.35259620221053,110.92584228515625,43055
2019-11-25 00:00:00+01:00,110.9258464995065,113.7999731434716,110.9258464995065,111.85799407958984,47722
2019-11-26 00:00:00+01:00,113.1008577211967,113.33388571067724,111.54727457586652,112.09102630615234,23719
2019-11-27 00:00:00+01:00,112.0910272515023,114.73211387967842,112.01334335242112,114.6544418334961,11851
2019-11-28 00:00:00+01:00,114.96515038264387,115.58658599853516,113.95531898843284,115.58658599853516,9453
2019-11-29 00:00:00+01:00,115.58658554977568,118.69375176427019,114.96514993629708,117.29552459716797,39622
2019-12-02 00:00:00+01:00,118.69375751668122,119.54822115533912,117.21784638152823,118.84911346435547,43739
2019-12-03 00:00:00+01:00,118.84910766516776,118.84910766516776,115.12050583842596,116.8294448852539,25498
2019-12-04 00:00:00+01:00,116.67410556659947,117.68393710041741,114.57677044430078,117.21785736083984,26552
2019-12-05 00:00:00+01:00,117.2955241548528,119.54821491070717,116.75177243994642,119.00446319580078,15369
2019-12-06 00:00:00+01:00,118.84911347233596,120.01430085931965,117.45088623737573,119.0821533203125,40067
2019-12-09 00:00:00+01:00,119.93661693477212,120.79109242621364,118.3830337524414,118.3830337524414,15539
2019-12-10 00:00:00+01:00,118.07231572551913,119.93661070634165,114.5767537468031,119.23750305175781,25842
2019-12-11 00:00:00+01:00,119.62591411629039,119.93662603517274,115.74195586576148,119.70359802246094,35157
2019-12-12 00:00:00+01:00,120.09198818633045,121.95628331754075,116.90713782987186,117.68392944335938,22342
2019-12-13 00:00:00+01:00,119.62590121006885,121.72323606849682,119.62590121006885,121.49019622802734,26405
2019-12-16 00:00:00+01:00,121.4901875561687,121.4901875561687,118.77141726818503,119.85893249511719,20274
2019-12-17 00:00:00+01:00,121.10180523488013,121.8009247839412,120.01430174020621,121.17948913574219,11133
2019-12-18 00:00:00+01:00,121.02413600180624,122.34467937688159,120.5580562915917,121.95628356933594,39382
2019-12-19 00:00:00+01:00,122.73306660593292,127.0831040875558,122.5000267671141,125.8402328491211,64386
2019-12-20 00:00:00+01:00,125.84023522322272,129.10275746954133,125.84023522322272,128.5590057373047,65319
2019-12-23 00:00:00+01:00,128.5590057373047,130.50098467593466,126.85006664189007,128.5590057373047,27995
2019-12-24 00:00:00+01:00,128.5590057373047,128.5590057373047,128.5590057373047,128.5590057373047,0
2019-12-25 00:00:00+01:00,128.5590057373047,128.5590057373047,128.5590057373047,128.5590057373047,0
2019-12-26 00:00:00+01:00,128.5590057373047,128.5590057373047,128.5590057373047,128.5590057373047,0
2019-12-27 00:00:00+01:00,128.1706099495787,131.8215279836233,126.6170267986747,128.5590057373047,23069
2019-12-30 00:00:00+01:00,130.34564974406427,130.5010057136194,128.8697384010389,130.11260986328125,22784
2019-12-31 00:00:00+01:00,130.11260986328125,130.11260986328125,130.11260986328125,130.11260986328125,0
2020-01-01 00:00:00+01:00,130.11260986328125,130.11260986328125,130.11260986328125,130.11260986328125,0
2020-01-02 00:00:00+01:00,130.034912109375,131.0447435833342,129.49116034736602,130.034912109375,38724
2020-01-03 00:00:00+01:00,129.7241882934605,130.65633577888173,126.85006194137068,129.10275268554688,51798
2020-01-06 00:00:00+01:00,129.10275268554688,129.10275268554688,129.10275268554688,129.10275268554688,0
2020-01-07 00:00:00+01:00,129.10273274688961,130.50095968552813,128.94737683212898,129.646484375,13191
2020-01-08 00:00:00+01:00,129.5688386122724,129.5688386122724,128.17061139016357,129.41348266601562,12649
2020-01-09 00:00:00+01:00,130.5009973862592,132.05458068847656,129.413493815867,132.05458068847656,22803
2020-01-10 00:00:00+01:00,132.6760087181643,132.6760087181643,130.50098985008307,132.28761291503906,69295
2020-01-13 00:00:00+01:00,132.75365731590028,136.32690281459264,132.05454973493303,135.93850708007812,57808
2020-01-14 00:00:00+01:00,135.9385276327328,138.19121849234418,133.21975708007812,133.21975708007812,151787
2020-01-15 00:00:00+01:00,132.67599776452153,135.08404443335175,130.11258330494886,133.45278930664062,32151
2020-01-16 00:00:00+01:00,133.6081597302717,133.6081597302717,130.19028131554086,130.88938903808594,37210
2020-01-17 00:00:00+01:00,130.34563304926635,132.05457220129145,129.87955334739624,130.19027709960938,63969
2020-01-20 00:00:00+01:00,130.11262246438332,131.66620601619687,129.33583068847656,129.33583068847656,55430
2020-01-21 00:00:00+01:00,129.18045324354838,131.2001044136468,127.47151399103439,129.4911651611328,18449
2020-01-22 00:00:00+01:00,130.50099448107798,130.50099448107798,124.36434531509194,127.00543212890625,51895
2020-01-23 00:00:00+01:00,125.2188045305658,126.30631989082649,121.4902024507707,121.56788635253906,86356
2020-01-24 00:00:00+01:00,121.56788856983185,126.22863829135896,119.62590951919556,124.28665924072266,86804
2020-01-27 00:00:00+01:00,125.14111180331767,127.16076253367497,122.73305348119852,124.75271606445312,15687
2020-01-28 00:00:00+01:00,125.84024130791958,127.70453643798828,124.2866580818959,127.70453643798828,53540
2020-01-29 00:00:00+01:00,128.17061137004072,130.81169801468803,127.16077994018181,128.94740295410156,7904
2020-01-30 00:00:00+01:00,129.49115952295367,129.49115952295367,126.15095321630783,128.40365600585938,6474
2020-01-31 00:00:00+01:00,128.79205525726286,128.79205525726286,125.91792858272382,127.00543212890625,14416
2020-02-03 00:00:00+01:00,126.61701816915411,126.61701816915411,124.67503936287875,125.9955825805664,15843
2020-02-04 00:00:00+01:00,124.28666957867803,128.94741968787847,124.28666957867803,125.529541015625,19483
2020-02-05 00:00:00+01:00,125.21881037653797,129.56884831486826,125.06345441864757,127.39382934570312,20900
2020-02-06 00:00:00+01:00,128.17062171492552,129.95724487304688,127.16079020356128,129.95724487304688,26834
2020-02-07 00:00:00+01:00,129.95725173756054,132.75369470185805,129.72421186064395,131.89923095703125,27866
2020-02-10 00:00:00+01:00,133.14206003066442,133.7634956090471,128.94739061915232,129.72418212890625,11947
2020-02-11 00:00:00+01:00,129.72419906351607,135.78317600113442,128.9474074523573,134.38494873046875,29701
2020-02-12 00:00:00+01:00,134.38493492280372,137.49210104818647,134.2295789871142,134.77333068847656,16835
2020-02-13 00:00:00+01:00,132.75369132895912,132.75369132895912,117.37322578384592,120.48039245605469,348415
2020-02-14 00:00:00+01:00,122.03396888135083,124.28665984997176,118.15001076103921,121.87860107421875,85554
2020-02-17 00:00:00+01:00,123.04378929214131,125.06345226869625,122.65539347764226,124.90809631347656,14752
2020-02-18 00:00:00+01:00,124.90810397811543,125.52953969002652,123.50987658954057,124.44202423095703,22415
2020-02-19 00:00:00+01:00,125.06344691575411,127.7822175008792,123.89825952212908,126.92774200439453,11529
2020-02-20 00:00:00+01:00,126.61701608989053,131.8992007267968,126.22862033501356,129.72418212890625,18754
2020-02-21 00:00:00+01:00,129.72419307467482,131.12242028078998,127.23846240430271,128.09292602539062,15007
2020-02-24 00:00:00+01:00,127.00544273420583,127.00544273420583,120.79110914476456,123.27684020996094,25973
2020-02-25 00:00:00+01:00,121.95627010483588,123.74289299287487,119.39285568746672,120.16964721679688,22494
2020-02-26 00:00:00+01:00,118.61607170050453,123.04378132864893,116.90713259789251,120.40269470214844,19318
2020-02-27 00:00:00+01:00,119.78125077119788,120.169646533655,111.23654399714111,116.36337280273438,79027
2020-02-28 00:00:00+01:00,112.86782388985107,113.64461550388596,107.1972427368164,107.1972427368164,101228
2020-03-02 00:00:00+01:00,107.19723897905492,112.55709618684809,103.39096494487126,104.09007263183594,57070
2020-03-03 00:00:00+01:00,104.32311337147618,109.9936943742715,103.77936162663806,106.42044830322266,60557
2020-03-04 00:00:00+01:00,106.42045375153413,107.74099715743307,104.0900788518655,104.16776275634766,22854
2020-03-05 00:00:00+01:00,106.49813075630696,109.44992928899558,104.32311195361623,105.56597137451172,23992
2020-03-06 00:00:00+01:00,104.78918789401035,104.78918789401035,97.17663334888202,100.28380584716797,77492
2020-03-09 00:00:00+01:00,98.65253190525404,98.65253190525404,93.37034672399922,97.02127075195312,45436
2020-03-10 00:00:00+01:00,97.09894128903733,98.03108875483247,93.21498363747584,96.16679382324219,99849
2020-03-11 00:00:00+01:00,94.76857396906072,95.07929179031476,85.29171894273446,85.44707489013672,99200
2020-03-12 00:00:00+01:00,77.67914858731356,80.70863656750853,68.35765075683594,68.35765075683594,122099
2020-03-13 00:00:00+01:00,66.02729034423828,72.04742564033059,59.8129571353688,66.02729034423828,379202
2020-03-16 00:00:00+01:00,66.02728566343835,66.02728566343835,53.59862012679113,55.462921142578125,210348
2020-03-17 00:00:00+01:00,55.92900073960015,61.521898442980095,53.59862570878347,60.43439483642578,294402
2020-03-18 00:00:00+01:00,60.43438641470172,60.43438641470172,49.75350234520715,50.45261001586914,168244
2020-03-19 00:00:00+01:00,51.26824843529458,53.36558350070394,48.31644078469534,50.141902923583984,127754
2020-03-20 00:00:00+01:00,51.57896160399105,55.46291946684505,48.23875547135685,49.71466064453125,294481
2020-03-23 00:00:00+01:00,48.47179711701932,52.35575512436943,46.063741374527375,51.268245697021484,104349
2020-03-24 00:00:00+01:00,54.22006019358597,56.97766702842757,52.316917072295254,55.4240837097168,134428
2020-03-25 00:00:00+01:00,56.47274297439975,59.502231186449144,52.23923142296927,54.37540817260742,150187
2020-03-26 00:00:00+01:00,52.9771857066004,54.29773500632955,51.2682465263035,53.5986213684082,83020
2020-03-27 00:00:00+01:00,54.76381127427675,55.15220709891701,51.345926832152465,52.97718811035156,179104
2020-03-30 00:00:00+02:00,53.05486348235041,53.05486348235041,48.93786603281934,49.90885543823242,94366
2020-03-31 00:00:00+02:00,50.491448904721786,51.11288449259027,48.43295018716256,50.879844665527344,126710
2020-04-01 00:00:00+02:00,50.33609627316764,51.03520394732186,49.32626485824585,49.71466064453125,51173
2020-04-02 00:00:00+02:00,50.64681103066075,52.355756143014155,48.316439144135266,50.374935150146484,182167
2020-04-03 00:00:00+02:00,50.413774245134846,50.569130189069256,48.93786907196045,49.71466064453125,49792
2020-04-06 00:00:00+02:00,50.49145137572634,57.210699551785936,50.2972534858197,56.822303771972656,176412
2020-04-07 00:00:00+02:00,58.57008972745589,71.46482952094517,58.37589182114897,63.30851745605469,223710
2020-04-08 00:00:00+02:00,64.47370147705078,66.68755630633432,59.81295197268567,64.47370147705078,98750
2020-04-09 00:00:00+02:00,66.80407597683593,69.13445072021393,64.08530544289493,65.56121063232422,92218
2020-04-10 00:00:00+02:00,65.56121063232422,65.56121063232422,65.56121063232422,65.56121063232422,0
2020-04-13 00:00:00+02:00,65.56121063232422,65.56121063232422,65.56121063232422,65.56121063232422,0
2020-04-14 00:00:00+02:00,67.58086755796194,69.13445072021393,63.85226559797736,65.56121063232422,178154
2020-04-15 00:00:00+02:00,66.02728134367027,66.45451906412075,61.09465621681532,61.32769012451172,130608
2020-04-16 00:00:00+02:00,61.754931963407074,62.920119358943055,59.73527499643462,60.589744567871094,120502
2020-04-17 00:00:00+02:00,60.66741966519145,63.19199223579407,58.64776279399921,59.812950134277344,116780
2020-04-20 00:00:00+02:00,60.5897463805366,64.04646672012834,58.41472747321949,61.9102897644043,94723
2020-04-21 00:00:00+02:00,62.22100350090512,62.37636537059794,53.28790045607063,56.66694259643555,173710
2020-04-22 00:00:00+02:00,56.78346117047003,59.73527143368839,53.59861699791287,59.50223159790039,83789
2020-04-23 00:00:00+02:00,59.657598409176146,60.939299832908105,58.25937113144167,60.86162185668945,54061
2020-04-24 00:00:00+02:00,60.9004619408812,60.9004619408812,57.793295575800016,59.424556732177734,39648
2020-04-27 00:00:00+02:00,59.57991395758132,63.347357997197115,59.57991395758132,63.153160095214844,169827
2020-04-28 00:00:00+02:00,63.23083445416631,63.65806625822157,60.589741952977434,61.83260726928711,56681
2020-04-29 00:00:00+02:00,61.2888489371581,61.910278565084774,58.647756720735885,59.968299865722656,102943
2020-04-30 00:00:00+02:00,60.51206729765811,62.803600164966404,60.045993519309775,60.667423248291016,56531
2020-05-01 00:00:00+02:00,60.667423248291016,60.667423248291016,60.667423248291016,60.667423248291016,0
2020-05-04 00:00:00+02:00,60.51206588294803,60.51206588294803,59.1138386541425,60.395545959472656,37588
2020-05-05 00:00:00+02:00,61.75493003355533,61.75493003355533,59.113837500918436,59.26919937133789,26233
2020-05-06 00:00:00+02:00,59.57990208195402,60.4343774215194,56.35622229276059,57.4437255859375,57466
2020-05-07 00:00:00+02:00,57.01650449802077,57.79329609628686,54.064694054029815,57.24953842163086,114078
2020-05-08 00:00:00+02:00,57.79329575476577,62.37636734274261,57.79329575476577,61.67725372314453,104081
2020-05-11 00:00:00+02:00,62.53172501441406,64.9009418110059,60.47322604914651,60.86162185668945,61222
2020-05-12 00:00:00+02:00,60.861611094785616,63.54154524882022,60.861611094785616,62.37635803222656,49595
2020-05-13 00:00:00+02:00,62.14332848510212,62.14332848510212,60.240191420825724,60.667423248291016,34616
2020-05-14 00:00:00+02:00,61.05581690238023,61.05581690238023,58.25936840426537,60.20134735107422,61303
2020-05-15 00:00:00+02:00,60.58974169446277,62.609398565655,59.65759419281997,59.812950134277344,23894
2020-05-18 00:00:00+02:00,60.74509464972346,61.59957006508129,57.48257262790826,58.80311584472656,131968
2020-05-19 00:00:00+02:00,59.81295156171245,61.21117877399459,59.07500193250486,60.20134735107422,49259
2020-05-20 00:00:00+02:00,59.54108550901505,62.687088365552974,59.15268965563132,62.18217849731445,71496
2020-05-21 00:00:00+02:00,62.18217259120032,62.53172645546459,61.13349914550781,61.13349914550781,27393
2020-05-22 00:00:00+02:00,61.44421413930757,61.44421413930757,58.337047751211614,60.589744567871094,77974
2020-05-25 00:00:00+02:00,60.045996695688075,68.35766494967028,59.89063481038704,67.11479949951172,147121
2020-05-26 00:00:00+02:00,68.31881409677345,76.16441345214844,67.27014669501466,76.16441345214844,185432
2020-05-27 00:00:00+02:00,77.67915116979721,78.37826471561517,70.29963180866648,73.01840209960938,180155
2020-05-28 00:00:00+02:00,74.57199687864075,78.378277071278,71.46483034203071,75.27111053466797,183996
2020-05-29 00:00:00+02:00,73.79520368690216,77.64031982421875,71.96974457046346,77.64031982421875,134286
2020-06-01 00:00:00+02:00,79.07738917110515,81.17472417146257,77.67916188656704,80.00953674316406,72204
2020-06-02 00:00:00+02:00,79.54346048097436,83.8934922259172,78.61130701148333,83.27205657958984,113384
2020-06-03 00:00:00+02:00,83.81581253501038,91.27301050595142,83.73813456242286,90.41854095458984,138590
2020-06-04 00:00:00+02:00,91.66140628340118,91.89444612758282,88.47656199613222,90.18550109863281,85655
2020-06-05 00:00:00+02:00,88.5542451866501,94.30250439282787,88.16584937442795,92.82659912109375,146483
2020-06-08 00:00:00+02:00,93.21498773036859,95.4676844524757,89.48638585057412,90.88461303710938,138689
2020-06-09 00:00:00+02:00,90.72926470766178,91.27301647780068,85.44707925581339,91.11766052246094,146068
2020-06-10 00:00:00+02:00,91.27301166759382,92.43819905058437,90.26318023175553,91.4283676147461,104841
2020-06-11 00:00:00+02:00,91.4283676147461,91.4283676147461,91.4283676147461,91.4283676147461,0
2020-06-12 00:00:00+02:00,85.44707850406044,89.71943242926348,81.87383822463515,88.55424499511719,66722
2020-06-15 00:00:00+02:00,87.77744965986773,87.77744965986773,83.50509591536088,85.44707489013672,70299
2020-06-16 00:00:00+02:00,86.22387134872754,87.54441475556055,84.20421428620948,84.90332794189453,90996
2020-06-17 00:00:00+02:00,84.6702947254956,86.37923408331997,82.41759762549052,83.42742919921875,54412
2020-06-18 00:00:00+02:00,82.9613413867154,85.99082374445979,81.64079217234928,84.67028045654297,31732
2020-06-19 00:00:00+02:00,84.6702818726,85.75779126542787,83.11669871897432,84.82563781738281,57639
2020-06-22 00:00:00+02:00,84.82563924762864,85.44707489013672,83.42741794165975,85.44707489013672,55446
2020-06-23 00:00:00+02:00,86.22387284838763,89.7194352611601,85.29172524222828,89.0979995727539,63520
2020-06-24 00:00:00+02:00,89.40870781056424,89.40870781056424,84.67028045654297,84.67028045654297,41992
2020-06-25 00:00:00+02:00,84.67028668050112,84.67028668050112,82.18455586413052,84.0488510131836,21470
2020-06-26 00:00:00+02:00,84.67028761431965,84.67028761431965,80.86400744453276,81.25240325927734,21267
2020-06-29 00:00:00+02:00,81.25240127601289,82.88366247283325,78.84434846866384,82.80598449707031,28461
2020-06-30 00:00:00+02:00,82.88366526669559,83.97117474338374,79.46578680631835,83.8158187866211,57640
2020-07-01 00:00:00+02:00,83.9711707551049,83.9711707551049,79.77649493079433,81.56311798095703,29725
2020-07-02 00:00:00+02:00,82.33990853049538,87.23369791751028,80.78632535067472,85.44707489013672,42311
2020-07-03 00:00:00+02:00,85.52475456076338,86.53458601826303,83.42741959697136,84.98100280761719,14787
2020-07-06 00:00:00+02:00,84.67028554762913,85.44707715815785,82.80598449707031,82.80598449707031,21452
2020-07-07 00:00:00+02:00,82.41759211890357,82.8836659193112,80.16489516940848,81.64080047607422,40408
2020-07-08 00:00:00+02:00,81.56311825906471,81.87383608534155,80.4756088303206,80.70864868164062,21108
2020-07-09 00:00:00+02:00,80.0095261966481,81.09703550499913,79.0773787474609,79.23273468017578,60044
2020-07-10 00:00:00+02:00,79.46578201840695,85.91314865879302,78.53362855464485,85.44707489013672,147322
2020-07-13 00:00:00+02:00,86.22387521974673,90.2631895261278,86.22387521974673,86.68994903564453,38954
2020-07-14 00:00:00+02:00,86.22385933920697,86.68993306926423,82.18454577677868,82.65061950683594,38186
2020-07-15 00:00:00+02:00,82.80598866353327,84.90332967336032,81.17472738463444,84.20421600341797,23780
2020-07-16 00:00:00+02:00,83.50510200111091,85.913154920039,82.33991453132796,85.2917251586914,24278
2020-07-17 00:00:00+02:00,86.2238591393759,86.2238591393759,83.11669304426326,83.50508880615234,9713
2020-07-20 00:00:00+02:00,83.58277609177848,88.55424358351115,80.86400545544262,88.16584777832031,62922
2020-07-21 00:00:00+02:00,88.55424110728251,96.32215699388624,87.77744951862213,91.4283676147461,115774
2020-07-22 00:00:00+02:00,92.82658598526665,94.69088680540698,89.33102416992188,89.33102416992188,34672
2020-07-23 00:00:00+02:00,89.33103681298164,94.14714251405813,89.33103681298164,92.59355926513672,40574
2020-07-24 00:00:00+02:00,91.27300714989755,92.4381944752154,90.1078198245797,91.3506851196289,28916
2020-07-27 00:00:00+02:00,91.3506913337531,92.43820076331734,90.26318190418885,90.96229553222656,17528
2020-07-28 00:00:00+02:00,96.32216451078463,107.89635534390443,94.84625919186165,105.95437622070312,86907
2020-07-29 00:00:00+02:00,106.5758018503069,106.5758018503069,97.87573857020203,103.235595703125,45045
2020-07-30 00:00:00+02:00,102.84719845708273,103.15792219479847,94.5355310827894,97.09894561767578,91045
2020-07-31 00:00:00+02:00,97.0989493369066,101.60434295671888,97.0989493369066,99.97307586669922,47341
2020-08-03 00:00:00+02:00,101.13826309715441,107.19723989667683,100.98290714904338,106.42044830322266,38753
2020-08-04 00:00:00+02:00,107.50794550069637,107.50794550069637,101.06058513469569,106.34275817871094,51187
2020-08-05 00:00:00+02:00,107.04188481484967,108.36242816382904,104.4784701651255,108.28474426269531,16608
2020-08-06 00:00:00+02:00,108.36242636895933,108.36242636895933,103.85703279450883,104.32311248779297,16264
2020-08-07 00:00:00+02:00,104.09007214924988,106.49813079833984,103.31328056604652,106.49813079833984,27372
2020-08-10 00:00:00+02:00,105.41060191851932,105.95435358627712,103.54630709966473,104.01237487792969,7878
2020-08-11 00:00:00+02:00,104.01238187657518,107.19723191372184,99.58467249419674,100.20610809326172,29373
2020-08-12 00:00:00+02:00,100.20612333056964,103.85704173249877,99.50701558337683,100.67220306396484,30767
2020-08-13 00:00:00+02:00,102.38114441121313,104.5561634564045,100.74987716409454,103.39097595214844,25229
2020-08-14 00:00:00+02:00,104.09007545753762,105.64365867332177,101.91505658485997,104.86686706542969,15382
2020-08-17 00:00:00+02:00,105.25525157571697,109.52760496070917,105.25525157571697,107.9740219116211,25551
2020-08-18 00:00:00+02:00,108.36243075525958,110.30440980105276,105.02222442591541,105.72134399414062,29449
2020-08-19 00:00:00+02:00,105.72134257527068,106.73116218321096,104.63382721248222,104.86686706542969,5639
2020-08-20 00:00:00+02:00,104.47846453740047,104.47846453740047,100.28379486590588,100.98290252685547,23954
2020-08-21 00:00:00+02:00,102.9248828514931,103.31327863583834,98.65252922369527,100.90522003173828,16159
2020-08-24 00:00:00+02:00,100.98289780944357,105.5659630457899,100.90521391612327,101.75968933105469,22951
2020-08-25 00:00:00+02:00,102.92488094326391,105.02221576926394,102.14808938897512,102.45880126953125,8322
2020-08-26 00:00:00+02:00,101.13826414081709,104.09007459698302,101.13826414081709,102.53649139404297,10671
2020-08-27 00:00:00+02:00,102.53648233980444,103.00256200069008,101.44897893493545,102.3811264038086,45425
2020-08-28 00:00:00+02:00,107.1972379100566,115.1981935449377,105.56597085287446,114.18836212158203,111939
2020-08-31 00:00:00+02:00,114.96517044326006,115.74196213544425,111.08121198233911,114.57677459716797,32926
2020-09-01 00:00:00+02:00,116.51873356548096,124.13129319567207,114.73211061356388,121.10179901123047,97389
2020-09-02 00:00:00+02:00,121.25717585606702,124.13130246130493,118.53840520326641,121.7232437133789,53473
2020-09-03 00:00:00+02:00,122.11162678812997,122.96610221678657,115.97497840999021,116.05265045166016,101733
2020-09-04 00:00:00+02:00,114.57676273502716,114.9651585409086,109.52761725856834,113.41157531738281,43130
2020-09-07 00:00:00+02:00,113.72227589848916,118.8491047668457,113.72227589848916,116.51873016357422,22864
2020-09-08 00:00:00+02:00,118.07233220880683,118.8491238680753,108.362436467951,111.08120727539062,53527
2020-09-09 00:00:00+02:00,109.60529700689366,113.17853117383879,109.60529700689366,111.78030395507812,102481
2020-09-10 00:00:00+02:00,113.33388568310598,114.1883611539892,109.76065156145509,111.62494659423828,40068
2020-09-11 00:00:00+02:00,111.85797917126766,113.17852238812664,109.91600036621092,109.91600036621094,51409
2020-09-14 00:00:00+02:00,111.0811982205805,111.0811982205805,109.91601082665834,110.45976257324219,13455
2020-09-15 00:00:00+02:00,110.45975351888312,110.84814928502047,109.29456622047107,110.30439758300781,50056
2020-09-16 00:00:00+02:00,110.5374450395083,110.84815693269567,109.52761360730092,109.83832550048828,96023
2020-09-17 00:00:00+02:00,108.75082818376208,110.14905548813323,108.36243236882007,109.68297576904297,11740
2020-09-18 00:00:00+02:00,108.05170910905707,109.6829642487385,100.98290127840909,106.808837890625,39249
2020-09-21 00:00:00+02:00,107.81867813981873,111.70263620067027,99.19628650356856,103.15792846679688,44593
2020-09-22 00:00:00+02:00,103.15792598129491,106.65348815183872,101.60434279438655,106.42044830322266,11778
2020-09-23 00:00:00+02:00,106.80884022621645,108.75081913942037,102.92488239980857,103.08023834228516,12497
2020-09-24 00:00:00+02:00,101.7596960067749,102.1480917930603,97.9534161158881,99.4293212890625,36967
2020-09-25 00:00:00+02:00,99.04092500804052,101.6820116004288,97.17662405789342,100.90522003173828,19560
2020-09-28 00:00:00+02:00,101.75969838189535,103.15792561573784,97.87574042838789,102.1480941772461,25634
2020-09-29 00:00:00+02:00,101.75968933105467,102.14808509186024,99.66235459328429,101.75968933105469,3891
2020-09-30 00:00:00+02:00,101.06059824875442,103.62400120744188,99.58468700431324,101.9150619506836,10991
2020-10-01 00:00:00+02:00,101.37131287027783,105.25527121779805,100.43916523745303,103.39097595214844,12226
2020-10-02 00:00:00+02:00,104.78918373709227,104.78918373709227,101.13826553059442,102.69184875488281,26616
2020-10-05 00:00:00+02:00,102.6141696178242,107.97402663025288,101.99273400045166,106.73115539550781,24751
2020-10-06 00:00:00+02:00,107.97401618411742,110.61510248631097,103.23558339459072,104.01237487792969,45307
2020-10-07 00:00:00+02:00,102.6918490048341,108.28474625530552,102.6918490048341,107.1972427368164,36312
2020-10-08 00:00:00+02:00,106.6534838180023,107.35259148254337,104.09006929318737,105.022216796875,64931
2020-10-09 00:00:00+02:00,104.86686619845304,104.86686619845304,99.58468093787704,102.53649139404297,37331
2020-10-12 00:00:00+02:00,102.53649338901478,103.31328500559823,97.48734788122239,100.74987030029297,41338
2020-10-13 00:00:00+02:00,100.7498641179391,102.53648709702766,97.8757376835264,101.37129974365234,21824
2020-10-14 00:00:00+02:00,105.56597389861638,107.1972410028631,102.30345154302212,102.53649139404297,37606
2020-10-15 00:00:00+02:00,102.9248952269446,102.9248952269446,95.6230524180072,97.1766357421875,25628
2020-10-16 00:00:00+02:00,96.32214861984569,97.87573166210126,91.89443931999689,93.60337829589844,44499
2020-10-19 00:00:00+02:00,93.9917818634223,100.98290613425537,93.9917818634223,98.73020935058594,45576
2020-10-20 00:00:00+02:00,98.6525278531588,103.31327720055214,98.10877613320929,100.98290252685547,24048
2020-10-21 00:00:00+02:00,103.15792905286142,103.70168081388995,99.50701082549911,100.74987030029297,17317
2020-10-22 00:00:00+02:00,100.67220175501731,104.78918798391229,99.19629052038907,104.55615997314453,15886
2020-10-23 00:00:00+02:00,104.5561559902575,108.51778611009586,104.0900762806768,107.1972427368164,27897
2020-10-26 00:00:00+01:00,106.73115586245208,108.59546272272594,103.31327773129792,105.022216796875,12569
2020-10-27 00:00:00+01:00,103.39096832102784,104.24543198267557,99.81772216388468,103.15792846679688,22931
2020-10-28 00:00:00+01:00,100.5945165442887,101.60434803847924,90.65158126431189,94.06946563720703,42198
2020-10-29 00:00:00+01:00,93.6810577141404,96.24447214415716,86.2238601810676,93.99177551269531,28742
2020-10-30 00:00:00+01:00,93.05963909891932,95.23465209429612,87.07834002712113,87.46673583984375,16805
2020-11-02 00:00:00+01:00,89.4087142944336,93.60339022855506,88.39888874410326,89.4087142944336,12344
2020-11-03 00:00:00+01:00,92.12748404449935,97.79806518554688,91.1176585042585,97.79806518554688,21177
2020-11-04 00:00:00+01:00,98.65252460115575,103.23558990052263,96.3998279722175,101.6820068359375,24928
2020-11-05 00:00:00+01:00,100.67218324478551,108.67312622070314,100.67218324478551,108.67312622070312,47367
2020-11-06 00:00:00+01:00,108.5177783506169,109.21689786499793,103.3132772793067,106.73115539550781,28681
2020-11-09 00:00:00+01:00,108.28473953235769,110.84815407010102,107.35259202396884,109.5276107788086,30051
2020-11-10 00:00:00+01:00,110.226721717085,116.36338238076331,108.36242664499733,115.04283905029297,26960
2020-11-11 00:00:00+01:00,115.04283905029297,115.04283905029297,115.04283905029297,115.04283905029297,0
2020-11-12 00:00:00+01:00,115.04285354683071,119.08216794728024,114.26606186009425,116.98483276367188,28538
2020-11-13 00:00:00+01:00,116.90712560734278,116.90712560734278,109.06152639020902,110.30439758300781,18367
2020-11-16 00:00:00+01:00,111.08119489110797,116.28569605738433,111.08119489110797,112.09102630615234,16585
2020-11-17 00:00:00+01:00,112.94548892720061,115.35354752236223,109.29457093848671,109.5276107788086,13803
2020-11-18 00:00:00+01:00,109.52761700116685,111.8579918309789,108.67314148907603,109.60530090332031,18706
2020-11-19 00:00:00+01:00,108.12939151667837,108.51778732805501,103.390969729623,103.54632568359375,34134
2020-11-20 00:00:00+01:00,103.31327025916742,106.26508035143748,100.36146016689739,105.2552490234375,26966
2020-11-23 00:00:00+01:00,105.72134954213641,107.66332868983987,102.61418290581088,103.00257873535156,19500
2020-11-24 00:00:00+01:00,104.01239155259701,106.42045027815288,103.31328384667397,104.63382720947266,26930
2020-11-25 00:00:00+01:00,105.95436242557373,107.50794552186014,104.71150306028363,106.57579803466797,34714
2020-11-26 00:00:00+01:00,106.80884894202737,106.80884894202737,101.60434740052305,105.64366149902344,31213
2020-11-27 00:00:00+01:00,104.16774818251453,108.51777360822231,104.16774818251453,107.9740219116211,188358
2020-11-30 00:00:00+01:00,107.97403043556615,110.14904924657462,105.79901162455769,109.83832550048828,27832
2020-12-01 00:00:00+01:00,112.24638822804326,112.55710013249747,106.57580707500861,107.1972427368164,14073
2020-12-02 00:00:00+01:00,107.19723749207064,110.1490478515625,107.19723749207064,110.1490478515625,15027
2020-12-03 00:00:00+01:00,109.91601639057937,112.24639129638672,109.29458071178415,112.24639129638672,16897
2020-12-04 00:00:00+01:00,112.01334282956248,115.6642608642578,112.01334282956248,115.66426086425781,59046
2020-12-07 00:00:00+01:00,115.74193833583554,116.13033410206317,110.53743743896484,110.53743743896484,32742
2020-12-08 00:00:00+01:00,111.2365405439213,111.62493629432109,107.50793896950375,108.67312622070312,37870
2020-12-09 00:00:00+01:00,108.59545747359952,111.39189984949213,106.80883459703318,107.74098205566406,24571
2020-12-10 00:00:00+01:00,107.11955798715698,107.7409936440505,103.00257194764843,104.86686706542969,22337
2020-12-11 00:00:00+01:00,106.4204497223465,107.50795322652466,103.39096720863648,107.04188537597656,18747
2020-12-14 00:00:00+01:00,106.42045312769272,108.67314410967383,104.86686987035415,105.64366149902344,16101
2020-12-15 00:00:00+01:00,105.33294958871556,107.04188880120807,104.71151391520021,105.64366149902344,12360
2020-12-16 00:00:00+01:00,106.18740693293441,111.78030395507812,106.18740693293441,111.78030395507812,30340
2020-12-17 00:00:00+01:00,112.16869140299968,113.95531428003058,107.58562614934908,107.9740219116211,30852
2020-12-18 00:00:00+01:00,107.58564056415963,108.67314410307071,104.09007823536021,106.1097412109375,52241
2020-12-21 00:00:00+01:00,105.4882950073735,105.4882950073735,101.75969319160522,104.4007797241211,12717
2020-12-22 00:00:00+01:00,103.8570322627186,106.34276295740848,103.8570322627186,105.56597137451172,11745
2020-12-23 00:00:00+01:00,106.34276388353237,108.3624267578125,104.94454850446046,108.3624267578125,8636
2020-12-28 00:00:00+01:00,108.36241875232105,112.16869251930784,108.36241875232105,110.30439758300781,16439
2020-12-29 00:00:00+01:00,112.63478086835194,113.41157246054748,110.38208999214453,112.168701171875,6835
2020-12-30 00:00:00+01:00,112.63477217983191,112.63477217983191,109.29456622047107,110.30439758300781,11729
2021-01-04 00:00:00+01:00,110.30440470034203,112.01334381103517,107.43027821605375,112.01334381103516,21543
2021-01-05 00:00:00+01:00,110.69281144575639,115.35356140136719,109.9937036935748,115.35356140136719,30548
2021-01-07 00:00:00+01:00,116.51873304354434,118.38302803108166,116.51873304354434,117.29552459716797,31853
2021-01-08 00:00:00+01:00,117.29553014151058,125.76255373506928,117.14017419402215,125.06344604492188,87428
2021-01-11 00:00:00+01:00,125.84023522322272,130.50098467593466,125.45183943549672,128.5590057373047,80254
2021-01-12 00:00:00+01:00,128.79205525726286,130.50099448107798,124.51970127127518,127.00543212890625,16965
2021-01-13 00:00:00+01:00,127.00544472067556,129.95725559240904,125.063465443601,125.7625732421875,35918
2021-01-14 00:00:00+01:00,125.84024211342074,132.0545750572934,125.84024211342074,130.034912109375,31242
2021-01-15 00:00:00+01:00,131.12243159957194,131.12243159957194,125.5295341452186,127.39382934570312,10582
2021-01-18 00:00:00+01:00,127.78223264117322,131.97690301406976,126.0732932986191,131.89923095703125,38546
2021-01-19 00:00:00+01:00,132.05458479160714,134.69567174627915,130.11260560349527,133.68585205078125,62985
2021-01-20 00:00:00+01:00,133.60815711526033,134.4626326286688,131.27778228185463,133.9188690185547,69394
2021-01-21 00:00:00+01:00,133.5304764632255,134.46263590159677,128.32597491251758,128.71437072753906,15404
2021-01-22 00:00:00+01:00,127.4715004143653,131.200090439855,119.85894071534305,130.3456268310547,25982
2021-01-25 00:00:00+01:00,130.5009973862592,132.986728299227,129.02509799031267,132.05458068847656,15567
2021-01-26 00:00:00+01:00,131.9768911542986,132.83136667524064,128.94740858532134,130.50099182128906,38671
2021-01-27 00:00:00+01:00,130.26794004853298,131.51081126477033,127.31612979964305,129.56883239746094,51377
2021-01-28 00:00:00+01:00,128.1706189498742,130.5009938398719,125.21880838529717,129.18045043945312,23214
2021-01-29 00:00:00+01:00,130.34564069642545,130.42331274936123,125.99560273342559,129.95724487304688,19681
2021-02-01 00:00:00+01:00,128.24829338594606,131.27777577812796,128.17060948752138,130.73402404785156,20311
2021-02-02 00:00:00+01:00,131.2777677018766,132.2099151611328,129.80186854579577,132.2099151611328,21668
2021-02-03 00:00:00+01:00,131.89921425908517,132.83136179584463,129.33579964332242,131.04473876953125,11055
2021-02-04 00:00:00+01:00,129.72418790738257,132.28760237433568,129.72418790738257,131.27777099609375,14115
2021-02-05 00:00:00+01:00,132.05454973493303,136.71529854910713,132.05454973493303,135.93850708007812,28556
2021-02-08 00:00:00+01:00,136.01620519419524,137.5697882947439,132.20991948611194,133.37510681152344,12192
2021-02-09 00:00:00+01:00,134.30724729529533,134.6956430501723,129.10274655052353,129.72418212890625,18276
2021-02-10 00:00:00+01:00,129.72418748952182,134.85101640691374,128.24828830115965,132.98670959472656,26647
2021-02-11 00:00:00+01:00,132.44297788132326,139.35641890640238,132.44297788132326,137.18141174316406,22037
2021-02-12 00:00:00+01:00,137.80281834871704,139.6671252091355,136.24923522481765,138.50193786621094,8446
2021-02-15 00:00:00+01:00,138.5795933336179,143.62873788230652,133.9965284075056,135.93850708007812,63384
2021-02-16 00:00:00+01:00,136.01620867751916,145.88145924806886,136.01620867751916,145.33770751953125,41664
2021-02-17 00:00:00+01:00,145.18232915382575,147.59038758719703,142.9296385054961,144.32786560058594,22095
2021-02-18 00:00:00+01:00,143.62874642784755,145.33769724370728,140.9876600171699,142.15284729003906,16742
2021-02-19 00:00:00+01:00,141.76447643828047,142.23055617047044,139.9001812153206,140.13320922851562,17012
2021-02-22 00:00:00+01:00,139.82248496975902,141.84214782714844,136.870674583151,141.84214782714844,10844
2021-02-23 00:00:00+01:00,142.1528736720112,142.38591354041418,134.38495707791222,136.24925231933594,29601
2021-02-24 00:00:00+01:00,137.41441635889058,138.26889177958657,135.08404177833575,138.1912078857422,22854
2021-02-25 00:00:00+01:00,138.19123418027917,141.29840087890625,136.94837461256853,141.29840087890625,15245
2021-02-26 00:00:00+01:00,139.82248969905058,141.9975085760601,137.1814029681171,140.36624145507812,30474
2021-03-01 00:00:00+01:00,142.15286396244892,143.47340732266775,141.06536045471557,142.541259765625,12626
2021-03-02 00:00:00+01:00,141.37607007228502,143.55108890551537,140.05552673339844,140.05552673339844,35830
2021-03-03 00:00:00+01:00,142.54125407466634,145.0269847451707,140.13319544995662,141.45375061035156,12846
2021-03-04 00:00:00+01:00,139.97784647850938,142.92965698242188,139.2787387670377,142.92965698242188,11725
2021-03-05 00:00:00+01:00,142.92964249083448,142.92964249083448,137.6474576803762,139.04568481445312,22388
2021-03-08 00:00:00+01:00,139.4340960930363,143.16269824771967,139.4340960930363,142.8519744873047,39271
2021-03-09 00:00:00+01:00,142.92963665140024,146.34751452581813,142.92963665140024,145.1823272705078,14507
2021-03-10 00:00:00+01:00,145.88146386449333,150.54221343298897,145.7261079161233,150.30917358398438,23629
2021-03-11 00:00:00+01:00,150.6975832924324,152.1734827175384,149.14399995952073,149.92079162597656,14190
2021-03-12 00:00:00+01:00,149.84308300392036,152.63953728309045,149.76541096182564,151.47434997558594,26241
2021-03-15 00:00:00+01:00,151.47434706540452,152.25113858881684,149.68772419097655,150.6975555419922,17162
2021-03-16 00:00:00+01:00,150.54222732972127,153.4940380328335,148.67792021848715,149.92079162597656,16096
2021-03-17 00:00:00+01:00,148.0564780151181,149.92077304236102,141.60910561214666,145.33770751953125,43832
2021-03-18 00:00:00+01:00,146.11450617964888,150.38686002287957,146.11450617964888,146.3475341796875,15469
2021-03-19 00:00:00+01:00,146.03682507966695,147.74576427916824,144.71628169154775,147.5904083251953,68772
2021-03-22 00:00:00+01:00,149.53237338328924,149.53237338328924,145.41537579748135,147.97879028320312,11331
2021-03-23 00:00:00+01:00,147.59039590628473,148.4448713605858,145.10466529317964,147.90110778808594,11661
2021-03-24 00:00:00+01:00,146.1145129584194,146.1921850110693,137.64747692818864,140.2108917236328,17260
2021-03-25 00:00:00+01:00,138.3465931463385,142.30822332188913,129.10276569758796,141.60911560058594,45777
2021-03-26 00:00:00+01:00,141.6091274935005,143.47342280881318,134.77335824918643,138.73500061035156,27961
2021-03-29 00:00:00+02:00,137.56980423501432,142.3859100341797,137.56980423501432,142.3859100341797,16724
2021-03-30 00:00:00+02:00,140.4439168373556,144.4832305908203,139.90016511431395,144.4832305908203,16539
2021-03-31 00:00:00+02:00,141.9198164979294,143.70643946729166,139.66712570149346,142.30821228027344,18069
2021-04-01 00:00:00+02:00,142.30821465868578,145.4153809693684,141.37606713606075,145.26002502441406,13126
2021-04-06 00:00:00+02:00,145.18234448951972,145.64842418808124,143.39573330179854,143.86180114746094,15725
2021-04-07 00:00:00+02:00,145.0269851805331,145.6484208132494,142.30821465868578,145.26002502441406,11709
2021-04-08 00:00:00+02:00,144.32786632010954,148.21182390755652,144.32786632010954,148.13414001464844,11024
2021-04-09 00:00:00+02:00,148.52254199765358,149.1439776082677,147.5903945081816,147.97879028320312,10242
2021-04-12 00:00:00+02:00,148.36719135968656,148.44487525862604,144.7162733146091,145.72610473632812,11746
2021-04-13 00:00:00+02:00,146.03682708275377,146.26986694335938,143.7841360869988,146.26986694335938,11961
2021-04-14 00:00:00+02:00,146.03682053003214,146.03682053003214,141.1430310884991,141.68678283691406,12553
2021-04-15 00:00:00+02:00,141.686764460495,143.5510711669922,141.45373649346826,143.5510711669922,9529
2021-04-16 00:00:00+02:00,144.40553794309366,144.40553794309366,139.8224727443007,142.15284729003906,15350
2021-04-19 00:00:00+02:00,143.5510982312615,144.94932556152344,140.59928761246405,144.94932556152344,16363
2021-04-20 00:00:00+02:00,144.48322556138703,144.48322556138703,138.42424921565245,139.04568481445312,12500
2021-04-21 00:00:00+02:00,139.12338806121858,139.12338806121858,134.07424237958608,136.4046173095703,10680
2021-04-22 00:00:00+02:00,138.26890138273401,139.58944469951743,137.02603011229147,137.56979370117188,17694
2021-04-23 00:00:00+02:00,137.18139931172038,139.04569438352425,137.18139931172038,137.4921112060547,10883
2021-04-26 00:00:00+02:00,137.6474605336087,140.13319112743872,137.6474605336087,139.82247924804688,7570
2021-04-27 00:00:00+02:00,138.26891927946784,146.81362777426642,137.8028395295005,146.42523193359375,16089
2021-04-28 00:00:00+02:00,146.03682760748814,146.1921835641502,139.12338678637866,139.35641479492188,10917
2021-04-29 00:00:00+02:00,139.0457063233729,143.47341638878856,139.0457063233729,143.16270446777344,28627
2021-04-30 00:00:00+02:00,143.7064428643866,143.7064428643866,139.8224849491329,141.37606811523438,12725
2021-05-04 00:00:00+02:00,143.24036747018226,143.24036747018226,139.82248914339237,142.541259765625,14741
2021-05-05 00:00:00+02:00,140.98766856039725,144.4832305908203,140.98766856039725,144.4832305908203,21920
2021-05-06 00:00:00+02:00,145.95914117623073,152.95026578110838,145.95914117623073,147.5904083251953,53240
2021-05-07 00:00:00+02:00,147.66809502621643,151.47436930871135,147.12433139766026,148.36720275878906,13297
2021-05-10 00:00:00+02:00,149.14398815256084,154.4261734368772,148.6002363996678,148.98863220214844,15283
2021-05-11 00:00:00+02:00,148.36717910081387,149.5323663712391,144.01714188340048,144.32786560058594,5827
2021-05-12 00:00:00+02:00,145.26001487810586,150.6975555419922,143.7064318312812,150.6975555419922,7366
2021-05-13 00:00:00+02:00,149.06630099359242,149.76542053452033,143.3180479836464,143.47340393066406,22829
2021-05-14 00:00:00+02:00,144.48323878150543,146.5805737480765,142.15286396244892,142.541259765625,14890
2021-05-17 00:00:00+02:00,142.77429475315984,149.14398333762446,142.77429475315984,149.06629943847656,17146
2021-05-18 00:00:00+02:00,148.6002292533736,149.84308864980204,146.96896222024412,147.04664611816406,9036
2021-05-19 00:00:00+02:00,146.03681519152266,149.68773320073097,143.70644048101965,145.33770751953125,15644
2021-05-20 00:00:00+02:00,147.9011202331412,148.60023980536866,145.26003345690276,147.5904083251953,7035
2021-05-21 00:00:00+02:00,148.44489082736388,155.2806479466063,146.5805837333795,153.80474853515625,16222
2021-05-24 00:00:00+02:00,155.35830089024134,174.7780885015215,155.35830089024134,174.0012969970703,75203
2021-05-25 00:00:00+02:00,174.3120153005666,191.55679681909862,174.3120153005666,187.98355102539062,93595
2021-05-26 00:00:00+02:00,187.98355102539062,188.13890696144355,180.52634756586875,187.98355102539062,42616
2021-05-27 00:00:00+02:00,188.1389062710591,196.21754529804588,188.1389062710591,192.33358764648438,72022
2021-05-28 00:00:00+02:00,194.0425279651283,202.74259079334348,193.57644830260503,200.41221618652344,62668
2021-05-31 00:00:00+02:00,200.41221618652344,201.9657992577368,198.85863311531008,200.41221618652344,28090
2021-06-01 00:00:00+02:00,199.63542105405384,206.16046509442793,197.30504648922053,203.51937866210938,26469
2021-06-02 00:00:00+02:00,205.69441527613296,217.03557787784197,205.69441527613296,216.41415405273438,37982
2021-06-04 00:00:00+02:00,216.41413592958497,216.5694800199532,212.21946619688407,215.63734436035156,20173
2021-06-07 00:00:00+02:00,213.15161943406542,213.15161943406542,206.16049473444068,207.4033660888672,36400
2021-06-08 00:00:00+02:00,206.16047951702794,210.04443739679786,204.2961844758979,206.47119140625,37984
2021-06-09 00:00:00+02:00,207.4033660888672,207.71407800102395,205.07299118899226,207.4033660888672,29264
2021-06-10 00:00:00+02:00,207.24796646410124,215.17124938964844,206.78191052031258,215.17124938964844,30948
2021-06-11 00:00:00+02:00,214.3944682210632,215.48197165203965,208.95692736038407,210.19979858398438,21659
2021-06-14 00:00:00+02:00,210.0444585088737,212.84091320454598,208.3355310934851,209.42303466796875,14316
2021-06-15 00:00:00+02:00,209.5783567702314,213.7730502262103,208.18014142210345,210.82122802734375,14341
2021-06-16 00:00:00+02:00,209.73375074673325,217.5016674410567,209.73375074673325,213.9284210205078,31540
2021-06-17 00:00:00+02:00,212.8408937977199,214.8605566552082,211.442678430273,212.9962615966797,27513
2021-06-18 00:00:00+02:00,212.9962615758015,219.21059424081923,211.90873439478514,212.53018188476562,40739
2021-06-21 00:00:00+02:00,212.84089373485534,216.25877195878104,209.88909520187354,211.5980224609375,5116
2021-06-22 00:00:00+02:00,212.68550430178428,215.79267031762217,209.73370606905647,215.3266143798828,12982
2021-06-23 00:00:00+02:00,217.26795000363526,222.44484323642635,211.44392968838645,219.85638427734375,19000
2021-06-24 00:00:00+02:00,218.72397943792436,220.34176038744357,210.3115234375,210.3115234375,8232
2021-06-25 00:00:00+02:00,209.82617148785152,215.16485323450482,205.7817193593834,213.38528442382812,7698
2021-06-28 00:00:00+02:00,208.69371125235142,214.19415578330234,207.88482089866014,212.41461181640625,6359
2021-06-29 00:00:00+02:00,211.92929232728247,212.73818275601255,204.00216365718995,206.26705932617188,33108
2021-06-30 00:00:00+02:00,206.59058955009223,207.23771663848885,199.7959155768609,203.19325256347656,23634
2021-07-01 00:00:00+02:00,205.94347948528224,206.2670306747562,202.22257909289823,204.32569885253906,10637
2021-07-02 00:00:00+02:00,205.458170725887,218.07686646344996,204.64928028995828,215.16485595703125,41367
2021-07-05 00:00:00+02:00,212.57635998792512,217.59148969900295,211.60570644361422,215.9737091064453,6456
2021-07-06 00:00:00+02:00,215.97373345440477,224.0626373291016,215.32663101857926,224.06263732910156,29404
2021-07-07 00:00:00+02:00,222.44485102016546,224.0626317548576,219.20928955078125,219.20928955078125,21169
2021-07-08 00:00:00+02:00,220.34172158087523,220.6652727767196,215.9737187235413,220.50350952148438,19845
2021-07-09 00:00:00+02:00,220.5035069552438,238.29909405869105,219.53282869363358,235.2252960205078,38990
2021-07-12 00:00:00+02:00,237.00488535892737,242.5053301620491,232.47509421703995,242.34356689453125,56961
2021-07-13 00:00:00+02:00,242.505343272838,248.16757633497582,241.85824079703022,244.284912109375,35715
2021-07-14 00:00:00+02:00,245.09381006132745,246.0644884901769,243.47602913683022,244.93202209472656,24933
2021-07-15 00:00:00+02:00,244.60840918107306,249.78530189729284,244.2848580148165,247.0350799560547,30711
2021-07-16 00:00:00+02:00,245.90266607945262,250.43245697062267,242.8288926276092,247.52044677734375,20438
2021-07-19 00:00:00+02:00,247.68225497884904,248.97645989471354,241.21113165802086,245.0937957763672,26850
2021-07-20 00:00:00+02:00,242.82890280110394,253.99158021007156,242.82890280110394,249.94712829589844,36987
2021-07-21 00:00:00+02:00,250.75603163696027,265.1542713213189,243.96135700709866,244.60845947265625,34169
2021-07-22 00:00:00+02:00,245.09381006132745,250.75604329706766,243.6378171034311,244.93202209472656,34488
2021-07-23 00:00:00+02:00,248.65290084276154,248.65290084276154,239.9168945086417,245.7408905029297,16667
2021-07-26 00:00:00+02:00,242.828910730346,245.9026844113372,240.8875539998502,243.47601318359375,21628
2021-07-27 00:00:00+02:00,244.12311203093566,244.12311203093566,235.0635543924032,240.24044799804688,20439
2021-07-28 00:00:00+02:00,236.68134232036988,255.28582201898837,236.68134232036988,253.99159240722656,17172
2021-07-29 00:00:00+02:00,254.15336135395714,254.80046376874373,250.5942240165066,250.75601196289062,9346
2021-07-30 00:00:00+02:00,250.59424072492058,250.59424072492058,243.96135413229754,245.0937957763672,32712
2021-08-02 00:00:00+02:00,248.81468669700504,252.05024822834355,248.00579631417042,249.94712829589844,16307
2021-08-03 00:00:00+02:00,252.3738052486667,252.3738052486667,245.09379163572441,248.97645568847656,18837
2021-08-04 00:00:00+02:00,248.81469004426307,248.81469004426307,240.24044693379327,242.34356689453125,15006
2021-08-05 00:00:00+02:00,242.66712739060674,245.57913785636936,239.4315656920653,244.60845947265625,13249
2021-08-06 00:00:00+02:00,244.93201285127242,246.3880304395982,238.94622859360496,242.66712951660156,10529
2021-08-09 00:00:00+02:00,242.66712028393786,244.77024026347388,238.1373291015625,238.1373291015625,15573
2021-08-10 00:00:00+02:00,239.43155431984593,249.94712934064998,239.43155431984593,247.84400939941406,13225
2021-08-11 00:00:00+02:00,244.44669834054076,247.35868414643843,239.43156778971357,242.66712951660156,9268
2021-08-12 00:00:00+02:00,242.6671299364324,244.77024999962353,238.13733857387692,239.10801696777344,8756
2021-08-13 00:00:00+02:00,238.6226990868814,247.52049464605327,238.46091111165387,241.85826110839844,9686
2021-08-16 00:00:00+02:00,241.04936510814602,242.8289340535657,238.78448161886524,240.56402587890625,10055
2021-08-17 00:00:00+02:00,241.0493328710602,241.0493328710602,235.38710021972656,235.38710021972656,12531
2021-08-18 00:00:00+02:00,234.5782351331646,239.75512917833817,232.96045420121175,237.8137969970703,8648
2021-08-19 00:00:00+02:00,235.0635337167156,239.4315365408592,228.91596230088905,231.82797241210938,5314
2021-08-20 00:00:00+02:00,233.76930904388428,234.57819938659668,230.3719597303425,232.96041870117188,1914
2021-08-23 00:00:00+02:00,232.15151977539062,233.7693004010031,230.857290337826,232.15151977539062,2524
2021-08-24 00:00:00+02:00,232.15151977539062,233.7693004010031,232.15151977539062,232.15151977539062,7940
2021-08-25 00:00:00+02:00,232.15152835845947,234.57819938659668,232.15152835845947,232.96041870117188,13194
2021-08-26 00:00:00+02:00,232.96041008819688,233.93108833771367,232.15151977539062,232.15151977539062,7418
2021-08-27 00:00:00+02:00,233.76930995098442,236.19598098853788,232.96041960513327,234.41641235351562,5879
2021-08-30 00:00:00+02:00,234.41642189106207,237.00488097725045,232.15153870467876,235.38710021972656,14824
2021-08-31 00:00:00+02:00,232.1515326755656,263.37470542196746,231.9897447298648,256.4182434082031,98253
2021-09-01 00:00:00+02:00,258.8449280753968,262.7275921223774,250.9178120272382,254.80047607421875,33660
2021-09-02 00:00:00+02:00,256.2564676270119,256.74180680177864,245.9026804304082,246.06446838378906,17666
2021-09-03 00:00:00+02:00,247.3586864360391,252.53560499528007,247.03513519743083,248.0058135986328,8324
2021-09-06 00:00:00+02:00,248.00579317479122,257.5506896972656,247.19690280219595,257.5506896972656,8845
2021-09-07 00:00:00+02:00,255.77113242269954,258.8449058049842,252.37378315985958,255.60934448242188,10974
2021-09-08 00:00:00+02:00,255.44755447924086,255.44755447924086,246.8733367919922,246.8733367919922,12251
2021-09-09 00:00:00+02:00,247.5204689155531,266.9338390265769,244.7702464202334,264.8307189941406,59001
2021-09-10 00:00:00+02:00,264.5071712166007,277.28763016575965,260.94805825351386,268.0662841796875,70775
2021-09-13 00:00:00+02:00,267.7427121461745,273.5667326772806,262.56581872151077,263.2129211425781,36150
2021-09-14 00:00:00+02:00,262.4040369708257,275.83162235078356,261.9186978008753,271.78717041015625,40305
2021-09-15 00:00:00+02:00,272.5960778230746,278.74365009384553,271.14008490766605,273.40496826171875,34185
2021-09-16 00:00:00+02:00,271.78716936849975,275.0227309086009,269.36049821342385,273.8902893066406,24406
2021-09-17 00:00:00+02:00,271.6253994225508,275.02274913900703,269.84585526876,273.40496826171875,45721
2021-09-20 00:00:00+02:00,271.62538484651424,272.4342752417515,258.03603608067897,264.0218200683594,19816
2021-09-21 00:00:00+02:00,266.7720422227155,275.02273412048027,265.8013885605746,267.5809326171875,16853
2021-09-22 00:00:00+02:00,267.74271724244943,279.7142850576897,267.74271724244943,277.44940185546875,17875
2021-09-23 00:00:00+02:00,277.4494067921358,281.97919796255195,275.0227355957031,275.0227355957031,18487
2021-09-24 00:00:00+02:00,278.2583170150299,279.0672074714689,275.3463064347738,278.42010498046875,13575
2021-09-27 00:00:00+02:00,279.06720653932484,279.87609699306205,270.9783020019531,270.9783020019531,8642
2021-09-28 00:00:00+02:00,270.97827758789066,274.53739032659684,261.27159301757814,262.8893737792969,9663
2021-09-29 00:00:00+02:00,263.051185005078,265.3160683977369,258.8449447782799,259.9773864746094,15847
2021-09-30 00:00:00+02:00,266.9338711868764,266.9338711868764,259.9774077885667,262.7276306152344,19290
2021-10-01 00:00:00+02:00,258.3595815350341,270.6547251423591,248.32934579504544,268.5516052246094,6754
2021-10-04 00:00:00+02:00,266.4484937630409,274.2138465675148,262.8893809275584,269.3605041503906,8575
2021-10-05 00:00:00+02:00,269.36048504373304,279.0671691894531,267.74270435277964,279.0671691894531,7706
2021-10-06 00:00:00+02:00,278.0964776669395,281.3320388948754,270.9782528396298,280.6849365234375,45656
2021-10-07 00:00:00+02:00,280.8467922271989,282.30278525695127,268.228095456288,271.1401062011719,18335
2021-10-08 00:00:00+02:00,274.21383406476275,276.47871721533653,264.0218105164311,265.3160400390625,22391
2021-10-11 00:00:00+02:00,265.3160570549242,273.2431732757073,264.50716663707385,266.933837890625,31968
2021-10-12 00:00:00+02:00,272.27253271864225,272.27253271864225,262.8893984819049,263.8600769042969,25132
2021-10-13 00:00:00+02:00,263.69827133041247,271.4636241348863,263.69827133041247,269.3605041503906,25570
2021-10-14 00:00:00+02:00,270.9783123909159,270.9783123909159,262.8894075434259,266.1249694824219,8662
2021-10-15 00:00:00+02:00,264.0218492849988,267.419199195096,263.0511955145271,266.1249694824219,8703
2021-10-18 00:00:00+02:00,263.8600443970443,265.31603716587796,261.27158537981273,263.5364685058594,13868
2021-10-19 00:00:00+02:00,263.5364959151966,271.14008581211675,263.5364959151966,266.2867431640625,22497
2021-10-20 00:00:00+02:00,266.9338272639394,273.40495034912584,266.9338272639394,270.3311767578125,12154
2021-10-21 00:00:00+02:00,270.654719398981,275.831612766019,269.1987019397244,269.52227783203125,12178
2021-10-22 00:00:00+02:00,273.40496945194013,275.02275033627114,270.0076197206941,271.3018493652344,7626
2021-10-25 00:00:00+02:00,270.1694148691003,279.5525491848632,269.5223123723075,274.2138671875,19041
2021-10-26 00:00:00+02:00,275.99341475564165,277.4494076036093,273.890294775507,276.4787292480469,10397
2021-10-27 00:00:00+02:00,276.3169509610502,276.3169509610502,260.3009070770072,263.5364685058594,29682
2021-10-28 00:00:00+02:00,264.507168588051,275.8316345214844,264.0218293966857,275.8316345214844,11139
2021-10-29 00:00:00+02:00,274.21385050259033,278.2583025749,268.55161760135695,269.0369567871094,12861
2021-11-02 00:00:00+01:00,269.19871563745653,278.7436371825672,269.19871563745653,276.4787292480469,9179
2021-11-03 00:00:00+01:00,273.56671635206607,282.1409340037256,273.4049284137665,281.8173828125,47258
2021-11-04 00:00:00+01:00,283.11162339043375,317.73212060517125,283.11162339043375,313.8494567871094,84722
2021-11-05 00:00:00+01:00,311.42281217286813,317.89393554269395,306.4076816871024,314.17303466796875,19827
2021-11-08 00:00:00+01:00,311.74635072861986,311.74635072861986,296.53922130200453,305.11346435546875,30804
2021-11-09 00:00:00+01:00,308.9961254882813,308.9961254882813,301.06900963000953,303.3338928222656,13381
2021-11-10 00:00:00+01:00,303.1721147910659,303.1721147910659,295.568549899291,298.4805603027344,18104
2021-11-12 00:00:00+01:00,293.9507836249294,306.0841403349736,292.494790693875,294.7596740722656,23233
2021-11-15 00:00:00+01:00,295.2449927895756,304.1427870928231,286.3471984863281,286.3471984863281,10484
2021-11-16 00:00:00+01:00,285.214721880981,291.5240562840936,285.214721880981,288.7738342285156,13880
2021-11-17 00:00:00+01:00,288.77385832134047,288.77385832134047,275.18451015683905,276.6405029296875,13504
2021-11-18 00:00:00+01:00,276.31694013987743,279.7142646959008,266.93380742659514,270.492919921875,29370
2021-11-19 00:00:00+01:00,266.9338599671709,269.19874345031667,261.59517783075177,266.1249694824219,19810
2021-11-22 00:00:00+01:00,264.50716663707385,270.9782899798769,259.33027289990673,266.933837890625,20690
2021-11-23 00:00:00+01:00,263.86006417694415,270.8165020221562,261.433392923393,266.933837890625,17891
2021-11-24 00:00:00+01:00,266.1249655119276,266.9338559846083,255.93294061907602,261.43341064453125,28183
2021-11-25 00:00:00+01:00,258.8449435763889,267.0956360270373,258.8449435763889,262.08050537109375,32624
2021-11-26 00:00:00+01:00,260.46268482231403,279.7142646959008,257.5506747133128,270.492919921875,47011
2021-11-29 00:00:00+01:00,273.56674628176313,278.25830078125,261.10981423104573,278.25830078125,39484
2021-11-30 00:00:00+01:00,278.90537346285447,278.90537346285447,268.2280360117571,272.5960388183594,37171
2021-12-01 00:00:00+01:00,275.0227401183341,290.39165794847634,275.0227401183341,289.25921630859375,32144
2021-12-02 00:00:00+01:00,287.1561265256483,297.02460046631506,281.8174443066872,294.27435302734375,22152
2021-12-03 00:00:00+01:00,294.43609652008547,299.28943877041655,283.43518248226,287.31787109375,22977
2021-12-06 00:00:00+01:00,281.97919796255195,282.3027491850011,268.2280611827668,275.0227355957031,44248
2021-12-07 00:00:00+01:00,272.5960843432081,295.2450171669761,272.4342963774586,294.4361267089844,41935
2021-12-08 00:00:00+01:00,294.2743267638085,294.7596659559217,285.8618712802275,290.39166259765625,19211
2021-12-09 00:00:00+01:00,290.39161849736024,290.39161849736024,283.1116057773707,284.89117431640625,3884
2021-12-10 00:00:00+01:00,281.17031327636886,296.8627823950539,275.99341955587374,287.1560974121094,29666
2021-12-13 00:00:00+01:00,286.50899495406367,294.1125599202949,285.86186781064146,287.1560974121094,23003
2021-12-14 00:00:00+01:00,287.1560974121094,294.1125599202949,281.97920369161426,287.1560974121094,22928
2021-12-15 00:00:00+01:00,287.9649924669361,290.55345171157614,287.15610203865816,288.2885437011719,21126
2021-12-16 00:00:00+01:00,288.12676146880517,293.6272061450303,287.31787109375,287.31787109375,19375
2021-12-17 00:00:00+01:00,287.4796465095999,292.4947769210869,276.8023079187544,278.25830078125,52121
2021-12-20 00:00:00+01:00,276.47872843941235,280.3614171649302,268.71340035912857,275.0227355957031,25572
2021-12-21 00:00:00+01:00,275.02271746206975,286.83252144310404,275.02271746206975,279.0671691894531,22930
2021-12-22 00:00:00+01:00,279.06717400801807,284.8911944701614,275.831612570244,276.6405029296875,22941
2021-12-23 00:00:00+01:00,278.258291015625,287.1560852050781,277.44940063476565,283.11163330078125,28632
2021-12-27 00:00:00+01:00,280.037865942481,286.02364995660645,275.0227355957031,275.0227355957031,33019
2021-12-28 00:00:00+01:00,274.53739032659684,281.3320645887405,262.8893737792969,262.8893737792969,47253
2021-12-29 00:00:00+01:00,261.43335119195564,267.90447350180233,257.22711181640625,257.22711181640625,100125
2021-12-30 00:00:00+01:00,250.7560053367498,268.5515928122611,246.71155363776998,264.50714111328125,159950
2022-01-03 00:00:00+01:00,262.88939704044054,265.4778563623744,258.5213935343826,259.9773864746094,36720
2022-01-04 00:00:00+01:00,260.4627416983906,275.18455871201644,260.4627416983906,271.1401062011719,59548
2022-01-05 00:00:00+01:00,273.4049520147655,277.4494039676467,269.68405128103973,273.2431640625,37053
2022-01-07 00:00:00+01:00,273.24317045234477,273.4049584083937,259.0067189935815,265.1542663574219,41984
2022-01-10 00:00:00+01:00,266.93383940233167,268.2280690152971,256.7418151426218,261.2716064453125,41690
2022-01-11 00:00:00+01:00,264.5071533386966,272.7578450601088,260.13915023898585,268.5516052246094,49573
2022-01-12 00:00:00+01:00,270.1693932028378,280.8467563412919,269.03695158157774,275.0227355957031,38339
2022-01-13 00:00:00+01:00,276.6405163933249,278.58184841339585,271.14007155556124,275.0227355957031,24439
2022-01-14 00:00:00+01:00,277.12584208242856,279.87606436746165,269.52227764073433,276.6405029296875,40572
2022-01-17 00:00:00+01:00,276.6405457818446,279.06721723607126,273.8903230707967,277.1258850097656,5945
2022-01-18 00:00:00+01:00,275.18451015683905,278.25828364857455,274.21383185135693,276.6405029296875,13241
2022-01-19 00:00:00+01:00,274.2138178898738,290.0680730648291,272.7578251911566,283.9205017089844,28445
2022-01-20 00:00:00+01:00,283.7586975097656,283.7586975097656,275.0226924473515,283.7586975097656,25621
2022-01-21 00:00:00+01:00,278.58184345657924,281.4938537775601,275.0227307022139,277.44940185546875,27218
2022-01-24 00:00:00+01:00,272.59607081557766,281.3320774542111,258.1978312519915,266.933837890625,64608
2022-01-25 00:00:00+01:00,266.93380642706495,269.03692620265593,260.4626838470149,265.4778137207031,40968
2022-01-26 00:00:00+01:00,265.63959594784205,271.6253798248607,263.69826397223807,266.448486328125,24303
2022-01-27 00:00:00+01:00,262.72758099379973,268.55160150295353,261.7569273658574,265.3160400390625,10106
2022-01-28 00:00:00+01:00,264.1836254747274,265.80140637207984,257.87426516382646,262.08050537109375,16895
2022-01-31 00:00:00+01:00,264.1836126772569,270.6547359531952,262.0804926755017,265.1542663574219,20427
2022-02-01 00:00:00+01:00,264.50716535257794,265.3160557665002,259.16848368361576,259.4920349121094,29335
2022-02-02 00:00:00+01:00,259.81558146315933,269.198689455933,259.81558146315933,265.4778137207031,39453
2022-02-03 00:00:00+01:00,265.15426619446976,265.15426619446976,254.80047883348198,256.5800476074219,35722
2022-02-04 00:00:00+01:00,254.96225960933754,258.03603320280695,246.87335574718057,247.84400939941406,41529
2022-02-07 00:00:00+01:00,249.13824987715216,258.0360445156219,247.03512984371125,253.99159240722656,33583
2022-02-08 00:00:00+01:00,253.99158567398314,260.9480480530846,251.40312651907877,254.80047607421875,38265
2022-02-09 00:00:00+01:00,253.99159735875415,257.55071034645107,244.284912109375,244.284912109375,52511
2022-02-10 00:00:00+01:00,247.358671282239,253.02090400982146,244.4466856277828,245.7408905029297,32334
2022-02-11 00:00:00+01:00,246.54975913125926,252.373779296875,245.41731762277107,252.373779296875,33459
2022-02-14 00:00:00+01:00,247.03512267197692,249.62358182035442,236.195996273226,236.68133544921875,39661
2022-02-15 00:00:00+01:00,237.16666018499023,247.52044677734375,237.16666018499023,247.52044677734375,22732
2022-02-16 00:00:00+01:00,247.52044677734375,252.53557681495602,242.99065588617367,247.52044677734375,25205
2022-02-17 00:00:00+01:00,245.09377759462828,255.44756426573005,243.4759968844327,249.1382293701172,44452
2022-02-18 00:00:00+01:00,247.52043880249354,250.2706609632243,229.23951256824117,235.2252960205078,61319
2022-02-21 00:00:00+01:00,234.7399930852672,248.16755335524627,230.04841417127014,234.25465393066406,30795
2022-02-22 00:00:00+01:00,228.26888226745922,228.26888226745922,219.37108780847126,221.63597106933594,85324
2022-02-23 00:00:00+01:00,223.25377219063895,230.53378650120325,221.95954248724072,226.4893341064453,85638
2022-02-24 00:00:00+01:00,210.3115234375,218.40042818509616,197.36927584134617,210.3115234375,118179
2022-02-25 00:00:00+01:00,207.88481540056225,223.739070850676,207.88481540056225,220.50350952148438,49212
2022-02-28 00:00:00+01:00,211.12038415780924,215.65017511512838,206.75238114679158,211.76748657226562,58181
2022-03-01 00:00:00+01:00,211.76749786464674,219.69463863400918,211.44394664016536,214.35595703125,22598
2022-03-02 00:00:00+01:00,208.5319443931803,214.19417744155623,204.81105579557496,207.8848419189453,30985
2022-03-03 00:00:00+01:00,207.56129335572575,215.97374905603905,205.29639763866027,209.66441345214844,34113
2022-03-04 00:00:00+01:00,205.29638192836205,212.57638304169646,199.14881007286826,205.94349670410156,54799
2022-03-07 00:00:00+01:00,202.38439309268045,203.51684715611046,190.2510360446458,194.1337127685547,53924
2022-03-08 00:00:00+01:00,198.01637944248702,202.22260720378813,193.32481248682146,197.20748901367188,59766
2022-03-09 00:00:00+01:00,198.50168692074263,218.07684326171872,198.17813571786996,218.07684326171875,40850
2022-03-10 00:00:00+01:00,222.44486221324786,224.87153343739237,210.31150609252524,212.25283813476562,65263
2022-03-11 00:00:00+01:00,216.94443520468016,219.53286991268396,210.3115234375,210.3115234375,43972
2022-03-14 00:00:00+01:00,220.01818402795197,220.01818402795197,210.796838605032,213.0617218017578,28853
2022-03-15 00:00:00+01:00,210.149721354189,214.35596141458817,208.20838928222656,208.20838928222656,30744
2022-03-16 00:00:00+01:00,214.03239656849536,234.57820700344635,213.7088453579794,233.60752868652344,134303
2022-03-17 00:00:00+01:00,235.38710004176798,241.53467185278612,225.6804155039631,238.9462127685547,101090
2022-03-18 00:00:00+01:00,240.2404642327222,240.40225219726562,226.65111451391115,240.40225219726562,78068
2022-03-21 00:00:00+01:00,237.65200230838596,246.3880339050834,237.65200230838596,245.90269470214844,60298
2022-03-22 00:00:00+01:00,246.06448266491918,249.13825647454513,242.02003044942333,245.90269470214844,30723
2022-03-23 00:00:00+01:00,249.78535030981706,249.78535030981706,244.44669331843497,245.0937957763672,30610
2022-03-24 00:00:00+01:00,246.8733600260601,259.9773696986515,246.38802084884355,254.80047607421875,99686
2022-03-25 00:00:00+01:00,257.7124788072497,257.8742420712726,249.3000238314251,254.1533660888672,60850
2022-03-28 00:00:00+02:00,254.96226330632106,258.1978248980999,251.07957458496094,251.07957458496094,33332
2022-03-29 00:00:00+02:00,251.241353835476,257.87424005762796,241.69643265914752,253.8297882080078,47552
2022-03-30 00:00:00+02:00,252.3737907905083,253.0208932004367,245.25556553979766,249.1382293701172,35810
2022-03-31 00:00:00+02:00,244.28487611428287,252.373779296875,240.24042452298679,252.373779296875,78848
2022-04-01 00:00:00+02:00,252.37378887101715,252.53557681495602,245.90266607945262,247.52044677734375,24481
2022-04-04 00:00:00+02:00,247.52045923432019,249.13824001362946,245.74089050292972,245.7408905029297,40630
2022-04-05 00:00:00+02:00,245.90269124348958,247.5204721069336,241.21113661365274,242.66712951660156,26265
2022-04-06 00:00:00+02:00,242.82889369427096,245.25556475176717,237.97555157927852,238.29910278320312,38766
2022-04-07 00:00:00+02:00,237.00487811037854,239.1079980067948,233.445765423953,233.60752868652344,49375
2022-04-08 00:00:00+02:00,234.41642629979248,240.2404470105625,234.41642629979248,240.0786590576172,38686
2022-04-11 00:00:00+02:00,240.07865539865801,247.52045678395993,236.8430938720703,236.8430938720703,37482
2022-04-12 00:00:00+02:00,236.68132207820562,242.66710574962138,235.06354137320815,238.29910278320312,33541
2022-04-13 00:00:00+02:00,238.62264913278858,240.07864186351702,228.43062596156756,231.34263610839844,25021
2022-04-14 00:00:00+02:00,233.76931946220265,236.1959905984885,226.65109400324766,235.38710021972656,21826
2022-04-19 00:00:00+02:00,238.62266806950646,255.44757852025685,230.53376406715032,254.80047607421875,100225
2022-04-20 00:00:00+02:00,256.3191436786503,258.006564047168,249.0632566924171,250.24444580078125,78424
2022-04-21 00:00:00+02:00,254.80046195690733,254.80046195690733,241.46985206100686,243.1572723388672,40297
2022-04-22 00:00:00+02:00,242.65106389157674,242.98854282924106,236.23886108398438,236.23886108398438,15957
2022-04-25 00:00:00+02:00,235.3951348322088,235.5638871635429,226.4518019793081,232.02029418945312,40178
2022-04-26 00:00:00+02:00,232.02029705423354,234.55142756755245,227.801746198702,229.1516876220703,23633
2022-04-27 00:00:00+02:00,227.97050897989854,228.13923557305782,219.36465454101562,219.36465454101562,37527
2022-04-28 00:00:00+02:00,219.87087470398214,228.30797637529386,219.87087470398214,225.27061462402344,32001
2022-04-29 00:00:00+02:00,228.47669767989393,233.53895856569355,213.62740680594544,215.14608764648438,49255
2022-05-02 00:00:00+02:00,216.83351857377667,216.83351857377667,203.3341555497283,205.02157592773438,26780
2022-05-04 00:00:00+02:00,209.74635131930037,210.25256969185335,199.95930829533157,209.07138061523438,33411
2022-05-05 00:00:00+02:00,215.1460919614698,215.1460919614698,204.85283052870054,205.8652801513672,28000
2022-05-06 00:00:00+02:00,205.86527674651342,205.86527674651342,196.41572563458726,204.1778564453125,42306
2022-05-09 00:00:00+02:00,204.17785928020214,206.7089897671468,200.1280479262916,201.3092498779297,19132
2022-05-10 00:00:00+02:00,201.47799242842711,201.47799242842711,194.05334031128325,195.9095001220703,45889
2022-05-11 00:00:00+02:00,195.9095060994463,198.77812850727383,191.5222156289997,195.0657958984375,28875
2022-05-12 00:00:00+02:00,194.05333954251435,194.39081846168574,186.12246907602722,191.69094848632812,56963
2022-05-13 00:00:00+02:00,192.87214902819937,205.69654097201243,192.87214902819937,205.52780151367188,16831
2022-05-16 00:00:00+02:00,206.70900765585878,207.72145736345553,198.10316583029172,199.45309448242188,26428
2022-05-17 00:00:00+02:00,200.80302880859375,211.43378254217654,200.4655498761609,210.92755126953125,22440
2022-05-18 00:00:00+02:00,212.614955634105,212.614955634105,204.68408545449435,206.3715057373047,26953
2022-05-19 00:00:00+02:00,206.0340297886373,206.0340297886373,196.4157385871171,203.50289916992188,16344
2022-05-20 00:00:00+02:00,204.17786744351235,207.04647696047573,198.609375,198.609375,19092
2022-05-23 00:00:00+02:00,205.0215712738414,214.80861439371353,200.46554150624314,214.63986206054688,28993
2022-05-24 00:00:00+02:00,214.13363987100132,218.85840901365984,209.57759731051476,215.82106018066406,36544
2022-05-25 00:00:00+02:00,218.1834508119221,225.60808986241057,214.30237895680705,223.92066955566406,42355
2022-05-26 00:00:00+02:00,226.45179973904717,226.45179973904717,222.2332489773362,224.25814819335938,20754
2022-05-27 00:00:00+02:00,225.2706055406638,226.958025806886,221.55828610457294,224.08941650390625,20849
2022-05-30 00:00:00+02:00,224.42689944536258,230.6703493931167,221.89576900049008,230.33287048339844,9755
2022-05-31 00:00:00+02:00,230.3328800684861,234.38267864961455,227.97050185415975,230.839111328125,19865
2022-06-01 00:00:00+02:00,231.17659405765576,232.5265355229193,222.40201315543072,222.57073974609375,32698
2022-06-02 00:00:00+02:00,226.11433287391148,226.11433287391148,219.7021302249037,222.57073974609375,8234
2022-06-03 00:00:00+02:00,223.58321563775988,226.95805662851853,219.1959120505763,219.53341674804688,6403
2022-06-06 00:00:00+02:00,220.2083530763156,225.94557189941406,215.31483154426508,225.94557189941406,8191
2022-06-07 00:00:00+02:00,225.77685243536368,225.77685243536368,219.36464982921893,223.751953125,8192
2022-06-08 00:00:00+02:00,220.20834998338722,220.88330780674548,216.83350937061502,218.68968200683594,30218
2022-06-09 00:00:00+02:00,215.98979246292043,220.8833008992126,212.78369140625,212.78369140625,10023
2022-06-10 00:00:00+02:00,212.78369481040508,212.78369481040508,204.68408518786333,206.708984375,10154
2022-06-13 00:00:00+02:00,202.4904539994116,204.68410573400377,198.94687362922116,201.64674377441406,24821
2022-06-14 00:00:00+02:00,204.1778574183605,204.1778574183605,199.28433594675775,200.63427734375,17149
2022-06-15 00:00:00+02:00,199.11557847214198,201.4779692661018,192.70337672767874,195.40325927734375,21762
2022-06-17 00:00:00+02:00,193.3783877656937,196.7532287838524,190.67851752596613,193.04090881347656,33242
2022-06-20 00:00:00+02:00,192.365919210143,200.4655420106946,191.52220903816868,199.1156005859375,14806
2022-06-21 00:00:00+02:00,199.9593173980713,204.17786839803063,197.4281867980957,202.49044799804688,11158
2022-06-22 00:00:00+02:00,203.1654153878736,203.1654153878736,195.74076317538734,200.8030242919922,14578
2022-06-23 00:00:00+02:00,202.49044393776825,204.00912484210065,196.58447265625,196.58447265625,13815
2022-06-24 00:00:00+02:00,196.58446269132654,207.89017342183055,196.58446269132654,206.708984375,18818
2022-06-27 00:00:00+02:00,210.08382216949764,212.61495255708195,206.54024220167858,209.5775909423828,22412
2022-06-28 00:00:00+02:00,209.24012080958633,210.758801680584,204.34659928036947,205.8652801513672,20599
2022-06-29 00:00:00+02:00,206.70899396246512,208.22767486025379,204.17786342414922,207.21522521972656,16205
2022-06-30 00:00:00+02:00,207.21523609845175,207.21523609845175,197.7656712934438,201.98422241210938,20679
2022-07-01 00:00:00+02:00,204.85283730635516,205.35905569743926,200.1280550789285,201.8154754638672,3932
2022-07-04 00:00:00+02:00,201.8154772632542,202.49044799804688,196.9219555285022,202.49044799804688,7738
2022-07-05 00:00:00+02:00,198.27188539110924,206.2027556571555,197.76565415115087,204.1778564453125,15278
2022-07-06 00:00:00+02:00,206.70899929730604,206.70899929730604,200.80302788881158,202.15296936035156,10372
2022-07-07 00:00:00+02:00,204.177870489203,214.80862426757812,204.177870489203,214.80862426757812,17528
2022-07-08 00:00:00+02:00,215.1460890642289,219.533392160029,210.08382814507058,218.68968200683594,12386
2022-07-11 00:00:00+02:00,218.52094044850466,219.70212957160092,215.14609966937718,218.35218811035156,33441
2022-07-12 00:00:00+02:00,216.8335158185261,217.33974707509367,205.52780457914284,207.55270385742188,23881
2022-07-13 00:00:00+02:00,210.92755091974905,210.92755091974905,196.2469985253329,199.2843475341797,18541
2022-07-14 00:00:00+02:00,199.9593016365929,205.0215624375193,196.7532005545405,197.9344024658203,22350
2022-07-15 00:00:00+02:00,197.93441806768922,203.16541873283958,197.09070786769735,202.49044799804688,6527
2022-07-18 00:00:00+02:00,206.70899698811192,209.24012756347656,204.17786641274728,209.24012756347656,8565
2022-07-19 00:00:00+02:00,209.74635592573895,214.80861700641813,205.86528394762,212.10873413085938,16506
2022-07-20 00:00:00+02:00,211.77124124765396,216.4960230944107,211.43376234745483,215.9897918701172,9964
2022-07-21 00:00:00+02:00,213.62740680594544,217.67721808938418,210.08382676068473,215.14608764648438,21372
2022-07-22 00:00:00+02:00,217.6772231198429,225.945572458532,215.14609261844936,225.27061462402344,57504
2022-07-25 00:00:00+02:00,225.27059988017666,230.33286055164132,219.87086031354556,224.59564208984375,82446
2022-07-26 00:00:00+02:00,223.58320528802605,227.46427739734116,216.83352361895356,219.70213317871094,10274
2022-07-27 00:00:00+02:00,222.40200006572857,222.7394789751838,210.927536908318,215.14608764648438,22763
2022-07-28 00:00:00+02:00,217.67723622950453,219.02717772781313,214.13365588893973,217.50848388671875,8463
2022-07-29 00:00:00+02:00,218.35218730004124,225.10186883324798,216.15856140014242,223.751953125,8419
2022-08-01 00:00:00+02:00,226.11433310859792,227.46427457526255,217.33975219726562,217.33975219726562,5901
2022-08-02 00:00:00+02:00,215.3148296463381,218.18345190659684,210.5900604881398,212.61495971679688,13832
2022-08-03 00:00:00+02:00,212.61496936845265,218.85841966856282,212.44622990407052,218.01470947265625,9758
2022-08-04 00:00:00+02:00,218.52094073979856,223.5832019152379,217.50847820551397,218.01470947265625,6394
2022-08-05 00:00:00+02:00,219.36465129558576,223.58320228203934,219.36465129558576,222.57073974609375,6629
2022-08-08 00:00:00+02:00,223.5832002109155,227.12679330590777,221.05206964249,224.42691040039062,4116
2022-08-09 00:00:00+02:00,226.45181112985588,226.62056346800898,217.84598259187587,218.35218811035156,4471
2022-08-10 00:00:00+02:00,215.98980398034752,224.08942677920876,214.30238363675105,219.19589233398438,9796
2022-08-11 00:00:00+02:00,219.5334006914176,238.43250370779066,219.5334006914176,235.0576629638672,15468
2022-08-12 00:00:00+02:00,235.22641748820624,240.4574315617294,232.02032869991433,237.2513427734375,9639
2022-08-16 00:00:00+02:00,240.45738090020396,250.07567098661428,236.745061572746,247.20706176757812,21812
2022-08-17 00:00:00+02:00,248.72575855992528,248.72575855992528,237.92627821666363,239.4449462890625,19496
2022-08-18 00:00:00+02:00,241.13236225211404,244.16972408885275,238.7699840168682,243.49476623535156,6137
2022-08-19 00:00:00+02:00,244.50721428290683,244.50721428290683,233.2015023538298,237.92628479003906,7479
2022-08-22 00:00:00+02:00,237.08255257366375,237.08255257366375,229.99539245059714,234.55142211914062,5300
2022-08-23 00:00:00+02:00,237.082580253695,241.46988385296078,234.55144950365556,237.42005920410156,4945
2022-08-24 00:00:00+02:00,237.92628479003906,242.48231488110082,232.8640234115276,237.92628479003906,9500
2022-08-25 00:00:00+02:00,242.3135798243468,248.2195512264222,239.78244922345735,245.85714721679688,13431
2022-08-26 00:00:00+02:00,246.36337612437552,248.8945067009958,244.84470807760002,248.05079650878906,8471
2022-08-29 00:00:00+02:00,246.5321118125857,246.5321118125857,240.45738853975382,244.50718688964844,12746
2022-08-30 00:00:00+02:00,246.19461788290764,254.12551409785902,243.15728186219297,248.89450073242188,39682
2022-08-31 00:00:00+02:00,248.5570255702383,255.47543363620665,248.2195466459457,255.13795471191406,21556
2022-09-01 00:00:00+02:00,254.125493812074,254.2942203842055,241.30108992258707,242.98851013183594,18067
2022-09-02 00:00:00+02:00,242.9885559084503,248.89452775344736,234.72020562465198,238.43252563476562,17781
2022-09-05 00:00:00+02:00,238.4324904112603,244.50718796276337,233.7077084836534,243.1572723388672,4382
2022-09-06 00:00:00+02:00,244.84470277281824,245.1821816927908,232.35777674990362,233.3702392578125,3610
2022-09-07 00:00:00+02:00,233.7077178955078,240.4573992787716,231.51406629634886,233.7077178955078,9571
2022-09-08 00:00:00+02:00,236.23884412977432,238.6012222718758,227.80174255371094,227.80174255371094,36241
2022-09-09 00:00:00+02:00,229.48916682289297,242.48229832429678,224.59565812366006,228.814208984375,25350
2022-09-12 00:00:00+02:00,231.51405285311412,231.51405285311412,222.0645149140421,226.62054443359375,12734
2022-09-13 00:00:00+02:00,226.95804642897386,226.95804642897386,216.3272926362339,219.36465454101562,15396
2022-09-14 00:00:00+02:00,219.19588605592793,219.87086962282876,209.40885606777908,215.14608764648438,14727
2022-09-15 00:00:00+02:00,215.1460744950544,215.1460744950544,212.7836836512902,212.95242309570312,11543
2022-09-16 00:00:00+02:00,214.8086068715368,214.8086068715368,201.30924462663884,206.708984375,60186
2022-09-19 00:00:00+02:00,206.70898875267633,207.55269891085052,201.30924888995966,204.8528289794922,17174
2022-09-20 00:00:00+02:00,205.86528540859703,205.86528540859703,198.27189373368975,200.8030242919922,14867
2022-09-21 00:00:00+02:00,201.30925857714521,204.6840993722424,196.75321577936646,202.8279266357422,15431
2022-09-22 00:00:00+02:00,202.4904310067447,214.30237281547147,199.9593006191604,209.5775909423828,15883
2022-09-23 00:00:00+02:00,210.92754811733525,210.92754811733525,198.44063469398984,201.8154754638672,16359
2022-09-26 00:00:00+02:00,201.64672879325747,203.84038036487433,194.0533373324235,201.3092498779297,16852
2022-09-27 00:00:00+02:00,199.95929949257035,205.35903913939626,195.06577819601227,197.59690856933594,16801
2022-09-28 00:00:00+02:00,197.42818520938516,197.42818520938516,190.67850366376516,194.3908233642578,23558
2022-09-29 00:00:00+02:00,195.06578342262975,198.94685524864724,189.15981239329582,192.19717407226562,11141
2022-09-30 00:00:00+02:00,192.70339812933452,199.1156005859375,188.99107852224574,199.1156005859375,12982
2022-10-03 00:00:00+02:00,198.2719046181889,202.32171630859375,191.015991469797,202.32171630859375,16042
2022-10-04 00:00:00+02:00,202.32169823285162,208.39640878873635,196.5844665901845,205.1903076171875,12412
2022-10-05 00:00:00+02:00,205.86528850092802,206.54025923474666,201.64673750705654,202.8279266357422,9623
2022-10-06 00:00:00+02:00,204.1778649257139,208.22767639160156,204.1778649257139,208.22767639160156,10594
2022-10-07 00:00:00+02:00,208.39640465561226,208.90263588939393,204.34659340734385,206.708984375,5964
2022-10-10 00:00:00+02:00,206.202765333187,206.202765333187,199.7905756121296,204.68409729003906,8765
2022-10-11 00:00:00+02:00,205.52781110662966,213.62742135098205,204.51534856133907,210.92755126953125,27110
2022-10-12 00:00:00+02:00,208.90264017292714,215.1460901896159,207.89017768460326,212.61495971679688,24101
2022-10-13 00:00:00+02:00,213.96489272093277,216.4960230944107,209.07137142407646,215.9897918701172,22079
2022-10-14 00:00:00+02:00,217.677224323944,223.07696427385446,215.98980398034752,219.19589233398438,7736
2022-10-17 00:00:00+02:00,221.55829137809422,222.7394804429664,216.4960304589359,218.68968200683594,10182
2022-10-18 00:00:00+02:00,218.68967923926343,222.40199871673445,217.67721676904853,221.55828857421875,9957
2022-10-19 00:00:00+02:00,222.73948784938372,222.73948784938372,211.0962847733668,211.77125549316406,12402
2022-10-20 00:00:00+02:00,214.30239518529092,234.04520911969166,209.40887335035512,231.68283081054688,30768
2022-10-21 00:00:00+02:00,233.7077009992844,233.7077009992844,219.53338141837912,224.59564208984375,31708
2022-10-24 00:00:00+02:00,227.8017459196203,235.3951374502743,227.8017459196203,229.48916625976562,21053
2022-10-25 00:00:00+02:00,232.02028380893861,232.02028380893861,226.11431294834745,226.95802307128906,16084
2022-10-26 00:00:00+02:00,230.33286678019866,231.17657691492465,226.62054733700225,228.98292541503906,11268
2022-10-27 00:00:00+02:00,229.9953846634767,230.83909478641831,222.73947245658107,226.95802307128906,26827
2022-10-28 00:00:00+02:00,226.95803376877828,236.91380338955068,224.08942436516512,231.3453369140625,24575
2022-10-31 00:00:00+01:00,232.3577853996204,236.23885749375918,228.982944578281,234.888916015625,12233
2022-11-02 00:00:00+01:00,235.39514087760537,237.58879250133185,229.82664852445083,231.1765899658203,31989
2022-11-03 00:00:00+01:00,231.17659436101417,231.17659436101417,220.03960944296563,222.23326110839844,34082
2022-11-04 00:00:00+01:00,223.92068327813595,226.78929282580316,210.92755126953125,210.92755126953125,194789
2022-11-07 00:00:00+01:00,212.6149623813051,226.45180398985534,212.6149623813051,224.93313598632812,100596
2022-11-08 00:00:00+01:00,224.93313676653878,231.17658688312721,219.1958921542213,229.1516876220703,30990
2022-11-09 00:00:00+01:00,228.6454691205706,242.98854282924106,226.9580486842564,236.23886108398438,64325
2022-11-10 00:00:00+01:00,237.08257345146353,239.6137041288813,228.47671884904605,234.3826904296875,45014
2022-11-14 00:00:00+01:00,235.5638999378227,244.00100200224338,234.55143739089536,239.4449462890625,44418
2022-11-15 00:00:00+01:00,239.44490835910895,244.67592110961314,236.74505157496813,241.80731201171875,33321
2022-11-16 00:00:00+01:00,240.9636147298832,244.67593409762864,234.5514126866923,244.3384552001953,19812
2022-11-17 00:00:00+01:00,244.67597250381334,244.67597250381334,235.3951597536687,237.42005920410156,28442
2022-11-18 00:00:00+01:00,237.0825780788884,242.65107082749296,233.37025816248308,239.27622985839844,19349
2022-11-21 00:00:00+01:00,240.96364070455704,240.96364070455704,233.87648010253903,233.87648010253906,17459
2022-11-22 00:00:00+01:00,234.55143414213222,241.3011157001792,233.37024501907234,237.7575225830078,22738
2022-11-23 00:00:00+01:00,239.44494297251956,239.61369531066745,235.56389667503598,237.7575225830078,31650
2022-11-24 00:00:00+01:00,239.78247005882625,241.97609617181385,236.07012425655205,240.45742797851562,6418
2022-11-25 00:00:00+01:00,242.14481660732693,248.2195400757663,238.2637447107124,246.53211975097656,19413
2022-11-28 00:00:00+01:00,246.53210769481166,249.73819585592844,244.6759351291191,248.5570068359375,18986
2022-11-29 00:00:00+01:00,249.5694397719634,249.7381920928434,245.85712044450545,247.20706176757812,23486
2022-11-30 00:00:00+01:00,248.0507977450151,254.63172697782898,246.19462501371282,251.59439086914062,30638
2022-12-01 00:00:00+01:00,252.26935142085577,252.94430928599567,244.67595957206748,249.06326293945312,35862
2022-12-02 00:00:00+01:00,247.03832551377556,257.1628474733236,246.53212001419084,251.42562866210938,67362
2022-12-05 00:00:00+01:00,248.55701815472568,254.46298927161604,245.68840876183424,247.5445556640625,14150
2022-12-06 00:00:00+01:00,248.05077128075,249.9069438140193,241.4698427500482,242.3135528564453,15393
2022-12-07 00:00:00+01:00,246.19462794059905,246.19462794059905,237.08256801022156,239.4449462890625,21890
2022-12-08 00:00:00+01:00,241.80734177679255,241.97606836332733,236.40760179584635,237.5887908935547,13159
2022-12-09 00:00:00+01:00,237.25132394665548,239.44494991825928,233.8764830697357,235.90138244628906,11535
2022-12-12 00:00:00+01:00,237.92626474785817,237.92626474785817,231.5140623922894,232.69525146484375,14153
2022-12-13 00:00:00+01:00,235.73261992163907,247.2070835571673,231.0078377484226,245.68841552734375,30361
2022-12-14 00:00:00+01:00,245.68841103741116,247.20707903948121,244.00099070267066,245.3509063720703,12280
2022-12-15 00:00:00+01:00,246.02590043876558,246.70085830222766,243.83224876052577,244.84471130371094,23317
2022-12-16 00:00:00+01:00,241.3011190424319,247.03833814704112,237.08256801022156,239.4449462890625,67288
2022-12-19 00:00:00+01:00,240.1199394810056,243.4947804413908,238.76999794725288,239.95118713378906,12304
2022-12-20 00:00:00+01:00,238.60124560003635,243.1573014949509,236.57634617340386,239.95118713378906,15702
2022-12-21 00:00:00+01:00,240.45738853975382,244.50718688964844,240.11990963526094,244.50718688964844,3726
2022-12-22 00:00:00+01:00,243.15729963426799,254.125532671589,243.15729963426799,250.91941833496094,20175
2022-12-23 00:00:00+01:00,251.42561446086015,257.16283294801957,249.7381942295792,255.6441650390625,13677
2022-12-27 00:00:00+01:00,257.3316096849802,257.5003620233146,253.95676890222634,256.82537841796875,6598
2022-12-28 00:00:00+01:00,256.6566545096912,256.6566545096912,252.77558241936867,254.29425048828125,10470
2022-12-29 00:00:00+01:00,255.64415980415163,263.0687983705552,252.26931941069748,261.3813781738281,31043
2022-12-30 00:00:00+01:00,261.8876192833658,267.7935901951916,260.0314724455858,261.5501403808594,16203
2023-01-02 00:00:00+01:00,264.08127962813575,266.4436577728972,261.88762806629114,263.0688171386719,5153
2023-01-03 00:00:00+01:00,268.29983782087055,268.29983782087055,261.88763528938983,265.7687072753906,19065
2023-01-04 00:00:00+01:00,268.2998600080365,269.312322609151,266.10620820428403,268.80609130859375,16397
2023-01-05 00:00:00+01:00,269.14355410133174,275.38700443872347,267.1186547686631,269.8185119628906,55514
2023-01-09 00:00:00+01:00,269.98724550189394,279.9430148805802,269.98724550189394,278.4243469238281,60567
2023-01-10 00:00:00+01:00,276.39943922373385,282.4741366117344,271.6746574232961,282.13665771484375,44271
2023-01-11 00:00:00+01:00,281.7991989692335,283.4866193223427,276.06198006785877,277.4118957519531,50811
2023-01-12 00:00:00+01:00,278.5930898771664,281.2929467925445,276.06195953575536,277.58062744140625,38872
2023-01-13 00:00:00+01:00,276.90569978095914,277.58065764625167,272.01216513961595,273.0246276855469,19490
2023-01-16 00:00:00+01:00,273.0246270970997,274.20581623281186,269.1435550100523,273.6995849609375,22325
2023-01-17 00:00:00+01:00,274.37457188982717,275.21828210382046,270.4934997558594,270.4934997558594,24133
2023-01-18 00:00:00+01:00,271.5059067034763,279.43680244116285,269.48100756219037,275.04949951171875,65808
2023-01-19 00:00:00+01:00,274.543270283897,286.35521206653044,270.6621985485766,283.4866027832031,46821
2023-01-20 00:00:00+01:00,283.4866146613024,283.4866146613024,280.1117740105726,281.7991943359375,36789
2023-01-23 00:00:00+01:00,282.6429111999873,290.0675505084322,281.9679533530346,285.1740417480469,25204
2023-01-24 00:00:00+01:00,285.1740230378651,289.7300525758543,282.4741403312101,283.4866027832031,23276
2023-01-25 00:00:00+01:00,288.3801112225268,288.5488635471889,280.1117622738793,283.4866027832031,14738
2023-01-26 00:00:00+01:00,286.8614544167642,295.12980368605116,282.13667237089,292.7674255371094,41699
2023-01-27 00:00:00+01:00,292.5986732059032,296.31101850851275,291.41748413143233,292.7674255371094,28633
2023-01-30 00:00:00+01:00,290.5737858235674,292.261206212494,288.5488865064538,291.08001708984375,48267
2023-01-31 00:00:00+01:00,288.71762815055575,296.64849853515625,287.1989344079785,296.64849853515625,76267
2023-02-01 00:00:00+01:00,296.1422819100411,299.85460166187914,291.41749961316003,292.4299621582031,67081
2023-02-02 00:00:00+01:00,294.4548618143255,301.20454346049917,293.4423992682026,296.9859924316406,49419
2023-02-03 00:00:00+01:00,299.51712665269383,301.54202602131073,294.6236176995369,298.3359375,30518
2023-02-06 00:00:00+01:00,298.6734115868284,300.6983109225644,288.04265788922424,288.54888916015625,22931
2023-02-07 00:00:00+01:00,287.3676970097714,287.70517593751913,279.774305269485,286.52398681640625,36227
2023-02-08 00:00:00+01:00,288.2114129263776,289.3926020709463,281.96796252109266,286.01776123046875,21268
2023-02-09 00:00:00+01:00,285.1740462991187,295.6360475817957,285.1740462991187,290.4050598144531,23696
2023-02-10 00:00:00+01:00,292.7674120569522,292.7674120569522,274.5432682893999,275.04949951171875,28869
2023-02-13 00:00:00+01:00,277.4118759144059,286.52396061839084,271.6746574232961,282.13665771484375,30395
2023-02-14 00:00:00+01:00,282.6429188799219,287.7051801135921,270.830976001358,273.0246276855469,23463
2023-02-15 00:00:00+01:00,275.38700453488195,284.6678167485133,273.0246262706089,283.99285888671875,17792
2023-02-16 00:00:00+01:00,283.99284220381446,283.99284220381446,276.230698509197,280.4492492675781,22166
2023-02-17 00:00:00+01:00,280.95550288526994,288.71764719811404,278.4243722286459,288.04266357421875,15721
2023-02-20 00:00:00+01:00,288.5488915651739,288.5488915651739,279.9430371315771,281.46173095703125,14441
2023-02-21 00:00:00+01:00,285.00529838710645,285.00529838710645,276.06199076739836,281.46173095703125,17257
2023-02-22 00:00:00+01:00,284.1615585215001,284.1615585215001,272.518369148114,275.04949951171875,17558
2023-02-23 00:00:00+01:00,277.2431701868148,281.29296875,272.6871403662336,281.29296875,17462
2023-02-24 00:00:00+01:00,280.9554773504084,281.630435164967,274.37454854049577,278.4243469238281,12264
2023-02-27 00:00:00+01:00,280.9554924575675,280.9554924575675,275.72447899549724,278.7618408203125,6600
2023-02-28 00:00:00+01:00,276.7369261048369,283.82408613597255,275.04950582370986,279.09930419921875,20121
2023-03-01 00:00:00+01:00,280.1117615353166,282.136660685974,277.4118788357803,278.9305725097656,10814
2023-03-02 00:00:00+01:00,278.9305812357553,278.9305812357553,271.168437542752,275.21826171875,24098
2023-03-03 00:00:00+01:00,276.7369234835088,280.44924291722623,274.3745454115041,276.3994445800781,14670
2023-03-06 00:00:00+01:00,279.2680613350797,287.36768397355024,277.07440978224537,284.330322265625,18647
2023-03-07 00:00:00+01:00,286.01775250534644,291.9237237960173,284.33033213658337,284.49908447265625,16812
2023-03-08 00:00:00+01:00,285.1740483512655,290.74254083553365,282.6429177445975,288.54888916015625,14365
2023-03-09 00:00:00+01:00,289.3925980717303,289.3925980717303,279.7743069588863,280.1117858886719,14593
2023-03-10 00:00:00+01:00,276.7369384765625,283.31786756796714,274.2058079417159,276.7369384765625,19566
2023-03-13 00:00:00+01:00,276.7369417834247,277.07442070917205,259.35650675352593,263.91253662109375,53845
2023-03-14 00:00:00+01:00,266.6123910828776,266.6123910828776,260.03146261483755,261.3813781738281,18813
2023-03-15 00:00:00+01:00,261.5501761037769,261.5501761037769,248.05081217584004,252.2693634033203,26093
2023-03-16 00:00:00+01:00,253.45055898976602,254.63174821365297,241.4698886503501,251.0881805419922,27077
2023-03-17 00:00:00+01:00,251.4256323000648,262.39386458161124,246.36337124704335,252.77557373046875,81235
2023-03-20 00:00:00+01:00,250.58193073805663,254.9692341006807,241.80734976080052,254.29425048828125,38179
2023-03-21 00:00:00+01:00,256.4879036604494,260.03149683916564,253.7880206911425,257.5003662109375,22137
2023-03-22 00:00:00+01:00,258.1753168169236,258.1753168169236,252.43809785352192,254.80047607421875,11027
2023-03-23 00:00:00+01:00,259.18780743034523,259.18780743034523,248.89453175028817,257.3316345214844,26659
2023-03-24 00:00:00+01:00,255.81296836263297,258.17534685821624,245.35094024449265,251.2569122314453,37913
2023-03-27 00:00:00+02:00,247.20708412507645,255.64418597234868,247.20708412507645,255.13795471191406,13726
2023-03-28 00:00:00+02:00,258.17535634145855,262.3939079156654,255.13799405843054,256.3191833496094,24281
2023-03-29 00:00:00+02:00,259.0190666562999,260.70648728598263,253.2818468145768,256.3191833496094,30632
2023-03-30 00:00:00+02:00,256.3191236190446,261.04390543072986,254.8004557054266,260.2001953125,18217
2023-03-31 00:00:00+02:00,261.550131506794,264.92497191333325,259.0190012018895,260.0314636230469,22967
2023-04-03 00:00:00+02:00,261.5501471841411,266.78116042702015,261.5501471841411,264.92498779296875,18760
2023-04-04 00:00:00+02:00,269.98724311913253,277.4118820057127,268.8060540800843,270.6622009277344,25143
2023-04-05 00:00:00+02:00,270.6622144359907,277.74940051996833,269.9872565937029,272.180908203125,30247
2023-04-06 00:00:00+02:00,275.04949951171875,276.56816743068583,272.0121379257951,275.04949951171875,9177
2023-04-11 00:00:00+02:00,278.4243432426458,287.70515468406734,276.3994440777518,287.36767578125,33606
2023-04-12 00:00:00+02:00,289.0551090312089,297.82968963867063,284.33032693550143,294.7923278808594,35485
2023-04-13 00:00:00+02:00,293.4423966350847,301.20454075773,292.5986864368838,299.5171203613281,19224
2023-04-14 00:00:00+02:00,299.5171104875708,303.3981824209516,295.4673119689071,299.3483581542969,21185
2023-04-17 00:00:00+02:00,301.0357891070369,311.16031150859186,300.8670625158062,308.6291809082031,30777
2023-04-18 00:00:00+02:00,308.6292041152387,320.9473791129806,306.60430463226595,314.8726806640625,24920
2023-04-19 00:00:00+02:00,314.5351206171989,318.0787133998948,307.11048190334674,314.36639404296875,26129
2023-04-20 00:00:00+02:00,314.197647395792,327.8657618067906,310.9915591996268,324.1534423828125,34980
2023-04-21 00:00:00+02:00,321.45356473342883,325.67211545171534,317.2350140151424,324.3221740722656,24876
2023-04-24 00:00:00+02:00,324.4909583467039,328.8782360768603,320.10365486855477,327.5283203125,28411
2023-04-25 00:00:00+02:00,326.0095955392676,333.43426027911255,323.9846963367609,328.2032470703125,51528
2023-04-26 00:00:00+02:00,329.04695471938777,333.2655054209184,325.67211415816325,330.734375,34455
2023-04-27 00:00:00+02:00,320.6098911369456,329.0469935352863,309.30417907276774,327.6970520019531,50840
2023-04-28 00:00:00+02:00,327.1908174282666,328.0345276596422,315.0413952460563,316.5600891113281,40966
2023-05-02 00:00:00+02:00,312.1727702769844,328.8782217385561,312.1727702769844,316.8975524902344,26932
2023-05-04 00:00:00+02:00,316.3913038910412,322.4660272249453,308.79791259765625,308.79791259765625,29737
2023-05-05 00:00:00+02:00,307.78543787975383,315.0413499765528,305.5918121917821,311.1602783203125,14794
2023-05-08 00:00:00+02:00,317.23503443803736,320.6098752299314,311.1603107134314,318.9224548339844,25799
2023-05-09 00:00:00+02:00,318.92244859087054,322.46604165218787,315.21012894205654,320.1036376953125,27379
2023-05-10 00:00:00+02:00,319.7661774333706,328.03452739498357,318.5849882599963,326.34710693359375,36506
2023-05-11 00:00:00+02:00,327.02208652508057,327.02208652508057,315.2101434413428,315.8851013183594,41426
2023-05-12 00:00:00+02:00,313.0164590341938,322.46602281366734,313.0164590341938,318.41619873046875,15328
2023-05-15 00:00:00+02:00,320.77864246371007,321.6223527008603,313.52272927461956,314.70391845703125,6800
2023-05-16 00:00:00+02:00,312.3415061453461,319.42866621754075,311.6665225801907,313.35394287109375,10906
2023-05-17 00:00:00+02:00,314.7038740602258,314.7038740602258,307.11048299711047,307.9541931152344,12317
2023-05-18 00:00:00+02:00,313.69141684073196,321.95979158476877,312.51022780529524,318.41619873046875,15002
2023-05-19 00:00:00+02:00,321.45361392487666,322.8035555109054,315.54764201549574,320.7786560058594,34886
2023-05-22 00:00:00+02:00,320.77863026989996,323.4784874773547,315.3788643590063,316.3913269042969,61841
2023-05-23 00:00:00+02:00,318.92244396143167,331.5780964995837,317.066271289973,329.721923828125,34437
2023-05-24 00:00:00+02:00,325.8409012140564,330.7344102501937,319.42869831470915,321.79107666015625,13429
2023-05-25 00:00:00+02:00,322.80355199203535,323.8159888595248,314.8726806640625,314.8726806640625,17847
2023-05-26 00:00:00+02:00,316.897529595367,325.6721097871855,316.39129836837964,324.8283996582031,16156
2023-05-29 00:00:00+02:00,329.04699986860487,329.04699986860487,320.1036660046287,321.9598388671875,2950
2023-05-30 00:00:00+02:00,320.778639036163,326.0096270018049,315.3788729777041,317.9100036621094,7102
2023-05-31 00:00:00+02:00,312.8477178403202,320.27238271637395,312.1727600097656,312.1727600097656,43425
2023-06-01 00:00:00+02:00,310.82283816836207,324.1534750189593,310.82283816836207,322.29730224609375,11637
2023-06-02 00:00:00+02:00,327.3595488003674,327.3595488003674,321.95980881511423,326.5158386230469,10962
2023-06-05 00:00:00+02:00,327.86578108122023,336.30288288079873,325.50337712854343,330.39691162109375,27415
2023-06-06 00:00:00+02:00,324.8284172058105,339.6777214276744,324.8284172058105,337.48406982421875,30046
2023-06-07 00:00:00+02:00,338.159045992037,341.7026392164416,332.0843478547625,334.615478515625,22716
2023-06-09 00:00:00+02:00,337.4840413205483,338.3277514238497,324.6596374511719,324.6596374511719,19540
2023-06-12 00:00:00+02:00,324.49092640019313,333.4342590725585,323.1409850207434,324.3221740722656,27303
2023-06-13 00:00:00+02:00,325.8409012140564,332.7593096531474,318.58498808447905,321.79107666015625,37594
2023-06-14 00:00:00+02:00,324.82840530805805,330.7343763136591,317.0662616872148,324.3221740722656,53683
2023-06-15 00:00:00+02:00,329.72193602671734,329.72193602671734,318.9224557604799,322.80352783203125,83963
2023-06-16 00:00:00+02:00,322.63472720649855,328.03446653147995,321.28478593825616,325.6720886230469,108703
2023-06-19 00:00:00+02:00,325.6721373638763,329.72193602671734,321.791065292325,322.80352783203125,11078
2023-06-20 00:00:00+02:00,322.80351174506876,325.16588988933125,320.6098601836875,323.8159484863281,14991
2023-06-21 00:00:00+02:00,323.9846855484062,323.9846855484062,317.74123582024833,318.2474670410156,19406
2023-06-22 00:00:00+02:00,320.6098440300348,323.14097437764036,314.70387321895527,319.5973815917969,27556
2023-06-23 00:00:00+02:00,317.23502822795587,323.14099949815716,316.8975493049712,320.1036376953125,18032
2023-06-26 00:00:00+02:00,320.60986016790974,321.45357032624634,314.5351367286899,318.5849609375,15831
2023-06-27 00:00:00+02:00,319.0912156041694,324.1534769257713,313.0164917190501,315.8851013183594,12760
2023-06-28 00:00:00+02:00,321.4536075639448,322.9722757256793,314.0289676096968,321.9598388671875,14300
2023-06-29 00:00:00+02:00,322.8035302406035,340.18396564863036,321.45358876025335,339.677734375,48395
2023-06-30 00:00:00+02:00,341.70263402602257,346.5961429301613,339.84646127038803,344.2337646484375,23627
2023-07-03 00:00:00+02:00,347.6086185161884,352.50212760386955,341.3651678963215,350.98345947265625,45002
2023-07-04 00:00:00+02:00,350.98343210949605,353.1770837097786,347.60859141613554,347.77734375,29740
2023-07-05 00:00:00+02:00,347.60861099774564,347.60861099774564,338.3277985681942,339.1715087890625,16592
2023-07-06 00:00:00+02:00,338.66524021038373,349.6334718737613,333.4342528658744,346.08990478515625,18385
2023-07-07 00:00:00+02:00,340.0152024071597,347.9460729464629,339.5089711497592,345.2462158203125,14465
2023-07-10 00:00:00+02:00,341.8713749881542,354.35827534393434,341.8713749881542,350.4772033691406,14483
2023-07-11 00:00:00+02:00,357.22685997568044,358.5768013184773,348.6210321928307,349.2959899902344,26082
2023-07-12 00:00:00+02:00,350.81467606605014,354.02079013963527,345.2462095792802,351.65838623046875,22659
2023-07-13 00:00:00+02:00,354.0207917847857,358.40806921135567,347.27111043807093,354.864501953125,30868
2023-07-14 00:00:00+02:00,356.8893880409971,370.2199979097627,356.38315680907147,362.964111328125,32434
2023-07-17 00:00:00+02:00,362.9641569045227,374.77610030869414,362.2891732612027,367.857666015625,33297
2023-07-18 00:00:00+02:00,368.0263681236019,381.356977846473,365.66396431646706,377.8133850097656,84696
2023-07-19 00:00:00+02:00,380.68204831602634,386.2505149758579,372.5824253362827,375.1135559082031,90497
2023-07-20 00:00:00+02:00,373.25737594575054,380.34453625998805,370.22001416879414,372.4136657714844,25276
2023-07-21 00:00:00+02:00,374.43857496229214,376.12599535553903,369.2075871920218,372.5824279785156,13268
2023-07-24 00:00:00+02:00,376.29473979498226,383.21317356126144,373.76360925824474,380.1758117675781,17087
2023-07-25 00:00:00+02:00,380.34452216788367,383.04440492469877,373.0886355364247,375.9572448730469,18745
2023-07-26 00:00:00+02:00,377.1384447658252,378.3196338503929,369.3763009278244,370.3887634277344,15022
2023-07-27 00:00:00+02:00,370.3887527796096,380.0070432602793,370.3887527796096,375.9572448730469,12402
2023-07-28 00:00:00+02:00,375.28229724620456,375.28229724620456,368.0264099199349,370.89501953125,13707
2023-07-31 00:00:00+02:00,371.2324954960049,373.4261472098979,364.3140614171096,368.8701171875,34011
2023-08-01 00:00:00+02:00,368.53262391095177,371.2325069882454,366.1702455293148,367.857666015625,10998
2023-08-02 00:00:00+02:00,363.8078343140105,363.8078343140105,352.670849810279,355.5394592285156,24111
2023-08-03 00:00:00+02:00,352.33335360736623,358.07057216236774,351.6583700580786,357.73309326171875,13258
2023-08-04 00:00:00+02:00,358.57684326171875,360.77049498185954,351.82716150620405,358.57684326171875,12629
2023-08-07 00:00:00+02:00,358.57680782042837,360.43298041893013,350.47718536476896,353.3457946777344,13549
2023-08-08 00:00:00+02:00,353.51457243495787,353.51457243495787,347.1023697901192,353.1770935058594,15970
2023-08-09 00:00:00+02:00,355.2020106682411,360.26427210294287,349.464791341443,350.98345947265625,23674
2023-08-10 00:00:00+02:00,350.98343210949605,362.28914328265563,346.9336335766599,347.77734375,57531
2023-08-11 00:00:00+02:00,349.29602214663663,370.051298177412,342.71509289814315,362.2891540527344,76724
2023-08-14 00:00:00+02:00,361.95167931945355,361.95167931945355,348.28356364735424,348.789794921875,43656
2023-08-16 00:00:00+02:00,349.2960060866181,356.04568736365417,346.76487560772955,353.5145568847656,50118
2023-08-17 00:00:00+02:00,355.2019844746645,356.5519259073019,344.5712310961333,346.59613037109375,45560
2023-08-18 00:00:00+02:00,348.11481223754237,349.80223253365455,343.8962614972619,348.2835388183594,19577
2023-08-21 00:00:00+02:00,348.28354448451677,351.152179632969,340.015195198247,342.54632568359375,29212
2023-08-22 00:00:00+02:00,344.908712184455,348.45230524889456,338.4965353981227,339.50897216796875,27768
2023-08-23 00:00:00+02:00,342.54632568359375,345.2462085004933,337.3153123813475,342.54632568359375,20474
2023-08-24 00:00:00+02:00,347.60862328061177,349.97100168332145,331.4093761683373,332.9280700683594,25892
2023-08-25 00:00:00+02:00,330.90314632805587,341.1963951820454,327.5283055730446,336.97784423828125,15301
2023-08-28 00:00:00+02:00,344.23375972487986,344.23375972487986,328.8782238693282,334.44671630859375,14970
2023-08-29 00:00:00+02:00,334.27801161904785,339.1715207738008,332.2530864190184,332.9280700683594,17934
2023-08-30 00:00:00+02:00,333.096784309465,341.70263884627184,333.096784309465,339.8464660644531,10348
2023-08-31 00:00:00+02:00,343.221288712034,344.4025035548117,337.48406982421875,337.48406982421875,53692
2023-09-01 00:00:00+02:00,337.48406028052716,349.2960023903456,334.61545091774076,346.9336242675781,32301
2023-09-04 00:00:00+02:00,349.97095526190543,349.97095526190543,341.0276483893532,341.7026062011719,9928
2023-09-05 00:00:00+02:00,341.7026266227209,342.71508914894787,331.7468566894531,331.7468566894531,19887
2023-09-06 00:00:00+02:00,335.2555467221963,344.20269567205463,324.729470238224,340.3431396484375,57992
2023-09-07 00:00:00+02:00,340.34312737436056,343.85181940914777,335.78181702145883,342.2729187011719,45251
2023-09-08 00:00:00+02:00,342.623795329232,353.8515995516225,340.69400393044765,353.1498718261719,38120
2023-09-11 00:00:00+02:00,354.9042137278627,361.21984349010404,354.9042137278627,357.8865966796875,56143
2023-09-12 00:00:00+02:00,360.5181326624859,367.00920804271544,357.8866134459714,364.0268249511719,33603
2023-09-13 00:00:00+02:00,367.1846097770428,367.1846097770428,361.5707081354003,365.6056823730469,45385
2023-09-14 00:00:00+02:00,365.78116499421253,367.5355111092927,359.4655082722451,365.0794372558594,38135
2023-09-15 00:00:00+02:00,364.9039947392808,370.3424784454779,361.7461663540437,364.377685546875,81625
2023-09-18 00:00:00+02:00,362.27247545839947,364.90399465059124,349.29032481793246,351.5709533691406,13240
2023-09-19 00:00:00+02:00,368.23725409293036,368.23725409293036,350.5183736585649,354.5533752441406,24990
2023-09-20 00:00:00+02:00,357.88659948323,375.4300602422118,355.4305256846512,374.72833251953125,59000
2023-09-21 00:00:00+02:00,365.78117191959956,376.3072488093722,365.78117191959956,372.2722473144531,31344
2023-09-22 00:00:00+02:00,369.2898371714466,375.4300482408056,365.07941743156454,371.9213562011719,14320
2023-09-25 00:00:00+02:00,371.92135945866596,375.78091538222805,366.30745749992155,371.57049560546875,20354
2023-09-26 00:00:00+02:00,371.0441957446636,374.55288790300557,365.25484832956,370.1670227050781,17278
2023-09-27 00:00:00+02:00,365.43029653202484,371.04419867588206,357.0094299316406,357.0094299316406,15602
2023-09-28 00:00:00+02:00,356.13225568780825,363.85136776351055,353.32529124071823,361.2198486328125,19334
2023-09-29 00:00:00+02:00,357.8865896031476,367.00918359213375,357.8865896031476,363.1496276855469,24167
2023-10-02 00:00:00+02:00,365.7811315464156,365.7811315464156,354.7287466782245,360.86895751953125,24553
2023-10-03 00:00:00+02:00,357.36029052734375,360.8689826813073,351.7463884348415,357.36029052734375,38916
2023-10-04 00:00:00+02:00,353.14987269352315,366.3074683470136,350.6937721100201,361.2198486328125,25922
2023-10-05 00:00:00+02:00,361.5707232740418,365.4302791411925,351.0446472167969,351.0446472167969,19061
2023-10-06 00:00:00+02:00,351.92184019517947,358.7637793130303,351.92184019517947,356.6585693359375,8243
2023-10-09 00:00:00+02:00,356.6585524958288,365.4302826272108,351.74637826841575,362.97418212890625,35296
2023-10-10 00:00:00+02:00,364.72854032916547,370.3424692159895,364.02681260291087,365.95660400390625,50670
2023-10-11 00:00:00+02:00,365.4302970453812,395.42959921682206,365.4302970453812,395.0787353515625,62437
2023-10-12 00:00:00+02:00,397.1839294433594,403.1487219912441,391.74547282613037,397.1839294433594,46716
2023-10-13 00:00:00+02:00,395.42959114507045,407.7100135628577,391.7454804812522,404.7276306152344,43152
2023-10-16 00:00:00+02:00,407.8854588765047,414.0256700853983,393.3243812272891,404.7276306152344,51793
2023-10-17 00:00:00+02:00,403.85045815431783,420.8676096033853,403.85045815431783,417.53436279296875,49760
2023-10-18 00:00:00+02:00,414.90284670463114,420.86761265147993,411.3941545549091,417.008056640625,23233
2023-10-19 00:00:00+02:00,416.6572212123879,416.6572212123879,409.639836434074,412.97308349609375,17554
2023-10-20 00:00:00+02:00,411.92045488522837,411.92045488522837,398.58741429493256,401.3943786621094,19942
2023-10-23 00:00:00+02:00,403.49960654502445,406.1311257181441,400.3417781834413,403.14874267578125,11829
2023-10-24 00:00:00+02:00,405.2539442396635,411.21871020044733,398.41200523939983,400.1663513183594,20768
2023-10-25 00:00:00+02:00,398.4119938912782,411.56958910870225,394.9033018332984,409.99066162109375,31038
2023-10-26 00:00:00+02:00,408.2363177578516,416.48173878400786,401.7452427699923,413.8502197265625,31458
2023-10-27 00:00:00+02:00,409.6398148679886,417.0080631434663,400.1663566236883,403.675048828125,20224
2023-10-30 00:00:00+01:00,406.8328189762945,413.6747843080465,400.3417442532439,408.0608825683594,24737
2023-10-31 00:00:00+01:00,408.2363586425781,414.90287960959535,403.6750745477129,408.2363586425781,28747
2023-11-02 00:00:00+01:00,414.0256535056303,417.8852093285387,407.35913339195486,411.3941345214844,25678
2023-11-03 00:00:00+01:00,412.6221956518122,416.48175170193724,406.3065657795704,412.2713317871094,27177
2023-11-06 00:00:00+01:00,412.27131624714895,419.2887003534834,411.04327938237964,414.5519714355469,32013
2023-11-07 00:00:00+01:00,411.74502260545665,413.3239501504148,403.49960132355386,412.2713317871094,25991
2023-11-08 00:00:00+01:00,412.4467942202973,412.9730766545934,405.2539642340059,405.7802734375,25356
2023-11-09 00:00:00+01:00,412.2713261729056,412.2713261729056,403.8504596887261,408.5871887207031,37277
2023-11-10 00:00:00+01:00,408.58719649897876,410.5169879190978,398.0611198856685,403.675048828125,26427
2023-11-13 00:00:00+01:00,403.6750516766703,405.2539524721296,389.4648374407479,390.3420104980469,22570
2023-11-14 00:00:00+01:00,390.34200751263165,404.2013310042777,386.8333153102709,403.4996032714844,34567
2023-11-15 00:00:00+01:00,405.7802468046436,410.6924210995216,398.41199874692484,400.8680725097656,23917
2023-11-16 00:00:00+01:00,399.1137320363495,407.35915323446994,398.93828672118235,404.5522155761719,24964
2023-11-17 00:00:00+01:00,405.0784857449364,405.0784857449364,400.34175683969346,401.5697937011719,8022
2023-11-20 00:00:00+01:00,399.99091628502157,410.1661291583923,399.99091628502157,407.00830078125,17223
2023-11-21 00:00:00+01:00,404.5522005767874,407.88544728780516,399.6400263953962,402.27154541015625,14763
2023-11-22 00:00:00+01:00,400.6926199036689,407.885449286945,400.6926199036689,405.9556579589844,9758
2023-11-23 00:00:00+01:00,406.13113516595166,406.13113516595166,396.657676630019,401.7452697753906,11737
2023-11-24 00:00:00+01:00,403.14873834271106,403.14873834271106,393.85069867711786,395.2541809082031,11374
2023-11-27 00:00:00+01:00,395.0787323254497,399.4645975305928,389.64027553259035,395.60504150390625,8035
2023-11-28 00:00:00+01:00,392.7980853151028,399.113742050839,391.9209122556504,398.5874328613281,22342
2023-11-29 00:00:00+01:00,398.5874370116324,409.63982302965536,398.5874370116324,406.48199462890625,24088
2023-11-30 00:00:00+01:00,401.74524529038536,407.0082834382943,394.2015519245432,400.692626953125,33664
2023-12-01 00:00:00+01:00,403.4995909641032,409.99066598664297,400.1663441812087,405.42938232421875,42325
2023-12-04 00:00:00+01:00,406.8328556975174,409.46437488513186,402.09612651365086,407.1837463378906,31620
2023-12-05 00:00:00+01:00,407.88546728992213,413.6748147601346,403.6750473675114,407.71002197265625,51974
2023-12-06 00:00:00+01:00,407.7099908084571,413.6747831400036,407.3591269699415,412.0958557128906,31413
2023-12-07 00:00:00+01:00,410.3415687455313,412.0959149595253,403.49962921863397,408.2363586425781,20475
2023-12-08 00:00:00+01:00,412.4467621231972,412.4467621231972,404.9030688447015,409.99066162109375,15543
2023-12-11 00:00:00+01:00,409.9906648801384,415.9554574876362,406.65741810623985,409.6398010253906,23164
2023-12-12 00:00:00+01:00,412.7976325434968,414.902842457943,406.30655748678896,409.2889404296875,22455
2023-12-13 00:00:00+01:00,409.63979078375576,416.6571747800514,407.5345809387062,415.2536926269531,71243
2023-12-14 00:00:00+01:00,416.65719091140954,417.5343639449072,409.99067050298765,413.3239440917969,47134
2023-12-15 00:00:00+01:00,412.6221937428403,431.74458212644095,411.5696021536016,421.0430603027344,119944
2023-12-18 00:00:00+01:00,418.4115248460036,425.42890891050683,409.4643494560837,410.5169677734375,30054
2023-12-19 00:00:00+01:00,412.79762359095173,428.0604286011707,412.79762359095173,423.14825439453125,48418
2023-12-20 00:00:00+01:00,424.3762794127683,428.0604166572506,417.1834769976677,420.5167236328125,29405
2023-12-21 00:00:00+01:00,421.0430875302468,426.6569900101437,417.7098404616451,421.3939514160156,26375
2023-12-22 00:00:00+01:00,421.0430540215697,421.92022705078125,416.83263418903255,421.92022705078125,17045
2023-12-27 00:00:00+01:00,422.6219422353536,424.90259739751957,418.9378316834199,423.674560546875,24299
2023-12-28 00:00:00+01:00,426.1306468833184,427.53412908389623,418.23608962041396,421.92022705078125,19649
2023-12-29 00:00:00+01:00,417.885220376433,423.4991223371902,412.7976275802584,418.4115295410156,18998
2024-01-02 00:00:00+01:00,421.04304866739795,422.4465308501285,400.8680692520851,401.21893310546875,28492
2024-01-03 00:00:00+01:00,402.7978435308476,413.4993378361483,398.76284246492986,412.0958557128906,37147
2024-01-04 00:00:00+01:00,410.69243175099393,411.3941594816634,399.1137368105689,407.71002197265625,27114
2024-01-05 00:00:00+01:00,405.2539642340059,408.4117926857728,397.5348518134183,405.7802734375,30447
2024-01-08 00:00:00+01:00,404.376802325631,410.86787796356924,397.0085535806957,408.2363586425781,33154
2024-01-09 00:00:00+01:00,408.76260909319916,412.27130101674595,406.4819539890548,412.0958557128906,20242
2024-01-10 00:00:00+01:00,410.86783231879696,414.90283351656035,388.5876432300978,388.9385070800781,45928
2024-01-11 00:00:00+01:00,389.46483212425596,395.07873426049593,383.1491754902379,386.83331298828125,40646
2024-01-12 00:00:00+01:00,386.1315682176027,402.271546185396,385.9561229086023,397.88568115234375,36245
2024-01-15 00:00:00+01:00,399.99091863551627,402.6224378370657,394.0261524863499,398.4120178222656,13078
2024-01-16 00:00:00+01:00,398.2365543061653,398.2365543061653,391.57003394631977,396.4822082519531,10592
2024-01-17 00:00:00+01:00,396.48219046520256,399.28915473369625,390.6928433921814,394.9032897949219,34014
2024-01-18 00:00:00+01:00,398.4120293065808,403.32417720904215,391.5700631238125,401.0435485839844,45957
2024-01-19 00:00:00+01:00,403.4995984253097,407.00829058552983,382.7983093261719,382.7983093261719,45129
2024-01-22 00:00:00+01:00,386.833305191295,397.53482683623844,386.833305191295,396.65765380859375,20673
2024-01-23 00:00:00+01:00,398.9382709547215,398.9382709547215,384.37722052400096,389.4648132324219,32997
2024-01-24 00:00:00+01:00,388.5876380405135,404.3767520015276,386.65784673760027,402.6224060058594,48136
2024-01-25 00:00:00+01:00,401.745250659261,402.09611451997125,391.7454833984375,391.7454833984375,60656
2024-01-26 00:00:00+01:00,390.3419879416546,399.28916331675964,386.30698675740734,397.88568115234375,15064
2024-01-29 00:00:00+01:00,397.88571920709495,399.1137561799629,392.2718167817,392.6226806640625,9283
2024-01-30 00:00:00+01:00,392.622635357553,394.5523998724616,385.6052514432775,390.5174255371094,27658
2024-01-31 00:00:00+01:00,391.920912488654,399.4646061582689,389.9911478182299,398.76287841796875,48120
2024-02-01 00:00:00+01:00,396.4822112737235,401.3943856167948,393.8506921723493,395.9559020996094,37081
2024-02-02 00:00:00+01:00,400.5172242998023,402.2715704187071,397.00853206199275,398.5874328613281,34341
2024-02-05 00:00:00+01:00,399.11370961069093,403.85043839289085,388.93849759424967,390.1665344238281,20233
2024-02-06 00:00:00+01:00,389.64025482657917,399.1137124585771,388.7630818321647,394.3769836425781,21169
2024-02-07 00:00:00+01:00,394.90332207314646,401.7452612291962,394.90332207314646,398.5874328613281,16461
2024-02-08 00:00:00+01:00,398.76286019910856,402.622416132817,395.25416811951976,396.83306884765625,20657
2024-02-09 00:00:00+01:00,395.6050379423582,395.6050379423582,381.9211332716657,383.3246154785156,30896
2024-02-12 00:00:00+01:00,383.32464055086547,394.7278907274358,383.32464055086547,392.6226806640625,28842
2024-02-13 00:00:00+01:00,390.51743001603586,393.32436755242225,374.5528707202801,381.2193908691406,45526
2024-02-14 00:00:00+01:00,378.0615887035023,388.0613562295234,375.7809333946069,385.9561462402344,32041
2024-02-15 00:00:00+01:00,385.6052854088795,387.53505009376926,382.44745701546276,385.4298400878906,26642
2024-02-16 00:00:00+01:00,385.4298160807583,389.1139534384715,384.72808837890625,384.72808837890625,24753
2024-02-19 00:00:00+01:00,385.95614951752583,386.13159483862194,383.85093951036066,385.60528564453125,36621
2024-02-20 00:00:00+01:00,384.201799096954,391.92091129350615,384.201799096954,390.3420104980469,61731
2024-02-21 00:00:00+01:00,390.34199882956113,392.9735179227941,385.4298245016869,387.7104797363281,43666
2024-02-22 00:00:00+01:00,392.6226785503954,398.0611356207323,385.6052938641299,388.5876770019531,81522
2024-02-23 00:00:00+01:00,398.23655127907153,406.48197231735406,387.1841658677074,397.0085144042969,92268
2024-02-26 00:00:00+01:00,398.2365551976283,403.3241480585538,391.57003482285955,392.0963439941406,34518
2024-02-27 00:00:00+01:00,398.93829164945527,401.7452561116258,388.93852425291794,395.2541809082031,86243
2024-02-28 00:00:00+01:00,394.3769844857179,397.885676470877,366.83375775605833,368.2372131347656,120874
2024-02-29 00:00:00+01:00,369.46530431560376,378.06158961304743,367.71095819210933,368.7635498046875,63607
2024-03-01 00:00:00+01:00,371.9213499540441,374.552868939568,367.00917582722707,372.79852294921875,26592
2024-03-04 00:00:00+01:00,373.324860672877,376.3072437308907,368.7635500411872,368.9389953613281,17055
2024-03-05 00:00:00+01:00,368.9389763088744,377.1843973149432,367.0091849637707,371.3950500488281,23163
2024-03-06 00:00:00+01:00,373.1494023963396,375.4300576329962,364.20225353295905,370.51788330078125,31972
2024-03-07 00:00:00+01:00,370.51787403147927,378.0615672705309,365.07941743156454,371.9213562011719,30749
2024-03-08 00:00:00+01:00,372.7985397359657,380.1667878733784,369.2898475972743,378.7633056640625,56361
2024-03-11 00:00:00+01:00,377.53526448215365,377.53526448215365,370.1670164284131,371.044189453125,16065
2024-03-12 00:00:00+01:00,371.0441932491378,385.78068950738236,371.0441932491378,383.50006103515625,39628
2024-03-13 00:00:00+01:00,384.90351017945125,388.2367837144673,379.8159173749479,384.3772277832031,27985
2024-03-14 00:00:00+01:00,386.8333170371987,388.4122178276308,377.1844134376314,381.921142578125,37074
2024-03-15 00:00:00+01:00,382.447414388824,394.7278359517679,371.219611096096,387.18414306640625,146073
2024-03-18 00:00:00+01:00,386.8333288687512,387.3596380713919,371.2196587286668,371.7459411621094,30475
2024-03-19 00:00:00+01:00,371.74590464733103,374.7283142462811,362.27244700712316,372.79852294921875,36316
2024-03-20 00:00:00+01:00,375.25460373950335,375.25460373950335,365.07941821800335,367.5354919433594,24227
2024-03-21 00:00:00+01:00,375.4300579428776,385.0789613012226,369.11440140064593,383.149169921875,47570
2024-03-22 00:00:00+01:00,377.88614441422294,388.4122211585656,377.3598619923638,381.5702819824219,28370
2024-03-25 00:00:00+01:00,381.74572730250657,387.35962954564985,379.99138117844944,381.5702819824219,26866
2024-03-26 00:00:00+01:00,383.6754773231999,393.67524449455095,380.8685396934363,391.9208984375,36269
2024-03-27 00:00:00+01:00,393.6752468579123,396.4822112737235,391.219173070975,395.9559020996094,27844
2024-03-28 00:00:00+01:00,394.7278886024354,396.4822347740018,388.4122316771172,388.5876770019531,25667
2024-04-02 00:00:00+02:00,391.04373927844944,396.13135908586185,381.04397175242826,385.9561462402344,60943
2024-04-03 00:00:00+02:00,380.69309272495565,382.4474387743794,370.5178802844586,371.044189453125,67648
2024-04-04 00:00:00+02:00,373.1494122486996,396.30677554720387,370.8687569518263,394.7278747558594,60083
2024-04-05 00:00:00+02:00,390.5174567758845,405.07850814743637,385.9561461590531,398.5874328613281,51598
2024-04-08 00:00:00+02:00,397.88569044916215,402.6224194416958,395.0787260547441,396.4822082519531,18397
2024-04-09 00:00:00+02:00,398.587435902511,407.88547575748896,394.2015705717853,398.0611267089844,32041
2024-04-10 00:00:00+02:00,398.23655643495306,406.6574228940249,396.13134651248424,400.3417663574219,23258
2024-04-11 00:00:00+02:00,397.88568634453026,406.4819712138112,396.83306801518336,401.21893310546875,22466
2024-04-12 00:00:00+02:00,401.2189369979272,410.5169764333772,394.5524166421784,396.3067626953125,36384
2024-04-15 00:00:00+02:00,394.9032955497028,403.499580247293,389.8156760850674,393.67523193359375,20695
2024-04-16 00:00:00+02:00,390.3419823684733,392.09632835664615,375.60548677549895,377.3598327636719,36049
2024-04-17 00:00:00+02:00,377.18439269175724,386.3069866030211,376.83352884309244,380.6930847167969,38500
2024-04-18 00:00:00+02:00,383.6754919774509,385.0789742305361,373.67572442416486,381.5702819824219,28271
2024-04-19 00:00:00+02:00,378.06157794400286,379.64047869873536,374.72833111992463,378.7633056640625,17554
2024-04-22 00:00:00+02:00,379.8159326011497,384.72810706022346,379.46506873318674,381.921142578125,15388
2024-04-23 00:00:00+02:00,384.5526306036666,391.21915063195144,384.20176676411376,386.482421875,27751
2024-04-24 00:00:00+02:00,389.4648086473575,390.16653633363853,381.7456970214844,381.7456970214844,30528
2024-04-25 00:00:00+02:00,381.57027997574187,382.9737622214461,377.1844146886644,377.7107238769531,26384
2024-04-26 00:00:00+02:00,381.5703045956234,390.1665904052704,377.88616680908945,386.65789794921875,25575
2024-04-29 00:00:00+02:00,394.20156381462755,404.3767765613335,391.5700446613,403.675048828125,33490
2024-04-30 00:00:00+02:00,403.67502333779737,407.70999770275074,399.99088604809725,406.83282470703125,34931
2024-05-02 00:00:00+02:00,406.83285321693614,411.3941638220019,400.3417779475713,402.9732971191406,28080
2024-05-06 00:00:00+02:00,407.88544773638694,416.657177795234,404.37675571284814,414.7273864746094,43352
2024-05-07 00:00:00+02:00,414.55200710779997,420.3413548475392,412.2713517231514,418.0606994628906,22586
2024-05-08 00:00:00+02:00,420.16588493497017,420.16588493497017,401.04352342640175,404.5522155761719,39322
2024-05-09 00:00:00+02:00,412.2713403151314,416.6572056376328,398.5874351550875,415.4291687011719,41237
2024-05-10 00:00:00+02:00,416.6572015687258,427.5341421084699,416.48175624986004,420.3413391113281,45357
2024-05-13 00:00:00+02:00,421.0430516297341,423.67457070241994,410.867839194843,417.8852233886719,47504
2024-05-14 00:00:00+02:00,422.9902985437056,432.4711100159613,420.25544747553505,427.91302490234375,37235
2024-05-15 00:00:00+02:00,431.19484657239,435.9352661617883,425.17816873056705,429.3716125488281,24813
2024-05-16 00:00:00+02:00,429.3715992371514,432.47109141704533,422.4433045983433,429.0069580078125,42721
2024-05-17 00:00:00+02:00,429.3716206782464,432.6534475468623,427.7307211541104,431.1948547363281,13690
2024-05-20 00:00:00+02:00,431.9241025172553,438.8523969452007,428.27763469416203,430.283203125,19848
2024-05-21 00:00:00+02:00,429.9185863180603,431.9241270424336,421.714033250236,423.7195739746094,26649
2024-05-22 00:00:00+02:00,428.0953707665995,428.0953707665995,416.06201461999194,419.3438415527344,19541
2024-05-23 00:00:00+02:00,425.1781749208649,425.5428161668175,411.8685607910156,411.8685607910156,23282
2024-05-24 00:00:00+02:00,410.22766299978554,417.7029337648081,409.31604597089716,415.87969970703125,13154
2024-05-27 00:00:00+02:00,416.42664055635385,419.1614915963133,410.95693847643497,411.6862487792969,14768
2024-05-28 00:00:00+02:00,413.3271359028637,417.33824507733624,405.85189330960645,408.9513854980469,17662
2024-05-29 00:00:00+02:00,407.67513425269334,408.951392490893,400.3821982397317,401.1114807128906,14371
2024-05-31 00:00:00+02:00,402.0231020074142,416.24433294861586,399.8352267442316,415.6973571777344,39582
2024-06-03 00:00:00+02:00,417.7029309095526,423.53727429048837,412.2332287736109,414.23876953125,13546
2024-06-04 00:00:00+02:00,414.7857632032492,420.25546557516014,401.8407897949219,401.8407897949219,21099
2024-06-05 00:00:00+02:00,402.2054352904776,406.21654456393003,398.37663272652475,404.393310546875,15582
2024-06-06 00:00:00+02:00,404.9402773071064,409.13369319676485,401.4761160595652,406.5811767578125,14306
2024-06-07 00:00:00+02:00,407.49280784866056,410.22765890804754,401.2938232421875,401.2938232421875,15889
2024-06-10 00:00:00+02:00,401.2938405582367,404.75797425480204,397.4650377817425,402.5700988769531,12674
2024-06-11 00:00:00+02:00,405.6695529806038,407.67512144931897,396.7357177734375,396.7357177734375,15235
2024-06-12 00:00:00+02:00,397.28266598030245,417.5205739230501,397.1003592777816,416.0619812011719,20069
2024-06-13 00:00:00+02:00,416.24434318996435,416.24434318996435,395.45945812747664,395.8241271972656,25242
2024-06-14 00:00:00+02:00,396.5534138624946,407.3104838460292,394.0008972692186,398.37664794921875,29067
2024-06-17 00:00:00+02:00,402.2054205984166,412.96248977796165,399.4705696727347,412.0508728027344,21663
2024-06-18 00:00:00+02:00,411.139256790348,419.89078533709346,409.6806640625,409.6806640625,19171
2024-06-19 00:00:00+02:00,416.60898739307186,419.1615039776269,411.5039264036174,414.4211120605469,10995
2024-06-20 00:00:00+02:00,416.60898626508776,420.80243020294085,410.5923082516763,416.79132080078125,24443
2024-06-21 00:00:00+02:00,419.16148893692923,424.9958600414344,415.6973554364296,423.7195739746094,79451
2024-06-24 00:00:00+02:00,423.71959524886887,425.7251638942817,418.4322274678272,424.2665710449219,19908
2024-06-25 00:00:00+02:00,424.8135104559164,425.54279290796137,412.0508728027344,412.0508728027344,15549
2024-06-26 00:00:00+02:00,419.7084530229556,425.1781549159229,411.86854141230066,415.33270263671875,27782
2024-06-27 00:00:00+02:00,417.33825051320446,420.98471850482827,417.33825051320446,419.5261535644531,18710
2024-06-28 00:00:00+02:00,419.3438404135191,424.8135426797824,419.3438404135191,421.71405029296875,18325
2024-07-01 00:00:00+02:00,422.07868637147584,429.18928810229613,420.98473480349855,423.1726379394531,15336
2024-07-02 00:00:00+02:00,424.81352837391046,426.27212115986384,412.4155314238221,413.3271484375,7191
2024-07-03 00:00:00+02:00,413.3271623565606,424.4489014261004,413.3271623565606,421.71405029296875,18844
2024-07-04 00:00:00+02:00,421.7140140244579,430.83018368421557,421.7140140244579,427.1837158203125,19313
2024-07-05 00:00:00+02:00,430.283217210036,434.84130213810846,425.7251322819636,426.6367492675781,21670
2024-07-08 00:00:00+02:00,432.1064666078478,434.6589831305584,426.63676449888766,432.6534423828125,22831
2024-07-09 00:00:00+02:00,432.8357320997191,435.75291757143054,430.4655502018389,434.6589660644531,26622
2024-07-10 00:00:00+02:00,435.7529316312948,438.48778266663766,423.90191047814244,429.3716125488281,33290
2024-07-11 00:00:00+02:00,429.918576192906,432.6534271511047,426.4544149536488,428.27764892578125,30977
2024-07-12 00:00:00+02:00,426.6367826500711,436.6645702764617,424.9958830757087,429.9186096191406,23993
2024-07-15 00:00:00+02:00,431.19485980272884,433.2004284183211,425.17818177629636,428.0953674316406,19693
2024-07-16 00:00:00+02:00,428.27766080629164,429.91858811893604,414.6034056359714,415.6973571777344,26720
2024-07-17 00:00:00+02:00,415.6973450645734,422.8079464178041,404.9402757721798,414.6033935546875,54329
2024-07-18 00:00:00+02:00,412.05087497264276,420.62006902083715,410.0453064884442,417.7029113769531,46568
2024-07-19 00:00:00+02:00,417.1559497928266,422.0786760881008,411.32160648656304,414.05645751953125,20627
2024-07-22 00:00:00+02:00,413.87410285529427,420.80239736583894,412.23320344347616,412.7801513671875,12803
2024-07-23 00:00:00+02:00,418.2498933655281,419.16151041978634,406.39887166017144,410.5923156738281,17836
2024-07-24 00:00:00+02:00,406.581171903537,414.9680592234061,406.3988373799276,409.6806640625,10435
2024-07-25 00:00:00+02:00,406.7635133744387,412.7801632715163,402.2054284097782,412.23321533203125,19287
2024-07-26 00:00:00+02:00,411.68624077725724,417.5205839850319,410.22764802022783,411.50390625,21992
2024-07-29 00:00:00+02:00,412.96249588544254,417.8852220604058,405.85189450164484,408.2220764160156,7047
2024-07-30 00:00:00+02:00,407.6751364681903,412.9625039781843,406.76351946161594,408.4044189453125,16040
2024-07-31 00:00:00+02:00,411.1392627093429,414.05644820703634,404.2109680175781,404.2109680175781,17775
2024-08-01 00:00:00+02:00,404.75795898437497,406.9458342796812,396.55340576171875,396.55340576171875,16934
2024-08-02 00:00:00+02:00,396.5534067177367,399.4705923320737,383.243792560383,392.54229736328125,26286
2024-08-05 00:00:00+02:00,382.8791473840008,383.42612315861805,369.38722665194007,379.5973205566406,49971
2024-08-06 00:00:00+02:00,382.8791606857116,387.4372459319701,371.5751148390595,378.3210754394531,46435
2024-08-07 00:00:00+02:00,378.32105701096975,383.790759040044,372.8513549818955,379.4150085449219,34703
2024-08-08 00:00:00+02:00,381.2382429084956,384.7023764019876,373.580637804409,382.6968078613281,31403
2024-08-09 00:00:00+02:00,385.6139932294782,389.0781267213693,380.14429119785433,381.055908203125,24461
2024-08-12 00:00:00+02:00,388.3488464355469,391.630673237099,382.51450313297823,388.3488464355469,12995
2024-08-13 00:00:00+02:00,388.3488626169604,394.5478474179196,382.87916032658063,391.9953308105469,32527
2024-08-14 00:00:00+02:00,392.90694279136983,396.5534109379255,389.2604746448142,395.0948181152344,31868
2024-08-16 00:00:00+02:00,402.9347269648085,407.49281211146916,399.2882588474799,403.8463439941406,18948
2024-08-19 00:00:00+02:00,406.3988535694791,414.7857412234534,402.38774427336494,413.3271484375,32578
2024-08-20 00:00:00+02:00,413.6918068334314,414.78575842334504,410.04533862751185,411.3216247558594,18585
2024-08-21 00:00:00+02:00,411.1392640101227,415.6973489769755,409.3160300233816,413.8741149902344,14806
2024-08-22 00:00:00+02:00,413.874106753189,415.8796752268259,410.2276388522798,412.0508728027344,12500
2024-08-23 00:00:00+02:00,415.5150115355901,423.90189894390767,381.23823508156113,392.90692138671875,73334
2024-08-26 00:00:00+02:00,393.81854434742644,401.11148035386026,383.973091866878,387.4372253417969,39747
2024-08-27 00:00:00+02:00,389.260482602492,398.37665315524356,382.8791632155659,396.9180603027344,36456
2024-08-28 00:00:00+02:00,394.7301819557367,396.9180573078197,377.22712349838383,391.9953308105469,76640
2024-08-29 00:00:00+02:00,391.9953304676527,408.40443732443816,391.0837134200535,405.6695861816406,41701
2024-08-30 00:00:00+02:00,405.6695861816406,408.5867718620958,399.8352426410747,405.6695861816406,25801
2024-09-02 00:00:00+02:00,402.9347367541066,414.42111716682206,402.9347367541066,411.3216247558594,16772
2024-09-03 00:00:00+02:00,411.3215843628434,414.2387419488986,399.835205078125,399.835205078125,26248
2024-09-04 00:00:00+02:00,396.5534207226101,406.2165671134829,395.6418036634776,402.5700988769531,17947
2024-09-05 00:00:00+02:00,401.1114794920664,403.48168925313354,391.0836925047647,391.4483337402344,26714
2024-09-06 00:00:00+02:00,393.2715736315427,397.4650174531445,384.3377380371094,384.3377380371094,21351
2024-09-09 00:00:00+02:00,389.26046019723526,391.9953112056467,380.69126593494786,383.4261169433594,10708
2024-09-10 00:00:00+02:00,384.70238018083785,388.5311827704907,378.68570232010205,380.3266296386719,10325
2024-09-11 00:00:00+02:00,381.4205535237893,385.7963318881314,375.9508514336192,381.967529296875,24596
2024-09-12 00:00:00+02:00,385.6140066787108,386.70795825132706,380.14430445631774,381.4205627441406,20045
2024-09-13 00:00:00+02:00,382.14986189288203,393.2715727277035,381.23824488247,388.3488464355469,43316
2024-09-16 00:00:00+02:00,391.083697297288,391.083697297288,380.8735756569604,386.70794677734375,12727
2024-09-17 00:00:00+02:00,390.90134080487286,396.9180182970146,384.33771539372515,391.8129577636719,28546
2024-09-18 00:00:00+02:00,397.46501216015844,397.46501216015844,385.06701539109406,385.79632568359375,20931
2024-09-19 00:00:00+02:00,388.53115896826887,397.28265951646586,388.53115896826887,391.8129577636719,27091
2024-09-20 00:00:00+02:00,391.99529388327534,392.3599351042146,380.87355581240377,385.431640625,115497
2024-09-23 00:00:00+02:00,385.43167101816584,390.53673197490093,380.14430334675626,383.790771484375,46927
2024-09-24 00:00:00+02:00,381.23824592046896,391.08369853158837,381.23824592046896,385.9786376953125,25192
2024-09-25 00:00:00+02:00,387.43722769833863,398.9236075424051,384.8847112086986,396.3710632324219,36153
2024-09-26 00:00:00+02:00,396.55339469439565,406.21654045101735,396.55339469439565,403.481689453125,65677
2024-09-27 00:00:00+02:00,403.48169654630203,408.58675739618303,402.02310375771555,407.6751403808594,31307
2024-09-30 00:00:00+02:00,407.4928081522507,407.4928081522507,398.74127919162356,404.57562255859375,21408
2024-10-01 00:00:00+02:00,404.5756049116968,409.49835886381373,400.56449576063403,401.658447265625,30204
2024-10-02 00:00:00+02:00,401.29383372474973,407.49281849315213,398.7412893104384,400.0175476074219,7645
2024-10-03 00:00:00+02:00,399.28826092361305,400.9291604568054,392.7246071501558,397.46502685546875,13826
2024-10-04 00:00:00+02:00,401.1114758139931,404.57560924970414,397.4650078520477,404.2109680175781,34024
2024-10-07 00:00:00+02:00,406.5811840779998,413.6917855862042,401.65845781690876,412.41552734375,45200
2024-10-08 00:00:00+02:00,404.21096702430384,411.3215962248299,402.57006757359767,406.5811767578125,18690
2024-10-09 00:00:00+02:00,407.492802558179,410.04531905233006,388.7134866301316,390.71905517578125,33127
2024-10-10 00:00:00+02:00,390.9013424001155,392.9069108457946,384.15538244154146,385.431640625,32105
2024-10-11 00:00:00+02:00,386.52561754412733,391.81298514654634,383.426125231663,386.8902587890625,25949
2024-10-14 00:00:00+02:00,386.89024527711643,391.6306647567478,384.52003553730077,384.88470458984375,12755
2024-10-15 00:00:00+02:00,388.3488689646256,392.17767175861195,385.7963523155313,388.1665344238281,20411
2024-10-16 00:00:00+02:00,391.995298385752,399.65287539480056,384.88469712456595,396.7357177734375,50023
2024-10-17 00:00:00+02:00,401.1114761064638,403.84632707991693,384.7023702657448,386.5256042480469,22369
2024-10-18 00:00:00+02:00,390.1720897302896,393.81855785861006,386.52562160196914,387.8018798828125,12512
2024-10-21 00:00:00+02:00,392.5423026593592,394.54784345347326,388.7134999664277,392.724609375,38335
2024-10-22 00:00:00+02:00,394.73016444673715,396.0064226938127,387.4372283830561,390.71905517578125,24665
2024-10-23 00:00:00+02:00,393.27158095925466,393.8185567410193,383.97310395063136,390.1720886230469,20281
2024-10-24 00:00:00+02:00,392.9069397115262,393.08927424556236,387.4372375345676,390.1720886230469,19508
2024-10-25 00:00:00+02:00,388.53117790605387,390.90135985818523,384.88470989312174,385.0670166015625,14478
2024-10-28 00:00:00+01:00,388.3488494425676,392.90693452992167,386.52561540762593,391.63067626953125,13572
2024-10-29 00:00:00+01:00,391.6306803363439,394.00089017044974,389.0781359687131,392.54229736328125,20840
2024-10-30 00:00:00+01:00,393.8185649073401,403.29937664659604,389.260479665357,391.9953308105469,47993
2024-10-31 00:00:00+01:00,390.1720622313884,393.8185301027098,386.7079288817699,391.08367919921875,42771
2024-11-04 00:00:00+01:00,391.99530006504045,397.46500192641315,386.70793272718385,390.3544006347656,31726
2024-11-05 00:00:00+01:00,392.1776499087401,392.1776499087401,381.23824575865353,384.3377380371094,26651
2024-11-06 00:00:00+01:00,385.61401777473384,391.99533721781455,384.7024007114366,388.1665344238281,34258
2024-11-07 00:00:00+01:00,392.90694579541065,402.38775748487376,388.34886057736645,400.0175476074219,59028
2024-11-08 00:00:00+01:00,402.38774517831797,403.8463379675517,395.09480905249313,397.2826843261719,28269
2024-11-12 00:00:00+01:00,397.46501885745494,403.1170554831066,394.7301678102706,397.2826843261719,22226
2024-11-13 00:00:00+01:00,400.19986866052983,400.19986866052983,383.79076242843524,385.9786376953125,25322
2024-11-14 00:00:00+01:00,385.97865903598375,391.99533721781455,385.97865903598375,388.1665344238281,22743
2024-11-15 00:00:00+01:00,389.80743614651146,389.80743614651146,384.3377341271133,385.0670166015625,16942
2024-11-18 00:00:00+01:00,385.7963320483294,389.62510682083223,381.23824697129504,383.6084289550781,18512
2024-11-19 00:00:00+01:00,386.5256077760162,387.2548902474564,369.9341672574934,372.1220703125,37439
2024-11-20 00:00:00+01:00,376.6801676524349,380.5089424834668,371.02813094237416,374.85693359375,17505
2024-11-21 00:00:00+01:00,374.8569146438188,383.4261087223753,370.48113643197496,381.6028747558594,25502
2024-11-22 00:00:00+01:00,381.78519883279995,384.70238444010414,375.03923841379583,382.879150390625,13149
2024-11-25 00:00:00+01:00,385.613973967123,387.0725666667644,381.785171608107,386.16094970703125,16847
2024-11-26 00:00:00+01:00,387.4372355143229,389.44280409688747,380.5089405622333,382.879150390625,14982
2024-11-27 00:00:00+01:00,386.70795712260764,386.70795712260764,380.69127913146787,383.790771484375,8925
2024-11-28 00:00:00+01:00,385.7963452041191,387.43724475966934,380.1443083877226,380.6912841796875,6902
2024-11-29 00:00:00+01:00,383.79074919139236,386.1609589072367,380.6912570185233,385.6139831542969,9102
2024-12-02 00:00:00+01:00,387.43721518056327,390.901348564629,385.7963157502884,390.3544006347656,16531
2024-12-03 00:00:00+01:00,391.0837015692467,395.8241212012539,385.61399944939717,389.2604675292969,25394
2024-12-04 00:00:00+01:00,390.1720787173857,396.3710632324219,389.62510294950766,396.3710632324219,21123
2024-12-05 00:00:00+01:00,396.5534037594342,402.9347229003906,395.4594522071328,402.9347229003906,23113
2024-12-06 00:00:00+01:00,402.9347064571293,406.94581561797344,398.194287017732,399.2882385253906,16335
2024-12-09 00:00:00+01:00,404.75797126534326,407.3104878839238,392.54230832725995,397.6473693847656,23815
2024-12-10 00:00:00+01:00,396.55340152361936,398.9236113266798,390.35441694977834,394.0008850097656,17161
2024-12-11 00:00:00+01:00,395.45945120645735,396.5534027559906,391.2660351807148,393.2715759277344,10666
2024-12-12 00:00:00+01:00,391.08369959114884,395.64178466796875,390.53672381786174,395.64178466796875,22022
2024-12-13 00:00:00+01:00,396.0064166937364,398.7412676761798,391.0836904894068,396.1887512207031,22619
2024-12-16 00:00:00+01:00,398.0119974797002,400.92915525870336,391.63067832392966,398.9236145019531,15529
2024-12-17 00:00:00+01:00,399.6528884651303,400.7468399966321,383.2437824146613,383.4261169433594,29630
2024-12-18 00:00:00+01:00,387.437243710197,388.5311952911635,379.7796661044643,384.702392578125,26975
2024-12-19 00:00:00+01:00,384.70237228269303,386.52560627455415,377.5917708425719,381.7851867675781,26826
2024-12-20 00:00:00+01:00,383.79074604273814,386.160955739137,374.6745763030056,382.3321533203125,57807
2024-12-23 00:00:00+01:00,384.7023854010253,389.62511178284643,376.86247340461335,378.8680419921875,22974
2024-12-27 00:00:00+01:00,381.0558960797358,385.2493397346339,376.68014572178964,379.9619445800781,22418
2024-12-30 00:00:00+01:00,382.87915669903424,384.15541499062886,376.497837420717,379.05035400390625,13571
2025-01-02 00:00:00+01:00,386.5256237157763,386.5256237157763,378.13873584663594,381.4205627441406,27588
2025-01-03 00:00:00+01:00,385.24933756901805,387.43721273569236,381.60286968444683,383.06146240234375,17202
2025-01-07 00:00:00+01:00,387.43721393863115,389.44278240950916,381.0558951208184,382.3321533203125,23596
2025-01-08 00:00:00+01:00,388.53120158036535,388.71350829991457,372.6690425013097,377.591796875,32450
2025-01-09 00:00:00+01:00,379.41502072384816,382.8791543253206,375.76855258741654,382.1498718261719,21511
2025-01-10 00:00:00+01:00,379.23267251477296,389.26045952838473,379.23267251477296,389.078125,48893
2025-01-13 00:00:00+01:00,388.5311747937385,389.07812273502253,380.32662183036354,381.7851867675781,21820
2025-01-14 00:00:00+01:00,385.4316649172647,391.448342813168,383.2437896333936,389.2604675292969,18345
2025-01-15 00:00:00+01:00,391.44832690808386,399.2882385253906,390.7190444498731,399.2882385253906,26239
2025-01-16 00:00:00+01:00,400.01753090182797,400.7468411984641,391.2660299049401,393.0892639160156,21414
2025-01-17 00:00:00+01:00,397.6473532486189,399.47058727943266,380.32662995588817,383.6084289550781,63277
2025-01-20 00:00:00+01:00,388.34883334524574,391.26601880837046,383.06146599121735,389.6250915527344,21623
2025-01-21 00:00:00+01:00,389.9897418159115,391.0836933450138,383.4261161023269,387.4372253417969,16370
2025-01-22 00:00:00+01:00,388.3488483886479,394.0008850097656,384.8847148597974,394.0008850097656,35580
2025-01-23 00:00:00+01:00,395.0948069183202,395.27714144861835,389.26046361324427,389.98974609375,16564
2025-01-24 00:00:00+01:00,393.8185262011664,396.18873585811207,391.8129577636719,391.8129577636719,14345
2025-01-27 00:00:00+01:00,390.3543976972532,391.6306558912342,381.23822799690015,388.7134704589844,28931
2025-01-28 00:00:00+01:00,390.7190592520604,394.36552732194366,389.07813192840683,391.63067626953125,18428
2025-01-29 00:00:00+01:00,393.818535987367,394.73015296881925,384.7023661728446,385.6139831542969,23408
2025-01-30 00:00:00+01:00,389.98975714598765,395.45945936582115,387.4372405715364,395.0948181152344,40216
2025-01-31 00:00:00+01:00,395.0948056858526,395.0948056858526,389.8074381678211,390.71905517578125,12338
2025-02-03 00:00:00+01:00,388.7134939282455,389.26046970735973,381.96753350675345,384.5200500488281,25125
2025-02-04 00:00:00+01:00,387.4372173370309,387.9841930902811,383.24377365590277,387.2548828125,10784
2025-02-05 00:00:00+01:00,387.98420502729886,389.8074390473328,385.0670194671072,386.70794677734375,15997
2025-02-06 00:00:00+01:00,390.1720775233346,397.1003723144531,387.43722651265705,397.1003723144531,33230
2025-02-07 00:00:00+01:00,397.1003553660666,400.92912992539584,395.2771214367645,399.10589599609375,23493
2025-02-10 00:00:00+01:00,398.3766339275807,404.5756184761197,394.5478313520845,403.66400146484375,22783
2025-02-11 00:00:00+01:00,404.5756125204842,410.2276490353304,402.02309605462375,409.1336975097656,21254
2025-02-12 00:00:00+01:00,410.4100048030357,413.6918039088873,403.2993751595536,408.039794921875,14408
2025-02-13 00:00:00+01:00,413.14482406867427,415.6973404697375,403.4816785726339,410.40997314453125,19337
2025-02-14 00:00:00+01:00,411.50392447264176,411.50392447264176,404.0286814698969,407.128173828125,20152
2025-02-17 00:00:00+01:00,407.12817696122926,415.5150370644859,404.9403016221338,413.6918029785156,19820
2025-02-18 00:00:00+01:00,415.5150307034926,422.0786844406423,385.4316687455202,402.2054443359375,68208
2025-02-19 00:00:00+01:00,401.11148784513995,402.2054393946732,387.6195671093954,393.2715759277344,57662
2025-02-20 00:00:00+01:00,393.27155947146906,394.7301522030314,387.43721636556205,389.6250915527344,28847
2025-02-21 00:00:00+01:00,391.9953084875036,396.37105894248276,390.5367157290629,393.81854248046875,18150
2025-02-24 00:00:00+01:00,395.45946964811304,395.45946964811304,387.61958518544986,388.8958435058594,26883
2025-02-25 00:00:00+01:00,390.17206561082685,396.55338444091046,388.89580740887857,396.00640869140625,34142
2025-02-26 00:00:00+01:00,396.55339469439565,403.66399616077865,396.55339469439565,403.481689453125,39269
2025-02-27 00:00:00+01:00,402.93472079088065,403.4816965641677,392.72459909066663,395.64178466796875,20912
2025-02-28 00:00:00+01:00,391.99531407524063,391.99531407524063,373.03369140625,373.03369140625,187613
2025-03-03 00:00:00+01:00,373.7629653233562,375.0392235433186,356.8068837714476,359.1770935058594,118577
2025-03-04 00:00:00+01:00,358.44782004422217,359.1771025252732,344.59123034150576,344.95587158203125,138324
2025-03-05 00:00:00+01:00,351.88415430145886,357.90083193389427,349.51394458924585,354.2543640136719,76417
2025-03-06 00:00:00+01:00,358.2654946882009,358.6301359380641,348.60234855493377,354.8013610839844,55531
2025-03-07 00:00:00+01:00,355.53062534577384,358.63011754113,353.70739136964164,357.53619384765625,178699
2025-03-10 00:00:00+01:00,361.911962827521,362.64124532724736,351.1548929446643,354.8013610839844,80393
2025-03-11 00:00:00+01:00,359.17710871435924,360.088725741553,351.15489000319127,351.51953125,168719
2025-03-12 00:00:00+01:00,359.1770935058594,359.1770935058594,352.7957745857045,359.1770935058594,79115
2025-03-13 00:00:00+01:00,361.7296190628804,361.7296190628804,354.9836587413303,356.9892272949219,68715
2025-03-14 00:00:00+01:00,358.63011697120993,364.46446012149266,356.0776005368183,363.1882019042969,49729
2025-03-17 00:00:00+01:00,365.55840914198836,374.85691347024573,364.6467921615844,373.58062744140625,55369
2025-03-18 00:00:00+01:00,376.68016355830224,381.78519661085824,371.02812690967346,373.9453125,59492
2025-03-19 00:00:00+01:00,376.13318367440417,377.227107393571,369.93417131775254,373.03369140625,43469
2025-03-20 00:00:00+01:00,373.94528348464604,375.58618286416845,363.9174970489522,367.56396484375,51870
2025-03-21 00:00:00+01:00,367.5639830617269,367.5639830617269,361.729612044602,364.8291320800781,88187
2025-03-24 00:00:00+01:00,369.20487858113506,369.38721310610225,361.36496695336837,365.55841064453125,21618
2025-03-25 00:00:00+01:00,368.8402456033735,370.8457863211687,363.7351848138473,367.38165283203125,22961
2025-03-26 00:00:00+01:00,367.38165387441006,369.20488788867516,361.36497606326674,365.0114440917969,26826
2025-03-27 00:00:00+01:00,363.7352030181885,365.9230783745297,358.63014197316255,364.6468200683594,50801
2025-03-28 00:00:00+01:00,366.47005763554273,368.1109572132356,354.43670133131235,355.8952941894531,38298
2025-03-31 00:00:00+02:00,355.89527149697375,357.1715297338413,343.31496801588355,344.04425048828125,52348
2025-04-01 00:00:00+02:00,346.4144551934221,351.61068314946044,343.6796042313687,350.6990661621094,36393
2025-04-02 00:00:00+02:00,352.7957855887369,353.433928628792,347.1437489550435,352.2488098144531,42986
2025-04-03 00:00:00+02:00,349.14931630833263,353.2515928707021,339.7596721937133,340.94476318359375,105060
2025-04-04 00:00:00+02:00,340.94476502384833,343.5884488142426,332.1932360794883,332.92254638671875,120745
2025-04-07 00:00:00+02:00,319.06595070268855,332.6490384685344,313.68741595491184,326.35888671875,79393
2025-04-08 00:00:00+02:00,351.8841695685122,352.43114534434545,326.90586879533424,336.204345703125,54481
2025-04-09 00:00:00+02:00,330.1876953953549,336.1132060185932,319.24829116783803,320.8891906738281,50505
2025-04-10 00:00:00+02:00,344.591222742536,344.591222742536,330.00535088041806,337.4806213378906,44428
2025-04-11 00:00:00+02:00,338.0275752867982,339.75966985749665,330.1876912777857,332.01092529296875,37590
2025-04-14 00:00:00+02:00,336.386687225304,340.85360515013485,335.566237454677,340.3977966308594,26680
2025-04-15 00:00:00+02:00,340.39777244196307,349.4227749182259,339.8507966936321,346.96142578125,48534
2025-04-16 00:00:00+02:00,346.9614316718155,348.5111638613313,341.0359212417042,341.4917297363281,40336
2025-04-17 00:00:00+02:00,342.2210255231708,347.8730622046937,341.40057576497395,341.85638427734375,26864
2025-04-22 00:00:00+02:00,346.41445737695443,349.42278232603826,341.218229388163,347.59954833984375,31114
2025-04-23 00:00:00+02:00,348.2376814603061,355.7129517192662,347.41723175391826,352.1576232910156,50443
2025-04-24 00:00:00+02:00,352.1576335411216,355.5306275459769,347.9642176263407,354.4366760253906,24961
2025-04-25 00:00:00+02:00,355.5306222216812,358.8124489139498,352.33996279148664,354.2543640136719,24309
2025-04-28 00:00:00+02:00,358.17430309032795,361.6384642795725,357.0803794150472,357.8096618652344,29487
2025-04-29 00:00:00+02:00,364.64679794415207,375.49503461892203,364.00865491961264,368.1109313964844,59164
2025-04-30 00:00:00+02:00,368.1109577239043,369.0225747839638,360.81802124342795,363.91754150390625,72642
2025-05-02 00:00:00+02:00,368.2932820437577,370.29885064837123,366.28771343914417,370.11651611328125,41515
2025-05-05 00:00:00+02:00,371.0281208502152,371.5750966170114,364.28216058064356,367.38165283203125,19766
2025-05-06 00:00:00+02:00,367.47282409985297,369.2048908632911,355.62180291164856,361.4561462402344,31056
2025-05-07 00:00:00+02:00,363.3705626200153,370.4811644999968,360.5445441937451,367.47283935546875,33364
2025-05-08 00:00:00+02:00,368.2932871107502,370.2076884741572,365.5584359688387,367.01702880859375,20695
2025-05-09 00:00:00+02:00,368.2932778552957,375.76854858346644,366.1965698273263,374.401123046875,58695
2025-05-12 00:00:00+02:00,378.2298908295377,382.5145018927194,368.5667449864325,371.84857177734375,34374
2025-05-13 00:00:00+02:00,374.67457775036695,375.40386020422585,370.66346861345824,374.3099365234375,21762
2025-05-14 00:00:00+02:00,377.40943196245956,378.229881685266,369.29604635632063,374.03643798828125,23002
2025-05-15 00:00:00+02:00,372.8513732307967,373.76299028026074,367.10819694731094,369.8430480957031,22454
2025-05-16 00:00:00+02:00,371.02809812067125,375.95082407957995,364.8291139976517,367.56396484375,39439
2025-05-19 00:00:00+02:00,364.73796198442386,368.7490711622938,358.2654758140456,368.3844299316406,26052
2025-05-20 00:00:00+02:00,368.475610343456,371.483935379125,364.64680773411044,367.1081848144531,16897
2025-05-21 00:00:00+02:00,368.2932715942051,368.2932715942051,358.4478190262597,359.35943603515625,25010
2025-05-22 00:00:00+02:00,360.54451278394953,361.18265579312,356.35106914451785,357.8096618652344,15801
2025-05-23 00:00:00+02:00,360.9091885135029,366.1054168839802,352.7958022430419,363.91754150390625,42269
2025-05-26 00:00:00+02:00,367.2904975975813,383.790771484375,367.2904975975813,383.790771484375,74480
2025-05-27 00:00:00+02:00,383.60840437888623,385.43163829289296,379.77962985167704,383.3349304199219,26889
2025-05-28 00:00:00+02:00,382.33216335868224,383.24378035659055,375.2215619031345,377.7740783691406,30444
2025-05-29 00:00:00+02:00,380.6912792805867,381.96753756518433,369.29606634606444,370.11651611328125,32837
2025-05-30 00:00:00+02:00,369.2048917941339,370.1165088109096,354.6190195257237,357.4450378417969,64120
2025-06-02 00:00:00+02:00,353.7073915742981,360.4533517258218,352.06649212296674,359.1770935058594,39913
2025-06-03 00:00:00+02:00,362.82355906432156,363.7351760468952,347.417237622895,351.8841552734375,33683
2025-06-04 00:00:00+02:00,356.3510811856908,362.00311773682245,353.889731967883,358.90362548828125,28830
2025-06-05 00:00:00+02:00,360.45335166042406,361.72960988015495,353.9808654785156,353.9808654785156,20535
2025-06-06 00:00:00+02:00,354.6190144427128,360.4533577023803,349.69628818675403,358.90362548828125,29779
2025-06-09 00:00:00+02:00,361.9119469595709,369.9341653862051,358.08314445302017,368.1109313964844,24806
2025-06-10 00:00:00+02:00,369.2048968836893,376.13319187076064,367.3816628250044,374.85693359375,44023
2025-06-11 00:00:00+02:00,376.4066575314514,376.4978247964393,365.74075521610695,366.1965637207031,32144
2025-06-12 00:00:00+02:00,366.74352294869686,369.5695413281726,359.7240884542476,366.10540771484375,19181
2025-06-13 00:00:00+02:00,364.64679125914444,364.64679125914444,354.80133902328447,358.2654724121094,33043
2025-06-16 00:00:00+02:00,360.27105015602945,362.8235666323408,355.439463355403,357.718505859375,20564
2025-06-17 00:00:00+02:00,360.544520042886,364.82913102993984,354.8013441260922,362.00311279296875,19092
2025-06-18 00:00:00+02:00,363.5528399851904,363.82634177101164,357.3538556580349,359.9063720703125,25442
2025-06-20 00:00:00+02:00,360.0887258605683,365.4672607587206,353.7074066681025,359.99755859375,57323
2025-06-23 00:00:00+02:00,355.5306407655245,358.72130036213815,344.59123643427756,346.32330322265625,48737
2025-06-24 00:00:00+02:00,354.25438336432495,364.09983615858255,353.7074075823453,362.8235778808594,25758
2025-06-25 00:00:00+02:00,362.8235552162122,364.19098067556973,355.3482849102538,357.8096618652344,38451
2025-06-26 00:00:00+02:00,359.17710867815236,366.3788776281887,359.17710867815236,365.19378662109375,28150
2025-06-27 00:00:00+02:00,368.0197999495183,368.29327392578125,364.0086628287053,368.29327392578125,23207
2025-06-30 00:00:00+02:00,369.75186449248463,371.75740522050177,365.28494671151077,366.1965637207031,18129
2025-07-01 00:00:00+02:00,368.293288269043,370.75466543264224,362.36777744293215,364.6468200683594,31533
2025-07-02 00:00:00+02:00,366.4700286952833,368.3844299316406,362.2765849919155,368.3844299316406,26070
2025-07-03 00:00:00+02:00,369.11371770699895,376.86246220639157,369.0225504429375,373.7629699707031,25084
2025-07-04 00:00:00+02:00,373.76298014322913,374.2187886555989,367.92863674896455,369.20489501953125,10622
2025-07-07 00:00:00+02:00,369.2048897861239,371.93974082157666,363.82635498046875,363.82635498046875,24561
2025-07-08 00:00:00+02:00,366.92584145904175,371.57509370992057,366.92584145904175,370.93695068359375,29494
2025-07-09 00:00:00+02:00,372.9399463776859,380.85656275222607,372.9399463776859,378.3766784667969,32383
2025-07-10 00:00:00+02:00,380.37966044458136,380.37966044458136,372.0815255844915,374.08453369140625,17340
2025-07-11 00:00:00+02:00,375.80139547706415,375.80139547706415,371.03234223496946,373.1307373046875,17607
2025-07-14 00:00:00+02:00,372.9399455782733,376.75518798828125,370.2692875344636,376.75518798828125,14828
2025-07-15 00:00:00+02:00,377.1367238823673,380.093542708726,372.6538313076863,374.752197265625,20915
2025-07-16 00:00:00+02:00,376.278298854145,376.278298854145,371.9861509584704,374.466064453125,17657
2025-07-17 00:00:00+02:00,376.1829069690426,380.0935363769531,373.7983803920228,380.0935363769531,12154
2025-07-18 00:00:00+02:00,380.37967708506704,385.5302779018828,380.37967708506704,384.7672119140625,31827
2025-07-21 00:00:00+02:00,384.38568635651166,385.81640231069224,382.09654665142085,385.2441101074219,14838
2025-07-22 00:00:00+02:00,385.24410203866955,385.24410203866955,379.99814364988157,380.8565673828125,12321
2025-07-23 00:00:00+02:00,384.2902931507163,389.72702533037847,381.14272974648463,387.3424987792969,28758
2025-07-24 00:00:00+02:00,387.72401439279747,395.06836776003905,385.81639316577264,394.8775939941406,49832
2025-07-25 00:00:00+02:00,394.87760034895865,396.308316292252,390.10854720464755,392.7792053222656,26551
2025-07-28 00:00:00+02:00,394.87760205638267,397.4529024086422,383.622648230339,384.9579772949219,26875
2025-07-29 00:00:00+02:00,384.38568094793294,393.446881863579,384.38568094793294,392.2069396972656,20849
2025-07-30 00:00:00+02:00,392.0161654467699,397.07135009765625,390.68083639823294,397.07135009765625,34693
2025-07-31 00:00:00+02:00,397.1667315589391,397.73902374563863,391.06234948611956,392.969970703125,68476
2025-08-01 00:00:00+02:00,392.01616821289065,392.01616821289065,384.38568318684895,386.2933044433594,27744
2025-08-04 00:00:00+02:00,386.29329812420326,390.3946721154124,382.4780556735938,388.3916931152344,12953
2025-08-05 00:00:00+02:00,389.1547321880845,391.06235342430057,382.4780578613281,382.4780578613281,21050
2025-08-06 00:00:00+02:00,384.0995436872455,392.969970703125,382.5734408920432,392.969970703125,23161
2025-08-07 00:00:00+02:00,392.49307179835176,409.18475771930235,390.108545238216,405.1787414550781,61989
2025-08-08 00:00:00+02:00,404.6064811561,409.85243962456053,399.64665423363203,408.7078552246094,23106
2025-08-11 00:00:00+02:00,408.7078603466911,409.470897217561,402.8896096053384,406.3233337402344,39916
2025-08-12 00:00:00+02:00,404.89259862400183,410.13855691006074,404.89259862400183,409.6616516113281,25189
2025-08-13 00:00:00+02:00,408.23094390748685,409.66165983239625,400.12355366633346,406.2279357910156,17668
2025-08-14 00:00:00+02:00,404.12957483492795,405.56029077731074,397.83441886684545,400.6004638671875,18524
2025-08-18 00:00:00+02:00,400.60046196400964,404.22493069096413,393.2561085181401,401.935791015625,16252
2025-08-19 00:00:00+02:00,406.2279500543931,406.6094684928334,397.8344279767426,405.2741394042969,19821
2025-08-20 00:00:00+02:00,400.60046705227074,404.5110964808077,396.40370607617837,399.55126953125,12971
2025-08-21 00:00:00+02:00,401.55427979017026,405.08339080444404,396.78522658601145,404.70184326171875,9889
2025-08-22 00:00:00+02:00,400.6004788582785,411.1877830497027,399.64666819433023,407.7540588378906,48538
2025-08-25 00:00:00+02:00,408.230935484437,410.61546197675267,403.55726938109626,406.418701171875,14256
2025-08-26 00:00:00+02:00,406.41872902285644,410.1385847841845,400.40970438564216,406.132568359375,31047
2025-08-27 00:00:00+02:00,412.04619152940893,419.4859027888271,407.2771383867074,418.15057373046875,56967
2025-08-28 00:00:00+02:00,418.1505844226824,435.41456306230407,418.1505844226824,432.5531311035156,83901
2025-08-29 00:00:00+02:00,432.5531085041824,439.70668802740477,429.21477139334525,433.69769287109375,64778
2025-09-01 00:00:00+02:00,432.5531089690983,438.27597259382725,429.50090339271367,432.3623352050781,19150
2025-09-02 00:00:00+02:00,432.362354199398,439.32518938016636,432.0762226487872,436.84527587890625,38835
2025-09-03 00:00:00+02:00,435.8914481740729,440.85127498248795,432.07620573928887,434.26995849609375,26215
2025-09-04 00:00:00+02:00,434.9376545868586,438.5621233985528,432.0762226487872,436.84527587890625,17954
2025-09-05 00:00:00+02:00,436.36835219833875,440.5651130426921,432.0762044717977,433.98382568359375,22643
2025-09-08 00:00:00+02:00,435.41455965263896,452.0108590620505,435.22378588035053,451.1524353027344,32101
2025-09-09 00:00:00+02:00,450.389386450341,452.01084703970224,444.3803620789713,446.1925964355469,17150
2025-09-10 00:00:00+02:00,444.4757599106903,449.4355869005295,429.88246870703347,443.0450439453125,43221
2025-09-11 00:00:00+02:00,438.94365590025825,449.43557264695033,438.94365590025825,447.2417907714844,17953
2025-09-12 00:00:00+02:00,449.24482040586304,453.53696837152415,446.38338842875567,449.0540466308594,30913
2025-09-15 00:00:00+02:00,449.7217129929741,457.6383295954655,449.7217129929741,453.2508239746094,27944
2025-09-16 00:00:00+02:00,454.39536505305153,456.11224160175453,446.0018433971355,446.38336181640625,34453
2025-09-17 00:00:00+02:00,446.38338409708825,457.73372500787326,446.38338409708825,456.3030090332031,31851
2025-09-18 00:00:00+02:00,456.303003078272,460.3090193982648,452.8692789622769,453.8230895996094,25645
2025-09-19 00:00:00+02:00,454.01387443648446,457.06608019353973,451.1524424547419,453.9184875488281,95513
2025-09-22 00:00:00+02:00,453.91848041938755,454.9676779511456,448.0048718814628,454.3953857421875,21594
2025-09-23 00:00:00+02:00,454.96765741257394,459.64132354343224,454.87227053072183,457.44757080078125,16184
2025-09-24 00:00:00+02:00,458.3060029235509,459.4505873107808,451.24781015694026,457.2568054199219,21065
2025-09-25 00:00:00+02:00,457.8291106286768,457.9244975149893,448.95868325344253,456.0168762207031,14827
2025-09-26 00:00:00+02:00,455.9214970137568,456.8753076769655,446.95568260119336,450.961669921875,42668
2025-09-29 00:00:00+02:00,450.96164084619704,452.10622521144717,438.2759714866244,443.1404113769531,16789
2025-09-30 00:00:00+02:00,442.4727528688486,442.5681397550492,432.1716095349878,436.84527587890625,23605
2025-10-01 00:00:00+02:00,435.8914468953898,436.8452575012878,428.7378673511547,433.98382568359375,32016
2025-10-02 00:00:00+02:00,433.98383790412834,436.84526980239735,427.30716347483406,431.1224060058594,37102
2025-10-03 00:00:00+02:00,434.9376444135393,434.9376444135393,422.63349318922803,427.3071594238281,22312
2025-10-06 00:00:00+02:00,429.2147725177436,429.2147725177436,419.67666646179373,422.91961669921875,28365
2025-10-07 00:00:00+02:00,422.7288882198686,423.4919250903486,416.24295838882557,420.6304931640625,62350
2025-10-08 00:00:00+02:00,418.0551927872086,423.11040665510865,414.33533710463485,420.6304931640625,26619
2025-10-09 00:00:00+02:00,422.0612071978716,427.3071657054158,418.53209619505475,421.9658203125,30217
2025-10-10 00:00:00+02:00,424.44573175561237,427.78406897166775,418.150575755167,420.0581970214844,35823
2025-10-13 00:00:00+02:00,414.90762657537493,419.67667975440224,411.56928935005584,417.10137939453125,19070
2025-10-14 00:00:00+02:00,415.3845154253521,421.10737901330185,408.70784123941075,420.7258605957031,23849
2025-10-15 00:00:00+02:00,428.45173881195655,446.3833666851736,426.6394753616719,440.7558898925781,33606
2025-10-16 00:00:00+02:00,446.097235906897,446.097235906897,431.31317138671875,431.31317138671875,30032
2025-10-17 00:00:00+02:00,429.2147950038014,431.7900954170207,419.0090093460701,426.3533630371094,22463
2025-10-20 00:00:00+02:00,434.3653642565502,437.0360515417638,429.97782944426365,432.2669982910156,19344
2025-10-21 00:00:00+02:00,436.46373826759435,440.660499104131,429.6916771567338,432.3623352050781,15996
2025-10-22 00:00:00+02:00,432.36235406965625,436.46375731112244,427.68868772714023,430.359375,10263
2025-10-23 00:00:00+02:00,433.9838248752805,437.1313882256856,429.59629027472374,432.3623352050781,9178
2025-10-24 00:00:00+02:00,434.3653465406324,448.5771188266261,434.3653465406324,442.3773498535156,25232
2025-10-27 00:00:00+01:00,448.29099335568714,451.7247174242649,439.89747150626613,444.8572692871094,18371
2025-10-28 00:00:00+01:00,446.3833709814297,451.6293294010833,443.6173259999377,447.8140869140625,17712
2025-10-29 00:00:00+01:00,448.29100846057537,452.48776952669317,444.18963428168576,445.52496337890625,15958
2025-10-30 00:00:00+01:00,443.521941392722,456.2076110839844,433.98383512621183,456.2076110839844,22661
2025-10-31 00:00:00+01:00,457.25681366060866,459.5459533683332,433.030029296875,433.030029296875,48078
2025-11-03 00:00:00+01:00,435.1284132747162,446.0018484408414,435.1284132747162,443.99884033203125,18744
2025-11-04 00:00:00+01:00,443.5219471637099,443.6173340492142,434.1746145441011,437.89447021484375,17802
2025-11-05 00:00:00+01:00,435.50994878026415,440.56513358402555,430.3593770898676,438.7528991699219,12418
2025-11-06 00:00:00+01:00,440.5651172274046,443.0450306478928,436.84526165066717,437.799072265625,20488
2025-11-07 00:00:00+01:00,437.7990904969055,446.28799950193564,437.7990904969055,440.6605224609375,18130
2025-11-10 00:00:00+01:00,446.38336309063374,447.14639993135347,439.7066888563721,446.66949462890625,15924
2025-11-12 00:00:00+01:00,448.100233959705,452.77392945438703,442.37737003118775,443.9034729003906,17610
2025-11-13 00:00:00+01:00,447.33718066859916,452.9646575035997,442.4727406862125,442.94964599609375,14207
2025-11-14 00:00:00+01:00,442.949637396691,446.28797450104935,431.98081548237076,439.8974609375,18935
2025-11-17 00:00:00+01:00,439.89749004096194,440.66052692924455,431.1224202857544,433.41156005859375,9371
2025-11-18 00:00:00+01:00,429.40554729371496,433.8884396857791,422.156580852517,427.7840576171875,14316
2025-11-19 00:00:00+01:00,427.7840639057689,436.7498779296875,427.7840639057689,436.7498779296875,25791
2025-11-20 00:00:00+01:00,443.5219451160292,444.2849819805595,434.07922565451184,435.9868469238281,28178
2025-11-21 00:00:00+01:00,433.030022326018,439.32517825191496,426.6394795163366,436.7498779296875,19891
2025-11-24 00:00:00+01:00,440.6605236933519,443.99886099405904,434.4607544206099,437.7037048339844,15199
2025-11-25 00:00:00+01:00,441.4235573974907,443.23582091978955,435.1284303907363,441.995849609375,32656
2025-11-26 00:00:00+01:00,444.28498303932724,447.3371887207031,442.37736176546497,447.3371887207031,23483
2025-11-27 00:00:00+01:00,448.29098905939003,451.82009997815993,446.76488625376004,448.86328125,14746
2025-11-28 00:00:00+01:00,450.6755229822835,456.20761299685927,444.95265919838147,454.8722839355469,21350
2025-12-01 00:00:00+01:00,456.779905078675,458.78291322412053,449.2448069200848,451.62933349609375,21902
2025-12-02 00:00:00+01:00,452.5831512709249,453.53696191638517,445.4295714299724,451.1524353027344,25609
2025-12-03 00:00:00+01:00,452.1062463469841,455.92148893219075,440.3743870406701,443.3311767578125,15154
2025-12-04 00:00:00+01:00,443.3311671023325,450.96165210655846,441.90045116404013,443.2358093261719,31886
2025-12-05 00:00:00+01:00,448.2909882677516,454.8722756781695,442.949643011474,447.2417907714844,29006
2025-12-08 00:00:00+01:00,449.24481803562423,462.21664875166937,449.24481803562423,461.4535827636719,43518
2025-12-09 00:00:00+01:00,462.9796751823365,467.367209913325,456.30300075500327,459.7367248535156,48503
2025-12-10 00:00:00+01:00,460.69052593182334,462.59814715721393,448.29098796678466,451.8200988769531,42021
2025-12-11 00:00:00+01:00,451.72473023193425,457.82911257804324,447.7187138536799,454.6815490722656,29398
2025-12-12 00:00:00+01:00,454.87228153348804,461.64434279694206,452.4877549694542,457.54296875,35806
2025-12-15 00:00:00+01:00,457.35219420748274,458.3060048314817,448.29099327949297,455.9214782714844,46593
2025-12-16 00:00:00+01:00,455.9214844530834,457.82910572694567,442.75890930662996,447.3371887207031,47105
2025-12-17 00:00:00+01:00,444.4757420226166,458.5921273363622,438.0851993245891,457.73370361328125,83447
2025-12-18 00:00:00+01:00,457.54296875,457.54296875,449.34019154812574,457.54296875,49510
2025-12-19 00:00:00+01:00,454.9676674364896,465.2688105277046,454.013856812933,463.74273681640625,82074
2025-12-22 00:00:00+01:00,465.26880955080617,470.80092862061304,463.742735842712,469.9425048828125,45428
2025-12-23 00:00:00+01:00,467.36722125635225,473.09008519010354,467.0810897028612,469.56097412109375,19079
2025-12-29 00:00:00+01:00,470.22865196166,471.27784950163107,465.0780802567005,469.27484130859375,18192
2025-12-30 00:00:00+01:00,470.61014900610354,475.76072047690445,467.2718118721413,470.7055358886719,22911
2026-01-02 00:00:00+01:00,472.8992979700676,476.9053142529889,469.5609607702967,475.37921142578125,31756
2026-01-05 00:00:00+01:00,476.9053253510532,479.00372042579426,472.2316589842111,475.474609375,39619
2026-01-07 00:00:00+01:00,476.23762321784216,481.6743553070783,472.32702302550314,481.48358154296875,29448
2026-01-08 00:00:00+01:00,481.67436933613396,481.67436933613396,470.4194155176146,474.04388427734375,22508
2026-01-09 00:00:00+01:00,474.9976926237099,486.4434201568113,469.27482885715915,479.95751953125,34950
2026-01-12 00:00:00+01:00,479.95751268622956,479.95751268622956,461.1674319441708,464.7919006347656,53085
2026-01-13 00:00:00+01:00,464.7919195143821,467.36721992040526,458.2106318309787,462.7889404296875,32034
2026-01-14 00:00:00+01:00,466.41341173108265,466.41341173108265,451.82012030784654,453.6323547363281,39268
2026-01-15 00:00:00+01:00,461.8351045723834,461.8351045723834,450.7708957809825,455.8260803222656,26246
2026-01-16 00:00:00+01:00,456.87528762353486,460.88130387637364,452.1062345168174,455.6353454589844,29373
2026-01-19 00:00:00+01:00,454.96768308471286,455.63536218736283,448.0048769364662,448.7679138183594,36900
2026-01-20 00:00:00+01:00,450.1986278536183,451.82011760560954,440.66052133129585,450.1032409667969,38852
2026-01-21 00:00:00+01:00,450.7709167992375,451.2478221218969,442.66352631402816,447.90948486328125,36137
2026-01-22 00:00:00+01:00,450.10322374237967,456.7798980525044,449.05402624347636,455.34918212890625,54230
2026-01-23 00:00:00+01:00,455.3491849551285,460.1182380633892,451.1524240414572,458.8782958984375,62325
2026-01-26 00:00:00+01:00,460.4044100186973,472.6131746324026,458.59214650667076,468.7025451660156,28111
2026-01-27 00:00:00+01:00,472.2316374863853,472.5177690253737,459.83209959173325,462.59814453125,29862
2026-01-28 00:00:00+01:00,465.6503529941948,470.99166914157104,462.69353427176094,466.12725830078125,54697
2026-01-29 00:00:00+01:00,470.2286438744915,471.18245451115376,458.9736900050732,461.64434814453125,36448
2026-01-30 00:00:00+01:00,464.0288839298951,467.5579949986632,456.1122671319443,466.3180236816406,62101
2026-02-02 00:00:00+01:00,465.45959865575253,467.3672199617187,458.9736978586639,466.0318908691406,24725
2026-02-03 00:00:00+01:00,468.321009272493,473.8530991644915,458.592129412231,459.6413269042969,38647
2026-02-04 00:00:00+01:00,463.55195830588656,463.55195830588656,458.2106130470191,461.5489501953125,23096
2026-02-05 00:00:00+01:00,457.8291118944495,463.2658442413925,454.872293058533,456.3030090332031,21582
2026-02-06 00:00:00+01:00,457.82911782425555,465.45960312132644,455.44459116892085,465.2688293457031,22215
2026-02-09 00:00:00+01:00,467.36722008227997,475.9515159613423,466.98570164258655,475.7607421875,24154
2026-02-10 00:00:00+01:00,474.7115692377126,476.9053220760661,470.51477911705047,473.2808532714844,10345
2026-02-11 00:00:00+01:00,475.95150129839953,476.905311922244,465.26881066814514,466.9856872558594,19347
2026-02-12 00:00:00+01:00,472.1362609863281,473.94849535841496,466.31801033237326,472.1362609863281,7695
2026-02-13 00:00:00+01:00,471.18246457245755,472.8039543326038,464.50578997325266,467.93951416015625,14484
2026-02-16 00:00:00+01:00,467.55797045371696,470.6101469264867,464.2196333345068,468.79791259765625,10768
2026-02-17 00:00:00+01:00,471.1824412931203,471.3732150582972,460.7859114667526,462.88427734375,11165
2026-02-18 00:00:00+01:00,466.4133892895216,478.81292724609375,464.9826733714556,478.81292724609375,17232
2026-02-19 00:00:00+01:00,478.81293743908765,478.81293743908765,470.9916786106314,474.04388427734375,15270
2026-02-20 00:00:00+01:00,473.662381734825,478.8129535006843,429.5963173989359,430.1686096191406,169471
2026-02-23 00:00:00+01:00,443.52193275958166,451.91545446753486,437.79906911107093,438.8482666015625,97658
2026-02-24 00:00:00+01:00,441.61431472545615,443.5219359553717,434.0792166888876,437.799072265625,28365
2026-02-25 00:00:00+01:00,443.5219500064216,445.4295712967718,438.56212300831476,444.6665344238281,22573
2026-02-26 00:00:00+01:00,447.337186694911,451.15242922535805,443.80807571105134,445.4295654296875,32086
2026-02-27 00:00:00+01:00,446.38338314927563,446.7649015867794,439.32519017748785,441.709716796875,32886
2026-03-02 00:00:00+01:00,432.07622733202294,448.7679138183594,426.257976506616,448.7679138183594,42320
2026-03-03 00:00:00+01:00,448.2909815238515,448.2909815238515,434.93763313803464,435.03302001953125,36161
2026-03-04 00:00:00+01:00,436.84526973618176,445.4295654296875,436.84526973618176,445.4295654296875,18451
2026-03-05 00:00:00+01:00,445.42955288718554,445.9064581900626,438.7528786469065,441.8050842285156,12548
2026-03-06 00:00:00+01:00,442.56814377029224,445.42957573432426,436.27298762782345,440.6605224609375,16730
2026-03-09 00:00:00+01:00,436.5591282295595,442.85425497478224,431.21778298719767,439.1343994140625,28447
2026-03-10 00:00:00+01:00,441.6143358039662,448.100236652059,441.23281736137096,444.18963623046875,12872
2026-03-11 00:00:00+01:00,443.52195837978644,447.3372010325158,437.8944812886089,444.47576904296875,35048
2026-03-12 00:00:00+01:00,444.4757662414791,444.4757662414791,424.63651621552805,427.974853515625,38962
2026-03-13 00:00:00+01:00,428.0702054274203,430.45473203766215,423.58731286496015,428.7378845214844,23334
2026-03-16 00:00:00+01:00,430.931646505116,431.21780716921256,424.06422718667085,426.9256591796875,13845
2026-03-17 00:00:00+01:00,429.21478857881704,430.1685992201033,426.16258288350474,428.4517517089844,21285
2026-03-18 00:00:00+01:00,430.7408735866701,442.37734546362543,430.07319452222634,435.31915283203125,17813
2026-03-19 00:00:00+01:00,435.3191607501859,435.3191607501859,424.63649928070305,425.3995361328125,19797
2026-03-20 00:00:00+01:00,427.4979364125249,430.2639814205365,410.2339581716389,411.9508056640625,80252
2026-03-23 00:00:00+01:00,411.950807683925,416.8152477469637,396.4990928523788,413.8584289550781,56292
2026-03-24 00:00:00+01:00,416.8152435052297,416.8152435052297,403.2711209746783,406.80023193359375,19626
2026-03-25 00:00:00+01:00,414.81225020089965,428.260986328125,414.81225020089965,428.260986328125,29439
2026-03-26 00:00:00+01:00,424.5411091802554,428.16557786229623,414.526097755259,415.384521484375,30688
2026-03-27 00:00:00+01:00,415.38452783396184,418.3413465976616,409.66166407505534,413.2861328125,20926
2026-03-30 00:00:00+02:00,413.2861277598163,416.5291071366081,406.3233219148009,415.670654296875,21593
2026-03-31 00:00:00+02:00,416.8152476400544,431.8854440351027,416.8152476400544,428.16558837890625,20853
2026-04-01 00:00:00+02:00,436.8452830046662,441.6143363125774,432.9346534705807,433.12542724609375,27934
2026-04-02 00:00:00+02:00,430.1685983028927,444.0942394575778,427.02103483655566,441.1374206542969,18960
2026-04-07 00:00:00+02:00,443.3311785978089,446.2879974352142,433.69771431657233,435.50994873046875,20341
2026-04-08 00:00:00+02:00,446.6695194685949,460.2136424544936,446.47877480180233,453.6323547363281,72705
2026-04-09 00:00:00+02:00,453.6323332194762,454.96766225565165,446.38336674139407,451.8200988769531,16838
2026-04-10 00:00:00+02:00,457.82910358856327,459.7367248535156,450.675523844992,459.7367248535156,30127
2026-04-13 00:00:00+02:00,458.782908233565,458.782908233565,449.9124811104988,457.2568054199219,21716
2026-04-14 00:00:00+02:00,458.87830311980883,461.64434814453125,454.3953814843,461.64434814453125,21960
2026-04-15 00:00:00+02:00,454.77690960178535,464.6965637207031,453.0600620624295,464.6965637207031,22202
2026-04-16 00:00:00+02:00,464.6965434801122,468.3210121755457,461.83511163382576,463.1704406738281,21413
2026-04-17 00:00:00+02:00,465.745716255459,473.4715881347656,457.8290997160648,473.4715881347656,59188
2026-04-20 00:00:00+02:00,469.8471079920804,470.32401329270004,460.3090019796873,466.8902893066406,12357
2026-04-21 00:00:00+02:00,462.502777886001,471.37323438663947,459.64134593895466,467.3672180175781,18329
2026-04-22 00:00:00+02:00,467.1764422442428,467.1764422442428,459.25982553450785,465.4595947265625,16084
2026-04-23 00:00:00+02:00,465.45958030475344,465.45958030475344,447.7186970371136,452.1062316894531,19391
2026-04-24 00:00:00+02:00,452.1062375425792,456.875290681214,446.38337377621747,451.34320068359375,28173
2026-04-27 00:00:00+02:00,455.7307073226771,458.0198761208277,445.0480457325995,445.1434326171875,20317
2026-04-28 00:00:00+02:00,443.99883657839746,454.01384792978985,443.61731815803756,446.66949462890625,19344
2026-04-29 00:00:00+02:00,450.19862702507413,454.3000011789282,441.70971805742835,441.995849609375,48961
2026-04-30 00:00:00+02:00,449.72169720126595,451.9154499346617,406.5140887315935,416.1475524902344,134936
2026-05-04 00:00:00+02:00,424.44573774832907,430.16860162808183,418.7228738685763,422.5381164550781,32390
2026-05-05 00:00:00+02:00,427.3071593533487,428.2609699769053,409.1847575057737,413.0,54639
2026-05-06 00:00:00+02:00,419.58129563615944,422.63350133406095,413.38152646253945,420.6304931640625,52776
2026-05-07 00:00:00+02:00,421.5842976888021,421.5842976888021,413.66768111748,414.9076232910156,74381
2026-05-08 00:00:00+02:00,414.14459870080464,415.384540911074,408.612479428239,412.04620361328125,24611
2026-05-11 00:00:00+02:00,415.8614442337391,416.52912333327413,408.3263459052306,410.1385803222656,61996
2026-05-12 00:00:00+02:00,411.092370250892,411.092370250892,400.40967984479596,402.1265563964844,53824
2026-05-13 00:00:00+02:00,402.50807375667995,406.22792928022676,399.07434977033313,405.0833740234375,43463
2026-05-14 00:00:00+02:00,404.89262101613065,413.19078531619476,403.93881036591597,408.51708984375,42375
2026-05-15 00:00:00+02:00,409.18474608136324,412.04617787214204,404.98798527648563,406.418701171875,23689
2026-05-18 00:00:00+02:00,407.27712804457724,407.56325958267735,401.4588775366282,405.3695068359375,78720
2026-05-19 00:00:00+02:00,405.36950662790974,407.0863540716086,401.55426421258824,402.1265563964844,53757
2026-05-20 00:00:00+02:00,404.4156941443189,405.9417969249519,399.36050961071066,403.4618835449219,71706
2026-05-21 00:00:00+02:00,403.4618934846333,411.5692837792418,401.74504600661817,406.51409912109375,60416
2026-05-22 00:00:00+02:00,406.51411731962236,409.7570677610458,405.17875910139674,409.37554931640625,93194
2026-05-25 00:00:00+02:00,410.13858620179906,416.3383555281053,409.4709070926925,415.8614501953125,45317
2026-05-26 00:00:00+02:00,416.6244850984886,417.0060326492972,410.5201026894395,410.71087646484375,44387
2026-05-27 00:00:00+02:00,412.6184815721754,416.43372406640174,411.5692840646651,413.0,46811
2026-05-28 00:00:00+02:00,413.0,414.33532905138117,408.7078521939954,413.0,80086
2026-05-29 00:00:00+02:00,415.3999938964844,420.0,406.0,410.0,102992
2026-06-01 00:00:00+02:00,412.0,412.0,399.20001220703125,400.0,111314
2026-06-02 00:00:00+02:00,402.0,404.1000061035156,391.0,395.0,97508
2026-06-03 00:00:00+02:00,397.8999938964844,398.0,386.70001220703125,396.6000061035156,84452
2026-06-05 00:00:00+02:00,397.20001220703125,404.0,396.0,397.70001220703125,50620
2026-06-08 00:00:00+02:00,397.5,398.0,390.20001220703125,398.0,34721
2026-06-09 00:00:00+02:00,397.20001220703125,397.79998779296875,393.1000061035156,395.5,28694
2026-06-10 00:00:00+02:00,396.0,397.8999938964844,390.6000061035156,397.5,27984
2026-06-11 00:00:00+02:00,397.8999938964844,398.0,393.20001220703125,395.20001220703125,26524
2026-06-12 00:00:00+02:00,398.0,410.0,397.1000061035156,405.6000061035156,54257
2026-06-15 00:00:00+02:00,412.0,416.8999938964844,404.79998779296875,404.79998779296875,35345
2026-06-16 00:00:00+02:00,406.8999938964844,410.79998779296875,402.8999938964844,403.20001220703125,41667
2026-06-17 00:00:00+02:00,406.8999938964844,408.29998779296875,401.3999938964844,403.0,45210
2026-06-18 00:00:00+02:00,403.0,403.8999938964844,395.8999938964844,397.8999938964844,29836
2026-06-19 00:00:00+02:00,400.0,401.79998779296875,396.0,401.1000061035156,82070
2026-06-22 00:00:00+02:00,400.0,401.6000061035156,395.20001220703125,400.0,48815
2026-06-23 00:00:00+02:00,395.20001220703125,399.20001220703125,392.20001220703125,399.20001220703125,32566
2026-06-24 00:00:00+02:00,399.79998779296875,402.0,397.20001220703125,399.5,27570
2026-06-25 00:00:00+02:00,402.1000061035156,410.3999938964844,402.1000061035156,403.29998779296875,45771
2026-06-26 00:00:00+02:00,403.29998779296875,403.3999938964844,398.29998779296875,403.3999938964844,37359
2026-06-29 00:00:00+02:00,404.3999938964844,407.79998779296875,401.29998779296875,404.29998779296875,28032
2026-06-30 00:00:00+02:00,406.0,431.29998779296875,406.0,422.20001220703125,105093
2026-07-01 00:00:00+02:00,425.20001220703125,426.3999938964844,419.1000061035156,421.6000061035156,43785
2026-07-02 00:00:00+02:00,423.0,426.3999938964844,420.29998779296875,422.3999938964844,22836
2026-07-03 00:00:00+02:00,426.79998779296875,426.79998779296875,420.3999938964844,421.79998779296875,17162
2026-07-06 00:00:00+02:00,422.0,427.20001220703125,421.0,421.1000061035156,19234
2026-07-07 00:00:00+02:00,422.1000061035156,423.79998779296875,414.1000061035156,417.6000061035156,24086
2026-07-08 00:00:00+02:00,418.0,420.0,410.0,417.6000061035156,25171
2026-07-09 00:00:00+02:00,418.29998779296875,424.5,402.20001220703125,409.1000061035156,42321
2026-07-10 00:00:00+02:00,410.8999938964844,419.70001220703125,410.8999938964844,414.0,30213
2026-07-13 00:00:00+02:00,414.5,416.20001220703125,405.0,413.3999938964844,44271
2026-07-14 00:00:00+02:00,413.3999938964844,413.6000061035156,404.79998779296875,413.0,42837
2026-07-15 00:00:00+02:00,412.70001220703125,416.79998779296875,410.0,416.5,20773
2026-07-16 00:00:00+02:00,416.70001220703125,423.8999938964844,414.0,419.6000061035156,26010
2026-07-17 00:00:00+02:00,420.0,420.0,411.6000061035156,414.0,20075
2026-07-20 00:00:00+02:00,414.0,420.5,410.5,417.6000061035156,18759
2026-07-21 00:00:00+02:00,419.8999938964844,422.29998779296875,417.29998779296875,419.0,28625
2026-07-22 00:00:00+02:00,420.3999938964844,422.0,415.1000061035156,419.0,27357
2026-07-23 00:00:00+02:00,419.0,419.6000061035156,405.6000061035156,407.79998779296875,33998
2026-07-24 00:00:00+02:00,407.79998779296875,414.20001220703125,406.70001220703125,411.3999938964844,29293
2026-07-27 00:00:00+02:00,414.0,426.20001220703125,413.70001220703125,424.0,50325
2026-07-28 00:00:00+02:00,424.0,434.3999938964844,421.29998779296875,430.70001220703125,65592
2026-07-29 00:00:00+02:00,431.29998779296875,437.8999938964844,430.20001220703125,430.3999938964844,33859
2026-07-30 00:00:00+02:00,432.0,432.1000061035156,425.70001220703125,425.70001220703125,20823
2026-07-31 00:00:00+02:00,426.8999938964844,429.29998779296875,425.6000061035156,425.6000061035156,43867
2026-08-03 00:00:00+02:00,428.1000061035156,439.20001220703125,428.1000061035156,434.79998779296875,36716
2026-08-04 00:00:00+02:00,437.0,445.79998779296875,435.79998779296875,439.70001220703125,48266
2026-08-05 00:00:00+02:00,441.0,441.0,430.20001220703125,430.20001220703125,34873
2026-08-06 00:00:00+02:00,432.29998779296875,435.70001220703125,430.5,431.6000061035156,25062
2026-08-07 00:00:00+02:00,434.0,434.0,429.1000061035156,430.3999938964844,17309
2026-08-10 00:00:00+02:00,431.29998779296875,433.70001220703125,427.20001220703125,431.0,22935
2026-08-11 00:00:00+02:00,430.0,436.29998779296875,427.5,427.5,32179
2026-08-12 00:00:00+02:00,428.0,439.70001220703125,428.0,436.29998779296875,58017
2026-08-13 00:00:00+02:00,438.29998779296875,441.0,430.79998779296875,432.20001220703125,26621
2026-08-14 00:00:00+02:00,434.0,437.70001220703125,427.0,433.0,32149
2026-08-17 00:00:00+02:00,435.1000061035156,436.1000061035156,428.0,428.0,22085
2026-08-18 00:00:00+02:00,428.3999938964844,433.0,428.0,429.8999938964844,16441
2026-08-19 00:00:00+02:00,428.0,437.3999938964844,428.0,435.0,24316
2026-08-20 00:00:00+02:00,435.8999938964844,436.0,429.70001220703125,430.20001220703125,22277
2026-08-21 00:00:00+02:00,430.3999938964844,438.6000061035156,430.3999938964844,435.70001220703125,29198
