Date,Open,High,Low,Close,Volume
2016-08-22 00:00:00+02:00,13.807690939666836,13.940189361572266,13.465985603262414,13.940189361572266,15565
2016-08-23 00:00:00+02:00,13.947164535522461,14.191240180915155,13.668221510833064,13.947164535522461,4629
2016-08-24 00:00:00+02:00,13.947164535522461,13.947164535522461,13.947164535522461,13.947164535522461,280
2016-08-25 00:00:00+02:00,14.28886990703013,14.28886990703013,13.91926956800089,13.947164535522461,233
2016-08-26 00:00:00+02:00,13.884403153623005,14.21216106414795,13.884403153623005,14.21216106414795,702
2016-08-29 00:00:00+02:00,13.947165311788225,14.177293486228518,13.947165311788225,14.086637496948242,350
2016-08-30 00:00:00+02:00,14.219135284423828,14.219135284423828,14.219135284423828,14.219135284423828,90
2016-08-31 00:00:00+02:00,14.1842679977417,14.1842679977417,14.1842679977417,14.1842679977417,104
2016-09-01 00:00:00+02:00,13.94716606505318,14.156373023986816,13.94716606505318,14.156373023986816,55745
2016-09-02 00:00:00+02:00,13.947164535522461,13.947164535522461,13.884402188704188,13.947164535522461,777
2016-09-05 00:00:00+02:00,14.100582866575314,14.121504092216492,13.947164535522461,13.947164535522461,535
2016-09-06 00:00:00+02:00,13.947164535522461,13.947164535522461,13.947164535522461,13.947164535522461,588
2016-09-07 00:00:00+02:00,13.947164535522461,13.947164535522461,13.947164535522461,13.947164535522461,1034
2016-09-08 00:00:00+02:00,13.884402188704188,14.121504092216492,13.884402188704188,13.947164535522461,3307
2016-09-09 00:00:00+02:00,13.94716492558636,14.016901016235352,13.94716492558636,14.016901016235352,2092
2016-09-12 00:00:00+02:00,13.947166058471643,13.947166058471643,13.877429962158203,13.877429962158203,730
2016-09-13 00:00:00+02:00,13.947167496249966,14.016903599752323,13.737960515848433,13.884405136108398,5436
2016-09-14 00:00:00+02:00,13.940190793642069,13.947164535522461,13.940190793642069,13.947164535522461,455
2016-09-15 00:00:00+02:00,14.0029527484391,14.0029527484391,13.891375541687012,13.891375541687012,550
2016-09-16 00:00:00+02:00,13.947164535522461,13.947164535522461,13.947164535522461,13.947164535522461,1316
2016-09-19 00:00:00+02:00,13.947167496249966,13.947167496249966,13.814669032606039,13.884405136108398,386
2016-09-20 00:00:00+02:00,13.821639841885917,13.947164535522461,13.821639841885917,13.947164535522461,5837
2016-09-21 00:00:00+02:00,13.947164535522461,13.947164535522461,13.633352801431101,13.947164535522461,110720
2016-09-22 00:00:00+02:00,13.954139233715898,13.961112976074219,13.8216407891185,13.961112976074219,5451
2016-09-23 00:00:00+02:00,13.947164535522461,13.947164535522461,13.940190793642069,13.947164535522461,10000
2016-09-26 00:00:00+02:00,13.89834824469349,13.940189361572266,13.891374503529509,13.940189361572266,10045
2016-09-27 00:00:00+02:00,13.912298675367627,13.912298675367627,13.877429962158203,13.877429962158203,65639
2016-09-28 00:00:00+02:00,13.926243699360073,14.086637106884343,12.977837388891803,14.016901016235352,35231
2016-09-29 00:00:00+02:00,13.807693872360487,14.156373023986816,13.807693872360487,14.156373023986816,5408
2016-09-30 00:00:00+02:00,14.295842170715332,14.470181709382592,14.023872916028045,14.295842170715332,202427
2016-10-03 00:00:00+02:00,14.637550037678157,14.637550037678157,14.177293682428084,14.21216106414795,1937
2016-10-04 00:00:00+02:00,14.274923722015249,14.623602867126465,14.274923722015249,14.623602867126465,5946
2016-10-05 00:00:00+02:00,14.623603918248659,14.623603918248659,14.295845977123316,14.574789047241211,61334
2016-10-06 00:00:00+02:00,14.567812223522202,14.567812223522202,14.40742015838623,14.40742015838623,749
2016-10-07 00:00:00+02:00,14.560839354800548,14.567813096759947,14.456235885620117,14.456235885620117,292
2016-10-10 00:00:00+02:00,14.295845977123316,14.574789047241211,14.295845977123316,14.574789047241211,520
2016-10-11 00:00:00+02:00,14.539918031118845,14.539918031118845,14.226106324290502,14.491103172302246,597
2016-10-12 00:00:00+02:00,14.491104511525679,14.532945632934572,14.302817470027763,14.53294563293457,39
2016-10-13 00:00:00+02:00,14.295842170715332,14.295842170715332,14.191238713536,14.295842170715332,258
2016-10-14 00:00:00+02:00,14.295842170715332,14.295842170715332,14.295842170715332,14.295842170715332,0
2016-10-17 00:00:00+02:00,14.170317883856676,14.400446028088604,14.170317883856676,14.365578651428223,1034
2016-10-18 00:00:00+02:00,14.191241737212692,14.191241737212692,14.156373023986816,14.156373023986816,1122
2016-10-19 00:00:00+02:00,14.02387349813604,14.02387349813604,13.598484580497088,13.912296295166016,13380
2016-10-20 00:00:00+02:00,13.877428446823796,13.947164535522461,13.758877495067646,13.947164535522461,100695
2016-10-21 00:00:00+02:00,13.940190793642069,13.947164535522461,13.786772462589214,13.947164535522461,16211
2016-10-24 00:00:00+02:00,13.947165311788225,14.086637496948242,13.94019156951969,14.086637496948242,672
2016-10-25 00:00:00+02:00,14.086637496948242,14.086637496948242,14.086637496948242,14.086637496948242,0
2016-10-26 00:00:00+02:00,14.08663671291979,14.08663671291979,13.947164535522461,13.947164535522461,180
2016-10-27 00:00:00+02:00,14.08663671291979,14.08663671291979,13.947164535522461,13.947164535522461,1039
2016-10-28 00:00:00+02:00,14.086638155178136,14.086638155178136,13.807693771823798,13.926244735717773,15869
2016-10-31 00:00:00+01:00,13.66822112126738,14.079662569746988,13.66822112126738,13.863480567932129,433
2016-11-02 00:00:00+01:00,13.710063480739937,14.00992774963379,13.710063480739937,14.009927749633789,13705
2016-11-03 00:00:00+01:00,13.877429281226773,13.877429281226773,13.368358064296732,13.703089714050293,15759
2016-11-04 00:00:00+01:00,13.703088320422696,13.703088320422696,13.31954184368391,13.368356704711914,23698
2016-11-07 00:00:00+01:00,13.298622407993895,13.368358503174965,12.901128394598793,13.110335350036621,21804
2016-11-08 00:00:00+01:00,12.908101290288904,13.145203200286195,12.41994998615206,13.075467109680176,28505
2016-11-09 00:00:00+01:00,13.075467109680176,13.075467109680176,13.075467109680176,13.075467109680176,0
2016-11-10 00:00:00+01:00,13.033625474710352,13.033625474710352,12.168901443481445,12.168901443481445,8259
2016-11-14 00:00:00+01:00,12.21771702333587,12.329294238426172,11.513385021762518,11.666803359985352,9196
2016-11-15 00:00:00+01:00,11.652856248492238,11.848117046201743,11.47154426574707,11.47154426574707,4684
2016-11-16 00:00:00+01:00,11.71561838606954,11.71561838606954,11.262335777282715,11.262335777282715,75636
2016-11-17 00:00:00+01:00,10.774185319010197,11.708646187928125,10.774185319010197,11.47154426574707,52295
2016-11-18 00:00:00+01:00,11.46456956704311,11.46456956704311,11.457595825195312,11.457595825195312,55
2016-11-21 00:00:00+01:00,11.35996808539065,11.36694049835205,10.829974918203797,11.36694049835205,887
2016-11-22 00:00:00+01:00,11.248388290405273,11.248388290405273,11.248388290405273,11.248388290405273,174
2016-11-23 00:00:00+01:00,11.213520522750931,11.220494264811299,10.92063000674192,11.192599296569824,1426
2016-11-24 00:00:00+01:00,11.060101822474032,11.359966753724004,11.060101822474032,11.35299301147461,380
2016-11-25 00:00:00+01:00,11.35299253315431,11.35299253315431,10.878788721017125,11.34601879119873,1052
2016-11-28 00:00:00+01:00,11.290230324336264,11.2972040663775,10.913656234741211,10.913656234741211,153643
2016-11-29 00:00:00+01:00,11.067075537535237,11.067075537535237,10.913656533688787,11.046154975891113,170023
2016-11-30 00:00:00+01:00,11.0461544080375,11.366938553598931,11.0461544080375,11.087995529174805,1586
2016-12-01 00:00:00+01:00,11.122864260985711,11.297204493342399,11.053128833095707,11.290230751037598,184471
2016-12-02 00:00:00+01:00,11.185626802840881,11.290230272771105,11.10194322883353,11.283256530761719,3192
2016-12-05 00:00:00+01:00,11.276282527468355,11.506410688024637,11.234441406486827,11.457595825195312,25357
2016-12-06 00:00:00+01:00,11.318123859452038,11.68075046166635,11.31115011747423,11.638909339904785,62078
2016-12-07 00:00:00+01:00,11.673776632638576,11.701671600341797,11.506410816735062,11.701671600341797,64539
2016-12-08 00:00:00+01:00,11.834168523202298,11.834168523202298,11.645882814544818,11.785353660583496,53863
2016-12-09 00:00:00+01:00,11.848115286317709,12.029428572236503,11.848115286317709,11.994561195373535,33888
2016-12-12 00:00:00+01:00,11.994561526603077,11.994561526603077,11.729564666748047,11.729564666748047,3254
2016-12-13 00:00:00+01:00,11.82719517310162,11.855090141296387,11.576147109875176,11.855090141296387,15417
2016-12-14 00:00:00+01:00,11.924825111542436,11.994561195373537,11.855089027711335,11.994561195373535,4047
2016-12-15 00:00:00+01:00,11.855091661887268,12.064298629760742,11.855091661887268,12.064298629760742,1584
2016-12-16 00:00:00+01:00,12.106140346186294,12.594290351371152,12.106140346186294,12.552449226379395,1651
2016-12-19 00:00:00+01:00,12.552449226379395,12.552449226379395,12.482713131322877,12.552449226379395,554
2016-12-20 00:00:00+01:00,12.552449798583984,12.552449798583984,12.203770637512207,12.203770637512207,1663
2016-12-21 00:00:00+01:00,12.203768116761669,12.203768116761669,11.994561195373537,11.994561195373535,1398
2016-12-22 00:00:00+01:00,11.85509157235607,11.876012801027603,11.85509157235607,11.862065315246582,3657
2016-12-23 00:00:00+01:00,12.127060414185047,12.134034156799316,12.127060414185047,12.134034156799316,342
2016-12-27 00:00:00+01:00,12.134034156799316,12.134034156799316,12.134034156799316,12.134034156799316,0
2016-12-28 00:00:00+01:00,12.134034156799316,12.134034156799316,12.127060414185047,12.134034156799316,207
2016-12-29 00:00:00+01:00,11.869037683543663,12.552448446400179,11.869037683543663,12.412976264953613,4279
2016-12-30 00:00:00+01:00,12.412976264953613,12.482712355676895,12.412976264953613,12.412976264953613,825
2017-01-02 00:00:00+01:00,12.4129766527645,12.482712745666504,12.4129766527645,12.482712745666504,192
2017-01-03 00:00:00+01:00,12.412976264953613,12.412976264953613,12.412976264953613,12.412976264953613,1034
2017-01-04 00:00:00+01:00,12.412975707737171,12.496659278869629,12.412975707737171,12.496659278869629,1105
2017-01-05 00:00:00+01:00,12.419950007036471,12.482712355676895,12.412976264953613,12.412976264953613,624
2017-01-09 00:00:00+01:00,12.412976264953613,12.412976264953613,12.412976264953613,12.412976264953613,0
2017-01-10 00:00:00+01:00,12.412977036266359,12.691921416492429,12.412977036266359,12.552449226379395,210
2017-01-11 00:00:00+01:00,12.55244780101118,12.573369026184082,12.55244780101118,12.573369026184082,746
2017-01-12 00:00:00+01:00,12.684945655297188,12.684945655297188,12.58731460571289,12.58731460571289,170
2017-01-13 00:00:00+01:00,12.58731460571289,12.58731460571289,12.58731460571289,12.58731460571289,0
2017-01-16 00:00:00+01:00,12.482713411828485,12.496660897174285,12.3781099319458,12.3781099319458,487
2017-01-17 00:00:00+01:00,12.343242833983094,12.343242833983094,12.203770637512207,12.203770637512207,337
2017-01-18 00:00:00+01:00,12.196795379337429,12.273505210876465,12.196795379337429,12.273505210876465,164
2017-01-19 00:00:00+01:00,12.273506927739676,12.273506927739676,12.064298629760742,12.064298629760742,619
2017-01-20 00:00:00+01:00,12.06429529432422,12.071269035339355,11.994560544383058,12.071269035339355,300
2017-01-23 00:00:00+01:00,12.071269035339355,12.071269035339355,12.071269035339355,12.071269035339355,120
2017-01-24 00:00:00+01:00,12.071269035339355,12.071269035339355,12.071269035339355,12.071269035339355,73
2017-01-25 00:00:00+01:00,12.078244690082617,12.134033296937986,12.078244690082617,12.099165916442871,438
2017-01-26 00:00:00+01:00,12.099166773833373,12.134034156799316,12.099166773833373,12.134034156799316,585
2017-01-27 00:00:00+01:00,12.134034156799316,12.134034156799316,12.134034156799316,12.134034156799316,50
2017-01-30 00:00:00+01:00,12.10614004180198,12.147981165741728,12.10614004180198,12.141007423400879,697
2017-01-31 00:00:00+01:00,11.994563672911317,12.203770637512207,11.994563672911317,12.203770637512207,90
2017-02-01 00:00:00+01:00,12.203770252836605,12.203770252836605,12.134034156799316,12.134034156799316,502
2017-02-02 00:00:00+01:00,11.994561195373537,11.994561195373537,11.994561195373537,11.994561195373535,130
2017-02-03 00:00:00+01:00,12.134032032930568,12.134032032930568,11.994561195373537,11.994561195373535,85
2017-02-06 00:00:00+01:00,11.994561195373537,11.994561195373537,11.994561195373537,11.994561195373535,117
2017-02-07 00:00:00+01:00,11.980613712586283,11.994561195373537,11.889956404574303,11.994561195373535,534
2017-02-08 00:00:00+01:00,11.924826692708606,11.924826692708606,11.583121299743652,11.583121299743652,1269
2017-02-09 00:00:00+01:00,11.471544294691462,12.029430389404295,11.471544294691462,12.029430389404297,10076
2017-02-10 00:00:00+01:00,11.855090141296387,11.855090141296387,11.855090141296387,11.855090141296387,46
2017-02-13 00:00:00+01:00,11.86903762539377,11.876011367442462,11.855090141296387,11.855090141296387,1079
2017-02-14 00:00:00+01:00,11.924827671155727,11.924827671155727,11.85509157235607,11.862065315246582,585
2017-02-15 00:00:00+01:00,11.87601089477539,11.87601089477539,11.87601089477539,11.87601089477539,147
2017-02-16 00:00:00+01:00,11.9248257570681,11.9248257570681,11.87601089477539,11.87601089477539,500
2017-02-17 00:00:00+01:00,11.87601089477539,11.87601089477539,11.87601089477539,11.87601089477539,0
2017-02-20 00:00:00+01:00,11.764434721426316,11.813249588012695,11.645883761099956,11.813249588012695,1011
2017-02-21 00:00:00+01:00,11.785354990867178,11.785354990867178,11.57614803314209,11.57614803314209,437
2017-02-22 00:00:00+01:00,11.57614803314209,11.57614803314209,11.436675841255099,11.57614803314209,2975
2017-02-23 00:00:00+01:00,11.708643815285061,11.715616226196289,11.708643815285061,11.715616226196289,2065
2017-02-24 00:00:00+01:00,11.715617572511533,11.785353660583496,11.576146726472853,11.785353660583496,1076
2017-02-27 00:00:00+01:00,11.785353660583496,11.785353660583496,11.785353660583496,11.785353660583496,159
2017-02-28 00:00:00+01:00,11.57614803314209,11.57614803314209,11.57614803314209,11.57614803314209,199
2017-03-01 00:00:00+01:00,11.506409316126929,11.715616226196289,11.506409316126929,11.715616226196289,1929
2017-03-02 00:00:00+01:00,11.785353660583496,11.785353660583496,11.785353660583496,11.785353660583496,100
2017-03-03 00:00:00+01:00,11.785352306254442,11.785352306254442,11.506409316126929,11.715616226196289,2557
2017-03-06 00:00:00+01:00,11.785354596770048,11.785354596770048,11.5064115524292,11.5064115524292,1530
2017-03-07 00:00:00+01:00,11.513385294800889,11.778380854398357,11.436675458817648,11.5064115524292,685
2017-03-08 00:00:00+01:00,11.506412224025185,11.708646774291992,11.43667612634334,11.708646774291992,600
2017-03-09 00:00:00+01:00,11.778380308866069,11.889957521434553,11.513384761542243,11.855090141296387,2734
2017-03-10 00:00:00+01:00,11.896930145967929,12.029428572236503,11.896930145967929,11.994561195373535,1460
2017-03-13 00:00:00+01:00,12.13403398614567,12.552449226379395,12.071271633605344,12.552449226379395,4939
2017-03-14 00:00:00+01:00,12.831392671716458,12.901128768920898,12.831392671716458,12.901128768920898,1421
2017-03-15 00:00:00+01:00,12.89415295569955,13.110333625225026,12.89415295569955,13.04059886932373,1046
2017-03-16 00:00:00+01:00,12.643104696464514,13.180070877075195,12.643104696464514,13.180070877075195,4888
2017-03-17 00:00:00+01:00,13.180070877075195,13.319543061425222,13.166123392619127,13.180070877075195,4675
2017-03-20 00:00:00+01:00,13.31954402821008,13.459014892578125,13.31954402821008,13.459014892578125,2536
2017-03-21 00:00:00+01:00,13.459014128713072,13.59848631527081,13.38927936553955,13.38927936553955,887
2017-03-22 00:00:00+01:00,13.31954288482666,13.31954288482666,12.922048893836221,13.31954288482666,1272
2017-03-23 00:00:00+01:00,13.180071836490521,13.486909866333008,13.180071836490521,13.486909866333008,333
2017-03-24 00:00:00+01:00,13.256779632257137,13.598484992980957,13.256779632257137,13.598484992980957,1360
2017-03-27 00:00:00+02:00,13.57756376800003,13.598484992980957,13.57756376800003,13.598484992980957,550
2017-03-28 00:00:00+02:00,13.59848843109462,13.59848843109462,13.326519088106505,13.528752326965332,2391
2017-03-29 00:00:00+02:00,13.577564159600339,13.668221473693848,13.577564159600339,13.668221473693848,60611
2017-03-30 00:00:00+02:00,13.737957562203025,13.737957562203025,13.459013208166313,13.668221473693848,966
2017-03-31 00:00:00+02:00,13.59848388542199,13.737956047058105,13.59848388542199,13.737956047058105,2592
2017-04-03 00:00:00+02:00,13.737957562203025,13.737957562203025,13.668221473693848,13.668221473693848,250
2017-04-04 00:00:00+02:00,13.807692744288376,14.016901016235352,13.668221893095692,14.016901016235352,11773
2017-04-05 00:00:00+02:00,14.086635256356669,14.295842170715332,13.947163093380812,14.295842170715332,2128
2017-04-06 00:00:00+02:00,14.295844939690175,14.365581034685349,14.156372749699825,14.358607292175293,14970
2017-04-07 00:00:00+02:00,14.302815911874637,14.400445627894664,14.295842170715332,14.295842170715332,1997
2017-04-10 00:00:00+02:00,14.330709546406736,14.428340592531885,14.295842170715332,14.295842170715332,956
2017-04-11 00:00:00+02:00,14.226106089227404,14.295842170715332,14.226106089227404,14.295842170715332,207
2017-04-12 00:00:00+02:00,14.226108352002923,14.226108352002923,14.086637496948242,14.086637496948242,578
2017-04-13 00:00:00+02:00,13.947164535522461,13.947164535522461,13.947164535522461,13.947164535522461,1200
2017-04-18 00:00:00+02:00,13.870454974793846,13.870454974793846,13.528749596638281,13.80072021484375,589
2017-04-19 00:00:00+02:00,13.605459127046112,13.668221473693848,13.605459127046112,13.668221473693848,779
2017-04-20 00:00:00+02:00,13.633352371177281,13.633352371177281,13.598484992980957,13.598484992980957,453
2017-04-21 00:00:00+02:00,13.598484992980957,13.598484992980957,13.598484992980957,13.598484992980957,0
2017-04-24 00:00:00+02:00,13.605457626514307,13.737956047058105,13.605457626514307,13.737956047058105,153
2017-04-25 00:00:00+02:00,13.528750151362791,13.730984687805176,13.528750151362791,13.730984687805176,825
2017-04-26 00:00:00+02:00,13.528749382400145,13.605459213256836,13.528749382400145,13.605459213256836,1252
2017-04-27 00:00:00+02:00,13.912295727021457,14.64452125787306,13.912295727021457,13.940189361572266,19576
2017-04-28 00:00:00+02:00,14.288871385358341,14.288871385358341,13.814667529272553,14.260977745056152,168
2017-05-02 00:00:00+02:00,14.260977935548565,14.470184895978376,14.260977935548565,14.4004487991333,645
2017-05-04 00:00:00+02:00,13.94716492558636,14.086637106884343,13.94716492558636,14.016901016235352,1542
2017-05-05 00:00:00+02:00,14.023874758310779,14.023874758310779,14.016901016235352,14.016901016235352,100
2017-05-08 00:00:00+02:00,14.086637694019519,14.22610855102539,14.016901600463907,14.22610855102539,269
2017-05-09 00:00:00+02:00,14.226107075669736,14.226107075669736,13.954137802124023,13.954137802124023,134
2017-05-10 00:00:00+02:00,14.016901016235352,14.016901016235352,13.94716492558636,14.016901016235352,1286
2017-05-11 00:00:00+02:00,13.961111766663091,14.149398803710938,13.961111766663091,14.149398803710938,732
2017-05-12 00:00:00+02:00,14.051767610129984,14.051767610129984,13.891375541687012,13.891375541687012,1031
2017-05-15 00:00:00+02:00,13.947164535522461,13.947164535522461,13.947164535522461,13.947164535522461,200
2017-05-16 00:00:00+02:00,14.121504092216492,14.121504092216492,13.947164535522461,13.947164535522461,1806
2017-05-17 00:00:00+02:00,13.947164535522461,13.947164535522461,13.898349672464974,13.947164535522461,277
2017-05-18 00:00:00+02:00,13.874903608376604,14.019433021545408,13.80263821261831,14.01943302154541,1047
2017-05-19 00:00:00+02:00,14.012201039909373,14.08446640831209,13.867671681451194,14.004974365234375,1056
2017-05-22 00:00:00+02:00,13.845993041992188,13.845993041992188,13.845993041992188,13.845993041992188,103
2017-05-23 00:00:00+02:00,13.874900238202784,13.990524291992188,13.838766859926443,13.990524291992188,2181
2017-05-24 00:00:00+02:00,14.004976264955278,14.019429616265816,13.990524291992188,13.990524291992188,442
2017-05-25 00:00:00+02:00,13.838768114842528,14.250679016113281,13.838768114842528,14.250679016113281,31
2017-05-26 00:00:00+02:00,14.257906653433164,14.257906653433164,13.838769047601168,13.947166442871094,463
2017-05-29 00:00:00+02:00,13.947166442871094,13.947166442871094,13.947166442871094,13.947166442871094,4
2017-05-30 00:00:00+02:00,13.947166442871094,14.091697222129435,13.838769047601168,13.947166442871094,4011
2017-05-31 00:00:00+02:00,14.091694831848146,14.091694831848146,13.947164077105603,14.091694831848145,1915
2017-06-01 00:00:00+02:00,14.09169590324179,14.12060260772705,14.09169590324179,14.12060260772705,365
2017-06-02 00:00:00+02:00,14.091694831848146,14.091694831848146,14.091694831848146,14.091694831848145,7976
2017-06-05 00:00:00+02:00,14.091694831848146,14.091694831848146,14.091694831848146,14.091694831848145,380
2017-06-06 00:00:00+02:00,14.091693740286424,14.127825736999512,14.091693740286424,14.127825736999512,158
2017-06-07 00:00:00+02:00,14.091694831848146,14.091694831848146,14.091694831848146,14.091694831848145,3185
2017-06-08 00:00:00+02:00,14.091694831848146,14.091694831848146,14.091694831848146,14.091694831848145,0
2017-06-09 00:00:00+02:00,14.091694831848146,14.091694831848146,14.091694831848146,14.091694831848145,933
2017-06-12 00:00:00+02:00,14.091694831848146,14.098921507420016,13.85322005136615,14.091694831848145,4612
2017-06-13 00:00:00+02:00,14.091694831848146,14.091694831848146,14.091694831848146,14.091694831848145,5370
2017-06-14 00:00:00+02:00,14.091694831848146,14.091694831848146,13.947164077105603,14.091694831848145,3980
2017-06-15 00:00:00+02:00,14.091694831848146,14.091694831848146,14.091694831848146,14.091694831848145,0
2017-06-16 00:00:00+02:00,14.127825736999512,14.127825736999512,14.127825736999512,14.127825736999512,51
2017-06-19 00:00:00+02:00,14.091694831848146,14.091694831848146,14.091694831848146,14.091694831848145,40
2017-06-20 00:00:00+02:00,14.091694831848146,14.091694831848146,14.091694831848146,14.091694831848145,0
2017-06-21 00:00:00+02:00,14.091694831848146,14.236225586590688,14.091694831848146,14.091694831848145,807
2017-06-22 00:00:00+02:00,13.983297454964953,14.091694831848146,13.983297454964953,14.091694831848145,110
2017-06-23 00:00:00+02:00,14.091694831848146,14.091694831848146,14.091694831848146,14.091694831848145,0
2017-06-26 00:00:00+02:00,14.163960456848145,14.163960456848145,14.163960456848145,14.163960456848145,520
2017-06-27 00:00:00+02:00,14.163960456848145,14.163960456848145,14.019429699578769,14.163960456848145,423
2017-06-28 00:00:00+02:00,13.947167625787117,14.019433021545408,13.947167625787117,14.01943302154541,1618
2017-06-29 00:00:00+02:00,14.16396174549829,14.344624519348145,14.16396174549829,14.344624519348145,5906
2017-06-30 00:00:00+02:00,14.43134052936283,14.43134052936283,14.026656339720846,14.308489799499512,2486
2017-07-03 00:00:00+02:00,14.453020095825195,14.453020095825195,14.453020095825195,14.453020095825195,221
2017-07-04 00:00:00+02:00,14.453020556402516,14.453020556402516,14.308489799499512,14.308489799499512,203
2017-07-05 00:00:00+02:00,14.308489799499512,14.308489799499512,14.308489799499512,14.308489799499512,25
2017-07-06 00:00:00+02:00,14.308489799499512,14.308489799499512,14.308489799499512,14.308489799499512,104
2017-07-07 00:00:00+02:00,14.308489799499512,14.308489799499512,14.308489799499512,14.308489799499512,0
2017-07-10 00:00:00+02:00,14.308489799499512,14.308489799499512,14.308489799499512,14.308489799499512,0
2017-07-11 00:00:00+02:00,13.94716453984557,14.301264762878418,13.94716453984557,14.301264762878418,161
2017-07-12 00:00:00+02:00,14.308489799499512,14.308489799499512,14.308489799499512,14.308489799499512,50
2017-07-13 00:00:00+02:00,14.272359848022461,14.272359848022461,14.272359848022461,14.272359848022461,270
2017-07-14 00:00:00+02:00,14.272359848022461,14.272359848022461,14.272359848022461,14.272359848022461,0
2017-07-17 00:00:00+02:00,13.98329767790722,14.228999137878418,13.954390975158866,14.228999137878418,157
2017-07-18 00:00:00+02:00,14.091694831848146,14.091694831848146,14.091694831848146,14.091694831848145,184
2017-07-19 00:00:00+02:00,14.091694831848146,14.091694831848146,14.091694831848146,14.091694831848145,11
2017-07-20 00:00:00+02:00,14.091694831848146,14.091694831848146,14.091694831848146,14.091694831848145,500
2017-07-21 00:00:00+02:00,14.084468156276275,14.091694831848146,14.084468156276275,14.091694831848145,73
2017-07-24 00:00:00+02:00,14.084467887878418,14.084467887878418,14.084467887878418,14.084467887878418,3
2017-07-25 00:00:00+02:00,13.954393119668778,13.954393119668778,13.947166442871094,13.947166442871094,705
2017-07-26 00:00:00+02:00,13.73037052154541,13.94716529423079,13.73037052154541,13.73037052154541,223
2017-07-27 00:00:00+02:00,13.73037052154541,13.73037052154541,13.73037052154541,13.73037052154541,196
2017-07-28 00:00:00+02:00,13.730371652331245,13.947166442871094,13.730371652331245,13.947166442871094,327
2017-07-31 00:00:00+02:00,13.730371261992746,13.730371261992746,13.029400172717208,13.578615188598633,571
2017-08-01 00:00:00+02:00,13.123344796359541,13.47744369506836,13.123344796359541,13.47744369506836,175
2017-08-02 00:00:00+02:00,13.166701995899421,13.166701995899421,12.935453874092904,13.145023345947266,4669
2017-08-03 00:00:00+02:00,13.434083966386497,13.434083966386497,13.36904525756836,13.36904525756836,103
2017-08-04 00:00:00+02:00,13.137798214855717,13.347366333007812,13.00772078645553,13.347366333007812,7818
2017-08-07 00:00:00+02:00,13.419630336574826,13.874901288900698,13.419630336574826,13.73037052154541,9547
2017-08-08 00:00:00+02:00,13.73036819850224,13.874898941404348,13.73036819850224,13.744821548461914,496
2017-08-09 00:00:00+02:00,13.874900096120449,13.874900096120449,13.593065261840822,13.59306526184082,743
2017-08-10 00:00:00+02:00,13.60029291037807,13.60029291037807,13.513575553894045,13.513575553894043,900
2017-08-11 00:00:00+02:00,13.41240393733126,13.41240393733126,13.36904525756836,13.36904525756836,3173
2017-08-14 00:00:00+02:00,13.369044094544963,13.369044094544963,13.152249336242676,13.152249336242676,239
2017-08-15 00:00:00+02:00,13.152249336242676,13.152249336242676,13.152249336242676,13.152249336242676,0
2017-08-16 00:00:00+02:00,13.159475594257197,13.166702270507814,13.159475594257197,13.166702270507812,247
2017-08-17 00:00:00+02:00,13.18838447671371,13.18838447671371,13.173931121826172,13.173931121826172,198
2017-08-18 00:00:00+02:00,13.173931121826172,13.173931121826172,13.173931121826172,13.173931121826172,0
2017-08-21 00:00:00+02:00,13.173931121826172,13.173931121826172,13.173931121826172,13.173931121826172,367
2017-08-22 00:00:00+02:00,13.173931121826172,13.369047277764583,13.173931121826172,13.173931121826172,10078
2017-08-23 00:00:00+02:00,13.022173346609836,13.079985380336337,13.007719993591309,13.007719993591309,23363
2017-08-24 00:00:00+02:00,13.152249705914016,13.267873764038086,13.152249705914016,13.267873764038086,956
2017-08-25 00:00:00+02:00,13.369045016434816,13.73037055741954,13.224514248701905,13.29677963256836,1725
2017-08-28 00:00:00+02:00,13.36904525756836,13.36904525756836,13.231741163580335,13.36904525756836,1341
2017-08-29 00:00:00+02:00,13.564160574320976,13.715916633605955,13.513575221225981,13.715916633605957,951
2017-08-30 00:00:00+02:00,13.73037052154541,13.73037052154541,13.549707751525077,13.73037052154541,1053
2017-08-31 00:00:00+02:00,13.70146310960485,13.802635192871094,13.70146310960485,13.802635192871094,665
2017-09-01 00:00:00+02:00,13.56416007867142,13.56416007867142,13.556933403015137,13.556933403015137,724
2017-09-04 00:00:00+02:00,13.564160622055548,13.730370033766158,13.513575268782535,13.58583927154541,2545
2017-09-05 00:00:00+02:00,13.405176549054293,13.441309928894043,13.405176549054293,13.441309928894043,30
2017-09-06 00:00:00+02:00,13.650879859924316,13.650879859924316,13.621974530501017,13.650879859924316,289
2017-09-07 00:00:00+02:00,13.405177260979512,13.405177260979512,13.231741163580335,13.36904525756836,768
2017-09-08 00:00:00+02:00,13.441309928894043,13.441309928894043,13.441309928894043,13.441309928894043,2
2017-09-11 00:00:00+02:00,13.434082984924316,13.434082984924316,13.434082984924316,13.434082984924316,81
2017-09-12 00:00:00+02:00,13.397953409387663,13.397953409387663,13.02217446861409,13.224515914916992,5482
2017-09-13 00:00:00+02:00,12.906549992977515,13.282327543809046,12.71866052838791,12.935455322265625,20433
2017-09-14 00:00:00+02:00,12.935453929434777,12.935453929434777,12.646393775939941,12.646393775939941,15767
2017-09-15 00:00:00+02:00,13.007718547337502,13.007718547337502,12.718658410843938,12.863187789916992,1839
2017-09-18 00:00:00+02:00,12.827055677665934,12.827055677665934,12.306747436523438,12.306747436523438,3855
2017-09-19 00:00:00+02:00,12.58858100483497,12.863187789916992,12.299520868341405,12.863187789916992,2679
2017-09-20 00:00:00+02:00,12.429596980574557,12.827054454589097,12.429596980574557,12.747562408447266,707
2017-09-21 00:00:00+02:00,12.639167099809129,12.646393775939941,12.639167099809129,12.646393775939941,259
2017-09-22 00:00:00+02:00,12.574127487524665,12.949906349182129,12.574127487524665,12.949906349182129,866
2017-09-25 00:00:00+02:00,12.949907429041767,12.949907429041767,12.610261917114258,12.610261917114258,380
2017-09-26 00:00:00+02:00,12.610261917114258,12.610261917114258,12.610261917114258,12.610261917114258,1
2017-09-27 00:00:00+02:00,12.935453168627248,12.935453168627248,12.863187789916992,12.863187789916992,268
2017-09-28 00:00:00+02:00,12.509091110242107,12.509091110242107,12.501864433288576,12.501864433288574,2045
2017-09-29 00:00:00+02:00,12.494637854400741,12.610261917114258,12.494637854400741,12.610261917114258,1527
2017-10-02 00:00:00+02:00,12.718658178869864,12.718658178869864,12.335652643534322,12.711431503295898,54
2017-10-03 00:00:00+02:00,12.711431503295898,12.711431503295898,12.711431503295898,12.711431503295898,0
2017-10-04 00:00:00+02:00,12.711431503295898,12.711431503295898,12.39346466977861,12.711431503295898,226
2017-10-05 00:00:00+02:00,12.64639280147765,12.711431503295898,12.64639280147765,12.711431503295898,240
2017-10-06 00:00:00+02:00,12.711431503295898,12.711431503295898,12.711431503295898,12.711431503295898,95
2017-10-09 00:00:00+02:00,12.704207420349121,12.704207420349121,12.704207420349121,12.704207420349121,87
2017-10-10 00:00:00+02:00,12.711431503295898,12.711431503295898,12.711431503295898,12.711431503295898,78
2017-10-11 00:00:00+02:00,12.711432724671603,12.718659400939941,12.501863247932476,12.718659400939941,2298
2017-10-12 00:00:00+02:00,12.718659400939941,12.718659400939941,12.718659400939941,12.718659400939941,0
2017-10-13 00:00:00+02:00,12.718658178869864,12.718658178869864,12.711431503295898,12.711431503295898,6041
2017-10-16 00:00:00+02:00,12.718659400939941,12.863188791264022,12.718659400939941,12.718659400939941,790
2017-10-17 00:00:00+02:00,12.790925211703831,13.007719993591309,12.790925211703831,13.007719993591309,2427
2017-10-18 00:00:00+02:00,13.13779712770279,13.36904525756836,13.13779712770279,13.36904525756836,1000
2017-10-19 00:00:00+02:00,13.383497858453362,13.58583927154541,13.079984360467789,13.58583927154541,13280
2017-10-20 00:00:00+02:00,13.643651081315914,13.802635192871094,13.23174020746382,13.802635192871094,8784
2017-10-23 00:00:00+02:00,13.723142647767348,14.091694831848146,13.723142647767348,14.091694831848145,1723
2017-10-24 00:00:00+02:00,13.802634991036722,14.019429749363193,13.59306553008667,13.600292205810547,3185
2017-10-25 00:00:00+02:00,13.593068702754039,14.019433021545408,13.593068702754039,14.01943302154541,1145
2017-10-26 00:00:00+02:00,13.766501563531088,14.257904484230021,13.766501563531088,14.163960456848145,9505
2017-10-27 00:00:00+02:00,13.802634907033893,14.308489799499512,13.802634907033893,14.308489799499512,15924
2017-10-30 00:00:00+01:00,14.192865262695957,14.200091938130113,14.084467887878418,14.084467887878418,8195
2017-10-31 00:00:00+01:00,14.091694831848146,14.091694831848146,14.019429454476874,14.091694831848145,1162
2017-11-01 00:00:00+01:00,14.091694831848146,14.091694831848146,14.091694831848146,14.091694831848145,0
2017-11-02 00:00:00+01:00,14.091694831848146,14.091694831848146,14.091694831848146,14.091694831848145,102
2017-11-03 00:00:00+01:00,14.236225128173828,14.236225128173828,14.236225128173828,14.236225128173828,178
2017-11-06 00:00:00+01:00,14.33739628790201,14.33739628790201,14.091694831848146,14.091694831848145,272
2017-11-07 00:00:00+01:00,14.041109481192484,14.091694831848146,14.041109481192484,14.091694831848145,1555
2017-11-08 00:00:00+01:00,14.077245062482488,14.077245062482488,14.019433021545408,14.01943302154541,108
2017-11-09 00:00:00+01:00,14.019433021545408,14.019433021545408,14.019433021545408,14.01943302154541,0
2017-11-10 00:00:00+01:00,13.593065034628115,13.874899864196777,13.593065034628115,13.874899864196777,101
2017-11-13 00:00:00+01:00,13.874900475859457,13.874900475859457,13.585838958087306,13.70868968963623,562
2017-11-14 00:00:00+01:00,13.513576424292552,13.72314453125,13.36904564971336,13.72314453125,227
2017-11-15 00:00:00+01:00,13.36904445951386,13.715916633605955,13.36904445951386,13.715916633605957,470
2017-11-16 00:00:00+01:00,13.585838958087306,13.70868968963623,13.585838958087306,13.70868968963623,259
2017-11-17 00:00:00+01:00,13.70868846712678,13.70868846712678,13.585837746533402,13.701461791992188,899
2017-11-20 00:00:00+01:00,13.658105137867766,13.73037052154541,13.658105137867766,13.73037052154541,272
2017-11-21 00:00:00+01:00,13.658105137867766,13.73037052154541,13.658105137867766,13.73037052154541,51
2017-11-22 00:00:00+01:00,13.73037052154541,13.73037052154541,13.73037052154541,13.73037052154541,0
2017-11-23 00:00:00+01:00,13.65810489654541,13.65810489654541,13.65810489654541,13.65810489654541,30
2017-11-24 00:00:00+01:00,13.658104940816596,13.658104940816596,13.376271464722219,13.513575553894043,202
2017-11-27 00:00:00+01:00,13.506348877795787,13.513575553894045,13.506348877795787,13.513575553894043,1168
2017-11-28 00:00:00+01:00,13.441309928894043,13.513575310226042,13.441309928894043,13.441309928894043,761
2017-11-29 00:00:00+01:00,13.369044547562046,13.441309928894043,13.369044547562046,13.441309928894043,1649
2017-11-30 00:00:00+01:00,13.166701310810147,13.600292205810547,13.166701310810147,13.600292205810547,520
2017-12-01 00:00:00+01:00,13.65810489654541,13.73037027894621,13.65810489654541,13.65810489654541,163
2017-12-04 00:00:00+01:00,13.80263821261831,14.019433021545408,13.658107421101725,14.01943302154541,12754
2017-12-05 00:00:00+01:00,14.236226312080179,16.115117949398478,14.236226312080179,15.941681861877441,28463
2017-12-06 00:00:00+01:00,15.32742725417609,16.0067195892334,15.320201957024794,16.0067195892334,7380
2017-12-07 00:00:00+01:00,16.00672029774613,16.00672029774613,15.826057537323832,15.934454917907715,7772
2017-12-08 00:00:00+01:00,15.934456015991765,15.934456015991765,15.826058627937941,15.898324012756348,1034
2017-12-11 00:00:00+01:00,15.898324012756348,15.898324012756348,15.753793243119535,15.898324012756348,14331
2017-12-12 00:00:00+01:00,15.688755182131874,15.956136703491213,15.688755182131874,15.956136703491211,761
2017-12-13 00:00:00+01:00,15.956134945363482,15.956134945363482,15.826057537323832,15.934454917907715,50876
2017-12-14 00:00:00+01:00,15.89832472950704,15.89832472950704,15.826059341430664,15.826059341430664,1536
2017-12-15 00:00:00+01:00,15.826056748918862,15.934454124102725,15.826056748918862,15.833283424377441,1496
2017-12-18 00:00:00+01:00,15.83328530425454,15.898324012756348,15.6815292366487,15.898324012756348,1580
2017-12-19 00:00:00+01:00,15.717661239884118,15.898324012756348,15.717661239884118,15.898324012756348,204
2017-12-20 00:00:00+01:00,15.898324012756348,15.898324012756348,15.898324012756348,15.898324012756348,0
2017-12-21 00:00:00+01:00,15.898324012756348,15.898324012756348,15.898324012756348,15.898324012756348,300
2017-12-22 00:00:00+01:00,15.536998467011886,15.898324012756348,15.327428988873264,15.898324012756348,3887
2017-12-25 00:00:00+01:00,15.898324012756348,15.898324012756348,15.898324012756348,15.898324012756348,0
2017-12-26 00:00:00+01:00,15.898324012756348,15.898324012756348,15.898324012756348,15.898324012756348,0
2017-12-27 00:00:00+01:00,15.681528436601251,15.862191200256348,15.486412321050349,15.862191200256348,143
2017-12-28 00:00:00+01:00,15.862191200256348,15.862191200256348,15.862191200256348,15.862191200256348,5
2017-12-29 00:00:00+01:00,15.536997272899093,15.891096115112306,15.536997272899093,15.891096115112305,1570
2018-01-01 00:00:00+01:00,15.891096115112306,15.891096115112306,15.891096115112306,15.891096115112305,0
2018-01-02 00:00:00+01:00,15.891096115112306,15.891096115112306,15.891096115112306,15.891096115112305,0
2018-01-03 00:00:00+01:00,15.753792778336564,16.04285430908203,15.609263391311362,16.04285430908203,1780
2018-01-04 00:00:00+01:00,16.04285478239316,16.04285478239316,15.753793243119535,15.898324012756348,311
2018-01-05 00:00:00+01:00,15.753793243119535,15.898324012756348,15.320203690904236,15.898324012756348,2902
2018-01-08 00:00:00+01:00,15.753793716430664,15.753793716430664,15.753793716430664,15.753793716430664,880
2018-01-09 00:00:00+01:00,15.753793716430664,15.753793716430664,15.609264320799143,15.753793716430664,10031
2018-01-10 00:00:00+01:00,15.753793716430664,15.753793716430664,15.753793716430664,15.753793716430664,0
2018-01-11 00:00:00+01:00,15.46473217010498,15.46473217010498,15.46473217010498,15.46473217010498,500
2018-01-12 00:00:00+01:00,15.175670647167795,15.609261512756348,15.031139899189156,15.609261512756348,1283
2018-01-15 00:00:00+01:00,15.609263851830292,15.898324012756348,15.609263851830292,15.898324012756348,60
2018-01-16 00:00:00+01:00,15.753793716430664,15.753793716430664,15.753793716430664,15.753793716430664,14
2018-01-17 00:00:00+01:00,15.753792313982668,15.753792313982668,15.46473217010498,15.46473217010498,235
2018-01-18 00:00:00+01:00,15.46473217010498,15.46473217010498,15.32020278733988,15.46473217010498,489
2018-01-19 00:00:00+01:00,15.175670623779297,15.753790858108134,14.59755038945046,15.175670623779297,5426
2018-01-22 00:00:00+01:00,15.031140327453613,15.175671079550195,15.031140327453613,15.031140327453613,224
2018-01-23 00:00:00+01:00,15.320201395146434,15.609261512756348,15.320201395146434,15.609261512756348,1212
2018-01-24 00:00:00+01:00,15.609264915424472,15.609264915424472,15.320204734802246,15.320204734802246,120
2018-01-25 00:00:00+01:00,15.320201371535187,15.320201371535187,15.031139876023406,15.175670623779297,2513
2018-01-26 00:00:00+01:00,15.320204734802246,15.320204734802246,15.031143175832357,15.320204734802246,4940
2018-01-29 00:00:00+01:00,15.320202845101608,15.320202845101608,14.886611938476562,14.886611938476562,675
2018-01-30 00:00:00+01:00,14.886611938476562,14.886611938476562,14.886611938476562,14.886611938476562,0
2018-01-31 00:00:00+01:00,15.609261512756348,15.609261512756348,15.609261512756348,15.609261512756348,115
2018-02-01 00:00:00+01:00,15.609263812084555,16.3319149017334,15.609263812084555,16.3319149017334,85505
2018-02-02 00:00:00+01:00,16.331914853886953,16.476444244384766,16.331914853886953,16.476444244384766,1741
2018-02-05 00:00:00+01:00,16.187383172589808,16.765504837036133,16.187383172589808,16.765504837036133,8176
2018-02-06 00:00:00+01:00,16.042854741543376,16.3319149017334,15.898323972274579,16.3319149017334,601
2018-02-07 00:00:00+01:00,16.331914461479965,16.331914461479965,15.609263391311362,16.04285430908203,1932
2018-02-08 00:00:00+01:00,16.04285430908203,16.04285430908203,16.04285430908203,16.04285430908203,18
2018-02-09 00:00:00+01:00,15.609263391311362,16.04285430908203,15.609263391311362,16.04285430908203,121
2018-02-12 00:00:00+01:00,16.04285430908203,16.04285430908203,16.04285430908203,16.04285430908203,0
2018-02-13 00:00:00+01:00,15.609263851830292,15.898324012756348,15.609263851830292,15.898324012756348,71
2018-02-14 00:00:00+01:00,15.898324012756348,15.898324012756348,15.609263851830292,15.898324012756348,894
2018-02-15 00:00:00+01:00,15.898324012756348,16.04285478239316,15.898324012756348,15.898324012756348,673
2018-02-16 00:00:00+01:00,15.753792778336564,16.04285430908203,15.320203238913425,16.04285430908203,3086
2018-02-19 00:00:00+01:00,16.04285430908203,16.04285430908203,16.04285430908203,16.04285430908203,22
2018-02-20 00:00:00+01:00,16.04285430908203,16.04285430908203,16.04285430908203,16.04285430908203,0
2018-02-21 00:00:00+01:00,16.04285430908203,16.04285430908203,16.04285430908203,16.04285430908203,0
2018-02-22 00:00:00+01:00,16.04285430908203,16.04285430908203,16.04285430908203,16.04285430908203,555
2018-02-23 00:00:00+01:00,16.04285430908203,16.04285430908203,16.04285430908203,16.04285430908203,0
2018-02-26 00:00:00+01:00,15.898324012756348,15.898324012756348,15.898324012756348,15.898324012756348,580
2018-02-27 00:00:00+01:00,15.898324012756348,15.898324012756348,15.898324012756348,15.898324012756348,0
2018-02-28 00:00:00+01:00,15.898324012756348,15.898324012756348,15.753793243119535,15.898324012756348,709
2018-03-01 00:00:00+01:00,15.898323543709298,16.04285430908203,15.898323543709298,16.04285430908203,180
2018-03-02 00:00:00+01:00,15.898324490409799,16.042855264388933,15.753793716430664,15.753793716430664,522
2018-03-05 00:00:00+01:00,16.04285430908203,16.04285430908203,16.04285430908203,16.04285430908203,272
2018-03-06 00:00:00+01:00,16.042852374785557,16.187381744384766,15.898321626838985,16.187381744384766,450
2018-03-07 00:00:00+01:00,15.898321626838985,16.187381744384766,15.898321626838985,16.187381744384766,216
2018-03-08 00:00:00+01:00,16.042852374785557,16.187381744384766,16.042852374785557,16.187381744384766,152
2018-03-09 00:00:00+01:00,16.04285430908203,16.04285430908203,15.898323543709298,16.04285430908203,666
2018-03-12 00:00:00+01:00,16.04285469454377,16.476444244384766,16.04285469454377,16.476444244384766,6207
2018-03-13 00:00:00+01:00,16.62097501323014,16.62097501323014,16.476444244384766,16.476444244384766,720
2018-03-14 00:00:00+01:00,16.620975494384766,16.620975494384766,16.18738455364434,16.620975494384766,212
2018-03-15 00:00:00+01:00,16.620975061923424,16.620975061923424,16.187384132464604,16.3319149017334,327
2018-03-16 00:00:00+01:00,16.331914853886953,16.476444244384766,16.331914853886953,16.476444244384766,115
2018-03-19 00:00:00+01:00,16.476444244384766,16.476444244384766,16.18738408504158,16.476444244384766,294
2018-03-20 00:00:00+01:00,16.187384132464604,16.3319149017334,16.187384132464604,16.3319149017334,72
2018-03-21 00:00:00+01:00,16.331914943319216,16.47644433460846,15.753793243119535,15.898324012756348,1317
2018-03-22 00:00:00+01:00,15.898323543709298,16.187383696107233,15.898323543709298,16.04285430908203,195
2018-03-23 00:00:00+01:00,16.187381744384766,16.187381744384766,16.187381744384766,16.187381744384766,100
2018-03-26 00:00:00+02:00,16.331914461479965,16.331914461479965,16.04285430908203,16.04285430908203,3052
2018-03-27 00:00:00+02:00,16.04285430908203,16.04285430908203,16.04285430908203,16.04285430908203,0
2018-03-28 00:00:00+02:00,16.331914943319216,16.331914943319216,15.898324012756348,15.898324012756348,3585
2018-03-29 00:00:00+02:00,15.898324012756348,15.898324012756348,15.898324012756348,15.898324012756348,35
2018-03-30 00:00:00+02:00,15.898324012756348,15.898324012756348,15.898324012756348,15.898324012756348,0
2018-04-02 00:00:00+02:00,15.898324012756348,15.898324012756348,15.898324012756348,15.898324012756348,0
2018-04-03 00:00:00+02:00,15.898324012756348,15.898324012756348,15.898324012756348,15.898324012756348,284
2018-04-04 00:00:00+02:00,15.898324012756348,15.898324012756348,15.898324012756348,15.898324012756348,0
2018-04-05 00:00:00+02:00,15.898324012756348,15.898324012756348,15.898324012756348,15.898324012756348,0
2018-04-06 00:00:00+02:00,15.753790878892412,16.187381744384766,15.753790878892412,16.187381744384766,351
2018-04-09 00:00:00+02:00,16.187383696107233,16.187383696107233,16.04285430908203,16.04285430908203,261
2018-04-10 00:00:00+02:00,16.187381744384766,16.187381744384766,16.187381744384766,16.187381744384766,103
2018-04-11 00:00:00+02:00,15.753790878892412,16.187381744384766,15.753790878892412,16.187381744384766,470
2018-04-12 00:00:00+02:00,15.753793243119535,16.187384173682403,15.753793243119535,15.898324012756348,98052
2018-04-13 00:00:00+02:00,15.898324012756348,15.898324012756348,15.898324012756348,15.898324012756348,100100
2018-04-16 00:00:00+02:00,15.898323543709298,16.04285430908203,15.898323543709298,16.04285430908203,1100
2018-04-17 00:00:00+02:00,15.898323543709298,16.04285430908203,15.898323543709298,16.04285430908203,767
2018-04-18 00:00:00+02:00,15.753793203005783,16.3319149017334,15.753793203005783,16.3319149017334,201
2018-04-19 00:00:00+02:00,15.898324012756348,15.898324012756348,15.898324012756348,15.898324012756348,5
2018-04-20 00:00:00+02:00,15.898324012756348,15.898324012756348,15.898324012756348,15.898324012756348,0
2018-04-23 00:00:00+02:00,16.331914943319216,16.331914943319216,15.753793243119535,15.898324012756348,264
2018-04-24 00:00:00+02:00,15.898324012756348,15.898324012756348,15.898324012756348,15.898324012756348,1
2018-04-25 00:00:00+02:00,16.18738408504158,16.476444244384766,16.18738408504158,16.476444244384766,1939
2018-04-26 00:00:00+02:00,16.47644433460846,16.47644433460846,15.898324012756348,15.898324012756348,943
2018-04-27 00:00:00+02:00,16.042852374785557,16.187381744384766,15.753790878892412,16.187381744384766,1411
2018-04-30 00:00:00+02:00,16.187381744384766,16.187381744384766,16.187381744384766,16.187381744384766,549
2018-05-01 00:00:00+02:00,16.187381744384766,16.187381744384766,16.187381744384766,16.187381744384766,0
2018-05-02 00:00:00+02:00,16.187381744384766,16.187381744384766,16.187381744384766,16.187381744384766,589
2018-05-03 00:00:00+02:00,16.187381744384766,16.187381744384766,16.187381744384766,16.187381744384766,0
2018-05-04 00:00:00+02:00,16.187384173682403,16.187384173682403,15.898324012756348,15.898324012756348,37
2018-05-07 00:00:00+02:00,16.04285478239316,16.04285478239316,15.898324012756348,15.898324012756348,15676
2018-05-08 00:00:00+02:00,15.898324012756348,15.898324012756348,15.898324012756348,15.898324012756348,0
2018-05-09 00:00:00+02:00,15.753793716430664,16.042855264388933,15.753793716430664,15.753793716430664,1738
2018-05-10 00:00:00+02:00,15.753793716430664,15.753793716430664,15.753793716430664,15.753793716430664,219
2018-05-11 00:00:00+02:00,15.898324490409799,15.898324490409799,15.753793716430664,15.753793716430664,601
2018-05-14 00:00:00+02:00,15.753793243119535,15.898324012756348,14.742081990704554,15.898324012756348,3117
2018-05-15 00:00:00+02:00,16.04285478239316,16.04285478239316,15.609263851830292,15.898324012756348,353
2018-05-16 00:00:00+02:00,16.04285430908203,16.04285430908203,15.753792778336564,16.04285430908203,350
2018-05-17 00:00:00+02:00,16.187383696107233,16.187383696107233,16.04285430908203,16.04285430908203,71
2018-05-18 00:00:00+02:00,16.042852374785557,16.187381744384766,16.042852374785557,16.187381744384766,1828
2018-05-21 00:00:00+02:00,16.64123565237529,16.64123565237529,16.036100387573242,16.036100387573242,152
2018-05-22 00:00:00+02:00,16.489952087402344,16.489952087402344,16.489952087402344,16.489952087402344,113
2018-05-23 00:00:00+02:00,16.489952087402344,16.489952087402344,16.489952087402344,16.489952087402344,50
2018-05-24 00:00:00+02:00,16.036100387573242,16.036100387573242,16.036100387573242,16.036100387573242,20
2018-05-25 00:00:00+02:00,16.489952087402344,16.489952087402344,16.489952087402344,16.489952087402344,25
2018-05-28 00:00:00+02:00,16.48995128729961,16.64123582646086,16.1873836517334,16.1873836517334,1092
2018-05-29 00:00:00+02:00,16.1873836517334,16.1873836517334,16.1873836517334,16.1873836517334,200
2018-05-30 00:00:00+02:00,16.489952087402344,16.489952087402344,16.489952087402344,16.489952087402344,3
2018-05-31 00:00:00+02:00,16.489952087402344,16.489952087402344,16.489952087402344,16.489952087402344,0
2018-06-01 00:00:00+02:00,16.6412353515625,16.6412353515625,16.489950816718522,16.6412353515625,202
2018-06-04 00:00:00+02:00,16.489952087402344,16.641236633904015,15.279681486414413,16.489952087402344,1124
2018-06-05 00:00:00+02:00,16.489952087402344,16.489952087402344,16.489952087402344,16.489952087402344,55
2018-06-06 00:00:00+02:00,16.489952087402344,16.489952087402344,16.489952087402344,16.489952087402344,87
2018-06-07 00:00:00+02:00,16.489952087402344,16.489952087402344,16.489952087402344,16.489952087402344,0
2018-06-08 00:00:00+02:00,16.489950000493018,16.489950000493018,16.338666915893555,16.338666915893555,41
2018-06-11 00:00:00+02:00,16.187382388537916,16.338666915893555,16.187382388537916,16.338666915893555,4
2018-06-12 00:00:00+02:00,16.338667367931823,16.338667367931823,15.884815216064453,15.884815216064453,190
2018-06-13 00:00:00+02:00,16.1873836517334,16.1873836517334,15.884816016167187,16.1873836517334,263
2018-06-14 00:00:00+02:00,16.1873836517334,16.1873836517334,16.1873836517334,16.1873836517334,50
2018-06-15 00:00:00+02:00,16.1873836517334,16.1873836517334,16.1873836517334,16.1873836517334,0
2018-06-18 00:00:00+02:00,16.1873836517334,16.1873836517334,16.1873836517334,16.1873836517334,0
2018-06-19 00:00:00+02:00,16.1873836517334,16.1873836517334,16.1873836517334,16.1873836517334,0
2018-06-20 00:00:00+02:00,16.1873836517334,16.1873836517334,16.1873836517334,16.1873836517334,0
2018-06-21 00:00:00+02:00,16.1873836517334,16.1873836517334,16.1873836517334,16.1873836517334,0
2018-06-22 00:00:00+02:00,16.1873836517334,16.1873836517334,16.1873836517334,16.1873836517334,0
2018-06-25 00:00:00+02:00,15.582248380600975,16.1873836517334,15.582248380600975,16.1873836517334,1001
2018-06-26 00:00:00+02:00,15.582248217593571,16.036100387573242,15.582248217593571,16.036100387573242,114
2018-06-27 00:00:00+02:00,15.884815216064453,15.884815216064453,15.430963064197082,15.884815216064453,996
2018-06-28 00:00:00+02:00,16.03609974760565,16.03609974760565,15.884815216064453,15.884815216064453,5000
2018-06-29 00:00:00+02:00,15.884815216064453,15.884815216064453,15.884815216064453,15.884815216064453,0
2018-07-02 00:00:00+02:00,15.43096225677029,15.582246780395506,15.43096225677029,15.582246780395508,880
2018-07-03 00:00:00+02:00,15.430963680014921,16.036100387573242,15.430963680014921,16.036100387573242,203
2018-07-04 00:00:00+02:00,16.036100387573242,16.036100387573242,16.036100387573242,16.036100387573242,0
2018-07-05 00:00:00+02:00,16.036100387573242,16.036100387573242,16.036100387573242,16.036100387573242,97
2018-07-06 00:00:00+02:00,16.036100387573242,16.036100387573242,16.036100387573242,16.036100387573242,0
2018-07-09 00:00:00+02:00,15.884816016167187,16.1873836517334,15.884816016167187,16.1873836517334,127
2018-07-10 00:00:00+02:00,15.582246780395506,15.582246780395506,15.582246780395506,15.582246780395508,88
2018-07-11 00:00:00+02:00,16.036100387573242,16.036100387573242,16.036100387573242,16.036100387573242,1
2018-07-12 00:00:00+02:00,15.582246780395506,15.582246780395506,15.582246780395506,15.582246780395508,175
2018-07-13 00:00:00+02:00,15.582248217593571,16.036100387573242,15.582248217593571,16.036100387573242,35
2018-07-16 00:00:00+02:00,16.036100387573242,16.036100387573242,16.036100387573242,16.036100387573242,0
2018-07-17 00:00:00+02:00,15.279679975412105,15.884815216064453,15.279679975412105,15.884815216064453,910
2018-07-18 00:00:00+02:00,15.884815216064453,15.884815216064453,15.733530684523258,15.884815216064453,430
2018-07-19 00:00:00+02:00,15.884815216064453,15.884815216064453,15.884815216064453,15.884815216064453,0
2018-07-20 00:00:00+02:00,15.884815216064453,15.884815216064453,15.884815216064453,15.884815216064453,0
2018-07-23 00:00:00+02:00,15.884815216064453,15.884815216064453,15.884815216064453,15.884815216064453,13
2018-07-24 00:00:00+02:00,15.430963516235352,15.430963516235352,15.430963516235352,15.430963516235352,33
2018-07-25 00:00:00+02:00,16.1873836517334,16.1873836517334,16.1873836517334,16.1873836517334,100
2018-07-26 00:00:00+02:00,16.1873836517334,16.1873836517334,16.1873836517334,16.1873836517334,40
2018-07-27 00:00:00+02:00,16.1873836517334,16.1873836517334,16.1873836517334,16.1873836517334,46
2018-07-30 00:00:00+02:00,16.1873836517334,16.1873836517334,16.1873836517334,16.1873836517334,0
2018-07-31 00:00:00+02:00,15.733531477005934,16.1873836517334,15.582248380600975,16.1873836517334,3146
2018-08-01 00:00:00+02:00,16.1873836517334,16.1873836517334,16.1873836517334,16.1873836517334,0
2018-08-02 00:00:00+02:00,16.1873836517334,16.1873836517334,16.1873836517334,16.1873836517334,0
2018-08-03 00:00:00+02:00,16.187383189786818,16.6412353515625,16.187383189786818,16.6412353515625,980
2018-08-06 00:00:00+02:00,16.6412353515625,16.6412353515625,16.6412353515625,16.6412353515625,0
2018-08-07 00:00:00+02:00,16.489952087402344,16.489952087402344,16.18738443715536,16.489952087402344,138
2018-08-08 00:00:00+02:00,16.1873836517334,16.1873836517334,16.1873836517334,16.1873836517334,12
2018-08-09 00:00:00+02:00,15.884815216064453,16.4899504567168,15.884815216064453,15.884815216064453,381
2018-08-10 00:00:00+02:00,15.884815216064453,16.338667367931823,15.884815216064453,15.884815216064453,569
2018-08-13 00:00:00+02:00,15.884815216064453,15.884815216064453,15.884815216064453,15.884815216064453,142
2018-08-14 00:00:00+02:00,16.338666915893555,16.338666915893555,15.73353024922717,16.338666915893555,9
2018-08-15 00:00:00+02:00,16.338666915893555,16.338666915893555,16.338666915893555,16.338666915893555,0
2018-08-16 00:00:00+02:00,16.338666915893555,16.338666915893555,16.338666915893555,16.338666915893555,8
2018-08-17 00:00:00+02:00,16.338666915893555,16.338666915893555,16.338666915893555,16.338666915893555,0
2018-08-20 00:00:00+02:00,16.338666915893555,16.338666915893555,16.338666915893555,16.338666915893555,0
2018-08-21 00:00:00+02:00,16.338666915893555,16.338666915893555,16.338666915893555,16.338666915893555,0
2018-08-22 00:00:00+02:00,15.884814776582811,16.338666915893555,15.884814776582811,16.338666915893555,105
2018-08-23 00:00:00+02:00,15.884816016167187,16.1873836517334,15.884816016167187,16.1873836517334,515
2018-08-24 00:00:00+02:00,16.1873836517334,16.1873836517334,16.1873836517334,16.1873836517334,0
2018-08-27 00:00:00+02:00,16.1873836517334,16.1873836517334,16.1873836517334,16.1873836517334,0
2018-08-28 00:00:00+02:00,16.1873836517334,16.1873836517334,16.1873836517334,16.1873836517334,46
2018-08-29 00:00:00+02:00,16.03610055532844,16.1873836517334,16.03610055532844,16.1873836517334,105
2018-08-30 00:00:00+02:00,16.1873836517334,16.1873836517334,16.1873836517334,16.1873836517334,8
2018-08-31 00:00:00+02:00,15.733531477005934,16.1873836517334,15.733531477005934,16.1873836517334,136
2018-09-03 00:00:00+02:00,16.1873836517334,16.1873836517334,16.1873836517334,16.1873836517334,0
2018-09-04 00:00:00+02:00,16.1873836517334,16.1873836517334,16.1873836517334,16.1873836517334,0
2018-09-05 00:00:00+02:00,15.733530044555664,15.733530044555664,15.733530044555664,15.733530044555664,1256
2018-09-06 00:00:00+02:00,15.884815216064453,15.884815216064453,15.430963064197082,15.884815216064453,545
2018-09-07 00:00:00+02:00,15.279679975412105,15.884815216064453,15.279679975412105,15.884815216064453,499
2018-09-10 00:00:00+02:00,15.12839482851743,15.733530044555664,13.615555345665687,15.733530044555664,5047
2018-09-11 00:00:00+02:00,15.279678645263449,15.279678645263449,15.12839412689209,15.12839412689209,10644
2018-09-12 00:00:00+02:00,15.12839412689209,15.12839412689209,15.12839412689209,15.12839412689209,51
2018-09-13 00:00:00+02:00,14.977110862731934,14.977110862731934,14.977110862731934,14.977110862731934,60
2018-09-14 00:00:00+02:00,14.977110049307605,14.977110049307605,14.750184707828087,14.901469230651855,10374
2018-09-17 00:00:00+02:00,14.523261396387074,14.523261396387074,14.371976852416992,14.371976852416992,180
2018-09-18 00:00:00+02:00,14.371976852416992,14.371976852416992,14.371976852416992,14.371976852416992,615
2018-09-19 00:00:00+02:00,14.371976852416992,14.371976852416992,14.371976852416992,14.371976852416992,0
2018-09-20 00:00:00+02:00,14.825826644897461,14.825826644897461,14.825826644897461,14.825826644897461,29
2018-09-21 00:00:00+02:00,14.825826644897461,14.825826644897461,14.825826644897461,14.825826644897461,6
2018-09-24 00:00:00+02:00,14.825826644897461,14.825826644897461,14.825826644897461,14.825826644897461,0
2018-09-25 00:00:00+02:00,14.825826644897461,14.825826644897461,14.825826644897461,14.825826644897461,0
2018-09-26 00:00:00+02:00,14.825826644897461,14.825826644897461,14.825826644897461,14.825826644897461,32
2018-09-27 00:00:00+02:00,14.750184385140393,14.825826644897461,14.750184385140393,14.825826644897461,159
2018-09-28 00:00:00+02:00,14.825826969239971,14.901469230651855,14.825826969239971,14.901469230651855,230
2018-10-01 00:00:00+02:00,14.901471800151866,14.901471800151866,14.371977321722685,14.598902702331543,10310
2018-10-02 00:00:00+02:00,14.598902702331543,14.598902702331543,14.598902702331543,14.598902702331543,0
2018-10-03 00:00:00+02:00,14.901469538769257,14.901469538769257,14.750185012817383,14.750185012817383,190
2018-10-04 00:00:00+02:00,14.750188522735842,14.750188522735842,14.674546241760252,14.674546241760254,177
2018-10-05 00:00:00+02:00,14.674542125383324,14.825826644897461,14.674542125383324,14.825826644897461,296
2018-10-08 00:00:00+02:00,14.674546241760252,14.674546241760252,14.674546241760252,14.674546241760254,36
2018-10-09 00:00:00+02:00,14.447617530822754,14.447617530822754,14.447617530822754,14.447617530822754,5
2018-10-10 00:00:00+02:00,14.447617530822754,14.447617530822754,14.447617530822754,14.447617530822754,9
2018-10-11 00:00:00+02:00,14.825827406274888,14.825827406274888,14.447617530822754,14.447617530822754,145
2018-10-12 00:00:00+02:00,14.523263122565584,14.674546241760252,14.523263122565584,14.674546241760254,652
2018-10-15 00:00:00+02:00,14.598902702331543,14.598902702331543,14.598902702331543,14.598902702331543,171
2018-10-16 00:00:00+02:00,14.59890018500432,14.901469230651855,14.52325936634857,14.901469230651855,5467
2018-10-17 00:00:00+02:00,14.901469230651855,14.901469230651855,14.901469230651855,14.901469230651855,5
2018-10-18 00:00:00+02:00,14.825829029151944,15.052754402160645,14.825829029151944,15.052754402160645,578
2018-10-19 00:00:00+02:00,15.12839412689209,15.12839412689209,15.12839412689209,15.12839412689209,15
2018-10-22 00:00:00+02:00,15.12839412689209,15.12839412689209,15.12839412689209,15.12839412689209,0
2018-10-23 00:00:00+02:00,14.977110862731934,14.977110862731934,14.977110862731934,14.977110862731934,48
2018-10-24 00:00:00+02:00,14.977110862731934,14.977110862731934,14.977110862731934,14.977110862731934,18
2018-10-25 00:00:00+02:00,14.977109608520733,15.12839412689209,14.750184273719789,15.12839412689209,104
2018-10-26 00:00:00+02:00,15.12839412689209,15.12839412689209,15.12839412689209,15.12839412689209,0
2018-10-29 00:00:00+01:00,14.523261870632847,15.052754906305642,14.523261870632847,14.598902702331543,1416
2018-10-30 00:00:00+01:00,14.598902702331543,14.598902702331543,14.598902702331543,14.598902702331543,0
2018-10-31 00:00:00+01:00,15.052754402160645,15.052754402160645,15.052754402160645,15.052754402160645,133
2018-11-01 00:00:00+01:00,15.052754402160645,15.052754402160645,15.052754402160645,15.052754402160645,0
2018-11-02 00:00:00+01:00,15.12839412689209,15.12839412689209,14.59889975534843,15.12839412689209,53
2018-11-05 00:00:00+01:00,15.12839412689209,15.12839412689209,15.12839412689209,15.12839412689209,0
2018-11-06 00:00:00+01:00,15.128395393772141,15.128395393772141,14.59890097788763,14.977110862731934,672
2018-11-07 00:00:00+01:00,14.67454201453411,15.12839412689209,14.67454201453411,15.12839412689209,11
2018-11-08 00:00:00+01:00,15.12839412689209,15.12839412689209,15.12839412689209,15.12839412689209,0
2018-11-09 00:00:00+01:00,15.12839412689209,15.12839412689209,15.12839412689209,15.12839412689209,0
2018-11-12 00:00:00+01:00,15.12839412689209,15.12839412689209,15.12839412689209,15.12839412689209,0
2018-11-13 00:00:00+01:00,14.977110049307605,14.977110049307605,14.901469230651855,14.901469230651855,24
2018-11-14 00:00:00+01:00,14.674544976786624,14.674544976786624,14.598902702331543,14.598902702331543,864
2018-11-15 00:00:00+01:00,14.598902702331543,14.598902702331543,14.598902702331543,14.598902702331543,40
2018-11-16 00:00:00+01:00,14.52325936634857,14.901469230651855,14.52325936634857,14.901469230651855,155
2018-11-19 00:00:00+01:00,14.901469230651855,14.901469230651855,14.901469230651855,14.901469230651855,0
2018-11-20 00:00:00+01:00,14.901469230651855,14.901469230651855,14.901469230651855,14.901469230651855,25
2018-11-21 00:00:00+01:00,14.447617530822754,14.447617530822754,14.447617530822754,14.447617530822754,95
2018-11-22 00:00:00+01:00,14.523260116577148,14.523260116577148,14.220691055299792,14.523260116577148,104
2018-11-23 00:00:00+01:00,14.371976852416992,14.371976852416992,14.371976852416992,14.371976852416992,91
2018-11-26 00:00:00+01:00,14.29633394955526,14.29633394955526,14.220691680908203,14.220691680908203,213
2018-11-27 00:00:00+01:00,14.220691680908203,14.220691680908203,14.220691680908203,14.220691680908203,0
2018-11-28 00:00:00+01:00,14.145053160444153,14.674546241760252,14.145053160444153,14.674546241760254,18
2018-11-29 00:00:00+01:00,14.750185012817383,14.750185012817383,14.750185012817383,14.750185012817383,100
2018-11-30 00:00:00+01:00,14.750185012817383,14.750185012817383,14.750185012817383,14.750185012817383,0
2018-12-03 00:00:00+01:00,14.75018676958586,14.75018676958586,14.371976852416992,14.371976852416992,395
2018-12-04 00:00:00+01:00,14.22069230844691,14.371976852416992,14.22069230844691,14.371976852416992,80
2018-12-05 00:00:00+01:00,14.371976852416992,14.371976852416992,14.371976852416992,14.371976852416992,0
2018-12-06 00:00:00+01:00,14.220691680908203,14.220691680908203,14.220691680908203,14.220691680908203,443473
2018-12-07 00:00:00+01:00,14.296335047267606,14.598902702331543,14.296335047267606,14.598902702331543,421
2018-12-10 00:00:00+01:00,14.598901581387212,14.598901581387212,14.220691680908203,14.220691680908203,600
2018-12-11 00:00:00+01:00,14.220691829181904,14.220691829181904,14.145051002502443,14.145051002502441,186
2018-12-12 00:00:00+01:00,14.14505068448315,14.825828208586584,14.069408416748047,14.069408416748047,844
2018-12-13 00:00:00+01:00,14.220690614741985,14.750185012817383,13.993765268570337,14.750185012817383,6893
2018-12-14 00:00:00+01:00,14.901470986505329,14.977111814073902,14.2963342666626,14.296334266662598,9622
2018-12-17 00:00:00+01:00,15.12839412689209,15.430961720878715,14.59889975534843,15.12839412689209,31297
2018-12-18 00:00:00+01:00,14.75018676958586,14.901471313555941,14.296334580431951,14.371976852416992,18960
2018-12-19 00:00:00+01:00,14.8258290415709,14.8258290415709,14.069409207233164,14.371976852416992,17496
2018-12-20 00:00:00+01:00,14.371976852416992,14.674544497600818,14.069409207233164,14.371976852416992,15885
2018-12-21 00:00:00+01:00,14.37197558593847,14.523260116577148,14.220691055299792,14.523260116577148,20230
2018-12-24 00:00:00+01:00,14.523260116577148,14.523260116577148,14.523260116577148,14.523260116577148,0
2018-12-25 00:00:00+01:00,14.523260116577148,14.523260116577148,14.523260116577148,14.523260116577148,0
2018-12-26 00:00:00+01:00,14.523260116577148,14.523260116577148,14.523260116577148,14.523260116577148,0
2018-12-27 00:00:00+01:00,15.12839412689209,15.12839412689209,14.145049085746543,15.12839412689209,45750
2018-12-28 00:00:00+01:00,14.67454201453411,15.12839412689209,14.371974420547486,15.12839412689209,99288
2018-12-31 00:00:00+01:00,15.12839412689209,15.12839412689209,15.12839412689209,15.12839412689209,0
2019-01-01 00:00:00+01:00,15.12839412689209,15.12839412689209,15.12839412689209,15.12839412689209,0
2019-01-02 00:00:00+01:00,15.12839412689209,15.12839412689209,15.12839412689209,15.12839412689209,780
2019-01-03 00:00:00+01:00,15.582246780395506,15.582246780395506,15.582246780395506,15.582246780395508,5
2019-01-04 00:00:00+01:00,15.279680252075195,15.279680252075195,15.279680252075195,15.279680252075195,3
2019-01-07 00:00:00+01:00,15.279679175901215,15.582246780395506,15.128394652275999,15.582246780395508,2595
2019-01-08 00:00:00+01:00,15.884815503684486,15.884815503684486,15.279680252075195,15.279680252075195,70
2019-01-09 00:00:00+01:00,15.582247595738279,15.884815216064453,15.582247595738279,15.884815216064453,346
2019-01-10 00:00:00+01:00,15.582247595738279,15.884815216064453,15.582247595738279,15.884815216064453,80
2019-01-11 00:00:00+01:00,15.884814569943302,15.884814569943302,15.430962436536548,15.733530044555664,245
2019-01-14 00:00:00+01:00,15.884815216064453,15.884815216064453,15.884815216064453,15.884815216064453,79
2019-01-15 00:00:00+01:00,15.884815216064453,15.884815216064453,15.733530684523258,15.884815216064453,2129
2019-01-16 00:00:00+01:00,15.884815216064453,15.884815216064453,15.884815216064453,15.884815216064453,11
2019-01-17 00:00:00+01:00,15.733531312415945,16.036100387573242,15.733531312415945,16.036100387573242,184
2019-01-18 00:00:00+01:00,15.884815503684486,15.884815503684486,15.279680252075195,15.279680252075195,1000
2019-01-21 00:00:00+01:00,15.73352986126458,15.73352986126458,15.582246780395506,15.582246780395508,278
2019-01-22 00:00:00+01:00,15.279678645263449,15.279678645263449,15.12839412689209,15.12839412689209,430
2019-01-23 00:00:00+01:00,15.43096225677029,15.582246780395506,15.43096225677029,15.582246780395508,110
2019-01-24 00:00:00+01:00,15.43096225677029,15.582246780395506,15.43096225677029,15.582246780395508,48
2019-01-25 00:00:00+01:00,15.582246961924186,15.884814569943302,15.582246961924186,15.733530044555664,1362
2019-01-28 00:00:00+01:00,15.430963516235352,15.430963516235352,15.052753619059208,15.430963516235352,2401
2019-01-29 00:00:00+01:00,15.128396674082323,15.128396674082323,15.052754402160645,15.052754402160645,45
2019-01-30 00:00:00+01:00,15.430964319012702,15.430964319012702,15.052754402160645,15.052754402160645,118
2019-01-31 00:00:00+01:00,15.052752310719487,15.052752310719487,14.825826969239971,14.901469230651855,1757
2019-02-01 00:00:00+01:00,14.90146890465453,14.90146890465453,14.825826644897461,14.825826644897461,669
2019-02-04 00:00:00+01:00,14.825826969239971,14.901469230651855,14.825826969239971,14.901469230651855,2334
2019-02-05 00:00:00+01:00,14.825829029151944,15.052754402160645,14.825829029151944,15.052754402160645,17000
2019-02-06 00:00:00+01:00,15.27968042301865,15.430963516235352,15.27968042301865,15.430963516235352,201
2019-02-07 00:00:00+01:00,15.279681217925681,15.430964319012702,15.052754402160645,15.052754402160645,142
2019-02-08 00:00:00+01:00,15.430963516235352,15.430963516235352,15.430963516235352,15.430963516235352,1
2019-02-11 00:00:00+01:00,15.430963516235352,15.430963516235352,15.430963516235352,15.430963516235352,3
2019-02-12 00:00:00+01:00,15.43096301309634,15.43096301309634,14.977110862731934,14.977110862731934,1150
2019-02-13 00:00:00+01:00,14.977112130238964,15.430964319012702,14.750186757230265,15.052754402160645,609
2019-02-14 00:00:00+01:00,15.052754402160645,15.052754402160645,15.052754402160645,15.052754402160645,0
2019-02-15 00:00:00+01:00,15.430963516235352,15.430963516235352,15.430963516235352,15.430963516235352,105
2019-02-18 00:00:00+01:00,15.430963516235352,15.430963516235352,15.430963516235352,15.430963516235352,0
2019-02-19 00:00:00+01:00,15.430963516235352,15.430963516235352,15.430963516235352,15.430963516235352,0
2019-02-20 00:00:00+01:00,15.430963516235352,15.430963516235352,15.430963516235352,15.430963516235352,0
2019-02-21 00:00:00+01:00,15.052753128252037,15.052753128252037,14.977110862731934,14.977110862731934,325
2019-02-22 00:00:00+01:00,14.977110862731934,14.977110862731934,14.977110862731934,14.977110862731934,139
2019-02-25 00:00:00+01:00,15.279680252075195,15.279680252075195,15.279680252075195,15.279680252075195,179
2019-02-26 00:00:00+01:00,15.12839412689209,15.12839412689209,15.12839412689209,15.12839412689209,25
2019-02-27 00:00:00+01:00,15.12839620587351,16.1873836517334,15.12839620587351,16.1873836517334,7286
2019-02-28 00:00:00+01:00,15.884815562855113,16.6412353515625,15.733531028011136,16.6412353515625,2245
2019-03-01 00:00:00+01:00,16.187385287116385,17.39765739440918,15.884817620982295,17.39765739440918,13736
2019-03-04 00:00:00+01:00,17.39765739440918,18.00279272667736,17.39765739440918,17.39765739440918,2214
2019-03-05 00:00:00+01:00,17.548938929718915,17.70022201538086,17.39765440130078,17.70022201538086,194
2019-03-06 00:00:00+01:00,17.246369697462,17.548938751220703,17.246369697462,17.548938751220703,230
2019-03-07 00:00:00+01:00,17.095087226006772,17.54893938015418,17.095087226006772,17.246370315551758,572
2019-03-08 00:00:00+01:00,17.700224801844247,18.607929229736328,17.700224801844247,18.607929229736328,4294
2019-03-11 00:00:00+01:00,18.002790451049805,18.607927149582626,18.002790451049805,18.002790451049805,375
2019-03-12 00:00:00+01:00,18.002790451049805,18.607927149582626,18.002790451049805,18.002790451049805,467
2019-03-13 00:00:00+01:00,18.002790451049805,18.002790451049805,18.002790451049805,18.002790451049805,0
2019-03-14 00:00:00+01:00,18.00278835448897,18.00278835448897,17.851505279541016,17.851505279541016,11799
2019-03-15 00:00:00+01:00,17.8515093540784,18.607929229736328,17.8515093540784,18.607929229736328,138
2019-03-18 00:00:00+01:00,18.30536156802444,18.607929229736328,18.30536156802444,18.607929229736328,221
2019-03-19 00:00:00+01:00,18.607925846641443,18.607925846641443,18.15407371520996,18.15407371520996,93
2019-03-20 00:00:00+01:00,18.456640464845016,18.456640464845016,17.24636865148093,17.851505279541016,107540
2019-03-21 00:00:00+01:00,17.85150735848379,18.002790451049805,17.85150735848379,18.002790451049805,82
2019-03-22 00:00:00+01:00,17.851505279541016,17.851505279541016,17.851505279541016,17.851505279541016,1639
2019-03-25 00:00:00+01:00,18.00278919048075,18.15407371520996,17.851506108507692,18.15407371520996,195
2019-03-26 00:00:00+01:00,18.15407371520996,18.15407371520996,18.15407371520996,18.15407371520996,155
2019-03-27 00:00:00+01:00,17.851505279541016,17.851505279541016,17.851505279541016,17.851505279541016,307
2019-03-28 00:00:00+01:00,17.851505279541016,17.851505279541016,17.851505279541016,17.851505279541016,252
2019-03-29 00:00:00+01:00,18.15407371520996,18.15407371520996,18.15407371520996,18.15407371520996,312
2019-04-01 00:00:00+02:00,18.154072872193016,18.154072872193016,17.851505279541016,17.851505279541016,35
2019-04-02 00:00:00+02:00,17.851506108507692,18.15407371520996,17.851506108507692,18.15407371520996,224
2019-04-03 00:00:00+02:00,18.15407371520996,18.15407371520996,18.15407371520996,18.15407371520996,28
2019-04-04 00:00:00+02:00,18.15407371520996,18.15407371520996,18.15407371520996,18.15407371520996,1132
2019-04-05 00:00:00+02:00,18.154076248229593,18.305360794067383,18.154076248229593,18.305360794067383,129
2019-04-08 00:00:00+02:00,18.154072872193016,18.154072872193016,17.851505279541016,17.851505279541016,82
2019-04-09 00:00:00+02:00,17.851505279541016,17.851505279541016,17.851505279541016,17.851505279541016,0
2019-04-10 00:00:00+02:00,17.851505279541016,18.154072872193016,17.851505279541016,17.851505279541016,220
2019-04-11 00:00:00+02:00,18.154074986372073,18.154074986372073,17.85150735848379,18.002790451049805,300
2019-04-12 00:00:00+02:00,18.002789907658602,18.002789907658602,16.792519432635935,17.0950870513916,2420
2019-04-15 00:00:00+02:00,16.943801879882812,16.943801879882812,16.943801879882812,16.943801879882812,45
2019-04-16 00:00:00+02:00,16.792519432635935,17.0950870513916,16.792519432635935,17.0950870513916,48
2019-04-17 00:00:00+02:00,17.0950870513916,17.0950870513916,17.0950870513916,17.0950870513916,127
2019-04-18 00:00:00+02:00,16.64123787265682,16.792522430419922,16.64123787265682,16.792522430419922,24
2019-04-19 00:00:00+02:00,16.792522430419922,16.792522430419922,16.792522430419922,16.792522430419922,0
2019-04-22 00:00:00+02:00,16.792522430419922,16.792522430419922,16.792522430419922,16.792522430419922,0
2019-04-23 00:00:00+02:00,16.792522430419922,16.792522430419922,16.792522430419922,16.792522430419922,173
2019-04-24 00:00:00+02:00,16.6412353515625,16.6412353515625,16.6412353515625,16.6412353515625,810
2019-04-25 00:00:00+02:00,16.6412353515625,16.6412353515625,16.6412353515625,16.6412353515625,0
2019-04-26 00:00:00+02:00,16.6412353515625,16.6412353515625,16.6412353515625,16.6412353515625,264
2019-04-29 00:00:00+02:00,16.6412353515625,16.6412353515625,16.6412353515625,16.6412353515625,9
2019-04-30 00:00:00+02:00,16.6412353515625,16.6412353515625,16.6412353515625,16.6412353515625,0
2019-05-01 00:00:00+02:00,16.6412353515625,16.6412353515625,16.6412353515625,16.6412353515625,0
2019-05-02 00:00:00+02:00,16.6412353515625,16.6412353515625,16.6412353515625,16.6412353515625,0
2019-05-03 00:00:00+02:00,16.6412353515625,16.6412353515625,16.6412353515625,16.6412353515625,0
2019-05-06 00:00:00+02:00,16.64123427256915,17.095086404917723,16.338666665255488,16.943801879882812,1214
2019-05-07 00:00:00+02:00,16.94380213980376,16.94380213980376,16.338666915893555,16.338666915893555,594
2019-05-08 00:00:00+02:00,16.338666915893555,16.338666915893555,16.338666915893555,16.338666915893555,0
2019-05-09 00:00:00+02:00,16.1873836517334,16.1873836517334,16.1873836517334,16.1873836517334,30
2019-05-10 00:00:00+02:00,16.338666915893555,16.338666915893555,16.338666915893555,16.338666915893555,10
2019-05-13 00:00:00+02:00,16.338666915893555,16.338666915893555,16.338666915893555,16.338666915893555,125
2019-05-14 00:00:00+02:00,16.338666915893555,16.338666915893555,16.338666915893555,16.338666915893555,0
2019-05-15 00:00:00+02:00,16.64123582646086,16.64123582646086,16.1873836517334,16.1873836517334,2371
2019-05-16 00:00:00+02:00,16.489950816718522,16.6412353515625,16.489950816718522,16.6412353515625,168
2019-05-17 00:00:00+02:00,16.187383189786818,16.6412353515625,16.187383189786818,16.6412353515625,657
2019-05-20 00:00:00+02:00,16.6412353515625,16.6412353515625,16.03610009769909,16.6412353515625,118
2019-05-21 00:00:00+02:00,16.641236339657304,17.116700537367887,16.324260711669922,16.324260711669922,260
2019-05-22 00:00:00+02:00,16.324259454099156,17.11669921875,16.324259454099156,17.11669921875,96
2019-05-23 00:00:00+02:00,17.11669921875,17.11669921875,17.11669921875,17.11669921875,50
2019-05-24 00:00:00+02:00,16.324260711669922,16.324260711669922,16.324260711669922,16.324260711669922,300
2019-05-27 00:00:00+02:00,17.11669921875,17.11669921875,16.324259454099156,17.11669921875,106
2019-05-28 00:00:00+02:00,17.11669921875,17.11669921875,17.11669921875,17.11669921875,0
2019-05-29 00:00:00+02:00,17.11669921875,17.11669921875,16.641235057667714,17.11669921875,111
2019-05-30 00:00:00+02:00,17.11669921875,17.11669921875,17.11669921875,17.11669921875,0
2019-05-31 00:00:00+02:00,16.641236272103075,17.116700467883536,16.641236272103075,16.95821189880371,430
2019-06-03 00:00:00+02:00,17.11669921875,17.11669921875,17.11669921875,17.11669921875,1
2019-06-04 00:00:00+02:00,17.11669921875,17.11669921875,17.11669921875,17.11669921875,16
2019-06-05 00:00:00+02:00,17.11669921875,17.11669921875,17.11669921875,17.11669921875,0
2019-06-06 00:00:00+02:00,17.11669921875,17.11669921875,17.11669921875,17.11669921875,0
2019-06-07 00:00:00+02:00,16.958210661236272,17.11669921875,16.482746500153986,17.11669921875,1585
2019-06-10 00:00:00+02:00,17.43367576599121,17.43367576599121,16.95821157917238,17.43367576599121,524
2019-06-11 00:00:00+02:00,16.958210960729048,17.433675130208336,16.6412353515625,16.6412353515625,155
2019-06-12 00:00:00+02:00,17.275186569895595,17.275186569895595,16.6412353515625,16.6412353515625,14210
2019-06-13 00:00:00+02:00,16.6412353515625,16.6412353515625,16.6412353515625,16.6412353515625,0
2019-06-14 00:00:00+02:00,16.641235057667714,17.11669921875,16.641235057667714,17.11669921875,3
2019-06-17 00:00:00+02:00,16.641236272103075,16.95821189880371,16.641236272103075,16.95821189880371,139
2019-06-18 00:00:00+02:00,16.641236272103075,16.95821189880371,16.641236272103075,16.95821189880371,77
2019-06-19 00:00:00+02:00,16.95821189880371,16.95821189880371,16.95821189880371,16.95821189880371,0
2019-06-20 00:00:00+02:00,16.95821189880371,16.95821189880371,16.95821189880371,16.95821189880371,0
2019-06-21 00:00:00+02:00,16.641235383997422,16.641235383997422,15.056355823616716,16.00728416442871,19044
2019-06-24 00:00:00+02:00,16.00728416442871,16.00728416442871,16.00728416442871,16.00728416442871,0
2019-06-25 00:00:00+02:00,16.641235662745224,16.641235662745224,15.848795869281167,16.165771484375,377
2019-06-26 00:00:00+02:00,16.00728416442871,16.00728416442871,16.00728416442871,16.00728416442871,97
2019-06-27 00:00:00+02:00,16.482746124267578,16.482746124267578,16.482746124267578,16.482746124267578,25
2019-06-28 00:00:00+02:00,16.482746791249763,16.6412353515625,16.482746791249763,16.6412353515625,143
2019-07-01 00:00:00+02:00,16.6412353515625,16.6412353515625,16.6412353515625,16.6412353515625,0
2019-07-02 00:00:00+02:00,16.32425977421307,16.32425977421307,16.00728416442871,16.00728416442871,1034
2019-07-03 00:00:00+02:00,16.6412353515625,16.6412353515625,16.6412353515625,16.6412353515625,8
2019-07-04 00:00:00+02:00,16.007284133229405,16.6412353515625,16.007284133229405,16.6412353515625,805
2019-07-05 00:00:00+02:00,16.799724578857422,17.116700200608527,16.799724578857422,16.799724578857422,1047
2019-07-08 00:00:00+02:00,16.958210960729048,16.958210960729048,16.6412353515625,16.6412353515625,641
2019-07-09 00:00:00+02:00,16.482746124267578,16.482746124267578,16.482746124267578,16.482746124267578,40
2019-07-10 00:00:00+02:00,16.641236012252374,16.799724578857422,16.641236012252374,16.799724578857422,310
2019-07-11 00:00:00+02:00,17.11669921875,17.11669921875,17.11669921875,17.11669921875,201
2019-07-12 00:00:00+02:00,17.275186264804827,17.275186264804827,17.11669921875,17.11669921875,14
2019-07-15 00:00:00+02:00,17.11669921875,17.11669921875,17.11669921875,17.11669921875,200
2019-07-16 00:00:00+02:00,16.799724578857422,16.799724578857422,16.799724578857422,16.799724578857422,130
2019-07-17 00:00:00+02:00,16.799724578857422,16.799724578857422,16.799724578857422,16.799724578857422,0
2019-07-18 00:00:00+02:00,16.6412353515625,16.6412353515625,16.6412353515625,16.6412353515625,548
2019-07-19 00:00:00+02:00,16.641236339657304,16.799724909380505,16.324260711669922,16.324260711669922,2318
2019-07-22 00:00:00+02:00,17.11669921875,17.11669921875,17.11669921875,17.11669921875,21
2019-07-23 00:00:00+02:00,17.11669921875,17.11669921875,17.11669921875,17.11669921875,100
2019-07-24 00:00:00+02:00,16.958210960729048,16.958210960729048,16.6412353515625,16.6412353515625,39
2019-07-25 00:00:00+02:00,16.6412353515625,16.6412353515625,16.6412353515625,16.6412353515625,700
2019-07-26 00:00:00+02:00,16.641235057667714,17.11669921875,16.641235057667714,17.11669921875,240
2019-07-29 00:00:00+02:00,16.958210960729048,16.958210960729048,16.6412353515625,16.6412353515625,227
2019-07-30 00:00:00+02:00,16.641234678167002,16.641234678167002,16.482746124267578,16.482746124267578,190
2019-07-31 00:00:00+02:00,16.482746124267578,16.482746124267578,16.482746124267578,16.482746124267578,100
2019-08-01 00:00:00+02:00,16.799724578857422,16.799724578857422,16.641236012252374,16.799724578857422,656
2019-08-02 00:00:00+02:00,16.641235057667714,17.11669921875,16.641235057667714,17.11669921875,226
2019-08-05 00:00:00+02:00,17.116699521041788,17.275186569895595,16.6412353515625,16.6412353515625,292
2019-08-06 00:00:00+02:00,16.641237158862374,17.59216560109529,16.641237158862374,17.275188446044922,6230
2019-08-07 00:00:00+02:00,18.067628310752653,18.067628310752653,17.275188446044922,17.275188446044922,104
2019-08-08 00:00:00+02:00,17.275187199898607,17.43367576599121,16.32426033771993,17.43367576599121,1630
2019-08-09 00:00:00+02:00,16.958210661236272,17.592163379832286,16.958210661236272,17.11669921875,8766
2019-08-12 00:00:00+02:00,17.433674822318558,17.433674822318558,17.11669921875,17.11669921875,521
2019-08-13 00:00:00+02:00,17.27518752550435,17.433676094584172,16.324260645402436,16.95821189880371,1198
2019-08-14 00:00:00+02:00,17.433675822359632,17.433675822359632,16.482747445647327,16.799724578857422,1025
2019-08-15 00:00:00+02:00,16.799724578857422,16.799724578857422,16.799724578857422,16.799724578857422,0
2019-08-16 00:00:00+02:00,16.958210661236272,17.909138983400844,16.799723615181442,17.11669921875,228
2019-08-19 00:00:00+02:00,16.641235057667714,17.909138983400844,16.641235057667714,17.11669921875,686
2019-08-20 00:00:00+02:00,17.116700788596958,17.9091406259259,17.116700788596958,17.592164993286133,1904
2019-08-21 00:00:00+02:00,17.90913963317871,17.90913963317871,17.90913963317871,17.90913963317871,88
2019-08-22 00:00:00+02:00,17.43367576599121,17.43367576599121,17.43367576599121,17.43367576599121,300
2019-08-23 00:00:00+02:00,17.116700145264986,17.592164332083815,17.116700145264986,17.43367576599121,7308
2019-08-26 00:00:00+02:00,17.275186891581676,17.90913963317871,17.275186891581676,17.90913963317871,71
2019-08-27 00:00:00+02:00,17.75065040588379,17.75065040588379,17.75065040588379,17.75065040588379,87
2019-08-28 00:00:00+02:00,17.75065040588379,17.75065040588379,17.75065040588379,17.75065040588379,108
2019-08-29 00:00:00+02:00,17.750648038634214,18.701576232910156,17.433672477695133,18.701576232910156,2666
2019-08-30 00:00:00+02:00,18.5430908203125,18.860066434646424,18.5430908203125,18.5430908203125,691
2019-09-02 00:00:00+02:00,18.543087696711265,18.701576232910156,18.226112135772183,18.701576232910156,661
2019-09-03 00:00:00+02:00,18.384600671971075,18.701576232910156,17.909136574833106,18.701576232910156,718
2019-09-04 00:00:00+02:00,18.701579383208937,18.701579383208937,18.226115205978576,18.5430908203125,157009
2019-09-05 00:00:00+02:00,18.226114939784512,18.38460350036621,18.226114939784512,18.38460350036621,155
2019-09-06 00:00:00+02:00,17.909139591644653,18.5430908203125,17.909139591644653,18.5430908203125,136
2019-09-09 00:00:00+02:00,18.543090863316788,18.543090863316788,17.90913963317871,17.90913963317871,600
2019-09-10 00:00:00+02:00,17.90913963317871,17.90913963317871,17.90913963317871,17.90913963317871,0
2019-09-11 00:00:00+02:00,17.90913963317871,17.90913963317871,17.90913963317871,17.90913963317871,93
2019-09-12 00:00:00+02:00,17.909139898967858,18.067626953125,17.750651333351733,18.067626953125,281
2019-09-13 00:00:00+02:00,18.067626953125,18.067626953125,18.067626953125,18.067626953125,0
2019-09-16 00:00:00+02:00,18.226115205978576,18.5430908203125,18.226115205978576,18.5430908203125,79
2019-09-17 00:00:00+02:00,18.5430908203125,18.5430908203125,18.5430908203125,18.5430908203125,0
2019-09-18 00:00:00+02:00,18.5430908203125,18.5430908203125,18.5430908203125,18.5430908203125,0
2019-09-19 00:00:00+02:00,18.226116180419922,18.226116180419922,18.226116180419922,18.226116180419922,100
2019-09-20 00:00:00+02:00,17.909139898967858,18.067626953125,17.433675713578467,18.067626953125,1541
2019-09-23 00:00:00+02:00,17.43367576599121,17.90913995281004,17.43367576599121,17.43367576599121,74
2019-09-24 00:00:00+02:00,18.226115205978576,18.5430908203125,18.226115205978576,18.5430908203125,1004
2019-09-25 00:00:00+02:00,18.543091811700634,18.543091811700634,18.226116180419922,18.226116180419922,215
2019-09-26 00:00:00+02:00,18.226116180419922,18.384604751789794,18.226116180419922,18.226116180419922,173
2019-09-27 00:00:00+02:00,18.226116180419922,18.226116180419922,18.067627609050046,18.226116180419922,10424
2019-09-30 00:00:00+02:00,18.226115205978576,18.5430908203125,18.226115205978576,18.5430908203125,5595
2019-10-01 00:00:00+02:00,18.543089862248305,18.860065460205078,18.543089862248305,18.860065460205078,1220
2019-10-02 00:00:00+02:00,18.860065460205078,18.860065460205078,18.860065460205078,18.860065460205078,0
2019-10-03 00:00:00+02:00,18.860066758287658,18.860066758287658,17.909139898967858,18.067626953125,6290
2019-10-04 00:00:00+02:00,18.067627609050046,18.226116180419922,17.275187775118745,18.226116180419922,1890
2019-10-07 00:00:00+02:00,18.067626953125,18.067626953125,18.067626953125,18.067626953125,1
2019-10-08 00:00:00+02:00,18.54309054948898,18.54309054948898,18.38460350036621,18.38460350036621,201
2019-10-09 00:00:00+02:00,18.38460350036621,18.38460350036621,18.38460350036621,18.38460350036621,0
2019-10-10 00:00:00+02:00,18.226116180419922,18.226116180419922,18.226116180419922,18.226116180419922,14
2019-10-11 00:00:00+02:00,18.226116180419922,18.226116180419922,18.226116180419922,18.226116180419922,0
2019-10-14 00:00:00+02:00,18.226116180419922,18.226116180419922,18.226116180419922,18.226116180419922,200
2019-10-15 00:00:00+02:00,18.701576232910156,18.701576232910156,18.701576232910156,18.701576232910156,5
2019-10-16 00:00:00+02:00,18.701576232910156,18.701576232910156,18.701576232910156,18.701576232910156,0
2019-10-17 00:00:00+02:00,18.067627609050046,18.226116180419922,18.067627609050046,18.226116180419922,40
2019-10-18 00:00:00+02:00,18.226116180419922,18.226116180419922,18.226116180419922,18.226116180419922,0
2019-10-21 00:00:00+02:00,18.067626953125,18.067626953125,18.067626953125,18.067626953125,35
2019-10-22 00:00:00+02:00,18.226116180419922,18.226116180419922,18.226116180419922,18.226116180419922,124
2019-10-23 00:00:00+02:00,18.226116180419922,18.226116180419922,18.226116180419922,18.226116180419922,0
2019-10-24 00:00:00+02:00,18.226116180419922,18.226116180419922,18.226116180419922,18.226116180419922,26
2019-10-25 00:00:00+02:00,18.701579704130513,18.701579704130513,18.067626953125,18.067626953125,3039
2019-10-28 00:00:00+01:00,18.067626953125,18.226115518741125,18.067626953125,18.067626953125,351
2019-10-29 00:00:00+01:00,18.701579704130513,18.701579704130513,17.592164279194588,18.067626953125,890
2019-10-30 00:00:00+01:00,18.226116180419922,18.226116180419922,17.909140549139206,18.226116180419922,64
2019-10-31 00:00:00+01:00,18.226115573536266,18.226115573536266,17.275187199898607,17.43367576599121,904
2019-11-01 00:00:00+01:00,17.43367576599121,17.43367576599121,17.43367576599121,17.43367576599121,0
2019-11-04 00:00:00+01:00,17.59216560109529,18.067628310752653,17.275188446044922,17.275188446044922,1528
2019-11-05 00:00:00+01:00,17.43367576599121,17.43367576599121,17.275187199898607,17.43367576599121,224
2019-11-06 00:00:00+01:00,17.433674822318558,17.592163379832286,16.958210661236272,17.11669921875,4077
2019-11-07 00:00:00+01:00,16.95821157917238,17.43367576599121,16.95821157917238,17.43367576599121,72
2019-11-08 00:00:00+01:00,17.43367480267243,17.75065040588379,17.43367480267243,17.75065040588379,229
2019-11-11 00:00:00+01:00,17.75065040588379,17.75065040588379,17.75065040588379,17.75065040588379,0
2019-11-12 00:00:00+01:00,16.95821064212595,17.75065040588379,16.95821064212595,17.75065040588379,31
2019-11-13 00:00:00+01:00,17.11669921875,17.11669921875,17.11669921875,17.11669921875,25
2019-11-14 00:00:00+01:00,17.43367576599121,17.43367576599121,17.116700145264986,17.43367576599121,642
2019-11-15 00:00:00+01:00,17.43367480267243,17.75065040588379,17.116699199461078,17.75065040588379,389
2019-11-18 00:00:00+01:00,17.750651069914714,17.90913963317871,17.750651069914714,17.90913963317871,153
2019-11-19 00:00:00+01:00,17.90913963317871,17.90913963317871,17.90913963317871,17.90913963317871,0
2019-11-20 00:00:00+01:00,17.909141244686563,17.909141244686563,17.275188446044922,17.275188446044922,82
2019-11-21 00:00:00+01:00,17.275188446044922,17.275188446044922,17.275188446044922,17.275188446044922,0
2019-11-22 00:00:00+01:00,17.275186245337306,17.75065040588379,17.275186245337306,17.75065040588379,111
2019-11-25 00:00:00+01:00,17.75065266716138,17.75065266716138,17.275188446044922,17.275188446044922,128
2019-11-26 00:00:00+01:00,17.592164993286133,17.592164993286133,17.275187849187322,17.592164993286133,234
2019-11-27 00:00:00+01:00,17.75065040588379,17.75065040588379,17.75065040588379,17.75065040588379,18
2019-11-28 00:00:00+01:00,17.275187199898607,17.43367576599121,17.275187199898607,17.43367576599121,418
2019-11-29 00:00:00+01:00,17.750650425887116,17.750650425887116,17.11669921875,17.11669921875,753
2019-12-02 00:00:00+01:00,17.116699199461078,17.75065040588379,17.116699199461078,17.75065040588379,503
2019-12-03 00:00:00+01:00,17.116700788596958,17.592164993286133,17.116700788596958,17.592164993286133,53
2019-12-04 00:00:00+01:00,17.116700788596958,17.592164993286133,17.116700788596958,17.592164993286133,266
2019-12-05 00:00:00+01:00,17.592163379832286,17.592163379832286,17.11669921875,17.11669921875,224
2019-12-06 00:00:00+01:00,17.592164993286133,17.592164993286133,17.592164993286133,17.592164993286133,442
2019-12-09 00:00:00+01:00,17.750650425887116,17.750650425887116,16.641235057667714,17.11669921875,1577
2019-12-10 00:00:00+01:00,17.592164993286133,17.592164993286133,17.592164993286133,17.592164993286133,45
2019-12-11 00:00:00+01:00,17.592164993286133,17.592164993286133,17.592164993286133,17.592164993286133,0
2019-12-12 00:00:00+01:00,17.592164993286133,17.592164993286133,17.592164993286133,17.592164993286133,0
2019-12-13 00:00:00+01:00,16.95821157917238,17.43367576599121,16.95821157917238,17.43367576599121,830
2019-12-16 00:00:00+01:00,16.95821157917238,17.43367576599121,16.95821157917238,17.43367576599121,555
2019-12-17 00:00:00+01:00,16.95821157917238,17.43367576599121,16.95821157917238,17.43367576599121,205
2019-12-18 00:00:00+01:00,16.799725736387558,17.275188446044922,16.799725736387558,17.275188446044922,270
2019-12-19 00:00:00+01:00,17.43367576599121,17.43367576599121,17.43367576599121,17.43367576599121,33
2019-12-20 00:00:00+01:00,17.43367576599121,17.43367576599121,17.43367576599121,17.43367576599121,150
2019-12-23 00:00:00+01:00,17.433677023570105,17.59216560109529,16.958212802453648,17.275188446044922,477
2019-12-24 00:00:00+01:00,17.275188446044922,17.275188446044922,17.275188446044922,17.275188446044922,0
2019-12-25 00:00:00+01:00,17.275188446044922,17.275188446044922,17.275188446044922,17.275188446044922,0
2019-12-26 00:00:00+01:00,17.275188446044922,17.275188446044922,17.275188446044922,17.275188446044922,0
2019-12-27 00:00:00+01:00,17.43367576599121,17.43367576599121,17.43367576599121,17.43367576599121,250
2019-12-30 00:00:00+01:00,17.43367576599121,17.43367576599121,17.43367576599121,17.43367576599121,2
2019-12-31 00:00:00+01:00,17.43367576599121,17.43367576599121,17.43367576599121,17.43367576599121,0
2020-01-01 00:00:00+01:00,17.43367576599121,17.43367576599121,17.43367576599121,17.43367576599121,0
2020-01-02 00:00:00+01:00,17.43367576599121,17.43367576599121,16.95821157917238,17.43367576599121,468
2020-01-03 00:00:00+01:00,17.592164993286133,17.592164993286133,17.43367642123673,17.592164993286133,700
2020-01-06 00:00:00+01:00,17.592164993286133,17.592164993286133,17.592164993286133,17.592164993286133,0
2020-01-07 00:00:00+01:00,17.75065040588379,17.75065040588379,17.75065040588379,17.75065040588379,83
2020-01-08 00:00:00+01:00,17.59216560109529,17.59216560109529,17.275188446044922,17.275188446044922,313
2020-01-09 00:00:00+01:00,17.275188446044922,17.275188446044922,17.275188446044922,17.275188446044922,0
2020-01-10 00:00:00+01:00,17.433677023570105,17.433677023570105,17.275188446044922,17.275188446044922,351
2020-01-13 00:00:00+01:00,17.433677023570105,17.75065266716138,17.275188446044922,17.275188446044922,425
2020-01-14 00:00:00+01:00,17.275186264804827,17.275186264804827,17.11669921875,17.11669921875,674
2020-01-15 00:00:00+01:00,17.27518752550435,17.27518752550435,16.95821189880371,16.95821189880371,577
2020-01-16 00:00:00+01:00,16.799723615181442,17.11669921875,16.799723615181442,17.11669921875,2913
2020-01-17 00:00:00+01:00,16.958212802453648,17.275188446044922,16.958212802453648,17.275188446044922,67
2020-01-20 00:00:00+01:00,17.43367576599121,17.43367576599121,17.43367576599121,17.43367576599121,163
2020-01-21 00:00:00+01:00,17.43367576599121,17.43367576599121,17.116700145264986,17.43367576599121,130
2020-01-22 00:00:00+01:00,17.11669921875,17.11669921875,17.11669921875,17.11669921875,46
2020-01-23 00:00:00+01:00,17.433675822359632,17.433675822359632,16.799724578857422,16.799724578857422,600
2020-01-24 00:00:00+01:00,17.43367576599121,17.43367576599121,17.43367576599121,17.43367576599121,300
2020-01-27 00:00:00+01:00,17.43367576599121,17.43367576599121,17.43367576599121,17.43367576599121,86
2020-01-28 00:00:00+01:00,16.958210661236272,17.11669921875,16.958210661236272,17.11669921875,87
2020-01-29 00:00:00+01:00,17.43367576599121,17.43367576599121,17.43367576599121,17.43367576599121,55
2020-01-30 00:00:00+01:00,16.958210661236272,17.433674822318558,16.958210661236272,17.11669921875,387
2020-01-31 00:00:00+01:00,17.275188446044922,17.275188446044922,16.958212802453648,17.275188446044922,842
2020-02-03 00:00:00+01:00,17.59216560109529,17.59216560109529,17.11670137997883,17.275188446044922,242
2020-02-04 00:00:00+01:00,17.433674822318558,17.433674822318558,17.11669921875,17.11669921875,210
2020-02-05 00:00:00+01:00,17.11669921875,17.11669921875,17.11669921875,17.11669921875,0
2020-02-06 00:00:00+01:00,17.43367576599121,17.750651386717436,16.95821157917238,17.43367576599121,4738
2020-02-07 00:00:00+01:00,17.592163379832286,17.592163379832286,17.11669921875,17.11669921875,1225
2020-02-10 00:00:00+01:00,17.592164663663997,17.592164663663997,16.95821189880371,16.95821189880371,1921
2020-02-11 00:00:00+01:00,16.958210960729048,17.116699521041788,16.6412353515625,16.6412353515625,2656
2020-02-12 00:00:00+01:00,16.6412353515625,16.958210960729048,16.6412353515625,16.6412353515625,164
2020-02-13 00:00:00+01:00,16.641236272103075,16.95821189880371,16.641236272103075,16.95821189880371,128
2020-02-14 00:00:00+01:00,16.95821189880371,16.95821189880371,16.95821189880371,16.95821189880371,0
2020-02-17 00:00:00+01:00,16.641236272103075,16.95821189880371,16.641236272103075,16.95821189880371,311
2020-02-18 00:00:00+01:00,16.95821189880371,16.95821189880371,16.95821189880371,16.95821189880371,198
2020-02-19 00:00:00+01:00,16.95821189880371,16.95821189880371,16.641236272103075,16.95821189880371,266
2020-02-20 00:00:00+01:00,16.95821189880371,16.95821189880371,16.641236272103075,16.95821189880371,313
2020-02-21 00:00:00+01:00,16.95821163400348,16.95821163400348,16.641236012252374,16.799724578857422,167
2020-02-24 00:00:00+01:00,16.6412353515625,17.592163690521073,16.324259742395952,16.6412353515625,2731
2020-02-25 00:00:00+01:00,16.165771823896225,16.799724578857422,16.165771823896225,16.799724578857422,324
2020-02-26 00:00:00+01:00,16.799725736387558,17.275188446044922,16.3242615152711,17.275188446044922,3042
2020-02-27 00:00:00+01:00,17.275186264804827,17.433674822318558,17.11669921875,17.11669921875,1867
2020-02-28 00:00:00+01:00,17.592164663663997,17.592164663663997,16.7997248411829,16.95821189880371,1272
2020-03-02 00:00:00+01:00,17.433676094584172,17.433676094584172,16.48274770302325,16.95821189880371,354
2020-03-03 00:00:00+01:00,16.79972391187524,16.79972391187524,16.6412353515625,16.6412353515625,150
2020-03-04 00:00:00+01:00,16.641234678167002,16.641234678167002,16.482746124267578,16.482746124267578,45
2020-03-05 00:00:00+01:00,16.641236012252374,16.95821163400348,16.641236012252374,16.799724578857422,929
2020-03-06 00:00:00+01:00,16.641235057667714,17.11669921875,16.641235057667714,17.11669921875,768
2020-03-09 00:00:00+01:00,17.275187595632072,17.275187595632072,16.324260711669922,16.324260711669922,1226
2020-03-10 00:00:00+01:00,16.64123468399048,16.64123468399048,15.452575063705446,15.848794937133789,1371
2020-03-11 00:00:00+01:00,16.007285163072304,16.007285163072304,14.580892562866211,14.580892562866211,1939
2020-03-12 00:00:00+01:00,14.580892002159441,14.580892002159441,12.282816886901855,12.282816886901855,2824
2020-03-13 00:00:00+01:00,12.36206052501107,13.471475883732563,12.36206052501107,13.312987327575684,2475
2020-03-16 00:00:00+01:00,13.471477143457541,14.105428404448402,12.599793026000835,13.709208488464355,1930
2020-03-17 00:00:00+01:00,14.105428695678711,14.105428695678711,13.788453058638785,14.105428695678711,1155
2020-03-18 00:00:00+01:00,16.6412353515625,16.6412353515625,15.45257568359375,15.45257568359375,1689
2020-03-19 00:00:00+01:00,15.452575713711893,17.433675164187775,15.452575713711893,16.00728416442871,6202
2020-03-20 00:00:00+01:00,16.95821028044138,16.95821028044138,15.452575063705446,15.848794937133789,2670
2020-03-23 00:00:00+01:00,16.165770536586415,16.165770536586415,15.531819343566895,15.531819343566895,509
2020-03-24 00:00:00+01:00,15.611064243906489,15.69030701260393,15.45257568359375,15.45257568359375,262
2020-03-25 00:00:00+01:00,15.769550663084496,15.848794940076655,14.897866639088507,15.531819343566895,1827
2020-03-26 00:00:00+01:00,15.8487962421618,15.8487962421618,14.580892240497057,15.056356430053711,1933
2020-03-27 00:00:00+01:00,15.690307675156586,15.690307675156586,15.056356430053711,15.056356430053711,750
2020-03-30 00:00:00+02:00,15.373333608846277,15.373333608846277,14.73938229956857,15.294089317321777,806
2020-03-31 00:00:00+02:00,15.848795572916668,15.848795572916668,15.45257568359375,15.45257568359375,2734
2020-04-01 00:00:00+02:00,15.452575066574738,15.531819343566895,15.452575066574738,15.531819343566895,30
2020-04-02 00:00:00+02:00,15.531819618185523,15.690306663513184,15.214844016071307,15.690306663513184,890
2020-04-03 00:00:00+02:00,15.690305765941298,15.690305765941298,15.294085908099763,15.611063003540039,211
2020-04-06 00:00:00+02:00,15.848794313661436,15.848794313661436,15.056354597978364,15.611063003540039,2337
2020-04-07 00:00:00+02:00,15.611066483419776,15.611066483419776,15.135602245731924,15.294089317321777,1810
2020-04-08 00:00:00+02:00,15.294087123281013,15.69030701260393,15.214844354583573,15.45257568359375,419
2020-04-09 00:00:00+02:00,15.214844354583573,15.45257568359375,15.214844354583573,15.45257568359375,353
2020-04-10 00:00:00+02:00,15.45257568359375,15.45257568359375,15.45257568359375,15.45257568359375,0
2020-04-13 00:00:00+02:00,15.45257568359375,15.45257568359375,15.45257568359375,15.45257568359375,0
2020-04-14 00:00:00+02:00,15.611064243906489,15.611064243906489,15.45257568359375,15.45257568359375,1724
2020-04-15 00:00:00+02:00,15.452576336107755,15.690307675156586,15.056356430053711,15.056356430053711,1699
2020-04-16 00:00:00+02:00,15.373331419282053,15.53181997975814,15.135600090026855,15.135600090026855,1041
2020-04-17 00:00:00+02:00,15.056356430053711,15.214844997058925,14.343160901448227,15.056356430053711,4515
2020-04-20 00:00:00+02:00,15.214844997058925,15.214844997058925,14.81862509100488,15.056356430053711,1626
2020-04-21 00:00:00+02:00,14.897868224098342,14.897868224098342,14.739381164711185,14.818625450134277,547
2020-04-22 00:00:00+02:00,14.660136582924283,14.977112206749766,14.422405242919922,14.422405242919922,3260
2020-04-23 00:00:00+02:00,14.660136241311381,15.214844703674316,14.660136241311381,15.214844703674316,826
2020-04-24 00:00:00+02:00,14.81862509100488,15.135600713556318,14.81862509100488,15.056356430053711,829
2020-04-27 00:00:00+02:00,15.214844354583573,15.45257568359375,14.897867233958095,15.45257568359375,2293
2020-04-28 00:00:00+02:00,15.531820619610363,15.531820619610363,14.422405184950835,15.056356430053711,1950
2020-04-29 00:00:00+02:00,15.135601387232954,15.214845674262678,14.660137176513672,14.660137176513672,914
2020-04-30 00:00:00+02:00,14.977111206947018,15.294086809612674,14.660135604281363,14.7393798828125,3535
2020-05-01 00:00:00+02:00,14.7393798828125,14.7393798828125,14.7393798828125,14.7393798828125,0
2020-05-04 00:00:00+02:00,15.056356430053711,15.294087769102541,14.739380807502272,15.056356430053711,1685
2020-05-05 00:00:00+02:00,15.056356794944527,15.056356794944527,14.739381164711185,14.818625450134277,1125
2020-05-06 00:00:00+02:00,14.739382738215864,14.89786981452233,14.501649856567383,14.501649856567383,2307
2020-05-07 00:00:00+02:00,14.897868192425667,14.897868192425667,14.501648277611592,14.580892562866211,476
2020-05-08 00:00:00+02:00,14.818625382828959,14.897868156433107,14.818625382828959,14.897868156433105,263
2020-05-11 00:00:00+02:00,14.897867863048495,15.056356430053711,14.739380807502272,15.056356430053711,406
2020-05-12 00:00:00+02:00,15.056356430053711,15.056356430053711,14.977112146551102,15.056356430053711,509
2020-05-13 00:00:00+02:00,15.135600090026855,15.294087139044011,15.056355809788812,15.135600090026855,5203
2020-05-14 00:00:00+02:00,14.897868526143784,14.897868526143784,14.501648602454225,14.660137176513672,4476
2020-05-15 00:00:00+02:00,14.660135604281363,14.818624161343639,14.501647047219086,14.7393798828125,1426
2020-05-18 00:00:00+02:00,14.7393798828125,14.7393798828125,14.422404280146845,14.7393798828125,1208
2020-05-19 00:00:00+02:00,14.818625382828959,14.897868156433107,14.818625382828959,14.897868156433105,55
2020-05-20 00:00:00+02:00,14.897868526143784,14.897868526143784,14.580892889483948,14.660137176513672,128
2020-05-21 00:00:00+02:00,14.660137176513672,14.660137176513672,14.660137176513672,14.660137176513672,0
2020-05-22 00:00:00+02:00,14.660137176513672,14.660137176513672,14.660137176513672,14.660137176513672,0
2020-05-25 00:00:00+02:00,14.660136848120832,14.739381133375453,14.501648277611592,14.580892562866211,4974
2020-05-26 00:00:00+02:00,14.501648277611592,14.660136848120832,14.422405503815996,14.580892562866211,1513
2020-05-27 00:00:00+02:00,14.501649856567383,14.580894150450211,14.422407074143745,14.501649856567383,2052
2020-05-28 00:00:00+02:00,14.81862545013428,14.81862545013428,14.660136879288093,14.818625450134277,2197
2020-05-29 00:00:00+02:00,14.81862545013428,14.81862545013428,14.660136879288093,14.818625450134277,2711
2020-06-01 00:00:00+02:00,14.897867863048495,15.056356430053711,14.897867863048495,15.056356430053711,13099
2020-06-02 00:00:00+02:00,15.294089317321777,15.531822191895277,15.294089317321777,15.294089317321777,3200
2020-06-03 00:00:00+02:00,15.3733326926301,15.3733326926301,14.977112770080566,14.977112770080566,4430
2020-06-04 00:00:00+02:00,15.791085342611536,16.19807208624859,15.384098598974479,16.0352783203125,11267
2020-06-05 00:00:00+02:00,15.79108715057373,15.953882487679897,15.628293365998958,15.79108715057373,1378
2020-06-08 00:00:00+02:00,15.791084532453572,15.791084532453572,15.546893119812012,15.546893119812012,2040
2020-06-09 00:00:00+02:00,15.7096894227882,15.872484759280557,15.384100302334877,15.465497970581055,1117
2020-06-10 00:00:00+02:00,15.872483601424477,16.19807269812693,15.709688276807613,15.95388126373291,2324
2020-06-11 00:00:00+02:00,15.95388126373291,15.95388126373291,15.95388126373291,15.95388126373291,0
2020-06-12 00:00:00+02:00,15.95388126373291,16.035278926041343,15.95388126373291,15.95388126373291,1458
2020-06-15 00:00:00+02:00,15.709690093994142,15.709690093994142,15.546896303077713,15.70969009399414,1020
2020-06-16 00:00:00+02:00,15.79108715057373,15.79108715057373,15.79108715057373,15.79108715057373,27
2020-06-17 00:00:00+02:00,15.465495464754444,15.709686877396006,15.465495464754444,15.546893119812012,1522
2020-06-18 00:00:00+02:00,15.70968907354222,15.70968907354222,15.384099960327148,15.384099960327148,2025
2020-06-19 00:00:00+02:00,15.87248404979641,15.87248404979641,15.302701950073242,15.302701950073242,47
2020-06-22 00:00:00+02:00,15.546894421865607,15.628292083740236,15.46549675999098,15.628292083740234,170
2020-06-23 00:00:00+02:00,15.628293307073411,15.628293307073411,15.384100302334877,15.465497970581055,100
2020-06-24 00:00:00+02:00,15.546895293200363,15.546895293200363,15.384099960327148,15.384099960327148,2153
2020-06-25 00:00:00+02:00,15.465497626763757,15.465497626763757,14.977113180675472,15.384099960327148,1978
2020-06-26 00:00:00+02:00,15.546895638827234,15.546895638827234,15.302702634088698,15.465497970581055,459
2020-06-29 00:00:00+02:00,15.46549675999098,15.628292083740236,15.46549675999098,15.628292083740234,323
2020-06-30 00:00:00+02:00,16.1166736001527,16.1166736001527,15.30270015463931,15.546893119812012,7013
2020-07-01 00:00:00+02:00,15.546894943896595,15.791086385188628,15.221305837996779,15.302701950073242,1697
2020-07-02 00:00:00+02:00,15.791086739978827,15.791086739978827,15.384099960327148,15.384099960327148,2643
2020-07-03 00:00:00+02:00,15.384100302334877,15.791087091034377,15.384100302334877,15.465497970581055,418
2020-07-06 00:00:00+02:00,15.46549863135377,15.709690093994142,15.302703287905885,15.70969009399414,2032
2020-07-07 00:00:00+02:00,15.791087765718084,15.791087765718084,15.546896303077713,15.70969009399414,637
2020-07-08 00:00:00+02:00,15.709688720580843,15.709688720580843,15.302701950073242,15.302701950073242,1774
2020-07-09 00:00:00+02:00,15.302702293890542,15.70968907354222,15.302702293890542,15.384099960327148,2964
2020-07-10 00:00:00+02:00,15.465497970581055,15.7096894227882,15.465497970581055,15.465497970581055,650
2020-07-13 00:00:00+02:00,15.465497970581055,15.7096894227882,15.384100302334877,15.465497970581055,2612
2020-07-14 00:00:00+02:00,15.709686877396006,15.709686877396006,15.384097809696877,15.546893119812012,2632
2020-07-15 00:00:00+02:00,15.628293974801656,15.709690093994142,15.46549863135377,15.70969009399414,1305
2020-07-16 00:00:00+02:00,15.7096894227882,15.7096894227882,15.465497970581055,15.465497970581055,2681
2020-07-17 00:00:00+02:00,15.79108585495822,15.953881178707476,15.46549675999098,15.628292083740234,10503
2020-07-20 00:00:00+02:00,15.87248218751114,15.87248218751114,15.384097809696877,15.546893119812012,16376
2020-07-21 00:00:00+02:00,15.791084532453572,16.035277497626275,15.384097809696877,15.546893119812012,11282
2020-07-22 00:00:00+02:00,15.791085939116046,15.95388126373291,15.628292167030459,15.95388126373291,12787
2020-07-23 00:00:00+02:00,16.116673929631155,19.209774017333984,16.03527782544072,19.209774017333984,18773
2020-07-24 00:00:00+02:00,20.349337665668063,23.605231692174954,19.86095325118578,20.6749267578125,115313
2020-07-27 00:00:00+02:00,21.488900110648867,24.256409702867142,20.8377219310203,22.302873611450195,124097
2020-07-28 00:00:00+02:00,23.44243508862295,23.60523040206344,20.837720941293274,21.977283477783203,70523
2020-07-29 00:00:00+02:00,22.62846287155076,22.62846287155076,21.48890027235958,21.814489364624023,21738
2020-07-30 00:00:00+02:00,22.62846203830924,23.11684643498789,18.558594653539146,19.372568130493164,36256
2020-07-31 00:00:00+02:00,19.535364813575676,21.48890098442698,19.535364813575676,20.837722778320312,12991
2020-08-03 00:00:00+02:00,21.977284521635912,23.27964243342429,21.488900110648867,22.302873611450195,41350
2020-08-04 00:00:00+02:00,22.791258022437244,23.116847112251527,21.81448920046315,22.302873611450195,42722
2020-08-05 00:00:00+02:00,22.465668583038866,22.79125766778672,21.81448886101194,22.140079498291016,10966
2020-08-06 00:00:00+02:00,21.977284521635912,23.116847112251527,21.81448920046315,22.302873611450195,14162
2020-08-07 00:00:00+02:00,22.302875604434192,22.628464723343104,18.721392191373386,21.163312911987305,20334
2020-08-10 00:00:00+02:00,22.302874460166965,23.11684799194336,21.48890092839057,23.11684799194336,21573
2020-08-11 00:00:00+02:00,22.95405225374732,22.95405225374732,18.72138962953552,19.209774017333984,58246
2020-08-12 00:00:00+02:00,19.53536565711925,19.86095477423163,17.093444949979343,17.7446231842041,33897
2020-08-13 00:00:00+02:00,17.5818294019136,18.070213853847857,17.25624028480122,17.7446231842041,29062
2020-08-14 00:00:00+02:00,18.07021454576732,18.2330083342913,17.58183007513253,17.907419204711914,7299
2020-08-17 00:00:00+02:00,18.23300822775756,18.23300822775756,16.767856376945353,17.256240844726562,15642
2020-08-18 00:00:00+02:00,17.41903463229935,17.58182997240356,16.93065016451814,17.256240844726562,9172
2020-08-19 00:00:00+02:00,17.09344220504182,17.09344220504182,15.95387970187859,16.930646896362305,19708
2020-08-20 00:00:00+02:00,16.767854690551758,16.767854690551758,16.605059366820363,16.767854690551758,3018
2020-08-21 00:00:00+02:00,16.76785486754361,17.093443965911863,16.279470443725586,16.279470443725586,9246
2020-08-24 00:00:00+02:00,16.605060577392578,16.930649696060787,16.442266794324162,16.605060577392578,7696
2020-08-25 00:00:00+02:00,16.767854690551758,16.930648461751886,16.605059366820363,16.767854690551758,2851
2020-08-26 00:00:00+02:00,16.605059366820363,16.767854690551758,16.605059366820363,16.767854690551758,2103
2020-08-27 00:00:00+02:00,16.605060577392578,16.767855912992374,16.442266794324162,16.605060577392578,3966
2020-08-28 00:00:00+02:00,16.767854690551758,16.767854690551758,16.605059366820363,16.767854690551758,2189
2020-08-31 00:00:00+02:00,16.605060577392578,16.767855912992374,16.279471458724366,16.605060577392578,3825
2020-09-01 00:00:00+02:00,16.60505831780044,16.76785363124729,16.442264556884766,16.442264556884766,3724
2020-09-02 00:00:00+02:00,16.767855912992374,16.930649696060787,16.605060577392578,16.605060577392578,2522
2020-09-03 00:00:00+02:00,16.605059366820363,16.930648461751886,16.27947027188884,16.767854690551758,8667
2020-09-04 00:00:00+02:00,16.116674423217773,16.27946974164673,15.628291572993346,16.116674423217773,3771
2020-09-07 00:00:00+02:00,16.116674423217773,16.442265060075684,15.791085338891083,16.116674423217773,7577
2020-09-08 00:00:00+02:00,16.11667627225467,16.11667627225467,15.302702691786626,15.79108715057373,16472
2020-09-09 00:00:00+02:00,15.465496842413593,16.1166750358185,15.465496842413593,15.95388126373291,5711
2020-09-10 00:00:00+02:00,15.953882340056156,16.930649696060787,15.953882340056156,16.605060577392578,5172
2020-09-11 00:00:00+02:00,16.767854690551758,16.930648461751886,16.605059366820363,16.767854690551758,1045
2020-09-14 00:00:00+02:00,16.03527782579882,16.60505831780044,16.03527782579882,16.442264556884766,17817
2020-09-15 00:00:00+02:00,16.605060577392578,17.093445031660586,16.605060577392578,16.605060577392578,1556
2020-09-16 00:00:00+02:00,16.767855912992374,16.930649696060787,16.442266794324162,16.605060577392578,424
2020-09-17 00:00:00+02:00,16.76785363124729,16.76785363124729,16.442264556884766,16.442264556884766,756
2020-09-18 00:00:00+02:00,16.76785363124729,16.76785363124729,16.442264556884766,16.442264556884766,240
2020-09-21 00:00:00+02:00,16.442266312525206,16.442266312525206,15.87248420715332,15.87248420715332,6868
2020-09-22 00:00:00+02:00,15.872484819126813,16.279471609360833,15.79108715057373,15.79108715057373,6956
2020-09-23 00:00:00+02:00,16.11667494992546,16.11667494992546,15.46549675999098,15.628292083740234,4951
2020-09-24 00:00:00+02:00,15.465497970581055,15.872484759280557,15.139908850127732,15.465497970581055,3721
2020-09-25 00:00:00+02:00,15.384099960327148,15.465497626763757,15.139908513548685,15.384099960327148,5137
2020-09-28 00:00:00+02:00,15.46549675999098,15.628292083740236,15.302701436241726,15.628292083740234,6376
2020-09-29 00:00:00+02:00,15.628292083740236,15.79108585495822,15.46549675999098,15.628292083740234,2858
2020-09-30 00:00:00+02:00,15.465496842413593,15.95388126373291,15.465496842413593,15.95388126373291,2053
2020-10-01 00:00:00+02:00,15.953881872568067,15.953881872568067,15.62829276344042,15.87248420715332,1362
2020-10-02 00:00:00+02:00,15.872484759280557,15.953882427526734,15.465497970581055,15.465497970581055,2465
2020-10-05 00:00:00+02:00,15.46549863135377,15.709690093994142,15.302703287905885,15.70969009399414,2265
2020-10-06 00:00:00+02:00,15.628293307073411,15.7096894227882,15.302702634088698,15.465497970581055,3695
2020-10-07 00:00:00+02:00,15.546893119812012,15.546893119812012,15.384097809696877,15.546893119812012,685
2020-10-08 00:00:00+02:00,15.384099614681027,15.384099614681027,15.139908173388996,15.302701950073242,4708
2020-10-09 00:00:00+02:00,15.302701950073242,15.384099614681027,15.058510508781211,15.302701950073242,1250
2020-10-12 00:00:00+02:00,15.221305485895936,16.60505954209384,15.058510160446167,16.279470443725586,12661
2020-10-13 00:00:00+02:00,16.930648553840264,16.930648553840264,15.95388126373291,15.95388126373291,10195
2020-10-14 00:00:00+02:00,16.0352783203125,16.279469745482245,16.0352783203125,16.0352783203125,1732
2020-10-15 00:00:00+02:00,16.27947154798006,16.27947154798006,15.465497970581055,15.465497970581055,2205
2020-10-16 00:00:00+02:00,15.546895697445876,16.279471609360833,15.139908907211854,15.79108715057373,5105
2020-10-19 00:00:00+02:00,15.953882487679897,16.03528015623298,15.221306575764938,15.79108715057373,8720
2020-10-20 00:00:00+02:00,15.87248351683285,15.87248351683285,15.46549675999098,15.628292083740234,2258
2020-10-21 00:00:00+02:00,15.465497202779877,15.465497202779877,14.488728337381254,14.977112770080566,12980
2020-10-22 00:00:00+02:00,15.139907396285194,15.302701164613534,14.73292064666748,14.73292064666748,4314
2020-10-23 00:00:00+02:00,15.058510356479221,15.058510356479221,14.65152359008789,14.65152359008789,3788
2020-10-26 00:00:00+01:00,14.65152520149628,14.895716667175295,14.65152520149628,14.895716667175293,1406
2020-10-27 00:00:00+01:00,14.977114339912124,14.977114339912124,14.57012752875945,14.895716667175293,696
2020-10-28 00:00:00+01:00,14.651524135044642,14.651524135044642,14.163139686703548,14.244537353515625,5189
2020-10-29 00:00:00+01:00,13.918946266174316,14.163137679471827,13.430561887048155,13.918946266174316,9162
2020-10-30 00:00:00+01:00,13.918947028372044,14.000344688105574,13.349164962768555,13.349164962768555,6294
2020-11-02 00:00:00+01:00,13.430562737384548,14.73292064666748,13.349165076954757,14.73292064666748,245207
2020-11-03 00:00:00+01:00,15.302703287905885,15.709690093994142,15.302703287905885,15.70969009399414,5948
2020-11-04 00:00:00+01:00,16.11667513290547,16.11667513290547,15.139907836914062,15.139907836914062,5196
2020-11-05 00:00:00+01:00,15.465497626763757,15.465497626763757,15.221306179985291,15.384099960327148,5188
2020-11-06 00:00:00+01:00,15.791086739978827,15.791086739978827,15.302702293890542,15.384099960327148,3882
2020-11-09 00:00:00+01:00,15.384098598974479,16.11667442701494,15.384098598974479,16.0352783203125,8342
2020-11-10 00:00:00+01:00,16.03528015623298,16.03528015623298,15.709689482020647,15.79108715057373,4431
2020-11-11 00:00:00+01:00,15.79108715057373,15.79108715057373,15.79108715057373,15.79108715057373,0
2020-11-12 00:00:00+01:00,15.953881345357331,16.279470443725586,15.872483682632446,16.279470443725586,3095
2020-11-13 00:00:00+01:00,16.27947036043536,16.442265685052227,15.95388126373291,15.95388126373291,4554
2020-11-16 00:00:00+01:00,16.442264556884766,16.442264556884766,16.11667392999107,16.442264556884766,1734
2020-11-17 00:00:00+01:00,16.442264556884766,16.60505831780044,16.27946924343792,16.442264556884766,1679
2020-11-18 00:00:00+01:00,16.442266794324162,16.605060577392578,15.953882340056156,16.605060577392578,2948
2020-11-19 00:00:00+01:00,16.27946974164673,16.27946974164673,16.116674423217773,16.116674423217773,726
2020-11-20 00:00:00+01:00,16.11667392999107,16.442264556884766,15.953880169075394,16.442264556884766,2589
2020-11-23 00:00:00+01:00,16.27946974164673,16.27946974164673,15.953880657320036,16.116674423217773,1980
2020-11-24 00:00:00+01:00,16.1166750358185,16.1166750358185,15.872483601424477,15.95388126373291,2900
2020-11-25 00:00:00+01:00,15.953880661078845,16.11667442701494,15.872483001845191,16.0352783203125,1372
2020-11-26 00:00:00+01:00,16.035279537982813,16.035279537982813,15.87248420715332,15.87248420715332,1951
2020-11-27 00:00:00+01:00,15.87248420715332,16.116675650866224,15.87248420715332,15.87248420715332,1795
2020-11-30 00:00:00+01:00,15.953881872568067,15.953881872568067,15.87248420715332,15.87248420715332,3678
2020-12-01 00:00:00+01:00,15.953882487679897,16.03528015623298,15.79108715057373,15.79108715057373,1109
2020-12-02 00:00:00+01:00,15.79108585495822,15.79108585495822,15.628292083740236,15.628292083740234,1415
2020-12-03 00:00:00+01:00,15.791085338891083,16.116674423217773,15.791085338891083,16.116674423217773,1545
2020-12-04 00:00:00+01:00,16.116674423217773,16.19807208243225,16.116674423217773,16.116674423217773,626
2020-12-07 00:00:00+01:00,15.87248420715332,16.116675650866224,15.87248420715332,15.87248420715332,1989
2020-12-08 00:00:00+01:00,15.872483001845191,16.0352783203125,15.872483001845191,16.0352783203125,1434
2020-12-09 00:00:00+01:00,16.11667442701494,16.11667442701494,15.791085342611536,16.0352783203125,5355
2020-12-10 00:00:00+01:00,16.035280780889913,16.035280780889913,15.46549863135377,15.70969009399414,9054
2020-12-11 00:00:00+01:00,15.872483601424477,15.95388126373291,15.465496842413593,15.95388126373291,1970
2020-12-14 00:00:00+01:00,15.953882487679897,16.03528015623298,15.709689482020647,15.79108715057373,1325
2020-12-15 00:00:00+01:00,15.953881178707476,15.953881178707476,15.628292083740236,15.628292083740234,1807
2020-12-16 00:00:00+01:00,15.62829276344042,15.87248420715332,15.62829276344042,15.87248420715332,2962
2020-12-17 00:00:00+01:00,15.79108585495822,15.79108585495822,15.628292083740236,15.628292083740234,2299
2020-12-18 00:00:00+01:00,15.709690093994142,15.791087765718084,15.628293974801656,15.70969009399414,28486
2020-12-21 00:00:00+01:00,15.791084532453572,15.87248218751114,15.546893119812012,15.546893119812012,3895
2020-12-22 00:00:00+01:00,15.79108585495822,15.79108585495822,15.628292083740236,15.628292083740234,3143
2020-12-23 00:00:00+01:00,15.7096894227882,15.7096894227882,15.465497970581055,15.465497970581055,5465
2020-12-28 00:00:00+01:00,15.384099614681027,15.709688720580843,15.302701950073242,15.302701950073242,9287
2020-12-29 00:00:00+01:00,15.465495464754444,15.791084532453572,15.465495464754444,15.546893119812012,3953
2020-12-30 00:00:00+01:00,15.791087765718084,15.872485437442027,15.46549863135377,15.70969009399414,6649
2021-01-04 00:00:00+01:00,15.872484819126813,15.872484819126813,15.628293365998958,15.79108715057373,1960
2021-01-05 00:00:00+01:00,15.87248218751114,15.87248218751114,15.546893119812012,15.546893119812012,3248
2021-01-07 00:00:00+01:00,15.628291576675444,16.19807208624859,15.628291576675444,16.0352783203125,11213
2021-01-08 00:00:00+01:00,16.198071586714494,16.442264556884766,15.87248251235197,16.442264556884766,8465
2021-01-11 00:00:00+01:00,16.279470981695713,16.442266312525206,15.70968887632383,15.87248420715332,3251
2021-01-12 00:00:00+01:00,16.11667442701494,16.279469745482245,16.0352783203125,16.0352783203125,2488
2021-01-13 00:00:00+01:00,16.279469745482245,16.279469745482245,15.953880661078845,16.0352783203125,191
2021-01-14 00:00:00+01:00,15.953881345357331,16.279470443725586,15.953881345357331,16.279470443725586,535
2021-01-15 00:00:00+01:00,15.953881872568067,16.19807331628097,15.791086541738576,15.87248420715332,2066
2021-01-18 00:00:00+01:00,15.953882487679897,16.11667627225467,15.79108715057373,15.79108715057373,650
2021-01-19 00:00:00+01:00,15.953881178707476,16.0352788405821,15.628292083740236,15.628292083740234,698
2021-01-20 00:00:00+01:00,15.709690093994142,15.95388310916597,15.709690093994142,15.70969009399414,546
2021-01-21 00:00:00+01:00,15.87248420715332,15.953881872568067,15.87248420715332,15.87248420715332,505
2021-01-22 00:00:00+01:00,15.872483601424477,16.27947036043536,15.709688276807613,15.95388126373291,6543
2021-01-25 00:00:00+01:00,16.1166750358185,16.19807269812693,15.95388126373291,15.95388126373291,1126
2021-01-26 00:00:00+01:00,15.953880661078845,16.11667442701494,15.953880661078845,16.0352783203125,939
2021-01-27 00:00:00+01:00,16.035279537982813,16.116675650866224,15.87248420715332,15.87248420715332,2731
2021-01-28 00:00:00+01:00,15.872483682632446,16.279470443725586,15.791086019907562,16.279470443725586,9060
2021-01-29 00:00:00+01:00,16.442265685052227,16.442265685052227,15.95388126373291,15.95388126373291,1164
2021-02-01 00:00:00+01:00,16.442265769175354,16.442265769175354,16.279470443725586,16.279470443725586,6691
2021-02-02 00:00:00+01:00,16.60505882988565,16.60505882988565,16.0352783203125,16.0352783203125,1325
2021-02-03 00:00:00+01:00,16.279470443725586,16.279470443725586,15.953881345357331,16.279470443725586,2540
2021-02-04 00:00:00+01:00,16.442265769175354,16.442265769175354,16.035279008082217,16.279470443725586,2339
2021-02-05 00:00:00+01:00,16.279470443725586,16.442265769175354,16.116675118275815,16.279470443725586,990
2021-02-08 00:00:00+01:00,16.442264556884766,16.442264556884766,16.198071586714494,16.442264556884766,3595
2021-02-09 00:00:00+01:00,16.60505954209384,17.093443965911863,16.279470443725586,16.279470443725586,5604
2021-02-10 00:00:00+01:00,16.76785486754361,16.76785486754361,16.1980727810007,16.279470443725586,529
2021-02-11 00:00:00+01:00,16.1980727810007,16.76785486754361,16.1980727810007,16.279470443725586,804
2021-02-12 00:00:00+01:00,16.605060577392578,16.605060577392578,16.198073790924468,16.605060577392578,1201
2021-02-15 00:00:00+01:00,16.60505831780044,16.76785363124729,16.198071586714494,16.442264556884766,1924
2021-02-16 00:00:00+01:00,16.605060577392578,16.605060577392578,16.279471458724366,16.605060577392578,735
2021-02-17 00:00:00+01:00,16.60505954209384,16.60505954209384,16.279470443725586,16.279470443725586,1051
2021-02-18 00:00:00+01:00,16.27946974164673,16.442265060075684,15.953880657320036,16.116674423217773,3938
2021-02-19 00:00:00+01:00,16.1980727810007,16.442265769175354,16.1980727810007,16.279470443725586,203
2021-02-22 00:00:00+01:00,16.27946974164673,16.27946974164673,15.87248299810556,16.116674423217773,1244
2021-02-23 00:00:00+01:00,15.95388310916597,16.1166769000824,15.709690093994142,15.70969009399414,3122
2021-02-24 00:00:00+01:00,15.79108585495822,16.0352788405821,15.628292083740236,15.628292083740234,2043
2021-02-25 00:00:00+01:00,15.791085939116046,15.95388126373291,15.709688276807613,15.95388126373291,1322
2021-02-26 00:00:00+01:00,15.709688276807613,15.95388126373291,15.628292167030459,15.95388126373291,1369
2021-03-01 00:00:00+01:00,15.953880169075394,16.60505831780044,15.953880169075394,16.442264556884766,4471
2021-03-02 00:00:00+01:00,16.442265769175354,16.442265769175354,16.116675118275815,16.279470443725586,772
2021-03-03 00:00:00+01:00,16.1980727810007,16.442265769175354,16.1980727810007,16.279470443725586,839
2021-03-04 00:00:00+01:00,16.279470443725586,16.279470443725586,16.116675118275815,16.279470443725586,397
2021-03-05 00:00:00+01:00,16.27946924343792,16.442264556884766,16.11667392999107,16.442264556884766,686
2021-03-08 00:00:00+01:00,16.442265769175354,16.442265769175354,16.279470443725586,16.279470443725586,1117
2021-03-09 00:00:00+01:00,16.116675118275815,16.442265769175354,16.116675118275815,16.279470443725586,1420
2021-03-10 00:00:00+01:00,16.279468177516843,16.44226348030444,15.953879124472722,16.198070526123047,1877
2021-03-11 00:00:00+01:00,16.11667392999107,16.442264556884766,15.87248251235197,16.442264556884766,2442
2021-03-12 00:00:00+01:00,16.279470443725586,16.279470443725586,16.279470443725586,16.279470443725586,1108
2021-03-15 00:00:00+01:00,16.442265060075684,16.442265060075684,16.116674423217773,16.116674423217773,1364
2021-03-16 00:00:00+01:00,16.116675118275815,16.442265769175354,15.709688357182676,16.279470443725586,5146
2021-03-17 00:00:00+01:00,16.279470443725586,16.442265769175354,16.035279008082217,16.279470443725586,3641
2021-03-18 00:00:00+01:00,16.116675118275815,16.60505954209384,16.116675118275815,16.279470443725586,7022
2021-03-19 00:00:00+01:00,16.605060577392578,16.767855912992374,16.605060577392578,16.605060577392578,3954
2021-03-22 00:00:00+01:00,16.605057230560966,16.605057230560966,16.198070526123047,16.198070526123047,585
2021-03-23 00:00:00+01:00,16.44226348030444,16.44226348030444,16.198070526123047,16.198070526123047,212
2021-03-24 00:00:00+01:00,16.1980727810007,16.279470443725586,16.1980727810007,16.279470443725586,204
2021-03-25 00:00:00+01:00,16.279470443725586,16.279470443725586,16.1980727810007,16.279470443725586,196
2021-03-26 00:00:00+01:00,16.1980727810007,16.279470443725586,16.116675118275815,16.279470443725586,470
2021-03-29 00:00:00+02:00,16.27946974164673,16.27946974164673,16.116674423217773,16.116674423217773,1007
2021-03-30 00:00:00+02:00,15.953880657320036,16.116674423217773,15.791085338891083,16.116674423217773,3254
2021-03-31 00:00:00+02:00,16.116674423217773,16.116674423217773,15.953880657320036,16.116674423217773,129
2021-04-01 00:00:00+02:00,16.19807208624859,16.19807208624859,16.0352783203125,16.0352783203125,404
2021-04-06 00:00:00+02:00,15.994578710661667,16.116674423217773,15.87248299810556,16.116674423217773,894
2021-04-07 00:00:00+02:00,16.19807183335163,16.279469491314444,16.035278069957204,16.238771438598633,1129
2021-04-08 00:00:00+02:00,16.238771438598633,16.238771438598633,16.035278069957204,16.238771438598633,480
2021-04-09 00:00:00+02:00,16.23877012808548,16.23877012808548,16.03527677586652,16.198070526123047,869
2021-04-12 00:00:00+02:00,16.035279348695244,16.360868453979492,16.035279348695244,16.360868453979492,2146
2021-04-13 00:00:00+02:00,16.279470443725586,16.36086810645047,16.116675118275815,16.279470443725586,1557
2021-04-14 00:00:00+02:00,16.279470443725586,16.279470443725586,16.279470443725586,16.279470443725586,250
2021-04-15 00:00:00+02:00,16.279471058123015,16.360868723919896,16.15737533569336,16.15737533569336,182
2021-04-16 00:00:00+02:00,16.36086810645047,16.36086810645047,16.1980727810007,16.279470443725586,350
2021-04-19 00:00:00+02:00,16.279469491314444,16.279469491314444,16.035278069957204,16.238771438598633,1025
2021-04-20 00:00:00+02:00,16.07597698092992,16.19807269812693,15.791085939116046,15.95388126373291,2943
2021-04-21 00:00:00+02:00,15.953880661078845,16.075976373663718,15.709687683377881,16.0352783203125,3816
2021-04-22 00:00:00+02:00,16.442265769175354,16.686457204818726,16.035279008082217,16.279470443725586,6138
2021-04-23 00:00:00+02:00,16.279470443725586,16.279470443725586,16.075977063179014,16.279470443725586,1160
2021-04-26 00:00:00+02:00,16.279469745482245,16.3608674047159,15.994578714430064,16.0352783203125,2478
2021-04-27 00:00:00+02:00,16.238772653545034,16.279470709305773,16.075977325439453,16.075977325439453,1038
2021-04-28 00:00:00+02:00,16.075974825297884,16.279468177516843,15.953879124472722,16.198070526123047,2006
2021-04-29 00:00:00+02:00,16.1980727810007,16.279470443725586,16.116675118275815,16.279470443725586,1402
2021-04-30 00:00:00+02:00,16.2794707895256,16.360868453979492,16.19807312507171,16.360868453979492,4650
2021-05-04 00:00:00+02:00,16.523662567138672,16.523662567138672,16.198073455218317,16.523662567138672,1713
2021-05-05 00:00:00+02:00,16.279470443725586,16.36086810645047,16.1980727810007,16.279470443725586,1546
2021-05-06 00:00:00+02:00,16.360865828910644,16.360865828910644,16.075974825297884,16.198070526123047,1317
2021-05-07 00:00:00+02:00,16.238772733564314,16.360868453979492,16.157375069110422,16.360868453979492,2852
2021-05-10 00:00:00+02:00,16.1573747259039,16.442265769175354,16.1573747259039,16.279470443725586,1957
2021-05-11 00:00:00+02:00,16.442265060075684,16.442265060075684,16.116674423217773,16.116674423217773,577
2021-05-12 00:00:00+02:00,16.36086810645047,16.523661879368955,16.279470443725586,16.279470443725586,1563
2021-05-13 00:00:00+02:00,16.442265769175354,16.442265769175354,16.1573747259039,16.279470443725586,2053
2021-05-14 00:00:00+02:00,16.279470443725586,16.442265769175354,16.1573747259039,16.279470443725586,982
2021-05-17 00:00:00+02:00,16.442265769175354,16.523661879368955,16.238772388628785,16.279470443725586,2978
2021-05-18 00:00:00+02:00,16.360867149277254,16.442264807240065,16.238771438598633,16.238771438598633,1280
2021-05-19 00:00:00+02:00,16.238773001490244,16.279471058123015,16.15737533569336,16.15737533569336,1187
2021-05-20 00:00:00+02:00,16.279470443725586,16.279470443725586,16.1573747259039,16.279470443725586,890
2021-05-21 00:00:00+02:00,16.279470443725586,16.279470443725586,16.1573747259039,16.279470443725586,1504
2021-05-24 00:00:00+02:00,16.279468177516843,16.279468177516843,16.198070526123047,16.198070526123047,2673
2021-05-25 00:00:00+02:00,16.19807183335163,16.238771438598633,15.9945784647102,16.238771438598633,5675
2021-05-26 00:00:00+02:00,16.1980727810007,16.279470443725586,16.116675118275815,16.279470443725586,310
2021-05-27 00:00:00+02:00,16.360868453979492,16.442266118433384,16.238772733564314,16.360868453979492,867
2021-05-28 00:00:00+02:00,16.442265769175354,16.523661879368955,16.279470443725586,16.279470443725586,4510
2021-05-31 00:00:00+02:00,16.442266453557096,16.523662567138672,16.279471121331245,16.523662567138672,3586
2021-06-01 00:00:00+02:00,16.442266794324162,16.686458245192476,16.360869126524264,16.605060577392578,3768
2021-06-02 00:00:00+02:00,16.76785765489699,17.907420464883252,16.76785765489699,17.66322898864746,27017
2021-06-04 00:00:00+02:00,18.15161066376359,18.314406004819002,17.500432404604823,17.907419204711914,8349
2021-06-07 00:00:00+02:00,18.15160729162778,18.15160729162778,17.33763384263046,17.500429153442383,3797
2021-06-08 00:00:00+02:00,17.58182716369629,17.82601858231146,17.58182716369629,17.58182716369629,1931
2021-06-09 00:00:00+02:00,17.74462056712912,17.74462056712912,17.33763384263046,17.500429153442383,477
2021-06-10 00:00:00+02:00,17.500431734502662,17.7446231842041,17.337636399680786,17.7446231842041,3167
2021-06-11 00:00:00+02:00,17.744620925262677,17.744620925262677,17.33763419254994,17.58182716369629,1992
2021-06-14 00:00:00+02:00,17.744621626842324,17.826019287109375,17.337634878038315,17.826019287109375,4967
2021-06-15 00:00:00+02:00,17.58182997240356,17.74462375997635,17.256240844726562,17.256240844726562,5581
2021-06-16 00:00:00+02:00,17.337635040283203,17.41903270131197,17.337635040283203,17.337635040283203,1650
2021-06-17 00:00:00+02:00,17.59012597660449,17.59012597660449,16.62224853487193,17.505962371826172,1096
2021-06-18 00:00:00+02:00,17.33763700746042,17.505962614058962,17.16930979557461,17.42180061340332,629
2021-06-21 00:00:00+02:00,17.5059623688502,17.5059623688502,17.085145950317383,17.085145950317383,682
2021-06-22 00:00:00+02:00,17.0851460110258,17.169309616088867,17.0851460110258,17.169309616088867,352
2021-06-23 00:00:00+02:00,17.169307778456687,17.842614941609877,17.169307778456687,17.25347137451172,5174
2021-06-24 00:00:00+02:00,17.0851460110258,17.253473221151935,17.0851460110258,17.169309616088867,203
2021-06-25 00:00:00+02:00,17.169307778456687,17.25347137451172,17.169307778456687,17.25347137451172,1122
2021-06-28 00:00:00+02:00,17.16930782364822,17.84261498857363,17.16930782364822,17.674287796020508,5443
2021-06-29 00:00:00+02:00,17.337636826215004,17.505962431053895,17.0851460110258,17.169309616088867,2001
2021-06-30 00:00:00+02:00,17.000984011249976,17.169309616088867,17.000984011249976,17.169309616088867,3017
2021-07-01 00:00:00+02:00,17.169309558000137,17.758453186161127,17.169309558000137,17.505962371826172,2057
2021-07-02 00:00:00+02:00,17.758453369140625,17.758453369140625,17.337636946200263,17.758453369140625,4480
2021-07-05 00:00:00+02:00,17.75845139229707,17.75845139229707,17.337635016201343,17.674287796020508,513
2021-07-06 00:00:00+02:00,17.75845139229707,17.75845139229707,17.253471419924782,17.674287796020508,796
2021-07-07 00:00:00+02:00,17.674287796020508,17.674287796020508,17.674287796020508,17.674287796020508,25
2021-07-08 00:00:00+02:00,17.337634970566754,17.67428774949981,17.25347137451172,17.25347137451172,707
2021-07-09 00:00:00+02:00,17.337636827674444,17.67428964266781,17.169309617534136,17.590126037597656,2968
2021-07-12 00:00:00+02:00,17.169309555081394,17.42180036937343,17.085145950317383,17.085145950317383,1794
2021-07-13 00:00:00+02:00,17.169309555081394,17.337636764609417,17.085145950317383,17.085145950317383,496
2021-07-14 00:00:00+02:00,17.169307778456687,17.25347137451172,17.085144182401653,17.25347137451172,130
2021-07-15 00:00:00+02:00,17.253473401517514,17.590126220001867,17.253473401517514,17.42180061340332,698
2021-07-16 00:00:00+02:00,17.421798636676666,17.674287820569976,17.337635040283203,17.337635040283203,492
2021-07-19 00:00:00+02:00,17.3376350653188,17.3376350653188,17.0009822845459,17.0009822845459,678
2021-07-20 00:00:00+02:00,17.00098221494485,17.169307801998645,16.748491426433546,16.916818618774414,934
2021-07-21 00:00:00+02:00,16.916818618774414,16.916818618774414,16.748491426433546,16.916818618774414,373
2021-07-22 00:00:00+02:00,16.9168203460766,17.085145950317383,16.9168203460766,17.085145950317383,937
2021-07-23 00:00:00+02:00,17.08514425110281,17.337635040283203,17.08514425110281,17.337635040283203,1463
2021-07-26 00:00:00+02:00,17.590124199743947,17.674287796020508,17.590124199743947,17.674287796020508,3995
2021-07-27 00:00:00+02:00,17.75845139229707,17.75845139229707,17.421798612477904,17.674287796020508,16257
2021-07-28 00:00:00+02:00,17.758453369140625,18.010942580789937,17.6742897634951,17.758453369140625,1165
2021-07-29 00:00:00+02:00,17.505964237237617,17.926780700683594,17.505964237237617,17.926780700683594,1170
2021-07-30 00:00:00+02:00,17.505960603467386,18.010940575839673,17.253471419924782,17.674287796020508,4800
2021-08-02 00:00:00+02:00,17.674291464730974,17.926780700683594,17.674291464730974,17.926780700683594,1641
2021-08-03 00:00:00+02:00,18.010940575839673,18.010940575839673,17.590124199743947,17.674287796020508,4904
2021-08-04 00:00:00+02:00,17.926776955593784,18.010940551757812,17.7584513685528,18.010940551757812,2584
2021-08-05 00:00:00+02:00,18.010942579371623,18.34759539663995,17.6742897621033,18.179269790649414,1533
2021-08-06 00:00:00+02:00,18.01094251951872,18.76841175717709,18.01094251951872,18.51592254638672,7713
2021-08-09 00:00:00+02:00,18.768409893526474,18.768409893526474,18.17926792508667,18.60008430480957,701
2021-08-10 00:00:00+02:00,18.600086029258645,18.600086029258645,18.263433215326025,18.34759521484375,880
2021-08-11 00:00:00+02:00,18.17926960476548,18.347595209034875,17.505962371826172,17.505962371826172,3420
2021-08-12 00:00:00+02:00,17.505962371826172,17.67428958138281,17.421800372335095,17.505962371826172,1450
2021-08-13 00:00:00+02:00,17.59012615784958,18.010942580789937,17.169309734909216,17.758453369140625,6136
2021-08-16 00:00:00+02:00,17.758453369140625,17.842616974786146,17.758453369140625,17.758453369140625,5161
2021-08-17 00:00:00+02:00,18.010942580789937,18.010942580789937,17.6742897634951,17.758453369140625,748
2021-08-18 00:00:00+02:00,17.758453431887673,17.758453431887673,17.42180061340332,17.42180061340332,400
2021-08-19 00:00:00+02:00,17.42180061340332,17.42180061340332,17.33763700746042,17.42180061340332,799
2021-08-20 00:00:00+02:00,17.505962550825505,18.179269790649414,17.505962550825505,18.179269790649414,1150
2021-08-23 00:00:00+02:00,17.674291464730974,18.09510792817695,17.674291464730974,17.926780700683594,1539
2021-08-24 00:00:00+02:00,18.09510606273133,18.09510606273133,17.505962432527504,17.590126037597656,415
2021-08-25 00:00:00+02:00,17.926780700683594,17.926780700683594,17.505964237237617,17.926780700683594,568
2021-08-26 00:00:00+02:00,17.50596261119556,17.84261703491211,17.337637004624547,17.84261703491211,818
2021-08-27 00:00:00+02:00,17.67428964266781,17.67428964266781,17.590126037597656,17.590126037597656,540
2021-08-30 00:00:00+02:00,17.674287796020508,18.010940575839673,17.590124199743947,17.674287796020508,368
2021-08-31 00:00:00+02:00,18.010940575839673,18.010940575839673,17.674287796020508,17.674287796020508,780
2021-09-01 00:00:00+02:00,17.000984188976066,17.505962614058962,17.000984188976066,17.42180061340332,5255
2021-09-02 00:00:00+02:00,17.42180061340332,17.42180061340332,17.16930979557461,17.42180061340332,1765
2021-09-03 00:00:00+02:00,17.42180061340332,17.42180061340332,17.42180061340332,17.42180061340332,95
2021-09-06 00:00:00+02:00,17.42180061340332,17.42180061340332,17.33763700746042,17.42180061340332,322
2021-09-07 00:00:00+02:00,17.421800431278072,17.421800431278072,17.169309616088867,17.169309616088867,1083
2021-09-08 00:00:00+02:00,17.169307847496274,17.421798636676666,17.169307847496274,17.337635040283203,1307
2021-09-09 00:00:00+02:00,17.25347137451172,17.25347137451172,17.169307778456687,17.25347137451172,225
2021-09-10 00:00:00+02:00,17.337635040283203,17.421798636676666,17.253471443889737,17.337635040283203,1036
2021-09-13 00:00:00+02:00,17.337634970566754,17.337634970566754,17.169307778456687,17.25347137451172,1041
2021-09-14 00:00:00+02:00,17.169309616088867,17.337636826215004,17.0851460110258,17.169309616088867,818
2021-09-15 00:00:00+02:00,17.25347137451172,17.337634970566754,17.25347137451172,17.25347137451172,857
2021-09-16 00:00:00+02:00,17.253473221151935,17.253473221151935,17.169309616088867,17.169309616088867,2225
2021-09-17 00:00:00+02:00,17.169307847496274,17.337635040283203,17.169307847496274,17.337635040283203,141
2021-09-20 00:00:00+02:00,17.337636826215004,17.337636826215004,17.000984011249976,17.169309616088867,6022
2021-09-21 00:00:00+02:00,17.000982191633696,17.25347137451172,16.91681859557866,17.25347137451172,891
2021-09-22 00:00:00+02:00,17.253471443889737,17.337635040283203,17.00098225999643,17.337635040283203,480
2021-09-23 00:00:00+02:00,17.337636826215004,17.337636826215004,17.169309616088867,17.169309616088867,103
2021-09-24 00:00:00+02:00,17.337635040283203,17.421798636676666,17.337635040283203,17.337635040283203,281
2021-09-27 00:00:00+02:00,17.421800372335095,17.67428958138281,17.421800372335095,17.505962371826172,1180
2021-09-28 00:00:00+02:00,17.505960627783047,17.674287820569976,17.337635040283203,17.337635040283203,504
2021-09-29 00:00:00+02:00,17.337636826215004,17.505962431053895,17.169309616088867,17.169309616088867,693
2021-09-30 00:00:00+02:00,17.169307847496274,17.337635040283203,16.8326550672095,17.337635040283203,19824
2021-10-01 00:00:00+02:00,17.253471443889737,17.337635040283203,17.253471443889737,17.337635040283203,1931
2021-10-04 00:00:00+02:00,17.337634970566754,17.590124153444776,17.000982191633696,17.25347137451172,1508
2021-10-05 00:00:00+02:00,17.337636767556774,17.505962371826172,17.337636767556774,17.505962371826172,344
2021-10-06 00:00:00+02:00,17.5901262171247,17.926779035553984,17.5901262171247,17.84261703491211,3220
2021-10-07 00:00:00+02:00,17.674287796020508,17.75845139229707,17.674287796020508,17.674287796020508,680
2021-10-08 00:00:00+02:00,17.674287796020508,17.84261498857363,17.674287796020508,17.674287796020508,1283
2021-10-11 00:00:00+02:00,17.84261496471683,18.09510414792184,17.84261496471683,18.010940551757812,4776
2021-10-12 00:00:00+02:00,18.010942579371623,18.179269790649414,17.84261697338109,18.179269790649414,1933
2021-10-13 00:00:00+02:00,18.09510612487793,18.09510612487793,18.01094251951872,18.09510612487793,138
2021-10-14 00:00:00+02:00,17.926778975144412,17.926778975144412,17.59012615784958,17.758453369140625,862
2021-10-15 00:00:00+02:00,18.09510624741226,18.09510624741226,17.84261703491211,17.84261703491211,91
2021-10-18 00:00:00+02:00,18.095104172116233,18.095104172116233,17.590124199743947,17.674287796020508,912
2021-10-19 00:00:00+02:00,17.67428964266781,18.010942457661177,17.590126037597656,17.590126037597656,977
2021-10-20 00:00:00+02:00,17.5901262171247,17.84261703491211,17.50596261119556,17.84261703491211,549
2021-10-21 00:00:00+02:00,17.67428964266781,17.92677885259102,17.590126037597656,17.590126037597656,299
2021-10-22 00:00:00+02:00,17.590124199743947,17.84261498857363,17.590124199743947,17.674287796020508,306
2021-10-25 00:00:00+02:00,17.926779035553984,17.926779035553984,17.674289823053837,17.84261703491211,329
2021-10-26 00:00:00+02:00,17.926780700683594,17.926780700683594,17.926780700683594,17.926780700683594,93
2021-10-27 00:00:00+02:00,18.010940551757812,18.010940551757812,17.7584513685528,18.010940551757812,444
2021-10-28 00:00:00+02:00,18.09510414792184,18.09510414792184,17.590124176224744,18.010940551757812,2721
2021-10-29 00:00:00+02:00,17.842616914087557,18.09510612487793,17.842616914087557,18.09510612487793,237
2021-11-02 00:00:00+01:00,18.010944314430272,18.34759716412957,17.926780700683594,17.926780700683594,1917
2021-11-03 00:00:00+01:00,18.010940575839673,18.010940575839673,17.674287796020508,17.674287796020508,584
2021-11-04 00:00:00+01:00,17.926776955593784,18.010940551757812,17.674287772388773,18.010940551757812,108
2021-11-05 00:00:00+01:00,18.010942580789937,18.010942580789937,17.6742897634951,17.758453369140625,595
2021-11-08 00:00:00+01:00,17.758453431887673,17.926779038486217,17.42180061340332,17.42180061340332,2140
2021-11-09 00:00:00+01:00,17.505962432527504,17.842616852808117,17.421800432744597,17.590126037597656,937
2021-11-10 00:00:00+01:00,17.84261703491211,17.84261703491211,17.50596261119556,17.84261703491211,2223
2021-11-12 00:00:00+01:00,17.926780700683594,17.926780700683594,17.842618692224328,17.926780700683594,1129
2021-11-15 00:00:00+01:00,17.926778914159513,18.09510612487793,17.75845330872835,18.09510612487793,1180
2021-11-16 00:00:00+01:00,17.926776955593784,18.010940551757812,17.7584513685528,18.010940551757812,797
2021-11-17 00:00:00+01:00,17.84261697338109,18.179269790649414,17.84261697338109,18.179269790649414,1557
2021-11-18 00:00:00+01:00,18.010940551757812,18.17926774408587,18.010940551757812,18.010940551757812,1432
2021-11-19 00:00:00+01:00,18.010942580789937,18.010942580789937,17.758453369140625,17.758453369140625,2176
2021-11-22 00:00:00+01:00,17.926779038486217,17.926779038486217,17.42180061340332,17.42180061340332,847
2021-11-23 00:00:00+01:00,17.842616974786146,17.842616974786146,17.421800551845788,17.758453369140625,641
2021-11-24 00:00:00+01:00,17.505962614058962,17.758453431887673,17.42180061340332,17.42180061340332,1217
2021-11-25 00:00:00+01:00,17.67428982594477,17.67428982594477,17.42180061340332,17.42180061340332,1061
2021-11-26 00:00:00+01:00,17.421798661833797,17.421798661833797,16.832655091515907,17.0009822845459,4693
2021-11-29 00:00:00+01:00,17.08514425110281,17.421798636676666,17.08514425110281,17.337635040283203,352
2021-11-30 00:00:00+01:00,17.421798636676666,17.421798636676666,17.253471443889737,17.337635040283203,273
2021-12-01 00:00:00+01:00,17.421800372335095,17.59012597660449,17.421800372335095,17.505962371826172,501
2021-12-02 00:00:00+01:00,17.421800432744597,17.590126037597656,17.421800432744597,17.590126037597656,491
2021-12-03 00:00:00+01:00,17.505962371826172,17.59012597660449,17.253473162778455,17.505962371826172,980
2021-12-06 00:00:00+01:00,17.505962371826172,17.505962371826172,17.505962371826172,17.505962371826172,307
2021-12-07 00:00:00+01:00,17.505960557389745,17.505960557389745,17.25347137451172,17.25347137451172,631
2021-12-08 00:00:00+01:00,17.253473401517514,17.67428982594477,17.253473401517514,17.42180061340332,1334
2021-12-09 00:00:00+01:00,17.505960557389745,17.505960557389745,17.25347137451172,17.25347137451172,737
2021-12-10 00:00:00+01:00,17.505962432527504,17.67428964266781,17.337636827674444,17.590126037597656,879
2021-12-13 00:00:00+01:00,17.674287796020508,17.674287796020508,17.337635016201343,17.674287796020508,2212
2021-12-14 00:00:00+01:00,17.758451345554843,17.758451345554843,17.25347137451172,17.25347137451172,4116
2021-12-15 00:00:00+01:00,17.590126220001867,17.67428982594477,17.42180061340332,17.42180061340332,2067
2021-12-16 00:00:00+01:00,17.590124199743947,17.674287796020508,17.590124199743947,17.674287796020508,544
2021-12-17 00:00:00+01:00,17.337635040283203,17.75845141696344,17.337635040283203,17.337635040283203,2177
2021-12-20 00:00:00+01:00,17.505960627783047,17.505960627783047,17.253471443889737,17.337635040283203,1742
2021-12-21 00:00:00+01:00,17.590126036116963,17.590126036116963,17.169309616088867,17.169309616088867,2999
2021-12-22 00:00:00+01:00,17.59012597660449,17.59012597660449,17.253473162778455,17.505962371826172,150
2021-12-23 00:00:00+01:00,17.59012597660449,17.59012597660449,17.337636767556774,17.505962371826172,956
2021-12-27 00:00:00+01:00,17.505962614058962,17.590126220001867,17.33763700746042,17.42180061340332,1773
2021-12-28 00:00:00+01:00,17.33763700746042,17.505962614058962,17.33763700746042,17.42180061340332,3062
2021-12-29 00:00:00+01:00,17.59012597660449,17.59012597660449,17.253473162778455,17.505962371826172,4572
2021-12-30 00:00:00+01:00,17.590124199743947,17.926776979563112,17.421798612477904,17.674287796020508,24107
2022-01-03 00:00:00+01:00,17.674287796020508,17.926776979563112,17.674287796020508,17.674287796020508,683
2022-01-04 00:00:00+01:00,17.7584513685528,18.010940551757812,17.7584513685528,18.010940551757812,1035
2022-01-05 00:00:00+01:00,18.01094264442912,18.095106250372027,17.42180061340332,17.42180061340332,2955
2022-01-07 00:00:00+01:00,17.674287796020508,17.674287796020508,17.421798612477904,17.674287796020508,2284
2022-01-10 00:00:00+01:00,17.67428958138281,17.67428958138281,17.505962371826172,17.505962371826172,1167
2022-01-11 00:00:00+01:00,17.590124199743947,17.674287796020508,17.590124199743947,17.674287796020508,1945
2022-01-12 00:00:00+01:00,17.674287796020508,17.674287796020508,17.505960603467386,17.674287796020508,7457
2022-01-13 00:00:00+01:00,17.67428964266781,17.67428964266781,17.421800432744597,17.590126037597656,1717
2022-01-14 00:00:00+01:00,17.421800432744597,17.590126037597656,17.421800432744597,17.590126037597656,1026
2022-01-17 00:00:00+01:00,17.67428964266781,17.67428964266781,17.590126037597656,17.590126037597656,664
2022-01-18 00:00:00+01:00,17.590126037597656,17.590126037597656,17.337636827674444,17.590126037597656,3913
2022-01-19 00:00:00+01:00,17.590124224176513,17.590124224176513,17.337635040283203,17.337635040283203,3421
2022-01-20 00:00:00+01:00,17.5059623688502,17.5059623688502,17.085145950317383,17.085145950317383,6958
2022-01-21 00:00:00+01:00,17.085144182401653,17.25347137451172,16.91681859557866,17.25347137451172,2806
2022-01-24 00:00:00+01:00,17.253471181983993,17.253471181983993,16.66432762145996,16.66432762145996,4885
2022-01-25 00:00:00+01:00,16.538084159976076,16.832655960339448,16.538084159976076,16.706411361694336,2205
2022-01-26 00:00:00+01:00,16.706411361694336,16.706411361694336,16.622247760835204,16.706411361694336,1299
2022-01-27 00:00:00+01:00,16.832655960339448,16.832655960339448,16.66432875862119,16.706411361694336,1770
2022-01-28 00:00:00+01:00,16.664327854040554,16.706410454829356,16.58016586303711,16.58016586303711,2470
2022-01-31 00:00:00+01:00,16.79057502746582,16.79057502746582,16.5380842239123,16.79057502746582,1495
2022-02-01 00:00:00+01:00,16.83265495300293,16.916818548825358,16.83265495300293,16.83265495300293,588
2022-02-02 00:00:00+01:00,16.83265502260398,16.916818618774414,16.748491426433546,16.916818618774414,847
2022-02-03 00:00:00+01:00,16.916818548825358,17.085144135183146,16.706410361912823,16.83265495300293,634
2022-02-04 00:00:00+01:00,16.91681956119858,16.91681956119858,16.580166763049224,16.706411361694336,1287
2022-02-07 00:00:00+01:00,16.916818548825358,17.00098214464779,16.83265495300293,16.83265495300293,3569
2022-02-08 00:00:00+01:00,17.000983950840613,17.085145950317383,16.83265674131259,17.085145950317383,699
2022-02-09 00:00:00+01:00,17.08514427577381,17.08514427577381,17.0009822845459,17.0009822845459,181
2022-02-10 00:00:00+01:00,17.169309555081394,17.337636764609417,17.000983950840613,17.085145950317383,2147
2022-02-11 00:00:00+01:00,17.169307847496274,17.337635040283203,17.169307847496274,17.337635040283203,1037
2022-02-14 00:00:00+01:00,17.421798661833797,17.50596065306171,16.832655091515907,17.0009822845459,12955
2022-02-15 00:00:00+01:00,17.000984011249976,17.337636826215004,17.000984011249976,17.169309616088867,2970
2022-02-16 00:00:00+01:00,17.337634970566754,17.421798566621785,17.169307778456687,17.25347137451172,477
2022-02-17 00:00:00+01:00,17.421800431278072,17.421800431278072,17.169309616088867,17.169309616088867,679
2022-02-18 00:00:00+01:00,17.169309555081394,17.337636764609417,17.085145950317383,17.085145950317383,2439
2022-02-21 00:00:00+01:00,17.253473159845406,17.253473159845406,17.085145950317383,17.085145950317383,2316
2022-02-22 00:00:00+01:00,17.085145950317383,17.169309555081394,17.085145950317383,17.085145950317383,1657
2022-02-23 00:00:00+01:00,17.253473221151935,17.253473221151935,17.169309616088867,17.169309616088867,1310
2022-02-24 00:00:00+01:00,17.085145950317383,17.253473159845406,16.580167532307797,17.085145950317383,9343
2022-02-25 00:00:00+01:00,16.832655091515907,17.169307872288808,16.832655091515907,17.0009822845459,2304
2022-02-28 00:00:00+01:00,17.169309555081394,17.169309555081394,17.000983950840613,17.085145950317383,596
2022-03-01 00:00:00+01:00,17.08514427577381,17.169307872288808,16.832655091515907,17.0009822845459,1583
2022-03-02 00:00:00+01:00,17.085144135183146,17.50596050900822,16.83265495300293,16.83265495300293,5227
2022-03-03 00:00:00+01:00,16.916820406186908,17.253473221151935,16.916820406186908,17.169309616088867,1740
2022-03-04 00:00:00+01:00,17.25347137451172,17.505960557389745,17.000982191633696,17.25347137451172,2626
2022-03-07 00:00:00+01:00,17.33763700746042,17.505962614058962,17.000984188976066,17.42180061340332,3896
2022-03-08 00:00:00+01:00,17.421800432744597,17.590126037597656,17.421800432744597,17.590126037597656,6406
2022-03-09 00:00:00+01:00,17.253473401517514,17.590126220001867,17.085146189631704,17.42180061340332,1681
2022-03-10 00:00:00+01:00,17.505962614058962,17.505962614058962,17.253473401517514,17.42180061340332,837
2022-03-11 00:00:00+01:00,17.67428958138281,17.67428958138281,17.505962371826172,17.505962371826172,1536
2022-03-14 00:00:00+01:00,17.674287796020508,17.674287796020508,17.505960603467386,17.674287796020508,1412
2022-03-15 00:00:00+01:00,17.67428964266781,17.67428964266781,17.169309617534136,17.590126037597656,2167
2022-03-16 00:00:00+01:00,17.590126036116963,17.590126036116963,17.0851460110258,17.169309616088867,7780
2022-03-17 00:00:00+01:00,17.25347137451172,17.590124153444776,17.25347137451172,17.25347137451172,2355
2022-03-18 00:00:00+01:00,17.505960557389745,17.505960557389745,17.25347137451172,17.25347137451172,821
2022-03-21 00:00:00+01:00,17.253471443889737,17.590124224176513,17.253471443889737,17.337635040283203,406
2022-03-22 00:00:00+01:00,17.59012597660449,17.59012597660449,17.253473162778455,17.505962371826172,1320
2022-03-23 00:00:00+01:00,17.505962371826172,17.67428958138281,17.421800372335095,17.505962371826172,1353
2022-03-24 00:00:00+01:00,17.67428958138281,17.67428958138281,17.337636767556774,17.505962371826172,569
2022-03-25 00:00:00+01:00,17.337635016201343,17.674287796020508,17.337635016201343,17.674287796020508,747
2022-03-28 00:00:00+02:00,17.6742897621033,18.179269790649414,17.505962550825505,18.179269790649414,3452
2022-03-29 00:00:00+02:00,18.179269730237138,18.347595335668302,17.842616914087557,18.09510612487793,1096
2022-03-30 00:00:00+02:00,18.095106244588887,18.2634334564209,17.674289820296124,18.2634334564209,1326
2022-03-31 00:00:00+02:00,18.263433335596346,18.263433335596346,17.67428970336914,18.09510612487793,2353
2022-04-01 00:00:00+02:00,18.2634313402499,18.2634313402499,17.674287772388773,18.010940551757812,522
2022-04-04 00:00:00+02:00,18.09510618643546,18.09510618643546,17.6742897634951,17.758453369140625,1147
2022-04-05 00:00:00+02:00,17.926778914159513,18.09510612487793,17.926778914159513,18.09510612487793,545
2022-04-06 00:00:00+02:00,18.010942580789937,18.010942580789937,17.6742897634951,17.758453369140625,956
2022-04-07 00:00:00+02:00,18.1792698533414,18.1792698533414,17.75845342898297,17.84261703491211,1679
2022-04-08 00:00:00+02:00,17.84261496471683,18.17926774408587,17.84261496471683,18.010940551757812,1304
2022-04-11 00:00:00+02:00,18.010942641483123,18.09510624741226,17.75845342898297,17.84261703491211,1312
2022-04-12 00:00:00+02:00,17.75845139229707,17.75845139229707,17.337635016201343,17.674287796020508,4123
2022-04-13 00:00:00+02:00,17.337635040283203,17.337635040283203,17.337635040283203,17.337635040283203,250
2022-04-14 00:00:00+02:00,17.758453186161127,17.758453186161127,17.505962371826172,17.505962371826172,274
2022-04-19 00:00:00+02:00,17.590124224176513,17.590124224176513,17.253471443889737,17.337635040283203,1019
2022-04-20 00:00:00+02:00,17.505960603467386,17.674287796020508,17.337635016201343,17.674287796020508,1094
2022-04-21 00:00:00+02:00,17.42180061340332,17.42180061340332,17.253473401517514,17.42180061340332,148
2022-04-22 00:00:00+02:00,17.337634970566754,17.337634970566754,17.25347137451172,17.25347137451172,1297
2022-04-25 00:00:00+02:00,17.253471443889737,17.337635040283203,17.169307847496274,17.337635040283203,428
2022-04-26 00:00:00+02:00,17.421798566621785,17.421798566621785,17.25347137451172,17.25347137451172,281
2022-04-27 00:00:00+02:00,17.169307778456687,17.337634970566754,17.085144182401653,17.25347137451172,2560
2022-04-28 00:00:00+02:00,17.169309555081394,17.169309555081394,17.000983950840613,17.085145950317383,1213
2022-04-29 00:00:00+02:00,17.085145950317383,17.085145950317383,17.085145950317383,17.085145950317383,445
2022-05-02 00:00:00+02:00,17.08514427577381,17.08514427577381,16.916818688030904,17.0009822845459,675
2022-05-04 00:00:00+02:00,16.916818548825358,17.00098214464779,16.83265495300293,16.83265495300293,1957
2022-05-05 00:00:00+02:00,16.664327898485915,17.0009822845459,16.664327898485915,17.0009822845459,2349
2022-05-06 00:00:00+02:00,17.00098316205771,17.00098316205771,16.706411361694336,16.706411361694336,2620
2022-05-09 00:00:00+02:00,17.169307801998645,17.169307801998645,16.706410430991866,16.916818618774414,277
2022-05-10 00:00:00+02:00,16.916820404691332,16.916820404691332,16.66432958952445,16.748493194580078,231
2022-05-11 00:00:00+02:00,16.8326548116917,16.8326548116917,16.580165631631147,16.66432762145996,1001
2022-05-12 00:00:00+02:00,16.580165770822713,16.83265495300293,16.538083170267964,16.83265495300293,529
2022-05-13 00:00:00+02:00,16.58016586303711,16.8326550466216,16.58016586303711,16.58016586303711,1332
2022-05-16 00:00:00+02:00,16.622246766090395,16.83265495300293,16.622246766090395,16.83265495300293,51
2022-05-17 00:00:00+02:00,16.66432875862119,16.832655960339448,16.66432875862119,16.706411361694336,3103
2022-05-18 00:00:00+02:00,16.706410408084615,17.25347137451172,16.706410408084615,17.25347137451172,6680
2022-05-19 00:00:00+02:00,17.085144227371657,18.095104172116233,16.832655043829053,17.674287796020508,15259
2022-05-20 00:00:00+02:00,17.926776956958406,17.926776956958406,16.83265502260398,16.916818618774414,6339
2022-05-23 00:00:00+02:00,17.000983950840613,17.5059623688502,16.9168203460766,17.085145950317383,1448
2022-05-24 00:00:00+02:00,17.3376350653188,17.3376350653188,17.0009822845459,17.0009822845459,554
2022-05-25 00:00:00+02:00,17.000983950840613,17.085145950317383,16.9168203460766,17.085145950317383,826
2022-05-26 00:00:00+02:00,17.000983950840613,17.085145950317383,17.000983950840613,17.085145950317383,721
2022-05-27 00:00:00+02:00,17.08514427577381,17.169307872288808,17.0009822845459,17.0009822845459,1204
2022-05-30 00:00:00+02:00,17.00098225999643,17.421798636676666,17.00098225999643,17.337635040283203,1083
2022-05-31 00:00:00+02:00,17.253471419924782,17.926776979563112,17.253471419924782,17.674287796020508,4889
2022-06-01 00:00:00+02:00,17.253473159845406,17.59012597361421,16.411840322779774,17.085145950317383,5360
2022-06-02 00:00:00+02:00,17.421800431278072,17.421800431278072,16.916820406186908,17.169309616088867,2575
2022-06-03 00:00:00+02:00,17.43077278137207,17.69223370816144,17.300042317977386,17.43077278137207,692
2022-06-06 00:00:00+02:00,17.387197306421868,17.517927775771966,17.256465174743663,17.3000431060791,373
2022-06-07 00:00:00+02:00,17.2564640045166,17.430772393381616,17.2564640045166,17.2564640045166,244
2022-06-08 00:00:00+02:00,17.25646386008792,17.25646386008792,16.995002941306698,17.082157135009766,1877
2022-06-09 00:00:00+02:00,16.995002941306698,17.169311328712833,16.995002941306698,17.082157135009766,797
2022-06-10 00:00:00+02:00,17.12573359492774,17.1693115234375,17.12573359492774,17.1693115234375,130
2022-06-13 00:00:00+02:00,17.169312870084887,17.169312870084887,16.90785026550293,16.90785026550293,660
2022-06-14 00:00:00+02:00,16.73354241614874,17.12573380354609,16.73354241614874,16.777118682861328,469
2022-06-15 00:00:00+02:00,16.77711947621611,16.77711947621611,16.64638900756836,16.64638900756836,50
2022-06-17 00:00:00+02:00,16.64638854573354,17.0385799407959,16.64638854573354,17.0385799407959,566
2022-06-20 00:00:00+02:00,16.689962790156837,16.951425350832228,16.689962790156837,16.86427116394043,140
2022-06-21 00:00:00+02:00,17.082154642924277,17.082154642924277,16.733539581298828,16.733539581298828,1060
2022-06-22 00:00:00+02:00,16.733539952791688,16.9950008392334,16.689962030166217,16.9950008392334,289
2022-06-23 00:00:00+02:00,16.951424733529187,16.951424733529187,16.602807998657227,16.602807998657227,336
2022-06-24 00:00:00+02:00,16.907849944863862,16.9950041447384,16.64638900756836,16.64638900756836,710
2022-06-27 00:00:00+02:00,16.646389323249103,16.90785026550293,16.646389323249103,16.90785026550293,69
2022-06-28 00:00:00+02:00,16.646389323249103,16.951428197430655,16.646389323249103,16.90785026550293,142
2022-06-29 00:00:00+02:00,16.646385769868527,16.9950008392334,16.646385769868527,16.9950008392334,3454
2022-06-30 00:00:00+02:00,16.646388028224063,16.733542222971124,16.646388028224063,16.689964294433594,117
2022-07-01 00:00:00+02:00,16.64638900756836,16.733543207442892,16.64638900756836,16.64638900756836,189
2022-07-04 00:00:00+02:00,16.689965276341578,16.689965276341578,16.64638900756836,16.64638900756836,5716
2022-07-05 00:00:00+02:00,16.733542629747937,16.907849361151285,16.384925842285156,16.384925842285156,1947
2022-07-06 00:00:00+02:00,16.907849944863862,16.907849944863862,16.384926407944754,16.64638900756836,1700
2022-07-07 00:00:00+02:00,16.646388028224063,16.733542222971124,16.646388028224063,16.689964294433594,1276
2022-07-08 00:00:00+02:00,16.951424578935704,16.9950008392334,16.820692473387073,16.9950008392334,1430
2022-07-11 00:00:00+02:00,16.689964094509957,17.082157135009766,16.689964094509957,17.082157135009766,1192
2022-07-12 00:00:00+02:00,16.733539581298828,16.733539581298828,16.733539581298828,16.733539581298828,52
2022-07-13 00:00:00+02:00,16.733539581298828,16.733539581298828,16.559231219322236,16.733539581298828,1433
2022-07-14 00:00:00+02:00,16.559232711791992,16.559232711791992,16.559232711791992,16.559232711791992,294
2022-07-15 00:00:00+02:00,16.55923136393229,16.55923136393229,16.210616299262426,16.341346740722656,1257
2022-07-18 00:00:00+02:00,16.559234236016547,16.559234236016547,16.384925842285156,16.384925842285156,160
2022-07-19 00:00:00+02:00,16.515657424926758,16.515657424926758,16.29777277110096,16.515657424926758,984
2022-07-20 00:00:00+02:00,16.51565796874772,16.51565796874772,16.2977733077475,16.384925842285156,141
2022-07-21 00:00:00+02:00,16.384925842285156,16.384925842285156,16.384925842285156,16.384925842285156,400
2022-07-22 00:00:00+02:00,16.515657424926758,16.515657424926758,16.254194842939008,16.515657424926758,303
2022-07-25 00:00:00+02:00,16.25419368505963,16.472078323364258,16.25419368505963,16.472078323364258,101
2022-07-26 00:00:00+02:00,16.29777048101183,16.55923136393229,16.29777048101183,16.341346740722656,259
2022-07-27 00:00:00+02:00,16.34134807084736,16.559232711791992,16.34134807084736,16.559232711791992,86
2022-07-28 00:00:00+02:00,16.38492530276889,16.515657424926758,16.38492530276889,16.515657424926758,1195
2022-07-29 00:00:00+02:00,16.51565796874772,16.559234236016547,16.384925842285156,16.384925842285156,715
2022-08-01 00:00:00+02:00,16.559232711791992,16.559232711791992,16.384924334105133,16.559232711791992,78
2022-08-02 00:00:00+02:00,16.515657424926758,16.515657424926758,16.515657424926758,16.515657424926758,159
2022-08-03 00:00:00+02:00,16.515657229463468,16.559233494781708,16.428503036499023,16.428503036499023,403
2022-08-04 00:00:00+02:00,16.559234236016547,16.559234236016547,16.384925842285156,16.384925842285156,676
2022-08-05 00:00:00+02:00,16.384924135576835,16.55923251115168,16.384924135576835,16.472078323364258,1295
2022-08-08 00:00:00+02:00,16.55923251115168,16.55923251115168,16.297771610117277,16.472078323364258,849
2022-08-09 00:00:00+02:00,16.51565763106329,16.51565763106329,16.123464584350586,16.123464584350586,1565
2022-08-10 00:00:00+02:00,16.03631019592285,16.03631019592285,15.731271347971605,16.03631019592285,1614
2022-08-11 00:00:00+02:00,16.036309086419816,16.036309086419816,15.8620023727417,15.8620023727417,172
2022-08-12 00:00:00+02:00,16.079886989042876,16.079886989042876,15.90557861328125,15.90557861328125,195
2022-08-16 00:00:00+02:00,16.07988739013672,16.07988739013672,15.774848556108973,16.07988739013672,595
2022-08-17 00:00:00+02:00,16.07988739013672,16.07988739013672,16.03630946394538,16.07988739013672,126
2022-08-18 00:00:00+02:00,16.07988739013672,16.07988739013672,15.774848556108973,16.07988739013672,152
2022-08-19 00:00:00+02:00,15.774848937988283,15.774848937988283,15.731271010742,15.774848937988281,401
2022-08-22 00:00:00+02:00,15.731269674109972,15.81842385886939,15.556962966918945,15.556962966918945,1428
2022-08-23 00:00:00+02:00,16.079887169110282,16.079887169110282,15.513385772705078,15.513385772705078,1028
2022-08-24 00:00:00+02:00,15.513385772705078,15.687694150418663,15.513385772705078,15.513385772705078,448
2022-08-25 00:00:00+02:00,15.513384281256247,15.687692642211914,15.339077582628306,15.687692642211914,403
2022-08-26 00:00:00+02:00,15.600539207458496,15.600539207458496,15.600539207458496,15.600539207458496,285
2022-08-29 00:00:00+02:00,15.600539207458496,15.600539207458496,15.339078315854579,15.600539207458496,289
2022-08-30 00:00:00+02:00,15.513385979350064,15.600540169367788,15.077616691589355,15.077616691589355,2111
2022-08-31 00:00:00+02:00,15.121194065680902,15.251924514770508,15.121194065680902,15.251924514770508,194
2022-09-01 00:00:00+02:00,15.16477088160708,15.16477088160708,15.034040427744449,15.077616691589355,1460
2022-09-02 00:00:00+02:00,15.077616141099133,15.251924514770508,15.077616141099133,15.251924514770508,402
2022-09-05 00:00:00+02:00,14.903310168870975,15.16477108001709,14.903310168870975,15.16477108001709,583
2022-09-06 00:00:00+02:00,14.990463616591297,15.251924514770508,14.990463616591297,15.251924514770508,494
2022-09-07 00:00:00+02:00,14.946885884427342,14.946885884427342,14.816155433654785,14.816155433654785,739
2022-09-08 00:00:00+02:00,14.816155433654785,14.816155433654785,14.77257917083989,14.816155433654785,559
2022-09-09 00:00:00+02:00,14.816155433654785,14.816155433654785,14.816155433654785,14.816155433654785,626
2022-09-12 00:00:00+02:00,14.816155433654785,14.816155433654785,14.816155433654785,14.816155433654785,297
2022-09-13 00:00:00+02:00,14.816155433654785,14.816155433654785,14.816155433654785,14.816155433654785,81
2022-09-14 00:00:00+02:00,14.729001245697125,14.816155433654785,14.68542498288223,14.816155433654785,339
2022-09-15 00:00:00+02:00,14.816155433654785,14.816155433654785,14.816155433654785,14.816155433654785,501
2022-09-16 00:00:00+02:00,14.81615641248331,14.81615641248331,14.641848025052314,14.77258014678955,120
2022-09-19 00:00:00+02:00,14.685425537261478,14.816155992969149,14.641847610473633,14.641847610473633,117
2022-09-20 00:00:00+02:00,14.641847057739463,14.816155433654785,14.641847057739463,14.816155433654785,89
2022-09-21 00:00:00+02:00,14.816154653375799,14.816154653375799,14.380385398864746,14.380385398864746,1788
2022-09-22 00:00:00+02:00,14.336809138344755,14.380385398864746,14.336809138344755,14.380385398864746,529
2022-09-23 00:00:00+02:00,14.380386375478894,14.380386375478894,14.33681011199951,14.336810111999512,193
2022-09-26 00:00:00+02:00,14.293231215496979,14.380385398864746,14.03177032772146,14.380385398864746,442
2022-09-27 00:00:00+02:00,14.206077776178821,14.380386152043835,14.206077776178821,14.293231964111328,2054
2022-09-28 00:00:00+02:00,14.29323179564761,14.29323179564761,13.508847438155751,13.596001625061035,3301
2022-09-29 00:00:00+02:00,13.726732153518729,13.770309247223002,13.683155059814453,13.683155059814453,232
2022-09-30 00:00:00+02:00,13.77030934430651,13.77030934430651,13.073078333614294,13.203808784484863,1349
2022-10-03 00:00:00+02:00,13.901039900099484,13.944616994439897,13.247385978485115,13.770309448242188,1457
2022-10-04 00:00:00+02:00,14.118924573751624,14.118924573751624,13.334539413452148,13.334539413452148,319
2022-10-05 00:00:00+02:00,13.944617247994076,14.38038653699389,13.770309698626942,13.98819351196289,533
2022-10-06 00:00:00+02:00,14.118925425037396,14.423962593078613,14.118925425037396,14.423962593078613,1165
2022-10-07 00:00:00+02:00,14.423962593078613,14.554694707756726,14.423962593078613,14.423962593078613,47097
2022-10-10 00:00:00+02:00,14.423962593078613,14.423962593078613,14.423962593078613,14.423962593078613,169
2022-10-11 00:00:00+02:00,14.554695129394531,14.554695129394531,14.554695129394531,14.554695129394531,233
2022-10-12 00:00:00+02:00,14.380386964520728,14.554695350233983,14.118926048278809,14.118926048278809,138
2022-10-13 00:00:00+02:00,14.554695299570929,14.554695299570929,14.075348071692007,14.20607852935791,114
2022-10-14 00:00:00+02:00,14.206077032129212,14.380385398864746,14.206077032129212,14.380385398864746,19
2022-10-17 00:00:00+02:00,14.07534772587735,14.38038656115532,13.94461727142334,13.94461727142334,502
2022-10-18 00:00:00+02:00,14.380386170886812,14.380386170886812,13.72673225402832,13.72673225402832,958
2022-10-19 00:00:00+02:00,13.72673225402832,13.72673225402832,13.72673225402832,13.72673225402832,0
2022-10-20 00:00:00+02:00,14.118926048278809,14.118926048278809,14.118926048278809,14.118926048278809,40
2022-10-21 00:00:00+02:00,13.72673262655735,14.03177146183532,13.72673262655735,13.94461727142334,118
2022-10-24 00:00:00+02:00,14.03177146183532,14.03177146183532,13.94461727142334,13.94461727142334,12
2022-10-25 00:00:00+02:00,13.944617072162199,13.944617072162199,13.857462882995605,13.857462882995605,58
2022-10-26 00:00:00+02:00,13.944617072162199,13.944617072162199,13.857462882995605,13.857462882995605,202
2022-10-27 00:00:00+02:00,13.85746305772853,13.98819351196289,13.85746305772853,13.98819351196289,573
2022-10-28 00:00:00+02:00,14.031771659851074,14.031771659851074,14.031771659851074,14.031771659851074,84
2022-10-31 00:00:00+01:00,14.118926048278809,14.118926048278809,13.944617662565554,14.118926048278809,380
2022-11-02 00:00:00+01:00,14.118925999132614,14.554695299570929,14.118925999132614,14.20607852935791,3083
2022-11-03 00:00:00+01:00,13.98819351196289,13.98819351196289,13.98819351196289,13.98819351196289,428
2022-11-04 00:00:00+01:00,14.118926048278809,14.16250231354314,14.118926048278809,14.118926048278809,545
2022-11-07 00:00:00+01:00,14.162501892493983,14.336810273025076,13.98819351196289,13.98819351196289,433
2022-11-08 00:00:00+01:00,13.944617072162199,14.336810092247918,13.683155335826369,13.857462882995605,514
2022-11-09 00:00:00+01:00,14.336809803050704,14.51111651553994,13.683155059814453,13.683155059814453,2776
2022-11-10 00:00:00+01:00,14.118925652247299,14.118925652247299,13.94461727142334,13.94461727142334,376
2022-11-14 00:00:00+01:00,13.944617091373473,14.467540564765558,13.85746290208681,14.336810111999512,1195
2022-11-15 00:00:00+01:00,14.46753995069585,14.46753995069585,14.031770685086505,14.075346946716309,7546
2022-11-16 00:00:00+01:00,14.46754033997634,15.164770518780651,14.293231964111328,14.293231964111328,4312
2022-11-17 00:00:00+01:00,14.467540717566727,14.511116981506348,14.293232337152416,14.511116981506348,1253
2022-11-18 00:00:00+01:00,14.511116981506348,14.554694907773884,14.511116981506348,14.511116981506348,714
2022-11-21 00:00:00+01:00,14.641847403828647,15.077616691589355,14.554694876138834,15.077616691589355,543
2022-11-22 00:00:00+01:00,14.990464424737745,15.164771145478268,14.554695129394531,14.554695129394531,673
2022-11-23 00:00:00+01:00,15.121194237675375,15.121194237675375,14.859731674194336,14.859731674194336,218
2022-11-24 00:00:00+01:00,15.164770727144642,15.164770727144642,14.90330982208252,14.90330982208252,451
2022-11-25 00:00:00+01:00,14.946886237726725,15.16477088160708,14.946886237726725,15.077616691589355,2844
2022-11-28 00:00:00+01:00,15.121194460892422,15.426233291625977,15.121194460892422,15.426233291625977,865
2022-11-29 00:00:00+01:00,15.426233246176173,15.60053996156187,15.121194416341345,15.513385772705078,646
2022-11-30 00:00:00+01:00,15.164769946566762,15.600539207458496,15.121193685408713,15.600539207458496,1859
2022-12-01 00:00:00+01:00,15.25192544407534,15.33907963622136,15.25192544407534,15.295501708984375,76
2022-12-02 00:00:00+01:00,15.556962966918945,15.60053922813475,15.513385043375331,15.556962966918945,2080
2022-12-05 00:00:00+01:00,15.60053922813475,15.60053922813475,15.556962966918945,15.556962966918945,542
2022-12-06 00:00:00+01:00,15.51338541294972,15.51338541294972,15.251924514770508,15.251924514770508,129
2022-12-07 00:00:00+01:00,15.251924514770508,15.251924514770508,15.164770327934821,15.251924514770508,357
2022-12-08 00:00:00+01:00,15.251924514770508,15.339078701606196,15.251924514770508,15.251924514770508,280
2022-12-09 00:00:00+01:00,15.25192376696145,15.339077949523926,15.25192376696145,15.339077949523926,10
2022-12-12 00:00:00+01:00,15.339077949523926,15.339077949523926,15.164769584398973,15.339077949523926,185
2022-12-13 00:00:00+01:00,15.295500777024428,15.339078701606196,15.251924514770508,15.251924514770508,207
2022-12-14 00:00:00+01:00,15.339078315854579,15.644117130944354,15.339078315854579,15.600539207458496,389
2022-12-15 00:00:00+01:00,15.600540550331472,15.644118477568457,15.295501708984375,15.295501708984375,563
2022-12-16 00:00:00+01:00,15.121193685408713,15.644117130944354,15.121193685408713,15.600539207458496,2614
2022-12-19 00:00:00+01:00,15.556962966918945,15.644117151678364,15.556962966918945,15.556962966918945,170
2022-12-20 00:00:00+01:00,15.644117151678364,15.644117151678364,15.556962966918945,15.556962966918945,42
2022-12-21 00:00:00+01:00,15.556965066175309,15.644119262695312,15.251926209519317,15.644119262695312,1017
2022-12-22 00:00:00+01:00,15.644119262695312,15.644119262695312,15.251926209519317,15.644119262695312,609
2022-12-23 00:00:00+01:00,15.251925095267916,15.644118119791687,14.903309996984518,15.034040451049805,1242
2022-12-27 00:00:00+01:00,15.121194660759159,15.121194660759159,13.944617247994076,13.98819351196289,13870
2022-12-28 00:00:00+01:00,14.16250228881836,14.641847855201027,13.770310083976185,14.16250228881836,6248
2022-12-29 00:00:00+01:00,14.423963179577068,14.423963179577068,14.20607852935791,14.20607852935791,492
2022-12-30 00:00:00+01:00,14.336810499433739,14.423963028747693,14.031771659851074,14.031771659851074,2263
2023-01-02 00:00:00+01:00,14.380385981701,14.816155253873758,14.0753471587145,14.6854248046875,1955
2023-01-03 00:00:00+01:00,14.816155433654785,14.990463809570107,14.816155433654785,14.816155433654785,1225
2023-01-04 00:00:00+01:00,14.99046378709879,15.077616312597934,14.816155411444763,14.859731674194336,1859
2023-01-05 00:00:00+01:00,14.85973169646968,15.25192471111522,14.816155433654785,14.816155433654785,3779
2023-01-09 00:00:00+01:00,15.034040474490654,15.426233499625924,14.946886284201938,14.990464210510254,1762
2023-01-10 00:00:00+01:00,15.42623345166025,15.42623345166025,14.990464163899542,15.077616691589355,594
2023-01-11 00:00:00+01:00,15.121194463743587,15.164770727144642,14.90330982208252,14.90330982208252,1237
2023-01-12 00:00:00+01:00,15.164771445430839,15.382656097412111,15.164771445430839,15.38265609741211,176
2023-01-13 00:00:00+01:00,15.382655726748164,15.382655726748164,14.99046436002899,15.16477108001709,170
2023-01-16 00:00:00+01:00,15.164771445430839,15.426234025205147,15.164771445430839,15.38265609741211,630
2023-01-17 00:00:00+01:00,15.339079057319381,15.513385772705078,14.9904639642201,15.513385772705078,785
2023-01-18 00:00:00+01:00,15.513385435099616,15.556963359743605,15.208348274230957,15.208348274230957,346
2023-01-19 00:00:00+01:00,15.513385818411656,15.513385818411656,15.208348650005993,15.426233291625977,769
2023-01-20 00:00:00+01:00,15.426233291625977,15.6876941966388,15.164770724285262,15.426233291625977,1160
2023-01-23 00:00:00+01:00,15.600539207458496,15.600539207458496,15.077615761922855,15.600539207458496,825
2023-01-24 00:00:00+01:00,15.60053922813475,15.60053922813475,15.077615781906049,15.556962966918945,640
2023-01-25 00:00:00+01:00,15.164769966665467,15.556962966918945,15.121193705449663,15.556962966918945,412
2023-01-26 00:00:00+01:00,15.51338388277263,15.51338388277263,15.469807624816895,15.469807624816895,52
2023-01-27 00:00:00+01:00,15.469809509440624,15.513385772705078,15.251924868462588,15.513385772705078,153
2023-01-30 00:00:00+01:00,15.513385818411656,15.513385818411656,15.121194460892422,15.426233291625977,371
2023-01-31 00:00:00+01:00,15.426233291625977,15.469809555018816,15.208348650005993,15.426233291625977,815
2023-02-01 00:00:00+01:00,15.339078701606196,15.339078701606196,15.251924514770508,15.251924514770508,19
2023-02-02 00:00:00+01:00,15.251924913398833,15.469809555018816,15.164770724285262,15.426233291625977,627
2023-02-03 00:00:00+01:00,15.426231366861161,15.55696180305605,15.164768832143702,15.469807624816895,2995
2023-02-06 00:00:00+01:00,15.29550041264069,15.60053922813475,15.29550041264069,15.556962966918945,173
2023-02-07 00:00:00+01:00,15.16477108001709,15.556964109064195,15.121194815602049,15.16477108001709,669
2023-02-08 00:00:00+01:00,15.469808761656537,15.600539207458496,15.469808761656537,15.600539207458496,816
2023-02-09 00:00:00+01:00,15.600541333271293,15.644119262695312,15.600541333271293,15.644119262695312,272
2023-02-10 00:00:00+01:00,15.644117130944354,15.644117130944354,15.251924131210671,15.600539207458496,665
2023-02-13 00:00:00+01:00,15.600540169367788,15.600540169367788,15.077616691589355,15.077616691589355,707
2023-02-14 00:00:00+01:00,15.121194260342664,15.426233087030543,14.816155433654785,14.816155433654785,3595
2023-02-15 00:00:00+01:00,15.339079105404652,15.339079105404652,14.90330982208252,14.90330982208252,56
2023-02-16 00:00:00+01:00,14.90330982208252,14.90330982208252,14.90330982208252,14.90330982208252,2
2023-02-17 00:00:00+01:00,14.903309819272438,15.426233291625977,14.903309819272438,15.426233291625977,163
2023-02-20 00:00:00+01:00,15.339079081943282,15.339079081943282,14.903309799287666,14.94688606262207,3118
2023-02-21 00:00:00+01:00,14.946886284201938,15.121194664779372,14.729001639644101,14.990464210510254,884
2023-02-22 00:00:00+01:00,14.990463809570107,15.077616335199897,14.554694532109673,14.816155433654785,984
2023-02-23 00:00:00+01:00,14.554695081553808,14.816155992969149,14.554695081553808,14.641847610473633,333
2023-02-24 00:00:00+01:00,14.72900104522705,14.72900104522705,14.72900104522705,14.72900104522705,44
2023-02-27 00:00:00+01:00,15.077616162626843,15.208348274230957,14.816155264074318,15.208348274230957,1068
2023-02-28 00:00:00+01:00,14.685425375663701,14.990464210510254,14.685425375663701,14.990464210510254,59
2023-03-01 00:00:00+01:00,15.164770703949879,15.208348629612175,14.94688606262207,14.94688606262207,1043
2023-03-02 00:00:00+01:00,15.208348274230957,15.29550079886323,14.685424814798058,15.208348274230957,349
2023-03-03 00:00:00+01:00,15.251924688251961,15.251924688251961,14.859731674194336,14.859731674194336,811
2023-03-06 00:00:00+01:00,15.208348807779897,15.339079261642528,15.077616691589355,15.077616691589355,1713
2023-03-07 00:00:00+01:00,15.07761671496226,15.07761671496226,14.946886260896976,15.034040451049805,31
2023-03-08 00:00:00+01:00,14.94688606262207,14.94688606262207,14.94688606262207,14.94688606262207,649
2023-03-09 00:00:00+01:00,15.339079285420745,15.339079285420745,14.816155806831691,15.034040451049805,670
2023-03-10 00:00:00+01:00,15.034039878845215,15.251924514770508,14.946885692009529,15.251924514770508,583
2023-03-13 00:00:00+01:00,14.816155433654785,14.816155433654785,14.729001245697125,14.816155433654785,845
2023-03-14 00:00:00+01:00,15.121194987020283,15.33907963622136,15.121194987020283,15.295501708984375,3312
2023-03-15 00:00:00+01:00,15.164771095632249,15.339079478127765,14.641847610473633,14.641847610473633,1694
2023-03-16 00:00:00+01:00,14.641848025052314,15.16477152501732,14.641848025052314,14.77258014678955,527
2023-03-17 00:00:00+01:00,15.0340397000043,15.121193885803223,15.0340397000043,15.121193885803223,386
2023-03-20 00:00:00+01:00,15.164770523157559,15.25192471111522,14.816155433654785,14.816155433654785,970
2023-03-21 00:00:00+01:00,14.990463809570107,15.33907889907288,14.77257917083989,14.816155433654785,965
2023-03-22 00:00:00+01:00,15.208348807779897,15.208348807779897,14.772579520019187,15.077616691589355,1276
2023-03-23 00:00:00+01:00,15.077616888859074,15.16477108001709,14.903310168870975,15.16477108001709,41
2023-03-24 00:00:00+01:00,15.077615961739847,15.164770147538771,14.816155066670904,15.121193885803223,852
2023-03-27 00:00:00+02:00,14.816155231998493,15.077616129984975,14.72900104522705,14.72900104522705,302
2023-03-28 00:00:00+02:00,15.121195259323562,15.121195259323562,14.729002218767812,14.77258014678955,632
2023-03-29 00:00:00+02:00,15.07761690438449,15.07761690438449,14.641847610473633,14.641847610473633,459
2023-03-30 00:00:00+02:00,15.077617331301823,15.121195259323562,14.77258014678955,14.77258014678955,648
2023-03-31 00:00:00+02:00,14.990463605541379,14.990463605541379,14.685424783005253,14.72900104522705,572
2023-04-03 00:00:00+02:00,14.772579542919233,15.121194641202631,14.772579542919233,15.034040451049805,1912
2023-04-04 00:00:00+02:00,14.990463809570107,15.077616335199897,14.816155433654785,14.816155433654785,1269
2023-04-05 00:00:00+02:00,14.641847057739463,14.816155433654785,14.598270794924568,14.816155433654785,1564
2023-04-06 00:00:00+02:00,14.990463809570107,14.990463809570107,14.641847057739463,14.816155433654785,193
2023-04-11 00:00:00+02:00,14.641847403828647,15.077616691589355,14.641847403828647,15.077616691589355,2247
2023-04-12 00:00:00+02:00,15.07761690438449,15.164771095632249,14.46754089030605,14.641847610473633,1022
2023-04-13 00:00:00+02:00,14.685424783005253,14.72900104522705,14.511116409462366,14.72900104522705,675
2023-04-14 00:00:00+02:00,14.946886284201938,14.990464210510254,14.946886284201938,14.990464210510254,261
2023-04-17 00:00:00+02:00,14.990463438268751,15.121193885803223,14.729000880871979,15.121193885803223,903
2023-04-18 00:00:00+02:00,15.121194641202631,15.121194641202631,14.816155806831691,15.034040451049805,1403
2023-04-19 00:00:00+02:00,14.990464210510254,14.990464210510254,14.990464210510254,14.990464210510254,139
2023-04-20 00:00:00+02:00,14.990464375464667,14.990464375464667,14.554695081553808,14.641847610473633,1294
2023-04-21 00:00:00+02:00,14.816155992969149,14.816155992969149,14.641847610473633,14.641847610473633,682
2023-04-24 00:00:00+02:00,14.641847610473633,14.816155992969149,14.554695081553808,14.641847610473633,667
2023-04-25 00:00:00+02:00,14.641846677944336,14.772578787653702,14.554694154575197,14.598270416259766,742
2023-04-26 00:00:00+02:00,14.554694154575197,14.772578787653702,14.554694154575197,14.598270416259766,247
2023-04-27 00:00:00+02:00,14.772578787653702,14.772578787653702,14.598270416259766,14.598270416259766,721
2023-04-28 00:00:00+02:00,14.598270617787378,15.164770339146393,14.554694355501244,14.6854248046875,2173
2023-05-02 00:00:00+02:00,14.685425157959857,14.990463988284366,14.685425157959857,14.94688606262207,140
2023-05-04 00:00:00+02:00,14.903309418769936,14.903309418769936,14.72900104522705,14.72900104522705,152
2023-05-05 00:00:00+02:00,14.77257914869519,14.859731674194336,14.77257914869519,14.859731674194336,28
2023-05-08 00:00:00+02:00,14.99046378709879,15.034040049848363,14.859731674194336,14.859731674194336,683
2023-05-09 00:00:00+02:00,14.99046419648175,14.99046419648175,14.423962791299193,14.511116981506348,2022
2023-05-10 00:00:00+02:00,14.772579369551458,14.90330982208252,14.511116802161443,14.90330982208252,2260
2023-05-11 00:00:00+02:00,14.598270794924568,14.816155433654785,14.598270794924568,14.816155433654785,692
2023-05-12 00:00:00+02:00,14.598270794924568,14.816155433654785,14.467540344152011,14.816155433654785,2047
2023-05-15 00:00:00+02:00,14.554694532109673,14.903309621612447,14.554694532109673,14.816155433654785,821
2023-05-16 00:00:00+02:00,14.816155433654785,14.903309621612447,14.68542498288223,14.816155433654785,1201
2023-05-17 00:00:00+02:00,14.816155411444763,15.034040049848363,14.598270773041163,14.859731674194336,2286
2023-05-18 00:00:00+02:00,14.59827119532502,14.729001649683243,14.03177145155411,14.467540740966797,4432
2023-05-19 00:00:00+02:00,14.772579552127816,14.772579552127816,14.511116981506348,14.511116981506348,423
2023-05-22 00:00:00+02:00,14.380385398864746,14.641846286640265,14.380385398864746,14.380385398864746,2780
2023-05-23 00:00:00+02:00,14.641846286640265,14.729000470008032,14.16250077160922,14.380385398864746,1102
2023-05-24 00:00:00+02:00,14.729000470008032,14.729000470008032,14.380385398864746,14.380385398864746,288
2023-05-25 00:00:00+02:00,14.380385398864746,14.68542420948804,14.380385398864746,14.380385398864746,181
2023-05-26 00:00:00+02:00,14.641847435653125,14.641847435653125,14.118925619066017,14.511116981506348,1119
2023-05-29 00:00:00+02:00,14.249656456798517,14.423963179577068,14.20607852935791,14.20607852935791,581
2023-05-30 00:00:00+02:00,14.423963229785059,14.423963229785059,14.118926048278809,14.118926048278809,275
2023-05-31 00:00:00+02:00,14.336810012339674,14.423962538692615,13.770309448242188,13.770309448242188,4748
2023-06-01 00:00:00+02:00,13.944617072162199,13.944617072162199,13.857462882995605,13.857462882995605,708
2023-06-02 00:00:00+02:00,13.944617072162199,14.206077977334083,13.857462882995605,13.857462882995605,1037
2023-06-05 00:00:00+02:00,13.857463276567284,14.29323257244882,13.857463276567284,14.031771659851074,762
2023-06-06 00:00:00+02:00,13.944617468209179,14.423963028747693,13.944617468209179,14.031771659851074,395
2023-06-07 00:00:00+02:00,14.031770702721222,14.598270416259766,14.031770702721222,14.598270416259766,1060
2023-06-09 00:00:00+02:00,14.598270416259766,14.598270416259766,14.598270416259766,14.598270416259766,51
2023-06-12 00:00:00+02:00,14.641846286640265,14.641846286640265,14.380385398864746,14.380385398864746,753
2023-06-13 00:00:00+02:00,14.598271171713504,14.598271171713504,14.20607814694526,14.511116981506348,415
2023-06-14 00:00:00+02:00,14.554694707756726,14.598270971097502,14.20607795171895,14.423962593078613,470
2023-06-15 00:00:00+02:00,14.423964068580407,14.423964068580407,14.160912060872306,14.380121231079102,100
2023-06-16 00:00:00+02:00,14.380121724373089,14.687014907676879,14.204755385651854,14.59933090209961,1409
2023-06-19 00:00:00+02:00,14.687014202105923,14.730855366571756,14.292437032180535,14.33627986907959,105
2023-06-20 00:00:00+02:00,14.643172909953027,14.687014074036568,14.467804908752441,14.467804908752441,124
2023-06-21 00:00:00+02:00,14.555489215329901,14.730855547783731,14.555489215329901,14.643173217773438,582
2023-06-22 00:00:00+02:00,14.730855035993184,14.730855035993184,14.42396354675293,14.42396354675293,1222
2023-06-23 00:00:00+02:00,14.687014670116953,14.730855835979815,14.117071151733398,14.117071151733398,3373
2023-06-26 00:00:00+02:00,14.336279306827684,14.730854788845068,14.336279306827684,14.687013626098633,1301
2023-06-27 00:00:00+02:00,14.730855903785487,14.730855903785487,14.292437553405762,14.292437553405762,316
2023-06-28 00:00:00+02:00,14.467804467500146,14.687013626098633,14.467804467500146,14.687013626098633,34
2023-06-29 00:00:00+02:00,14.730855420387066,14.774698257446289,14.467805087764637,14.774698257446289,613
2023-06-30 00:00:00+02:00,14.774698276140446,14.774698276140446,14.511646270751953,14.511646270751953,474
2023-07-03 00:00:00+02:00,14.643173091135075,14.774698257446289,14.511646252390632,14.774698257446289,148
2023-07-04 00:00:00+02:00,14.643173109662815,14.73085543902575,14.511646270751953,14.511646270751953,117
2023-07-05 00:00:00+02:00,14.774698276140446,14.774698276140446,14.511646270751953,14.511646270751953,2392
2023-07-06 00:00:00+02:00,14.467805034910311,14.467805034910311,14.33627986907959,14.33627986907959,1082
2023-07-07 00:00:00+02:00,14.730855238120112,14.730855238120112,14.336279744068605,14.467804908752441,172
2023-07-10 00:00:00+02:00,14.643173109662815,14.818539440821914,14.467805106070486,14.511646270751953,2453
2023-07-11 00:00:00+02:00,14.555489036275201,14.555489036275201,14.33627986907959,14.33627986907959,2775
2023-07-12 00:00:00+02:00,14.687014202105923,14.77469820347081,14.33627986907959,14.33627986907959,436
2023-07-13 00:00:00+02:00,14.643173217773438,14.77469838522212,14.467805212886367,14.643173217773438,512
2023-07-14 00:00:00+02:00,14.818538665771484,14.818538665771484,14.511645511752883,14.818538665771484,282
2023-07-17 00:00:00+02:00,14.81854007982613,14.81854007982613,14.59933090209961,14.59933090209961,748
2023-07-18 00:00:00+02:00,14.59933090209961,14.81854007982613,14.59933090209961,14.59933090209961,171
2023-07-19 00:00:00+02:00,14.555489089449855,14.818539422072286,14.555489089449855,14.774698257446289,2221
2023-07-20 00:00:00+02:00,14.862382918831415,14.862382918831415,14.59933090209961,14.59933090209961,89
2023-07-21 00:00:00+02:00,14.336280045437684,14.643173217773438,14.292437207999296,14.643173217773438,5172
2023-07-24 00:00:00+02:00,14.380121231079102,14.599330401285897,14.248596063441674,14.380121231079102,1132
2023-07-25 00:00:00+02:00,14.511646072835985,14.511646072835985,14.467804908752441,14.467804908752441,18
2023-07-26 00:00:00+02:00,14.511645750881726,14.555488586425781,14.511645750881726,14.555488586425781,102
2023-07-27 00:00:00+02:00,14.555488586425781,14.68701374819161,14.555488586425781,14.555488586425781,1268
2023-07-28 00:00:00+02:00,14.643172909953027,14.643172909953027,14.467804908752441,14.467804908752441,179
2023-07-31 00:00:00+02:00,14.380120710837762,14.6870138725112,14.336279547355778,14.42396354675293,2388
2023-08-01 00:00:00+02:00,14.336279939592854,14.643173109662815,14.336279939592854,14.511646270751953,1412
2023-08-02 00:00:00+02:00,14.555489604628317,14.730855941772461,14.555489604628317,14.730855941772461,1661
2023-08-03 00:00:00+02:00,14.643173109662815,14.818539440821914,14.467805106070486,14.511646270751953,364
2023-08-04 00:00:00+02:00,14.555489604628317,14.906223951349892,14.555489604628317,14.730855941772461,504
2023-08-07 00:00:00+02:00,14.950064461372676,14.993907298059426,14.555488965791216,14.90622329711914,843
2023-08-08 00:00:00+02:00,14.906223442618076,14.906223442618076,14.511646270751953,14.511646270751953,824
2023-08-09 00:00:00+02:00,14.511646896522342,14.59933090209961,14.380121724373089,14.59933090209961,3196
2023-08-10 00:00:00+02:00,14.555488586425781,14.599329749536668,14.423963424659954,14.555488586425781,315
2023-08-11 00:00:00+02:00,14.599330733158226,14.687014737720828,14.292437553405762,14.292437553405762,10068
2023-08-14 00:00:00+02:00,14.555489036275201,14.555489036275201,14.292437032180535,14.33627986907959,948
2023-08-16 00:00:00+02:00,14.555489236217836,14.555489236217836,14.380121231079102,14.380121231079102,8
2023-08-17 00:00:00+02:00,14.380121557968364,14.687014737720828,14.292437553405762,14.292437553405762,2924
2023-08-18 00:00:00+02:00,14.423964396466305,14.643173571656169,14.292437553405762,14.292437553405762,778
2023-08-21 00:00:00+02:00,14.380121231079102,14.380121231079102,14.33628006601104,14.380121231079102,215
2023-08-22 00:00:00+02:00,14.380121231079102,14.380121231079102,14.380121231079102,14.380121231079102,219
2023-08-23 00:00:00+02:00,14.380121231079102,14.380121231079102,14.292437228509735,14.380121231079102,647
2023-08-24 00:00:00+02:00,14.380121231079102,14.380121231079102,14.292437228509735,14.380121231079102,283
2023-08-25 00:00:00+02:00,14.248597145080566,14.380122322702327,14.248597145080566,14.248597145080566,1045
2023-08-28 00:00:00+02:00,14.292437228509735,14.380121231079102,14.292437228509735,14.380121231079102,43
2023-08-29 00:00:00+02:00,14.204754898373613,14.380121231079102,14.204754898373613,14.380121231079102,833
2023-08-30 00:00:00+02:00,14.336280524479847,14.380121690949933,14.16091251373291,14.16091251373291,1184
2023-08-31 00:00:00+02:00,14.248595743468313,14.730855238120112,14.20475457938477,14.467804908752441,773
2023-09-01 00:00:00+02:00,14.687014775594747,14.730855941772461,14.511646766017316,14.730855941772461,153
2023-09-04 00:00:00+02:00,14.730854788845068,14.730854788845068,14.38012046957412,14.687013626098633,107
2023-09-05 00:00:00+02:00,14.423964396466305,14.687014737720828,14.248596387341102,14.292437553405762,3522
2023-09-06 00:00:00+02:00,14.204755155892395,14.643173504254094,14.117071151733398,14.117071151733398,9646
2023-09-07 00:00:00+02:00,14.117071967458804,14.643174350379223,14.117071967458804,14.248597145080566,852
2023-09-08 00:00:00+02:00,14.599331208117562,14.64317404804184,14.07322883605957,14.07322883605957,3788
2023-09-11 00:00:00+02:00,14.117071347262826,14.643173707070336,13.94170333651589,14.16091251373291,1519
2023-09-12 00:00:00+02:00,14.029387608732407,14.292437957422807,13.678653253000762,13.897862434387207,2605
2023-09-13 00:00:00+02:00,14.29243750079232,14.380121505032138,13.89786199036305,13.98554515838623,985
2023-09-14 00:00:00+02:00,14.336280391903703,14.423964396466305,13.854020039242677,14.292437553405762,749
2023-09-15 00:00:00+02:00,14.248595743468313,14.467804908752441,14.248595743468313,14.467804908752441,863
2023-09-18 00:00:00+02:00,14.46780613473934,14.555490142769884,14.11707177505051,14.204755783081055,219
2023-09-19 00:00:00+02:00,14.555488909352734,14.643172909953027,14.380120908152149,14.467804908752441,1175
2023-09-20 00:00:00+02:00,14.380120710837762,14.42396354675293,14.204754384476642,14.42396354675293,812
2023-09-21 00:00:00+02:00,14.292438313476696,14.292438313476696,13.985545953620356,14.248597145080566,2451
2023-09-22 00:00:00+02:00,14.029387608732407,14.029387608732407,13.897862434387207,13.897862434387207,2209
2023-09-25 00:00:00+02:00,14.204755783081055,14.204755783081055,13.854020587175551,14.204755783081055,889
2023-09-26 00:00:00+02:00,14.204755622814893,14.204755622814893,13.897862434387207,13.897862434387207,438
2023-09-27 00:00:00+02:00,13.678652131873546,13.678652131873546,13.590968132019043,13.590968132019043,6057
2023-09-28 00:00:00+02:00,13.590967811903152,13.678651809692383,13.547125813008536,13.678651809692383,730
2023-09-29 00:00:00+02:00,13.6786522656301,13.766335430125416,13.240233934503706,13.327917098999023,4087
2023-10-02 00:00:00+02:00,13.327916778071815,13.415600776672363,13.196391616387576,13.415600776672363,1666
2023-10-03 00:00:00+02:00,13.50328413216454,13.590968132019043,13.415600968526633,13.590968132019043,67
2023-10-04 00:00:00+02:00,13.67865232250582,13.766335487365723,13.32791715441639,13.766335487365723,1065
2023-10-05 00:00:00+02:00,13.766335430125416,13.766335430125416,13.284075098643063,13.327917098999023,1881
2023-10-06 00:00:00+02:00,13.327917413283059,13.766335754747743,13.284075411893266,13.371759414672852,357
2023-10-09 00:00:00+02:00,13.459443156031154,13.766335487365723,13.459443156031154,13.766335487365723,1189
2023-10-10 00:00:00+02:00,13.766336616071898,14.029387804652467,13.371760251309382,13.941703796386719,1938
2023-10-11 00:00:00+02:00,13.590969399300592,14.46780613473934,13.590969399300592,14.204755783081055,3919
2023-10-12 00:00:00+02:00,14.380122322702327,14.380122322702327,13.766336766772964,14.248597145080566,1961
2023-10-13 00:00:00+02:00,14.380121505032138,14.380121505032138,13.98554515838623,13.98554515838623,616
2023-10-16 00:00:00+02:00,14.292436785988684,14.292436785988684,13.590968132019043,13.590968132019043,8970
2023-10-17 00:00:00+02:00,14.029387212151239,14.380121557968364,13.854020039242677,14.292437553405762,2676
2023-10-18 00:00:00+02:00,14.292437228509735,14.380121231079102,13.7663357217434,14.380121231079102,6941
2023-10-19 00:00:00+02:00,14.380121033545423,14.380121033545423,13.897861534688369,14.33627986907959,1312
2023-10-20 00:00:00+02:00,13.854020039242677,14.292437553405762,13.590968861771513,14.292437553405762,7468
2023-10-23 00:00:00+02:00,14.073228378215898,14.292437553405762,13.854020039242677,14.292437553405762,3824
2023-10-24 00:00:00+02:00,14.029387212151239,14.292437553405762,14.029387212151239,14.292437553405762,5895
2023-10-25 00:00:00+02:00,14.292437553405762,14.292437553405762,14.292437553405762,14.292437553405762,8615
2023-10-26 00:00:00+02:00,14.11707161577365,14.24859679011885,13.854020430866585,13.897862434387207,1189
2023-10-27 00:00:00+02:00,14.029387767019966,14.204755783081055,13.897862591190822,14.204755783081055,505
2023-10-30 00:00:00+01:00,14.204755783081055,14.204755783081055,13.854020587175551,14.204755783081055,359
2023-10-31 00:00:00+01:00,14.204755976684435,14.248597145080566,13.941703949007541,14.248597145080566,1035
2023-11-02 00:00:00+01:00,14.248596387341102,14.292437553405762,14.029387212151239,14.292437553405762,1045
2023-11-03 00:00:00+01:00,14.292437553405762,14.292437553405762,14.073228378215898,14.292437553405762,395
2023-11-06 00:00:00+01:00,14.292438313476696,14.292438313476696,13.941703949007541,14.248597145080566,232
2023-11-07 00:00:00+01:00,14.204755486459135,14.29243782022536,14.029387474060059,14.029387474060059,706
2023-11-08 00:00:00+01:00,14.02938716050614,14.29243750079232,13.98554515838623,13.98554515838623,592
2023-11-09 00:00:00+01:00,14.029387767019966,14.204755783081055,13.985545763004694,14.204755783081055,352
2023-11-10 00:00:00+01:00,13.67865232250582,13.897861488980487,13.67865232250582,13.766335487365723,5863
2023-11-13 00:00:00+01:00,13.897862434387207,13.941703601691163,13.810178427345964,13.897862434387207,768
2023-11-14 00:00:00+01:00,13.897862434387207,13.897862434387207,13.854020430866585,13.897862434387207,1732
2023-11-15 00:00:00+01:00,13.89786262847052,13.941703796386719,13.766336616071898,13.941703796386719,420
2023-11-16 00:00:00+01:00,13.94170297143899,13.94170297143899,13.722493799962173,13.81017780303955,1099
2023-11-17 00:00:00+01:00,13.941702653302135,13.941702653302135,13.766335487365723,13.766335487365723,186
2023-11-20 00:00:00+01:00,13.941703601691163,13.941703601691163,13.810178427345964,13.897862434387207,997
2023-11-21 00:00:00+01:00,13.897861806116929,13.897861806116929,13.766335801500862,13.81017780303955,1441
2023-11-22 00:00:00+01:00,13.810178427345964,13.897862434387207,13.76633642382534,13.897862434387207,105
2023-11-23 00:00:00+01:00,13.854020118713379,13.854020118713379,13.766336113647796,13.854020118713379,54
2023-11-24 00:00:00+01:00,13.854020118713379,13.854020118713379,13.766336113647796,13.854020118713379,1963
2023-11-27 00:00:00+01:00,13.854020118713379,13.941703287562316,13.67865294479886,13.854020118713379,796
2023-11-28 00:00:00+01:00,13.941703796386719,13.941703796386719,13.854020624337647,13.941703796386719,525
2023-11-29 00:00:00+01:00,13.941703796386719,13.941703796386719,13.766336616071898,13.941703796386719,862
2023-11-30 00:00:00+01:00,13.810178620204772,13.941703796386719,13.722494611939023,13.941703796386719,2675
2023-12-01 00:00:00+01:00,13.94170346786052,14.029387474060059,13.85402029787764,14.029387474060059,2839
2023-12-04 00:00:00+01:00,14.029387147574404,14.117071151733398,14.029387147574404,14.117071151733398,1678
2023-12-05 00:00:00+01:00,14.07322883605957,14.204755683399071,14.07322883605957,14.07322883605957,2200
2023-12-06 00:00:00+01:00,14.204755783081055,14.336280958910198,14.029387767019966,14.204755783081055,4038
2023-12-07 00:00:00+01:00,14.33627986907959,14.33627986907959,14.204754703248868,14.33627986907959,2126
2023-12-08 00:00:00+01:00,14.380121557968364,14.643173571656169,14.292437553405762,14.292437553405762,5519
2023-12-11 00:00:00+01:00,14.46780613473934,14.46780613473934,14.204755783081055,14.204755783081055,722
2023-12-12 00:00:00+01:00,14.204754384476642,14.42396354675293,14.204754384476642,14.42396354675293,753
2023-12-13 00:00:00+01:00,14.33627986907959,14.33627986907959,14.292437032180535,14.33627986907959,376
2023-12-14 00:00:00+01:00,14.380121231079102,14.380121231079102,14.204754898373613,14.380121231079102,2292
2023-12-15 00:00:00+01:00,14.204754703248868,14.380121033545423,14.204754703248868,14.33627986907959,1113
2023-12-18 00:00:00+01:00,14.248595867714702,14.423963870444478,14.248595867714702,14.33627986907959,1430
2023-12-19 00:00:00+01:00,14.248595867714702,14.380121033545423,14.248595867714702,14.33627986907959,627
2023-12-20 00:00:00+01:00,14.33628006601104,14.380121231079102,14.33628006601104,14.380121231079102,588
2023-12-21 00:00:00+01:00,14.380120710837762,14.42396354675293,14.29243671144061,14.42396354675293,2190
2023-12-22 00:00:00+01:00,14.423963744668898,14.511646072835985,14.292436907551856,14.467804908752441,2457
2023-12-27 00:00:00+01:00,14.380121231079102,14.380121231079102,14.248596063441674,14.380121231079102,2487
2023-12-28 00:00:00+01:00,14.423963744668898,14.467804908752441,14.336279744068605,14.467804908752441,1919
2023-12-29 00:00:00+01:00,14.467805599839602,14.730855941772461,14.380121595050886,14.730855941772461,2543
2024-01-02 00:00:00+01:00,14.730854550394225,14.950063705444336,14.687013388357455,14.950063705444336,1386
2024-01-03 00:00:00+01:00,14.906223951349892,14.906223951349892,14.555489604628317,14.730855941772461,273
2024-01-04 00:00:00+01:00,14.90622290861238,14.90622290861238,14.555488586425781,14.555488586425781,772
2024-01-05 00:00:00+01:00,14.643173711510457,14.950065221760703,14.511646867193724,14.862382888793945,1038
2024-01-08 00:00:00+01:00,14.818539422072286,14.906223423757504,14.774698257446289,14.774698257446289,1257
2024-01-09 00:00:00+01:00,14.687014775594747,14.862382785172178,14.687014775594747,14.730855941772461,1215
2024-01-10 00:00:00+01:00,14.687014775594747,14.906223951349892,14.687014775594747,14.730855941772461,493
2024-01-11 00:00:00+01:00,14.730854788845068,14.77469762402466,14.687013626098633,14.687013626098633,1218
2024-01-12 00:00:00+01:00,14.687013506172981,14.818538665771484,14.687013506172981,14.818538665771484,1025
2024-01-15 00:00:00+01:00,14.818538546900896,14.950063705444336,14.818538546900896,14.950063705444336,860
2024-01-16 00:00:00+01:00,14.950065221760703,14.950065221760703,14.730856044477214,14.862382888793945,305
2024-01-17 00:00:00+01:00,14.86238225913151,14.86238225913151,14.68701425576107,14.774698257446289,607
2024-01-18 00:00:00+01:00,14.774698257446289,14.774698257446289,14.68701425576107,14.774698257446289,956
2024-01-19 00:00:00+01:00,14.77469762402466,14.950063947443555,14.687013626098633,14.687013626098633,1275
2024-01-22 00:00:00+01:00,14.906224055277324,14.906224055277324,14.511646867193724,14.862382888793945,1752
2024-01-23 00:00:00+01:00,14.511646896522342,14.59933090209961,14.380121724373089,14.59933090209961,976
2024-01-24 00:00:00+01:00,14.423964433661887,14.730855941772461,14.423964433661887,14.730855941772461,177
2024-01-25 00:00:00+01:00,14.730854911302496,14.730854911302496,14.555488586425781,14.555488586425781,102
2024-01-26 00:00:00+01:00,14.555488586425781,14.555488586425781,14.555488586425781,14.555488586425781,50
2024-01-29 00:00:00+01:00,14.730855941772461,14.730855941772461,14.730855941772461,14.730855941772461,148
2024-01-30 00:00:00+01:00,14.730855941772461,14.730855941772461,14.599330770806032,14.730855941772461,152
2024-01-31 00:00:00+01:00,14.599330401285897,14.77469840642463,14.380121231079102,14.380121231079102,1470
2024-02-01 00:00:00+01:00,14.687014382778584,14.687014382778584,14.423964047881219,14.643173217773438,66
2024-02-02 00:00:00+01:00,14.68701374819161,14.68701374819161,14.511645750881726,14.555488586425781,240
2024-02-05 00:00:00+01:00,14.555488465426171,14.687013626098633,14.555488465426171,14.687013626098633,162
2024-02-06 00:00:00+01:00,14.643173217773438,14.687014382778584,14.643173217773438,14.643173217773438,159
2024-02-07 00:00:00+01:00,14.643172909953027,14.643172909953027,14.467804908752441,14.467804908752441,702
2024-02-08 00:00:00+01:00,14.687014382778584,14.687014382778584,14.511646377891513,14.643173217773438,256
2024-02-09 00:00:00+01:00,14.511646270751953,14.643173109662815,14.467805106070486,14.511646270751953,991
2024-02-12 00:00:00+01:00,14.511646896522342,14.59933090209961,14.467805729950358,14.59933090209961,591
2024-02-13 00:00:00+01:00,14.599330272548118,14.599330272548118,14.467805106070486,14.511646270751953,746
2024-02-14 00:00:00+01:00,14.555489735527626,14.59933090209961,14.467805729950358,14.59933090209961,1051
2024-02-15 00:00:00+01:00,14.555488909352734,14.555488909352734,14.467804908752441,14.467804908752441,827
2024-02-16 00:00:00+01:00,14.555489604628317,14.774698780383464,14.555489604628317,14.730855941772461,1400
2024-02-19 00:00:00+01:00,14.555488465426171,14.730854788845068,14.467804467500146,14.687013626098633,1313
2024-02-20 00:00:00+01:00,14.46780458777084,14.555488586425781,14.46780458777084,14.555488586425781,246
2024-02-21 00:00:00+01:00,14.643172463352197,14.730854788845068,14.599329628172606,14.687013626098633,318
2024-02-22 00:00:00+01:00,14.599329628172606,14.687013626098633,14.467804467500146,14.687013626098633,52
2024-02-23 00:00:00+01:00,14.687014382778584,14.687014382778584,14.555489215329901,14.643173217773438,837
2024-02-26 00:00:00+01:00,14.599330272548118,14.599330272548118,14.511646270751953,14.511646270751953,88
2024-02-27 00:00:00+01:00,14.555488586425781,14.730854911302496,14.555488586425781,14.555488586425781,220
2024-02-28 00:00:00+01:00,14.687014775594747,14.730855941772461,14.555489604628317,14.730855941772461,697
2024-02-29 00:00:00+01:00,14.687014074036568,14.687014074036568,14.423963744668898,14.467804908752441,2322
2024-03-01 00:00:00+01:00,14.467805729950358,14.643173741104896,14.467805729950358,14.59933090209961,921
2024-03-04 00:00:00+01:00,14.599330073436276,14.599330073436276,14.467804908752441,14.467804908752441,291
2024-03-05 00:00:00+01:00,14.467804908752441,14.555488909352734,14.467804908752441,14.467804908752441,152
2024-03-06 00:00:00+01:00,14.555488586425781,14.555488586425781,14.46780458777084,14.555488586425781,705
2024-03-07 00:00:00+01:00,14.555489215329901,14.643173217773438,14.555489215329901,14.643173217773438,1510
2024-03-08 00:00:00+01:00,14.687014382778584,14.818539550227266,14.467805212886367,14.643173217773438,388
2024-03-11 00:00:00+01:00,14.643172585080723,14.643172585080723,14.46780458777084,14.555488586425781,1055
2024-03-12 00:00:00+01:00,14.555489735527626,14.59933090209961,14.423964563378375,14.59933090209961,15837
2024-03-13 00:00:00+01:00,14.467804908752441,14.599330073436276,14.467804908752441,14.467804908752441,9054
2024-03-14 00:00:00+01:00,14.599329749536668,14.643172585080723,14.46780458777084,14.555488586425781,189
2024-03-15 00:00:00+01:00,14.555488909352734,14.555488909352734,14.467804908752441,14.467804908752441,1516
2024-03-18 00:00:00+01:00,14.467804908752441,14.643172909953027,14.467804908752441,14.467804908752441,1019
2024-03-19 00:00:00+01:00,14.467805729950358,14.59933090209961,14.467805729950358,14.59933090209961,7712
2024-03-20 00:00:00+01:00,14.59933090209961,14.643173741104896,14.59933090209961,14.59933090209961,135
2024-03-21 00:00:00+01:00,14.555489735527626,14.643173741104896,14.423964563378375,14.59933090209961,6770
2024-03-22 00:00:00+01:00,14.818538665771484,14.950063825369988,14.730854668561435,14.818538665771484,5860
2024-03-25 00:00:00+01:00,14.950065221760703,14.950065221760703,14.818540049877269,14.862382888793945,1437
2024-03-26 00:00:00+01:00,14.90622329711914,14.90622329711914,14.818539296178857,14.90622329711914,9412
2024-03-27 00:00:00+01:00,14.950064833107188,15.2569580078125,14.906223667763538,15.2569580078125,5821
2024-03-28 00:00:00+01:00,15.256957880121925,15.695376219622172,15.256957880121925,15.388483047485352,3022
2024-04-02 00:00:00+02:00,15.739218784224855,15.91458511352539,15.520009618274274,15.91458511352539,2287
2024-04-03 00:00:00+02:00,15.958428710243282,16.396847063025426,15.783060700157108,15.870744705200195,7518
2024-04-04 00:00:00+02:00,15.826901238417728,16.17763724467214,15.783060073852539,15.783060073852539,1630
2024-04-05 00:00:00+02:00,15.607691319694908,16.133793631327656,15.607691319694908,16.08995246887207,22962
2024-04-08 00:00:00+02:00,16.133793631327656,16.484527948271772,15.651534154583638,16.08995246887207,4301
2024-04-09 00:00:00+02:00,16.177637493738438,16.353003827132312,15.8707443197576,16.26531982421875,2711
2024-04-10 00:00:00+02:00,15.870744574607322,16.309162923781926,15.870744574607322,16.002269744873047,1616
2024-04-11 00:00:00+02:00,15.958427429199219,16.177636587993533,15.958427429199219,15.958427429199219,1203
2024-04-12 00:00:00+02:00,16.177636466216384,16.616054780504818,15.958427309072169,16.08995246887207,2267
2024-04-15 00:00:00+02:00,16.572213602987333,16.703738775940938,16.046111238739588,16.616056442260742,3376
2024-04-16 00:00:00+02:00,16.616056339815255,16.703738672954852,16.309163156526765,16.484529495239258,795
2024-04-17 00:00:00+02:00,16.703737258911133,16.703737258911133,16.484528099752545,16.703737258911133,618
2024-04-18 00:00:00+02:00,16.703738015429977,16.703738015429977,16.44068768149928,16.659896850585938,323
2024-04-19 00:00:00+02:00,16.484528846343316,16.703738015429977,16.484528846343316,16.659896850585938,185
2024-04-22 00:00:00+02:00,16.703738672954852,16.74758151195795,16.484529495239258,16.484529495239258,6319
2024-04-23 00:00:00+02:00,16.484529495239258,16.703738672954852,16.484529495239258,16.484529495239258,1228
2024-04-24 00:00:00+02:00,16.484528220446226,16.70373738120978,16.484528220446226,16.57221221923828,867
2024-04-25 00:00:00+02:00,16.703738015429977,16.703738015429977,16.484528846343316,16.659896850585938,498
2024-04-26 00:00:00+02:00,16.659896850585938,17.01063118663794,16.52837168362059,16.659896850585938,5316
2024-04-29 00:00:00+02:00,16.659896978891368,16.96679015246286,16.484528973298158,16.528371810913086,1215
2024-04-30 00:00:00+02:00,16.484529495239258,16.87910668410065,16.484529495239258,16.484529495239258,1186
2024-05-02 00:00:00+02:00,16.484528220446226,16.92294654197334,16.484528220446226,16.57221221923828,373
2024-05-06 00:00:00+02:00,16.879106521606445,16.922947687754185,16.48452933654363,16.879106521606445,979
2024-05-07 00:00:00+02:00,16.528371778235122,17.79978396275583,16.484528940706877,17.536733627319336,8393
2024-05-08 00:00:00+02:00,17.71210163256583,17.79978396275583,17.44904962469609,17.536733627319336,6750
2024-05-09 00:00:00+02:00,17.712102619269878,18.413571334466702,17.361366589238123,17.97515296936035,3745
2024-05-10 00:00:00+02:00,18.23820239789798,18.501254407130112,17.9751520610991,18.413570404052734,6393
2024-05-13 00:00:00+02:00,18.50125413362041,18.939672470092773,18.50125413362041,18.939672470092773,8195
2024-05-14 00:00:00+02:00,19.451555195887774,19.451555195887774,17.683232319018447,18.893136978149414,11807
2024-05-15 00:00:00+02:00,18.800068816367435,19.07927703857422,18.56739470614092,19.07927703857422,2033
2024-05-16 00:00:00+02:00,18.893136978149414,18.893136978149414,18.613928756861522,18.893136978149414,529
2024-05-17 00:00:00+02:00,18.89313704032797,19.07927703857422,18.89313704032797,19.07927703857422,1263
2024-05-20 00:00:00+02:00,19.079277992248535,19.265417999798956,18.613929748535156,18.613929748535156,1531
2024-05-21 00:00:00+02:00,18.986207047396878,18.986207047396878,18.706998825073242,18.706998825073242,1630
2024-05-22 00:00:00+02:00,18.706997907016717,18.800067901611328,18.427787923232888,18.800067901611328,687
2024-05-23 00:00:00+02:00,18.800069756085577,18.800069756085577,18.474325630453677,18.613929748535156,312
2024-05-24 00:00:00+02:00,18.474324652804725,18.613928763498446,18.474324652804725,18.520858764648438,1024
2024-05-27 00:00:00+02:00,18.520859744759946,18.613929748535156,18.474325630453677,18.613929748535156,1008
2024-05-28 00:00:00+02:00,18.52086027314386,18.613930279574276,18.241652029015334,18.56739616394043,2030
2024-05-29 00:00:00+02:00,18.520859717641383,18.520859717641383,17.915907356732305,18.055511474609375,1555
2024-05-31 00:00:00+02:00,18.334720484962304,18.613928705479466,17.49709227308567,17.962440490722656,1862
2024-06-03 00:00:00+02:00,18.47432372555102,18.47432372555102,18.14857963350686,18.241649627685547,960
2024-06-04 00:00:00+02:00,18.381254196166992,18.427788306851767,18.334720085482214,18.381254196166992,191
2024-06-05 00:00:00+02:00,18.288185570429434,18.42778968811035,18.14858145274852,18.42778968811035,514
2024-06-06 00:00:00+02:00,18.148581005389207,18.288185119628906,18.055511004175198,18.288185119628906,334
2024-06-07 00:00:00+02:00,18.288185622903256,18.613929748535156,18.10204739051551,18.613929748535156,1811
2024-06-10 00:00:00+02:00,18.613928763498446,18.800068761198464,18.520858764648438,18.520858764648438,2027
2024-06-11 00:00:00+02:00,18.520859744759946,18.800069756085577,18.520859744759946,18.613929748535156,119
2024-06-12 00:00:00+02:00,18.800067901611328,18.800067901611328,18.613927912422106,18.800067901611328,282
2024-06-13 00:00:00+02:00,18.800068754495168,18.893136978149414,18.706998755678345,18.893136978149414,592
2024-06-14 00:00:00+02:00,18.986207962036133,18.986207962036133,18.800069729907573,18.986207962036133,546
2024-06-17 00:00:00+02:00,18.986207962036133,18.986207962036133,18.706999726261955,18.986207962036133,4439
2024-06-18 00:00:00+02:00,18.986207962036133,19.079277965681747,18.986207962036133,18.986207962036133,379
2024-06-19 00:00:00+02:00,19.079277965681747,19.079277965681747,18.706999726261955,18.986207962036133,751
2024-06-20 00:00:00+02:00,18.89313704032797,19.07927703857422,18.89313704032797,19.07927703857422,315
2024-06-21 00:00:00+02:00,19.079277965681747,19.079277965681747,18.986207962036133,18.986207962036133,252
2024-06-24 00:00:00+02:00,18.89313612104344,19.079276110232662,18.800067901611328,18.800067901611328,926
2024-06-25 00:00:00+02:00,18.800068816367435,19.07927703857422,18.800068816367435,19.07927703857422,882
2024-06-26 00:00:00+02:00,19.07927703857422,19.172347037697342,18.800068816367435,19.07927703857422,883
2024-06-27 00:00:00+02:00,18.800068754495168,19.07927697578306,18.800068754495168,18.893136978149414,1769
2024-06-28 00:00:00+02:00,19.07927703857422,19.172347037697342,18.89313704032797,19.07927703857422,1143
2024-07-01 00:00:00+02:00,19.172347969327365,19.172347969327365,18.800069729907573,18.986207962036133,1864
2024-07-02 00:00:00+02:00,18.986206976966237,18.986206976966237,18.800068754495168,18.893136978149414,1352
2024-07-03 00:00:00+02:00,18.800069729907573,18.986207962036133,18.800069729907573,18.986207962036133,361
2024-07-04 00:00:00+02:00,18.986207962036133,18.986207962036133,18.89313795839052,18.986207962036133,453
2024-07-05 00:00:00+02:00,18.986207962036133,19.079277965681747,18.89313795839052,18.986207962036133,1278
2024-07-08 00:00:00+02:00,18.986207962036133,19.079277965681747,18.89313795839052,18.986207962036133,460
2024-07-09 00:00:00+02:00,18.98620611563805,18.98620611563805,18.800067901611328,18.800067901611328,3162
2024-07-10 00:00:00+02:00,18.800069729907573,18.986207962036133,18.800069729907573,18.986207962036133,325
2024-07-11 00:00:00+02:00,18.986206976966237,18.986206976966237,18.706998755678345,18.893136978149414,919
2024-07-12 00:00:00+02:00,18.706998825073242,18.893137048234802,18.706998825073242,18.706998825073242,758
2024-07-15 00:00:00+02:00,18.89313612104344,18.89313612104344,18.706997907016717,18.800067901611328,522
2024-07-16 00:00:00+02:00,18.800068754495168,18.893136978149414,18.613928756861522,18.893136978149414,1249
2024-07-17 00:00:00+02:00,18.8931385237028,18.8931385237028,18.28818614464918,18.56739616394043,1736
2024-07-18 00:00:00+02:00,18.800069756085577,18.893137984698114,18.334721512372198,18.613929748535156,1202
2024-07-19 00:00:00+02:00,18.800069756085577,18.800069756085577,18.613929748535156,18.613929748535156,171
2024-07-22 00:00:00+02:00,18.613929294731673,18.613929294731673,18.241651063869565,18.47432518005371,1267
2024-07-23 00:00:00+02:00,18.613930279574276,18.613930279574276,18.381256151079597,18.56739616394043,111
2024-07-24 00:00:00+02:00,18.61392829991594,18.61392829991594,18.381254196166992,18.381254196166992,1357
2024-07-25 00:00:00+02:00,18.334721512372198,18.613929748535156,18.241651508596988,18.613929748535156,877
2024-07-26 00:00:00+02:00,18.427789740984736,18.613929748535156,18.427789740984736,18.613929748535156,342
2024-07-29 00:00:00+02:00,18.613929695126686,18.613929695126686,18.42778968811035,18.42778968811035,37
2024-07-30 00:00:00+02:00,18.474325577445768,18.52085969161852,18.42778968811035,18.42778968811035,1288
2024-07-31 00:00:00+02:00,18.42778968811035,18.613929695126686,18.42778968811035,18.42778968811035,339
2024-08-01 00:00:00+02:00,18.567395634228888,18.613929748535156,18.427789740984736,18.613929748535156,794
2024-08-02 00:00:00+02:00,18.33472203544575,18.613930279574276,18.33472203544575,18.56739616394043,555
2024-08-05 00:00:00+02:00,18.56739519936733,18.56739519936733,18.055511078173698,18.102046966552734,1177
2024-08-06 00:00:00+02:00,18.10204739051551,18.613929748535156,18.10204739051551,18.613929748535156,6167
2024-08-07 00:00:00+02:00,18.10204643256727,18.520858764648438,18.10204643256727,18.520858764648438,410
2024-08-08 00:00:00+02:00,18.520859293225488,18.520859293225488,18.427789291719304,18.47432518005371,271
2024-08-09 00:00:00+02:00,18.520858764648438,18.613928763498446,18.520858764648438,18.520858764648438,1503
2024-08-12 00:00:00+02:00,18.613929294731673,18.80006929774404,18.47432518005371,18.47432518005371,613
2024-08-13 00:00:00+02:00,18.800069756085577,18.800069756085577,18.613929748535156,18.613929748535156,419
2024-08-14 00:00:00+02:00,18.613929748535156,18.706999752310367,18.613929748535156,18.613929748535156,292
2024-08-16 00:00:00+02:00,18.520859744759946,18.706999752310367,18.241651508596988,18.613929748535156,851
2024-08-19 00:00:00+02:00,18.613928763498446,18.613928763498446,18.288184655104708,18.520858764648438,573
2024-08-20 00:00:00+02:00,18.288185622903256,18.613929748535156,18.288185622903256,18.613929748535156,1056
2024-08-21 00:00:00+02:00,18.70699923751063,18.70699923751063,18.288185119628906,18.288185119628906,479
2024-08-22 00:00:00+02:00,18.567394186617392,18.567394186617392,17.77630187894982,18.008975982666016,5094
2024-08-23 00:00:00+02:00,18.427789291719304,18.520859293225488,18.33472106537575,18.47432518005371,357
2024-08-26 00:00:00+02:00,18.474326157510014,18.56739616394043,18.195116138218765,18.56739616394043,438
2024-08-27 00:00:00+02:00,18.474325630453677,18.613929748535156,18.288185622903256,18.613929748535156,528
2024-08-28 00:00:00+02:00,18.567395634228888,18.613929748535156,18.288185622903256,18.613929748535156,587
2024-08-29 00:00:00+02:00,18.613929748535156,18.613929748535156,18.288185622903256,18.613929748535156,397
2024-08-30 00:00:00+02:00,18.613929748535156,18.613929748535156,18.613929748535156,18.613929748535156,363
2024-09-02 00:00:00+02:00,18.613929695126686,18.613929695126686,18.288185570429434,18.42778968811035,489
2024-09-03 00:00:00+02:00,18.42778876579843,18.520858764648438,18.334720542111,18.520858764648438,344
2024-09-04 00:00:00+02:00,18.47432518005371,18.520859293225488,18.47432518005371,18.47432518005371,324
2024-09-05 00:00:00+02:00,18.381255178547526,18.47432518005371,18.381255178547526,18.47432518005371,260
2024-09-06 00:00:00+02:00,18.520858764648438,18.613928763498446,18.288184655104708,18.520858764648438,1264
2024-09-09 00:00:00+02:00,18.567395580953935,18.567395580953935,18.241651456256687,18.42778968811035,625
2024-09-10 00:00:00+02:00,18.42778784088043,18.42778784088043,18.14857963350686,18.241649627685547,883
2024-09-11 00:00:00+02:00,18.241649627685547,18.241649627685547,18.241649627685547,18.241649627685547,208
2024-09-12 00:00:00+02:00,18.241649627685547,18.241649627685547,18.05550963932817,18.241649627685547,936
2024-09-13 00:00:00+02:00,18.195113743014957,18.381253731372333,18.195113743014957,18.241649627685547,193
2024-09-16 00:00:00+02:00,18.381255626678467,18.613929748535156,18.195115619128046,18.613929748535156,5292
2024-09-17 00:00:00+02:00,18.613928756861522,18.893136978149414,18.241650536756808,18.893136978149414,4258
2024-09-18 00:00:00+02:00,18.706998825073242,18.800068824235314,18.334720603587538,18.706998825073242,1262
2024-09-19 00:00:00+02:00,18.613927912422106,18.800067901611328,18.19511382432761,18.800067901611328,4569
2024-09-20 00:00:00+02:00,18.893136216989774,20.103042602539062,18.61392800695052,20.103042602539062,20216
2024-09-23 00:00:00+02:00,19.73076621732222,19.91690444946289,19.172347970574858,19.91690444946289,7968
2024-09-24 00:00:00+02:00,19.637694402365298,20.103042602539062,19.544624407298045,20.103042602539062,11515
2024-09-25 00:00:00+02:00,20.196112597606316,20.289180817511063,19.544624407298045,20.103042602539062,4214
2024-09-26 00:00:00+02:00,20.10304358680174,20.289181810887232,20.10304358680174,20.19611358642578,989
2024-09-27 00:00:00+02:00,20.289181810887232,20.289181810887232,19.26541714051054,20.19611358642578,2476
2024-09-30 00:00:00+02:00,20.009973587177697,20.289181810887232,19.82383358792961,20.19611358642578,1245
2024-10-01 00:00:00+02:00,20.009974427528537,20.289182662963867,20.009974427528537,20.289182662963867,1787
2024-10-02 00:00:00+02:00,20.289181810887232,20.289181810887232,20.10304358680174,20.19611358642578,1314
2024-10-03 00:00:00+02:00,20.103044431061203,20.289182662963867,19.91690442399587,20.289182662963867,1325
2024-10-04 00:00:00+02:00,20.19611358642578,20.289181810887232,19.730765363468162,20.19611358642578,1276
2024-10-07 00:00:00+02:00,20.19611358642578,20.289181810887232,19.916903587553655,20.19611358642578,5882
2024-10-08 00:00:00+02:00,20.103042602539062,20.289180817511063,20.00997260747181,20.103042602539062,1579
2024-10-09 00:00:00+02:00,20.103044431061203,20.289182662963867,20.103044431061203,20.289182662963867,1712
2024-10-10 00:00:00+02:00,20.19611443459387,20.4753226700292,20.103044431061203,20.289182662963867,6820
2024-10-11 00:00:00+02:00,20.19611358642578,20.19611358642578,20.10304358680174,20.19611358642578,379
2024-10-14 00:00:00+02:00,20.103044431061203,20.382252666496534,20.103044431061203,20.289182662963867,1733
2024-10-15 00:00:00+02:00,20.289182662963867,20.289182662963867,20.103044431061203,20.289182662963867,2094
2024-10-16 00:00:00+02:00,20.289180894778077,20.661460876464844,20.1961126745189,20.661460876464844,4719
2024-10-17 00:00:00+02:00,20.84759909214571,20.940669087567404,20.289180894778077,20.661460876464844,3573
2024-10-18 00:00:00+02:00,20.47532088562146,20.84759909214571,20.38225089019977,20.661460876464844,1277
2024-10-21 00:00:00+02:00,20.661460876464844,20.661460876464844,20.289180894778077,20.661460876464844,1095
2024-10-22 00:00:00+02:00,20.4753226700292,20.661462677094534,20.289182662963867,20.289182662963867,1990
2024-10-23 00:00:00+02:00,20.4753226700292,20.568392673561867,20.103044431061203,20.289182662963867,1743
2024-10-24 00:00:00+02:00,20.19611358642578,20.19611358642578,19.26541714051054,20.19611358642578,5311
2024-10-25 00:00:00+02:00,19.91690352666148,20.009973526000977,19.82383352732198,20.009973526000977,1570
2024-10-28 00:00:00+01:00,20.009973526000977,20.10304352534048,19.63769530380557,20.009973526000977,3023
2024-10-29 00:00:00+01:00,20.009974453114562,20.009974453114562,19.26541797422653,19.91690444946289,6291
2024-10-30 00:00:00+01:00,19.63769524263953,19.916903464625783,19.54462524358992,19.823833465576172,2855
2024-10-31 00:00:00+01:00,19.916903464625783,20.009973463675394,19.63769524263953,19.823833465576172,1601
2024-11-04 00:00:00+01:00,19.82383352732198,20.196113524679976,19.63769530380557,20.009973526000977,2353
2024-11-05 00:00:00+01:00,20.009973526000977,20.10304352534048,19.73076530314507,20.009973526000977,1622
2024-11-06 00:00:00+01:00,20.103042602539062,20.103042602539062,19.730764397432555,20.103042602539062,3035
2024-11-07 00:00:00+01:00,20.19611443459387,20.382252666496534,20.103044431061203,20.289182662963867,968
2024-11-08 00:00:00+01:00,20.289180894778077,20.661460876464844,20.10304267909721,20.661460876464844,9141
2024-11-12 00:00:00+01:00,20.568391799926758,20.66146179950631,20.289181801188104,20.568391799926758,916
2024-11-13 00:00:00+01:00,20.568391799926758,20.84760002350282,20.382251800767655,20.568391799926758,1157
2024-11-14 00:00:00+01:00,20.75452909672402,20.75452909672402,20.56839088104315,20.661460876464844,443
2024-11-15 00:00:00+01:00,20.289180825829217,20.75452902619376,20.289180825829217,20.47532081604004,808
2024-11-18 00:00:00+01:00,20.661462704737946,20.84760093688965,20.568392701080757,20.84760093688965,835
2024-11-19 00:00:00+01:00,20.75452902619376,20.75452902619376,20.47532081604004,20.47532081604004,1279
2024-11-20 00:00:00+01:00,20.47532173038095,20.75452995300293,20.47532173038095,20.75452995300293,251
2024-11-21 00:00:00+01:00,20.475321800347206,20.75453002392327,20.475321800347206,20.568391799926758,482
2024-11-22 00:00:00+01:00,20.47532081604004,20.56839081114545,19.730764405521768,20.47532081604004,2280
2024-11-25 00:00:00+01:00,20.19611358642578,20.475321810135316,19.63769536384412,20.19611358642578,4242
2024-11-26 00:00:00+01:00,19.916902603930893,20.382250803906675,19.730764389038086,19.730764389038086,1101
2024-11-27 00:00:00+01:00,20.382252666496534,20.382252666496534,19.823834420463204,20.289182662963867,1003
2024-11-28 00:00:00+01:00,20.56839269986192,20.56839269986192,19.91690444946289,19.91690444946289,2135
2024-11-29 00:00:00+01:00,20.475321800347206,20.66146179950631,20.475321800347206,20.568391799926758,1964
2024-12-02 00:00:00+01:00,20.661460876464844,20.75452909672402,20.1961126745189,20.661460876464844,1131
2024-12-03 00:00:00+01:00,20.661461728903994,20.84759995226445,20.661461728903994,20.75452995300293,1249
2024-12-04 00:00:00+01:00,20.75453002392327,20.75453002392327,20.568391799926758,20.568391799926758,762
2024-12-05 00:00:00+01:00,20.568392673561867,20.661462677094534,20.289182662963867,20.289182662963867,1216
2024-12-06 00:00:00+01:00,20.56839081114545,20.75452902619376,20.47532081604004,20.47532081604004,993
2024-12-09 00:00:00+01:00,20.475321800347206,20.66146179950631,20.475321800347206,20.568391799926758,577
2024-12-10 00:00:00+01:00,20.56839081114545,20.75452902619376,20.289180825829217,20.47532081604004,1184
2024-12-11 00:00:00+01:00,20.47532173038095,20.75452995300293,20.28918173185791,20.75452995300293,235
2024-12-12 00:00:00+01:00,20.75453002392327,20.75453002392327,20.475321800347206,20.568391799926758,351
2024-12-13 00:00:00+01:00,20.661461737401346,20.661461737401346,20.382251739501953,20.382251739501953,479
2024-12-16 00:00:00+01:00,20.382251739501953,20.661461737401346,20.382251739501953,20.382251739501953,92
2024-12-17 00:00:00+01:00,20.382251810511274,20.475321810135316,20.19611358642578,20.19611358642578,2257
2024-12-18 00:00:00+01:00,19.91690444946289,20.47532269621025,19.91690444946289,19.91690444946289,2568
2024-12-19 00:00:00+01:00,20.289181767169794,20.289181767169794,19.079277100152016,19.265417098999023,3816
2024-12-20 00:00:00+01:00,19.079276875087192,19.079276875087192,16.194117577968324,16.287187576293945,41225
2024-12-23 00:00:00+01:00,16.519862626321682,17.497093226546067,16.519862626321682,17.124814987182617,20877
2024-12-27 00:00:00+01:00,17.124814517091764,17.636698635432182,17.124814517091764,17.35748863220215,8811
2024-12-30 00:00:00+01:00,17.54362770488602,17.54362770488602,17.21788360595703,17.450557708740234,3037
2025-01-02 00:00:00+01:00,17.683233235216303,18.14858147824831,17.683233235216303,18.055511474609375,5880
2025-01-03 00:00:00+01:00,18.055511474609375,18.427789714002447,18.055511474609375,18.055511474609375,4325
2025-01-07 00:00:00+01:00,18.381255626678467,18.613929748535156,18.241651508596988,18.613929748535156,3952
2025-01-08 00:00:00+01:00,18.61392882591117,18.893137048234802,18.520858826749098,18.706998825073242,1585
2025-01-09 00:00:00+01:00,18.706997907016717,18.800067901611328,18.5208579178275,18.800067901611328,1811
2025-01-10 00:00:00+01:00,18.80006970214302,18.80006970214302,18.42778968811035,18.42778968811035,4819
2025-01-13 00:00:00+01:00,18.613928763498446,18.893136984885892,18.42778876579843,18.520858764648438,2186
2025-01-14 00:00:00+01:00,18.52085883481489,18.613928834017493,18.334720611572266,18.334720611572266,3791
2025-01-15 00:00:00+01:00,18.195114135742188,18.520858234817275,18.055510029042157,18.195114135742188,1993
2025-01-16 00:00:00+01:00,18.520858826749098,18.706998825073242,18.427788827587026,18.706998825073242,2012
2025-01-17 00:00:00+01:00,18.893137984698114,18.893137984698114,18.381255626678467,18.613929748535156,4049
2025-01-20 00:00:00+01:00,18.98620611563805,18.98620611563805,18.800067901611328,18.800067901611328,580
2025-01-21 00:00:00+01:00,18.98620611563805,18.98620611563805,18.706997907016717,18.800067901611328,1924
2025-01-22 00:00:00+01:00,19.079277992248535,19.358486228411493,18.613929748535156,18.613929748535156,2928
2025-01-23 00:00:00+01:00,18.706997917052117,19.35848432923888,18.706997917052117,19.172346115112305,2097
2025-01-24 00:00:00+01:00,19.172347037697342,19.172347037697342,18.986207039451095,19.07927703857422,2501
2025-01-27 00:00:00+01:00,19.079276130312966,19.637694323305844,19.079276130312966,19.54462432861328,2444
2025-01-28 00:00:00+01:00,19.54462525116086,19.91690347234093,18.800068808800717,19.451555252075195,2747
2025-01-29 00:00:00+01:00,19.451556179058116,19.637696186100126,19.35848617553711,19.35848617553711,1523
2025-01-30 00:00:00+01:00,19.35848525298953,19.451555252075195,19.172347029980788,19.451555252075195,1188
2025-01-31 00:00:00+01:00,19.45155433392072,19.637694323305844,19.26541611969809,19.54462432861328,1015
2025-02-03 00:00:00+01:00,19.07927703857422,19.63769525815037,18.148580597668158,19.07927703857422,3566
2025-02-04 00:00:00+01:00,18.986207936615756,19.35848617553711,18.800069704736412,19.35848617553711,975
2025-02-05 00:00:00+01:00,19.54462525116086,19.54462525116086,19.172347029980788,19.451555252075195,696
2025-02-06 00:00:00+01:00,19.45155524454031,19.823833465576172,19.265417021603668,19.823833465576172,2398
2025-02-07 00:00:00+01:00,19.358485245490698,19.823833465576172,19.358485245490698,19.823833465576172,1226
2025-02-10 00:00:00+01:00,19.823833465576172,20.009973463675394,19.265417021603668,19.823833465576172,95041
2025-02-11 00:00:00+01:00,19.91690352666148,20.196113524679976,19.91690352666148,20.009973526000977,4222
2025-02-12 00:00:00+01:00,20.103042610780903,20.56839081114545,20.103042610780903,20.47532081604004,10086
2025-02-13 00:00:00+01:00,20.47532173880175,20.56839173810155,20.103043516765144,20.382251739501953,2959
2025-02-14 00:00:00+01:00,20.289180825829217,20.56839081114545,20.289180825829217,20.47532081604004,1043
2025-02-17 00:00:00+01:00,20.475321800347206,20.568391799926758,20.382251800767655,20.568391799926758,1691
2025-02-18 00:00:00+01:00,20.56839081114545,20.56839081114545,20.47532081604004,20.47532081604004,633
2025-02-19 00:00:00+01:00,20.475321800347206,20.568391799926758,20.475321800347206,20.568391799926758,4073
2025-02-20 00:00:00+01:00,20.475321800347206,20.568391799926758,20.475321800347206,20.568391799926758,539
2025-02-21 00:00:00+01:00,20.38225173111943,20.75452995300293,20.38225173111943,20.75452995300293,5231
2025-02-24 00:00:00+01:00,20.47532088562146,20.84759909214571,20.47532088562146,20.661460876464844,373
2025-02-25 00:00:00+01:00,20.66146179950631,20.84760002350282,20.475321800347206,20.568391799926758,3154
2025-02-26 00:00:00+01:00,20.47532081604004,20.75452902619376,20.47532081604004,20.47532081604004,1281
2025-02-27 00:00:00+01:00,20.56839088104315,20.661460876464844,20.47532088562146,20.661460876464844,4152
2025-02-28 00:00:00+01:00,20.475321800347206,20.66146179950631,20.475321800347206,20.568391799926758,549
2025-03-03 00:00:00+01:00,20.56839081114545,20.66146080625086,20.47532081604004,20.47532081604004,502
2025-03-04 00:00:00+01:00,20.47532081604004,20.56839081114545,20.47532081604004,20.47532081604004,466
2025-03-05 00:00:00+01:00,20.568391799926758,20.568391799926758,20.475321800347206,20.568391799926758,412
2025-03-06 00:00:00+01:00,20.56839088104315,20.661460876464844,20.47532088562146,20.661460876464844,1294
2025-03-07 00:00:00+01:00,20.66146179950631,20.66146179950631,20.475321800347206,20.568391799926758,106
2025-03-10 00:00:00+01:00,20.56839081114545,20.66146080625086,20.47532081604004,20.47532081604004,1413
2025-03-11 00:00:00+01:00,20.568391799926758,20.75453002392327,20.568391799926758,20.568391799926758,746
2025-03-12 00:00:00+01:00,20.661461728903994,20.75452995300293,20.56839172964247,20.75452995300293,4132
2025-03-13 00:00:00+01:00,20.75452995300293,20.84759995226445,20.661461728903994,20.75452995300293,1125
2025-03-14 00:00:00+01:00,20.661462704737946,20.84760093688965,20.47532269742357,20.84760093688965,5085
2025-03-17 00:00:00+01:00,20.847600911380074,21.219879150390625,20.847600911380074,21.219879150390625,5390
2025-03-18 00:00:00+01:00,21.871365505716074,22.150573717000636,21.21987731250208,21.406017303466797,2123
2025-03-19 00:00:00+01:00,21.77829656135624,22.057506561279297,21.68522656138189,22.057506561279297,1742
2025-03-20 00:00:00+01:00,21.964437407988072,23.17434212880615,21.964437407988072,23.08127212524414,5986
2025-03-21 00:00:00+01:00,23.081271285623345,24.663455963134766,21.96443660899405,24.663455963134766,19357
2025-03-24 00:00:00+01:00,24.66345496666757,24.66345496666757,23.453550338745117,23.453550338745117,2735
2025-03-25 00:00:00+01:00,23.453550338745117,23.6396885564149,22.33671393207629,23.453550338745117,2594
2025-03-26 00:00:00+01:00,23.453550262113954,23.453550262113954,22.52285385131836,22.52285385131836,1525
2025-03-27 00:00:00+01:00,22.52285378254934,23.081270207191665,21.126809170618493,22.336713790893555,11967
2025-03-28 00:00:00+01:00,22.336713790893555,22.615922003214713,22.336713790893555,22.336713790893555,519
2025-03-31 00:00:00+02:00,22.802061994870503,22.802061994870503,22.336713790893555,22.336713790893555,2353
2025-04-01 00:00:00+02:00,22.336713867187502,23.267410278320312,22.336713867187502,23.267410278320312,2775
2025-04-02 00:00:00+02:00,23.732759535592535,23.918899536132812,23.267411309404444,23.918899536132812,4043
2025-04-03 00:00:00+02:00,23.546620369982218,24.19810861981144,22.895133895315666,24.0119686126709,9162
2025-04-04 00:00:00+02:00,24.01196669716155,24.3842466817447,23.267410278320312,23.267410278320312,3368
2025-04-07 00:00:00+02:00,23.267411223804725,23.267411223804725,21.592158325755822,22.429784774780273,5895
2025-04-08 00:00:00+02:00,22.429783855206296,22.6159220722679,21.9644356498085,22.52285385131836,930
2025-04-09 00:00:00+02:00,22.429783855206296,22.52285385131836,22.057505645920564,22.52285385131836,1433
2025-04-10 00:00:00+02:00,22.6159220722679,23.267410269889822,22.057505645920564,22.52285385131836,2161
2025-04-11 00:00:00+02:00,22.615922076431737,22.895132064819336,22.336713863206665,22.895132064819336,857
2025-04-14 00:00:00+02:00,22.895133893282797,23.267412132368154,22.52285565419744,23.08127212524414,357
2025-04-15 00:00:00+02:00,22.80206207275391,23.267410278320312,22.70899207660812,23.267410278320312,487
2025-04-16 00:00:00+02:00,23.2674103459128,23.453550338745117,23.174340349496642,23.453550338745117,1066
2025-04-17 00:00:00+02:00,23.546618491595147,23.546618491595147,22.615922080462333,23.267410278320312,1044
2025-04-22 00:00:00+02:00,23.267410278320312,23.267410278320312,22.895132068899695,23.267410278320312,446
2025-04-23 00:00:00+02:00,22.895132967031206,23.546619415283203,22.895132967031206,23.546619415283203,1224
2025-04-24 00:00:00+02:00,23.546619415283203,23.546619415283203,22.98820296682795,23.546619415283203,214
2025-04-25 00:00:00+02:00,23.639689425814648,23.639689425814648,22.988202977266813,23.174341201782227,236
2025-04-28 00:00:00+02:00,23.546619415283203,23.91889941447017,23.267411191055576,23.546619415283203,2014
2025-04-29 00:00:00+02:00,23.36048034232896,23.54661855999874,23.2674103459128,23.453550338745117,740
2025-04-30 00:00:00+02:00,23.45355121229718,23.63968943689988,21.96443653966262,22.80206298828125,3636
2025-05-02 00:00:00+02:00,22.802063036883485,23.36048126220703,22.802063036883485,23.36048126220703,79
2025-05-05 00:00:00+02:00,23.36048126220703,23.36048126220703,22.988203037045533,23.36048126220703,547
2025-05-06 00:00:00+02:00,23.36048027030281,23.36048027030281,22.895132064819336,22.895132064819336,555
2025-05-07 00:00:00+02:00,23.26741121253189,23.26741121253189,22.80206298828125,22.80206298828125,180
2025-05-08 00:00:00+02:00,23.26741134222334,24.84959602355957,23.26741134222334,24.84959602355957,10648
2025-05-09 00:00:00+02:00,24.849595951535026,25.314944177030718,24.663455951271708,25.035734176635742,4424
2025-05-12 00:00:00+02:00,25.314945114409326,25.594153349980406,24.942665100097656,24.942665100097656,1925
2025-05-13 00:00:00+02:00,24.94266325791849,25.31494324473484,24.663455042968764,24.75652503967285,2122
2025-05-14 00:00:00+02:00,25.12880416503471,25.501082390224923,24.75652593984449,25.40801239013672,2504
2025-05-15 00:00:00+02:00,25.687222390401335,26.05950061559155,25.221874165122912,25.40801239013672,1546
2025-05-16 00:00:00+02:00,25.408012483165834,26.710988938846224,25.408012483165834,26.52484893798828,12802
2025-05-19 00:00:00+02:00,26.431776933231,26.71098691334535,25.59415054321289,25.59415054321289,1652
2025-05-20 00:00:00+02:00,25.594153349980406,25.594153349980406,24.75652686810449,24.942665100097656,3115
2025-05-21 00:00:00+02:00,24.942665127113763,25.501083374023438,24.942665127113763,25.501083374023438,630
2025-05-22 00:00:00+02:00,25.501081533179033,25.68722152709961,25.221873317460712,25.68722152709961,2724
2025-05-23 00:00:00+02:00,25.128803251326666,25.78029145309274,24.75652503967285,24.75652503967285,1493
2025-05-26 00:00:00+02:00,25.128803253173828,25.40801146814408,24.75652504149265,25.128803253173828,1048
2025-05-27 00:00:00+02:00,24.75652503967285,25.40801146627639,24.75652503967285,24.75652503967285,400
2025-05-28 00:00:00+02:00,25.314943313598633,25.314943313598633,24.756525107017588,25.314943313598633,91
2025-05-29 00:00:00+02:00,25.128804249601206,25.128804249601206,24.84959602355957,24.84959602355957,53
2025-05-30 00:00:00+02:00,25.31494324473484,25.31494324473484,24.75652503967285,24.75652503967285,241
2025-06-02 00:00:00+02:00,24.75652503967285,25.128803251326666,24.75652503967285,24.75652503967285,1153
2025-06-03 00:00:00+02:00,24.756526893946816,25.128805133484423,24.57038688659668,24.57038688659668,944
2025-06-04 00:00:00+02:00,24.384247796715105,25.128804249601206,24.384247796715105,24.84959602355957,808
2025-06-05 00:00:00+02:00,25.12880418885429,25.314944189207143,24.663455963134766,24.663455963134766,742
2025-06-06 00:00:00+02:00,24.66345602275674,25.128804249601206,24.29117779631369,24.84959602355957,717
2025-06-09 00:00:00+02:00,24.384248628955493,24.942665100097656,24.384248628955493,24.942665100097656,2637
2025-06-10 00:00:00+02:00,25.128803251326666,25.128803251326666,24.75652503967285,24.75652503967285,320
2025-06-11 00:00:00+02:00,25.03573424919979,25.03573424919979,24.47731602195391,24.84959602355957,238
2025-06-12 00:00:00+02:00,24.942662146093106,24.942662146093106,23.732757568359375,23.732757568359375,986
2025-06-13 00:00:00+02:00,24.384247677924545,24.47731590270996,24.384247677924545,24.47731590270996,520
2025-06-16 00:00:00+02:00,24.477315047706377,24.663455041100452,24.1981068327778,24.384246826171875,1428
2025-06-17 00:00:00+02:00,24.663455963134766,24.663455963134766,23.91889951204857,24.663455963134766,243
2025-06-18 00:00:00+02:00,24.75652686607039,24.75652686607039,23.9189003842633,24.0119686126709,157
2025-06-20 00:00:00+02:00,24.663456868157304,26.804058074951172,24.663456868157304,26.804058074951172,4824
2025-06-23 00:00:00+02:00,26.804056165981297,26.804056165981297,25.68722152791023,26.059499740600586,1933
2025-06-24 00:00:00+02:00,25.687221458276866,26.059499669958043,24.94266325975197,25.128803253173828,610
2025-06-25 00:00:00+02:00,25.96643159110943,26.059501594694442,25.594153351932043,25.873361587524414,385
2025-06-26 00:00:00+02:00,25.408011535393356,25.966429741974398,25.128803319684103,25.314943313598633,575
2025-06-27 00:00:00+02:00,25.12880332129342,26.059499740600586,25.12880332129342,26.059499740600586,2605
2025-06-30 00:00:00+02:00,26.52484893798828,26.52484893798828,26.05950071100603,26.52484893798828,1487
2025-07-01 00:00:00+02:00,26.52484893798828,26.52484893798828,26.05950071100603,26.52484893798828,2010
2025-07-02 00:00:00+02:00,26.524848017327795,26.617918014526367,26.059499806497485,26.617918014526367,1708
2025-07-03 00:00:00+02:00,26.8040562336311,27.083266225225465,26.524848017199286,26.990196228027344,5097
2025-07-04 00:00:00+02:00,26.61791892550044,26.990197151873065,26.059500698360203,26.897127151489258,6272
2025-07-07 00:00:00+02:00,26.897127138793334,27.269405364990234,26.05950068605965,27.269405364990234,8351
2025-07-08 00:00:00+02:00,27.176337139812965,27.269405364990234,26.897127138793334,27.269405364990234,1703
2025-07-09 00:00:00+02:00,27.269403529912825,27.455543518066406,26.990195322844944,27.455543518066406,2296
2025-07-10 00:00:00+02:00,27.54861548509764,27.641685485839844,27.455545484355437,27.641685485839844,2319
2025-07-11 00:00:00+02:00,27.54861633034504,27.827824565975707,26.990198083921037,27.73475456237793,4349
2025-07-14 00:00:00+02:00,28.411210859362363,28.797757582259777,27.058296407621327,28.701122283935547,6885
2025-07-15 00:00:00+02:00,28.50784683227539,28.797756401764257,28.024662987660555,28.50784683227539,3077
2025-07-16 00:00:00+02:00,28.507848000886757,28.701122283935547,28.411210859362363,28.701122283935547,3576
2025-07-17 00:00:00+02:00,28.701122283935547,28.991031865308567,28.411210859362363,28.701122283935547,6362
2025-07-18 00:00:00+02:00,28.79775736513693,28.991031646728516,28.507847785949707,28.991031646728516,7154
2025-07-21 00:00:00+02:00,30.923766868610002,31.31031542902774,29.570852436748343,30.2473087310791,6032
2025-07-22 00:00:00+02:00,30.247308947473357,30.247308947473357,29.474215507507324,29.957399368286133,1903
2025-07-23 00:00:00+02:00,29.47421646118164,29.957400337594457,29.377579317259038,29.47421646118164,2873
2025-07-24 00:00:00+02:00,29.37757779114382,29.860761642456055,29.37757779114382,29.860761642456055,226
2025-07-25 00:00:00+02:00,29.860761642456055,29.860761642456055,29.570852068948764,29.860761642456055,647
2025-07-28 00:00:00+02:00,29.860761642456055,29.860761642456055,29.570852068948764,29.860761642456055,537
2025-07-29 00:00:00+02:00,29.860761642456055,29.860761642456055,29.37757779114382,29.860761642456055,240
2025-07-30 00:00:00+02:00,29.860761642456055,29.860761642456055,29.37757779114382,29.860761642456055,87
2025-07-31 00:00:00+02:00,29.37757779114382,29.860761642456055,29.37757779114382,29.860761642456055,1104
2025-08-01 00:00:00+02:00,29.957400110353746,29.957400110353746,28.21793890574232,29.76412582397461,2759
2025-08-04 00:00:00+02:00,29.860762445294323,29.860762445294323,28.991031858188695,29.667490005493164,622
2025-08-05 00:00:00+02:00,29.66748956984795,29.66748956984795,28.507847575268826,29.280941009521484,791
2025-08-06 00:00:00+02:00,29.280941009521484,29.377578149603103,29.280941009521484,29.280941009521484,321
2025-08-07 00:00:00+02:00,29.280940652241352,29.860761642456055,29.087668217636526,29.860761642456055,2736
2025-08-08 00:00:00+02:00,29.957398956738757,31.503585815429688,29.86076181727054,31.503585815429688,6065
2025-08-11 00:00:00+02:00,31.406951384746815,31.406951384746815,30.537220791963094,31.31031608581543,18508
2025-08-12 00:00:00+02:00,31.406950354584485,31.50358565034619,30.730492225051847,30.827129364013672,1644
2025-08-13 00:00:00+02:00,30.82713088511597,31.406951904296875,30.150674565405083,31.406951904296875,15497
2025-08-14 00:00:00+02:00,31.406951384746815,31.406951384746815,30.343946507699965,31.31031608581543,1226
2025-08-18 00:00:00+02:00,31.406950206473446,31.406950206473446,30.440582507812728,31.117040634155273,775
2025-08-19 00:00:00+02:00,30.730492808252166,31.213676669030974,30.730492808252166,30.92376708984375,2275
2025-08-20 00:00:00+02:00,31.310315874199603,31.310315874199603,29.087668992996456,30.63385772705078,27650
2025-08-21 00:00:00+02:00,31.21367569113638,31.21367569113638,29.957398429749503,30.440582275390625,1679
2025-08-22 00:00:00+02:00,30.054036886210387,30.343946469035497,28.991032010518023,29.377578735351562,1377
2025-08-25 00:00:00+02:00,29.37757909441654,29.76412582397461,28.991032364858466,29.76412582397461,522
2025-08-26 00:00:00+02:00,29.76412508669455,29.957399368286133,29.76412508669455,29.957399368286133,2179
2025-08-27 00:00:00+02:00,30.537220592598793,30.537220592598793,29.570852863992503,29.667490005493164,1314
2025-08-28 00:00:00+02:00,29.570853380795672,30.440583983101387,29.570853380795672,29.76412582397461,989
2025-08-29 00:00:00+02:00,29.957398635732247,30.440582484695668,29.570851925201527,30.150672912597656,476
2025-09-01 00:00:00+02:00,30.15067343417481,30.2473087310791,29.667489576852777,30.2473087310791,957
2025-09-02 00:00:00+02:00,29.860762590260308,30.44058359887899,29.570853007551055,30.34394645690918,2031
2025-09-03 00:00:00+02:00,30.150672912597656,30.343945346262963,29.957398635732247,30.150672912597656,1181
2025-09-04 00:00:00+02:00,30.34394551240468,30.827129364013672,29.66748922607216,30.827129364013672,1868
2025-09-05 00:00:00+02:00,30.440582484695668,30.63385676156108,29.764124358866834,30.150672912597656,1322
2025-09-08 00:00:00+02:00,29.957399579901963,30.730493025329043,29.957399579901963,30.63385772705078,2126
2025-09-09 00:00:00+02:00,30.633856929290143,30.827129364013672,30.15067307768115,30.827129364013672,594
2025-09-10 00:00:00+02:00,30.827130323558052,30.827130323558052,30.150674016169738,30.34394645690918,409
2025-09-11 00:00:00+02:00,30.34394551240468,30.827129364013672,30.247308373442856,30.827129364013672,424
2025-09-12 00:00:00+02:00,30.827129364013672,30.827129364013672,30.247308373442856,30.827129364013672,757
2025-09-15 00:00:00+02:00,30.827130688646516,30.827130688646516,30.343946816275256,30.730493545532227,1609
2025-09-16 00:00:00+02:00,30.440582861591498,30.827129576908188,30.343945721962292,30.537220001220703,967
2025-09-17 00:00:00+02:00,30.537220151392404,30.827129728505568,30.2473087310791,30.2473087310791,516
2025-09-18 00:00:00+02:00,30.82713016680747,30.82713016680747,30.247309161137075,30.63385772705078,39
2025-09-19 00:00:00+02:00,30.247309365568398,31.31031608581543,30.247309365568398,31.31031608581543,14844
2025-09-22 00:00:00+02:00,31.31031638131581,31.696861267089844,30.92376780914139,31.696861267089844,2092
2025-09-23 00:00:00+02:00,31.696860529809783,31.696860529809783,30.150673649877717,30.92376708984375,3817
2025-09-24 00:00:00+02:00,30.923766502975493,31.50358565034619,30.05403593871933,30.827129364013672,8144
2025-09-25 00:00:00+02:00,30.827129364013672,30.827129364013672,30.05403593871933,30.827129364013672,1529
2025-09-26 00:00:00+02:00,30.150673235675185,31.793499077034458,30.150673235675185,31.503585815429688,1666
2025-09-29 00:00:00+02:00,31.69685977879162,31.89013405580381,31.117040634155273,31.117040634155273,6420
2025-09-30 00:00:00+02:00,32.37331889386847,32.37331889386847,30.730493018690606,31.6002254486084,5521
2025-10-01 00:00:00+02:00,30.923765982086497,33.14641092476893,30.730491707418423,32.66322708129883,6224
2025-10-02 00:00:00+02:00,32.66322878326893,32.856503068007875,31.31031616289706,31.986770629882812,8898
2025-10-03 00:00:00+02:00,31.890135029780886,32.180044610953374,31.11704158452081,31.6002254486084,2591
2025-10-06 00:00:00+02:00,31.600225013140072,31.600225013140072,30.537220158156128,31.21367645263672,6975
2025-10-07 00:00:00+02:00,31.213676076660843,31.213676076660843,30.537219790328322,30.827129364013672,60325
2025-10-08 00:00:00+02:00,30.82713037515761,31.69686096794133,30.82713037515761,31.31031608581543,4658
2025-10-09 00:00:00+02:00,31.310315435962696,31.310315435962696,30.827129735333504,31.21367645263672,9284
2025-10-10 00:00:00+02:00,31.600225013140072,31.600225013140072,30.730492595207664,31.21367645263672,988
2025-10-13 00:00:00+02:00,31.890134590317448,32.18004416749482,30.440583018030292,31.21367645263672,3322
2025-10-14 00:00:00+02:00,31.21367688952101,31.21367688952101,30.150673862858817,30.63385772705078,2298
2025-10-15 00:00:00+02:00,30.247308582333087,31.117040995795804,30.247308582333087,30.537220001220703,106269
2025-10-16 00:00:00+02:00,31.213677417903487,31.213677417903487,30.247309673160963,30.730493545532227,2462
2025-10-17 00:00:00+02:00,30.730493741385782,31.406951904296875,30.440584153395434,31.406951904296875,3813
2025-10-20 00:00:00+02:00,31.600225232214143,31.890134811401367,30.92376708984375,31.890134811401367,4882
2025-10-21 00:00:00+02:00,32.08340909299295,32.18004439058859,31.213676669030974,31.890134811401367,1929
2025-10-22 00:00:00+02:00,31.890134078562767,32.18004365108784,31.890134078562767,32.08340835571289,1609
2025-10-23 00:00:00+02:00,32.18004575251216,32.85650392351161,32.08341045082672,32.75986862182617,4010
2025-10-24 00:00:00+02:00,33.04977703415542,33.339686615268995,32.566593170166016,32.566593170166016,1425
2025-10-27 00:00:00+01:00,31.89013523900676,32.56659339044758,31.503586670640477,32.27668380737305,3468
2025-10-28 00:00:00+01:00,32.27668263286301,32.37331792823796,31.600224506037694,32.08340835571289,1341
2025-10-29 00:00:00+01:00,31.890135023300783,32.75986745304184,31.890135023300783,32.566593170166016,1379
2025-10-30 00:00:00+01:00,32.566593170166016,32.566593170166016,32.08340930617661,32.566593170166016,368
2025-10-31 00:00:00+01:00,32.663229407750904,33.14641328563598,32.37331981829995,33.04977798461914,1468
2025-11-03 00:00:00+01:00,33.33968712466201,33.62959671020508,33.049777539118935,33.62959671020508,1279
2025-11-04 00:00:00+01:00,33.726234436035156,33.91950502824146,33.629595453531756,33.726234436035156,5422
2025-11-05 00:00:00+01:00,33.91950629574815,33.91950629574815,33.146412838833164,33.62959671020508,3180
2025-11-06 00:00:00+01:00,33.62959648935882,34.30605464211726,33.243051606639966,33.91950607299805,2809
2025-11-07 00:00:00+01:00,34.016142617860375,34.016142617860375,33.43631980578316,33.82286834716797,2352
2025-11-10 00:00:00+01:00,33.82286834716797,34.402687472845095,33.04977495079844,33.82286834716797,1676
2025-11-12 00:00:00+01:00,33.822871931100295,34.3060558158303,33.4363233487561,34.1127815246582,2793
2025-11-13 00:00:00+01:00,34.016143798828125,34.016143798828125,33.53295994852204,34.016143798828125,586
2025-11-14 00:00:00+01:00,34.016142617860375,34.30605218069894,33.04977495079844,33.82286834716797,4976
2025-11-17 00:00:00+01:00,34.30605218069894,34.30605218069894,33.339684513636996,33.82286834716797,3050
2025-11-18 00:00:00+01:00,34.01614310492066,34.01614310492066,32.276682016582704,32.9531364440918,9335
2025-11-19 00:00:00+01:00,32.759867674630726,32.759867674630726,30.343946495142156,32.27668380737305,6688
2025-11-20 00:00:00+01:00,32.27668284578253,32.27668284578253,31.406950436069735,31.793498992919922,3644
2025-11-21 00:00:00+01:00,32.18004394850706,32.46995352371158,31.21367624022517,31.503585815429688,9866
2025-11-24 00:00:00+01:00,31.406952279827273,32.85650392351161,31.21367799005594,32.75986862182617,2402
2025-11-25 00:00:00+01:00,33.14641092476893,33.82286904290711,32.373317512496804,32.66322708129883,3649
2025-11-26 00:00:00+01:00,33.04977534856351,33.822868754237476,32.856501075544976,33.24304962158203,1858
2025-11-27 00:00:00+01:00,33.24304922149084,33.82286834716797,33.14641024294459,33.82286834716797,951
2025-11-28 00:00:00+01:00,33.919504816926775,34.69260192653668,33.43632096662069,34.016143798828125,3555
2025-12-01 00:00:00+01:00,34.402691118216104,34.402691118216104,33.72623662871449,34.1127815246582,2626
2025-12-02 00:00:00+01:00,34.20941766070452,35.17578534957865,34.11277867997699,34.59596252441406,2617
2025-12-03 00:00:00+01:00,34.30605275187623,34.98251086736227,34.30605275187623,34.88587188720703,1140
2025-12-04 00:00:00+01:00,35.079148064915216,35.948880501513266,34.982512765915594,35.85224151611328,4087
2025-12-05 00:00:00+01:00,35.755604552326595,36.5286979675293,35.755604552326595,36.5286979675293,2150
2025-12-08 00:00:00+01:00,36.72197224293002,36.81860753743029,36.33542369212857,36.5286979675293,4714
2025-12-09 00:00:00+01:00,36.8186089354753,36.8186089354753,36.23878977365692,36.432064056396484,6890
2025-12-10 00:00:00+01:00,36.432061996231845,37.78497452610352,36.432061996231845,37.68833923339844,286586
2025-12-11 00:00:00+01:00,38.4614331965742,40.97399139404297,38.4614331965742,40.97399139404297,7417
2025-12-12 00:00:00+01:00,42.42354394165473,50.63766947628581,42.036995383111986,43.38991165161133,27493
2025-12-15 00:00:00+01:00,43.87309431584127,43.96972960965407,41.940358948383945,43.19663619995117,13228
2025-12-16 00:00:00+01:00,43.48654877261522,46.28901672363281,43.19663918474454,46.28901672363281,45275
2025-12-17 00:00:00+01:00,50.25112296580701,50.25112296580701,46.095742380914594,48.22175216674805,20835
2025-12-18 00:00:00+01:00,48.318385844193756,48.89820499976397,44.74282455444336,44.74282455444336,8614
2025-12-19 00:00:00+01:00,44.74282623309788,45.03273582175977,41.070629508446295,42.423545837402344,12264
2025-12-22 00:00:00+01:00,42.52017796293218,45.419281005859375,42.423542669394664,45.419281005859375,9092
2025-12-23 00:00:00+01:00,47.35201857861503,48.12511202221032,45.41928312642666,46.095741271972656,8070
2025-12-29 00:00:00+01:00,46.095740841872264,47.54529241748837,45.22600842194249,46.675559997558594,7286
2025-12-30 00:00:00+01:00,46.96546839226495,47.54529121974488,45.515916853165415,46.48228454589844,7709
2026-01-02 00:00:00+01:00,46.48228571686305,47.06210855894967,45.03273414124695,46.675559997558594,11550
2026-01-05 00:00:00+01:00,47.06210680079815,48.02847448177388,44.549548618421156,45.419281005859375,11694
2026-01-07 00:00:00+01:00,45.902466773986816,46.385650634765625,44.83946375483356,46.385650634765625,6491
2026-01-08 00:00:00+01:00,46.0957400978886,46.578923948628734,45.709191542736406,45.9024658203125,14392
2026-01-09 00:00:00+01:00,46.38564945980135,46.38564945980135,45.41928176272216,46.19237518310547,2601
2026-01-12 00:00:00+01:00,45.709193207012994,47.15874481201172,45.709193207012994,47.15874481201172,10445
2026-01-13 00:00:00+01:00,47.158745974295165,48.02847843329013,46.38565250318877,47.352020263671875,7967
2026-01-14 00:00:00+01:00,48.028475330974565,48.3183849031132,47.0621076329123,48.1251106262207,4333
2026-01-15 00:00:00+01:00,47.83520391491631,48.31838779284476,46.385652281130966,47.641929626464844,4920
2026-01-16 00:00:00+01:00,47.641926433530905,48.318384554575,45.99910062139532,46.77219772338867,5193
2026-01-19 00:00:00+01:00,47.54529209148453,47.54529209148453,42.90672781859829,45.32264709472656,12438
2026-01-20 00:00:00+01:00,44.452915916327385,45.226009368896484,42.81009002561782,45.226009368896484,5763
2026-01-21 00:00:00+01:00,46.19237441335993,46.385648686835104,43.679819917383085,45.419281005859375,5544
2026-01-22 00:00:00+01:00,44.93609947700019,45.80583190917969,44.4529156116561,45.80583190917969,3757
2026-01-23 00:00:00+01:00,46.28901672363281,46.965471199864275,44.452916523117786,46.28901672363281,5843
2026-01-26 00:00:00+01:00,46.289015337169985,47.06210877713602,45.22600863161642,46.385650634765625,12959
2026-01-27 00:00:00+01:00,46.38564923042269,48.898203755843845,46.19237495468256,48.704933166503906,13142
2026-01-28 00:00:00+01:00,49.284753379814624,51.60403736636601,49.09147909986863,50.83094024658203,29965
2026-01-29 00:00:00+01:00,52.76367762455635,57.01569719501601,51.024216413513905,51.79730987548828,27560
2026-01-30 00:00:00+01:00,51.02421572726897,51.21749001176324,48.22175150450327,49.09148025512695,16517
2026-02-02 00:00:00+01:00,47.35201783437225,47.93183698635548,45.41928241256114,47.2553825378418,16950
2026-02-03 00:00:00+01:00,51.797307190200854,51.797307190200854,48.704933502618886,50.05784606933594,15380
2026-02-04 00:00:00+01:00,51.41076153451885,51.604035808630606,48.12510993381946,49.284751892089844,12824
2026-02-05 00:00:00+01:00,47.54529285213207,49.09147973903055,47.44865386770072,48.02847671508789,5126
2026-02-06 00:00:00+01:00,48.0284747730174,48.0284747730174,46.09573939934588,47.06210708618164,7601
2026-02-09 00:00:00+01:00,48.028475330974565,48.1251106262207,47.0621076329123,48.1251106262207,4205
2026-02-10 00:00:00+01:00,48.125112232582126,48.70493508261344,45.70919290678583,47.73856735229492,9069
2026-02-11 00:00:00+01:00,47.06210951290529,47.64192868034463,46.57892564457238,47.15874481201172,4481
2026-02-12 00:00:00+01:00,47.06210825838063,47.35201783437225,45.99910156454436,47.2553825378418,6421
2026-02-13 00:00:00+01:00,48.12511036082462,48.12511036082462,46.095739680645345,46.48228454589844,2734
2026-02-16 00:00:00+01:00,46.289015554471554,46.77219941751865,45.03273456142886,46.095741271972656,4239
2026-02-17 00:00:00+01:00,46.095741807036944,46.385651390950315,44.25964163158502,45.226009368896484,8617
2026-02-18 00:00:00+01:00,44.452916836130356,45.99910377326167,44.259642547388836,45.70919418334961,9550
2026-02-19 00:00:00+01:00,45.90246847209113,46.1923780620032,44.93610071478395,45.70919418334961,3373
2026-02-20 00:00:00+01:00,46.385650634765625,46.868834495544434,44.45291519165039,44.45291519165039,3924
2026-02-23 00:00:00+01:00,45.129372604550895,45.90246603202066,44.64618875158225,45.61255645751953,6848
2026-02-24 00:00:00+01:00,45.999101328054294,46.28901458895567,45.419282179052026,45.61255645751953,1768
2026-02-25 00:00:00+01:00,46.095741271972656,47.35201857861503,46.095741271972656,46.095741271972656,3319
2026-02-26 00:00:00+01:00,47.15874525936536,47.15874525936536,46.09574221350933,46.57892608642578,670
2026-02-27 00:00:00+01:00,46.675559783835865,47.25538262326753,46.48228550402531,46.96546936035156,2919
2026-03-02 00:00:00+01:00,46.96546831248682,48.028474984527584,46.09573960234458,46.77219772338867,13127
2026-03-03 00:00:00+01:00,47.06210877713602,47.73856691950641,42.520179748535156,44.45291519165039,11283
2026-03-04 00:00:00+01:00,44.45291352604225,45.709190779715584,44.45291352604225,45.129371643066406,2195
2026-03-05 00:00:00+01:00,45.12937478070064,46.28901682102365,44.74282620512616,45.99910354614258,5060
2026-03-06 00:00:00+01:00,46.19237441335993,46.19237441335993,44.45291332488364,45.419281005859375,10293
2026-03-09 00:00:00+01:00,44.74282616938284,45.41928433289757,43.10000025410433,44.35628128051758,6115
2026-03-10 00:00:00+01:00,44.83946278229533,45.03273337329469,43.486546526898394,43.969730377197266,2778
2026-03-11 00:00:00+01:00,44.163006332414014,45.226009368896484,44.163006332414014,45.226009368896484,1489
2026-03-12 00:00:00+01:00,45.61255697419897,47.35201812730988,43.776456837559486,44.74282455444336,4681
2026-03-13 00:00:00+01:00,45.41928336124896,45.80583192824526,43.58318319761706,43.87309646606445,2945
2026-03-16 00:00:00+01:00,43.67982366751013,44.93610102335612,43.486549377441406,43.486549377441406,4425
2026-03-17 00:00:00+01:00,44.1630075494817,45.322649603493566,43.38991407560728,43.486549377441406,4044
2026-03-18 00:00:00+01:00,43.48654922743569,44.06636840924132,41.84372329711914,41.84372329711914,3950
2026-03-19 00:00:00+01:00,41.84372083130492,43.09999810878608,39.62107585016128,39.81435012817383,6343
2026-03-20 00:00:00+01:00,40.58744430541992,42.520179748535156,39.621076583862305,40.58744430541992,5419
2026-03-23 00:00:00+01:00,38.65470789655854,39.52444029879119,37.301791645618906,38.17152404785156,12027
2026-03-24 00:00:00+01:00,38.36480026651671,38.36480026651671,37.01188394709682,37.20515823364258,14277
2026-03-25 00:00:00+01:00,38.36479775863737,40.104258851041045,36.72197195998939,37.1085205078125,11249
2026-03-26 00:00:00+01:00,37.78497549432589,40.104259442679485,37.78497549432589,38.17152404785156,4706
2026-03-27 00:00:00+01:00,38.268159389109435,40.20089478626446,38.268159389109435,40.1042594909668,2021
2026-03-30 00:00:00+02:00,39.91098616304953,40.58744430541992,38.65470886230469,40.58744430541992,404043
2026-03-31 00:00:00+02:00,41.55381092844153,44.549549311513275,41.55381092844153,44.259639739990234,10882
2026-04-01 00:00:00+02:00,42.71345454061795,44.35628042418025,41.65044782235983,43.58318328857422,9813
2026-04-02 00:00:00+02:00,43.58318412998622,44.646190868766624,43.58318412998622,44.35628128051758,5915
2026-04-07 00:00:00+02:00,44.35628128051758,44.83946515639947,43.9697327052519,44.35628128051758,7504
2026-04-08 00:00:00+02:00,44.93609765393628,45.80583005083061,44.5495491027832,44.5495491027832,7971
2026-04-09 00:00:00+02:00,44.93609716537151,47.25538107427332,44.45291332488364,45.419281005859375,14897
2026-04-10 00:00:00+02:00,44.646188960130594,46.965469253373584,44.646188960130594,45.32264709472656,4269
2026-04-13 00:00:00+02:00,45.32264618675142,46.77219772338867,44.646188065707335,46.77219772338867,4560
2026-04-14 00:00:00+02:00,46.86883309755172,47.06210737337837,45.70919112899205,46.48228454589844,1481
2026-04-15 00:00:00+02:00,46.7721978028385,46.96546839226495,44.549549160432385,46.48228454589844,3380
2026-04-16 00:00:00+02:00,46.48228440377641,46.96546824866556,44.83946228027344,44.83946228027344,2819
2026-04-17 00:00:00+02:00,44.936097368716624,45.80582976009056,43.48654584069351,45.129371643066406,3306
2026-04-20 00:00:00+02:00,45.9024672992963,46.48228646430621,44.839464267977995,45.51591873168945,2997
2026-04-21 00:00:00+02:00,45.51591966987469,46.5789264095043,45.51591966987469,45.99910354614258,2000
2026-04-22 00:00:00+02:00,45.99910354614258,46.482287422410465,44.83946519221999,45.99910354614258,592
2026-04-23 00:00:00+02:00,46.86883404511003,46.96546934177695,44.74282434083529,45.03273391723633,1445
2026-04-24 00:00:00+02:00,45.419283135757894,45.419283135757894,43.96973154631881,44.16300582885742,2333
2026-04-27 00:00:00+02:00,44.16300676986866,45.70919369032254,44.16300676986866,44.64619064331055,2159
2026-04-28 00:00:00+02:00,45.41928312642666,46.19237657002195,45.41928312642666,46.095741271972656,2334
2026-04-29 00:00:00+02:00,45.61255839019432,46.19237756376443,44.45291635665371,44.64619064331055,1949
2026-04-30 00:00:00+02:00,43.679821965711064,45.419283135757894,43.486547683172454,44.16300582885742,872
2026-05-04 00:00:00+02:00,43.48654632046206,45.4192817124826,43.48654632046206,44.259639739990234,5375
2026-05-05 00:00:00+02:00,44.93610004896528,45.22600963458176,42.90672926324959,43.00336456298828,4782
2026-05-06 00:00:00+02:00,43.48654576778974,43.48654576778974,42.71345235808684,43.19663619995117,3676
2026-05-07 00:00:00+02:00,44.4529134515184,44.4529134515184,43.09999721973821,43.19663619995117,2827
2026-05-08 00:00:00+02:00,43.969732305976784,43.969732305976784,42.52018069149403,43.00336456298828,2558
2026-05-11 00:00:00+02:00,42.61681653760101,42.61681653760101,41.65044878222321,42.13363265991211,4291
2026-05-12 00:00:00+02:00,42.03699437494118,42.90672676760348,40.97399139404297,40.97399139404297,2416
2026-05-13 00:00:00+02:00,41.457175788861676,42.423543488495746,41.07062723444796,42.03699493408203,4518
2026-05-14 00:00:00+02:00,41.5538134812456,42.13363265991211,40.200897149156496,42.13363265991211,3178
2026-05-15 00:00:00+02:00,41.74708557128906,42.1336304412453,40.78071786679811,41.74708557128906,4304
2026-05-18 00:00:00+02:00,41.553810119628906,42.13362925138926,41.45717482646889,41.553810119628906,2825
2026-05-19 00:00:00+02:00,41.360536399793894,42.61681365966797,41.360536399793894,42.61681365966797,2242
2026-05-20 00:00:00+02:00,43.00336213143281,43.00336213143281,41.940359148811396,42.9067268371582,481
2026-05-21 00:00:00+02:00,42.81008765189964,43.293271493763974,42.13362953600955,43.19663619995117,101848
2026-05-22 00:00:00+02:00,43.19663648557921,43.389910760882955,41.843720244853166,42.61681365966797,3298
2026-05-25 00:00:00+02:00,42.61681337787388,43.48654576778974,42.13362953600955,43.19663619995117,5941
2026-05-26 00:00:00+02:00,43.67982054421629,43.77645583914059,42.326904296875,42.326904296875,3939
2026-05-27 00:00:00+02:00,42.133629814608696,43.486546055334735,42.133629814608696,42.61681365966797,2594
2026-05-28 00:00:00+02:00,42.5201793215689,43.19663745714664,42.13363076226726,43.099998474121094,2181
2026-05-29 00:00:00+02:00,41.5,43.70000076293945,41.5,43.0,3985
2026-06-01 00:00:00+02:00,43.0,43.5,42.599998474121094,42.70000076293945,2706
2026-06-02 00:00:00+02:00,42.599998474121094,43.5,42.599998474121094,42.70000076293945,1999
2026-06-03 00:00:00+02:00,43.0,43.5,41.5,43.20000076293945,2012
2026-06-05 00:00:00+02:00,43.20000076293945,43.599998474121094,41.79999923706055,42.099998474121094,2314
2026-06-08 00:00:00+02:00,42.099998474121094,43.0,41.099998474121094,42.0,5191
2026-06-09 00:00:00+02:00,41.900001525878906,42.29999923706055,41.29999923706055,41.29999923706055,1898
2026-06-10 00:00:00+02:00,41.29999923706055,42.400001525878906,39.900001525878906,40.0,2591
2026-06-11 00:00:00+02:00,40.0,40.79999923706055,39.70000076293945,40.20000076293945,2496
2026-06-12 00:00:00+02:00,41.79999923706055,42.5,40.79999923706055,41.0,1184
2026-06-15 00:00:00+02:00,41.0,42.0,40.5,41.0,6079
2026-06-16 00:00:00+02:00,41.099998474121094,43.0,41.0,42.70000076293945,13042
2026-06-17 00:00:00+02:00,43.0,43.0,41.70000076293945,41.900001525878906,1170
2026-06-18 00:00:00+02:00,41.900001525878906,42.29999923706055,41.0,41.0,1744
2026-06-19 00:00:00+02:00,41.79999923706055,42.20000076293945,38.5,38.5,30609
2026-06-22 00:00:00+02:00,40.5,41.29999923706055,38.79999923706055,40.79999923706055,4308
2026-06-23 00:00:00+02:00,40.79999923706055,42.099998474121094,40.79999923706055,41.599998474121094,2002
2026-06-24 00:00:00+02:00,41.20000076293945,42.0,41.0,41.70000076293945,2335
2026-06-25 00:00:00+02:00,41.5,41.79999923706055,40.20000076293945,41.0,16300
2026-06-26 00:00:00+02:00,41.0,42.20000076293945,39.599998474121094,39.599998474121094,9947
2026-06-29 00:00:00+02:00,39.599998474121094,40.400001525878906,39.099998474121094,40.20000076293945,2965
2026-06-30 00:00:00+02:00,40.0,40.20000076293945,39.400001525878906,39.400001525878906,1589
2026-07-01 00:00:00+02:00,38.70000076293945,39.5,38.70000076293945,39.5,5034
2026-07-02 00:00:00+02:00,39.599998474121094,39.79999923706055,38.599998474121094,38.79999923706055,13174
2026-07-03 00:00:00+02:00,38.79999923706055,39.29999923706055,38.70000076293945,39.29999923706055,6978
2026-07-06 00:00:00+02:00,38.70000076293945,39.20000076293945,38.599998474121094,38.70000076293945,1177
2026-07-07 00:00:00+02:00,39.5,39.5,38.900001525878906,39.0,1515
2026-07-08 00:00:00+02:00,39.5,39.5,38.20000076293945,38.20000076293945,4124
2026-07-09 00:00:00+02:00,38.79999923706055,38.79999923706055,37.5,37.5,7508
2026-07-10 00:00:00+02:00,37.599998474121094,38.20000076293945,35.70000076293945,35.70000076293945,4389
2026-07-13 00:00:00+02:00,36.0,38.0,36.0,37.5,363064
2026-07-14 00:00:00+02:00,37.79999923706055,39.400001525878906,37.20000076293945,37.79999923706055,6304
2026-07-15 00:00:00+02:00,37.900001525878906,38.5,37.400001525878906,38.400001525878906,2462
2026-07-16 00:00:00+02:00,38.20000076293945,38.400001525878906,37.5,37.900001525878906,1634
2026-07-17 00:00:00+02:00,38.0,38.0,37.099998474121094,37.099998474121094,2096
2026-07-20 00:00:00+02:00,37.099998474121094,38.099998474121094,36.599998474121094,37.20000076293945,5248
2026-07-21 00:00:00+02:00,37.400001525878906,37.599998474121094,36.79999923706055,37.099998474121094,1334
2026-07-22 00:00:00+02:00,37.900001525878906,37.900001525878906,36.599998474121094,37.099998474121094,842
2026-07-23 00:00:00+02:00,36.79999923706055,36.79999923706055,35.599998474121094,36.0,8048
2026-07-24 00:00:00+02:00,36.0,36.599998474121094,35.599998474121094,35.79999923706055,3145
2026-07-27 00:00:00+02:00,35.79999923706055,36.5,35.599998474121094,36.5,25249
2026-07-28 00:00:00+02:00,36.5,38.0,36.099998474121094,37.5,1601
2026-07-29 00:00:00+02:00,38.0,39.0,36.0,38.79999923706055,5276
2026-07-30 00:00:00+02:00,38.79999923706055,39.0,37.599998474121094,38.79999923706055,1350
2026-07-31 00:00:00+02:00,38.79999923706055,39.20000076293945,38.0,39.20000076293945,2602
2026-08-03 00:00:00+02:00,39.0,39.0,38.29999923706055,38.5,949
2026-08-04 00:00:00+02:00,38.79999923706055,39.599998474121094,38.79999923706055,39.5,2290
2026-08-05 00:00:00+02:00,40.0,40.0,39.20000076293945,39.79999923706055,2757
2026-08-06 00:00:00+02:00,39.79999923706055,43.0,39.79999923706055,42.400001525878906,10322
2026-08-07 00:00:00+02:00,42.599998474121094,42.599998474121094,41.5,42.0,3818
2026-08-10 00:00:00+02:00,42.099998474121094,42.79999923706055,40.599998474121094,42.29999923706055,4978
2026-08-11 00:00:00+02:00,42.599998474121094,42.599998474121094,41.5,42.400001525878906,2479
2026-08-12 00:00:00+02:00,42.400001525878906,42.79999923706055,42.20000076293945,42.5,1478
2026-08-13 00:00:00+02:00,42.900001525878906,42.900001525878906,41.900001525878906,41.900001525878906,3033
2026-08-14 00:00:00+02:00,41.900001525878906,42.400001525878906,41.20000076293945,41.900001525878906,2309
2026-08-17 00:00:00+02:00,41.900001525878906,42.5,41.099998474121094,42.0,2148
2026-08-18 00:00:00+02:00,42.400001525878906,43.0,38.599998474121094,41.0,9979
2026-08-19 00:00:00+02:00,40.599998474121094,41.70000076293945,40.599998474121094,41.70000076293945,1035
2026-08-20 00:00:00+02:00,41.900001525878906,42.5,41.70000076293945,41.70000076293945,2805
2026-08-21 00:00:00+02:00,42.5,42.5,40.70000076293945,41.599998474121094,2312
