Date,Open,High,Low,Close,Volume
2016-08-22 00:00:00+02:00,10.401376724243164,10.981673240661621,10.287075996398926,10.717902183532715,3516
2016-08-23 00:00:00+02:00,10.594808578491211,10.937710762023926,10.550847053527832,10.638771057128906,3024
2016-08-24 00:00:00+02:00,10.709110260009766,10.709110260009766,10.550847053527832,10.682732582092285,882
2016-08-25 00:00:00+02:00,10.682732582092285,10.682732582092285,10.392583847045898,10.550847053527832,3135
2016-08-26 00:00:00+02:00,10.682732582092285,11.078389167785645,10.401376724243164,10.990466117858887,5437
2016-08-29 00:00:00+02:00,11.069597244262695,11.069597244262695,10.559638977050781,10.95529556274414,7869
2016-08-30 00:00:00+02:00,10.95529556274414,10.95529556274414,10.586015701293945,10.682732582092285,4941
2016-08-31 00:00:00+02:00,10.682732582092285,10.682732582092285,9.935380935668945,10.234321594238281,10697
2016-09-01 00:00:00+02:00,10.02330493927002,10.418960571289062,9.935380935668945,9.97934341430664,5608
2016-09-02 00:00:00+02:00,9.98813533782959,10.638771057128906,9.98813533782959,10.612394332885742,1354
2016-09-05 00:00:00+02:00,10.638771057128906,10.946503639221191,10.38379192352295,10.946503639221191,6204
2016-09-06 00:00:00+02:00,11.069597244262695,11.078389167785645,10.568431854248047,10.972881317138672,4822
2016-09-07 00:00:00+02:00,10.990466117858887,10.990466117858887,10.295867919921875,10.542055130004883,2387
2016-09-08 00:00:00+02:00,10.717902183532715,10.717902183532715,10.30466079711914,10.30466079711914,1542
2016-09-09 00:00:00+02:00,10.805826187133789,10.805826187133789,10.260699272155762,10.638771057128906,4453
2016-09-12 00:00:00+02:00,10.717902183532715,10.717902183532715,10.427754402160645,10.586015701293945,729
2016-09-13 00:00:00+02:00,10.638771057128906,10.638771057128906,10.155190467834473,10.375,4303
2016-09-14 00:00:00+02:00,10.462923049926758,10.550847053527832,10.375,10.506884574890137,551
2016-09-15 00:00:00+02:00,10.155190467834473,11.03442668914795,10.155190467834473,10.542055130004883,5503
2016-09-16 00:00:00+02:00,10.542055130004883,10.550847053527832,10.401376724243164,10.524470329284668,799
2016-09-19 00:00:00+02:00,10.542055130004883,10.542055130004883,10.2079439163208,10.462923049926758,1746
2016-09-20 00:00:00+02:00,10.462923049926758,10.462923049926758,10.02330493927002,10.34862232208252,6523
2016-09-21 00:00:00+02:00,10.375,10.550847053527832,10.155190467834473,10.462923049926758,4631
2016-09-22 00:00:00+02:00,10.462923049926758,10.550847053527832,10.295867919921875,10.331038475036621,1564
2016-09-23 00:00:00+02:00,10.542055130004883,10.542055130004883,10.128812789916992,10.418960571289062,575
2016-09-26 00:00:00+02:00,10.462923049926758,10.462923049926758,10.120020866394043,10.287075996398926,1996
2016-09-27 00:00:00+02:00,10.331038475036621,10.44533920288086,9.935380935668945,10.44533920288086,3027
2016-09-28 00:00:00+02:00,10.44533920288086,10.44533920288086,10.067266464233398,10.410168647766113,1663
2016-09-29 00:00:00+02:00,10.375,10.375,10.163983345031738,10.357415199279785,1651
2016-09-30 00:00:00+02:00,10.357415199279785,10.357415199279785,9.319914817810059,9.583685874938965,37298
2016-10-03 00:00:00+02:00,9.539724349975586,9.909004211425781,9.504554748535156,9.909004211425781,2366
2016-10-04 00:00:00+02:00,9.909004211425781,9.909004211425781,9.62764835357666,9.891419410705566,2412
2016-10-05 00:00:00+02:00,9.8826265335083,9.8826265335083,9.372669219970703,9.654025077819824,56535
2016-10-06 00:00:00+02:00,9.381461143493652,9.662817001342773,9.381461143493652,9.60127067565918,2108
2016-10-07 00:00:00+02:00,9.60127067565918,9.847456932067871,9.416630744934082,9.829872131347656,3339
2016-10-10 00:00:00+02:00,9.838665008544922,9.891419410705566,9.504554748535156,9.662817001342773,5105
2016-10-11 00:00:00+02:00,9.654025077819824,9.662817001342773,9.513346672058105,9.654025077819824,2859
2016-10-12 00:00:00+02:00,9.654025077819824,9.865041732788086,9.513346672058105,9.829872131347656,5040
2016-10-13 00:00:00+02:00,9.671609878540039,9.671609878540039,9.407838821411133,9.478177070617676,3217
2016-10-14 00:00:00+02:00,9.671609878540039,9.671609878540039,9.231990814208984,9.443008422851562,8312
2016-10-17 00:00:00+02:00,9.443008422851562,9.583685874938965,8.968219757080078,8.994597434997559,11931
2016-10-18 00:00:00+02:00,8.977011680603027,9.293538093566895,8.977011680603027,9.07372760772705,13583
2016-10-19 00:00:00+02:00,9.231990814208984,10.111227989196777,9.231990814208984,9.891419410705566,27324
2016-10-20 00:00:00+02:00,9.891419410705566,9.891419410705566,9.539724349975586,9.794702529907227,3549
2016-10-21 00:00:00+02:00,9.794702529907227,9.909004211425781,9.583685874938965,9.909004211425781,8439
2016-10-24 00:00:00+02:00,9.909004211425781,9.909004211425781,9.689193725585938,9.865041732788086,4563
2016-10-25 00:00:00+02:00,9.865041732788086,10.506884574890137,9.671609878540039,9.847456932067871,27825
2016-10-26 00:00:00+02:00,10.243114471435547,10.243114471435547,9.847456932067871,10.111227989196777,5505
2016-10-27 00:00:00+02:00,10.102436065673828,10.111227989196777,9.759532928466797,10.067266464233398,1965
2016-10-28 00:00:00+02:00,10.084851264953613,10.225528717041016,9.829872131347656,10.199151992797852,6896
2016-10-31 00:00:00+01:00,9.891419410705566,10.146397590637207,9.847456932067871,9.891419410705566,5748
2016-11-02 00:00:00+01:00,9.829872131347656,9.829872131347656,9.223198890686035,9.381461143493652,20945
2016-11-03 00:00:00+01:00,9.662817001342773,9.662817001342773,9.407838821411133,9.654025077819824,1877
2016-11-04 00:00:00+01:00,9.654025077819824,9.654025077819824,9.407838821411133,9.63644027709961,1252
2016-11-07 00:00:00+01:00,9.671609878540039,9.847456932067871,9.231990814208984,9.443008422851562,6763
2016-11-08 00:00:00+01:00,9.671609878540039,11.15752124786377,9.583685874938965,10.990466117858887,217814
2016-11-09 00:00:00+01:00,10.550847053527832,11.15752124786377,10.550847053527832,10.902542114257812,29205
2016-11-10 00:00:00+01:00,11.069597244262695,11.069597244262695,10.462923049926758,10.7003173828125,7873
2016-11-14 00:00:00+01:00,10.726694107055664,10.981673240661621,10.7003173828125,10.902542114257812,6846
2016-11-15 00:00:00+01:00,10.902542114257812,10.902542114257812,10.199151992797852,10.717902183532715,6940
2016-11-16 00:00:00+01:00,10.717902183532715,10.717902183532715,10.30466079711914,10.542055130004883,1715
2016-11-17 00:00:00+01:00,10.375,10.542055130004883,10.2079439163208,10.427754402160645,4130
2016-11-18 00:00:00+01:00,10.199151992797852,10.375,9.812288284301758,9.935380935668945,10902
2016-11-21 00:00:00+01:00,9.935380935668945,10.287075996398926,9.812288284301758,10.02330493927002,6613
2016-11-22 00:00:00+01:00,10.243114471435547,10.418960571289062,10.199151992797852,10.418960571289062,3208
2016-11-23 00:00:00+01:00,10.331038475036621,10.366207122802734,10.049681663513184,10.331038475036621,7797
2016-11-24 00:00:00+01:00,10.418960571289062,10.418960571289062,10.111227989196777,10.366207122802734,2909
2016-11-25 00:00:00+01:00,10.111227989196777,10.287075996398926,9.847456932067871,9.935380935668945,10195
2016-11-28 00:00:00+01:00,9.944172859191895,10.102436065673828,9.680401802062988,9.829872131347656,2209
2016-11-29 00:00:00+01:00,9.838665008544922,10.199151992797852,9.768325805664062,9.935380935668945,6912
2016-11-30 00:00:00+01:00,10.02330493927002,10.02330493927002,9.583685874938965,9.671609878540039,7098
2016-12-01 00:00:00+01:00,9.671609878540039,9.97934341430664,9.504554748535156,9.504554748535156,9242
2016-12-02 00:00:00+01:00,9.504554748535156,9.60127067565918,9.504554748535156,9.56610107421875,1640
2016-12-05 00:00:00+01:00,9.785910606384277,9.785910606384277,9.513346672058105,9.539724349975586,7868
2016-12-06 00:00:00+01:00,9.504554748535156,9.935380935668945,9.504554748535156,9.654025077819824,13310
2016-12-07 00:00:00+01:00,9.645233154296875,9.645233154296875,9.522138595581055,9.522138595581055,7141
2016-12-08 00:00:00+01:00,9.539724349975586,9.62764835357666,9.49576187133789,9.62764835357666,5719
2016-12-09 00:00:00+01:00,9.62764835357666,9.62764835357666,9.49576187133789,9.62764835357666,15080
2016-12-12 00:00:00+01:00,9.62764835357666,9.62764835357666,9.522138595581055,9.610062599182129,8977
2016-12-13 00:00:00+01:00,9.60127067565918,9.62764835357666,9.504554748535156,9.618855476379395,6418
2016-12-14 00:00:00+01:00,9.62764835357666,9.62764835357666,9.372669219970703,9.60127067565918,10903
2016-12-15 00:00:00+01:00,9.592477798461914,9.592477798461914,9.319914817810059,9.548516273498535,3870
2016-12-16 00:00:00+01:00,9.328706741333008,9.530932426452637,9.328706741333008,9.530932426452637,2695
2016-12-19 00:00:00+01:00,9.610062599182129,9.62764835357666,9.443008422851562,9.62764835357666,11585
2016-12-20 00:00:00+01:00,9.583685874938965,9.662817001342773,9.469385147094727,9.662817001342773,49939
2016-12-21 00:00:00+01:00,9.662817001342773,10.357415199279785,9.662817001342773,9.838665008544922,88329
2016-12-22 00:00:00+01:00,9.838665008544922,10.462923049926758,9.838665008544922,10.111227989196777,102015
2016-12-23 00:00:00+01:00,10.269491195678711,10.269491195678711,9.847456932067871,9.847456932067871,26443
2016-12-27 00:00:00+01:00,9.891419410705566,10.005720138549805,9.592477798461914,9.60127067565918,17358
2016-12-28 00:00:00+01:00,9.741949081420898,10.093644142150879,9.574893951416016,9.583685874938965,20245
2016-12-29 00:00:00+01:00,9.592477798461914,9.706778526306152,9.082521438598633,9.135274887084961,61628
2016-12-30 00:00:00+01:00,8.704448699951172,9.539724349975586,8.009851455688477,9.407838821411133,281036
2017-01-02 00:00:00+01:00,9.539724349975586,9.610062599182129,9.319914817810059,9.610062599182129,8168
2017-01-03 00:00:00+01:00,9.610062599182129,9.926589012145996,9.49576187133789,9.91779613494873,9811
2017-01-04 00:00:00+01:00,9.91779613494873,10.014512062072754,9.759532928466797,9.821080207824707,5942
2017-01-05 00:00:00+01:00,9.821080207824707,9.821080207824707,9.504554748535156,9.662817001342773,37092
2017-01-09 00:00:00+01:00,9.504554748535156,9.662817001342773,9.49576187133789,9.504554748535156,35885
2017-01-10 00:00:00+01:00,9.654025077819824,9.944172859191895,9.548516273498535,9.944172859191895,6996
2017-01-11 00:00:00+01:00,9.996927261352539,9.996927261352539,9.62764835357666,9.750741004943848,19667
2017-01-12 00:00:00+01:00,9.750741004943848,9.821080207824707,9.645233154296875,9.750741004943848,2313
2017-01-13 00:00:00+01:00,9.750741004943848,9.829872131347656,9.618855476379395,9.829872131347656,3587
2017-01-16 00:00:00+01:00,9.829872131347656,9.829872131347656,9.62764835357666,9.671609878540039,8592
2017-01-17 00:00:00+01:00,9.750741004943848,9.8826265335083,9.63644027709961,9.715572357177734,14903
2017-01-18 00:00:00+01:00,9.812288284301758,9.891419410705566,9.583685874938965,9.803495407104492,4188
2017-01-19 00:00:00+01:00,9.803495407104492,9.829872131347656,9.671609878540039,9.821080207824707,65278
2017-01-20 00:00:00+01:00,9.8826265335083,9.8826265335083,9.689193725585938,9.838665008544922,16530
2017-01-23 00:00:00+01:00,10.375,10.375,9.98813533782959,10.287075996398926,33261
2017-01-24 00:00:00+01:00,10.2079439163208,10.902542114257812,10.2079439163208,10.726694107055664,34577
2017-01-25 00:00:00+01:00,10.638771057128906,11.561969757080078,10.515677452087402,11.03442668914795,28425
2017-01-26 00:00:00+01:00,11.03442668914795,11.15752124786377,10.832202911376953,10.849787712097168,9136
2017-01-27 00:00:00+01:00,10.814618110656738,11.333368301391602,10.568431854248047,11.03442668914795,7686
2017-01-30 00:00:00+01:00,11.03442668914795,11.069597244262695,10.568431854248047,10.858579635620117,7020
2017-01-31 00:00:00+01:00,10.849787712097168,10.849787712097168,10.577223777770996,10.832202911376953,5817
2017-02-01 00:00:00+01:00,10.849787712097168,11.333368301391602,10.849787712097168,11.298198699951172,20483
2017-02-02 00:00:00+01:00,11.298198699951172,11.333368301391602,11.183897972106934,11.289405822753906,12596
2017-02-03 00:00:00+01:00,11.271821975708008,12.08951187133789,11.254237174987793,12.019172668457031,94175
2017-02-06 00:00:00+01:00,12.133474349975586,12.625846862792969,12.027965545654297,12.485169410705566,34581
2017-02-07 00:00:00+01:00,12.485169410705566,12.792901992797852,12.485169410705566,12.792901992797852,34293
2017-02-08 00:00:00+01:00,12.880825996398926,12.880825996398926,12.212605476379395,12.309322357177734,19892
2017-02-09 00:00:00+01:00,12.397245407104492,12.397245407104492,11.913664817810059,12.309322357177734,152906
2017-02-10 00:00:00+01:00,12.61705493927002,13.153388977050781,12.493961334228516,13.056673049926758,98562
2017-02-13 00:00:00+01:00,13.135805130004883,13.531460762023926,13.100634574890137,13.496292114257812,44990
2017-02-14 00:00:00+01:00,13.496292114257812,13.742478370666504,13.408368110656738,13.707308769226074,18087
2017-02-15 00:00:00+01:00,13.707308769226074,13.847987174987793,13.628177642822266,13.786439895629883,12900
2017-02-16 00:00:00+01:00,13.804024696350098,14.094173431396484,13.804024696350098,14.067795753479004,18155
2017-02-17 00:00:00+01:00,13.953495025634766,14.727224349975586,13.522668838500977,14.586545944213867,51375
2017-02-20 00:00:00+01:00,14.586545944213867,14.586545944213867,13.698515892028809,14.085380554199219,26359
2017-02-21 00:00:00+01:00,14.155719757080078,14.498621940612793,14.067795753479004,14.384322166442871,20398
2017-02-22 00:00:00+01:00,14.419490814208984,14.533791542053223,14.199682235717773,14.199682235717773,6380
2017-02-23 00:00:00+01:00,14.173304557800293,14.586545944213867,14.067795753479004,14.507414817810059,24480
2017-02-24 00:00:00+01:00,14.507414817810059,14.665678024291992,14.419490814208984,14.507414817810059,20117
2017-02-27 00:00:00+01:00,14.155719757080078,14.665678024291992,14.155719757080078,14.155719757080078,8030
2017-02-28 00:00:00+01:00,14.155719757080078,14.507414817810059,14.059003829956055,14.067795753479004,29750
2017-03-01 00:00:00+01:00,13.724893569946289,14.33156681060791,12.58188533782959,13.716100692749023,97557
2017-03-02 00:00:00+01:00,13.75127124786377,13.891948699951172,12.748940467834473,13.188558578491211,237342
2017-03-03 00:00:00+01:00,13.012710571289062,13.97987174987793,12.669809341430664,13.97107982635498,31619
2017-03-06 00:00:00+01:00,14.006250381469727,14.243643760681152,13.90953254699707,14.085380554199219,9635
2017-03-07 00:00:00+01:00,13.97987174987793,13.97987174987793,13.593008041381836,13.628177642822266,26772
2017-03-08 00:00:00+01:00,13.434744834899902,14.050210952758789,13.434744834899902,13.891948699951172,5179
2017-03-09 00:00:00+01:00,13.891948699951172,13.891948699951172,13.505084037780762,13.505084037780762,12731
2017-03-10 00:00:00+01:00,13.628177642822266,13.68972396850586,13.487500190734863,13.540253639221191,3645
2017-03-13 00:00:00+01:00,13.698515892028809,13.698515892028809,13.452329635620117,13.628177642822266,12931
2017-03-14 00:00:00+01:00,13.698515892028809,13.698515892028809,13.452329635620117,13.54904556274414,3187
2017-03-15 00:00:00+01:00,13.522668838500977,13.698515892028809,13.522668838500977,13.64576244354248,1425
2017-03-16 00:00:00+01:00,13.628177642822266,14.507414817810059,13.531460762023926,14.410698890686035,30703
2017-03-17 00:00:00+01:00,14.472245216369629,14.577754020690918,14.243643760681152,14.375529289245605,13169
2017-03-20 00:00:00+01:00,14.46345329284668,14.46345329284668,14.243643760681152,14.322774887084961,15608
2017-03-21 00:00:00+01:00,14.33156681060791,14.45466136932373,14.129343032836914,14.138134956359863,4808
2017-03-22 00:00:00+01:00,14.067795753479004,14.296398162841797,13.636969566345215,14.243643760681152,13308
2017-03-23 00:00:00+01:00,14.26122760772705,14.26122760772705,14.067795753479004,14.199682235717773,12034
2017-03-24 00:00:00+01:00,14.33156681060791,14.33156681060791,13.997456550598145,14.234850883483887,460
2017-03-27 00:00:00+02:00,14.234850883483887,14.234850883483887,14.199682235717773,14.199682235717773,873
2017-03-28 00:00:00+02:00,14.199682235717773,14.199682235717773,13.821610450744629,13.891948699951172,1748
2017-03-29 00:00:00+02:00,14.199682235717773,14.243643760681152,14.067795753479004,14.199682235717773,42127
2017-03-30 00:00:00+02:00,14.03262710571289,14.208474159240723,13.847987174987793,14.155719757080078,3009
2017-03-31 00:00:00+02:00,14.226058959960938,14.226058959960938,13.891948699951172,13.891948699951172,17268
2017-04-03 00:00:00+02:00,13.900740623474121,14.226058959960938,13.900740623474121,13.97107982635498,2614
2017-04-04 00:00:00+02:00,13.804024696350098,13.953495025634766,13.804024696350098,13.874363899230957,4453
2017-04-05 00:00:00+02:00,13.847987174987793,13.847987174987793,13.083049774169922,13.188558578491211,120800
2017-04-06 00:00:00+02:00,13.118220329284668,13.118220329284668,12.318114280700684,12.318114280700684,32887
2017-04-07 00:00:00+02:00,12.186227798461914,12.309322357177734,12.019172668457031,12.300528526306152,6167
2017-04-10 00:00:00+02:00,12.318114280700684,13.012710571289062,12.107096672058105,12.309322357177734,5246
2017-04-11 00:00:00+02:00,12.485169410705566,12.55550765991211,12.045550346374512,12.282943725585938,7587
2017-04-12 00:00:00+02:00,12.300528526306152,12.300528526306152,11.44766902923584,11.44766902923584,19183
2017-04-13 00:00:00+02:00,11.5180082321167,11.781779289245605,11.456460952758789,11.720232963562012,16748
2017-04-18 00:00:00+02:00,11.720232963562012,12.036758422851562,11.579554557800293,12.027965545654297,5952
2017-04-19 00:00:00+02:00,11.579554557800293,11.852117538452148,11.324576377868652,11.342161178588867,10890
2017-04-20 00:00:00+02:00,11.342161178588867,11.421292304992676,10.744278907775879,10.95529556274414,18835
2017-04-21 00:00:00+02:00,10.990466117858887,11.263029098510742,10.964089393615723,10.990466117858887,6772
2017-04-24 00:00:00+02:00,11.271821975708008,11.271821975708008,10.999258041381836,11.078389167785645,2915
2017-04-25 00:00:00+02:00,11.227860450744629,11.605932235717773,11.139936447143555,11.289405822753906,6471
2017-04-26 00:00:00+02:00,11.430084228515625,11.430084228515625,11.289405822753906,11.342161178588867,4414
2017-04-27 00:00:00+02:00,11.421292304992676,11.421292304992676,11.254237174987793,11.368537902832031,665
2017-04-28 00:00:00+02:00,11.421292304992676,11.421292304992676,11.078389167785645,11.31578254699707,1414
2017-05-02 00:00:00+02:00,11.043219566345215,11.31578254699707,10.770655632019043,11.078389167785645,14446
2017-05-04 00:00:00+02:00,10.990466117858887,11.561969757080078,10.761863708496094,11.289405822753906,7215
2017-05-05 00:00:00+02:00,11.104765892028809,11.544384956359863,11.104765892028809,11.544384956359863,4610
2017-05-08 00:00:00+02:00,11.544384956359863,11.772987365722656,11.38612174987793,11.597139358520508,3601
2017-05-09 00:00:00+02:00,11.474045753479004,11.816948890686035,11.474045753479004,11.80815601348877,19735
2017-05-10 00:00:00+02:00,11.80815601348877,11.948834419250488,11.66747760772705,11.940041542053223,6166
2017-05-11 00:00:00+02:00,11.940041542053223,12.071927070617676,11.43887710571289,11.570761680603027,7567
2017-05-12 00:00:00+02:00,11.772987365722656,11.772987365722656,11.254237174987793,11.421292304992676,3322
2017-05-15 00:00:00+02:00,11.430084228515625,11.430084228515625,11.131143569946289,11.38612174987793,5601
2017-05-16 00:00:00+02:00,11.38612174987793,11.403706550598145,10.814618110656738,11.403706550598145,7612
2017-05-17 00:00:00+02:00,11.148728370666504,11.37732982635498,10.849787712097168,11.139936447143555,793
2017-05-18 00:00:00+02:00,10.990466117858887,11.254237174987793,10.647562980651855,10.832202911376953,3567
2017-05-19 00:00:00+02:00,10.884957313537598,10.95529556274414,10.69152545928955,10.69152545928955,737
2017-05-22 00:00:00+02:00,10.726694107055664,11.394914627075195,10.726694107055664,10.849787712097168,7646
2017-05-23 00:00:00+02:00,10.770655632019043,10.981673240661621,10.770655632019043,10.858579635620117,523
2017-05-24 00:00:00+02:00,10.779449462890625,11.078389167785645,10.779449462890625,11.078389167785645,1907
2017-05-25 00:00:00+02:00,11.078389167785645,11.078389167785645,10.647562980651855,10.753071784973145,10395
2017-05-26 00:00:00+02:00,10.990466117858887,10.990466117858887,10.155190467834473,10.199151992797852,13677
2017-05-29 00:00:00+02:00,10.199151992797852,10.506884574890137,9.944172859191895,10.471715927124023,6927
2017-05-30 00:00:00+02:00,9.97934341430664,10.225528717041016,9.97934341430664,10.067266464233398,1599
2017-05-31 00:00:00+02:00,10.02330493927002,10.02330493927002,9.750741004943848,9.935380935668945,9477
2017-06-01 00:00:00+02:00,10.102436065673828,10.506884574890137,9.856249809265137,9.970549583435059,4778
2017-06-02 00:00:00+02:00,10.084851264953613,10.084851264953613,9.891419410705566,10.014512062072754,4630
2017-06-05 00:00:00+02:00,10.014512062072754,10.550847053527832,9.865041732788086,10.550847053527832,20764
2017-06-06 00:00:00+02:00,10.506884574890137,11.078389167785645,10.506884574890137,11.03442668914795,27636
2017-06-07 00:00:00+02:00,10.937710762023926,11.104765892028809,10.840994834899902,10.95529556274414,5402
2017-06-08 00:00:00+02:00,10.990466117858887,11.131143569946289,10.981673240661621,11.01684284210205,2049
2017-06-09 00:00:00+02:00,11.03442668914795,11.131143569946289,10.902542114257812,11.131143569946289,8387
2017-06-12 00:00:00+02:00,10.990466117858887,11.131143569946289,10.797033309936523,11.131143569946289,1600
2017-06-13 00:00:00+02:00,11.122350692749023,11.210274696350098,10.990466117858887,11.09597396850586,762
2017-06-14 00:00:00+02:00,11.122350692749023,11.122350692749023,10.832202911376953,11.03442668914795,2592
2017-06-15 00:00:00+02:00,11.03442668914795,11.03442668914795,11.03442668914795,11.03442668914795,0
2017-06-16 00:00:00+02:00,11.025634765625,11.069597244262695,10.38379192352295,10.462923049926758,9381
2017-06-19 00:00:00+02:00,10.462923049926758,10.67393970489502,10.462923049926758,10.67393970489502,4252
2017-06-20 00:00:00+02:00,10.805826187133789,10.832202911376953,10.66514778137207,10.744278907775879,263
2017-06-21 00:00:00+02:00,10.832202911376953,11.09597396850586,10.647562980651855,10.990466117858887,13703
2017-06-22 00:00:00+02:00,11.15752124786377,11.15752124786377,10.990466117858887,10.990466117858887,11018
2017-06-23 00:00:00+02:00,11.069597244262695,11.069597244262695,10.832202911376953,10.832202911376953,651
2017-06-26 00:00:00+02:00,10.990466117858887,10.990466117858887,10.805826187133789,10.964089393615723,1840
2017-06-27 00:00:00+02:00,11.060805320739746,11.060805320739746,10.34862232208252,10.533262252807617,2554
2017-06-28 00:00:00+02:00,10.67393970489502,10.67393970489502,10.462923049926758,10.489299774169922,2239
2017-06-29 00:00:00+02:00,10.67393970489502,10.67393970489502,10.38379192352295,10.66514778137207,265
2017-06-30 00:00:00+02:00,10.67393970489502,10.67393970489502,10.612394332885742,10.67393970489502,179
2017-07-03 00:00:00+02:00,10.67393970489502,10.972881317138672,10.454131126403809,10.770655632019043,7020
2017-07-04 00:00:00+02:00,10.462923049926758,10.972881317138672,10.462923049926758,10.972881317138672,4112
2017-07-05 00:00:00+02:00,10.972881317138672,10.972881317138672,10.568431854248047,10.972881317138672,8522
2017-07-06 00:00:00+02:00,10.726694107055664,10.972881317138672,10.709110260009766,10.779449462890625,9426
2017-07-07 00:00:00+02:00,10.920126914978027,10.920126914978027,10.779449462890625,10.920126914978027,1232
2017-07-10 00:00:00+02:00,10.937710762023926,11.01684284210205,10.73548698425293,10.876165390014648,17548
2017-07-11 00:00:00+02:00,10.990466117858887,10.990466117858887,10.401376724243164,10.577223777770996,3031
2017-07-12 00:00:00+02:00,10.849787712097168,10.981673240661621,10.577223777770996,10.858579635620117,9518
2017-07-13 00:00:00+02:00,10.682732582092285,10.858579635620117,10.418960571289062,10.568431854248047,6843
2017-07-14 00:00:00+02:00,10.726694107055664,12.959957122802734,10.726694107055664,11.957627296447754,69606
2017-07-17 00:00:00+02:00,11.957627296447754,12.265359878540039,11.790572166442871,11.948834419250488,6986
2017-07-18 00:00:00+02:00,11.948834419250488,11.948834419250488,11.693855285644531,11.896080017089844,2894
2017-07-19 00:00:00+02:00,11.693855285644531,12.036758422851562,11.693855285644531,11.878495216369629,2561
2017-07-20 00:00:00+02:00,11.913664817810059,11.913664817810059,11.693855285644531,11.781779289245605,3402
2017-07-21 00:00:00+02:00,11.693855285644531,11.781779289245605,10.66514778137207,10.805826187133789,31192
2017-07-24 00:00:00+02:00,10.805826187133789,11.069597244262695,10.805826187133789,10.990466117858887,6865
2017-07-25 00:00:00+02:00,11.03442668914795,11.03442668914795,10.726694107055664,10.814618110656738,8900
2017-07-26 00:00:00+02:00,10.876165390014648,10.990466117858887,10.73548698425293,10.779449462890625,462
2017-07-27 00:00:00+02:00,10.867371559143066,10.867371559143066,10.726694107055664,10.753071784973145,763
2017-07-28 00:00:00+02:00,10.902542114257812,10.990466117858887,10.251906394958496,10.990466117858887,22567
2017-07-31 00:00:00+02:00,11.060805320739746,11.605932235717773,10.858579635620117,11.412500381469727,17966
2017-08-01 00:00:00+02:00,11.421292304992676,12.748940467834473,11.421292304992676,12.045550346374512,45795
2017-08-02 00:00:00+02:00,12.168643951416016,12.57309341430664,12.168643951416016,12.57309341430664,12809
2017-08-03 00:00:00+02:00,12.57309341430664,12.57309341430664,11.975211143493652,12.045550346374512,29175
2017-08-04 00:00:00+02:00,12.133474349975586,12.467583656311035,12.133474349975586,12.467583656311035,2725
2017-08-07 00:00:00+02:00,12.441206932067871,12.441206932067871,12.22139835357666,12.309322357177734,3805
2017-08-08 00:00:00+02:00,12.054343223571777,13.012710571289062,12.054343223571777,13.003918647766113,11995
2017-08-09 00:00:00+02:00,12.986333847045898,12.995126724243164,12.61705493927002,12.61705493927002,2617
2017-08-10 00:00:00+02:00,12.652223587036133,12.96875,12.590677261352539,12.590677261352539,2319
2017-08-11 00:00:00+02:00,12.792901992797852,12.828071594238281,12.485169410705566,12.740147590637207,4316
2017-08-14 00:00:00+02:00,12.485169410705566,12.889617919921875,12.485169410705566,12.704977989196777,743
2017-08-15 00:00:00+02:00,12.704977989196777,12.704977989196777,12.704977989196777,12.704977989196777,0
2017-08-16 00:00:00+02:00,12.704977989196777,12.740147590637207,12.458791732788086,12.740147590637207,168878
2017-08-17 00:00:00+02:00,12.740147590637207,12.784110069274902,12.529130935668945,12.784110069274902,4382
2017-08-18 00:00:00+02:00,12.880825996398926,12.986333847045898,12.58188533782959,12.986333847045898,10235
2017-08-21 00:00:00+02:00,12.986333847045898,14.252435684204102,12.986333847045898,14.067795753479004,44702
2017-08-22 00:00:00+02:00,14.226058959960938,14.419490814208984,14.10296630859375,14.33156681060791,16060
2017-08-23 00:00:00+02:00,14.33156681060791,14.419490814208984,14.059003829956055,14.059003829956055,65393
2017-08-24 00:00:00+02:00,14.015042304992676,14.059003829956055,13.812816619873047,13.935911178588867,4661
2017-08-25 00:00:00+02:00,13.935911178588867,14.059003829956055,13.804024696350098,13.953495025634766,7550
2017-08-28 00:00:00+02:00,13.953495025634766,13.953495025634766,13.452329635620117,13.804024696350098,43665
2017-08-29 00:00:00+02:00,14.067795753479004,14.067795753479004,13.505084037780762,13.663347244262695,2653
2017-08-30 00:00:00+02:00,13.75127124786377,14.015042304992676,13.478707313537598,13.97987174987793,16283
2017-08-31 00:00:00+02:00,13.97987174987793,14.33156681060791,13.61059284210205,14.33156681060791,7223
2017-09-01 00:00:00+02:00,14.322774887084961,14.33156681060791,13.97987174987793,14.252435684204102,15668
2017-09-04 00:00:00+02:00,14.217266082763672,14.217266082763672,13.355613708496094,13.742478370666504,14355
2017-09-05 00:00:00+02:00,13.75127124786377,14.067795753479004,13.408368110656738,13.540253639221191,5430
2017-09-06 00:00:00+02:00,13.716100692749023,13.716100692749023,12.661016464233398,12.696186065673828,6507
2017-09-07 00:00:00+02:00,12.309322357177734,12.634638786315918,11.614724159240723,11.913664817810059,24139
2017-09-08 00:00:00+02:00,11.913664817810059,12.124682426452637,11.86970329284668,12.124682426452637,6262
2017-09-11 00:00:00+02:00,12.124682426452637,12.309322357177734,12.124682426452637,12.309322357177734,3886
2017-09-12 00:00:00+02:00,12.133474349975586,12.238983154296875,11.957627296447754,12.19502067565918,13636
2017-09-13 00:00:00+02:00,12.61705493927002,12.775317192077637,12.344491004943848,12.485169410705566,9411
2017-09-14 00:00:00+02:00,12.485169410705566,12.766525268554688,12.485169410705566,12.696186065673828,4245
2017-09-15 00:00:00+02:00,12.713770866394043,12.951165199279785,12.661016464233398,12.661016464233398,5601
2017-09-18 00:00:00+02:00,12.757733345031738,12.792901992797852,12.661016464233398,12.731354713439941,7070
2017-09-19 00:00:00+02:00,12.661016464233398,12.696186065673828,12.502754211425781,12.599470138549805,9515
2017-09-20 00:00:00+02:00,12.608262062072754,12.880825996398926,11.66747760772705,12.045550346374512,17254
2017-09-21 00:00:00+02:00,12.071927070617676,12.370867729187012,12.071927070617676,12.300528526306152,2735
2017-09-22 00:00:00+02:00,12.19502067565918,12.379660606384277,12.19502067565918,12.300528526306152,4447
2017-09-25 00:00:00+02:00,12.212605476379395,12.485169410705566,12.212605476379395,12.370867729187012,6143
2017-09-26 00:00:00+02:00,12.485169410705566,12.485169410705566,12.265359878540039,12.265359878540039,1077
2017-09-27 00:00:00+02:00,12.212605476379395,12.388452529907227,12.19502067565918,12.388452529907227,3054
2017-09-28 00:00:00+02:00,12.414830207824707,12.58188533782959,12.22139835357666,12.57309341430664,2778
2017-09-29 00:00:00+02:00,12.57309341430664,12.880825996398926,12.537922859191895,12.87203311920166,3119
2017-10-02 00:00:00+02:00,12.704977989196777,12.704977989196777,12.318114280700684,12.502754211425781,7035
2017-10-03 00:00:00+02:00,12.57309341430664,12.748940467834473,12.485169410705566,12.485169410705566,582
2017-10-04 00:00:00+02:00,12.57309341430664,12.57309341430664,12.23019027709961,12.4763765335083,3777
2017-10-05 00:00:00+02:00,12.22139835357666,12.652223587036133,12.19502067565918,12.379660606384277,5624
2017-10-06 00:00:00+02:00,12.406038284301758,12.406038284301758,12.22139835357666,12.291736602783203,19500
2017-10-09 00:00:00+02:00,12.300528526306152,12.564299583435059,12.23019027709961,12.55550765991211,11289
2017-10-10 00:00:00+02:00,12.55550765991211,12.55550765991211,12.406038284301758,12.55550765991211,1489
2017-10-11 00:00:00+02:00,12.55550765991211,12.55550765991211,12.309322357177734,12.432415008544922,6752
2017-10-12 00:00:00+02:00,12.4763765335083,12.520339012145996,12.274151802062988,12.309322357177734,4334
2017-10-13 00:00:00+02:00,12.309322357177734,12.467583656311035,12.001588821411133,12.300528526306152,29210
2017-10-16 00:00:00+02:00,12.353282928466797,12.353282928466797,12.019172668457031,12.019172668457031,2196
2017-10-17 00:00:00+02:00,12.019172668457031,12.133474349975586,12.001588821411133,12.133474349975586,9164
2017-10-18 00:00:00+02:00,12.133474349975586,12.133474349975586,11.078389167785645,11.078389167785645,40858
2017-10-19 00:00:00+02:00,10.902542114257812,10.981673240661621,9.715572357177734,9.715572357177734,44105
2017-10-20 00:00:00+02:00,9.662817001342773,10.067266464233398,9.346291542053223,9.97934341430664,13462
2017-10-23 00:00:00+02:00,9.847456932067871,9.909004211425781,9.126482963562012,9.829872131347656,3380
2017-10-24 00:00:00+02:00,9.838665008544922,9.838665008544922,9.231990814208984,9.231990814208984,8607
2017-10-25 00:00:00+02:00,9.231990814208984,10.111227989196777,9.231990814208984,9.671609878540039,31891
2017-10-26 00:00:00+02:00,9.689193725585938,9.926589012145996,9.689193725585938,9.926589012145996,1129
2017-10-27 00:00:00+02:00,9.935380935668945,9.935380935668945,9.777117729187012,9.935380935668945,1268
2017-10-30 00:00:00+01:00,10.02330493927002,10.02330493927002,9.689193725585938,9.750741004943848,4101
2017-10-31 00:00:00+01:00,9.838665008544922,9.935380935668945,9.715572357177734,9.759532928466797,5561
2017-11-01 00:00:00+01:00,9.759532928466797,9.759532928466797,9.759532928466797,9.759532928466797,0
2017-11-02 00:00:00+01:00,9.926589012145996,9.935380935668945,9.715572357177734,9.829872131347656,2996
2017-11-03 00:00:00+01:00,9.865041732788086,9.865041732788086,9.583685874938965,9.689193725585938,3264
2017-11-06 00:00:00+01:00,9.62764835357666,9.62764835357666,9.381461143493652,9.583685874938965,2031
2017-11-07 00:00:00+01:00,9.610062599182129,9.610062599182129,9.117690086364746,9.49576187133789,8755
2017-11-08 00:00:00+01:00,9.486969947814941,9.486969947814941,9.188029289245605,9.26716136932373,4066
2017-11-09 00:00:00+01:00,9.416630744934082,9.935380935668945,9.416630744934082,9.768325805664062,28562
2017-11-10 00:00:00+01:00,9.865041732788086,9.935380935668945,9.750741004943848,9.935380935668945,7589
2017-11-13 00:00:00+01:00,9.95296573638916,9.95296573638916,9.680401802062988,9.935380935668945,7548
2017-11-14 00:00:00+01:00,9.91779613494873,9.96175765991211,9.733156204223633,9.926589012145996,6117
2017-11-15 00:00:00+01:00,9.759532928466797,9.847456932067871,9.469385147094727,9.847456932067871,4648
2017-11-16 00:00:00+01:00,9.750741004943848,9.812288284301758,9.530932426452637,9.812288284301758,5496
2017-11-17 00:00:00+01:00,9.785910606384277,9.935380935668945,9.671609878540039,9.935380935668945,7702
2017-11-20 00:00:00+01:00,9.935380935668945,9.935380935668945,9.777117729187012,9.785910606384277,7367
2017-11-21 00:00:00+01:00,9.821080207824707,10.506884574890137,9.715572357177734,10.31345272064209,16065
2017-11-22 00:00:00+01:00,10.31345272064209,10.31345272064209,10.049681663513184,10.199151992797852,12980
2017-11-23 00:00:00+01:00,10.216736793518066,10.506884574890137,10.02330493927002,10.111227989196777,10068
2017-11-24 00:00:00+01:00,10.462923049926758,10.462923049926758,10.02330493927002,10.427754402160645,16581
2017-11-27 00:00:00+01:00,10.111227989196777,10.269491195678711,9.583685874938965,9.583685874938965,22055
2017-11-28 00:00:00+01:00,9.689193725585938,10.111227989196777,9.689193725585938,10.02330493927002,11615
2017-11-29 00:00:00+01:00,10.049681663513184,10.111227989196777,9.592477798461914,9.97934341430664,24509
2017-11-30 00:00:00+01:00,10.058473587036133,10.155190467834473,10.005720138549805,10.02330493927002,2651
2017-12-01 00:00:00+01:00,10.02330493927002,10.427754402160645,10.02330493927002,10.27828311920166,15861
2017-12-04 00:00:00+01:00,10.111227989196777,10.375,10.032096862792969,10.27828311920166,7829
2017-12-05 00:00:00+01:00,10.111227989196777,10.269491195678711,9.8826265335083,10.02330493927002,8240
2017-12-06 00:00:00+01:00,10.102436065673828,10.243114471435547,9.865041732788086,10.216736793518066,6783
2017-12-07 00:00:00+01:00,10.216736793518066,10.234321594238281,10.076059341430664,10.234321594238281,4874
2017-12-08 00:00:00+01:00,10.199151992797852,10.251906394958496,10.172775268554688,10.251906394958496,3020
2017-12-11 00:00:00+01:00,10.260699272155762,10.542055130004883,10.172775268554688,10.366207122802734,10216
2017-12-12 00:00:00+01:00,10.287075996398926,10.401376724243164,10.287075996398926,10.357415199279785,3961
2017-12-13 00:00:00+01:00,10.418960571289062,10.418960571289062,10.146397590637207,10.163983345031738,9468
2017-12-14 00:00:00+01:00,10.559638977050781,10.814618110656738,10.550847053527832,10.66514778137207,24697
2017-12-15 00:00:00+01:00,10.638771057128906,10.682732582092285,10.489299774169922,10.67393970489502,4069
2017-12-18 00:00:00+01:00,10.67393970489502,10.814618110656738,10.568431854248047,10.814618110656738,13352
2017-12-19 00:00:00+01:00,10.805826187133789,10.805826187133789,10.638771057128906,10.69152545928955,16099
2017-12-20 00:00:00+01:00,10.682732582092285,10.744278907775879,10.638771057128906,10.67393970489502,4122
2017-12-21 00:00:00+01:00,10.67393970489502,10.69152545928955,10.638771057128906,10.67393970489502,7842
2017-12-22 00:00:00+01:00,10.67393970489502,10.682732582092285,10.638771057128906,10.656354904174805,14657
2017-12-25 00:00:00+01:00,10.656354904174805,10.656354904174805,10.656354904174805,10.656354904174805,0
2017-12-26 00:00:00+01:00,10.656354904174805,10.656354904174805,10.656354904174805,10.656354904174805,0
2017-12-27 00:00:00+01:00,10.902542114257812,10.95529556274414,10.638771057128906,10.682732582092285,30287
2017-12-28 00:00:00+01:00,10.682732582092285,10.805826187133789,10.656354904174805,10.770655632019043,6538
2017-12-29 00:00:00+01:00,10.638771057128906,10.858579635620117,10.638771057128906,10.682732582092285,3003
2018-01-01 00:00:00+01:00,10.682732582092285,10.682732582092285,10.682732582092285,10.682732582092285,0
2018-01-02 00:00:00+01:00,10.682732582092285,10.682732582092285,10.682732582092285,10.682732582092285,0
2018-01-03 00:00:00+01:00,10.990466117858887,11.166313171386719,10.858579635620117,10.990466117858887,2663
2018-01-04 00:00:00+01:00,10.946503639221191,10.946503639221191,10.814618110656738,10.858579635620117,1823
2018-01-05 00:00:00+01:00,11.03442668914795,11.078389167785645,10.946503639221191,11.03442668914795,1125
2018-01-08 00:00:00+01:00,11.03442668914795,11.03442668914795,10.682732582092285,10.902542114257812,5532
2018-01-09 00:00:00+01:00,10.902542114257812,10.946503639221191,10.726694107055664,10.946503639221191,1649
2018-01-10 00:00:00+01:00,10.902542114257812,10.902542114257812,10.550847053527832,10.814618110656738,6146
2018-01-11 00:00:00+01:00,10.770655632019043,10.770655632019043,10.638771057128906,10.726694107055664,14984
2018-01-12 00:00:00+01:00,10.726694107055664,10.990466117858887,10.638771057128906,10.990466117858887,9695
2018-01-15 00:00:00+01:00,10.990466117858887,10.990466117858887,10.814618110656738,10.858579635620117,5946
2018-01-16 00:00:00+01:00,10.814618110656738,10.946503639221191,10.770655632019043,10.770655632019043,1843
2018-01-17 00:00:00+01:00,10.770655632019043,10.946503639221191,10.770655632019043,10.770655632019043,7308
2018-01-18 00:00:00+01:00,10.770655632019043,11.166313171386719,10.682732582092285,10.902542114257812,8369
2018-01-19 00:00:00+01:00,11.122350692749023,11.605932235717773,11.078389167785645,11.166313171386719,1956
2018-01-22 00:00:00+01:00,11.38612174987793,11.38612174987793,11.166313171386719,11.254237174987793,7798
2018-01-23 00:00:00+01:00,11.166313171386719,11.825740814208984,11.166313171386719,11.430084228515625,11324
2018-01-24 00:00:00+01:00,11.781779289245605,11.781779289245605,11.474045753479004,11.605932235717773,3003
2018-01-25 00:00:00+01:00,11.693855285644531,11.825740814208984,11.5180082321167,11.73781681060791,4469
2018-01-26 00:00:00+01:00,11.825740814208984,11.825740814208984,11.693855285644531,11.781779289245605,11593
2018-01-29 00:00:00+01:00,11.781779289245605,11.781779289245605,11.605932235717773,11.73781681060791,2300
2018-01-30 00:00:00+01:00,11.73781681060791,11.73781681060791,11.73781681060791,11.73781681060791,0
2018-01-31 00:00:00+01:00,11.825740814208984,11.825740814208984,11.561969757080078,11.693855285644531,1686
2018-02-01 00:00:00+01:00,11.781779289245605,11.825740814208984,11.210274696350098,11.5180082321167,9708
2018-02-02 00:00:00+01:00,11.474045753479004,11.474045753479004,11.166313171386719,11.38612174987793,2534
2018-02-05 00:00:00+01:00,11.254237174987793,11.430084228515625,10.902542114257812,11.166313171386719,15017
2018-02-06 00:00:00+01:00,10.946503639221191,10.946503639221191,10.638771057128906,10.638771057128906,21022
2018-02-07 00:00:00+01:00,10.814618110656738,10.902542114257812,10.550847053527832,10.902542114257812,6081
2018-02-08 00:00:00+01:00,10.858579635620117,10.858579635620117,10.550847053527832,10.682732582092285,6928
2018-02-09 00:00:00+01:00,10.375,10.902542114257812,10.155190467834473,10.550847053527832,13622
2018-02-12 00:00:00+01:00,10.550847053527832,10.858579635620117,10.462923049926758,10.858579635620117,2081
2018-02-13 00:00:00+01:00,10.682732582092285,10.682732582092285,10.243114471435547,10.243114471435547,7629
2018-02-14 00:00:00+01:00,10.418960571289062,10.726694107055664,10.287075996398926,10.682732582092285,131148
2018-02-15 00:00:00+01:00,10.726694107055664,11.73781681060791,10.726694107055664,11.430084228515625,45189
2018-02-16 00:00:00+01:00,11.605932235717773,12.045550346374512,11.605932235717773,11.957627296447754,34670
2018-02-19 00:00:00+01:00,11.913664817810059,12.57309341430664,11.913664817810059,12.309322357177734,17598
2018-02-20 00:00:00+01:00,12.309322357177734,12.441206932067871,12.177435874938965,12.265359878540039,4344
2018-02-21 00:00:00+01:00,12.397245407104492,12.661016464233398,12.397245407104492,12.441206932067871,61021
2018-02-22 00:00:00+01:00,12.529130935668945,13.012710571289062,12.529130935668945,12.924788475036621,61702
2018-02-23 00:00:00+01:00,13.012710571289062,13.540253639221191,13.012710571289062,13.188558578491211,34860
2018-02-26 00:00:00+01:00,13.232521057128906,13.408368110656738,12.836864471435547,13.012710571289062,8053
2018-02-27 00:00:00+01:00,13.012710571289062,13.012710571289062,12.61705493927002,12.924788475036621,5071
2018-02-28 00:00:00+01:00,12.704977989196777,12.792901992797852,12.397245407104492,12.61705493927002,4928
2018-03-01 00:00:00+01:00,12.61705493927002,12.748940467834473,11.825740814208984,12.309322357177734,21329
2018-03-02 00:00:00+01:00,12.661016464233398,12.661016464233398,11.430084228515625,11.430084228515625,13695
2018-03-05 00:00:00+01:00,11.474045753479004,11.825740814208984,11.474045753479004,11.825740814208984,6894
2018-03-06 00:00:00+01:00,13.012710571289062,14.067795753479004,12.924788475036621,13.97987174987793,129983
2018-03-07 00:00:00+01:00,14.023834228515625,15.386651992797852,13.935911178588867,14.81514835357666,183629
2018-03-08 00:00:00+01:00,14.947032928466797,15.21080493927002,14.639300346374512,14.727224349975586,41905
2018-03-09 00:00:00+01:00,14.771185874938965,14.947032928466797,14.727224349975586,14.947032928466797,43435
2018-03-12 00:00:00+01:00,15.034956932067871,15.298727989196777,14.1117582321167,14.595338821411133,115337
2018-03-13 00:00:00+01:00,14.727224349975586,14.903072357177734,14.507414817810059,14.903072357177734,9644
2018-03-14 00:00:00+01:00,14.947032928466797,15.342690467834473,14.903072357177734,14.947032928466797,38850
2018-03-15 00:00:00+01:00,15.16684341430664,15.21080493927002,14.903072357177734,15.21080493927002,82018
2018-03-16 00:00:00+01:00,15.298727989196777,15.298727989196777,14.903072357177734,15.034956932067871,1284
2018-03-19 00:00:00+01:00,15.21080493927002,15.21080493927002,14.419490814208984,14.639300346374512,1454
2018-03-20 00:00:00+01:00,14.595338821411133,14.595338821411133,13.891948699951172,14.375529289245605,4492
2018-03-21 00:00:00+01:00,14.375529289245605,14.859109878540039,14.287605285644531,14.859109878540039,32399
2018-03-22 00:00:00+01:00,14.859109878540039,15.122880935668945,14.46345329284668,15.078919410705566,8567
2018-03-23 00:00:00+01:00,14.990995407104492,14.990995407104492,14.595338821411133,14.990995407104492,120493
2018-03-26 00:00:00+02:00,14.990995407104492,14.990995407104492,14.595338821411133,14.68326187133789,2669
2018-03-27 00:00:00+02:00,14.903072357177734,15.078919410705566,14.81514835357666,14.947032928466797,4550
2018-03-28 00:00:00+02:00,14.859109878540039,15.078919410705566,14.507414817810059,15.078919410705566,6866
2018-03-29 00:00:00+02:00,15.21080493927002,15.21080493927002,14.771185874938965,14.859109878540039,3338
2018-03-30 00:00:00+02:00,14.859109878540039,14.859109878540039,14.859109878540039,14.859109878540039,0
2018-04-02 00:00:00+02:00,14.859109878540039,14.859109878540039,14.859109878540039,14.859109878540039,0
2018-04-03 00:00:00+02:00,14.68326187133789,14.771185874938965,14.551377296447754,14.68326187133789,5878
2018-04-04 00:00:00+02:00,14.419490814208984,14.903072357177734,13.97987174987793,14.375529289245605,23196
2018-04-05 00:00:00+02:00,14.859109878540039,15.078919410705566,14.595338821411133,14.947032928466797,16441
2018-04-06 00:00:00+02:00,14.947032928466797,14.947032928466797,14.33156681060791,14.947032928466797,3967
2018-04-09 00:00:00+02:00,14.947032928466797,14.947032928466797,14.067795753479004,14.68326187133789,13339
2018-04-10 00:00:00+02:00,14.859109878540039,14.859109878540039,14.33156681060791,14.68326187133789,13826
2018-04-11 00:00:00+02:00,14.859109878540039,14.859109878540039,14.507414817810059,14.507414817810059,2276
2018-04-12 00:00:00+02:00,14.507414817810059,14.903072357177734,14.507414817810059,14.727224349975586,12051
2018-04-13 00:00:00+02:00,14.771185874938965,14.771185874938965,14.375529289245605,14.595338821411133,2859
2018-04-16 00:00:00+02:00,14.33156681060791,14.771185874938965,14.33156681060791,14.771185874938965,2148
2018-04-17 00:00:00+02:00,14.771185874938965,14.771185874938965,14.375529289245605,14.375529289245605,2099
2018-04-18 00:00:00+02:00,14.375529289245605,14.859109878540039,14.375529289245605,14.859109878540039,17345
2018-04-19 00:00:00+02:00,14.859109878540039,15.034956932067871,14.33156681060791,14.551377296447754,10407
2018-04-20 00:00:00+02:00,15.034956932067871,15.034956932067871,14.551377296447754,14.859109878540039,410
2018-04-23 00:00:00+02:00,15.034956932067871,15.034956932067871,14.507414817810059,14.727224349975586,3050
2018-04-24 00:00:00+02:00,14.990995407104492,14.990995407104492,14.46345329284668,14.859109878540039,210
2018-04-25 00:00:00+02:00,14.81514835357666,14.81514835357666,14.507414817810059,14.595338821411133,209
2018-04-26 00:00:00+02:00,14.68326187133789,14.68326187133789,14.419490814208984,14.639300346374512,6121
2018-04-27 00:00:00+02:00,14.639300346374512,14.68326187133789,14.419490814208984,14.68326187133789,2205
2018-04-30 00:00:00+02:00,14.68326187133789,14.859109878540039,14.507414817810059,14.859109878540039,15141
2018-05-01 00:00:00+02:00,14.859109878540039,14.859109878540039,14.859109878540039,14.859109878540039,0
2018-05-02 00:00:00+02:00,14.81514835357666,14.81514835357666,14.727224349975586,14.727224349975586,171
2018-05-03 00:00:00+02:00,14.727224349975586,14.727224349975586,14.727224349975586,14.727224349975586,0
2018-05-04 00:00:00+02:00,14.859109878540039,14.859109878540039,14.551377296447754,14.771185874938965,1116
2018-05-07 00:00:00+02:00,14.771185874938965,15.342690467834473,14.507414817810059,15.034956932067871,111139
2018-05-08 00:00:00+02:00,15.298727989196777,15.298727989196777,14.507414817810059,14.947032928466797,15280
2018-05-09 00:00:00+02:00,14.947032928466797,14.947032928466797,14.507414817810059,14.947032928466797,38610
2018-05-10 00:00:00+02:00,14.947032928466797,14.947032928466797,14.287605285644531,14.287605285644531,1852
2018-05-11 00:00:00+02:00,14.067795753479004,14.903072357177734,14.067795753479004,14.507414817810059,3707
2018-05-14 00:00:00+02:00,14.507414817810059,14.639300346374512,14.507414817810059,14.639300346374512,1072
2018-05-15 00:00:00+02:00,14.68326187133789,14.859109878540039,14.639300346374512,14.81514835357666,888
2018-05-16 00:00:00+02:00,14.81514835357666,14.81514835357666,14.375529289245605,14.595338821411133,34507
2018-05-17 00:00:00+02:00,14.507414817810059,14.507414817810059,13.188558578491211,14.243643760681152,56669
2018-05-18 00:00:00+02:00,14.023834228515625,14.067795753479004,13.716100692749023,13.891948699951172,20715
2018-05-21 00:00:00+02:00,13.935911178588867,13.97987174987793,13.847987174987793,13.935911178588867,1909
2018-05-22 00:00:00+02:00,14.68326187133789,14.771185874938965,13.935911178588867,14.727224349975586,14230
2018-05-23 00:00:00+02:00,15.254766464233398,15.826271057128906,14.903072357177734,15.034956932067871,282812
2018-05-24 00:00:00+02:00,15.16684341430664,15.430614471435547,14.947032928466797,15.342690467834473,26603
2018-05-25 00:00:00+02:00,15.386651992797852,15.386651992797852,15.21080493927002,15.298727989196777,29304
2018-05-28 00:00:00+02:00,15.298727989196777,15.474575996398926,15.122880935668945,15.474575996398926,17421
2018-05-29 00:00:00+02:00,15.430614471435547,15.474575996398926,15.21080493927002,15.474575996398926,21404
2018-05-30 00:00:00+02:00,15.518538475036621,15.826271057128906,15.518538475036621,15.738347053527832,21517
2018-05-31 00:00:00+02:00,15.738347053527832,15.738347053527832,15.738347053527832,15.738347053527832,0
2018-06-01 00:00:00+02:00,15.738347053527832,15.738347053527832,15.474575996398926,15.650423049926758,4597
2018-06-04 00:00:00+02:00,15.606460571289062,15.606460571289062,15.034956932067871,15.078919410705566,5214
2018-06-05 00:00:00+02:00,15.254766464233398,15.430614471435547,14.990995407104492,15.21080493927002,14163
2018-06-06 00:00:00+02:00,15.21080493927002,15.650423049926758,15.21080493927002,15.650423049926758,26030
2018-06-07 00:00:00+02:00,15.606460571289062,15.826271057128906,15.386651992797852,15.782308578491211,28996
2018-06-08 00:00:00+02:00,15.738347053527832,17.05720329284668,15.738347053527832,16.617584228515625,91022
2018-06-11 00:00:00+02:00,16.617584228515625,16.617584228515625,16.002117156982422,16.441736221313477,9475
2018-06-12 00:00:00+02:00,16.17796516418457,16.96927833557129,16.17796516418457,16.96927833557129,13508
2018-06-13 00:00:00+02:00,16.705507278442383,16.705507278442383,16.35381317138672,16.57362174987793,7455
2018-06-14 00:00:00+02:00,16.66154670715332,16.66154670715332,16.221927642822266,16.441736221313477,6422
2018-06-15 00:00:00+02:00,16.57362174987793,16.57362174987793,16.35381317138672,16.529661178588867,9788
2018-06-18 00:00:00+02:00,16.529661178588867,16.529661178588867,15.5625,16.221927642822266,22549
2018-06-19 00:00:00+02:00,15.5625,16.046079635620117,15.254766464233398,15.738347053527832,8817
2018-06-20 00:00:00+02:00,15.782308578491211,15.782308578491211,15.16684341430664,15.386651992797852,6895
2018-06-21 00:00:00+02:00,15.782308578491211,15.782308578491211,14.990995407104492,15.298727989196777,12981
2018-06-22 00:00:00+02:00,15.298727989196777,15.342690467834473,15.034956932067871,15.342690467834473,17942
2018-06-25 00:00:00+02:00,15.342690467834473,15.474575996398926,14.68326187133789,15.21080493927002,25948
2018-06-26 00:00:00+02:00,15.474575996398926,15.474575996398926,14.771185874938965,15.386651992797852,13483
2018-06-27 00:00:00+02:00,15.16684341430664,15.16684341430664,14.595338821411133,14.81514835357666,11561
2018-06-28 00:00:00+02:00,14.81514835357666,15.342690467834473,14.595338821411133,15.298727989196777,18456
2018-06-29 00:00:00+02:00,14.947032928466797,16.090042114257812,14.947032928466797,15.782308578491211,14236
2018-07-02 00:00:00+02:00,15.694384574890137,16.221927642822266,15.606460571289062,16.134004592895508,12364
2018-07-03 00:00:00+02:00,16.090042114257812,16.221927642822266,15.914194107055664,16.046079635620117,4238
2018-07-04 00:00:00+02:00,16.046079635620117,16.134004592895508,15.958155632019043,16.090042114257812,2051
2018-07-05 00:00:00+02:00,16.441736221313477,16.441736221313477,16.046079635620117,16.090042114257812,5040
2018-07-06 00:00:00+02:00,16.397775650024414,16.96927833557129,16.35381317138672,16.96927833557129,24780
2018-07-09 00:00:00+02:00,16.96927833557129,17.05720329284668,16.529661178588867,16.529661178588867,44352
2018-07-10 00:00:00+02:00,16.529661178588867,16.96927833557129,16.529661178588867,16.529661178588867,11585
2018-07-11 00:00:00+02:00,16.485698699951172,16.96927833557129,16.485698699951172,16.705507278442383,14477
2018-07-12 00:00:00+02:00,16.96927833557129,16.96927833557129,16.705507278442383,16.88135528564453,1983
2018-07-13 00:00:00+02:00,16.88135528564453,16.88135528564453,16.221927642822266,16.617584228515625,12030
2018-07-16 00:00:00+02:00,16.617584228515625,16.66154670715332,16.441736221313477,16.66154670715332,7748
2018-07-17 00:00:00+02:00,16.485698699951172,16.617584228515625,16.485698699951172,16.57362174987793,7084
2018-07-18 00:00:00+02:00,16.96927833557129,16.96927833557129,16.529661178588867,16.57362174987793,7938
2018-07-19 00:00:00+02:00,16.83739471435547,16.83739471435547,16.441736221313477,16.66154670715332,7865
2018-07-20 00:00:00+02:00,16.57362174987793,16.749469757080078,16.529661178588867,16.705507278442383,4158
2018-07-23 00:00:00+02:00,16.705507278442383,16.83739471435547,16.485698699951172,16.529661178588867,5600
2018-07-24 00:00:00+02:00,16.485698699951172,16.617584228515625,16.441736221313477,16.529661178588867,3537
2018-07-25 00:00:00+02:00,16.485698699951172,16.705507278442383,16.35381317138672,16.529661178588867,10101
2018-07-26 00:00:00+02:00,16.529661178588867,16.529661178588867,16.046079635620117,16.485698699951172,4513
2018-07-27 00:00:00+02:00,16.485698699951172,16.485698699951172,16.134004592895508,16.35381317138672,1853
2018-07-30 00:00:00+02:00,16.265888214111328,16.57362174987793,15.650423049926758,16.134004592895508,4238
2018-07-31 00:00:00+02:00,16.090042114257812,16.090042114257812,15.518538475036621,15.738347053527832,1503
2018-08-01 00:00:00+02:00,15.738347053527832,15.958155632019043,15.5625,15.958155632019043,2048
2018-08-02 00:00:00+02:00,15.958155632019043,15.958155632019043,15.694384574890137,15.826271057128906,369
2018-08-03 00:00:00+02:00,15.782308578491211,15.958155632019043,15.694384574890137,15.914194107055664,5232
2018-08-06 00:00:00+02:00,15.826271057128906,15.826271057128906,15.518538475036621,15.738347053527832,2536
2018-08-07 00:00:00+02:00,15.826271057128906,15.826271057128906,15.5625,15.606460571289062,2507
2018-08-08 00:00:00+02:00,15.5625,15.5625,14.947032928466797,14.947032928466797,11955
2018-08-09 00:00:00+02:00,14.81514835357666,15.694384574890137,14.419490814208984,15.518538475036621,11868
2018-08-10 00:00:00+02:00,15.650423049926758,15.650423049926758,15.122880935668945,15.650423049926758,1590
2018-08-13 00:00:00+02:00,15.386651992797852,15.5625,15.254766464233398,15.518538475036621,2864
2018-08-14 00:00:00+02:00,15.474575996398926,15.518538475036621,15.21080493927002,15.386651992797852,2536
2018-08-15 00:00:00+02:00,15.386651992797852,15.386651992797852,15.386651992797852,15.386651992797852,0
2018-08-16 00:00:00+02:00,15.122880935668945,15.430614471435547,15.122880935668945,15.342690467834473,1513
2018-08-17 00:00:00+02:00,15.342690467834473,15.342690467834473,15.16684341430664,15.342690467834473,253
2018-08-20 00:00:00+02:00,15.342690467834473,15.342690467834473,14.947032928466797,14.947032928466797,7257
2018-08-21 00:00:00+02:00,14.947032928466797,15.254766464233398,14.595338821411133,15.254766464233398,10391
2018-08-22 00:00:00+02:00,14.771185874938965,15.254766464233398,14.771185874938965,15.254766464233398,777
2018-08-23 00:00:00+02:00,15.254766464233398,15.650423049926758,15.254766464233398,15.5625,2804
2018-08-24 00:00:00+02:00,15.738347053527832,16.441736221313477,15.342690467834473,16.397775650024414,21465
2018-08-27 00:00:00+02:00,16.35381317138672,18.37605857849121,15.738347053527832,17.936439514160156,140751
2018-08-28 00:00:00+02:00,18.112287521362305,18.815677642822266,17.936439514160156,18.55190658569336,266709
2018-08-29 00:00:00+02:00,18.55190658569336,18.727754592895508,18.200210571289062,18.4639835357666,8913
2018-08-30 00:00:00+02:00,18.4639835357666,18.727754592895508,17.936439514160156,18.200210571289062,210953
2018-08-31 00:00:00+02:00,18.37605857849121,18.4639835357666,18.200210571289062,18.4639835357666,13080
2018-09-03 00:00:00+02:00,18.112287521362305,18.639829635620117,18.112287521362305,18.4639835357666,13584
2018-09-04 00:00:00+02:00,18.4639835357666,18.4639835357666,18.200210571289062,18.288135528564453,53185
2018-09-05 00:00:00+02:00,18.288135528564453,18.288135528564453,18.200210571289062,18.288135528564453,24927
2018-09-06 00:00:00+02:00,18.288135528564453,18.288135528564453,18.200210571289062,18.288135528564453,59741
2018-09-07 00:00:00+02:00,18.200210571289062,18.288135528564453,18.112287521362305,18.288135528564453,85472
2018-09-10 00:00:00+02:00,18.112287521362305,18.639829635620117,18.112287521362305,18.55190658569336,47342
2018-09-11 00:00:00+02:00,18.639829635620117,19.25529670715332,18.55190658569336,19.16737174987793,217745
2018-09-12 00:00:00+02:00,19.16737174987793,19.25529670715332,18.815677642822266,19.079448699951172,6474
2018-09-13 00:00:00+02:00,19.16737174987793,19.25529670715332,18.991525650024414,19.16737174987793,7217
2018-09-14 00:00:00+02:00,19.16737174987793,19.16737174987793,18.639829635620117,19.079448699951172,7674
2018-09-17 00:00:00+02:00,19.079448699951172,19.079448699951172,18.55190658569336,18.991525650024414,114023
2018-09-18 00:00:00+02:00,18.991525650024414,18.991525650024414,18.815677642822266,18.991525650024414,7766
2018-09-19 00:00:00+02:00,19.079448699951172,19.079448699951172,18.903600692749023,19.079448699951172,311988
2018-09-20 00:00:00+02:00,19.079448699951172,19.16737174987793,18.112287521362305,18.4639835357666,211922
2018-09-21 00:00:00+02:00,18.4639835357666,18.639829635620117,18.112287521362305,18.639829635620117,30742
2018-09-24 00:00:00+02:00,18.288135528564453,18.55190658569336,18.288135528564453,18.55190658569336,4408
2018-09-25 00:00:00+02:00,18.55190658569336,18.991525650024414,18.4639835357666,18.55190658569336,18769
2018-09-26 00:00:00+02:00,18.639829635620117,18.991525650024414,18.55190658569336,18.903600692749023,11829
2018-09-27 00:00:00+02:00,18.815677642822266,18.991525650024414,18.727754592895508,18.991525650024414,2706
2018-09-28 00:00:00+02:00,18.991525650024414,19.079448699951172,18.815677642822266,19.079448699951172,2198
2018-10-01 00:00:00+02:00,19.079448699951172,19.079448699951172,18.815677642822266,19.079448699951172,77831
2018-10-02 00:00:00+02:00,19.16737174987793,19.694915771484375,19.079448699951172,19.25529670715332,7122
2018-10-03 00:00:00+02:00,19.25529670715332,19.694915771484375,19.25529670715332,19.519067764282227,121216
2018-10-04 00:00:00+02:00,19.519067764282227,19.519067764282227,18.991525650024414,19.343219757080078,91082
2018-10-05 00:00:00+02:00,19.343219757080078,19.343219757080078,18.55190658569336,19.25529670715332,1762
2018-10-08 00:00:00+02:00,19.079448699951172,19.25529670715332,18.903600692749023,19.16737174987793,2692
2018-10-09 00:00:00+02:00,19.16737174987793,19.694915771484375,18.903600692749023,19.519067764282227,63639
2018-10-10 00:00:00+02:00,19.606990814208984,19.606990814208984,18.815677642822266,19.16737174987793,20714
2018-10-11 00:00:00+02:00,19.16737174987793,19.16737174987793,18.288135528564453,18.727754592895508,83217
2018-10-12 00:00:00+02:00,18.639829635620117,18.639829635620117,18.024364471435547,18.37605857849121,12544
2018-10-15 00:00:00+02:00,18.37605857849121,18.37605857849121,18.024364471435547,18.112287521362305,187737
2018-10-16 00:00:00+02:00,18.112287521362305,18.112287521362305,17.67266845703125,17.67266845703125,11440
2018-10-17 00:00:00+02:00,17.584745407104492,17.584745407104492,16.88135528564453,17.540782928466797,20605
2018-10-18 00:00:00+02:00,17.540782928466797,17.540782928466797,17.05720329284668,17.27701187133789,6141
2018-10-19 00:00:00+02:00,17.540782928466797,17.540782928466797,16.96927833557129,17.189088821411133,2516
2018-10-22 00:00:00+02:00,17.189088821411133,17.540782928466797,17.189088821411133,17.496822357177734,1617
2018-10-23 00:00:00+02:00,17.584745407104492,17.584745407104492,17.145126342773438,17.408897399902344,2446
2018-10-24 00:00:00+02:00,17.584745407104492,17.584745407104492,17.145126342773438,17.45285987854004,4719
2018-10-25 00:00:00+02:00,16.705507278442383,17.540782928466797,16.705507278442383,17.540782928466797,329
2018-10-26 00:00:00+02:00,17.05720329284668,17.936439514160156,17.05720329284668,17.584745407104492,7672
2018-10-29 00:00:00+01:00,17.584745407104492,17.936439514160156,17.584745407104492,17.76059341430664,1136
2018-10-30 00:00:00+01:00,17.936439514160156,17.936439514160156,17.496822357177734,17.584745407104492,865
2018-10-31 00:00:00+01:00,17.76059341430664,17.76059341430664,16.96927833557129,17.496822357177734,73075
2018-11-01 00:00:00+01:00,17.496822357177734,17.496822357177734,17.496822357177734,17.496822357177734,0
2018-11-02 00:00:00+01:00,17.408897399902344,17.496822357177734,17.145126342773438,17.496822357177734,2458
2018-11-05 00:00:00+01:00,17.496822357177734,17.496822357177734,16.96927833557129,17.496822357177734,32804
2018-11-06 00:00:00+01:00,17.45285987854004,17.496822357177734,17.233049392700195,17.408897399902344,8494
2018-11-07 00:00:00+01:00,17.233049392700195,17.36493682861328,17.189088821411133,17.36493682861328,2336
2018-11-08 00:00:00+01:00,17.36493682861328,17.408897399902344,17.233049392700195,17.408897399902344,342
2018-11-09 00:00:00+01:00,17.408897399902344,17.408897399902344,17.013240814208984,17.189088821411133,1924
2018-11-12 00:00:00+01:00,17.189088821411133,17.189088821411133,17.189088821411133,17.189088821411133,0
2018-11-13 00:00:00+01:00,17.408897399902344,17.408897399902344,17.189088821411133,17.189088821411133,311
2018-11-14 00:00:00+01:00,17.320974349975586,17.320974349975586,16.090042114257812,16.793432235717773,53438
2018-11-15 00:00:00+01:00,17.013240814208984,17.27701187133789,16.66154670715332,17.145126342773438,8839
2018-11-16 00:00:00+01:00,17.145126342773438,18.288135528564453,17.05720329284668,17.76059341430664,6107
2018-11-19 00:00:00+01:00,18.024364471435547,18.288135528564453,17.584745407104492,17.8485164642334,5860
2018-11-20 00:00:00+01:00,17.8485164642334,17.8485164642334,17.233049392700195,17.233049392700195,7897
2018-11-21 00:00:00+01:00,17.584745407104492,17.8485164642334,17.45285987854004,17.8485164642334,15876
2018-11-22 00:00:00+01:00,17.145126342773438,17.8485164642334,17.145126342773438,17.8485164642334,13709
2018-11-23 00:00:00+01:00,17.8485164642334,17.8485164642334,17.27701187133789,17.408897399902344,5315
2018-11-26 00:00:00+01:00,17.67266845703125,17.8485164642334,17.45285987854004,17.540782928466797,2035
2018-11-27 00:00:00+01:00,17.8485164642334,17.8485164642334,17.496822357177734,17.584745407104492,2122
2018-11-28 00:00:00+01:00,17.584745407104492,18.024364471435547,17.408897399902344,17.8485164642334,5535
2018-11-29 00:00:00+01:00,17.8485164642334,18.024364471435547,17.584745407104492,18.024364471435547,358
2018-11-30 00:00:00+01:00,17.936439514160156,17.936439514160156,17.584745407104492,17.584745407104492,951
2018-12-03 00:00:00+01:00,17.67266845703125,17.76059341430664,17.584745407104492,17.76059341430664,2804
2018-12-04 00:00:00+01:00,17.76059341430664,17.8485164642334,17.584745407104492,17.8485164642334,6965
2018-12-05 00:00:00+01:00,17.8485164642334,17.8485164642334,17.67266845703125,17.67266845703125,1199
2018-12-06 00:00:00+01:00,17.76059341430664,17.76059341430664,17.145126342773438,17.584745407104492,2897
2018-12-07 00:00:00+01:00,17.584745407104492,17.67266845703125,16.96927833557129,17.05720329284668,4834
2018-12-10 00:00:00+01:00,17.013240814208984,17.540782928466797,16.96927833557129,17.540782928466797,5584
2018-12-11 00:00:00+01:00,17.584745407104492,17.8485164642334,17.540782928466797,17.67266845703125,3802
2018-12-12 00:00:00+01:00,17.8485164642334,17.936439514160156,17.36493682861328,17.936439514160156,16650
2018-12-13 00:00:00+01:00,17.8485164642334,18.024364471435547,17.76059341430664,18.024364471435547,14484
2018-12-14 00:00:00+01:00,18.024364471435547,18.024364471435547,17.584745407104492,17.584745407104492,544
2018-12-17 00:00:00+01:00,17.67266845703125,17.67266845703125,17.496822357177734,17.584745407104492,1065
2018-12-18 00:00:00+01:00,17.584745407104492,18.024364471435547,17.408897399902344,18.024364471435547,10804
2018-12-19 00:00:00+01:00,18.024364471435547,18.024364471435547,17.936439514160156,18.024364471435547,9573
2018-12-20 00:00:00+01:00,18.024364471435547,18.024364471435547,17.76059341430664,18.024364471435547,10638
2018-12-21 00:00:00+01:00,17.8485164642334,18.200210571289062,17.8485164642334,18.024364471435547,11629
2018-12-24 00:00:00+01:00,18.024364471435547,18.024364471435547,18.024364471435547,18.024364471435547,0
2018-12-25 00:00:00+01:00,18.024364471435547,18.024364471435547,18.024364471435547,18.024364471435547,0
2018-12-26 00:00:00+01:00,18.024364471435547,18.024364471435547,18.024364471435547,18.024364471435547,0
2018-12-27 00:00:00+01:00,18.112287521362305,18.112287521362305,17.8485164642334,17.8485164642334,1712
2018-12-28 00:00:00+01:00,18.112287521362305,18.112287521362305,17.936439514160156,18.024364471435547,591
2018-12-31 00:00:00+01:00,18.024364471435547,18.024364471435547,18.024364471435547,18.024364471435547,0
2019-01-01 00:00:00+01:00,18.024364471435547,18.024364471435547,18.024364471435547,18.024364471435547,0
2019-01-02 00:00:00+01:00,18.112287521362305,18.200210571289062,17.936439514160156,18.200210571289062,3344
2019-01-03 00:00:00+01:00,18.288135528564453,18.288135528564453,17.76059341430664,18.288135528564453,6239
2019-01-04 00:00:00+01:00,18.288135528564453,18.288135528564453,17.936439514160156,18.200210571289062,2142
2019-01-07 00:00:00+01:00,18.288135528564453,18.37605857849121,18.024364471435547,18.200210571289062,3464
2019-01-08 00:00:00+01:00,18.200210571289062,18.200210571289062,18.112287521362305,18.200210571289062,2091
2019-01-09 00:00:00+01:00,18.37605857849121,18.639829635620117,18.112287521362305,18.200210571289062,3811
2019-01-10 00:00:00+01:00,18.4639835357666,19.25529670715332,18.200210571289062,18.815677642822266,9549
2019-01-11 00:00:00+01:00,18.991525650024414,18.991525650024414,18.639829635620117,18.991525650024414,986
2019-01-14 00:00:00+01:00,18.991525650024414,19.079448699951172,18.815677642822266,18.991525650024414,1310
2019-01-15 00:00:00+01:00,19.079448699951172,19.079448699951172,18.4639835357666,18.4639835357666,5194
2019-01-16 00:00:00+01:00,18.37605857849121,19.25529670715332,18.37605857849121,19.25529670715332,18710
2019-01-17 00:00:00+01:00,18.991525650024414,19.25529670715332,18.991525650024414,18.991525650024414,8560
2019-01-18 00:00:00+01:00,18.991525650024414,19.16737174987793,18.991525650024414,19.16737174987793,1889
2019-01-21 00:00:00+01:00,19.25529670715332,19.25529670715332,18.37605857849121,19.25529670715332,16204
2019-01-22 00:00:00+01:00,19.25529670715332,19.606990814208984,18.639829635620117,19.43114471435547,15188
2019-01-23 00:00:00+01:00,19.519067764282227,19.782838821411133,19.25529670715332,19.782838821411133,7009
2019-01-24 00:00:00+01:00,19.87076187133789,19.95868682861328,19.694915771484375,19.95868682861328,16349
2019-01-25 00:00:00+01:00,19.95868682861328,20.75,19.95868682861328,20.57415199279785,6151
2019-01-28 00:00:00+01:00,21.101694107055664,21.101694107055664,20.57415199279785,20.57415199279785,2508
2019-01-29 00:00:00+01:00,20.837923049926758,20.837923049926758,20.398305892944336,20.837923049926758,2838
2019-01-30 00:00:00+01:00,20.57415199279785,20.662076950073242,20.04660987854004,20.310380935668945,6187
2019-01-31 00:00:00+01:00,20.57415199279785,20.75,20.310380935668945,20.75,1305
2019-02-01 00:00:00+01:00,20.837923049926758,21.453388214111328,20.662076950073242,21.277542114257812,4494
2019-02-04 00:00:00+01:00,21.629236221313477,21.805084228515625,21.453388214111328,21.54131317138672,5262
2019-02-05 00:00:00+01:00,21.36546516418457,21.805084228515625,21.36546516418457,21.54131317138672,6065
2019-02-06 00:00:00+01:00,21.805084228515625,21.805084228515625,21.36546516418457,21.36546516418457,3033
2019-02-07 00:00:00+01:00,21.277542114257812,21.54131317138672,20.222457885742188,20.222457885742188,46331
2019-02-08 00:00:00+01:00,20.04660987854004,21.277542114257812,18.903600692749023,21.101694107055664,6468
2019-02-11 00:00:00+01:00,21.101694107055664,21.453388214111328,20.57415199279785,21.453388214111328,1294
2019-02-12 00:00:00+01:00,21.453388214111328,21.453388214111328,21.013771057128906,21.453388214111328,1864
2019-02-13 00:00:00+01:00,20.837923049926758,21.453388214111328,20.837923049926758,21.101694107055664,3674
2019-02-14 00:00:00+01:00,21.013771057128906,21.013771057128906,20.837923049926758,21.013771057128906,5151
2019-02-15 00:00:00+01:00,21.101694107055664,21.36546516418457,20.75,21.36546516418457,18422
2019-02-18 00:00:00+01:00,21.36546516418457,21.36546516418457,21.013771057128906,21.101694107055664,4182
2019-02-19 00:00:00+01:00,21.013771057128906,21.101694107055664,20.925846099853516,21.013771057128906,3647
2019-02-20 00:00:00+01:00,21.101694107055664,21.101694107055664,20.75,21.013771057128906,2352
2019-02-21 00:00:00+01:00,21.453388214111328,21.453388214111328,20.837923049926758,20.837923049926758,7276
2019-02-22 00:00:00+01:00,21.101694107055664,21.101694107055664,20.486228942871094,20.925846099853516,6937
2019-02-25 00:00:00+01:00,21.101694107055664,21.101694107055664,20.134532928466797,20.662076950073242,6730
2019-02-26 00:00:00+01:00,21.101694107055664,21.101694107055664,20.398305892944336,20.662076950073242,1372
2019-02-27 00:00:00+01:00,21.101694107055664,21.101694107055664,19.782838821411133,20.04660987854004,3871
2019-02-28 00:00:00+01:00,20.222457885742188,20.662076950073242,19.782838821411133,20.398305892944336,2127
2019-03-01 00:00:00+01:00,20.662076950073242,20.662076950073242,20.222457885742188,20.57415199279785,3481
2019-03-04 00:00:00+01:00,20.310380935668945,21.101694107055664,20.134532928466797,20.925846099853516,3441
2019-03-05 00:00:00+01:00,20.925846099853516,21.101694107055664,20.398305892944336,20.398305892944336,5824
2019-03-06 00:00:00+01:00,20.310380935668945,20.57415199279785,20.134532928466797,20.222457885742188,3518
2019-03-07 00:00:00+01:00,20.310380935668945,20.310380935668945,19.694915771484375,20.04660987854004,2228
2019-03-08 00:00:00+01:00,20.222457885742188,20.57415199279785,19.694915771484375,19.87076187133789,3375
2019-03-11 00:00:00+01:00,19.694915771484375,20.398305892944336,19.606990814208984,20.04660987854004,5005
2019-03-12 00:00:00+01:00,20.04660987854004,20.57415199279785,19.782838821411133,20.310380935668945,5029
2019-03-13 00:00:00+01:00,20.04660987854004,20.662076950073242,20.04660987854004,20.310380935668945,1804
2019-03-14 00:00:00+01:00,20.57415199279785,20.925846099853516,20.04660987854004,20.57415199279785,11372
2019-03-15 00:00:00+01:00,20.222457885742188,20.57415199279785,20.04660987854004,20.222457885742188,4561
2019-03-18 00:00:00+01:00,20.57415199279785,20.57415199279785,19.16737174987793,20.04660987854004,12701
2019-03-19 00:00:00+01:00,20.04660987854004,20.57415199279785,19.694915771484375,20.222457885742188,3731
2019-03-20 00:00:00+01:00,20.222457885742188,20.222457885742188,19.606990814208984,19.95868682861328,4062
2019-03-21 00:00:00+01:00,20.04660987854004,20.57415199279785,19.95868682861328,20.310380935668945,1941
2019-03-22 00:00:00+01:00,19.95868682861328,20.57415199279785,19.87076187133789,20.04660987854004,1421
2019-03-25 00:00:00+01:00,19.782838821411133,20.04660987854004,19.606990814208984,19.87076187133789,2708
2019-03-26 00:00:00+01:00,20.04660987854004,20.04660987854004,19.782838821411133,19.95868682861328,2908
2019-03-27 00:00:00+01:00,19.606990814208984,20.04660987854004,19.606990814208984,20.04660987854004,2164
2019-03-28 00:00:00+01:00,19.95868682861328,20.04660987854004,19.782838821411133,20.04660987854004,1130
2019-03-29 00:00:00+01:00,20.04660987854004,20.222457885742188,19.87076187133789,20.134532928466797,1268
2019-04-01 00:00:00+02:00,20.134532928466797,20.310380935668945,19.606990814208984,19.95868682861328,2251
2019-04-02 00:00:00+02:00,20.222457885742188,20.222457885742188,19.782838821411133,20.134532928466797,1941
2019-04-03 00:00:00+02:00,20.222457885742188,20.222457885742188,19.87076187133789,20.222457885742188,1056
2019-04-04 00:00:00+02:00,20.222457885742188,21.101694107055664,20.04660987854004,20.837923049926758,1256
2019-04-05 00:00:00+02:00,20.486228942871094,20.837923049926758,20.134532928466797,20.75,1209
2019-04-08 00:00:00+02:00,20.222457885742188,21.013771057128906,20.222457885742188,21.013771057128906,5257
2019-04-09 00:00:00+02:00,21.013771057128906,21.453388214111328,21.013771057128906,21.453388214111328,20126
2019-04-10 00:00:00+02:00,21.54131317138672,21.805084228515625,20.925846099853516,21.805084228515625,34721
2019-04-11 00:00:00+02:00,21.717161178588867,21.805084228515625,21.101694107055664,21.277542114257812,2564
2019-04-12 00:00:00+02:00,21.629236221313477,21.805084228515625,21.36546516418457,21.805084228515625,5223
2019-04-15 00:00:00+02:00,21.893007278442383,23.299787521362305,21.36546516418457,23.123939514160156,17956
2019-04-16 00:00:00+02:00,23.123939514160156,23.475635528564453,22.86016845703125,23.475635528564453,15906
2019-04-17 00:00:00+02:00,23.475635528564453,24.091100692749023,23.299787521362305,24.091100692749023,24747
2019-04-18 00:00:00+02:00,24.091100692749023,24.35487174987793,23.915254592895508,24.003177642822266,10593
2019-04-19 00:00:00+02:00,24.003177642822266,24.003177642822266,24.003177642822266,24.003177642822266,0
2019-04-22 00:00:00+02:00,24.003177642822266,24.003177642822266,24.003177642822266,24.003177642822266,0
2019-04-23 00:00:00+02:00,24.35487174987793,24.530719757080078,24.003177642822266,24.091100692749023,4596
2019-04-24 00:00:00+02:00,24.179025650024414,24.530719757080078,24.091100692749023,24.35487174987793,1932
2019-04-25 00:00:00+02:00,24.44279670715332,24.882415771484375,24.35487174987793,24.882415771484375,10480
2019-04-26 00:00:00+02:00,25.05826187133789,25.05826187133789,24.44279670715332,24.970338821411133,4069
2019-04-29 00:00:00+02:00,25.05826187133789,25.05826187133789,24.706567764282227,24.882415771484375,1644
2019-04-30 00:00:00+02:00,25.05826187133789,25.05826187133789,24.970338821411133,25.05826187133789,717
2019-05-01 00:00:00+02:00,25.05826187133789,25.05826187133789,25.05826187133789,25.05826187133789,0
2019-05-02 00:00:00+02:00,24.44279670715332,24.44279670715332,23.915254592895508,24.179025650024414,3460
2019-05-03 00:00:00+02:00,24.179025650024414,24.179025650024414,24.179025650024414,24.179025650024414,0
2019-05-06 00:00:00+02:00,24.179025650024414,25.05826187133789,24.179025650024414,24.61864471435547,2397
2019-05-07 00:00:00+02:00,24.882415771484375,24.882415771484375,24.266948699951172,24.794490814208984,4655
2019-05-08 00:00:00+02:00,24.794490814208984,24.794490814208984,24.091100692749023,24.179025650024414,1405
2019-05-09 00:00:00+02:00,23.73940658569336,24.61864471435547,23.211864471435547,23.73940658569336,41009
2019-05-10 00:00:00+02:00,24.61864471435547,24.61864471435547,23.73940658569336,23.73940658569336,17404
2019-05-13 00:00:00+02:00,23.73940658569336,25.05826187133789,23.56355857849121,25.05826187133789,5101
2019-05-14 00:00:00+02:00,25.05826187133789,25.05826187133789,23.475635528564453,23.6514835357666,4280
2019-05-15 00:00:00+02:00,23.6514835357666,24.266948699951172,23.6514835357666,23.73940658569336,15661
2019-05-16 00:00:00+02:00,24.882415771484375,24.882415771484375,24.091100692749023,24.266948699951172,1569
2019-05-17 00:00:00+02:00,24.44279670715332,24.61864471435547,24.266948699951172,24.61864471435547,2796
2019-05-20 00:00:00+02:00,24.970338821411133,24.970338821411133,24.530719757080078,24.530719757080078,1012
2019-05-21 00:00:00+02:00,24.882415771484375,24.882415771484375,24.179025650024414,24.530719757080078,3918
2019-05-22 00:00:00+02:00,24.882415771484375,24.970338821411133,24.003177642822266,24.970338821411133,4422
2019-05-23 00:00:00+02:00,24.970338821411133,24.970338821411133,24.44279670715332,24.794490814208984,4381
2019-05-24 00:00:00+02:00,24.794490814208984,24.970338821411133,24.179025650024414,24.44279670715332,2141
2019-05-27 00:00:00+02:00,24.61864471435547,24.61864471435547,24.35487174987793,24.35487174987793,771
2019-05-28 00:00:00+02:00,24.970338821411133,24.970338821411133,24.530719757080078,24.530719757080078,4431
2019-05-29 00:00:00+02:00,24.970338821411133,24.970338821411133,24.44279670715332,24.970338821411133,343
2019-05-30 00:00:00+02:00,24.882415771484375,24.882415771484375,24.179025650024414,24.794490814208984,2105
2019-05-31 00:00:00+02:00,24.970338821411133,24.970338821411133,24.794490814208984,24.794490814208984,25
2019-06-03 00:00:00+02:00,24.266948699951172,24.794490814208984,24.266948699951172,24.61864471435547,573
2019-06-04 00:00:00+02:00,24.794490814208984,24.794490814208984,24.266948699951172,24.61864471435547,590
2019-06-05 00:00:00+02:00,24.882415771484375,24.882415771484375,24.44279670715332,24.61864471435547,369
2019-06-06 00:00:00+02:00,24.882415771484375,24.882415771484375,23.56355857849121,24.44279670715332,3507
2019-06-07 00:00:00+02:00,24.179025650024414,24.179025650024414,23.6514835357666,24.003177642822266,592
2019-06-10 00:00:00+02:00,23.56355857849121,24.003177642822266,23.56355857849121,23.56355857849121,920
2019-06-11 00:00:00+02:00,23.299787521362305,24.61864471435547,23.299787521362305,23.56355857849121,4225
2019-06-12 00:00:00+02:00,23.56355857849121,23.73940658569336,23.387710571289062,23.387710571289062,2375
2019-06-13 00:00:00+02:00,23.475635528564453,23.475635528564453,22.772245407104492,23.475635528564453,5969
2019-06-14 00:00:00+02:00,23.299787521362305,23.387710571289062,22.94809341430664,23.211864471435547,4683
2019-06-17 00:00:00+02:00,23.211864471435547,23.387710571289062,21.629236221313477,23.123939514160156,2819
2019-06-18 00:00:00+02:00,21.717161178588867,23.123939514160156,21.717161178588867,22.596397399902344,3326
2019-06-19 00:00:00+02:00,22.596397399902344,22.772245407104492,22.332626342773438,22.772245407104492,5169
2019-06-20 00:00:00+02:00,22.772245407104492,22.772245407104492,22.772245407104492,22.772245407104492,0
2019-06-21 00:00:00+02:00,22.596397399902344,22.86016845703125,22.596397399902344,22.86016845703125,3298
2019-06-24 00:00:00+02:00,22.94809341430664,23.211864471435547,22.24470329284668,23.123939514160156,5094
2019-06-25 00:00:00+02:00,23.123939514160156,23.123939514160156,22.596397399902344,22.94809341430664,295
2019-06-26 00:00:00+02:00,22.94809341430664,23.299787521362305,22.332626342773438,23.299787521362305,2929
2019-06-27 00:00:00+02:00,23.387710571289062,23.387710571289062,22.94809341430664,23.0360164642334,1455
2019-06-28 00:00:00+02:00,23.299787521362305,23.299787521362305,22.94809341430664,23.211864471435547,370
2019-07-01 00:00:00+02:00,23.299787521362305,23.387710571289062,22.94809341430664,23.299787521362305,1071
2019-07-02 00:00:00+02:00,23.475635528564453,23.475635528564453,22.94809341430664,23.299787521362305,779
2019-07-03 00:00:00+02:00,23.475635528564453,23.475635528564453,23.0360164642334,23.0360164642334,773
2019-07-04 00:00:00+02:00,23.0360164642334,23.0360164642334,22.86016845703125,23.0360164642334,3663
2019-07-05 00:00:00+02:00,23.0360164642334,23.0360164642334,22.86016845703125,23.0360164642334,6919
2019-07-08 00:00:00+02:00,23.387710571289062,23.475635528564453,23.299787521362305,23.475635528564453,2457
2019-07-09 00:00:00+02:00,23.387710571289062,23.475635528564453,23.0360164642334,23.475635528564453,2059
2019-07-10 00:00:00+02:00,23.475635528564453,23.475635528564453,23.211864471435547,23.299787521362305,333
2019-07-11 00:00:00+02:00,23.475635528564453,24.35487174987793,23.211864471435547,23.73940658569336,5768
2019-07-12 00:00:00+02:00,24.44279670715332,24.44279670715332,23.73940658569336,24.091100692749023,5400
2019-07-15 00:00:00+02:00,24.091100692749023,24.179025650024414,23.73940658569336,24.091100692749023,2201
2019-07-16 00:00:00+02:00,24.35487174987793,24.35487174987793,23.915254592895508,24.179025650024414,1793
2019-07-17 00:00:00+02:00,24.179025650024414,24.179025650024414,23.915254592895508,24.091100692749023,1541
2019-07-18 00:00:00+02:00,24.003177642822266,24.179025650024414,23.73940658569336,23.915254592895508,1478
2019-07-19 00:00:00+02:00,24.003177642822266,24.003177642822266,23.475635528564453,23.73940658569336,12416
2019-07-22 00:00:00+02:00,24.179025650024414,24.179025650024414,23.73940658569336,24.091100692749023,1662
2019-07-23 00:00:00+02:00,24.266948699951172,24.266948699951172,23.827329635620117,24.179025650024414,562
2019-07-24 00:00:00+02:00,24.091100692749023,24.706567764282227,23.827329635620117,23.915254592895508,13101
2019-07-25 00:00:00+02:00,24.266948699951172,24.794490814208984,23.827329635620117,24.266948699951172,4376
2019-07-26 00:00:00+02:00,24.266948699951172,24.794490814208984,24.266948699951172,24.794490814208984,2601
2019-07-29 00:00:00+02:00,24.794490814208984,24.794490814208984,24.179025650024414,24.530719757080078,4216
2019-07-30 00:00:00+02:00,24.35487174987793,24.882415771484375,24.35487174987793,24.35487174987793,1180
2019-07-31 00:00:00+02:00,24.882415771484375,24.882415771484375,24.266948699951172,24.266948699951172,2420
2019-08-01 00:00:00+02:00,24.794490814208984,24.794490814208984,24.266948699951172,24.35487174987793,2019
2019-08-02 00:00:00+02:00,24.794490814208984,24.794490814208984,23.915254592895508,24.44279670715332,6982
2019-08-05 00:00:00+02:00,24.530719757080078,24.530719757080078,24.091100692749023,24.179025650024414,1454
2019-08-06 00:00:00+02:00,24.179025650024414,24.530719757080078,23.827329635620117,24.530719757080078,5310
2019-08-07 00:00:00+02:00,24.44279670715332,24.44279670715332,24.179025650024414,24.44279670715332,3324
2019-08-08 00:00:00+02:00,24.179025650024414,24.530719757080078,24.179025650024414,24.44279670715332,829
2019-08-09 00:00:00+02:00,24.35487174987793,24.35487174987793,24.091100692749023,24.35487174987793,994
2019-08-12 00:00:00+02:00,24.179025650024414,24.35487174987793,24.091100692749023,24.35487174987793,1320
2019-08-13 00:00:00+02:00,24.44279670715332,24.44279670715332,22.94809341430664,24.091100692749023,3275
2019-08-14 00:00:00+02:00,24.44279670715332,24.530719757080078,23.6514835357666,23.915254592895508,131305
2019-08-15 00:00:00+02:00,23.915254592895508,23.915254592895508,23.915254592895508,23.915254592895508,0
2019-08-16 00:00:00+02:00,23.915254592895508,24.530719757080078,23.73940658569336,23.827329635620117,6486
2019-08-19 00:00:00+02:00,23.56355857849121,24.35487174987793,23.475635528564453,23.827329635620117,1974
2019-08-20 00:00:00+02:00,24.35487174987793,24.35487174987793,23.211864471435547,23.475635528564453,2330
2019-08-21 00:00:00+02:00,22.94809341430664,23.827329635620117,22.94809341430664,23.827329635620117,1325
2019-08-22 00:00:00+02:00,24.179025650024414,24.179025650024414,23.6514835357666,24.091100692749023,7304
2019-08-23 00:00:00+02:00,23.73940658569336,24.179025650024414,23.475635528564453,23.475635528564453,700
2019-08-26 00:00:00+02:00,23.475635528564453,24.266948699951172,23.387710571289062,23.475635528564453,2683
2019-08-27 00:00:00+02:00,23.915254592895508,23.915254592895508,23.475635528564453,23.475635528564453,1067
2019-08-28 00:00:00+02:00,23.827329635620117,23.827329635620117,23.123939514160156,23.56355857849121,1570
2019-08-29 00:00:00+02:00,23.299787521362305,23.299787521362305,22.684322357177734,22.684322357177734,3396
2019-08-30 00:00:00+02:00,22.420549392700195,23.299787521362305,21.54131317138672,22.508474349975586,9550
2019-09-02 00:00:00+02:00,22.420549392700195,23.387710571289062,22.332626342773438,22.596397399902344,4880
2019-09-03 00:00:00+02:00,22.94809341430664,23.6514835357666,22.508474349975586,22.508474349975586,3067
2019-09-04 00:00:00+02:00,22.24470329284668,22.684322357177734,22.24470329284668,22.420549392700195,2748
2019-09-05 00:00:00+02:00,22.508474349975586,22.86016845703125,22.24470329284668,22.24470329284668,2862
2019-09-06 00:00:00+02:00,22.508474349975586,22.508474349975586,21.453388214111328,21.453388214111328,3986
2019-09-09 00:00:00+02:00,21.277542114257812,22.508474349975586,20.486228942871094,21.101694107055664,6431
2019-09-10 00:00:00+02:00,21.36546516418457,21.980932235717773,20.925846099853516,21.980932235717773,3173
2019-09-11 00:00:00+02:00,21.980932235717773,22.420549392700195,21.629236221313477,22.420549392700195,2199
2019-09-12 00:00:00+02:00,22.508474349975586,22.508474349975586,21.980932235717773,21.980932235717773,1213
2019-09-13 00:00:00+02:00,22.508474349975586,22.772245407104492,22.06885528564453,22.772245407104492,2780
2019-09-16 00:00:00+02:00,22.86016845703125,23.56355857849121,22.508474349975586,23.56355857849121,2634
2019-09-17 00:00:00+02:00,23.6514835357666,23.915254592895508,22.94809341430664,23.73940658569336,2825
2019-09-18 00:00:00+02:00,24.003177642822266,24.091100692749023,23.475635528564453,24.091100692749023,1822
2019-09-19 00:00:00+02:00,24.091100692749023,24.091100692749023,23.73940658569336,23.915254592895508,358
2019-09-20 00:00:00+02:00,23.73940658569336,23.73940658569336,23.211864471435547,23.56355857849121,1111
2019-09-23 00:00:00+02:00,23.73940658569336,24.091100692749023,22.684322357177734,22.772245407104492,2909
2019-09-24 00:00:00+02:00,22.86016845703125,23.827329635620117,22.332626342773438,22.420549392700195,2295
2019-09-25 00:00:00+02:00,22.596397399902344,22.684322357177734,21.980932235717773,22.596397399902344,74875
2019-09-26 00:00:00+02:00,23.211864471435547,23.211864471435547,22.508474349975586,22.508474349975586,14062
2019-09-27 00:00:00+02:00,22.86016845703125,22.86016845703125,22.24470329284668,22.684322357177734,1957
2019-09-30 00:00:00+02:00,21.980932235717773,22.86016845703125,21.805084228515625,22.86016845703125,1395
2019-10-01 00:00:00+02:00,22.596397399902344,23.211864471435547,21.893007278442383,22.684322357177734,2123
2019-10-02 00:00:00+02:00,21.980932235717773,22.596397399902344,21.453388214111328,21.805084228515625,4732
2019-10-03 00:00:00+02:00,21.805084228515625,22.24470329284668,21.629236221313477,22.15677833557129,17890
2019-10-04 00:00:00+02:00,22.24470329284668,22.24470329284668,21.54131317138672,22.15677833557129,1396
2019-10-07 00:00:00+02:00,21.629236221313477,22.772245407104492,21.36546516418457,21.629236221313477,1940
2019-10-08 00:00:00+02:00,21.717161178588867,21.893007278442383,21.54131317138672,21.893007278442383,2883
2019-10-09 00:00:00+02:00,22.332626342773438,22.332626342773438,21.54131317138672,22.15677833557129,6667
2019-10-10 00:00:00+02:00,22.15677833557129,22.15677833557129,21.629236221313477,22.15677833557129,3644
2019-10-11 00:00:00+02:00,21.629236221313477,22.596397399902344,21.629236221313477,22.596397399902344,632
2019-10-14 00:00:00+02:00,21.629236221313477,22.332626342773438,21.629236221313477,22.332626342773438,610
2019-10-15 00:00:00+02:00,22.24470329284668,22.24470329284668,21.980932235717773,21.980932235717773,119
2019-10-16 00:00:00+02:00,22.24470329284668,22.86016845703125,21.805084228515625,22.332626342773438,921
2019-10-17 00:00:00+02:00,22.86016845703125,22.86016845703125,22.06885528564453,22.24470329284668,843
2019-10-18 00:00:00+02:00,22.332626342773438,22.596397399902344,22.06885528564453,22.06885528564453,834
2019-10-21 00:00:00+02:00,21.980932235717773,22.86016845703125,21.980932235717773,22.86016845703125,733
2019-10-22 00:00:00+02:00,22.86016845703125,22.86016845703125,22.15677833557129,22.86016845703125,3418
2019-10-23 00:00:00+02:00,22.86016845703125,23.211864471435547,22.24470329284668,23.211864471435547,4306
2019-10-24 00:00:00+02:00,23.123939514160156,23.123939514160156,22.596397399902344,22.684322357177734,2237
2019-10-25 00:00:00+02:00,22.15677833557129,23.211864471435547,22.15677833557129,22.420549392700195,2735
2019-10-28 00:00:00+01:00,22.420549392700195,22.420549392700195,21.893007278442383,22.24470329284668,2077
2019-10-29 00:00:00+01:00,22.15677833557129,22.15677833557129,21.54131317138672,21.629236221313477,3273
2019-10-30 00:00:00+01:00,22.86016845703125,22.86016845703125,21.893007278442383,21.893007278442383,2830
2019-10-31 00:00:00+01:00,22.06885528564453,22.86016845703125,22.06885528564453,22.24470329284668,2852
2019-11-01 00:00:00+01:00,22.24470329284668,22.24470329284668,22.24470329284668,22.24470329284668,0
2019-11-04 00:00:00+01:00,22.24470329284668,22.772245407104492,22.24470329284668,22.508474349975586,1070
2019-11-05 00:00:00+01:00,22.332626342773438,22.772245407104492,22.332626342773438,22.508474349975586,2632
2019-11-06 00:00:00+01:00,22.772245407104492,22.86016845703125,22.508474349975586,22.86016845703125,660
2019-11-07 00:00:00+01:00,22.86016845703125,23.6514835357666,22.86016845703125,23.6514835357666,4376
2019-11-08 00:00:00+01:00,23.6514835357666,23.73940658569336,23.475635528564453,23.6514835357666,2147
2019-11-11 00:00:00+01:00,23.6514835357666,23.6514835357666,23.6514835357666,23.6514835357666,0
2019-11-12 00:00:00+01:00,23.6514835357666,23.73940658569336,23.387710571289062,23.73940658569336,923
2019-11-13 00:00:00+01:00,23.73940658569336,23.73940658569336,23.387710571289062,23.73940658569336,2069
2019-11-14 00:00:00+01:00,23.73940658569336,24.44279670715332,23.299787521362305,24.44279670715332,61601
2019-11-15 00:00:00+01:00,24.61864471435547,24.61864471435547,23.56355857849121,23.56355857849121,2670
2019-11-18 00:00:00+01:00,24.179025650024414,24.794490814208984,23.73940658569336,23.73940658569336,13589
2019-11-19 00:00:00+01:00,23.73940658569336,24.61864471435547,23.73940658569336,23.73940658569336,1509
2019-11-20 00:00:00+01:00,24.179025650024414,24.179025650024414,22.86016845703125,23.387710571289062,3710
2019-11-21 00:00:00+01:00,23.56355857849121,23.56355857849121,22.86016845703125,23.123939514160156,354
2019-11-22 00:00:00+01:00,23.56355857849121,23.56355857849121,22.24470329284668,22.420549392700195,4300
2019-11-25 00:00:00+01:00,22.420549392700195,23.123939514160156,21.805084228515625,22.420549392700195,10081
2019-11-26 00:00:00+01:00,22.596397399902344,22.684322357177734,21.980932235717773,22.420549392700195,6701
2019-11-27 00:00:00+01:00,22.684322357177734,23.0360164642334,22.420549392700195,23.0360164642334,2269
2019-11-28 00:00:00+01:00,23.0360164642334,23.0360164642334,22.508474349975586,23.0360164642334,1893
2019-11-29 00:00:00+01:00,22.772245407104492,23.0360164642334,22.508474349975586,22.596397399902344,128
2019-12-02 00:00:00+01:00,22.596397399902344,22.86016845703125,22.06885528564453,22.86016845703125,3902
2019-12-03 00:00:00+01:00,22.86016845703125,23.123939514160156,22.508474349975586,22.508474349975586,59350
2019-12-04 00:00:00+01:00,22.94809341430664,23.123939514160156,22.596397399902344,22.596397399902344,2123
2019-12-05 00:00:00+01:00,22.332626342773438,24.003177642822266,22.332626342773438,24.003177642822266,2198
2019-12-06 00:00:00+01:00,23.73940658569336,23.73940658569336,23.123939514160156,23.299787521362305,5734
2019-12-09 00:00:00+01:00,22.86016845703125,23.915254592895508,22.86016845703125,23.6514835357666,791
2019-12-10 00:00:00+01:00,23.299787521362305,23.6514835357666,23.299787521362305,23.475635528564453,1783
2019-12-11 00:00:00+01:00,23.6514835357666,23.6514835357666,23.0360164642334,23.56355857849121,435753
2019-12-12 00:00:00+01:00,23.6514835357666,23.915254592895508,23.299787521362305,23.6514835357666,898
2019-12-13 00:00:00+01:00,23.387710571289062,23.827329635620117,23.387710571289062,23.6514835357666,2114
2019-12-16 00:00:00+01:00,24.003177642822266,24.266948699951172,23.73940658569336,23.73940658569336,16570
2019-12-17 00:00:00+01:00,23.387710571289062,24.266948699951172,23.387710571289062,23.56355857849121,1852
2019-12-18 00:00:00+01:00,23.73940658569336,24.266948699951172,23.6514835357666,23.827329635620117,4563
2019-12-19 00:00:00+01:00,23.73940658569336,24.266948699951172,23.56355857849121,24.266948699951172,12796
2019-12-20 00:00:00+01:00,24.091100692749023,24.530719757080078,23.73940658569336,23.73940658569336,10089
2019-12-23 00:00:00+01:00,23.475635528564453,23.827329635620117,23.475635528564453,23.56355857849121,2857
2019-12-24 00:00:00+01:00,23.56355857849121,23.56355857849121,23.56355857849121,23.56355857849121,0
2019-12-25 00:00:00+01:00,23.56355857849121,23.56355857849121,23.56355857849121,23.56355857849121,0
2019-12-26 00:00:00+01:00,23.56355857849121,23.56355857849121,23.56355857849121,23.56355857849121,0
2019-12-27 00:00:00+01:00,23.475635528564453,24.003177642822266,23.475635528564453,23.73940658569336,997
2019-12-30 00:00:00+01:00,23.6514835357666,23.827329635620117,23.211864471435547,23.6514835357666,3067
2019-12-31 00:00:00+01:00,23.6514835357666,23.6514835357666,23.6514835357666,23.6514835357666,0
2020-01-01 00:00:00+01:00,23.6514835357666,23.6514835357666,23.6514835357666,23.6514835357666,0
2020-01-02 00:00:00+01:00,23.6514835357666,23.827329635620117,23.0360164642334,23.73940658569336,2200
2020-01-03 00:00:00+01:00,23.475635528564453,24.266948699951172,23.123939514160156,24.266948699951172,418
2020-01-06 00:00:00+01:00,24.266948699951172,24.266948699951172,24.266948699951172,24.266948699951172,0
2020-01-07 00:00:00+01:00,23.73940658569336,24.179025650024414,23.73940658569336,23.915254592895508,4064
2020-01-08 00:00:00+01:00,24.091100692749023,24.091100692749023,22.420549392700195,23.211864471435547,7793
2020-01-09 00:00:00+01:00,22.684322357177734,23.915254592895508,22.684322357177734,23.123939514160156,799
2020-01-10 00:00:00+01:00,23.211864471435547,23.475635528564453,22.684322357177734,22.684322357177734,3520
2020-01-13 00:00:00+01:00,22.684322357177734,23.211864471435547,22.508474349975586,23.211864471435547,2002
2020-01-14 00:00:00+01:00,22.684322357177734,23.299787521362305,22.684322357177734,23.211864471435547,2581
2020-01-15 00:00:00+01:00,23.475635528564453,23.475635528564453,22.596397399902344,23.0360164642334,1617
2020-01-16 00:00:00+01:00,22.684322357177734,23.915254592895508,22.684322357177734,23.299787521362305,1900
2020-01-17 00:00:00+01:00,23.0360164642334,23.73940658569336,23.0360164642334,23.73940658569336,61678
2020-01-20 00:00:00+01:00,23.73940658569336,23.73940658569336,23.299787521362305,23.387710571289062,2314
2020-01-21 00:00:00+01:00,23.211864471435547,24.179025650024414,23.211864471435547,24.179025650024414,103739
2020-01-22 00:00:00+01:00,24.003177642822266,24.091100692749023,23.73940658569336,23.73940658569336,2286
2020-01-23 00:00:00+01:00,24.003177642822266,24.091100692749023,23.387710571289062,23.73940658569336,8751
2020-01-24 00:00:00+01:00,24.003177642822266,24.003177642822266,23.6514835357666,23.6514835357666,4982
2020-01-27 00:00:00+01:00,23.387710571289062,24.091100692749023,22.596397399902344,22.596397399902344,13864
2020-01-28 00:00:00+01:00,22.684322357177734,23.73940658569336,22.684322357177734,23.73940658569336,2918
2020-01-29 00:00:00+01:00,23.73940658569336,23.73940658569336,23.56355857849121,23.73940658569336,1998
2020-01-30 00:00:00+01:00,24.003177642822266,24.003177642822266,23.211864471435547,23.915254592895508,4252
2020-01-31 00:00:00+01:00,23.56355857849121,23.73940658569336,23.211864471435547,23.211864471435547,578
2020-02-03 00:00:00+01:00,23.211864471435547,23.73940658569336,23.211864471435547,23.73940658569336,2324
2020-02-04 00:00:00+01:00,23.915254592895508,23.915254592895508,23.6514835357666,23.73940658569336,1855
2020-02-05 00:00:00+01:00,23.56355857849121,23.915254592895508,23.299787521362305,23.387710571289062,3762
2020-02-06 00:00:00+01:00,23.387710571289062,23.915254592895508,23.387710571289062,23.56355857849121,50903
2020-02-07 00:00:00+01:00,23.56355857849121,23.915254592895508,23.56355857849121,23.915254592895508,2916
2020-02-10 00:00:00+01:00,23.915254592895508,26.025423049926758,23.73940658569336,25.23410987854004,22337
2020-02-11 00:00:00+01:00,25.14618682861328,25.849576950073242,25.05826187133789,25.409957885742188,13782
2020-02-12 00:00:00+01:00,25.673728942871094,25.673728942871094,25.409957885742188,25.585805892944336,34449
2020-02-13 00:00:00+01:00,25.585805892944336,25.673728942871094,25.497880935668945,25.497880935668945,4356
2020-02-14 00:00:00+01:00,25.673728942871094,26.640888214111328,25.673728942871094,26.55296516418457,15159
2020-02-17 00:00:00+01:00,26.640888214111328,27.959745407104492,26.640888214111328,27.783897399902344,12821
2020-02-18 00:00:00+01:00,27.871822357177734,28.663135528564453,27.695974349975586,28.575210571289062,25346
2020-02-19 00:00:00+01:00,28.663135528564453,28.663135528564453,28.399364471435547,28.575210571289062,2987
2020-02-20 00:00:00+01:00,28.575210571289062,29.014829635620117,28.575210571289062,28.8389835357666,3374
2020-02-21 00:00:00+01:00,28.663135528564453,28.8389835357666,28.04766845703125,28.04766845703125,4174
2020-02-24 00:00:00+01:00,27.25635528564453,27.25635528564453,25.585805892944336,25.76165199279785,23928
2020-02-25 00:00:00+01:00,26.025423049926758,26.377117156982422,25.05826187133789,25.9375,8513
2020-02-26 00:00:00+01:00,25.497880935668945,26.72881317138672,25.409957885742188,26.72881317138672,5972
2020-02-27 00:00:00+01:00,26.640888214111328,26.72881317138672,25.05826187133789,25.409957885742188,6619
2020-02-28 00:00:00+01:00,24.091100692749023,24.970338821411133,24.091100692749023,24.794490814208984,11983
2020-03-02 00:00:00+01:00,25.497880935668945,26.289194107055664,25.497880935668945,26.113346099853516,4228
2020-03-03 00:00:00+01:00,26.289194107055664,26.377117156982422,25.673728942871094,25.673728942871094,4146
2020-03-04 00:00:00+01:00,25.673728942871094,26.113346099853516,25.585805892944336,26.113346099853516,2639
2020-03-05 00:00:00+01:00,25.673728942871094,26.55296516418457,25.673728942871094,25.76165199279785,3990
2020-03-06 00:00:00+01:00,26.465042114257812,26.465042114257812,25.497880935668945,26.201271057128906,5201
2020-03-09 00:00:00+01:00,25.673728942871094,25.673728942871094,24.179025650024414,25.497880935668945,9516
2020-03-10 00:00:00+01:00,25.05826187133789,26.289194107055664,24.530719757080078,24.530719757080078,2748
2020-03-11 00:00:00+01:00,24.530719757080078,24.970338821411133,21.101694107055664,21.54131317138672,18636
2020-03-12 00:00:00+01:00,20.222457885742188,20.662076950073242,17.584745407104492,17.584745407104492,10676
2020-03-13 00:00:00+01:00,17.67266845703125,21.805084228515625,17.67266845703125,21.805084228515625,19513
2020-03-16 00:00:00+01:00,21.805084228515625,23.73940658569336,19.694915771484375,23.73940658569336,29045
2020-03-17 00:00:00+01:00,24.179025650024414,24.61864471435547,22.86016845703125,24.35487174987793,6721
2020-03-18 00:00:00+01:00,24.44279670715332,25.05826187133789,24.266948699951172,24.44279670715332,11593
2020-03-19 00:00:00+01:00,24.44279670715332,24.44279670715332,23.0360164642334,23.0360164642334,7325
2020-03-20 00:00:00+01:00,23.123939514160156,24.44279670715332,22.06885528564453,22.06885528564453,2625
2020-03-23 00:00:00+01:00,21.980932235717773,23.299787521362305,21.189617156982422,23.299787521362305,4280
2020-03-24 00:00:00+01:00,23.299787521362305,24.091100692749023,22.772245407104492,23.73940658569336,2787
2020-03-25 00:00:00+01:00,24.179025650024414,24.179025650024414,22.684322357177734,22.684322357177734,4139
2020-03-26 00:00:00+01:00,22.772245407104492,23.73940658569336,22.15677833557129,22.86016845703125,1198
2020-03-27 00:00:00+01:00,23.123939514160156,23.73940658569336,21.980932235717773,21.980932235717773,1711
2020-03-30 00:00:00+02:00,22.420549392700195,23.56355857849121,21.980932235717773,22.06885528564453,2287
2020-03-31 00:00:00+02:00,22.06885528564453,22.772245407104492,21.980932235717773,21.980932235717773,2900
2020-04-01 00:00:00+02:00,21.54131317138672,22.420549392700195,21.36546516418457,21.453388214111328,7944
2020-04-02 00:00:00+02:00,22.684322357177734,22.684322357177734,21.980932235717773,21.980932235717773,1297
2020-04-03 00:00:00+02:00,21.980932235717773,22.684322357177734,21.277542114257812,22.684322357177734,6068
2020-04-06 00:00:00+02:00,22.684322357177734,22.684322357177734,21.629236221313477,22.06885528564453,3779
2020-04-07 00:00:00+02:00,22.06885528564453,22.684322357177734,21.629236221313477,22.332626342773438,4911
2020-04-08 00:00:00+02:00,22.332626342773438,22.332626342773438,21.453388214111328,21.893007278442383,1191
2020-04-09 00:00:00+02:00,21.805084228515625,22.332626342773438,21.453388214111328,21.54131317138672,12143
2020-04-10 00:00:00+02:00,21.54131317138672,21.54131317138672,21.54131317138672,21.54131317138672,0
2020-04-13 00:00:00+02:00,21.54131317138672,21.54131317138672,21.54131317138672,21.54131317138672,0
2020-04-14 00:00:00+02:00,21.980932235717773,22.332626342773438,21.54131317138672,22.06885528564453,27746
2020-04-15 00:00:00+02:00,22.06885528564453,23.211864471435547,21.893007278442383,23.211864471435547,19590
2020-04-16 00:00:00+02:00,23.211864471435547,24.091100692749023,22.420549392700195,23.827329635620117,11625
2020-04-17 00:00:00+02:00,24.091100692749023,25.322032928466797,24.003177642822266,24.44279670715332,9313
2020-04-20 00:00:00+02:00,24.44279670715332,24.61864471435547,23.299787521362305,23.73940658569336,3945
2020-04-21 00:00:00+02:00,23.123939514160156,24.003177642822266,21.36546516418457,23.915254592895508,18562
2020-04-22 00:00:00+02:00,23.73940658569336,25.322032928466797,23.475635528564453,25.23410987854004,12240
2020-04-23 00:00:00+02:00,25.23410987854004,25.497880935668945,24.44279670715332,24.882415771484375,2196
2020-04-24 00:00:00+02:00,24.882415771484375,24.882415771484375,24.179025650024414,24.794490814208984,552
2020-04-27 00:00:00+02:00,24.794490814208984,25.497880935668945,24.179025650024414,25.05826187133789,2877
2020-04-28 00:00:00+02:00,24.266948699951172,25.409957885742188,24.266948699951172,25.322032928466797,959
2020-04-29 00:00:00+02:00,25.409957885742188,25.409957885742188,24.44279670715332,24.61864471435547,2523
2020-04-30 00:00:00+02:00,24.61864471435547,25.409957885742188,24.61864471435547,25.409957885742188,442
2020-05-01 00:00:00+02:00,25.409957885742188,25.409957885742188,25.409957885742188,25.409957885742188,0
2020-05-04 00:00:00+02:00,24.61864471435547,25.409957885742188,24.61864471435547,25.409957885742188,3422
2020-05-05 00:00:00+02:00,25.497880935668945,25.497880935668945,24.61864471435547,24.882415771484375,1745
2020-05-06 00:00:00+02:00,24.970338821411133,25.409957885742188,24.970338821411133,25.05826187133789,3103
2020-05-07 00:00:00+02:00,25.05826187133789,25.322032928466797,24.794490814208984,25.14618682861328,1485
2020-05-08 00:00:00+02:00,25.322032928466797,25.497880935668945,24.794490814208984,24.882415771484375,2715
2020-05-11 00:00:00+02:00,25.05826187133789,25.497880935668945,25.05826187133789,25.14618682861328,4101
2020-05-12 00:00:00+02:00,25.05826187133789,26.289194107055664,25.05826187133789,26.289194107055664,4541
2020-05-13 00:00:00+02:00,26.377117156982422,26.992584228515625,25.9375,25.9375,3408
2020-05-14 00:00:00+02:00,25.673728942871094,26.289194107055664,24.35487174987793,24.530719757080078,4724
2020-05-15 00:00:00+02:00,24.706567764282227,26.289194107055664,24.44279670715332,25.849576950073242,8490
2020-05-18 00:00:00+02:00,26.289194107055664,27.959745407104492,26.201271057128906,27.25635528564453,17932
2020-05-19 00:00:00+02:00,27.783897399902344,28.13559341430664,27.608049392700195,27.959745407104492,352293
2020-05-20 00:00:00+02:00,27.959745407104492,28.04766845703125,27.783897399902344,27.959745407104492,3786
2020-05-21 00:00:00+02:00,27.959745407104492,28.04766845703125,27.080507278442383,27.25635528564453,2929
2020-05-22 00:00:00+02:00,27.080507278442383,27.783897399902344,26.377117156982422,27.25635528564453,4952
2020-05-25 00:00:00+02:00,27.25635528564453,28.13559341430664,27.25635528564453,27.871822357177734,8905
2020-05-26 00:00:00+02:00,27.080507278442383,28.575210571289062,27.080507278442383,27.959745407104492,2638
2020-05-27 00:00:00+02:00,28.487287521362305,28.487287521362305,27.34427833557129,27.695974349975586,3360
2020-05-28 00:00:00+02:00,27.25635528564453,27.959745407104492,26.904661178588867,27.695974349975586,5954
2020-05-29 00:00:00+02:00,26.904661178588867,27.783897399902344,26.904661178588867,27.520126342773438,1111
2020-06-01 00:00:00+02:00,27.871822357177734,28.13559341430664,27.695974349975586,27.871822357177734,5541
2020-06-02 00:00:00+02:00,28.13559341430664,28.13559341430664,27.43220329284668,27.520126342773438,6407
2020-06-03 00:00:00+02:00,28.13559341430664,28.13559341430664,27.25635528564453,27.520126342773438,6168
2020-06-04 00:00:00+02:00,27.520126342773438,28.04766845703125,26.992584228515625,26.992584228515625,7695
2020-06-05 00:00:00+02:00,26.992584228515625,27.43220329284668,26.992584228515625,27.080507278442383,2568
2020-06-08 00:00:00+02:00,27.080507278442383,27.168432235717773,26.377117156982422,26.377117156982422,39997
2020-06-09 00:00:00+02:00,26.640888214111328,26.640888214111328,25.05826187133789,26.025423049926758,21864
2020-06-10 00:00:00+02:00,26.201271057128906,26.377117156982422,25.849576950073242,25.849576950073242,5396
2020-06-11 00:00:00+02:00,25.849576950073242,25.849576950073242,25.849576950073242,25.849576950073242,0
2020-06-12 00:00:00+02:00,25.497880935668945,26.377117156982422,25.05826187133789,25.9375,3451
2020-06-15 00:00:00+02:00,26.289194107055664,26.465042114257812,25.76165199279785,26.377117156982422,4815
2020-06-16 00:00:00+02:00,26.72881317138672,27.695974349975586,26.72881317138672,27.25635528564453,3458
2020-06-17 00:00:00+02:00,27.25635528564453,27.608049392700195,26.816736221313477,26.816736221313477,1322
2020-06-18 00:00:00+02:00,26.377117156982422,27.608049392700195,26.377117156982422,27.608049392700195,4373
2020-06-19 00:00:00+02:00,27.695974349975586,28.487287521362305,27.25635528564453,27.520126342773438,5644
2020-06-22 00:00:00+02:00,28.487287521362305,29.54237174987793,27.695974349975586,29.366525650024414,11983
2020-06-23 00:00:00+02:00,29.63029670715332,30.773305892944336,29.454448699951172,30.773305892944336,11224
2020-06-24 00:00:00+02:00,30.94915199279785,31.212923049926758,29.54237174987793,30.24576187133789,8233
2020-06-25 00:00:00+02:00,30.685380935668945,31.212923049926758,29.894067764282227,29.894067764282227,13106
2020-06-26 00:00:00+02:00,30.94915199279785,30.94915199279785,29.014829635620117,29.454448699951172,3520
2020-06-29 00:00:00+02:00,28.92690658569336,29.894067764282227,28.8389835357666,29.278600692749023,1720
2020-06-30 00:00:00+02:00,31.037076950073242,32.35593032836914,28.92690658569336,28.92690658569336,27298
2020-07-01 00:00:00+02:00,29.718219757080078,31.828388214111328,28.92690658569336,31.476694107055664,19028
2020-07-02 00:00:00+02:00,31.828388214111328,32.971397399902344,31.828388214111328,32.971397399902344,137738
2020-07-03 00:00:00+02:00,33.23516845703125,36.400421142578125,32.971397399902344,36.400421142578125,24042
2020-07-06 00:00:00+02:00,37.80720138549805,43.61016845703125,37.80720138549805,41.236228942871094,30147
2020-07-07 00:00:00+02:00,43.873939514160156,48.18220138549805,41.236228942871094,41.236228942871094,76942
2020-07-08 00:00:00+02:00,41.1483039855957,43.78601837158203,37.98305130004883,43.78601837158203,33731
2020-07-09 00:00:00+02:00,44.48940658569336,44.48940658569336,40.70868682861328,42.29131317138672,11914
2020-07-10 00:00:00+02:00,42.643009185791016,42.643009185791016,41.5,42.37923812866211,4301
2020-07-13 00:00:00+02:00,45.720340728759766,46.59957504272461,43.08262634277344,43.08262634277344,35815
2020-07-14 00:00:00+02:00,44.48940658569336,44.841102600097656,40.70868682861328,41.324153900146484,18326
2020-07-15 00:00:00+02:00,43.434322357177734,43.434322357177734,40.97245788574219,41.324153900146484,18820
2020-07-16 00:00:00+02:00,41.41207504272461,41.587921142578125,40.09321975708008,40.356990814208984,9750
2020-07-17 00:00:00+02:00,40.18114471435547,40.356990814208984,38.42266845703125,38.95021057128906,16898
2020-07-20 00:00:00+02:00,39.565677642822266,40.09321975708008,37.89512634277344,38.33474349975586,19261
2020-07-21 00:00:00+02:00,38.33474349975586,40.269065856933594,36.048728942871094,39.126060485839844,42283
2020-07-22 00:00:00+02:00,39.91737365722656,39.91737365722656,37.80720138549805,37.89512634277344,14205
2020-07-23 00:00:00+02:00,37.80720138549805,37.80720138549805,36.400421142578125,36.75211715698242,14465
2020-07-24 00:00:00+02:00,36.9279670715332,36.9279670715332,36.048728942871094,36.22457504272461,8362
2020-07-27 00:00:00+02:00,36.22457504272461,37.01588821411133,35.52118682861328,36.9279670715332,13267
2020-07-28 00:00:00+02:00,37.80720138549805,39.126060485839844,37.455509185791016,38.59851837158203,25185
2020-07-29 00:00:00+02:00,39.565677642822266,39.565677642822266,37.80720138549805,38.59851837158203,19580
2020-07-30 00:00:00+02:00,38.77436447143555,39.21398162841797,34.90571975708008,34.90571975708008,23829
2020-07-31 00:00:00+02:00,34.378177642822266,36.75211715698242,34.290252685546875,35.52118682861328,13507
2020-08-03 00:00:00+02:00,35.52118682861328,38.77436447143555,35.52118682861328,38.77436447143555,10260
2020-08-04 00:00:00+02:00,39.21398162841797,39.21398162841797,37.63135528564453,39.126060485839844,8499
2020-08-05 00:00:00+02:00,39.38983154296875,40.00529479980469,38.686439514160156,39.126060485839844,5798
2020-08-06 00:00:00+02:00,39.126060485839844,39.653602600097656,37.89512634277344,37.98305130004883,4523
2020-08-07 00:00:00+02:00,38.686439514160156,38.686439514160156,36.488346099853516,37.367584228515625,8077
2020-08-10 00:00:00+02:00,37.19173812866211,38.51059341430664,37.19173812866211,37.98305130004883,2274
2020-08-11 00:00:00+02:00,38.246822357177734,38.42266845703125,36.22457504272461,36.84004211425781,5195
2020-08-12 00:00:00+02:00,36.84004211425781,37.98305130004883,36.3125,36.576271057128906,4157
2020-08-13 00:00:00+02:00,37.80720138549805,39.565677642822266,37.80720138549805,39.477752685546875,12392
2020-08-14 00:00:00+02:00,39.565677642822266,42.643009185791016,39.477752685546875,41.587921142578125,19516
2020-08-17 00:00:00+02:00,42.99470138549805,43.434322357177734,40.97245788574219,42.90678024291992,16583
2020-08-18 00:00:00+02:00,42.90678024291992,42.90678024291992,41.324153900146484,42.1154670715332,8969
2020-08-19 00:00:00+02:00,42.37923812866211,42.37923812866211,41.5,41.5,8320
2020-08-20 00:00:00+02:00,41.5,41.5,39.126060485839844,40.09321975708008,8753
2020-08-21 00:00:00+02:00,40.18114471435547,40.18114471435547,39.126060485839844,39.30190658569336,3441
2020-08-24 00:00:00+02:00,40.00529479980469,42.20338821411133,40.00529479980469,40.8845329284668,4073
2020-08-25 00:00:00+02:00,41.763771057128906,41.763771057128906,41.06038284301758,41.06038284301758,2175
2020-08-26 00:00:00+02:00,41.236228942871094,41.236228942871094,40.269065856933594,40.444915771484375,896
2020-08-27 00:00:00+02:00,40.269065856933594,41.236228942871094,40.18114471435547,40.62076187133789,727
2020-08-28 00:00:00+02:00,40.8845329284668,41.93961715698242,40.62076187133789,41.324153900146484,2609
2020-08-31 00:00:00+02:00,41.324153900146484,41.8516960144043,41.324153900146484,41.587921142578125,2822
2020-09-01 00:00:00+02:00,41.587921142578125,41.763771057128906,40.8845329284668,41.06038284301758,5820
2020-09-02 00:00:00+02:00,40.8845329284668,41.93961715698242,40.8845329284668,41.93961715698242,5273
2020-09-03 00:00:00+02:00,41.93961715698242,43.17055130004883,41.763771057128906,42.81885528564453,9759
2020-09-04 00:00:00+02:00,42.29131317138672,42.37923812866211,40.09321975708008,40.8845329284668,9487
2020-09-07 00:00:00+02:00,40.8845329284668,41.324153900146484,40.62076187133789,40.62076187133789,5129
2020-09-08 00:00:00+02:00,40.532840728759766,41.236228942871094,36.75211715698242,38.77436447143555,17279
2020-09-09 00:00:00+02:00,38.77436447143555,42.643009185791016,38.33474349975586,42.643009185791016,11101
2020-09-10 00:00:00+02:00,42.20338821411133,42.20338821411133,40.00529479980469,42.02754211425781,5590
2020-09-11 00:00:00+02:00,42.1154670715332,42.1154670715332,41.1483039855957,41.1483039855957,1976
2020-09-14 00:00:00+02:00,40.444915771484375,41.8516960144043,40.444915771484375,40.97245788574219,1443
2020-09-15 00:00:00+02:00,41.06038284301758,41.763771057128906,40.444915771484375,41.5,3671
2020-09-16 00:00:00+02:00,40.532840728759766,41.675846099853516,40.444915771484375,40.532840728759766,3321
2020-09-17 00:00:00+02:00,40.532840728759766,41.06038284301758,39.74152374267578,39.82944869995117,1100
2020-09-18 00:00:00+02:00,39.653602600097656,40.18114471435547,39.653602600097656,40.09321975708008,1268
2020-09-21 00:00:00+02:00,40.00529479980469,40.18114471435547,39.38983154296875,39.477752685546875,2664
2020-09-22 00:00:00+02:00,39.03813552856445,41.324153900146484,39.03813552856445,40.09321975708008,5115
2020-09-23 00:00:00+02:00,40.09321975708008,40.09321975708008,39.126060485839844,39.38983154296875,2511
2020-09-24 00:00:00+02:00,39.38983154296875,39.565677642822266,39.126060485839844,39.21398162841797,2339
2020-09-25 00:00:00+02:00,39.126060485839844,39.653602600097656,39.126060485839844,39.38983154296875,2400
2020-09-28 00:00:00+02:00,39.03813552856445,40.269065856933594,39.03813552856445,39.477752685546875,9130
2020-09-29 00:00:00+02:00,39.565677642822266,42.02754211425781,39.21398162841797,41.8516960144043,234994
2020-09-30 00:00:00+02:00,41.763771057128906,41.763771057128906,39.653602600097656,40.70868682861328,4242
2020-10-01 00:00:00+02:00,41.1483039855957,43.61016845703125,41.1483039855957,42.90678024291992,12922
2020-10-02 00:00:00+02:00,42.73093032836914,42.99470138549805,40.97245788574219,42.29131317138672,5643
2020-10-05 00:00:00+02:00,42.29131317138672,43.61016845703125,41.763771057128906,43.61016845703125,7905
2020-10-06 00:00:00+02:00,43.08262634277344,43.61016845703125,42.37923812866211,42.37923812866211,8351
2020-10-07 00:00:00+02:00,42.20338821411133,43.08262634277344,41.1483039855957,41.675846099853516,4424
2020-10-08 00:00:00+02:00,41.587921142578125,42.20338821411133,40.97245788574219,40.97245788574219,4196
2020-10-09 00:00:00+02:00,40.97245788574219,42.1154670715332,39.653602600097656,41.1483039855957,4309
2020-10-12 00:00:00+02:00,40.444915771484375,42.90678024291992,40.444915771484375,42.37923812866211,2379
2020-10-13 00:00:00+02:00,41.5,42.643009185791016,41.236228942871094,41.236228942871094,3619
2020-10-14 00:00:00+02:00,40.62076187133789,42.81885528564453,40.00529479980469,40.444915771484375,7246
2020-10-15 00:00:00+02:00,40.444915771484375,40.97245788574219,38.07097244262695,40.269065856933594,9592
2020-10-16 00:00:00+02:00,39.82944869995117,41.5,39.82944869995117,40.62076187133789,4197
2020-10-19 00:00:00+02:00,40.70868682861328,42.02754211425781,40.70868682861328,40.8845329284668,1611
2020-10-20 00:00:00+02:00,40.79661178588867,41.93961715698242,40.79661178588867,41.324153900146484,1400
2020-10-21 00:00:00+02:00,41.324153900146484,41.763771057128906,41.06038284301758,41.06038284301758,2221
2020-10-22 00:00:00+02:00,41.06038284301758,41.236228942871094,40.79661178588867,41.1483039855957,3383
2020-10-23 00:00:00+02:00,40.62076187133789,41.1483039855957,39.38983154296875,39.38983154296875,13921
2020-10-26 00:00:00+01:00,39.30190658569336,40.269065856933594,39.21398162841797,39.21398162841797,16161
2020-10-27 00:00:00+01:00,39.03813552856445,40.09321975708008,39.03813552856445,39.477752685546875,2635
2020-10-28 00:00:00+01:00,39.03813552856445,39.21398162841797,36.3125,36.9279670715332,13413
2020-10-29 00:00:00+01:00,37.80720138549805,37.80720138549805,35.345340728759766,37.455509185791016,7663
2020-10-30 00:00:00+01:00,36.400421142578125,37.455509185791016,36.048728942871094,36.84004211425781,4337
2020-11-02 00:00:00+01:00,36.136653900146484,40.09321975708008,36.136653900146484,39.653602600097656,8020
2020-11-03 00:00:00+01:00,39.653602600097656,40.79661178588867,39.653602600097656,40.79661178588867,3555
2020-11-04 00:00:00+01:00,43.69809341430664,47.12711715698242,42.643009185791016,43.96186447143555,88342
2020-11-05 00:00:00+01:00,43.17055130004883,43.873939514160156,42.73093032836914,43.873939514160156,19801
2020-11-06 00:00:00+01:00,44.313560485839844,45.19279479980469,43.873939514160156,44.48940658569336,31275
2020-11-09 00:00:00+01:00,44.665252685546875,45.89618682861328,44.665252685546875,45.89618682861328,10827
2020-11-10 00:00:00+01:00,46.59957504272461,47.47881317138672,45.720340728759766,45.89618682861328,15312
2020-11-11 00:00:00+01:00,45.89618682861328,45.89618682861328,45.89618682861328,45.89618682861328,0
2020-11-12 00:00:00+01:00,46.423728942871094,47.3029670715332,45.89618682861328,46.59957504272461,4659
2020-11-13 00:00:00+01:00,46.775421142578125,46.775421142578125,45.36864471435547,45.720340728759766,3697
2020-11-16 00:00:00+01:00,45.720340728759766,46.0720329284668,44.13771057128906,45.19279479980469,16421
2020-11-17 00:00:00+01:00,44.313560485839844,45.19279479980469,44.313560485839844,44.841102600097656,4848
2020-11-18 00:00:00+01:00,45.01694869995117,45.01694869995117,44.13771057128906,44.313560485839844,5809
2020-11-19 00:00:00+01:00,43.96186447143555,44.841102600097656,43.96186447143555,44.313560485839844,3664
2020-11-20 00:00:00+01:00,44.313560485839844,44.841102600097656,44.13771057128906,44.48940658569336,1348
2020-11-23 00:00:00+01:00,44.48940658569336,45.19279479980469,44.313560485839844,44.48940658569336,24189
2020-11-24 00:00:00+01:00,44.48940658569336,45.36864471435547,44.48940658569336,44.48940658569336,2353
2020-11-25 00:00:00+01:00,43.96186447143555,45.19279479980469,43.96186447143555,44.48940658569336,15182
2020-11-26 00:00:00+01:00,44.48940658569336,44.48940658569336,43.96186447143555,43.96186447143555,3176
2020-11-27 00:00:00+01:00,43.96186447143555,44.665252685546875,43.96186447143555,44.665252685546875,3346
2020-11-30 00:00:00+01:00,44.13771057128906,44.665252685546875,43.96186447143555,44.13771057128906,2853
2020-12-01 00:00:00+01:00,44.313560485839844,44.48940658569336,43.96186447143555,43.96186447143555,4975
2020-12-02 00:00:00+01:00,43.96186447143555,45.36864471435547,43.96186447143555,44.665252685546875,21324
2020-12-03 00:00:00+01:00,45.544490814208984,45.544490814208984,44.13771057128906,44.13771057128906,8223
2020-12-04 00:00:00+01:00,44.841102600097656,44.841102600097656,44.13771057128906,44.48940658569336,5570
2020-12-07 00:00:00+01:00,44.48940658569336,44.841102600097656,44.13771057128906,44.13771057128906,8974
2020-12-08 00:00:00+01:00,44.13771057128906,44.841102600097656,44.13771057128906,44.13771057128906,16749
2020-12-09 00:00:00+01:00,44.13771057128906,46.59957504272461,44.13771057128906,44.313560485839844,7103
2020-12-10 00:00:00+01:00,44.313560485839844,45.720340728759766,44.313560485839844,44.841102600097656,5023
2020-12-11 00:00:00+01:00,45.36864471435547,45.36864471435547,44.48940658569336,44.665252685546875,3503
2020-12-14 00:00:00+01:00,44.665252685546875,45.01694869995117,44.48940658569336,44.48940658569336,2138
2020-12-15 00:00:00+01:00,44.48940658569336,44.841102600097656,44.48940658569336,44.665252685546875,2552
2020-12-16 00:00:00+01:00,44.665252685546875,44.665252685546875,44.13771057128906,44.313560485839844,4696
2020-12-17 00:00:00+01:00,44.313560485839844,44.841102600097656,44.13771057128906,44.313560485839844,3267
2020-12-18 00:00:00+01:00,44.313560485839844,44.665252685546875,43.96186447143555,44.13771057128906,1980
2020-12-21 00:00:00+01:00,44.13771057128906,44.665252685546875,44.13771057128906,44.48940658569336,2245
2020-12-22 00:00:00+01:00,44.48940658569336,44.665252685546875,44.13771057128906,44.313560485839844,1491
2020-12-23 00:00:00+01:00,44.313560485839844,44.48940658569336,44.313560485839844,44.313560485839844,922
2020-12-28 00:00:00+01:00,44.48940658569336,44.665252685546875,44.313560485839844,44.48940658569336,1877
2020-12-29 00:00:00+01:00,45.36864471435547,47.47881317138672,45.36864471435547,47.3029670715332,9033
2020-12-30 00:00:00+01:00,47.47881317138672,48.35805130004883,47.47881317138672,47.654659271240234,6219
2021-01-04 00:00:00+01:00,47.830509185791016,49.940677642822266,47.654659271240234,49.23728942871094,10859
2021-01-05 00:00:00+01:00,49.940677642822266,50.46821975708008,49.23728942871094,50.11652374267578,5188
2021-01-07 00:00:00+01:00,50.46821975708008,51.875,50.29237365722656,50.819915771484375,12035
2021-01-08 00:00:00+01:00,50.46821975708008,51.5233039855957,49.76483154296875,50.29237365722656,5123
2021-01-11 00:00:00+01:00,50.29237365722656,51.875,50.29237365722656,51.34745788574219,6029
2021-01-12 00:00:00+01:00,51.34745788574219,51.875,50.819915771484375,50.819915771484375,9471
2021-01-13 00:00:00+01:00,50.819915771484375,51.5233039855957,49.23728942871094,49.76483154296875,7757
2021-01-14 00:00:00+01:00,49.76483154296875,49.940677642822266,49.23728942871094,49.23728942871094,2358
2021-01-15 00:00:00+01:00,49.940677642822266,50.11652374267578,49.58898162841797,50.11652374267578,574
2021-01-18 00:00:00+01:00,50.11652374267578,50.11652374267578,49.23728942871094,49.41313552856445,1419
2021-01-19 00:00:00+01:00,49.23728942871094,49.940677642822266,48.88559341430664,49.58898162841797,3327
2021-01-20 00:00:00+01:00,49.58898162841797,50.11652374267578,49.41313552856445,50.11652374267578,2362
2021-01-21 00:00:00+01:00,49.58898162841797,50.11652374267578,49.061439514160156,49.940677642822266,2602
2021-01-22 00:00:00+01:00,49.41313552856445,49.940677642822266,48.533897399902344,49.940677642822266,713
2021-01-25 00:00:00+01:00,49.76483154296875,50.11652374267578,49.41313552856445,49.76483154296875,17932
2021-01-26 00:00:00+01:00,49.23728942871094,49.58898162841797,47.47881317138672,47.47881317138672,10893
2021-01-27 00:00:00+01:00,47.3029670715332,49.23728942871094,47.3029670715332,48.35805130004883,18919
2021-01-28 00:00:00+01:00,48.70974349975586,48.88559341430664,48.18220138549805,48.18220138549805,1230
2021-01-29 00:00:00+01:00,48.18220138549805,49.061439514160156,48.18220138549805,49.061439514160156,2204
2021-02-01 00:00:00+01:00,49.061439514160156,49.23728942871094,49.061439514160156,49.23728942871094,10138
2021-02-02 00:00:00+01:00,49.23728942871094,49.23728942871094,49.061439514160156,49.23728942871094,5893
2021-02-03 00:00:00+01:00,49.23728942871094,50.11652374267578,48.88559341430664,50.11652374267578,6311
2021-02-04 00:00:00+01:00,49.23728942871094,50.99576187133789,49.061439514160156,50.99576187133789,14759
2021-02-05 00:00:00+01:00,54.86440658569336,55.39194869995117,54.86440658569336,55.216102600097656,46290
2021-02-08 00:00:00+01:00,55.216102600097656,55.216102600097656,55.040252685546875,55.040252685546875,36090
2021-02-09 00:00:00+01:00,55.040252685546875,55.39194869995117,55.040252685546875,55.216102600097656,23360
2021-02-10 00:00:00+01:00,55.216102600097656,55.216102600097656,55.040252685546875,55.216102600097656,9667
2021-02-11 00:00:00+01:00,55.216102600097656,55.216102600097656,55.040252685546875,55.216102600097656,11327
2021-02-12 00:00:00+01:00,55.040252685546875,55.216102600097656,54.33686447143555,55.040252685546875,20755
2021-02-15 00:00:00+01:00,55.56779479980469,55.74364471435547,55.216102600097656,55.216102600097656,44065
2021-02-16 00:00:00+01:00,55.216102600097656,55.39194869995117,54.16101837158203,54.33686447143555,29170
2021-02-17 00:00:00+01:00,54.688560485839844,55.39194869995117,54.33686447143555,55.216102600097656,16244
2021-02-18 00:00:00+01:00,55.74364471435547,55.74364471435547,55.216102600097656,55.74364471435547,2236
2021-02-19 00:00:00+01:00,55.74364471435547,56.97457504272461,55.39194869995117,55.919490814208984,3012
2021-02-22 00:00:00+01:00,56.97457504272461,56.97457504272461,55.216102600097656,55.39194869995117,3584
2021-02-23 00:00:00+01:00,56.095340728759766,56.095340728759766,55.040252685546875,55.39194869995117,7475
2021-02-24 00:00:00+01:00,55.919490814208984,56.095340728759766,55.216102600097656,55.56779479980469,3037
2021-02-25 00:00:00+01:00,55.74364471435547,55.74364471435547,55.216102600097656,55.216102600097656,2810
2021-02-26 00:00:00+01:00,55.216102600097656,55.39194869995117,55.216102600097656,55.216102600097656,12377
2021-03-01 00:00:00+01:00,55.39194869995117,56.095340728759766,55.040252685546875,55.39194869995117,7178
2021-03-02 00:00:00+01:00,55.39194869995117,55.74364471435547,55.216102600097656,55.56779479980469,11370
2021-03-03 00:00:00+01:00,55.56779479980469,55.56779479980469,55.216102600097656,55.39194869995117,8459
2021-03-04 00:00:00+01:00,55.216102600097656,55.39194869995117,55.216102600097656,55.39194869995117,2049
2021-03-05 00:00:00+01:00,55.040252685546875,55.39194869995117,55.040252685546875,55.216102600097656,2296
2021-03-08 00:00:00+01:00,55.39194869995117,55.39194869995117,55.040252685546875,55.040252685546875,10987
2021-03-09 00:00:00+01:00,55.040252685546875,55.39194869995117,55.040252685546875,55.216102600097656,831
2021-03-10 00:00:00+01:00,55.39194869995117,55.39194869995117,55.040252685546875,55.040252685546875,1388
2021-03-11 00:00:00+01:00,55.39194869995117,55.39194869995117,54.86440658569336,55.39194869995117,1315
2021-03-12 00:00:00+01:00,55.040252685546875,55.216102600097656,54.688560485839844,55.216102600097656,1355
2021-03-15 00:00:00+01:00,55.040252685546875,55.040252685546875,51.5233039855957,54.16101837158203,7172
2021-03-16 00:00:00+01:00,53.63347244262695,54.16101837158203,52.75423812866211,53.63347244262695,1693
2021-03-17 00:00:00+01:00,53.45762634277344,53.45762634277344,52.050846099853516,52.57838821411133,3871
2021-03-18 00:00:00+01:00,52.2266960144043,55.39194869995117,52.2266960144043,55.39194869995117,7479
2021-03-19 00:00:00+01:00,55.216102600097656,65.94279479980469,54.51271057128906,65.94279479980469,51088
2021-03-22 00:00:00+01:00,60.13983154296875,63.305084228515625,57.50211715698242,63.12923812866211,26914
2021-03-23 00:00:00+01:00,63.12923812866211,63.65678024291992,61.8983039855957,63.65678024291992,2948
2021-03-24 00:00:00+01:00,61.8983039855957,64.53601837158203,61.8983039855957,64.53601837158203,1517
2021-03-25 00:00:00+01:00,65.06356048583984,65.94279479980469,64.18431854248047,65.06356048583984,12823
2021-03-26 00:00:00+01:00,65.76695251464844,65.76695251464844,65.2394027709961,65.59110260009766,2002
2021-03-29 00:00:00+02:00,64.53601837158203,66.4703369140625,64.53601837158203,66.29449462890625,2879
2021-03-30 00:00:00+02:00,66.4703369140625,66.82203674316406,65.06356048583984,66.64618682861328,5691
2021-03-31 00:00:00+02:00,67.34957885742188,70.16313171386719,67.34957885742188,69.45974731445312,8041
2021-04-01 00:00:00+02:00,70.33898162841797,72.09745788574219,69.54766845703125,72.09745788574219,11301
2021-04-06 00:00:00+02:00,74.03177642822266,85.28601837158203,72.97669219970703,84.05508422851562,17036
2021-04-07 00:00:00+02:00,84.40677642822266,92.84745788574219,84.40677642822266,84.75847625732422,35330
2021-04-08 00:00:00+02:00,84.75847625732422,89.50635528564453,84.75847625732422,87.9237289428711,33990
2021-04-09 00:00:00+02:00,89.50635528564453,89.68220520019531,80.01058959960938,80.8019027709961,17313
2021-04-12 00:00:00+02:00,80.71398162841797,80.88983154296875,72.71292114257812,75.6144027709961,12645
2021-04-13 00:00:00+02:00,75.6144027709961,75.6144027709961,71.48199462890625,73.24046325683594,3811
2021-04-14 00:00:00+02:00,73.50423431396484,75.08686065673828,68.1408920288086,74.73516845703125,16099
2021-04-15 00:00:00+02:00,78.25212097167969,80.88983154296875,74.03177642822266,77.63665008544922,12420
2021-04-16 00:00:00+02:00,78.7796630859375,79.13135528564453,75.6144027709961,77.63665008544922,3466
2021-04-19 00:00:00+02:00,78.60381317138672,78.60381317138672,76.31779479980469,76.66949462890625,3903
2021-04-20 00:00:00+02:00,74.91101837158203,75.17478942871094,72.09745788574219,73.8559341430664,3206
2021-04-21 00:00:00+02:00,73.8559341430664,73.8559341430664,72.09745788574219,73.50423431396484,2192
2021-04-22 00:00:00+02:00,72.97669219970703,74.38347625732422,71.21822357177734,72.625,1055
2021-04-23 00:00:00+02:00,73.41631317138672,73.41631317138672,70.95445251464844,73.24046325683594,1344
2021-04-26 00:00:00+02:00,72.09745788574219,73.68008422851562,71.6578369140625,72.09745788574219,1858
2021-04-27 00:00:00+02:00,71.3940658569336,72.97669219970703,71.3940658569336,71.74576568603516,4912
2021-04-28 00:00:00+02:00,71.6578369140625,75.6144027709961,71.6578369140625,75.52648162841797,3553
2021-04-29 00:00:00+02:00,76.40572357177734,78.34004211425781,72.09745788574219,73.24046325683594,3048
2021-04-30 00:00:00+02:00,74.38347625732422,76.49364471435547,73.68008422851562,73.68008422851562,788
2021-05-04 00:00:00+02:00,72.09745788574219,74.73516845703125,72.09745788574219,72.53707885742188,2123
2021-05-05 00:00:00+02:00,77.1091079711914,77.1091079711914,72.09745788574219,72.09745788574219,2274
2021-05-06 00:00:00+02:00,73.8559341430664,74.38347625732422,68.58050537109375,69.54766845703125,3937
2021-05-07 00:00:00+02:00,69.63558959960938,72.71292114257812,69.10804748535156,69.45974731445312,1784
2021-05-10 00:00:00+02:00,69.45974731445312,72.625,69.02012634277344,69.89936065673828,1321
2021-05-11 00:00:00+02:00,69.98728942871094,71.9216079711914,69.98728942871094,70.33898162841797,1161
2021-05-12 00:00:00+02:00,71.3940658569336,71.3940658569336,68.58050537109375,68.58050537109375,3501
2021-05-13 00:00:00+02:00,68.58050537109375,70.33898162841797,64.88771057128906,70.07521057128906,5224
2021-05-14 00:00:00+02:00,69.89936065673828,72.00953674316406,66.82203674316406,71.21822357177734,1579
2021-05-17 00:00:00+02:00,71.21822357177734,71.21822357177734,69.45974731445312,69.81143951416016,2049
2021-05-18 00:00:00+02:00,70.77860260009766,71.21822357177734,69.89936065673828,70.33898162841797,1131
2021-05-19 00:00:00+02:00,69.89936065673828,71.9216079711914,67.87712097167969,69.45974731445312,4580
2021-05-20 00:00:00+02:00,68.58050537109375,70.33898162841797,68.1408920288086,68.4046630859375,2072
2021-05-21 00:00:00+02:00,68.1408920288086,69.10804748535156,67.7012710571289,67.78919219970703,1456
2021-05-24 00:00:00+02:00,68.1408920288086,70.25106048583984,67.87712097167969,69.54766845703125,1701
2021-05-25 00:00:00+02:00,69.89936065673828,69.89936065673828,68.31673431396484,68.6684341430664,3986
2021-05-26 00:00:00+02:00,69.89936065673828,69.89936065673828,68.84427642822266,69.81143951416016,672
2021-05-27 00:00:00+02:00,70.16313171386719,70.33898162841797,69.10804748535156,69.45974731445312,1691
2021-05-28 00:00:00+02:00,69.54766845703125,69.81143951416016,68.31673431396484,69.45974731445312,2081
2021-05-31 00:00:00+02:00,69.37181854248047,69.37181854248047,66.03072357177734,66.55826568603516,7317
2021-06-01 00:00:00+02:00,65.15148162841797,65.32733154296875,61.72245788574219,61.72245788574219,11050
2021-06-02 00:00:00+02:00,61.54661178588867,65.67902374267578,56.53495788574219,65.06356048583984,51852
2021-06-04 00:00:00+02:00,65.06356048583984,66.11864471435547,64.27224731445312,64.53601837158203,1607
2021-06-07 00:00:00+02:00,63.48093032836914,64.79978942871094,62.425846099853516,64.18431854248047,2878
2021-06-08 00:00:00+02:00,64.79978942871094,64.79978942871094,61.81038284301758,63.217159271240234,6794
2021-06-09 00:00:00+02:00,64.00847625732422,64.00847625732422,62.16207504272461,62.6016960144043,1848
2021-06-10 00:00:00+02:00,62.25,63.217159271240234,62.25,62.95338821411133,862
2021-06-11 00:00:00+02:00,63.48093032836914,64.00847625732422,63.48093032836914,64.00847625732422,1951
2021-06-14 00:00:00+02:00,64.00847625732422,64.97563171386719,63.65678024291992,64.53601837158203,1559
2021-06-15 00:00:00+02:00,63.65678024291992,64.18431854248047,62.95338821411133,63.65678024291992,2059
2021-06-16 00:00:00+02:00,62.95338821411133,64.09639739990234,62.337921142578125,64.09639739990234,1005
2021-06-17 00:00:00+02:00,62.513771057128906,64.53601837158203,61.54661178588867,63.74470138549805,1643
2021-06-18 00:00:00+02:00,64.88771057128906,65.06356048583984,62.95338821411133,63.74470138549805,18516
2021-06-21 00:00:00+02:00,63.48093032836914,64.27224731445312,62.95338821411133,62.95338821411133,2178
2021-06-22 00:00:00+02:00,63.65678024291992,63.65678024291992,61.106990814208984,61.106990814208984,2973
2021-06-23 00:00:00+02:00,60.66737365722656,62.77754211425781,59.876060485839844,62.6016960144043,4244
2021-06-24 00:00:00+02:00,62.68961715698242,62.68961715698242,61.106990814208984,61.986228942871094,1547
2021-06-25 00:00:00+02:00,61.986228942871094,61.986228942871094,61.54661178588867,61.986228942871094,432
2021-06-28 00:00:00+02:00,61.986228942871094,61.986228942871094,60.66737365722656,61.37076187133789,1238
2021-06-29 00:00:00+02:00,61.37076187133789,61.986228942871094,58.205509185791016,59.78813552856445,10264
2021-06-30 00:00:00+02:00,59.17266845703125,61.54661178588867,59.17266845703125,61.37076187133789,2346
2021-07-01 00:00:00+02:00,60.227752685546875,72.3612289428711,60.227752685546875,65.94279479980469,10597
2021-07-02 00:00:00+02:00,65.94279479980469,69.89936065673828,65.94279479980469,67.96504211425781,3187
2021-07-05 00:00:00+02:00,69.02012634277344,69.02012634277344,66.4703369140625,67.52542114257812,484
2021-07-06 00:00:00+02:00,67.52542114257812,68.1408920288086,66.38241577148438,66.38241577148438,1183
2021-07-07 00:00:00+02:00,66.90995788574219,66.90995788574219,65.15148162841797,65.2394027709961,1003
2021-07-08 00:00:00+02:00,65.2394027709961,65.94279479980469,59.34851837158203,59.78813552856445,17468
2021-07-09 00:00:00+02:00,61.019065856933594,61.8983039855957,60.93114471435547,61.6345329284668,2482
2021-07-12 00:00:00+02:00,64.97563171386719,64.97563171386719,61.282840728759766,61.45868682861328,1057
2021-07-13 00:00:00+02:00,61.54661178588867,63.56885528564453,61.54661178588867,61.54661178588867,1339
2021-07-14 00:00:00+02:00,61.986228942871094,65.2394027709961,61.986228942871094,63.12923812866211,1116
2021-07-15 00:00:00+02:00,63.74470138549805,63.74470138549805,62.16207504272461,63.305084228515625,610
2021-07-16 00:00:00+02:00,64.18431854248047,64.18431854248047,62.25,63.74470138549805,608
2021-07-19 00:00:00+02:00,62.425846099853516,64.62393951416016,59.78813552856445,61.194915771484375,5558
2021-07-20 00:00:00+02:00,61.282840728759766,63.65678024291992,61.282840728759766,62.425846099853516,2022
2021-07-21 00:00:00+02:00,62.425846099853516,63.217159271240234,62.425846099853516,63.217159271240234,445
2021-07-22 00:00:00+02:00,62.68961715698242,63.48093032836914,62.513771057128906,63.12923812866211,980
2021-07-23 00:00:00+02:00,62.77754211425781,63.305084228515625,62.513771057128906,62.513771057128906,920
2021-07-26 00:00:00+02:00,62.77754211425781,62.8654670715332,61.72245788574219,62.425846099853516,338
2021-07-27 00:00:00+02:00,62.77754211425781,62.77754211425781,60.13983154296875,60.403602600097656,2778
2021-07-28 00:00:00+02:00,60.57944869995117,62.6016960144043,60.57944869995117,60.66737365722656,743
2021-07-29 00:00:00+02:00,60.49152374267578,61.45868682861328,60.49152374267578,61.106990814208984,297
2021-07-30 00:00:00+02:00,61.106990814208984,61.54661178588867,61.106990814208984,61.54661178588867,735
2021-08-02 00:00:00+02:00,61.54661178588867,61.8983039855957,60.57944869995117,61.54661178588867,516
2021-08-03 00:00:00+02:00,64.88771057128906,64.88771057128906,62.68961715698242,62.77754211425781,3504
2021-08-04 00:00:00+02:00,64.18431854248047,64.18431854248047,62.77754211425781,62.8654670715332,652
2021-08-05 00:00:00+02:00,63.74470138549805,63.74470138549805,61.72245788574219,62.513771057128906,2113
2021-08-06 00:00:00+02:00,62.513771057128906,64.00847625732422,61.986228942871094,63.04131317138672,2590
2021-08-09 00:00:00+02:00,63.305084228515625,63.305084228515625,62.074153900146484,62.25,961
2021-08-10 00:00:00+02:00,63.217159271240234,63.217159271240234,60.75529479980469,62.25,3332
2021-08-11 00:00:00+02:00,61.8983039855957,63.74470138549805,61.019065856933594,62.77754211425781,487
2021-08-12 00:00:00+02:00,62.8654670715332,62.8654670715332,61.54661178588867,61.72245788574219,2073
2021-08-13 00:00:00+02:00,62.8654670715332,62.8654670715332,61.019065856933594,62.77754211425781,2795
2021-08-16 00:00:00+02:00,62.77754211425781,62.77754211425781,61.986228942871094,61.986228942871094,402
2021-08-17 00:00:00+02:00,61.8983039855957,62.77754211425781,61.8983039855957,62.77754211425781,825
2021-08-18 00:00:00+02:00,61.986228942871094,62.6016960144043,61.986228942871094,61.986228942871094,580
2021-08-19 00:00:00+02:00,62.68961715698242,66.7341079711914,61.72245788574219,65.32733154296875,4054
2021-08-20 00:00:00+02:00,65.32733154296875,66.82203674316406,65.15148162841797,65.94279479980469,2394
2021-08-23 00:00:00+02:00,65.67902374267578,69.54766845703125,65.67902374267578,67.87712097167969,7155
2021-08-24 00:00:00+02:00,68.58050537109375,68.58050537109375,63.305084228515625,63.83262634277344,19247
2021-08-25 00:00:00+02:00,64.00847625732422,64.18431854248047,62.513771057128906,63.56885528564453,4292
2021-08-26 00:00:00+02:00,63.305084228515625,64.79978942871094,63.305084228515625,63.74470138549805,929
2021-08-27 00:00:00+02:00,64.18431854248047,64.44808959960938,62.513771057128906,63.305084228515625,1322
2021-08-30 00:00:00+02:00,63.305084228515625,64.18431854248047,62.074153900146484,62.425846099853516,6187
2021-08-31 00:00:00+02:00,62.425846099853516,62.425846099853516,61.986228942871094,62.425846099853516,2295
2021-09-01 00:00:00+02:00,62.074153900146484,63.305084228515625,62.074153900146484,63.12923812866211,4509
2021-09-02 00:00:00+02:00,63.12923812866211,64.00847625732422,63.04131317138672,63.83262634277344,1478
2021-09-03 00:00:00+02:00,64.18431854248047,64.18431854248047,62.77754211425781,63.04131317138672,763
2021-09-06 00:00:00+02:00,63.04131317138672,65.50318145751953,62.95338821411133,65.50318145751953,3089
2021-09-07 00:00:00+02:00,65.59110260009766,65.59110260009766,64.18431854248047,65.50318145751953,1820
2021-09-08 00:00:00+02:00,65.94279479980469,65.94279479980469,63.74470138549805,63.92055130004883,1185
2021-09-09 00:00:00+02:00,64.18431854248047,64.18431854248047,63.12923812866211,63.217159271240234,698
2021-09-10 00:00:00+02:00,63.305084228515625,64.18431854248047,63.04131317138672,64.18431854248047,4290
2021-09-13 00:00:00+02:00,64.27224731445312,65.15148162841797,64.18431854248047,64.88771057128906,3216
2021-09-14 00:00:00+02:00,64.88771057128906,64.88771057128906,63.305084228515625,64.53601837158203,5863
2021-09-15 00:00:00+02:00,64.53601837158203,65.59110260009766,63.83262634277344,64.09639739990234,1972
2021-09-16 00:00:00+02:00,64.79978942871094,65.06356048583984,64.44808959960938,64.62393951416016,2206
2021-09-17 00:00:00+02:00,64.88771057128906,64.88771057128906,63.12923812866211,63.12923812866211,2816
2021-09-20 00:00:00+02:00,62.8654670715332,64.44808959960938,61.986228942871094,62.425846099853516,3729
2021-09-21 00:00:00+02:00,61.986228942871094,63.12923812866211,61.986228942871094,62.513771057128906,1880
2021-09-22 00:00:00+02:00,62.8654670715332,63.74470138549805,62.25,63.74470138549805,3062
2021-09-23 00:00:00+02:00,63.74470138549805,63.74470138549805,61.106990814208984,61.81038284301758,5775
2021-09-24 00:00:00+02:00,61.54661178588867,63.393009185791016,59.78813552856445,62.425846099853516,7292
2021-09-27 00:00:00+02:00,62.425846099853516,64.00847625732422,61.8983039855957,63.74470138549805,2405
2021-09-28 00:00:00+02:00,64.09639739990234,64.97563171386719,62.8654670715332,63.74470138549805,1049
2021-09-29 00:00:00+02:00,64.18431854248047,64.18431854248047,61.54661178588867,61.6345329284668,3299
2021-09-30 00:00:00+02:00,61.54661178588867,62.95338821411133,61.54661178588867,62.25,1460
2021-10-01 00:00:00+02:00,64.00847625732422,64.27224731445312,59.78813552856445,59.78813552856445,2802
2021-10-04 00:00:00+02:00,60.66737365722656,62.25,60.05190658569336,61.45868682861328,1086
2021-10-05 00:00:00+02:00,62.16207504272461,62.16207504272461,61.106990814208984,61.54661178588867,954
2021-10-06 00:00:00+02:00,62.074153900146484,62.074153900146484,61.194915771484375,62.074153900146484,741
2021-10-07 00:00:00+02:00,62.25,64.00847625732422,61.72245788574219,64.00847625732422,810
2021-10-08 00:00:00+02:00,64.00847625732422,64.00847625732422,62.8654670715332,63.56885528564453,1260
2021-10-11 00:00:00+02:00,63.56885528564453,65.06356048583984,63.56885528564453,65.06356048583984,2296
2021-10-12 00:00:00+02:00,65.94279479980469,69.02012634277344,65.94279479980469,68.6684341430664,8911
2021-10-13 00:00:00+02:00,69.89936065673828,70.69068145751953,68.84427642822266,70.51483154296875,6045
2021-10-14 00:00:00+02:00,70.16313171386719,70.86652374267578,69.28389739990234,70.86652374267578,2163
2021-10-15 00:00:00+02:00,69.54766845703125,70.60275268554688,69.54766845703125,69.98728942871094,1037
2021-10-18 00:00:00+02:00,70.60275268554688,71.21822357177734,69.72351837158203,71.21822357177734,3928
2021-10-19 00:00:00+02:00,72.00953674316406,72.97669219970703,71.13029479980469,71.13029479980469,2196
2021-10-20 00:00:00+02:00,71.04237365722656,71.04237365722656,68.58050537109375,70.25106048583984,936
2021-10-21 00:00:00+02:00,70.25106048583984,71.30614471435547,69.63558959960938,70.33898162841797,1503
2021-10-22 00:00:00+02:00,70.33898162841797,73.76800537109375,70.33898162841797,72.80084991455078,2995
2021-10-25 00:00:00+02:00,72.97669219970703,72.97669219970703,71.56991577148438,72.97669219970703,830
2021-10-26 00:00:00+02:00,72.97669219970703,72.97669219970703,71.74576568603516,72.97669219970703,614
2021-10-27 00:00:00+02:00,72.97669219970703,72.97669219970703,72.27330780029297,72.53707885742188,658
2021-10-28 00:00:00+02:00,72.53707885742188,72.8887710571289,71.74576568603516,72.80084991455078,1020
2021-10-29 00:00:00+02:00,72.97669219970703,73.76800537109375,71.83368682861328,73.68008422851562,1881
2021-11-02 00:00:00+01:00,73.94385528564453,74.73516845703125,73.15254211425781,74.20762634277344,2016
2021-11-03 00:00:00+01:00,74.91101837158203,76.40572357177734,73.5921630859375,76.05402374267578,2957
2021-11-04 00:00:00+01:00,76.40572357177734,77.90042114257812,76.22987365722656,77.8125,2291
2021-11-05 00:00:00+01:00,77.98834991455078,82.47245788574219,77.90042114257812,81.94491577148438,3777
2021-11-08 00:00:00+01:00,82.47245788574219,84.40677642822266,82.38453674316406,82.64830780029297,2217
2021-11-09 00:00:00+01:00,82.64830780029297,83.52754211425781,77.37287902832031,77.37287902832031,5976
2021-11-10 00:00:00+01:00,76.93326568603516,77.37287902832031,74.20762634277344,74.73516845703125,4155
2021-11-12 00:00:00+01:00,75.43856048583984,75.43856048583984,74.38347625732422,74.82308959960938,986
2021-11-15 00:00:00+01:00,74.82308959960938,75.26271057128906,73.76800537109375,74.29554748535156,1402
2021-11-16 00:00:00+01:00,73.76800537109375,73.76800537109375,71.3940658569336,72.09745788574219,2967
2021-11-17 00:00:00+01:00,71.48199462890625,73.8559341430664,71.3940658569336,73.8559341430664,1516
2021-11-18 00:00:00+01:00,74.29554748535156,75.08686065673828,73.5921630859375,74.91101837158203,1542
2021-11-19 00:00:00+01:00,74.91101837158203,74.91101837158203,71.21822357177734,73.76800537109375,2325
2021-11-22 00:00:00+01:00,71.9216079711914,72.00953674316406,70.33898162841797,70.51483154296875,5207
2021-11-23 00:00:00+01:00,70.33898162841797,70.51483154296875,70.33898162841797,70.33898162841797,4403
2021-11-24 00:00:00+01:00,70.33898162841797,72.53707885742188,70.33898162841797,72.09745788574219,3099
2021-11-25 00:00:00+01:00,72.97669219970703,74.64724731445312,71.3940658569336,71.3940658569336,1717
2021-11-26 00:00:00+01:00,73.68008422851562,73.68008422851562,66.99787902832031,69.72351837158203,3764
2021-11-29 00:00:00+01:00,68.58050537109375,70.33898162841797,68.58050537109375,69.72351837158203,586
2021-11-30 00:00:00+01:00,69.45974731445312,70.33898162841797,69.45974731445312,70.33898162841797,6992
2021-12-01 00:00:00+01:00,75.6144027709961,75.6144027709961,70.33898162841797,70.77860260009766,2615
2021-12-02 00:00:00+01:00,70.25106048583984,70.25106048583984,68.22881317138672,68.49258422851562,2773
2021-12-03 00:00:00+01:00,69.37181854248047,69.37181854248047,66.82203674316406,66.82203674316406,3566
2021-12-06 00:00:00+01:00,66.82203674316406,67.87712097167969,62.074153900146484,64.88771057128906,4390
2021-12-07 00:00:00+01:00,64.36016845703125,64.97563171386719,64.18431854248047,64.27224731445312,3316
2021-12-08 00:00:00+01:00,64.79978942871094,64.88771057128906,64.36016845703125,64.62393951416016,3323
2021-12-09 00:00:00+01:00,64.53601837158203,66.7341079711914,63.305084228515625,64.18431854248047,5146
2021-12-10 00:00:00+01:00,64.97563171386719,64.97563171386719,62.513771057128906,64.09639739990234,2090
2021-12-13 00:00:00+01:00,64.18431854248047,64.97563171386719,63.56885528564453,64.09639739990234,911
2021-12-14 00:00:00+01:00,64.97563171386719,64.97563171386719,61.986228942871094,62.25,4682
2021-12-15 00:00:00+01:00,61.8983039855957,62.25,59.78813552856445,60.57944869995117,4030
2021-12-16 00:00:00+01:00,60.49152374267578,63.12923812866211,60.05190658569336,60.84321975708008,6056
2021-12-17 00:00:00+01:00,61.106990814208984,62.337921142578125,57.150421142578125,57.150421142578125,9102
2021-12-20 00:00:00+01:00,57.238346099853516,57.326271057128906,55.56779479980469,56.27118682861328,8941
2021-12-21 00:00:00+01:00,56.27118682861328,59.78813552856445,56.27118682861328,59.78813552856445,12513
2021-12-22 00:00:00+01:00,61.54661178588867,62.513771057128906,60.13983154296875,61.54661178588867,8589
2021-12-23 00:00:00+01:00,62.337921142578125,64.44808959960938,62.25,64.18431854248047,5217
2021-12-27 00:00:00+01:00,64.97563171386719,65.50318145751953,64.71186065673828,65.50318145751953,7331
2021-12-28 00:00:00+01:00,65.50318145751953,65.50318145751953,64.71186065673828,64.79978942871094,883
2021-12-29 00:00:00+01:00,65.50318145751953,65.50318145751953,64.79978942871094,65.06356048583984,475
2021-12-30 00:00:00+01:00,65.94279479980469,65.94279479980469,64.71186065673828,64.71186065673828,698
2022-01-03 00:00:00+01:00,64.62393951416016,66.82203674316406,64.62393951416016,66.4703369140625,1719
2022-01-04 00:00:00+01:00,66.82203674316406,67.61334991455078,65.50318145751953,66.82203674316406,2862
2022-01-05 00:00:00+01:00,67.26165008544922,67.7012710571289,65.15148162841797,66.2065658569336,1496
2022-01-07 00:00:00+01:00,65.94279479980469,66.11864471435547,64.71186065673828,66.03072357177734,1213
2022-01-10 00:00:00+01:00,66.03072357177734,66.29449462890625,65.06356048583984,65.06356048583984,1475
2022-01-11 00:00:00+01:00,65.50318145751953,66.03072357177734,64.71186065673828,65.2394027709961,36388
2022-01-12 00:00:00+01:00,65.32733154296875,65.94279479980469,65.06356048583984,65.06356048583984,3257
2022-01-13 00:00:00+01:00,65.94279479980469,65.94279479980469,65.06356048583984,65.06356048583984,2670
2022-01-14 00:00:00+01:00,65.06356048583984,67.7012710571289,63.83262634277344,65.2394027709961,132926
2022-01-17 00:00:00+01:00,67.52542114257812,69.89936065673828,66.38241577148438,67.61334991455078,5372
2022-01-18 00:00:00+01:00,68.1408920288086,68.84427642822266,66.38241577148438,67.52542114257812,3950
2022-01-19 00:00:00+01:00,67.52542114257812,67.52542114257812,65.94279479980469,66.7341079711914,4533
2022-01-20 00:00:00+01:00,66.7341079711914,67.61334991455078,65.94279479980469,66.64618682861328,4590
2022-01-21 00:00:00+01:00,66.4703369140625,67.7012710571289,64.88771057128906,64.88771057128906,3451
2022-01-24 00:00:00+01:00,65.15148162841797,66.03072357177734,61.72245788574219,62.68961715698242,6868
2022-01-25 00:00:00+01:00,62.68961715698242,63.92055130004883,62.337921142578125,63.74470138549805,2175
2022-01-26 00:00:00+01:00,71.04850769042969,72.8321533203125,71.04850769042969,72.43578338623047,1501
2022-01-27 00:00:00+01:00,72.8321533203125,72.8321533203125,69.5621337890625,71.34577941894531,6475
2022-01-28 00:00:00+01:00,71.54396057128906,71.54396057128906,66.19303131103516,66.3912124633789,23543
2022-01-31 00:00:00+01:00,67.38212585449219,67.38212585449219,57.373897552490234,57.671173095703125,18487
2022-02-01 00:00:00+01:00,58.562992095947266,59.45481491088867,54.500247955322266,57.373897552490234,18556
2022-02-02 00:00:00+01:00,58.662086486816406,65.40029907226562,58.662086486816406,65.30120849609375,13196
2022-02-03 00:00:00+01:00,65.00393676757812,65.00393676757812,62.82392120361328,63.41847229003906,1991
2022-02-04 00:00:00+01:00,63.12119674682617,65.59848022460938,62.031192779541016,63.22028732299805,2249
2022-02-07 00:00:00+01:00,63.41847229003906,68.96759033203125,63.41847229003906,66.98576354980469,2351
2022-02-08 00:00:00+01:00,67.38212585449219,71.34577941894531,67.38212585449219,70.35486602783203,3797
2022-02-09 00:00:00+01:00,69.36395263671875,72.23760223388672,68.47212982177734,71.34577941894531,2128
2022-02-10 00:00:00+01:00,71.34577941894531,71.34577941894531,67.18394470214844,68.37303924560547,1861
2022-02-11 00:00:00+01:00,68.37303924560547,69.5621337890625,64.2112045288086,65.69757080078125,2854
2022-02-14 00:00:00+01:00,64.80574798583984,68.47212982177734,61.535736083984375,66.3912124633789,6149
2022-02-15 00:00:00+01:00,67.38212585449219,67.38212585449219,66.68848419189453,67.38212585449219,7278
2022-02-16 00:00:00+01:00,67.38212585449219,67.38212585449219,65.40029907226562,65.59848022460938,1724
2022-02-17 00:00:00+01:00,67.18394470214844,67.18394470214844,62.526649475097656,62.92301559448242,2553
2022-02-18 00:00:00+01:00,62.42755889892578,64.6075668334961,60.44572830200195,61.4366455078125,2650
2022-02-21 00:00:00+01:00,60.743003845214844,65.30120849609375,60.44572830200195,60.64391326904297,1587
2022-02-22 00:00:00+01:00,60.64391326904297,62.92301559448242,60.14845657348633,62.42755889892578,1134
2022-02-23 00:00:00+01:00,63.0221061706543,63.0221061706543,60.64391326904297,61.4366455078125,20061
2022-02-24 00:00:00+01:00,59.45481491088867,61.4366455078125,57.47298812866211,59.45481491088867,6213
2022-02-25 00:00:00+01:00,60.44572830200195,67.28303527832031,57.671173095703125,67.28303527832031,4279
2022-02-28 00:00:00+01:00,65.4993896484375,66.3912124633789,62.42755889892578,64.31029510498047,1072
2022-03-01 00:00:00+01:00,64.31029510498047,64.40938568115234,61.238460540771484,64.2112045288086,3670
2022-03-02 00:00:00+01:00,63.41847229003906,65.20211791992188,61.33755111694336,62.13028335571289,3134
2022-03-03 00:00:00+01:00,62.62574005126953,65.59848022460938,62.42755889892578,62.42755889892578,2194
2022-03-04 00:00:00+01:00,62.42755889892578,62.724830627441406,60.04936599731445,61.535736083984375,3068
2022-03-07 00:00:00+01:00,60.743003845214844,65.59848022460938,59.55390930175781,65.40029907226562,4163
2022-03-08 00:00:00+01:00,65.30120849609375,65.30120849609375,61.932098388671875,62.62574005126953,1007
2022-03-09 00:00:00+01:00,63.51756286621094,65.40029907226562,61.8330078125,61.8330078125,2653
2022-03-10 00:00:00+01:00,62.42755889892578,63.81483459472656,60.84209442138672,63.31937789916992,27435
2022-03-11 00:00:00+01:00,64.31029510498047,65.10302734375,62.526649475097656,63.41847229003906,1828
2022-03-14 00:00:00+01:00,63.41847229003906,65.4993896484375,62.526649475097656,63.9139289855957,21738
2022-03-15 00:00:00+01:00,64.80574798583984,65.99484252929688,62.62574005126953,63.41847229003906,1835
2022-03-16 00:00:00+01:00,64.2112045288086,65.4993896484375,63.61665344238281,64.40938568115234,1488
2022-03-17 00:00:00+01:00,65.20211791992188,66.3912124633789,63.61665344238281,65.4993896484375,7753
2022-03-18 00:00:00+01:00,66.29212188720703,68.86849975585938,64.40938568115234,68.37303924560547,5734
2022-03-21 00:00:00+01:00,68.86849975585938,75.21034240722656,68.86849975585938,70.35486602783203,3995
2022-03-22 00:00:00+01:00,74.21942901611328,75.21034240722656,70.35486602783203,71.24668884277344,5206
2022-03-23 00:00:00+01:00,72.3366928100586,72.3366928100586,69.36395263671875,70.0575942993164,1992
2022-03-24 00:00:00+01:00,71.34577941894531,71.34577941894531,67.97666931152344,69.06668090820312,2380
2022-03-25 00:00:00+01:00,68.86849975585938,69.06668090820312,68.2739486694336,68.76940155029297,1164
2022-03-28 00:00:00+02:00,69.36395263671875,69.95850372314453,68.2739486694336,69.165771484375,1949
2022-03-29 00:00:00+02:00,69.36395263671875,69.36395263671875,68.17485809326172,68.37303924560547,1829
2022-03-30 00:00:00+02:00,68.37303924560547,69.36395263671875,67.97666931152344,68.17485809326172,2031
2022-03-31 00:00:00+02:00,69.165771484375,69.165771484375,67.97666931152344,67.97666931152344,996
2022-04-01 00:00:00+02:00,68.86849975585938,69.36395263671875,68.07576751708984,68.17485809326172,3533
2022-04-04 00:00:00+02:00,68.86849975585938,69.85940551757812,67.58030700683594,68.57122039794922,7108
2022-04-05 00:00:00+02:00,68.6703109741211,71.74214172363281,68.6703109741211,70.85032653808594,4114
2022-04-06 00:00:00+02:00,72.03942108154297,72.3366928100586,70.4539566040039,71.24668884277344,3981
2022-04-07 00:00:00+02:00,71.84123992919922,76.69671630859375,70.25577545166016,75.21034240722656,3408
2022-04-08 00:00:00+02:00,75.21034240722656,78.28217315673828,73.72396850585938,74.31851959228516,2556
2022-04-11 00:00:00+02:00,75.30943298339844,75.30943298339844,70.75122833251953,71.34577941894531,4066
2022-04-12 00:00:00+02:00,71.24668884277344,72.63396453857422,68.57122039794922,70.75122833251953,1044
2022-04-13 00:00:00+02:00,70.75122833251953,72.3366928100586,69.85940551757812,70.0575942993164,1576
2022-04-14 00:00:00+02:00,70.15668487548828,71.34577941894531,68.86849975585938,71.14759826660156,1787
2022-04-19 00:00:00+02:00,71.84123992919922,71.84123992919922,69.36395263671875,69.36395263671875,1161
2022-04-20 00:00:00+02:00,68.37303924560547,70.85032653808594,68.37303924560547,69.85940551757812,1740
2022-04-21 00:00:00+02:00,69.85940551757812,71.34577941894531,69.85940551757812,70.75122833251953,27636
2022-04-22 00:00:00+02:00,70.75122833251953,70.94941711425781,68.57122039794922,68.96759033203125,19812
2022-04-25 00:00:00+02:00,70.35486602783203,70.35486602783203,66.88666534423828,67.87757873535156,3271
2022-04-26 00:00:00+02:00,68.37303924560547,68.57122039794922,66.3912124633789,68.57122039794922,1147
2022-04-27 00:00:00+02:00,68.86849975585938,68.86849975585938,66.3912124633789,67.67939758300781,1286
2022-04-28 00:00:00+02:00,67.67939758300781,68.86849975585938,66.49030303955078,68.86849975585938,881
2022-04-29 00:00:00+02:00,68.86849975585938,69.26486206054688,66.88666534423828,68.37303924560547,1682
2022-05-02 00:00:00+02:00,70.75122833251953,70.94941711425781,67.87757873535156,68.17485809326172,3379
2022-05-04 00:00:00+02:00,67.77848815917969,69.66122436523438,65.895751953125,65.895751953125,3892
2022-05-05 00:00:00+02:00,67.18394470214844,68.6703109741211,65.40029907226562,65.895751953125,2729
2022-05-06 00:00:00+02:00,66.49030303955078,67.67939758300781,62.42755889892578,64.40938568115234,4525
2022-05-09 00:00:00+02:00,64.40938568115234,65.69757080078125,63.51756286621094,63.51756286621094,1519
2022-05-10 00:00:00+02:00,62.92301559448242,65.10302734375,61.733917236328125,63.41847229003906,1613
2022-05-11 00:00:00+02:00,65.40029907226562,65.69757080078125,64.40938568115234,65.10302734375,1759
2022-05-12 00:00:00+02:00,65.40029907226562,65.69757080078125,61.8330078125,61.932098388671875,2997
2022-05-13 00:00:00+02:00,62.92301559448242,65.59848022460938,62.526649475097656,65.59848022460938,1229
2022-05-16 00:00:00+02:00,66.3912124633789,68.47212982177734,65.69757080078125,66.3912124633789,1631
2022-05-17 00:00:00+02:00,68.2739486694336,68.2739486694336,66.58939361572266,67.38212585449219,1934
2022-05-18 00:00:00+02:00,67.97666931152344,69.95850372314453,67.38212585449219,69.26486206054688,119482
2022-05-19 00:00:00+02:00,70.25577545166016,70.25577545166016,68.47212982177734,70.15668487548828,2075
2022-05-20 00:00:00+02:00,70.15668487548828,71.24668884277344,68.47212982177734,70.35486602783203,949
2022-05-23 00:00:00+02:00,71.24668884277344,73.32760620117188,70.85032653808594,73.32760620117188,1450
2022-05-24 00:00:00+02:00,73.32760620117188,73.82306671142578,71.34577941894531,73.12942504882812,2117
2022-05-25 00:00:00+02:00,73.228515625,74.31851959228516,73.12942504882812,73.72396850585938,3459
2022-05-26 00:00:00+02:00,74.31851959228516,74.31851959228516,70.4539566040039,73.32760620117188,800
2022-05-27 00:00:00+02:00,73.32760620117188,74.31851959228516,70.4539566040039,70.55304718017578,903
2022-05-30 00:00:00+02:00,71.9403305053711,73.228515625,70.55304718017578,71.14759826660156,1572
2022-05-31 00:00:00+02:00,70.85032653808594,74.31851959228516,70.85032653808594,72.8321533203125,1268
2022-06-01 00:00:00+02:00,75.11125183105469,75.30943298339844,73.82306671142578,75.30943298339844,3247
2022-06-02 00:00:00+02:00,75.40852355957031,76.3994369506836,74.31851959228516,74.31851959228516,3493
2022-06-03 00:00:00+02:00,74.31851959228516,76.49852752685547,72.3366928100586,74.5167007446289,4819
2022-06-06 00:00:00+02:00,77.19216918945312,77.7867202758789,76.69671630859375,77.291259765625,8196
2022-06-07 00:00:00+02:00,78.28217315673828,78.28217315673828,74.61579132080078,74.61579132080078,1759
2022-06-08 00:00:00+02:00,76.10216522216797,76.10216522216797,74.31851959228516,74.81398010253906,656
2022-06-09 00:00:00+02:00,76.10216522216797,76.10216522216797,74.31851959228516,75.01216125488281,1330
2022-06-10 00:00:00+02:00,75.01216125488281,78.1830825805664,74.31851959228516,77.19216918945312,3172
2022-06-13 00:00:00+02:00,78.28217315673828,78.28217315673828,76.0030746459961,76.8948974609375,4454
2022-06-14 00:00:00+02:00,77.58853912353516,78.28217315673828,74.31851959228516,78.28217315673828,3987
2022-06-15 00:00:00+02:00,74.91307067871094,78.48035430908203,74.91307067871094,78.48035430908203,4408
2022-06-17 00:00:00+02:00,78.28217315673828,85.31766510009766,78.28217315673828,85.31766510009766,8907
2022-06-20 00:00:00+02:00,89.1822280883789,90.17314147949219,86.50675964355469,87.3985824584961,9735
2022-06-21 00:00:00+02:00,87.3985824584961,90.17314147949219,87.20040130615234,90.17314147949219,3805
2022-06-22 00:00:00+02:00,89.77677154541016,89.77677154541016,87.3985824584961,87.3985824584961,11375
2022-06-23 00:00:00+02:00,87.3985824584961,89.1822280883789,85.41675567626953,87.10130310058594,2945
2022-06-24 00:00:00+02:00,86.90312194824219,86.90312194824219,82.64219665527344,85.11947631835938,1298
2022-06-27 00:00:00+02:00,85.21856689453125,87.49767303466797,85.11947631835938,87.49767303466797,3200
2022-06-28 00:00:00+02:00,87.20040130615234,87.49767303466797,87.10130310058594,87.49767303466797,814
2022-06-29 00:00:00+02:00,87.89403533935547,91.16405487060547,87.10130310058594,91.16405487060547,3886
2022-06-30 00:00:00+02:00,92.65042114257812,94.63224792480469,89.1822280883789,92.3531494140625,8396
2022-07-01 00:00:00+02:00,91.65950775146484,92.45223999023438,89.1822280883789,92.15496826171875,2602
2022-07-04 00:00:00+02:00,92.94770050048828,92.94770050048828,90.47041320800781,92.05587768554688,4630
2022-07-05 00:00:00+02:00,92.3531494140625,92.3531494140625,85.9122085571289,88.19131469726562,4472
2022-07-06 00:00:00+02:00,87.49767303466797,91.16405487060547,87.00221252441406,90.96586608886719,4921
2022-07-07 00:00:00+02:00,89.47949981689453,92.45223999023438,88.78585815429688,92.45223999023438,4710
2022-07-08 00:00:00+02:00,92.94770050048828,96.11862182617188,92.94770050048828,95.62316131591797,13959
2022-07-11 00:00:00+02:00,95.62316131591797,99.09136199951172,92.55133056640625,99.09136199951172,7865
2022-07-12 00:00:00+02:00,97.50589752197266,103.84774780273438,97.50589752197266,103.05501556396484,200403
2022-07-13 00:00:00+02:00,103.84774780273438,105.0368423461914,99.68590545654297,104.04592895507812,12353
2022-07-14 00:00:00+02:00,105.0368423461914,115.54052734375,104.44229125976562,108.00958251953125,46344
2022-07-15 00:00:00+02:00,109.00049591064453,114.94597625732422,105.82957458496094,106.62230682373047,4338
2022-07-18 00:00:00+02:00,107.01866912841797,109.99140930175781,106.82048797607422,109.99140930175781,1705
2022-07-19 00:00:00+02:00,110.9823226928711,113.95506286621094,109.00049591064453,111.77505493164062,2129
2022-07-20 00:00:00+02:00,112.3696060180664,113.36051940917969,111.37869262695312,112.96414947509766,2085
2022-07-21 00:00:00+02:00,113.1623306274414,113.1623306274414,109.00049591064453,109.00049591064453,2324
2022-07-22 00:00:00+02:00,109.00049591064453,111.77505493164062,109.00049591064453,110.38777923583984,2005
2022-07-25 00:00:00+02:00,109.59504699707031,110.9823226928711,106.22593688964844,110.78414154052734,3387
2022-07-26 00:00:00+02:00,112.17141723632812,112.17141723632812,108.00958251953125,109.00049591064453,1245
2022-07-27 00:00:00+02:00,109.00049591064453,109.00049591064453,105.0368423461914,105.0368423461914,906
2022-07-28 00:00:00+02:00,104.24411010742188,106.02775573730469,100.082275390625,103.2531967163086,2785
2022-07-29 00:00:00+02:00,104.04592895507812,114.94597625732422,102.06410217285156,114.94597625732422,3869
2022-08-01 00:00:00+02:00,102.46046447753906,106.02775573730469,95.92044067382812,98.10044860839844,13561
2022-08-02 00:00:00+02:00,98.10044860839844,102.46046447753906,97.10953521728516,100.4786376953125,2252
2022-08-03 00:00:00+02:00,103.84774780273438,113.95506286621094,101.07318878173828,113.95506286621094,7422
2022-08-04 00:00:00+02:00,110.9823226928711,113.95506286621094,107.61322021484375,109.00049591064453,3881
2022-08-05 00:00:00+02:00,109.00049591064453,111.97323608398438,106.02775573730469,111.97323608398438,2396
2022-08-08 00:00:00+02:00,112.17141723632812,112.96414947509766,108.207763671875,110.9823226928711,11275
2022-08-09 00:00:00+02:00,110.9823226928711,113.95506286621094,110.9823226928711,111.97323608398438,1779
2022-08-10 00:00:00+02:00,111.97323608398438,112.96414947509766,109.00049591064453,110.78414154052734,1594
2022-08-11 00:00:00+02:00,111.97323608398438,113.36051940917969,109.79322814941406,110.5859603881836,5716
2022-08-12 00:00:00+02:00,110.78414154052734,110.9823226928711,101.07318878173828,105.0368423461914,3472
2022-08-16 00:00:00+02:00,105.0368423461914,110.78414154052734,104.04592895507812,109.59504699707031,1755
2022-08-17 00:00:00+02:00,109.00049591064453,109.00049591064453,104.83866119384766,104.83866119384766,1167
2022-08-18 00:00:00+02:00,104.83866119384766,108.00958251953125,104.83866119384766,108.00958251953125,600
2022-08-19 00:00:00+02:00,109.00049591064453,109.00049591064453,105.63139343261719,105.63139343261719,764
2022-08-22 00:00:00+02:00,105.63139343261719,105.63139343261719,101.46955108642578,101.46955108642578,1983
2022-08-23 00:00:00+02:00,101.07318878173828,101.07318878173828,97.10953521728516,99.09136199951172,7885
2022-08-24 00:00:00+02:00,99.09136199951172,99.09136199951172,97.50589752197266,98.7940902709961,1913
2022-08-25 00:00:00+02:00,98.7940902709961,98.7940902709961,96.31680297851562,97.40680694580078,1377
2022-08-26 00:00:00+02:00,96.31680297851562,96.4158935546875,90.17314147949219,94.43406677246094,5741
2022-08-29 00:00:00+02:00,92.45223999023438,93.14588165283203,86.80403137207031,86.80403137207031,3587
2022-08-30 00:00:00+02:00,86.30857849121094,88.48858642578125,85.21856689453125,86.11038970947266,10224
2022-08-31 00:00:00+02:00,86.20948028564453,89.9749526977539,82.44401550292969,87.89403533935547,3862
2022-09-01 00:00:00+02:00,87.49767303466797,94.13679504394531,83.83129119873047,87.89403533935547,4621
2022-09-02 00:00:00+02:00,87.89403533935547,93.14588165283203,87.89403533935547,91.95677947998047,1561
2022-09-05 00:00:00+02:00,92.15496826171875,92.15496826171875,89.28131866455078,89.28131866455078,636
2022-09-06 00:00:00+02:00,88.686767578125,89.67768096923828,86.11038970947266,87.00221252441406,2016
2022-09-07 00:00:00+02:00,87.10130310058594,96.01953125,87.10130310058594,94.43406677246094,4586
2022-09-08 00:00:00+02:00,94.33497619628906,95.72225189208984,93.34406280517578,95.72225189208984,3427
2022-09-09 00:00:00+02:00,96.01953125,96.01953125,94.92952728271484,95.5240707397461,2343
2022-09-12 00:00:00+02:00,95.5240707397461,98.10044860839844,95.5240707397461,98.10044860839844,15467
2022-09-13 00:00:00+02:00,98.00135803222656,102.65865325927734,95.72225189208984,102.06410217285156,9202
2022-09-14 00:00:00+02:00,102.06410217285156,102.65865325927734,99.09136199951172,102.06410217285156,4786
2022-09-15 00:00:00+02:00,103.84774780273438,103.84774780273438,100.67682647705078,102.06410217285156,2095
2022-09-16 00:00:00+02:00,100.082275390625,102.8568344116211,94.13679504394531,94.13679504394531,55558
2022-09-19 00:00:00+02:00,94.13679504394531,100.082275390625,93.6413345336914,93.6413345336914,2795
2022-09-20 00:00:00+02:00,93.6413345336914,96.81226348876953,93.6413345336914,95.32588958740234,103176
2022-09-21 00:00:00+02:00,96.71316528320312,97.10953521728516,94.83042907714844,97.10953521728516,2950
2022-09-22 00:00:00+02:00,97.10953521728516,97.10953521728516,93.6413345336914,97.10953521728516,788
2022-09-23 00:00:00+02:00,97.10953521728516,97.10953521728516,91.65950775146484,93.54224395751953,4211
2022-09-26 00:00:00+02:00,92.15496826171875,92.15496826171875,85.21856689453125,85.9122085571289,8395
2022-09-27 00:00:00+02:00,85.81311798095703,89.87586212158203,85.81311798095703,89.1822280883789,1423
2022-09-28 00:00:00+02:00,89.0831298828125,96.11862182617188,86.20948028564453,96.11862182617188,3701
2022-09-29 00:00:00+02:00,96.11862182617188,96.11862182617188,89.1822280883789,89.1822280883789,919
2022-09-30 00:00:00+02:00,89.1822280883789,95.42498016357422,89.1822280883789,93.14588165283203,1307
2022-10-03 00:00:00+02:00,93.6413345336914,96.11862182617188,89.28131866455078,96.11862182617188,2358
2022-10-04 00:00:00+02:00,96.11862182617188,100.082275390625,94.03770446777344,100.082275390625,3187
2022-10-05 00:00:00+02:00,100.082275390625,101.07318878173828,97.20862579345703,98.10044860839844,860
2022-10-06 00:00:00+02:00,99.48772430419922,100.082275390625,97.10953521728516,98.29862976074219,668
2022-10-07 00:00:00+02:00,98.69499969482422,98.69499969482422,93.83951568603516,93.83951568603516,1001
2022-10-10 00:00:00+02:00,93.83951568603516,95.62316131591797,89.38040924072266,89.38040924072266,2293
2022-10-11 00:00:00+02:00,89.1822280883789,91.95677947998047,89.1822280883789,91.16405487060547,2017
2022-10-12 00:00:00+02:00,92.05587768554688,94.53315734863281,89.28131866455078,90.07404327392578,3692
2022-10-13 00:00:00+02:00,89.47949981689453,94.43406677246094,89.47949981689453,92.15496826171875,1480
2022-10-14 00:00:00+02:00,92.65042114257812,95.1277084350586,89.77677154541016,90.27223205566406,1628
2022-10-17 00:00:00+02:00,91.26314544677734,92.15496826171875,89.28131866455078,92.15496826171875,44939
2022-10-18 00:00:00+02:00,92.15496826171875,95.1277084350586,91.26314544677734,92.65042114257812,1399
2022-10-19 00:00:00+02:00,92.94770050048828,92.94770050048828,89.1822280883789,90.96586608886719,1789
2022-10-20 00:00:00+02:00,92.05587768554688,92.05587768554688,89.1822280883789,90.27223205566406,1706
2022-10-21 00:00:00+02:00,90.17314147949219,90.66859436035156,87.20040130615234,88.2904052734375,1765
2022-10-24 00:00:00+02:00,88.2904052734375,89.9749526977539,88.09221649169922,88.2904052734375,1969
2022-10-25 00:00:00+02:00,88.98403930664062,89.0831298828125,88.2904052734375,88.38949584960938,545
2022-10-26 00:00:00+02:00,88.48858642578125,92.15496826171875,88.48858642578125,92.15496826171875,1367
2022-10-27 00:00:00+02:00,92.15496826171875,93.2449722290039,89.38040924072266,91.56041717529297,1742
2022-10-28 00:00:00+02:00,91.4613265991211,91.4613265991211,90.27223205566406,90.47041320800781,516
2022-10-31 00:00:00+01:00,90.56950378417969,96.9113540649414,90.56950378417969,96.9113540649414,3087
2022-11-02 00:00:00+01:00,95.92044067382812,95.92044067382812,92.45223999023438,92.65042114257812,2089
2022-11-03 00:00:00+01:00,89.1822280883789,90.66859436035156,89.1822280883789,90.17314147949219,2240
2022-11-04 00:00:00+01:00,89.87586212158203,93.44315338134766,89.87586212158203,93.44315338134766,6356
2022-11-07 00:00:00+01:00,93.34406280517578,94.63224792480469,90.86677551269531,92.65042114257812,8893
2022-11-08 00:00:00+01:00,93.54224395751953,93.54224395751953,90.76768493652344,91.0649642944336,3146
2022-11-09 00:00:00+01:00,91.36223602294922,91.36223602294922,89.38040924072266,89.9749526977539,1000
2022-11-10 00:00:00+01:00,89.5785903930664,89.77677154541016,88.98403930664062,89.38040924072266,3334
2022-11-14 00:00:00+01:00,89.28131866455078,90.17314147949219,89.0831298828125,90.07404327392578,3490
2022-11-15 00:00:00+01:00,89.9749526977539,89.9749526977539,86.50675964355469,86.60585021972656,3536
2022-11-16 00:00:00+01:00,86.60585021972656,87.3985824584961,84.02947235107422,84.1285629272461,2557
2022-11-17 00:00:00+01:00,84.22765350341797,88.98403930664062,83.3358383178711,88.78585815429688,3133
2022-11-18 00:00:00+01:00,88.58767700195312,88.58767700195312,86.20948028564453,86.20948028564453,117151
2022-11-21 00:00:00+01:00,86.30857849121094,87.69585418701172,84.22765350341797,85.41675567626953,1520
2022-11-22 00:00:00+01:00,85.41675567626953,86.11038970947266,84.72311401367188,85.21856689453125,923
2022-11-23 00:00:00+01:00,85.21856689453125,87.00221252441406,84.72311401367188,84.72311401367188,1204
2022-11-24 00:00:00+01:00,85.81311798095703,85.81311798095703,83.7322006225586,84.1285629272461,1074
2022-11-25 00:00:00+01:00,83.7322006225586,86.60585021972656,83.3358383178711,84.92129516601562,1987
2022-11-28 00:00:00+01:00,84.92129516601562,85.21856689453125,83.7322006225586,85.21856689453125,791
2022-11-29 00:00:00+01:00,85.21856689453125,90.17314147949219,85.21856689453125,88.686767578125,53042
2022-11-30 00:00:00+01:00,89.1822280883789,90.17314147949219,88.686767578125,90.17314147949219,2891
2022-12-01 00:00:00+01:00,88.78585815429688,90.17314147949219,88.38949584960938,90.07404327392578,3499
2022-12-02 00:00:00+01:00,89.67768096923828,90.17314147949219,88.19131469726562,90.17314147949219,2686
2022-12-05 00:00:00+01:00,90.17314147949219,91.16405487060547,87.20040130615234,87.20040130615234,14713
2022-12-06 00:00:00+01:00,87.20040130615234,89.47949981689453,87.20040130615234,87.3985824584961,598
2022-12-07 00:00:00+01:00,87.3985824584961,89.38040924072266,87.10130310058594,89.38040924072266,141
2022-12-08 00:00:00+01:00,89.0831298828125,89.87586212158203,87.89403533935547,89.1822280883789,1351
2022-12-09 00:00:00+01:00,89.67768096923828,89.67768096923828,88.38949584960938,89.1822280883789,818
2022-12-12 00:00:00+01:00,89.1822280883789,89.1822280883789,85.41675567626953,87.99312591552734,3200
2022-12-13 00:00:00+01:00,88.09221649169922,89.77677154541016,87.00221252441406,89.67768096923828,3087
2022-12-14 00:00:00+01:00,89.47949981689453,89.47949981689453,87.20040130615234,87.89403533935547,2755
2022-12-15 00:00:00+01:00,89.1822280883789,89.1822280883789,87.49767303466797,87.89403533935547,217
2022-12-16 00:00:00+01:00,87.89403533935547,88.58767700195312,85.5158462524414,87.99312591552734,8263
2022-12-19 00:00:00+01:00,87.99312591552734,88.09221649169922,85.5158462524414,85.5158462524414,1825
2022-12-20 00:00:00+01:00,85.21856689453125,88.19131469726562,84.82220458984375,85.71402740478516,2780
2022-12-21 00:00:00+01:00,86.60585021972656,88.09221649169922,85.21856689453125,88.09221649169922,1178
2022-12-22 00:00:00+01:00,88.09221649169922,88.09221649169922,84.82220458984375,86.30857849121094,438
2022-12-23 00:00:00+01:00,86.40766906738281,87.20040130615234,84.92129516601562,84.92129516601562,879
2022-12-27 00:00:00+01:00,85.21856689453125,85.41675567626953,84.22765350341797,85.21856689453125,466
2022-12-28 00:00:00+01:00,86.20948028564453,86.20948028564453,85.21856689453125,86.01129913330078,3462
2022-12-29 00:00:00+01:00,86.20948028564453,86.20948028564453,85.21856689453125,85.71402740478516,404
2022-12-30 00:00:00+01:00,85.71402740478516,86.40766906738281,85.21856689453125,85.21856689453125,677
2023-01-02 00:00:00+01:00,85.21856689453125,86.30857849121094,85.21856689453125,85.31766510009766,1044
2023-01-03 00:00:00+01:00,86.01129913330078,86.01129913330078,84.42584228515625,84.72311401367188,1636
2023-01-04 00:00:00+01:00,84.72311401367188,87.69585418701172,84.42584228515625,87.20040130615234,2305
2023-01-05 00:00:00+01:00,87.20040130615234,88.2904052734375,86.40766906738281,88.2904052734375,2060
2023-01-09 00:00:00+01:00,88.686767578125,89.67768096923828,87.49767303466797,88.98403930664062,3833
2023-01-10 00:00:00+01:00,89.1822280883789,89.1822280883789,87.49767303466797,87.49767303466797,599
2023-01-11 00:00:00+01:00,87.49767303466797,87.7949447631836,85.21856689453125,85.9122085571289,1162
2023-01-12 00:00:00+01:00,86.11038970947266,87.00221252441406,84.52493286132812,85.21856689453125,1814
2023-01-13 00:00:00+01:00,86.11038970947266,86.11038970947266,81.25491333007812,83.23674011230469,3814
2023-01-16 00:00:00+01:00,83.3358383178711,86.70494079589844,83.3358383178711,86.70494079589844,18174
2023-01-17 00:00:00+01:00,86.70494079589844,87.20040130615234,83.93038177490234,85.21856689453125,2842
2023-01-18 00:00:00+01:00,85.71402740478516,85.81311798095703,82.84037780761719,83.3358383178711,3250
2023-01-19 00:00:00+01:00,84.32675170898438,84.92129516601562,82.2458267211914,82.2458267211914,4853
2023-01-20 00:00:00+01:00,82.2458267211914,84.22765350341797,81.35400390625,82.74128723144531,2229
2023-01-23 00:00:00+01:00,82.74128723144531,84.22765350341797,82.74128723144531,82.93946838378906,1658
2023-01-24 00:00:00+01:00,82.93946838378906,85.0203857421875,82.93946838378906,84.22765350341797,2907
2023-01-25 00:00:00+01:00,84.02947235107422,85.61493682861328,83.7322006225586,84.82220458984375,731
2023-01-26 00:00:00+01:00,85.21856689453125,85.21856689453125,83.03855895996094,83.03855895996094,773
2023-01-27 00:00:00+01:00,82.84037780761719,84.1285629272461,82.74128723144531,84.1285629272461,1436
2023-01-30 00:00:00+01:00,84.1285629272461,84.1285629272461,79.86763763427734,80.66036987304688,4614
2023-01-31 00:00:00+01:00,81.25491333007812,82.2458267211914,80.75946044921875,82.2458267211914,1060
2023-02-01 00:00:00+01:00,83.13764953613281,83.13764953613281,80.46218872070312,82.04764556884766,1603
2023-02-02 00:00:00+01:00,83.03855895996094,84.92129516601562,82.93946838378906,83.83129119873047,2260
2023-02-03 00:00:00+01:00,82.84037780761719,82.84037780761719,81.35400390625,82.2458267211914,3587
2023-02-06 00:00:00+01:00,83.13764953613281,83.93038177490234,82.34491729736328,83.03855895996094,704
2023-02-07 00:00:00+01:00,83.13764953613281,84.22765350341797,82.93946838378906,83.83129119873047,597
2023-02-08 00:00:00+01:00,84.22765350341797,84.22765350341797,82.74128723144531,83.83129119873047,1345
2023-02-09 00:00:00+01:00,83.93038177490234,83.93038177490234,82.64219665527344,83.23674011230469,2194
2023-02-10 00:00:00+01:00,83.83129119873047,84.32675170898438,82.2458267211914,84.32675170898438,1577
2023-02-13 00:00:00+01:00,84.32675170898438,84.32675170898438,80.75946044921875,80.75946044921875,1373
2023-02-14 00:00:00+01:00,80.26399993896484,81.05673217773438,79.57036590576172,80.66036987304688,1453
2023-02-15 00:00:00+01:00,80.66036987304688,81.25491333007812,80.66036987304688,81.25491333007812,1332
2023-02-16 00:00:00+01:00,82.64219665527344,82.64219665527344,81.05673217773438,81.05673217773438,310
2023-02-17 00:00:00+01:00,80.9576416015625,81.05673217773438,79.76854705810547,80.26399993896484,1364
2023-02-20 00:00:00+01:00,82.2458267211914,82.2458267211914,79.6694564819336,81.55219268798828,2753
2023-02-21 00:00:00+01:00,82.2458267211914,82.2458267211914,81.65128326416016,81.75037384033203,1075
2023-02-22 00:00:00+01:00,81.4531021118164,82.2458267211914,78.57945251464844,78.57945251464844,1189
2023-02-23 00:00:00+01:00,77.7867202758789,77.98490142822266,74.1203384399414,76.3994369506836,11921
2023-02-24 00:00:00+01:00,76.79580688476562,78.77763366699219,76.79580688476562,77.7867202758789,1825
2023-02-27 00:00:00+01:00,78.77763366699219,78.77763366699219,75.50761413574219,75.90398406982422,2825
2023-02-28 00:00:00+01:00,76.10216522216797,76.30034637451172,74.31851959228516,75.30943298339844,2650
2023-03-01 00:00:00+01:00,75.30943298339844,75.30943298339844,74.71488952636719,75.30943298339844,3370
2023-03-02 00:00:00+01:00,75.70580291748047,76.99398803710938,75.01216125488281,76.10216522216797,2008
2023-03-03 00:00:00+01:00,76.0030746459961,77.09307861328125,74.81398010253906,75.11125183105469,1399
2023-03-06 00:00:00+01:00,75.01216125488281,82.44401550292969,74.81398010253906,81.15582275390625,5330
2023-03-07 00:00:00+01:00,82.44401550292969,82.44401550292969,80.26399993896484,81.35400390625,2480
2023-03-08 00:00:00+01:00,81.35400390625,81.35400390625,79.86763763427734,80.26399993896484,1180
2023-03-09 00:00:00+01:00,82.2458267211914,82.2458267211914,80.26399993896484,80.561279296875,1691
2023-03-10 00:00:00+01:00,80.26399993896484,82.2458267211914,77.48944091796875,82.2458267211914,1246
2023-03-13 00:00:00+01:00,82.2458267211914,82.2458267211914,78.97581481933594,81.05673217773438,2336
2023-03-14 00:00:00+01:00,80.26399993896484,82.74128723144531,79.47126770019531,82.74128723144531,672
2023-03-15 00:00:00+01:00,82.2458267211914,82.2458267211914,77.48944091796875,78.1830825805664,2223
2023-03-16 00:00:00+01:00,78.1830825805664,78.38126373291016,75.30943298339844,76.69671630859375,1378
2023-03-17 00:00:00+01:00,76.69671630859375,84.22765350341797,75.70580291748047,84.22765350341797,5735
2023-03-20 00:00:00+01:00,84.22765350341797,84.22765350341797,81.25491333007812,84.02947235107422,2297
2023-03-21 00:00:00+01:00,81.94855499267578,84.22765350341797,81.25491333007812,82.2458267211914,2872
2023-03-22 00:00:00+01:00,81.75037384033203,81.75037384033203,78.38126373291016,78.77763366699219,1051
2023-03-23 00:00:00+01:00,79.86763763427734,83.63311004638672,77.7867202758789,79.37217712402344,1247
2023-03-24 00:00:00+01:00,77.98490142822266,79.37217712402344,76.79580688476562,77.09307861328125,874
2023-03-27 00:00:00+02:00,77.291259765625,79.27308654785156,76.30034637451172,77.48944091796875,522
2023-03-28 00:00:00+02:00,77.48944091796875,78.28217315673828,76.79580688476562,77.291259765625,576
2023-03-29 00:00:00+02:00,77.48944091796875,77.68762969970703,76.49852752685547,76.49852752685547,929
2023-03-30 00:00:00+02:00,76.3994369506836,78.67854309082031,76.3994369506836,77.291259765625,3302
2023-03-31 00:00:00+02:00,78.28217315673828,78.28217315673828,77.09307861328125,77.58853912353516,1280
2023-04-03 00:00:00+02:00,77.48944091796875,80.26399993896484,77.291259765625,79.27308654785156,5043
2023-04-04 00:00:00+02:00,78.97581481933594,79.86763763427734,78.57945251464844,79.27308654785156,380
2023-04-05 00:00:00+02:00,79.27308654785156,79.86763763427734,78.97581481933594,78.97581481933594,646
2023-04-06 00:00:00+02:00,78.87672424316406,80.26399993896484,78.48035430908203,80.26399993896484,609
2023-04-11 00:00:00+02:00,80.26399993896484,81.25491333007812,79.27308654785156,80.0658187866211,1147
2023-04-12 00:00:00+02:00,81.15582275390625,81.25491333007812,80.26399993896484,81.05673217773438,3000
2023-04-13 00:00:00+02:00,81.15582275390625,82.2458267211914,81.05673217773438,82.04764556884766,1408
2023-04-14 00:00:00+02:00,83.23674011230469,83.3358383178711,81.35400390625,82.34491729736328,4749
2023-04-17 00:00:00+02:00,83.23674011230469,83.3358383178711,81.65128326416016,83.13764953613281,4300
2023-04-18 00:00:00+02:00,83.03855895996094,83.43492889404297,81.94855499267578,82.93946838378906,4591
2023-04-19 00:00:00+02:00,83.43492889404297,83.43492889404297,80.85855102539062,83.13764953613281,3379
2023-04-20 00:00:00+02:00,83.13764953613281,83.13764953613281,81.94855499267578,82.34491729736328,579
2023-04-21 00:00:00+02:00,82.34491729736328,83.3358383178711,81.4531021118164,81.4531021118164,565
2023-04-24 00:00:00+02:00,81.8494644165039,81.8494644165039,77.291259765625,79.07490539550781,54402
2023-04-25 00:00:00+02:00,79.17399597167969,79.27308654785156,78.67854309082031,78.77763366699219,62799
2023-04-26 00:00:00+02:00,78.87672424316406,78.87672424316406,77.7867202758789,78.1830825805664,1157
2023-04-27 00:00:00+02:00,77.7867202758789,80.26399993896484,77.291259765625,80.0658187866211,2726
2023-04-28 00:00:00+02:00,80.16490936279297,82.2458267211914,80.16490936279297,81.15582275390625,573
2023-05-02 00:00:00+02:00,82.2458267211914,82.2458267211914,78.28217315673828,81.65128326416016,513
2023-05-04 00:00:00+02:00,82.2458267211914,83.23674011230469,79.76854705810547,81.35400390625,7258
2023-05-05 00:00:00+02:00,82.44401550292969,83.23674011230469,81.25491333007812,81.94855499267578,1424
2023-05-08 00:00:00+02:00,82.34491729736328,82.93946838378906,81.55219268798828,81.55219268798828,8285
2023-05-09 00:00:00+02:00,81.25491333007812,83.3358383178711,81.25491333007812,83.3358383178711,1789
2023-05-10 00:00:00+02:00,83.3358383178711,83.63311004638672,82.2458267211914,83.63311004638672,2069
2023-05-11 00:00:00+02:00,83.7322006225586,84.22765350341797,83.43492889404297,84.22765350341797,888
2023-05-12 00:00:00+02:00,84.22765350341797,86.80403137207031,83.7322006225586,86.80403137207031,3688
2023-05-15 00:00:00+02:00,86.90312194824219,87.69585418701172,84.6240234375,87.49767303466797,3113
2023-05-16 00:00:00+02:00,87.49767303466797,87.49767303466797,86.40766906738281,86.40766906738281,732
2023-05-17 00:00:00+02:00,87.10130310058594,88.686767578125,86.20948028564453,88.38949584960938,1163
2023-05-18 00:00:00+02:00,88.58767700195312,88.58767700195312,86.20948028564453,86.20948028564453,2629
2023-05-19 00:00:00+02:00,88.38949584960938,88.38949584960938,86.30857849121094,88.2904052734375,10518
2023-05-22 00:00:00+02:00,88.2904052734375,91.0649642944336,88.2904052734375,88.2904052734375,4641
2023-05-23 00:00:00+02:00,88.2904052734375,90.17314147949219,88.2904052734375,89.38040924072266,668
2023-05-24 00:00:00+02:00,90.17314147949219,90.17314147949219,88.19131469726562,88.19131469726562,733
2023-05-25 00:00:00+02:00,88.19131469726562,89.67768096923828,83.43492889404297,85.21856689453125,2936
2023-05-26 00:00:00+02:00,84.32675170898438,85.9122085571289,83.93038177490234,85.21856689453125,1497
2023-05-29 00:00:00+02:00,85.41675567626953,85.81311798095703,81.8494644165039,82.44401550292969,1904
2023-05-30 00:00:00+02:00,82.44401550292969,83.43492889404297,81.75037384033203,81.75037384033203,631
2023-05-31 00:00:00+02:00,81.75037384033203,81.75037384033203,78.57945251464844,78.57945251464844,2794
2023-06-01 00:00:00+02:00,78.77763366699219,82.2458267211914,78.28217315673828,78.28217315673828,1766
2023-06-02 00:00:00+02:00,78.28217315673828,84.32675170898438,78.08399200439453,84.32675170898438,2551
2023-06-05 00:00:00+02:00,84.32675170898438,86.20948028564453,84.22765350341797,85.71402740478516,1001
2023-06-06 00:00:00+02:00,86.20948028564453,86.20948028564453,82.2458267211914,84.1285629272461,731
2023-06-07 00:00:00+02:00,83.7322006225586,84.72311401367188,80.561279296875,82.2458267211914,1513
2023-06-09 00:00:00+02:00,82.14673614501953,82.2458267211914,81.65128326416016,82.2458267211914,906
2023-06-12 00:00:00+02:00,82.2458267211914,86.20948028564453,81.35400390625,82.2458267211914,2185
2023-06-13 00:00:00+02:00,82.44401550292969,84.6240234375,82.04764556884766,84.42584228515625,873
2023-06-14 00:00:00+02:00,84.22765350341797,85.61493682861328,82.2458267211914,83.23674011230469,1630
2023-06-15 00:00:00+02:00,85.21856689453125,85.21856689453125,80.9576416015625,81.25491333007812,18475
2023-06-16 00:00:00+02:00,81.35400390625,82.74128723144531,79.37217712402344,79.37217712402344,161510
2023-06-19 00:00:00+02:00,79.76854705810547,81.15582275390625,79.47126770019531,80.16490936279297,1766
2023-06-20 00:00:00+02:00,80.66036987304688,81.55219268798828,79.76854705810547,81.25491333007812,2260
2023-06-21 00:00:00+02:00,81.55219268798828,81.75037384033203,80.9576416015625,81.25491333007812,1374
2023-06-22 00:00:00+02:00,81.25491333007812,81.55219268798828,80.26399993896484,80.85855102539062,1232
2023-06-23 00:00:00+02:00,81.75037384033203,82.2458267211914,81.15582275390625,81.94855499267578,455
2023-06-26 00:00:00+02:00,80.75946044921875,81.8494644165039,80.16490936279297,81.8494644165039,2191
2023-06-27 00:00:00+02:00,81.8494644165039,82.64219665527344,80.66036987304688,82.2458267211914,1179
2023-06-28 00:00:00+02:00,82.2458267211914,82.2458267211914,81.35400390625,81.75037384033203,720
2023-06-29 00:00:00+02:00,81.75037384033203,82.64219665527344,80.66036987304688,80.66036987304688,1369
2023-06-30 00:00:00+02:00,80.66036987304688,82.54310607910156,80.66036987304688,82.14673614501953,136
2023-07-03 00:00:00+02:00,81.25491333007812,81.8494644165039,80.85855102539062,81.4531021118164,574
2023-07-04 00:00:00+02:00,80.85855102539062,82.2458267211914,77.68762969970703,81.8494644165039,2667
2023-07-05 00:00:00+02:00,81.05673217773438,81.65128326416016,79.27308654785156,81.25491333007812,2605
2023-07-06 00:00:00+02:00,81.25491333007812,81.25491333007812,79.27308654785156,81.05673217773438,2786
2023-07-07 00:00:00+02:00,80.26399993896484,81.15582275390625,79.76854705810547,80.46218872070312,1385
2023-07-10 00:00:00+02:00,80.561279296875,82.14673614501953,80.561279296875,81.94855499267578,1476
2023-07-11 00:00:00+02:00,81.94855499267578,81.94855499267578,81.25491333007812,81.65128326416016,1027
2023-07-12 00:00:00+02:00,81.65128326416016,82.14673614501953,81.25491333007812,81.8494644165039,1405
2023-07-13 00:00:00+02:00,82.14673614501953,82.14673614501953,80.26399993896484,81.8494644165039,893
2023-07-14 00:00:00+02:00,81.65128326416016,86.01129913330078,80.46218872070312,85.21856689453125,4565
2023-07-17 00:00:00+02:00,85.61493682861328,85.61493682861328,82.54310607910156,84.82220458984375,3908
2023-07-18 00:00:00+02:00,85.11947631835938,87.10130310058594,83.23674011230469,85.0203857421875,3784
2023-07-19 00:00:00+02:00,85.31766510009766,88.686767578125,85.21856689453125,87.20040130615234,1886
2023-07-20 00:00:00+02:00,89.1822280883789,90.66859436035156,85.31766510009766,86.80403137207031,3160
2023-07-21 00:00:00+02:00,86.70494079589844,88.19131469726562,86.40766906738281,86.60585021972656,333
2023-07-24 00:00:00+02:00,85.31766510009766,86.11038970947266,85.21856689453125,86.11038970947266,617
2023-07-25 00:00:00+02:00,87.69585418701172,87.69585418701172,86.20948028564453,86.20948028564453,194
2023-07-26 00:00:00+02:00,86.20948028564453,86.60585021972656,84.52493286132812,84.72311401367188,379
2023-07-27 00:00:00+02:00,84.6240234375,86.20948028564453,84.6240234375,85.21856689453125,38646
2023-07-28 00:00:00+02:00,84.6240234375,86.01129913330078,84.6240234375,86.01129913330078,665
2023-07-31 00:00:00+02:00,85.9122085571289,86.11038970947266,84.22765350341797,85.81311798095703,1266
2023-08-01 00:00:00+02:00,85.5158462524414,85.5158462524414,84.42584228515625,84.6240234375,410
2023-08-02 00:00:00+02:00,85.21856689453125,85.21856689453125,84.22765350341797,84.42584228515625,446
2023-08-03 00:00:00+02:00,84.42584228515625,84.92129516601562,84.32675170898438,84.52493286132812,728
2023-08-04 00:00:00+02:00,85.11947631835938,85.21856689453125,84.1285629272461,84.92129516601562,474
2023-08-07 00:00:00+02:00,85.0203857421875,85.0203857421875,82.74128723144531,83.43492889404297,1663
2023-08-08 00:00:00+02:00,83.7322006225586,83.7322006225586,81.94855499267578,82.44401550292969,893
2023-08-09 00:00:00+02:00,82.54310607910156,83.7322006225586,81.25491333007812,82.14673614501953,2308
2023-08-10 00:00:00+02:00,82.2458267211914,82.64219665527344,80.66036987304688,82.64219665527344,864
2023-08-11 00:00:00+02:00,83.03855895996094,83.23674011230469,81.25491333007812,81.25491333007812,826
2023-08-14 00:00:00+02:00,83.23674011230469,83.7322006225586,82.34491729736328,83.7322006225586,1711
2023-08-16 00:00:00+02:00,84.02947235107422,84.22765350341797,81.55219268798828,83.7322006225586,2844
2023-08-17 00:00:00+02:00,84.02947235107422,84.02947235107422,82.04764556884766,82.04764556884766,162
2023-08-18 00:00:00+02:00,82.93946838378906,82.93946838378906,78.97581481933594,79.17399597167969,4245
2023-08-21 00:00:00+02:00,79.17399597167969,79.27308654785156,77.68762969970703,78.28217315673828,3430
2023-08-22 00:00:00+02:00,77.88581085205078,78.28217315673828,77.68762969970703,78.28217315673828,961
2023-08-23 00:00:00+02:00,78.1830825805664,78.28217315673828,75.40852355957031,77.7867202758789,1711
2023-08-24 00:00:00+02:00,77.291259765625,77.88581085205078,75.11125183105469,75.11125183105469,1617
2023-08-25 00:00:00+02:00,74.31851959228516,74.71488952636719,72.8321533203125,73.6248779296875,3794
2023-08-28 00:00:00+02:00,74.31851959228516,74.31851959228516,73.52578735351562,74.02124786376953,428
2023-08-29 00:00:00+02:00,74.31851959228516,75.30943298339844,73.92215728759766,75.11125183105469,1692
2023-08-30 00:00:00+02:00,75.60670471191406,75.60670471191406,73.32760620117188,75.60670471191406,832
2023-08-31 00:00:00+02:00,75.60670471191406,77.09307861328125,75.60670471191406,77.09307861328125,717
2023-09-01 00:00:00+02:00,77.09307861328125,81.05673217773438,74.71488952636719,76.10216522216797,3097
2023-09-04 00:00:00+02:00,76.10216522216797,78.28217315673828,75.70580291748047,76.59762573242188,965
2023-09-05 00:00:00+02:00,76.59762573242188,77.291259765625,76.10216522216797,77.291259765625,325
2023-09-06 00:00:00+02:00,77.291259765625,77.48944091796875,75.30943298339844,75.30943298339844,644
2023-09-07 00:00:00+02:00,74.81398010253906,76.49852752685547,74.71488952636719,76.49852752685547,1982
2023-09-08 00:00:00+02:00,78.1830825805664,78.28217315673828,74.71488952636719,77.19216918945312,1810
2023-09-11 00:00:00+02:00,77.291259765625,77.291259765625,75.21034240722656,76.99398803710938,2931
2023-09-12 00:00:00+02:00,77.19216918945312,77.291259765625,76.30034637451172,76.49852752685547,873
2023-09-13 00:00:00+02:00,77.19999694824219,78.5999984741211,77.0,77.69999694824219,762
2023-09-14 00:00:00+02:00,77.80000305175781,79.80000305175781,76.0,76.0,2563
2023-09-15 00:00:00+02:00,76.0,79.0,73.5999984741211,74.30000305175781,1581
2023-09-18 00:00:00+02:00,74.5999984741211,79.80000305175781,74.5999984741211,75.0999984741211,1481
2023-09-19 00:00:00+02:00,75.0999984741211,76.69999694824219,74.5999984741211,75.0,1395
2023-09-20 00:00:00+02:00,76.0,76.0,74.0,75.30000305175781,565
2023-09-21 00:00:00+02:00,75.4000015258789,75.4000015258789,74.9000015258789,75.4000015258789,2052
2023-09-22 00:00:00+02:00,75.0,75.4000015258789,74.19999694824219,74.5,1969
2023-09-25 00:00:00+02:00,74.5,75.0,70.5999984741211,74.19999694824219,1939
2023-09-26 00:00:00+02:00,74.19999694824219,74.19999694824219,73.0,73.30000305175781,660
2023-09-27 00:00:00+02:00,74.9000015258789,74.9000015258789,71.80000305175781,73.30000305175781,827
2023-09-28 00:00:00+02:00,74.9000015258789,74.9000015258789,71.5,73.0,1337
2023-09-29 00:00:00+02:00,73.0,73.9000015258789,72.69999694824219,73.0,3149
2023-10-02 00:00:00+02:00,73.0,73.0999984741211,71.5,72.5,459
2023-10-03 00:00:00+02:00,71.5,72.80000305175781,71.5,72.69999694824219,365
2023-10-04 00:00:00+02:00,72.0,72.0,70.19999694824219,71.69999694824219,611
2023-10-05 00:00:00+02:00,73.5,73.5,68.30000305175781,70.30000305175781,2069
2023-10-06 00:00:00+02:00,70.0,71.69999694824219,69.4000015258789,70.5999984741211,1271
2023-10-09 00:00:00+02:00,71.5,71.5999984741211,70.0,71.0999984741211,273
2023-10-10 00:00:00+02:00,71.0999984741211,72.80000305175781,70.69999694824219,72.80000305175781,482
2023-10-11 00:00:00+02:00,73.19999694824219,74.0,72.0,72.80000305175781,3428
2023-10-12 00:00:00+02:00,73.80000305175781,74.5,72.5999984741211,72.5999984741211,777
2023-10-13 00:00:00+02:00,72.69999694824219,74.4000015258789,72.69999694824219,73.0,1292
2023-10-16 00:00:00+02:00,73.5,75.0,72.0999984741211,73.0,5360
2023-10-17 00:00:00+02:00,74.0,75.0,73.5,73.5,17667
2023-10-18 00:00:00+02:00,74.9000015258789,77.69999694824219,72.5999984741211,74.0999984741211,9351
2023-10-19 00:00:00+02:00,73.5999984741211,73.5999984741211,72.0999984741211,73.0,2661
2023-10-20 00:00:00+02:00,74.9000015258789,74.9000015258789,71.19999694824219,72.5,1509
2023-10-23 00:00:00+02:00,71.4000015258789,72.5,71.0999984741211,71.5999984741211,775
2023-10-24 00:00:00+02:00,72.5,73.0,71.80000305175781,73.0,1328
2023-10-25 00:00:00+02:00,73.0,73.5,71.80000305175781,71.80000305175781,661
2023-10-26 00:00:00+02:00,72.69999694824219,73.5,71.69999694824219,72.0999984741211,595
2023-10-27 00:00:00+02:00,72.80000305175781,73.0,72.19999694824219,72.19999694824219,302
2023-10-30 00:00:00+01:00,73.30000305175781,76.5,71.5,72.30000305175781,2443
2023-10-31 00:00:00+01:00,73.80000305175781,73.80000305175781,71.80000305175781,72.0,630
2023-11-02 00:00:00+01:00,72.5,72.69999694824219,72.0,72.0999984741211,240
2023-11-03 00:00:00+01:00,72.5999984741211,72.5999984741211,72.0,72.0999984741211,813
2023-11-06 00:00:00+01:00,73.5,73.5,72.19999694824219,72.19999694824219,758
2023-11-07 00:00:00+01:00,72.19999694824219,73.0,72.19999694824219,72.19999694824219,296
2023-11-08 00:00:00+01:00,72.9000015258789,73.80000305175781,72.19999694824219,73.69999694824219,776
2023-11-09 00:00:00+01:00,73.9000015258789,75.0999984741211,73.4000015258789,74.0999984741211,783
2023-11-10 00:00:00+01:00,75.0,75.0,73.5999984741211,73.5999984741211,2646
2023-11-13 00:00:00+01:00,75.0999984741211,75.0999984741211,73.5999984741211,75.0,1432
2023-11-14 00:00:00+01:00,75.0,75.4000015258789,73.5,73.5999984741211,972
2023-11-15 00:00:00+01:00,75.4000015258789,75.4000015258789,73.5,73.9000015258789,1540
2023-11-16 00:00:00+01:00,74.9000015258789,74.9000015258789,72.0,72.0,1741
2023-11-17 00:00:00+01:00,73.5,73.5,72.5,72.80000305175781,797
2023-11-20 00:00:00+01:00,73.5,73.5,72.5,72.5999984741211,1059
2023-11-21 00:00:00+01:00,73.0,73.0,72.5,72.5,742
2023-11-22 00:00:00+01:00,74.0,74.0,72.0999984741211,72.69999694824219,4164
2023-11-23 00:00:00+01:00,75.0,75.0,72.30000305175781,72.4000015258789,830
2023-11-24 00:00:00+01:00,73.0,73.0,72.4000015258789,72.9000015258789,318
2023-11-27 00:00:00+01:00,72.9000015258789,76.0,72.5,75.5999984741211,5133
2023-11-28 00:00:00+01:00,75.0,75.69999694824219,72.69999694824219,73.19999694824219,6584
2023-11-29 00:00:00+01:00,74.5999984741211,75.0,73.30000305175781,73.5999984741211,19334
2023-11-30 00:00:00+01:00,73.5,73.5,72.80000305175781,72.9000015258789,2439
2023-12-01 00:00:00+01:00,73.4000015258789,74.5999984741211,72.0,73.0,6910
2023-12-04 00:00:00+01:00,73.0,74.9000015258789,72.5,74.9000015258789,2007
2023-12-05 00:00:00+01:00,74.9000015258789,74.9000015258789,73.30000305175781,73.69999694824219,3635
2023-12-06 00:00:00+01:00,74.80000305175781,74.80000305175781,72.80000305175781,74.0,6945
2023-12-07 00:00:00+01:00,74.0,74.0,73.0,73.30000305175781,960
2023-12-08 00:00:00+01:00,73.30000305175781,74.0,73.30000305175781,73.9000015258789,1832
2023-12-11 00:00:00+01:00,74.0,74.80000305175781,73.30000305175781,73.5999984741211,5685
2023-12-12 00:00:00+01:00,73.5999984741211,74.0,72.80000305175781,73.0,2135
2023-12-13 00:00:00+01:00,72.80000305175781,73.5,72.69999694824219,72.9000015258789,5746
2023-12-14 00:00:00+01:00,73.0,75.9000015258789,72.9000015258789,75.9000015258789,8435
2023-12-15 00:00:00+01:00,75.9000015258789,81.0,75.5,81.0,13049
2023-12-18 00:00:00+01:00,81.0,81.0,78.69999694824219,80.0,1843
2023-12-19 00:00:00+01:00,80.80000305175781,80.80000305175781,78.19999694824219,78.30000305175781,56075
2023-12-20 00:00:00+01:00,79.80000305175781,79.9000015258789,77.19999694824219,78.5,2447
2023-12-21 00:00:00+01:00,78.5,79.80000305175781,77.0999984741211,77.4000015258789,1529
2023-12-22 00:00:00+01:00,77.30000305175781,79.0,77.19999694824219,77.80000305175781,820
2023-12-27 00:00:00+01:00,78.0,79.0,76.19999694824219,76.5,2312
2023-12-28 00:00:00+01:00,76.5,77.0,76.0,76.9000015258789,3111
2023-12-29 00:00:00+01:00,77.0,77.0,74.5999984741211,76.80000305175781,4520
2024-01-02 00:00:00+01:00,77.0,77.69999694824219,74.80000305175781,76.0,3163
2024-01-03 00:00:00+01:00,76.5,77.5999984741211,75.0,77.5999984741211,730
2024-01-04 00:00:00+01:00,77.4000015258789,77.4000015258789,75.5999984741211,76.0,649
2024-01-05 00:00:00+01:00,76.80000305175781,76.80000305175781,74.19999694824219,76.0,3633
2024-01-08 00:00:00+01:00,76.0,77.0,75.0999984741211,77.0,1641
2024-01-09 00:00:00+01:00,77.0,77.0,75.5999984741211,77.0,1653
2024-01-10 00:00:00+01:00,76.9000015258789,76.9000015258789,75.5,76.30000305175781,2240
2024-01-11 00:00:00+01:00,75.30000305175781,76.0,75.19999694824219,75.19999694824219,1366
2024-01-12 00:00:00+01:00,75.30000305175781,75.5999984741211,75.0,75.5,864
2024-01-15 00:00:00+01:00,75.9000015258789,76.69999694824219,75.5,75.5,812
2024-01-16 00:00:00+01:00,76.0,76.5999984741211,74.9000015258789,74.9000015258789,1871
2024-01-17 00:00:00+01:00,74.80000305175781,75.0999984741211,73.0,73.9000015258789,1842
2024-01-18 00:00:00+01:00,73.9000015258789,75.19999694824219,73.30000305175781,74.5,1380
2024-01-19 00:00:00+01:00,75.9000015258789,75.9000015258789,74.5,74.5999984741211,936
2024-01-22 00:00:00+01:00,76.0,76.0,74.19999694824219,75.19999694824219,1973
2024-01-23 00:00:00+01:00,74.0999984741211,75.19999694824219,74.0999984741211,74.5,152
2024-01-24 00:00:00+01:00,74.5,75.0,74.30000305175781,75.0,481
2024-01-25 00:00:00+01:00,75.0,75.0,74.19999694824219,74.69999694824219,137
2024-01-26 00:00:00+01:00,75.0,75.19999694824219,74.5999984741211,74.5999984741211,860
2024-01-29 00:00:00+01:00,74.5999984741211,75.4000015258789,74.5999984741211,75.0,234
2024-01-30 00:00:00+01:00,75.4000015258789,75.4000015258789,74.4000015258789,74.4000015258789,232
2024-01-31 00:00:00+01:00,74.9000015258789,75.0,73.0999984741211,74.5,2224
2024-02-01 00:00:00+01:00,74.80000305175781,75.0,73.80000305175781,75.0,2512
2024-02-02 00:00:00+01:00,75.0,75.0,74.5,75.0,1665
2024-02-05 00:00:00+01:00,75.0,76.69999694824219,75.0,76.0,4698
2024-02-06 00:00:00+01:00,76.80000305175781,76.80000305175781,74.5999984741211,74.9000015258789,1725
2024-02-07 00:00:00+01:00,75.4000015258789,75.4000015258789,74.80000305175781,75.4000015258789,274
2024-02-08 00:00:00+01:00,75.4000015258789,75.4000015258789,74.80000305175781,75.4000015258789,110
2024-02-09 00:00:00+01:00,75.0999984741211,75.0999984741211,73.19999694824219,74.5999984741211,4199
2024-02-12 00:00:00+01:00,74.5999984741211,74.9000015258789,72.9000015258789,73.5,2778
2024-02-13 00:00:00+01:00,73.0,73.80000305175781,72.0999984741211,73.30000305175781,1532
2024-02-14 00:00:00+01:00,73.5,73.5,71.19999694824219,71.80000305175781,2661
2024-02-15 00:00:00+01:00,71.80000305175781,71.80000305175781,68.0,68.5999984741211,5483
2024-02-16 00:00:00+01:00,70.0,71.80000305175781,69.0999984741211,70.4000015258789,7274
2024-02-19 00:00:00+01:00,70.5999984741211,72.0,69.0999984741211,72.0,2079
2024-02-20 00:00:00+01:00,72.0,72.69999694824219,69.30000305175781,72.5,5029
2024-02-21 00:00:00+01:00,72.0,72.5,70.80000305175781,71.9000015258789,615
2024-02-22 00:00:00+01:00,71.9000015258789,72.30000305175781,69.80000305175781,71.80000305175781,3768
2024-02-23 00:00:00+01:00,73.0,75.0,72.0,74.80000305175781,6118
2024-02-26 00:00:00+01:00,74.80000305175781,76.5999984741211,72.5,75.0,3789
2024-02-27 00:00:00+01:00,75.0,75.0,74.5,74.80000305175781,1216
2024-02-28 00:00:00+01:00,72.69999694824219,74.5999984741211,71.0,71.19999694824219,6172
2024-02-29 00:00:00+01:00,71.9000015258789,72.5999984741211,71.9000015258789,71.9000015258789,838
2024-03-01 00:00:00+01:00,69.5,70.5,68.4000015258789,69.19999694824219,12884
2024-03-04 00:00:00+01:00,69.4000015258789,70.0,69.19999694824219,69.19999694824219,3110
2024-03-05 00:00:00+01:00,69.5999984741211,69.5999984741211,64.69999694824219,66.0999984741211,6352
2024-03-06 00:00:00+01:00,66.0,70.19999694824219,64.5,69.19999694824219,3414
2024-03-07 00:00:00+01:00,70.19999694824219,71.0,69.0999984741211,69.9000015258789,1209
2024-03-08 00:00:00+01:00,69.9000015258789,69.9000015258789,68.30000305175781,68.5999984741211,1502
2024-03-11 00:00:00+01:00,69.4000015258789,69.69999694824219,67.5,68.9000015258789,953
2024-03-12 00:00:00+01:00,68.9000015258789,73.0,68.5999984741211,68.80000305175781,1987
2024-03-13 00:00:00+01:00,70.0,70.0,68.0,68.5,1531
2024-03-14 00:00:00+01:00,68.4000015258789,68.4000015258789,63.20000076293945,65.0,10643
2024-03-15 00:00:00+01:00,65.0,65.0,59.599998474121094,60.0,12908
2024-03-18 00:00:00+01:00,60.0,60.900001525878906,58.79999923706055,60.900001525878906,5927
2024-03-19 00:00:00+01:00,60.900001525878906,62.5,60.400001525878906,62.5,2419
2024-03-20 00:00:00+01:00,62.5,62.5,60.79999923706055,62.400001525878906,3136
2024-03-21 00:00:00+01:00,62.0,62.5,60.79999923706055,62.5,2784
2024-03-22 00:00:00+01:00,62.79999923706055,63.5,62.0,63.5,1106
2024-03-25 00:00:00+01:00,63.400001525878906,63.400001525878906,61.5,62.79999923706055,2643
2024-03-26 00:00:00+01:00,64.0999984741211,64.69999694824219,62.79999923706055,63.900001525878906,2373
2024-03-27 00:00:00+01:00,64.5999984741211,66.0,62.400001525878906,66.0,50221
2024-03-28 00:00:00+01:00,67.80000305175781,69.80000305175781,66.30000305175781,68.0,6168
2024-04-02 00:00:00+02:00,67.0,70.5999984741211,67.0,68.0,1748
2024-04-03 00:00:00+02:00,68.0,68.19999694824219,66.5999984741211,68.0,355
2024-04-04 00:00:00+02:00,68.0,69.80000305175781,67.19999694824219,68.19999694824219,1361
2024-04-05 00:00:00+02:00,68.0,70.0,67.0,68.0,926
2024-04-08 00:00:00+02:00,68.19999694824219,68.19999694824219,67.5999984741211,68.0,8613
2024-04-09 00:00:00+02:00,68.4000015258789,69.4000015258789,67.80000305175781,67.80000305175781,910
2024-04-10 00:00:00+02:00,67.80000305175781,69.0,67.5999984741211,68.0,950
2024-04-11 00:00:00+02:00,68.0,68.0,67.5999984741211,68.0,256
2024-04-12 00:00:00+02:00,68.0,69.0,67.4000015258789,67.4000015258789,2706
2024-04-15 00:00:00+02:00,68.0,68.4000015258789,67.0,67.0,725
2024-04-16 00:00:00+02:00,67.0,68.4000015258789,66.0,67.0,3355
2024-04-17 00:00:00+02:00,67.0,67.80000305175781,66.19999694824219,67.80000305175781,500
2024-04-18 00:00:00+02:00,67.0,68.0,66.4000015258789,67.5999984741211,1113
2024-04-19 00:00:00+02:00,66.5999984741211,67.4000015258789,66.5999984741211,67.4000015258789,359
2024-04-22 00:00:00+02:00,67.4000015258789,67.5999984741211,66.19999694824219,66.4000015258789,1238
2024-04-23 00:00:00+02:00,66.0,67.4000015258789,66.0,66.4000015258789,756
2024-04-24 00:00:00+02:00,65.4000015258789,67.5999984741211,65.0,65.19999694824219,3209
2024-04-25 00:00:00+02:00,65.19999694824219,65.80000305175781,64.0,65.0,1633
2024-04-26 00:00:00+02:00,66.0,66.0,64.0,65.0,1271
2024-04-29 00:00:00+02:00,65.0,66.5999984741211,64.0,66.5999984741211,1484
2024-04-30 00:00:00+02:00,65.80000305175781,66.5999984741211,65.5999984741211,66.5999984741211,438
2024-05-02 00:00:00+02:00,66.0,67.0,65.5999984741211,66.80000305175781,574
2024-05-06 00:00:00+02:00,66.80000305175781,67.19999694824219,66.4000015258789,67.19999694824219,660
2024-05-07 00:00:00+02:00,67.0,67.80000305175781,66.19999694824219,67.4000015258789,2675
2024-05-08 00:00:00+02:00,67.0,68.0,66.80000305175781,67.0,2844
2024-05-09 00:00:00+02:00,67.0,69.80000305175781,66.4000015258789,68.80000305175781,2570
2024-05-10 00:00:00+02:00,69.5999984741211,70.5999984741211,68.4000015258789,70.5999984741211,3291
2024-05-13 00:00:00+02:00,71.0,73.80000305175781,71.0,73.0,5869
2024-05-14 00:00:00+02:00,73.0,73.80000305175781,71.4000015258789,72.5999984741211,5658
2024-05-15 00:00:00+02:00,72.5999984741211,72.80000305175781,71.19999694824219,71.4000015258789,539
2024-05-16 00:00:00+02:00,72.4000015258789,72.4000015258789,65.19999694824219,70.19999694824219,5535
2024-05-17 00:00:00+02:00,70.4000015258789,70.4000015258789,68.4000015258789,69.19999694824219,1406
2024-05-20 00:00:00+02:00,69.80000305175781,70.4000015258789,68.19999694824219,68.4000015258789,1387
2024-05-21 00:00:00+02:00,68.4000015258789,69.5999984741211,68.19999694824219,69.0,2759
2024-05-22 00:00:00+02:00,69.0,70.4000015258789,67.80000305175781,68.0,1515
2024-05-23 00:00:00+02:00,68.80000305175781,70.4000015258789,68.0,69.5999984741211,764
2024-05-24 00:00:00+02:00,69.80000305175781,70.0,68.0,70.0,1560
2024-05-27 00:00:00+02:00,70.4000015258789,71.5999984741211,69.5999984741211,71.0,647
2024-05-28 00:00:00+02:00,71.0,71.0,69.5999984741211,70.4000015258789,928
2024-05-29 00:00:00+02:00,70.19999694824219,70.4000015258789,68.4000015258789,70.0,1022
2024-05-31 00:00:00+02:00,70.0,70.0,67.19999694824219,69.5999984741211,1574
2024-06-03 00:00:00+02:00,69.5999984741211,69.5999984741211,69.19999694824219,69.19999694824219,196
2024-06-04 00:00:00+02:00,69.5999984741211,69.5999984741211,68.4000015258789,69.4000015258789,247
2024-06-05 00:00:00+02:00,68.4000015258789,69.4000015258789,68.4000015258789,69.4000015258789,438
2024-06-06 00:00:00+02:00,69.4000015258789,69.4000015258789,67.4000015258789,69.19999694824219,696
2024-06-07 00:00:00+02:00,69.0,69.0,67.5999984741211,68.80000305175781,873
2024-06-10 00:00:00+02:00,68.80000305175781,69.0,68.0,69.0,1209
2024-06-11 00:00:00+02:00,69.0,69.0,67.5999984741211,68.19999694824219,661
2024-06-12 00:00:00+02:00,68.4000015258789,68.4000015258789,65.80000305175781,66.0,3668
2024-06-13 00:00:00+02:00,65.80000305175781,67.19999694824219,62.599998474121094,62.599998474121094,8766
2024-06-14 00:00:00+02:00,62.599998474121094,63.400001525878906,62.400001525878906,63.20000076293945,1250
2024-06-17 00:00:00+02:00,63.400001525878906,64.19999694824219,62.79999923706055,64.19999694824219,1669
2024-06-18 00:00:00+02:00,64.4000015258789,65.4000015258789,63.599998474121094,64.19999694824219,710
2024-06-19 00:00:00+02:00,65.0,65.0,64.0,65.0,593
2024-06-20 00:00:00+02:00,64.0,65.80000305175781,63.599998474121094,65.80000305175781,1141
2024-06-21 00:00:00+02:00,66.19999694824219,66.19999694824219,64.0,65.0,4573
2024-06-24 00:00:00+02:00,64.80000305175781,64.80000305175781,63.400001525878906,63.400001525878906,1573
2024-06-25 00:00:00+02:00,64.5999984741211,64.80000305175781,63.0,64.80000305175781,10198
2024-06-26 00:00:00+02:00,65.80000305175781,66.5999984741211,63.20000076293945,64.80000305175781,4846
2024-06-27 00:00:00+02:00,65.0,65.4000015258789,64.0,65.19999694824219,3687
2024-06-28 00:00:00+02:00,65.19999694824219,65.19999694824219,64.0,64.19999694824219,1369
2024-07-01 00:00:00+02:00,65.19999694824219,65.4000015258789,63.400001525878906,63.79999923706055,4342
2024-07-02 00:00:00+02:00,64.0,65.19999694824219,63.0,65.19999694824219,2811
2024-07-03 00:00:00+02:00,65.19999694824219,68.4000015258789,64.80000305175781,68.0,3990
2024-07-04 00:00:00+02:00,68.5999984741211,69.0,66.80000305175781,68.80000305175781,3540
2024-07-05 00:00:00+02:00,69.0,69.80000305175781,67.80000305175781,69.80000305175781,2977
2024-07-08 00:00:00+02:00,70.80000305175781,73.5999984741211,70.80000305175781,72.5999984741211,7004
2024-07-09 00:00:00+02:00,73.0,73.4000015258789,70.4000015258789,72.0,1870
2024-07-10 00:00:00+02:00,72.0,73.4000015258789,71.4000015258789,72.5999984741211,1812
2024-07-11 00:00:00+02:00,72.5999984741211,72.5999984741211,71.0,72.5999984741211,3495
2024-07-12 00:00:00+02:00,72.5999984741211,72.5999984741211,71.5999984741211,72.5999984741211,2554
2024-07-15 00:00:00+02:00,72.5999984741211,72.5999984741211,70.4000015258789,71.0,1349
2024-07-16 00:00:00+02:00,71.0,71.80000305175781,69.0,70.0,1962
2024-07-17 00:00:00+02:00,70.0,70.5999984741211,68.0,69.5999984741211,1491
2024-07-18 00:00:00+02:00,70.4000015258789,70.4000015258789,68.80000305175781,69.19999694824219,1756
2024-07-19 00:00:00+02:00,69.19999694824219,70.80000305175781,69.19999694824219,70.4000015258789,1252
2024-07-22 00:00:00+02:00,70.4000015258789,70.5999984741211,69.4000015258789,70.4000015258789,498
2024-07-23 00:00:00+02:00,70.19999694824219,70.19999694824219,69.0,69.4000015258789,469
2024-07-24 00:00:00+02:00,69.80000305175781,70.0,68.19999694824219,69.0,4088
2024-07-25 00:00:00+02:00,69.0,70.4000015258789,68.4000015258789,69.0,1928
2024-07-26 00:00:00+02:00,70.4000015258789,70.4000015258789,69.0,69.80000305175781,616
2024-07-29 00:00:00+02:00,70.0,70.4000015258789,68.0,68.80000305175781,1209
2024-07-30 00:00:00+02:00,68.80000305175781,68.80000305175781,66.5999984741211,67.0,1726
2024-07-31 00:00:00+02:00,67.0,67.80000305175781,66.80000305175781,67.5999984741211,869
2024-08-01 00:00:00+02:00,67.5999984741211,67.80000305175781,65.19999694824219,65.80000305175781,3451
2024-08-02 00:00:00+02:00,65.80000305175781,65.80000305175781,64.4000015258789,65.0,7833
2024-08-05 00:00:00+02:00,64.0,64.5999984741211,62.599998474121094,62.599998474121094,3404
2024-08-06 00:00:00+02:00,64.0,65.0,63.20000076293945,63.79999923706055,3075
2024-08-07 00:00:00+02:00,64.0,64.5999984741211,63.400001525878906,64.5999984741211,498
2024-08-08 00:00:00+02:00,64.5999984741211,64.80000305175781,62.79999923706055,64.80000305175781,345
2024-08-09 00:00:00+02:00,64.80000305175781,65.5999984741211,63.20000076293945,63.20000076293945,1540
2024-08-12 00:00:00+02:00,65.0,65.80000305175781,65.0,65.5999984741211,2209
2024-08-13 00:00:00+02:00,65.5999984741211,65.80000305175781,64.5999984741211,65.5999984741211,1088
2024-08-14 00:00:00+02:00,65.80000305175781,65.80000305175781,64.19999694824219,65.4000015258789,2013
2024-08-16 00:00:00+02:00,65.19999694824219,66.5999984741211,65.19999694824219,66.5999984741211,1790
2024-08-19 00:00:00+02:00,66.5999984741211,68.0,65.5999984741211,66.80000305175781,3343
2024-08-20 00:00:00+02:00,66.80000305175781,69.80000305175781,66.19999694824219,69.19999694824219,2737
2024-08-21 00:00:00+02:00,69.0,70.19999694824219,67.4000015258789,67.80000305175781,3893
2024-08-22 00:00:00+02:00,69.4000015258789,69.80000305175781,67.19999694824219,68.5999984741211,3255
2024-08-23 00:00:00+02:00,69.0,70.4000015258789,67.80000305175781,69.5999984741211,2629
2024-08-26 00:00:00+02:00,69.5999984741211,70.5999984741211,68.4000015258789,69.4000015258789,2395
2024-08-27 00:00:00+02:00,70.4000015258789,70.80000305175781,69.0,70.0,3914
2024-08-28 00:00:00+02:00,71.0,72.0,69.5999984741211,72.0,3523
2024-08-29 00:00:00+02:00,70.4000015258789,72.0,69.80000305175781,71.4000015258789,2594
2024-08-30 00:00:00+02:00,71.4000015258789,71.80000305175781,70.19999694824219,71.80000305175781,688
2024-09-02 00:00:00+02:00,71.80000305175781,71.80000305175781,70.0,70.0,3109
2024-09-03 00:00:00+02:00,70.0,70.0,67.0,68.80000305175781,3361
2024-09-04 00:00:00+02:00,69.0,69.0,67.0,67.4000015258789,2552
2024-09-05 00:00:00+02:00,68.19999694824219,69.0,67.4000015258789,68.4000015258789,2517
2024-09-06 00:00:00+02:00,68.5999984741211,68.5999984741211,66.19999694824219,67.4000015258789,2595
2024-09-09 00:00:00+02:00,68.0,69.80000305175781,67.19999694824219,68.80000305175781,630
2024-09-10 00:00:00+02:00,69.0,70.0,67.4000015258789,70.0,3858
2024-09-11 00:00:00+02:00,69.80000305175781,70.0,68.5999984741211,68.5999984741211,774
2024-09-12 00:00:00+02:00,69.5999984741211,69.5999984741211,67.4000015258789,67.4000015258789,3599
2024-09-13 00:00:00+02:00,68.0,69.5999984741211,67.0,67.19999694824219,3232
2024-09-16 00:00:00+02:00,67.19999694824219,68.80000305175781,67.19999694824219,68.19999694824219,2584
2024-09-17 00:00:00+02:00,68.19999694824219,69.0,67.80000305175781,68.0,1096
2024-09-18 00:00:00+02:00,69.0,69.4000015258789,67.5999984741211,68.80000305175781,3249
2024-09-19 00:00:00+02:00,69.0,69.0,67.5999984741211,67.5999984741211,4409
2024-09-20 00:00:00+02:00,69.0,69.4000015258789,68.0,69.0,379
2024-09-23 00:00:00+02:00,68.0,69.5999984741211,68.0,69.5999984741211,653
2024-09-24 00:00:00+02:00,69.5999984741211,70.80000305175781,68.4000015258789,70.5999984741211,5346
2024-09-25 00:00:00+02:00,70.5999984741211,70.5999984741211,70.0,70.0,426
2024-09-26 00:00:00+02:00,70.4000015258789,72.0,70.0,71.0,3302
2024-09-27 00:00:00+02:00,71.5999984741211,71.80000305175781,70.0,71.0,2189
2024-09-30 00:00:00+02:00,71.4000015258789,71.4000015258789,70.0,70.80000305175781,1692
2024-10-01 00:00:00+02:00,70.80000305175781,71.80000305175781,70.19999694824219,71.5999984741211,3190
2024-10-02 00:00:00+02:00,71.5999984741211,71.5999984741211,70.4000015258789,70.5999984741211,448
2024-10-03 00:00:00+02:00,70.5999984741211,71.0,69.4000015258789,69.4000015258789,1854
2024-10-04 00:00:00+02:00,71.19999694824219,71.4000015258789,70.4000015258789,71.4000015258789,317
2024-10-07 00:00:00+02:00,71.4000015258789,71.4000015258789,69.4000015258789,70.0,1084
2024-10-08 00:00:00+02:00,70.0,71.80000305175781,69.0,71.80000305175781,3066
2024-10-09 00:00:00+02:00,71.4000015258789,73.0,70.4000015258789,72.80000305175781,3827
2024-10-10 00:00:00+02:00,72.5999984741211,76.5999984741211,72.4000015258789,75.19999694824219,9982
2024-10-11 00:00:00+02:00,76.0,76.5999984741211,75.5999984741211,75.5999984741211,6553
2024-10-14 00:00:00+02:00,76.5999984741211,77.5999984741211,75.19999694824219,76.4000015258789,4570
2024-10-15 00:00:00+02:00,77.0,77.0,74.80000305175781,75.19999694824219,3118
2024-10-16 00:00:00+02:00,77.0,77.0,74.19999694824219,76.4000015258789,2623
2024-10-17 00:00:00+02:00,76.4000015258789,77.0,73.80000305175781,74.4000015258789,4189
2024-10-18 00:00:00+02:00,74.4000015258789,77.0,74.4000015258789,77.0,3358
2024-10-21 00:00:00+02:00,77.4000015258789,77.4000015258789,75.4000015258789,77.0,2994
2024-10-22 00:00:00+02:00,77.0,77.4000015258789,75.19999694824219,75.4000015258789,3035
2024-10-23 00:00:00+02:00,77.19999694824219,77.19999694824219,75.80000305175781,76.4000015258789,3657
2024-10-24 00:00:00+02:00,77.4000015258789,77.80000305175781,76.5999984741211,76.5999984741211,1330
2024-10-25 00:00:00+02:00,77.19999694824219,77.5999984741211,75.5999984741211,77.0,4237
2024-10-28 00:00:00+01:00,77.0,77.80000305175781,76.5999984741211,77.5999984741211,524
2024-10-29 00:00:00+01:00,77.5999984741211,77.80000305175781,77.0,77.5999984741211,882
2024-10-30 00:00:00+01:00,77.80000305175781,77.80000305175781,75.5999984741211,76.0,2140
2024-10-31 00:00:00+01:00,76.0,77.0,74.5999984741211,76.0,982
2024-11-04 00:00:00+01:00,77.19999694824219,77.19999694824219,73.4000015258789,76.0,1513
2024-11-05 00:00:00+01:00,76.5999984741211,76.5999984741211,75.4000015258789,75.4000015258789,751
2024-11-06 00:00:00+01:00,77.0,77.19999694824219,75.4000015258789,77.0,887
2024-11-07 00:00:00+01:00,76.4000015258789,77.19999694824219,70.80000305175781,71.4000015258789,8449
2024-11-08 00:00:00+01:00,71.5999984741211,73.80000305175781,71.5999984741211,73.80000305175781,2160
2024-11-12 00:00:00+01:00,73.80000305175781,74.5999984741211,73.0,74.0,5010
2024-11-13 00:00:00+01:00,74.0,74.80000305175781,73.0,74.19999694824219,3634
2024-11-14 00:00:00+01:00,75.0,75.4000015258789,73.5999984741211,74.0,2597
2024-11-15 00:00:00+01:00,75.0,75.0,72.19999694824219,72.19999694824219,4077
2024-11-18 00:00:00+01:00,71.80000305175781,73.0,69.19999694824219,69.4000015258789,4186
2024-11-19 00:00:00+01:00,69.80000305175781,70.19999694824219,68.0,69.80000305175781,4222
2024-11-20 00:00:00+01:00,70.0,72.5999984741211,69.4000015258789,71.4000015258789,2400
2024-11-21 00:00:00+01:00,72.4000015258789,72.80000305175781,69.80000305175781,71.19999694824219,726
2024-11-22 00:00:00+01:00,71.5999984741211,73.0,70.19999694824219,70.5999984741211,3452
2024-11-25 00:00:00+01:00,70.5999984741211,74.80000305175781,70.19999694824219,73.4000015258789,3269
2024-11-26 00:00:00+01:00,73.80000305175781,73.80000305175781,71.80000305175781,71.80000305175781,2143
2024-11-27 00:00:00+01:00,73.5999984741211,73.5999984741211,69.4000015258789,72.80000305175781,2244
2024-11-28 00:00:00+01:00,72.5999984741211,73.19999694824219,70.0,70.4000015258789,4590
2024-11-29 00:00:00+01:00,70.5999984741211,73.19999694824219,70.19999694824219,71.0,2449
2024-12-02 00:00:00+01:00,71.0,72.0,71.0,71.80000305175781,1593
2024-12-03 00:00:00+01:00,72.0,72.5999984741211,71.19999694824219,72.19999694824219,437
2024-12-04 00:00:00+01:00,72.5999984741211,72.5999984741211,70.5999984741211,71.5999984741211,2603
2024-12-05 00:00:00+01:00,72.5999984741211,72.5999984741211,71.0,71.0,3051
2024-12-06 00:00:00+01:00,71.80000305175781,72.4000015258789,71.4000015258789,71.80000305175781,3265
2024-12-09 00:00:00+01:00,72.0,73.5999984741211,70.19999694824219,70.5999984741211,3211
2024-12-10 00:00:00+01:00,70.4000015258789,71.4000015258789,70.0,71.0,1479
2024-12-11 00:00:00+01:00,70.80000305175781,71.5999984741211,69.80000305175781,71.4000015258789,2427
2024-12-12 00:00:00+01:00,71.19999694824219,72.0,70.5999984741211,70.5999984741211,2456
2024-12-13 00:00:00+01:00,72.0,72.0,70.19999694824219,71.0,3423
2024-12-16 00:00:00+01:00,71.0,71.5999984741211,70.0,71.19999694824219,1617
2024-12-17 00:00:00+01:00,71.19999694824219,71.19999694824219,68.5999984741211,70.0,3720
2024-12-18 00:00:00+01:00,71.5999984741211,71.5999984741211,69.5999984741211,70.80000305175781,1044
2024-12-19 00:00:00+01:00,72.19999694824219,72.5999984741211,69.19999694824219,70.0,5089
2024-12-20 00:00:00+01:00,70.0,71.19999694824219,69.19999694824219,70.0,8842
2024-12-23 00:00:00+01:00,70.19999694824219,70.4000015258789,69.80000305175781,70.0,3423
2024-12-27 00:00:00+01:00,70.4000015258789,71.19999694824219,69.19999694824219,70.0,976
2024-12-30 00:00:00+01:00,70.4000015258789,70.80000305175781,69.0,69.5999984741211,2990
2025-01-02 00:00:00+01:00,69.4000015258789,71.0,69.4000015258789,71.0,1506
2025-01-03 00:00:00+01:00,71.0,71.19999694824219,70.80000305175781,71.19999694824219,446
2025-01-07 00:00:00+01:00,70.5999984741211,71.0,69.5999984741211,70.4000015258789,846
2025-01-08 00:00:00+01:00,70.4000015258789,70.4000015258789,69.4000015258789,69.80000305175781,2674
2025-01-09 00:00:00+01:00,69.5999984741211,71.0,69.4000015258789,70.4000015258789,3446
2025-01-10 00:00:00+01:00,70.19999694824219,70.19999694824219,69.0,70.19999694824219,12402
2025-01-13 00:00:00+01:00,70.0,70.0,67.4000015258789,67.4000015258789,6276
2025-01-14 00:00:00+01:00,66.80000305175781,69.80000305175781,66.80000305175781,69.80000305175781,3061
2025-01-15 00:00:00+01:00,69.80000305175781,70.4000015258789,68.19999694824219,69.80000305175781,2701
2025-01-16 00:00:00+01:00,70.0,70.0,68.4000015258789,69.5999984741211,3885
2025-01-17 00:00:00+01:00,69.4000015258789,69.80000305175781,69.0,69.80000305175781,3185
2025-01-20 00:00:00+01:00,69.5999984741211,69.5999984741211,69.0,69.4000015258789,3924
2025-01-21 00:00:00+01:00,69.19999694824219,69.5999984741211,68.4000015258789,69.5999984741211,3982
2025-01-22 00:00:00+01:00,69.5999984741211,70.0,69.0,70.0,3373
2025-01-23 00:00:00+01:00,69.80000305175781,69.80000305175781,69.0,69.5999984741211,1938
2025-01-24 00:00:00+01:00,69.80000305175781,70.0,67.0,68.80000305175781,13917
2025-01-27 00:00:00+01:00,69.0,69.0,67.4000015258789,68.0,2553
2025-01-28 00:00:00+01:00,68.0,68.0,66.19999694824219,66.80000305175781,4598
2025-01-29 00:00:00+01:00,66.80000305175781,67.5999984741211,66.4000015258789,67.5999984741211,1110
2025-01-30 00:00:00+01:00,67.5999984741211,67.5999984741211,65.80000305175781,67.0,2411
2025-01-31 00:00:00+01:00,67.0,67.0,65.19999694824219,65.5999984741211,2459
2025-02-03 00:00:00+01:00,66.0,67.0,65.4000015258789,66.80000305175781,1277
2025-02-04 00:00:00+01:00,66.80000305175781,66.80000305175781,66.4000015258789,66.5999984741211,257
2025-02-05 00:00:00+01:00,66.4000015258789,67.0,66.4000015258789,67.0,661
2025-02-06 00:00:00+01:00,67.0,68.0,66.80000305175781,67.0,6909
2025-02-07 00:00:00+01:00,67.0,67.80000305175781,67.0,67.5999984741211,1386
2025-02-10 00:00:00+01:00,67.5999984741211,69.0,67.0,67.80000305175781,2752
2025-02-11 00:00:00+01:00,67.80000305175781,68.5999984741211,66.5999984741211,68.0,2304
2025-02-12 00:00:00+01:00,68.0,70.19999694824219,68.0,70.0,7430
2025-02-13 00:00:00+01:00,70.0,70.4000015258789,69.5999984741211,69.80000305175781,1035
2025-02-14 00:00:00+01:00,69.80000305175781,69.80000305175781,68.19999694824219,69.80000305175781,3595
2025-02-17 00:00:00+01:00,70.0,71.5999984741211,69.0,69.5999984741211,1871
2025-02-18 00:00:00+01:00,69.5999984741211,69.80000305175781,69.0,69.0,5597
2025-02-19 00:00:00+01:00,69.80000305175781,70.0,66.0,66.0,5911
2025-02-20 00:00:00+01:00,68.0,69.19999694824219,67.80000305175781,68.80000305175781,2426
2025-02-21 00:00:00+01:00,68.80000305175781,69.4000015258789,68.0,69.19999694824219,3793
2025-02-24 00:00:00+01:00,69.0,69.4000015258789,68.0,69.19999694824219,3289
2025-02-25 00:00:00+01:00,68.80000305175781,69.4000015258789,68.5999984741211,69.0,3570
2025-02-26 00:00:00+01:00,69.19999694824219,70.0,69.19999694824219,70.0,3892
2025-02-27 00:00:00+01:00,70.0,70.0,69.19999694824219,69.5999984741211,2946
2025-02-28 00:00:00+01:00,68.5999984741211,69.80000305175781,68.0,68.0,1291
2025-03-03 00:00:00+01:00,68.0,69.19999694824219,68.0,68.5999984741211,409
2025-03-04 00:00:00+01:00,68.80000305175781,69.0,67.0,67.0,622
2025-03-05 00:00:00+01:00,68.0,68.4000015258789,67.4000015258789,68.0,503
2025-03-06 00:00:00+01:00,67.5999984741211,68.4000015258789,67.5999984741211,67.5999984741211,3396
2025-03-07 00:00:00+01:00,68.4000015258789,68.4000015258789,67.5999984741211,68.4000015258789,4095
2025-03-10 00:00:00+01:00,68.4000015258789,68.4000015258789,67.19999694824219,68.19999694824219,5141
2025-03-11 00:00:00+01:00,67.5999984741211,67.80000305175781,67.0,67.0,4543
2025-03-12 00:00:00+01:00,67.80000305175781,68.4000015258789,67.4000015258789,68.0,3354
2025-03-13 00:00:00+01:00,68.0,68.0,67.4000015258789,68.0,364
2025-03-14 00:00:00+01:00,68.0,68.19999694824219,67.0,67.0,5460
2025-03-17 00:00:00+01:00,67.19999694824219,67.80000305175781,67.0,67.5999984741211,978
2025-03-18 00:00:00+01:00,67.5999984741211,68.0,67.0,68.0,4998
2025-03-19 00:00:00+01:00,69.0,69.80000305175781,68.19999694824219,68.5999984741211,7862
2025-03-20 00:00:00+01:00,69.4000015258789,69.5999984741211,67.5999984741211,68.0,12551
2025-03-21 00:00:00+01:00,69.19999694824219,74.5999984741211,68.0,73.0,131522
2025-03-24 00:00:00+01:00,72.4000015258789,73.0,69.80000305175781,70.4000015258789,8257
2025-03-25 00:00:00+01:00,70.4000015258789,72.4000015258789,70.4000015258789,72.19999694824219,3737
2025-03-26 00:00:00+01:00,72.0,72.0,70.19999694824219,70.5999984741211,2894
2025-03-27 00:00:00+01:00,70.4000015258789,71.19999694824219,70.19999694824219,71.19999694824219,2823
2025-03-28 00:00:00+01:00,71.4000015258789,71.4000015258789,69.4000015258789,69.5999984741211,1837
2025-03-31 00:00:00+02:00,69.5999984741211,69.5999984741211,68.4000015258789,68.4000015258789,1114
2025-04-01 00:00:00+02:00,68.19999694824219,69.4000015258789,68.0,68.5999984741211,980
2025-04-02 00:00:00+02:00,68.4000015258789,69.0,67.80000305175781,69.0,3055
2025-04-03 00:00:00+02:00,68.80000305175781,69.0,67.80000305175781,68.19999694824219,3025
2025-04-04 00:00:00+02:00,68.19999694824219,68.19999694824219,66.5999984741211,67.0,3701
2025-04-07 00:00:00+02:00,66.5999984741211,66.5999984741211,63.599998474121094,66.5999984741211,3005
2025-04-08 00:00:00+02:00,66.0,66.0,64.4000015258789,65.0,3102
2025-04-09 00:00:00+02:00,64.5999984741211,64.5999984741211,62.0,63.79999923706055,7030
2025-04-10 00:00:00+02:00,66.19999694824219,66.4000015258789,63.400001525878906,64.5999984741211,6914
2025-04-11 00:00:00+02:00,65.0,65.80000305175781,63.79999923706055,65.80000305175781,2997
2025-04-14 00:00:00+02:00,65.80000305175781,66.80000305175781,64.5999984741211,66.0,903
2025-04-15 00:00:00+02:00,66.80000305175781,66.80000305175781,65.5999984741211,66.0,2765
2025-04-16 00:00:00+02:00,67.0,67.0,64.4000015258789,64.4000015258789,2625
2025-04-17 00:00:00+02:00,65.0,66.80000305175781,64.80000305175781,65.5999984741211,1344
2025-04-22 00:00:00+02:00,65.5999984741211,68.4000015258789,65.5999984741211,68.0,3643
2025-04-23 00:00:00+02:00,68.5999984741211,68.5999984741211,66.5999984741211,67.4000015258789,3273
2025-04-24 00:00:00+02:00,68.0,68.0,66.80000305175781,66.80000305175781,3790
2025-04-25 00:00:00+02:00,67.4000015258789,67.4000015258789,65.0,65.5999984741211,3009
2025-04-28 00:00:00+02:00,65.5999984741211,66.5999984741211,65.0,65.4000015258789,3964
2025-04-29 00:00:00+02:00,66.19999694824219,66.5999984741211,65.4000015258789,65.5999984741211,3251
2025-04-30 00:00:00+02:00,65.4000015258789,66.5999984741211,63.599998474121094,64.19999694824219,4180
2025-05-02 00:00:00+02:00,65.0,67.0,64.19999694824219,65.0,2340
2025-05-05 00:00:00+02:00,65.0,66.80000305175781,65.0,66.19999694824219,2181
2025-05-06 00:00:00+02:00,66.0,66.5999984741211,65.4000015258789,65.4000015258789,770
2025-05-07 00:00:00+02:00,66.19999694824219,66.80000305175781,65.80000305175781,66.80000305175781,2071
2025-05-08 00:00:00+02:00,67.0,68.5999984741211,67.0,68.0,3950
2025-05-09 00:00:00+02:00,68.0,68.5999984741211,67.0,68.19999694824219,2896
2025-05-12 00:00:00+02:00,68.19999694824219,70.0,67.5999984741211,70.0,5214
2025-05-13 00:00:00+02:00,69.80000305175781,70.0,67.4000015258789,69.0,3856
2025-05-14 00:00:00+02:00,69.0,71.0,68.5999984741211,70.5999984741211,8714
2025-05-15 00:00:00+02:00,70.5999984741211,70.5999984741211,69.0,69.0,5067
2025-05-16 00:00:00+02:00,69.80000305175781,70.0,68.0,68.5999984741211,3154
2025-05-19 00:00:00+02:00,68.19999694824219,71.0,68.19999694824219,69.4000015258789,3300
2025-05-20 00:00:00+02:00,69.80000305175781,71.0,68.80000305175781,69.80000305175781,6604
2025-05-21 00:00:00+02:00,70.0,70.5999984741211,69.4000015258789,70.0,4970
2025-05-22 00:00:00+02:00,70.4000015258789,70.4000015258789,69.19999694824219,69.5999984741211,4217
2025-05-23 00:00:00+02:00,70.0,70.5999984741211,69.4000015258789,70.5999984741211,4079
2025-05-26 00:00:00+02:00,70.5999984741211,70.5999984741211,68.5999984741211,69.4000015258789,3994
2025-05-27 00:00:00+02:00,69.4000015258789,69.5999984741211,68.0,68.0,1715
2025-05-28 00:00:00+02:00,67.4000015258789,68.80000305175781,67.4000015258789,68.0,2048
2025-05-29 00:00:00+02:00,68.4000015258789,71.0,68.0,70.80000305175781,5611
2025-05-30 00:00:00+02:00,70.80000305175781,70.80000305175781,68.4000015258789,69.19999694824219,5193
2025-06-02 00:00:00+02:00,69.4000015258789,70.4000015258789,68.19999694824219,68.5999984741211,1307
2025-06-03 00:00:00+02:00,69.4000015258789,69.4000015258789,68.19999694824219,68.5999984741211,2734
2025-06-04 00:00:00+02:00,68.19999694824219,69.80000305175781,68.19999694824219,69.80000305175781,819
2025-06-05 00:00:00+02:00,69.80000305175781,69.80000305175781,68.0,68.0,4610
2025-06-06 00:00:00+02:00,68.0,68.4000015258789,66.5999984741211,67.5999984741211,2286
2025-06-09 00:00:00+02:00,68.0,68.0,66.80000305175781,67.0,1413
2025-06-10 00:00:00+02:00,68.0,68.0,65.4000015258789,66.80000305175781,5178
2025-06-11 00:00:00+02:00,67.0,67.80000305175781,66.5999984741211,67.0,1520
2025-06-12 00:00:00+02:00,67.4000015258789,68.0,66.80000305175781,67.5999984741211,956
2025-06-13 00:00:00+02:00,68.4000015258789,68.4000015258789,64.4000015258789,65.5999984741211,3325
2025-06-16 00:00:00+02:00,65.5999984741211,67.80000305175781,65.5999984741211,66.80000305175781,3337
2025-06-17 00:00:00+02:00,66.80000305175781,66.80000305175781,64.4000015258789,65.0,3624
2025-06-18 00:00:00+02:00,65.80000305175781,66.5999984741211,64.80000305175781,65.0,4317
2025-06-20 00:00:00+02:00,65.0,65.80000305175781,62.0,63.0,7591
2025-06-23 00:00:00+02:00,63.20000076293945,64.5999984741211,59.20000076293945,59.20000076293945,9151
2025-06-24 00:00:00+02:00,61.0,61.0,59.20000076293945,59.20000076293945,8666
2025-06-25 00:00:00+02:00,59.599998474121094,61.0,59.20000076293945,60.0,6735
2025-06-26 00:00:00+02:00,60.0,60.79999923706055,59.79999923706055,60.20000076293945,7841
2025-06-27 00:00:00+02:00,60.79999923706055,60.79999923706055,60.20000076293945,60.20000076293945,9647
2025-06-30 00:00:00+02:00,60.20000076293945,60.79999923706055,59.79999923706055,60.599998474121094,2864
2025-07-01 00:00:00+02:00,60.79999923706055,60.79999923706055,59.0,59.400001525878906,12574
2025-07-02 00:00:00+02:00,60.20000076293945,60.400001525878906,59.400001525878906,59.400001525878906,2857
2025-07-03 00:00:00+02:00,60.0,60.20000076293945,59.400001525878906,59.79999923706055,3404
2025-07-04 00:00:00+02:00,59.79999923706055,60.79999923706055,59.79999923706055,60.20000076293945,2450
2025-07-07 00:00:00+02:00,60.79999923706055,60.79999923706055,59.599998474121094,59.599998474121094,2716
2025-07-08 00:00:00+02:00,59.599998474121094,60.599998474121094,58.79999923706055,58.79999923706055,2827
2025-07-09 00:00:00+02:00,58.79999923706055,62.599998474121094,58.79999923706055,60.20000076293945,4389
2025-07-10 00:00:00+02:00,60.79999923706055,61.0,59.599998474121094,60.0,2857
2025-07-11 00:00:00+02:00,60.599998474121094,60.79999923706055,59.599998474121094,59.599998474121094,907
2025-07-14 00:00:00+02:00,60.20000076293945,60.79999923706055,59.79999923706055,59.79999923706055,1857
2025-07-15 00:00:00+02:00,59.79999923706055,60.20000076293945,59.400001525878906,59.79999923706055,3476
2025-07-16 00:00:00+02:00,60.0,60.400001525878906,59.79999923706055,60.0,1071
2025-07-17 00:00:00+02:00,59.79999923706055,60.0,59.20000076293945,59.599998474121094,3236
2025-07-18 00:00:00+02:00,59.79999923706055,60.0,59.20000076293945,59.599998474121094,2593
2025-07-21 00:00:00+02:00,59.400001525878906,60.0,59.400001525878906,59.400001525878906,10294
2025-07-22 00:00:00+02:00,59.400001525878906,59.599998474121094,59.0,59.20000076293945,4287
2025-07-23 00:00:00+02:00,59.20000076293945,59.599998474121094,58.599998474121094,59.20000076293945,3534
2025-07-24 00:00:00+02:00,59.400001525878906,59.400001525878906,58.79999923706055,59.0,1802
2025-07-25 00:00:00+02:00,58.79999923706055,59.20000076293945,58.599998474121094,59.0,1985
2025-07-28 00:00:00+02:00,59.20000076293945,60.400001525878906,59.0,60.400001525878906,7558
2025-07-29 00:00:00+02:00,60.400001525878906,61.20000076293945,59.400001525878906,60.400001525878906,1295
2025-07-30 00:00:00+02:00,61.0,61.0,60.20000076293945,61.0,1178
2025-07-31 00:00:00+02:00,59.599998474121094,60.79999923706055,59.599998474121094,60.20000076293945,1592
2025-08-01 00:00:00+02:00,60.79999923706055,60.79999923706055,59.0,59.599998474121094,1678
2025-08-04 00:00:00+02:00,60.0,60.0,59.0,59.79999923706055,2106
2025-08-05 00:00:00+02:00,59.20000076293945,59.79999923706055,58.79999923706055,59.20000076293945,3573
2025-08-06 00:00:00+02:00,59.599998474121094,59.79999923706055,58.79999923706055,59.400001525878906,1381
2025-08-07 00:00:00+02:00,59.400001525878906,60.0,59.400001525878906,60.0,5189
2025-08-08 00:00:00+02:00,60.20000076293945,60.79999923706055,59.0,60.79999923706055,2733
2025-08-11 00:00:00+02:00,61.0,61.0,58.599998474121094,60.400001525878906,4506
2025-08-12 00:00:00+02:00,60.79999923706055,60.79999923706055,58.79999923706055,59.0,1611
2025-08-13 00:00:00+02:00,59.599998474121094,59.599998474121094,58.400001525878906,59.20000076293945,1939
2025-08-14 00:00:00+02:00,59.0,59.400001525878906,58.400001525878906,59.0,4002
2025-08-18 00:00:00+02:00,59.0,59.0,58.599998474121094,58.599998474121094,3381
2025-08-19 00:00:00+02:00,58.599998474121094,59.0,58.599998474121094,58.79999923706055,2438
2025-08-20 00:00:00+02:00,59.0,59.599998474121094,58.599998474121094,59.599998474121094,4395
2025-08-21 00:00:00+02:00,59.0,59.0,58.400001525878906,58.79999923706055,2032
2025-08-22 00:00:00+02:00,59.0,59.0,57.20000076293945,57.79999923706055,6442
2025-08-25 00:00:00+02:00,57.79999923706055,58.400001525878906,53.79999923706055,57.400001525878906,10252
2025-08-26 00:00:00+02:00,57.79999923706055,59.0,56.20000076293945,59.0,2009
2025-08-27 00:00:00+02:00,59.0,59.0,55.79999923706055,56.0,5373
2025-08-28 00:00:00+02:00,57.79999923706055,57.79999923706055,55.79999923706055,57.0,682
2025-08-29 00:00:00+02:00,57.0,57.599998474121094,55.20000076293945,55.400001525878906,4476
2025-09-01 00:00:00+02:00,55.20000076293945,56.599998474121094,55.0,56.0,4053
2025-09-02 00:00:00+02:00,56.20000076293945,56.400001525878906,55.0,56.400001525878906,5204
2025-09-03 00:00:00+02:00,56.20000076293945,56.79999923706055,56.0,56.79999923706055,1177
2025-09-04 00:00:00+02:00,57.0,58.79999923706055,56.79999923706055,58.599998474121094,28087
2025-09-05 00:00:00+02:00,58.599998474121094,58.599998474121094,57.20000076293945,58.400001525878906,2157
2025-09-08 00:00:00+02:00,58.400001525878906,58.400001525878906,57.20000076293945,58.0,989
2025-09-09 00:00:00+02:00,58.0,58.79999923706055,57.400001525878906,58.0,1455
2025-09-10 00:00:00+02:00,58.20000076293945,58.400001525878906,56.20000076293945,58.0,2082
2025-09-11 00:00:00+02:00,58.400001525878906,58.79999923706055,56.400001525878906,57.0,2983
2025-09-12 00:00:00+02:00,57.0,58.0,56.20000076293945,56.79999923706055,1026
2025-09-15 00:00:00+02:00,57.0,58.400001525878906,56.79999923706055,58.0,1719
2025-09-16 00:00:00+02:00,58.20000076293945,58.400001525878906,57.20000076293945,58.20000076293945,3167
2025-09-17 00:00:00+02:00,58.400001525878906,58.400001525878906,56.599998474121094,57.79999923706055,4066
2025-09-18 00:00:00+02:00,58.0,58.20000076293945,57.20000076293945,57.599998474121094,868
2025-09-19 00:00:00+02:00,57.400001525878906,58.0,55.0,55.0,6980
2025-09-22 00:00:00+02:00,57.400001525878906,57.400001525878906,55.599998474121094,56.400001525878906,3996
2025-09-23 00:00:00+02:00,56.400001525878906,59.400001525878906,56.0,59.400001525878906,5592
2025-09-24 00:00:00+02:00,58.20000076293945,59.400001525878906,58.20000076293945,59.0,5029
2025-09-25 00:00:00+02:00,58.79999923706055,60.0,58.0,59.79999923706055,7020
2025-09-26 00:00:00+02:00,59.79999923706055,59.79999923706055,59.20000076293945,59.400001525878906,998
2025-09-29 00:00:00+02:00,59.400001525878906,60.599998474121094,59.0,59.599998474121094,4058
2025-09-30 00:00:00+02:00,59.599998474121094,60.599998474121094,59.0,59.20000076293945,2585
2025-10-01 00:00:00+02:00,60.0,60.0,59.400001525878906,60.0,1381
2025-10-02 00:00:00+02:00,60.0,60.20000076293945,59.0,59.79999923706055,1469
2025-10-03 00:00:00+02:00,59.79999923706055,60.0,58.79999923706055,59.0,4100
2025-10-06 00:00:00+02:00,59.599998474121094,60.0,59.20000076293945,59.599998474121094,2814
2025-10-07 00:00:00+02:00,59.79999923706055,59.79999923706055,59.0,59.0,1362
2025-10-08 00:00:00+02:00,59.400001525878906,59.599998474121094,59.0,59.0,964
2025-10-09 00:00:00+02:00,59.400001525878906,59.79999923706055,59.20000076293945,59.599998474121094,1164
2025-10-10 00:00:00+02:00,59.599998474121094,60.0,59.400001525878906,60.0,1173
2025-10-13 00:00:00+02:00,60.0,61.400001525878906,59.79999923706055,61.400001525878906,2654
2025-10-14 00:00:00+02:00,61.400001525878906,61.400001525878906,59.400001525878906,60.599998474121094,807
2025-10-15 00:00:00+02:00,60.79999923706055,60.79999923706055,59.79999923706055,60.400001525878906,2023
2025-10-16 00:00:00+02:00,60.0,61.400001525878906,59.599998474121094,60.79999923706055,3479
2025-10-17 00:00:00+02:00,61.0,61.0,59.400001525878906,59.400001525878906,4847
2025-10-20 00:00:00+02:00,60.0,60.0,58.599998474121094,59.79999923706055,5784
2025-10-21 00:00:00+02:00,59.79999923706055,60.0,59.0,59.599998474121094,3466
2025-10-22 00:00:00+02:00,59.599998474121094,59.79999923706055,58.400001525878906,58.400001525878906,5017
2025-10-23 00:00:00+02:00,59.400001525878906,59.599998474121094,57.79999923706055,57.79999923706055,3920
2025-10-24 00:00:00+02:00,57.79999923706055,59.20000076293945,57.79999923706055,59.20000076293945,3670
2025-10-27 00:00:00+01:00,59.20000076293945,59.20000076293945,58.0,59.0,2789
2025-10-28 00:00:00+01:00,59.0,59.20000076293945,58.0,59.20000076293945,1060
2025-10-29 00:00:00+01:00,59.20000076293945,59.400001525878906,58.20000076293945,59.400001525878906,862
2025-10-30 00:00:00+01:00,59.400001525878906,59.400001525878906,57.599998474121094,58.20000076293945,2132
2025-10-31 00:00:00+01:00,58.400001525878906,58.400001525878906,55.400001525878906,57.20000076293945,3453
2025-11-03 00:00:00+01:00,58.400001525878906,58.400001525878906,56.20000076293945,56.79999923706055,864
2025-11-04 00:00:00+01:00,56.599998474121094,58.20000076293945,55.20000076293945,56.0,4778
2025-11-05 00:00:00+01:00,56.0,58.0,55.400001525878906,56.79999923706055,3176
2025-11-06 00:00:00+01:00,57.0,58.599998474121094,56.599998474121094,57.599998474121094,2670
2025-11-07 00:00:00+01:00,57.599998474121094,57.599998474121094,55.20000076293945,55.79999923706055,7709
2025-11-10 00:00:00+01:00,56.0,57.79999923706055,56.0,57.599998474121094,4025
2025-11-12 00:00:00+01:00,57.20000076293945,60.599998474121094,57.20000076293945,60.599998474121094,7004
2025-11-13 00:00:00+01:00,60.400001525878906,61.0,57.599998474121094,58.79999923706055,5560
2025-11-14 00:00:00+01:00,57.599998474121094,58.599998474121094,56.20000076293945,57.599998474121094,11494
2025-11-17 00:00:00+01:00,57.79999923706055,58.400001525878906,57.599998474121094,58.20000076293945,1160
2025-11-18 00:00:00+01:00,57.599998474121094,59.0,57.599998474121094,58.599998474121094,2677
2025-11-19 00:00:00+01:00,59.79999923706055,59.79999923706055,58.599998474121094,59.20000076293945,1266
2025-11-20 00:00:00+01:00,58.599998474121094,60.0,58.0,59.0,2886
2025-11-21 00:00:00+01:00,58.0,59.20000076293945,57.79999923706055,59.20000076293945,2182
2025-11-24 00:00:00+01:00,58.0,59.20000076293945,57.20000076293945,58.0,1644
2025-11-25 00:00:00+01:00,57.20000076293945,57.20000076293945,52.599998474121094,56.20000076293945,16775
2025-11-26 00:00:00+01:00,56.599998474121094,57.79999923706055,55.79999923706055,57.20000076293945,6577
2025-11-27 00:00:00+01:00,57.20000076293945,58.0,57.0,58.0,2950
2025-11-28 00:00:00+01:00,57.599998474121094,59.0,57.400001525878906,58.0,2523
2025-12-01 00:00:00+01:00,58.79999923706055,58.79999923706055,57.0,58.20000076293945,8322
2025-12-02 00:00:00+01:00,58.400001525878906,58.400001525878906,56.20000076293945,57.20000076293945,12404
2025-12-03 00:00:00+01:00,57.400001525878906,57.400001525878906,56.20000076293945,57.400001525878906,3605
2025-12-04 00:00:00+01:00,57.400001525878906,57.79999923706055,56.20000076293945,57.400001525878906,2444
2025-12-05 00:00:00+01:00,57.400001525878906,57.599998474121094,55.599998474121094,56.400001525878906,2234
2025-12-08 00:00:00+01:00,56.400001525878906,57.0,55.599998474121094,56.599998474121094,2662
2025-12-09 00:00:00+01:00,56.79999923706055,56.79999923706055,55.79999923706055,56.599998474121094,1075
2025-12-10 00:00:00+01:00,56.79999923706055,56.79999923706055,55.79999923706055,55.79999923706055,1883
2025-12-11 00:00:00+01:00,55.79999923706055,57.20000076293945,55.79999923706055,56.599998474121094,1957
2025-12-12 00:00:00+01:00,57.0,57.400001525878906,56.0,56.0,5844
2025-12-15 00:00:00+01:00,57.0,57.0,55.79999923706055,56.20000076293945,4382
2025-12-16 00:00:00+01:00,55.79999923706055,56.20000076293945,53.400001525878906,55.0,5678
2025-12-17 00:00:00+01:00,55.0,56.599998474121094,54.599998474121094,56.400001525878906,507235
2025-12-18 00:00:00+01:00,56.400001525878906,56.400001525878906,55.20000076293945,55.79999923706055,3483
2025-12-19 00:00:00+01:00,55.400001525878906,56.599998474121094,55.0,55.0,15407
2025-12-22 00:00:00+01:00,55.0,56.20000076293945,53.400001525878906,54.400001525878906,8021
2025-12-23 00:00:00+01:00,54.0,54.0,52.79999923706055,53.79999923706055,7606
2025-12-29 00:00:00+01:00,54.0,54.79999923706055,53.20000076293945,54.20000076293945,6726
2025-12-30 00:00:00+01:00,54.599998474121094,55.0,53.0,53.20000076293945,7814
2026-01-02 00:00:00+01:00,54.0,58.0,52.400001525878906,55.599998474121094,7407
2026-01-05 00:00:00+01:00,54.0,57.0,54.0,56.79999923706055,4057
2026-01-07 00:00:00+01:00,56.79999923706055,56.79999923706055,54.0,56.599998474121094,10880
2026-01-08 00:00:00+01:00,57.0,57.0,54.599998474121094,56.0,7581
2026-01-09 00:00:00+01:00,56.20000076293945,56.599998474121094,56.0,56.599998474121094,2625
2026-01-12 00:00:00+01:00,55.0,56.20000076293945,55.0,56.0,3411
2026-01-13 00:00:00+01:00,56.79999923706055,57.0,56.20000076293945,57.0,1839
2026-01-14 00:00:00+01:00,57.400001525878906,57.400001525878906,55.20000076293945,55.599998474121094,3478
2026-01-15 00:00:00+01:00,56.599998474121094,56.599998474121094,55.400001525878906,56.0,7533
2026-01-16 00:00:00+01:00,56.0,56.400001525878906,55.0,55.79999923706055,2808
2026-01-19 00:00:00+01:00,55.599998474121094,55.599998474121094,54.400001525878906,54.400001525878906,4238
2026-01-20 00:00:00+01:00,54.400001525878906,56.0,54.0,56.0,3811
2026-01-21 00:00:00+01:00,56.400001525878906,56.400001525878906,54.20000076293945,55.0,1378
2026-01-22 00:00:00+01:00,56.20000076293945,56.20000076293945,55.0,56.0,3830
2026-01-23 00:00:00+01:00,56.20000076293945,56.599998474121094,54.599998474121094,55.400001525878906,3948
2026-01-26 00:00:00+01:00,55.79999923706055,55.79999923706055,54.0,55.0,7592
2026-01-27 00:00:00+01:00,55.599998474121094,55.599998474121094,54.0,54.79999923706055,2938
2026-01-28 00:00:00+01:00,54.20000076293945,55.599998474121094,53.79999923706055,55.0,7059
2026-01-29 00:00:00+01:00,54.599998474121094,55.0,53.0,54.0,7912
2026-01-30 00:00:00+01:00,54.79999923706055,54.79999923706055,53.20000076293945,54.0,4361
2026-02-02 00:00:00+01:00,54.20000076293945,54.400001525878906,53.0,54.20000076293945,5098
2026-02-03 00:00:00+01:00,54.400001525878906,54.599998474121094,53.20000076293945,54.0,4555
2026-02-04 00:00:00+01:00,54.0,54.400001525878906,53.400001525878906,54.0,4006
2026-02-05 00:00:00+01:00,54.20000076293945,54.20000076293945,52.79999923706055,53.79999923706055,2031
2026-02-06 00:00:00+01:00,52.599998474121094,54.0,52.400001525878906,53.0,4019
2026-02-09 00:00:00+01:00,54.0,54.0,52.400001525878906,52.400001525878906,3101
2026-02-10 00:00:00+01:00,54.0,54.0,52.400001525878906,53.79999923706055,4873
2026-02-11 00:00:00+01:00,52.79999923706055,53.79999923706055,52.400001525878906,53.0,4302
2026-02-12 00:00:00+01:00,53.0,53.79999923706055,52.599998474121094,53.79999923706055,2026
2026-02-13 00:00:00+01:00,53.79999923706055,53.79999923706055,52.0,52.79999923706055,5561
2026-02-16 00:00:00+01:00,53.599998474121094,53.599998474121094,52.79999923706055,53.599998474121094,3559
2026-02-17 00:00:00+01:00,53.599998474121094,53.599998474121094,53.400001525878906,53.599998474121094,1940
2026-02-18 00:00:00+01:00,53.599998474121094,53.599998474121094,52.79999923706055,53.400001525878906,1168
2026-02-19 00:00:00+01:00,53.400001525878906,53.400001525878906,52.599998474121094,53.20000076293945,2154
2026-02-20 00:00:00+01:00,53.20000076293945,53.20000076293945,52.400001525878906,53.0,2330
2026-02-23 00:00:00+01:00,53.599998474121094,53.79999923706055,51.599998474121094,53.79999923706055,5374
2026-02-24 00:00:00+01:00,54.0,54.0,52.400001525878906,52.79999923706055,3602
2026-02-25 00:00:00+01:00,52.20000076293945,52.79999923706055,51.0,51.0,10494
2026-02-26 00:00:00+01:00,51.79999923706055,51.79999923706055,49.29999923706055,50.400001525878906,7583
2026-02-27 00:00:00+01:00,50.79999923706055,50.79999923706055,50.20000076293945,50.400001525878906,1942
2026-03-02 00:00:00+01:00,50.400001525878906,51.20000076293945,48.599998474121094,49.20000076293945,11886
2026-03-03 00:00:00+01:00,49.900001525878906,51.400001525878906,49.0,51.20000076293945,4910
2026-03-04 00:00:00+01:00,51.20000076293945,51.599998474121094,49.79999923706055,51.400001525878906,2381
2026-03-05 00:00:00+01:00,51.599998474121094,51.599998474121094,50.400001525878906,50.400001525878906,1634
2026-03-06 00:00:00+01:00,51.599998474121094,51.599998474121094,50.400001525878906,51.0,1313
2026-03-09 00:00:00+01:00,50.599998474121094,52.79999923706055,50.599998474121094,52.79999923706055,3182
2026-03-10 00:00:00+01:00,52.79999923706055,53.599998474121094,52.0,52.400001525878906,4638
2026-03-11 00:00:00+01:00,52.0,52.400001525878906,51.599998474121094,52.400001525878906,1242
2026-03-12 00:00:00+01:00,53.0,53.400001525878906,51.400001525878906,51.79999923706055,2403
2026-03-13 00:00:00+01:00,51.79999923706055,52.400001525878906,50.20000076293945,51.599998474121094,3691
2026-03-16 00:00:00+01:00,51.79999923706055,51.79999923706055,51.0,51.599998474121094,2605
2026-03-17 00:00:00+01:00,51.599998474121094,52.0,50.400001525878906,51.599998474121094,3457
2026-03-18 00:00:00+01:00,52.400001525878906,52.400001525878906,50.400001525878906,51.20000076293945,1446
2026-03-19 00:00:00+01:00,51.20000076293945,51.79999923706055,50.599998474121094,51.400001525878906,3462
2026-03-20 00:00:00+01:00,51.79999923706055,51.79999923706055,48.599998474121094,50.79999923706055,9270
2026-03-23 00:00:00+01:00,51.0,51.79999923706055,48.20000076293945,51.79999923706055,7152
2026-03-24 00:00:00+01:00,51.79999923706055,52.400001525878906,49.900001525878906,51.20000076293945,4529
2026-03-25 00:00:00+01:00,51.0,51.79999923706055,50.20000076293945,50.79999923706055,3405
2026-03-26 00:00:00+01:00,50.0,50.599998474121094,49.099998474121094,50.599998474121094,1272
2026-03-27 00:00:00+01:00,49.20000076293945,51.0,49.20000076293945,50.400001525878906,4382
2026-03-30 00:00:00+02:00,50.20000076293945,51.400001525878906,49.79999923706055,50.400001525878906,2381
2026-03-31 00:00:00+02:00,51.20000076293945,51.20000076293945,49.70000076293945,50.20000076293945,1718
2026-04-01 00:00:00+02:00,51.20000076293945,51.20000076293945,49.099998474121094,49.099998474121094,4305
2026-04-02 00:00:00+02:00,49.20000076293945,51.20000076293945,49.099998474121094,50.400001525878906,1880
2026-04-07 00:00:00+02:00,51.0,51.0,49.45000076293945,50.0,3155
2026-04-08 00:00:00+02:00,51.0,51.599998474121094,50.400001525878906,51.29999923706055,4706
2026-04-09 00:00:00+02:00,51.599998474121094,51.599998474121094,50.20000076293945,50.20000076293945,1932
2026-04-10 00:00:00+02:00,50.20000076293945,51.70000076293945,49.5,51.400001525878906,5822
2026-04-13 00:00:00+02:00,51.400001525878906,52.400001525878906,50.599998474121094,52.0,6794
2026-04-14 00:00:00+02:00,52.400001525878906,52.400001525878906,50.79999923706055,51.20000076293945,1708
2026-04-15 00:00:00+02:00,51.20000076293945,51.5,50.099998474121094,51.0,4445
2026-04-16 00:00:00+02:00,51.5,51.5,49.599998474121094,51.400001525878906,4759
2026-04-17 00:00:00+02:00,51.0,51.29999923706055,50.099998474121094,50.099998474121094,3950
2026-04-20 00:00:00+02:00,51.099998474121094,52.29999923706055,50.20000076293945,51.29999923706055,3420
2026-04-21 00:00:00+02:00,51.5,51.900001525878906,50.29999923706055,50.5,3452
2026-04-22 00:00:00+02:00,50.5,51.400001525878906,49.54999923706055,50.0,5907
2026-04-23 00:00:00+02:00,50.0,50.400001525878906,49.04999923706055,49.70000076293945,2377
2026-04-24 00:00:00+02:00,49.900001525878906,49.900001525878906,49.25,49.45000076293945,4214
2026-04-27 00:00:00+02:00,49.45000076293945,50.5,49.29999923706055,49.95000076293945,1097
2026-04-28 00:00:00+02:00,49.650001525878906,51.79999923706055,49.650001525878906,49.95000076293945,2666
2026-04-29 00:00:00+02:00,50.0,50.0,49.400001525878906,49.400001525878906,2394
2026-04-30 00:00:00+02:00,50.0,52.0,49.5,51.20000076293945,3985
2026-05-04 00:00:00+02:00,50.599998474121094,51.20000076293945,49.599998474121094,49.70000076293945,2328
2026-05-05 00:00:00+02:00,49.599998474121094,50.0,49.29999923706055,49.70000076293945,4829
2026-05-06 00:00:00+02:00,50.5,50.5,49.70000076293945,49.95000076293945,2713
2026-05-07 00:00:00+02:00,49.70000076293945,51.79999923706055,49.400001525878906,51.79999923706055,3450
2026-05-08 00:00:00+02:00,51.70000076293945,51.79999923706055,49.70000076293945,49.900001525878906,2232
2026-05-11 00:00:00+02:00,50.20000076293945,50.70000076293945,49.650001525878906,50.400001525878906,3131
2026-05-12 00:00:00+02:00,50.400001525878906,50.400001525878906,48.54999923706055,49.349998474121094,12378
2026-05-13 00:00:00+02:00,50.29999923706055,50.5,49.5,50.29999923706055,1371
2026-05-14 00:00:00+02:00,50.29999923706055,50.599998474121094,49.650001525878906,50.29999923706055,1136
2026-05-15 00:00:00+02:00,50.099998474121094,50.099998474121094,49.20000076293945,49.70000076293945,8109
2026-05-18 00:00:00+02:00,49.95000076293945,49.95000076293945,49.04999923706055,49.04999923706055,2800
2026-05-19 00:00:00+02:00,49.04999923706055,51.400001525878906,48.79999923706055,48.79999923706055,4136
2026-05-20 00:00:00+02:00,48.79999923706055,49.650001525878906,48.04999923706055,48.79999923706055,7792
2026-05-21 00:00:00+02:00,49.349998474121094,49.70000076293945,48.79999923706055,49.25,3925
2026-05-22 00:00:00+02:00,49.70000076293945,49.70000076293945,48.95000076293945,49.20000076293945,2252
2026-05-25 00:00:00+02:00,49.599998474121094,50.0,49.20000076293945,50.0,1537
2026-05-26 00:00:00+02:00,50.29999923706055,51.400001525878906,49.95000076293945,51.0,2485
2026-05-27 00:00:00+02:00,51.0,51.0,50.0,50.79999923706055,2269
2026-05-28 00:00:00+02:00,50.29999923706055,50.79999923706055,50.20000076293945,50.70000076293945,582
2026-05-29 00:00:00+02:00,50.79999923706055,50.79999923706055,50.20000076293945,50.79999923706055,1131
2026-06-01 00:00:00+02:00,50.79999923706055,51.79999923706055,50.70000076293945,51.70000076293945,2871
2026-06-02 00:00:00+02:00,51.70000076293945,52.400001525878906,51.29999923706055,51.70000076293945,5070
2026-06-03 00:00:00+02:00,51.400001525878906,52.0,51.400001525878906,51.79999923706055,2085
2026-06-05 00:00:00+02:00,52.29999923706055,52.29999923706055,51.70000076293945,52.20000076293945,2051
2026-06-08 00:00:00+02:00,52.20000076293945,52.400001525878906,51.900001525878906,52.29999923706055,1994
2026-06-09 00:00:00+02:00,52.400001525878906,52.400001525878906,51.79999923706055,52.29999923706055,2368
2026-06-10 00:00:00+02:00,52.29999923706055,52.70000076293945,51.900001525878906,52.70000076293945,7005
2026-06-11 00:00:00+02:00,52.70000076293945,54.0,52.599998474121094,53.400001525878906,4620
2026-06-12 00:00:00+02:00,53.400001525878906,56.79999923706055,53.400001525878906,56.400001525878906,13796
2026-06-15 00:00:00+02:00,56.5,56.70000076293945,54.5,54.5,9452
2026-06-16 00:00:00+02:00,59.400001525878906,65.0,59.400001525878906,61.5,133676
2026-06-17 00:00:00+02:00,61.0,61.099998474121094,59.5,60.5,4982
2026-06-18 00:00:00+02:00,59.70000076293945,60.400001525878906,59.70000076293945,60.20000076293945,16016
2026-06-19 00:00:00+02:00,60.20000076293945,60.900001525878906,60.0,60.70000076293945,9402
2026-06-22 00:00:00+02:00,60.29999923706055,61.70000076293945,60.29999923706055,61.400001525878906,8985
2026-06-23 00:00:00+02:00,61.0,61.29999923706055,60.400001525878906,61.0,6660
2026-06-24 00:00:00+02:00,60.70000076293945,61.5,60.599998474121094,61.29999923706055,2312
2026-06-25 00:00:00+02:00,61.0,61.29999923706055,60.900001525878906,61.20000076293945,9051
2026-06-26 00:00:00+02:00,61.29999923706055,61.599998474121094,60.900001525878906,61.599998474121094,3985
2026-06-29 00:00:00+02:00,61.599998474121094,61.70000076293945,61.0,61.400001525878906,15569
2026-06-30 00:00:00+02:00,61.099998474121094,62.0,60.900001525878906,61.0,48335
2026-07-01 00:00:00+02:00,61.20000076293945,61.29999923706055,60.400001525878906,60.900001525878906,7871
2026-07-02 00:00:00+02:00,60.70000076293945,60.900001525878906,60.5,60.900001525878906,8933
2026-07-03 00:00:00+02:00,60.900001525878906,60.900001525878906,60.20000076293945,60.599998474121094,14877
2026-07-06 00:00:00+02:00,60.599998474121094,60.599998474121094,60.20000076293945,60.5,20417
2026-07-07 00:00:00+02:00,60.5,60.5,59.900001525878906,60.099998474121094,7901
2026-07-08 00:00:00+02:00,60.0,60.400001525878906,59.900001525878906,60.29999923706055,3401
2026-07-09 00:00:00+02:00,60.400001525878906,60.5,59.599998474121094,59.900001525878906,13775
2026-07-10 00:00:00+02:00,60.5,60.79999923706055,59.900001525878906,60.099998474121094,19117
2026-07-13 00:00:00+02:00,60.099998474121094,60.599998474121094,59.900001525878906,60.20000076293945,28482
2026-07-14 00:00:00+02:00,60.099998474121094,60.400001525878906,60.0,60.099998474121094,46157
2026-07-15 00:00:00+02:00,60.099998474121094,60.29999923706055,59.900001525878906,60.29999923706055,36234
2026-07-16 00:00:00+02:00,60.20000076293945,62.29999923706055,60.20000076293945,62.29999923706055,173539
2026-07-17 00:00:00+02:00,61.599998474121094,62.400001525878906,61.20000076293945,61.79999923706055,4820
2026-07-20 00:00:00+02:00,62.29999923706055,62.5,61.400001525878906,62.400001525878906,7068
2026-07-21 00:00:00+02:00,62.099998474121094,62.79999923706055,62.099998474121094,62.5,6046
2026-07-22 00:00:00+02:00,62.599998474121094,62.70000076293945,61.5,62.70000076293945,7780
2026-07-23 00:00:00+02:00,62.70000076293945,63.5,62.20000076293945,63.29999923706055,3133
2026-07-24 00:00:00+02:00,63.29999923706055,63.5,62.20000076293945,62.79999923706055,2921
2026-07-27 00:00:00+02:00,63.20000076293945,63.20000076293945,61.79999923706055,62.70000076293945,3234
2026-07-28 00:00:00+02:00,63.0,63.0,61.5,62.900001525878906,3859
2026-07-29 00:00:00+02:00,62.70000076293945,62.70000076293945,61.79999923706055,62.5,2463
2026-07-30 00:00:00+02:00,62.5,62.5,61.70000076293945,62.29999923706055,1488
2026-07-31 00:00:00+02:00,62.400001525878906,64.0,62.0,63.0,9915
2026-08-03 00:00:00+02:00,63.79999923706055,65.0,63.400001525878906,65.0,22335
2026-08-04 00:00:00+02:00,65.0,65.0,64.30000305175781,64.9000015258789,23703
2026-08-05 00:00:00+02:00,64.80000305175781,64.80000305175781,64.30000305175781,64.5,9120
2026-08-06 00:00:00+02:00,64.5,64.5,62.5,63.70000076293945,7727
2026-08-07 00:00:00+02:00,63.70000076293945,63.70000076293945,63.0,63.70000076293945,1901
2026-08-10 00:00:00+02:00,63.70000076293945,63.900001525878906,59.20000076293945,60.400001525878906,43088
2026-08-11 00:00:00+02:00,60.599998474121094,60.599998474121094,58.0,59.0,11933
2026-08-12 00:00:00+02:00,59.0,59.0,57.599998474121094,58.5,9382
2026-08-13 00:00:00+02:00,58.5,58.5,57.5,58.5,6514
2026-08-14 00:00:00+02:00,55.5,55.900001525878906,52.0,52.5,115015
2026-08-17 00:00:00+02:00,53.400001525878906,54.5,52.29999923706055,54.099998474121094,25892
2026-08-18 00:00:00+02:00,54.400001525878906,56.20000076293945,54.0,56.0,19742
2026-08-19 00:00:00+02:00,56.099998474121094,56.20000076293945,55.29999923706055,56.0,6957
2026-08-20 00:00:00+02:00,56.0,56.0,55.5,55.5,3539
2026-08-21 00:00:00+02:00,55.099998474121094,56.0,54.599998474121094,55.0,8116
