Date,Open,High,Low,Close,Volume
2016-08-22 00:00:00+02:00,11.644151991561555,11.8690185546875,11.54638469086995,11.8690185546875,1757766
2016-08-23 00:00:00+02:00,11.839687556302218,12.103661226872708,11.595267905353385,11.702813148498535,2315180
2016-08-24 00:00:00+02:00,11.683259160318748,11.712589257443188,11.53660774230957,11.53660774230957,852242
2016-08-25 00:00:00+02:00,11.60504497854001,11.60504497854001,11.341072238914924,11.370402336120605,1564508
2016-08-26 00:00:00+02:00,11.419286550472766,11.517053852788083,11.321518315770463,11.389955520629883,1840260
2016-08-29 00:00:00+02:00,11.389955178200031,11.565937622418609,11.36062508162592,11.4975004196167,702613
2016-08-30 00:00:00+02:00,11.477946336332122,11.575714567550149,11.145535469055176,11.145535469055176,2748950
2016-08-31 00:00:00+02:00,11.223749497394866,11.389954928313339,11.00866088405432,11.282410621643066,2388053
2016-09-01 00:00:00+02:00,11.389955359874687,11.4388394765359,10.686027436546336,10.842455863952637,3569448
2016-09-02 00:00:00+02:00,10.81312582597923,11.018438371168296,10.656696465331432,10.852232933044434,2930981
2016-09-05 00:00:00+02:00,10.920670227420798,11.497500760682358,10.80334890525714,11.213973999023438,3041230
2016-09-06 00:00:00+02:00,11.282410956530137,11.399732276121957,11.008661210815891,11.341072082519531,2394844
2016-09-07 00:00:00+02:00,11.350848442907555,11.429062657919124,11.00866148532869,11.047768592834473,2315094
2016-09-08 00:00:00+02:00,11.106428540430116,11.204196773209635,10.969554133403152,11.174866676330566,2385319
2016-09-09 00:00:00+02:00,11.145535677542858,11.184642784284213,10.92067004687681,11.008661270141602,1658544
2016-09-12 00:00:00+02:00,10.862008622007366,11.125982284545898,10.754464314521451,11.125982284545898,2653779
2016-09-13 00:00:00+02:00,11.11620582647839,11.468169794936165,10.940223376056007,11.39973258972168,3304228
2016-09-14 00:00:00+02:00,11.360625139371672,11.389955236094865,11.08687539438561,11.16508960723877,2332049
2016-09-15 00:00:00+02:00,11.145535958053364,11.233527183532715,11.008661547207256,11.233527183532715,1672401
2016-09-16 00:00:00+02:00,11.194419952927996,11.213973972769653,10.901116182012029,11.037991523742676,4726941
2016-09-19 00:00:00+02:00,11.028214547212658,11.213974006722898,10.871786117553711,10.871786117553711,1737912
2016-09-20 00:00:00+02:00,10.871785871729015,10.998884201049805,10.862008861999655,10.998884201049805,1482842
2016-09-21 00:00:00+02:00,11.008660933778298,11.086875144871218,10.920669713202027,10.949999809265137,2183579
2016-09-22 00:00:00+02:00,11.25,11.25,10.130000114440918,10.399999618530273,8840551
2016-09-23 00:00:00+02:00,10.399999618530273,10.619999885559082,10.1899995803833,10.600000381469727,4567402
2016-09-26 00:00:00+02:00,10.550000190734863,10.550000190734863,10.300000190734863,10.369999885559082,6955225
2016-09-27 00:00:00+02:00,10.369999885559082,10.460000038146973,10.050000190734863,10.170000076293945,3358809
2016-09-28 00:00:00+02:00,10.100000381469727,10.329999923706055,10.100000381469727,10.239999771118164,2141682
2016-09-29 00:00:00+02:00,10.279999732971191,10.489999771118164,10.270000457763672,10.479999542236328,2228997
2016-09-30 00:00:00+02:00,10.399999618530273,10.510000228881836,10.130000114440918,10.149999618530273,2810401
2016-10-03 00:00:00+02:00,10.15999984741211,10.300000190734863,10.149999618530273,10.180000305175781,659417
2016-10-04 00:00:00+02:00,10.170000076293945,10.229999542236328,9.9399995803833,9.989999771118164,3343313
2016-10-05 00:00:00+02:00,10.050000190734863,10.079999923706055,9.859999656677246,9.90999984741211,2111365
2016-10-06 00:00:00+02:00,9.920000076293945,9.9399995803833,9.670000076293945,9.829999923706055,3225564
2016-10-07 00:00:00+02:00,9.75,10.050000190734863,9.720000267028809,9.949999809265137,2698640
2016-10-10 00:00:00+02:00,10.050000190734863,10.25,9.970000267028809,10.229999542236328,1852873
2016-10-11 00:00:00+02:00,10.25,10.380000114440918,10.069999694824219,10.069999694824219,3610265
2016-10-12 00:00:00+02:00,10.069999694824219,10.239999771118164,9.949999809265137,10.149999618530273,2783148
2016-10-13 00:00:00+02:00,10.119999885559082,10.140000343322754,9.920000076293945,10.010000228881836,2947447
2016-10-14 00:00:00+02:00,10.029999732971191,10.100000381469727,9.710000038146973,9.800000190734863,2582074
2016-10-17 00:00:00+02:00,9.800000190734863,9.90999984741211,9.710000038146973,9.770000457763672,1686982
2016-10-18 00:00:00+02:00,9.819999694824219,10.329999923706055,9.779999732971191,10.289999961853027,3725483
2016-10-19 00:00:00+02:00,10.25,11.069999694824219,10.0600004196167,10.729999542236328,5922419
2016-10-20 00:00:00+02:00,10.800000190734863,10.899999618530273,10.539999961853027,10.800000190734863,3588376
2016-10-21 00:00:00+02:00,10.84000015258789,10.84000015258789,10.5,10.699999809265137,4560477
2016-10-24 00:00:00+02:00,10.720000267028809,10.989999771118164,10.550000190734863,10.960000038146973,1796888
2016-10-25 00:00:00+02:00,10.960000038146973,10.989999771118164,10.520000457763672,10.520000457763672,4031570
2016-10-26 00:00:00+02:00,10.59000015258789,10.710000038146973,10.380000114440918,10.40999984741211,3553187
2016-10-27 00:00:00+02:00,10.5,10.6899995803833,10.229999542236328,10.260000228881836,4437985
2016-10-28 00:00:00+02:00,10.279999732971191,10.420000076293945,10.100000381469727,10.399999618530273,4369498
2016-10-31 00:00:00+01:00,10.40999984741211,10.4399995803833,10.180000305175781,10.270000457763672,4271066
2016-11-02 00:00:00+01:00,10.199999809265137,10.199999809265137,9.859999656677246,9.970000267028809,5826459
2016-11-03 00:00:00+01:00,9.979999542236328,10.460000038146973,9.859999656677246,10.399999618530273,4328391
2016-11-04 00:00:00+01:00,10.300000190734863,10.430000305175781,10.210000038146973,10.229999542236328,1574302
2016-11-07 00:00:00+01:00,10.390000343322754,10.449999809265137,10.220000267028809,10.270000457763672,1903057
2016-11-08 00:00:00+01:00,10.270000457763672,10.350000381469727,10.079999923706055,10.279999732971191,2130095
2016-11-09 00:00:00+01:00,9.949999809265137,10.350000381469727,9.949999809265137,10.350000381469727,2486311
2016-11-10 00:00:00+01:00,10.430000305175781,10.5,10.020000457763672,10.039999961853027,4380288
2016-11-14 00:00:00+01:00,10.140000343322754,10.140000343322754,9.569999694824219,9.649999618530273,5446305
2016-11-15 00:00:00+01:00,9.720000267028809,9.819999694824219,9.520000457763672,9.640000343322754,3308926
2016-11-16 00:00:00+01:00,9.600000381469727,9.789999961853027,9.4399995803833,9.460000038146973,4103825
2016-11-17 00:00:00+01:00,9.5,9.600000381469727,9.319999694824219,9.510000228881836,3179276
2016-11-18 00:00:00+01:00,9.470000267028809,9.609999656677246,9.300000190734863,9.4399995803833,1815166
2016-11-21 00:00:00+01:00,9.489999771118164,9.510000228881836,9.270000457763672,9.4399995803833,2833122
2016-11-22 00:00:00+01:00,9.489999771118164,9.529999732971191,9.3100004196167,9.359999656677246,1919693
2016-11-23 00:00:00+01:00,9.319999694824219,9.449999809265137,9.199999809265137,9.25,4675336
2016-11-24 00:00:00+01:00,9.300000190734863,9.3100004196167,9.180000305175781,9.289999961853027,1979261
2016-11-25 00:00:00+01:00,9.329999923706055,9.800000190734863,9.300000190734863,9.569999694824219,5125688
2016-11-28 00:00:00+01:00,9.579999923706055,9.579999923706055,9.220000267028809,9.300000190734863,2426581
2016-11-29 00:00:00+01:00,9.25,9.300000190734863,9.119999885559082,9.239999771118164,2999721
2016-11-30 00:00:00+01:00,9.279999732971191,9.3100004196167,9.149999618530273,9.279999732971191,4204660
2016-12-01 00:00:00+01:00,9.279999732971191,9.279999732971191,9.149999618530273,9.149999618530273,2264953
2016-12-02 00:00:00+01:00,9.170000076293945,9.170000076293945,9.050000190734863,9.0600004196167,2383778
2016-12-05 00:00:00+01:00,9.220000267028809,9.239999771118164,9.069999694824219,9.220000267028809,3077356
2016-12-06 00:00:00+01:00,9.270000457763672,9.579999923706055,9.220000267028809,9.470000267028809,5372070
2016-12-07 00:00:00+01:00,9.520000457763672,9.890000343322754,9.4399995803833,9.800000190734863,6969996
2016-12-08 00:00:00+01:00,9.84000015258789,9.979999542236328,9.609999656677246,9.979999542236328,6219239
2016-12-09 00:00:00+01:00,9.970000267028809,9.970000267028809,9.710000038146973,9.770000457763672,2622489
2016-12-12 00:00:00+01:00,9.770000457763672,9.770000457763672,9.550000190734863,9.630000114440918,2036494
2016-12-13 00:00:00+01:00,9.600000381469727,9.890000343322754,9.600000381469727,9.84000015258789,4127385
2016-12-14 00:00:00+01:00,9.84000015258789,10.0600004196167,9.75,9.829999923706055,4658210
2016-12-15 00:00:00+01:00,9.75,9.850000381469727,9.699999809265137,9.699999809265137,3593902
2016-12-16 00:00:00+01:00,9.720000267028809,10.0,9.699999809265137,9.899999618530273,8117439
2016-12-19 00:00:00+01:00,9.899999618530273,10.1899995803833,9.739999771118164,10.170000076293945,3933410
2016-12-20 00:00:00+01:00,10.1899995803833,10.579999923706055,10.170000076293945,10.579999923706055,5723062
2016-12-21 00:00:00+01:00,10.600000381469727,10.6899995803833,10.40999984741211,10.40999984741211,2968697
2016-12-22 00:00:00+01:00,10.449999809265137,10.630000114440918,10.319999694824219,10.630000114440918,2532777
2016-12-23 00:00:00+01:00,10.609999656677246,10.829999923706055,10.5,10.529999732971191,1790225
2016-12-27 00:00:00+01:00,10.529999732971191,10.59000015258789,10.399999618530273,10.5,654609
2016-12-28 00:00:00+01:00,10.5,10.59000015258789,10.369999885559082,10.430000305175781,1988416
2016-12-29 00:00:00+01:00,10.479999542236328,10.529999732971191,10.420000076293945,10.479999542236328,1658208
2016-12-30 00:00:00+01:00,10.520000457763672,10.600000381469727,10.4399995803833,10.449999809265137,1821450
2017-01-02 00:00:00+01:00,10.449999809265137,10.6899995803833,10.4399995803833,10.59000015258789,980487
2017-01-03 00:00:00+01:00,10.680000305175781,10.75,10.5600004196167,10.699999809265137,3077989
2017-01-04 00:00:00+01:00,10.720000267028809,10.789999961853027,10.609999656677246,10.699999809265137,2256442
2017-01-05 00:00:00+01:00,10.6899995803833,10.6899995803833,10.359999656677246,10.420000076293945,2386616
2017-01-09 00:00:00+01:00,10.390000343322754,10.619999885559082,10.350000381469727,10.510000228881836,3987322
2017-01-10 00:00:00+01:00,10.510000228881836,10.600000381469727,10.479999542236328,10.479999542236328,2070737
2017-01-11 00:00:00+01:00,10.489999771118164,10.5600004196167,10.270000457763672,10.460000038146973,3590447
2017-01-12 00:00:00+01:00,10.420000076293945,10.460000038146973,10.25,10.449999809265137,3231602
2017-01-13 00:00:00+01:00,10.420000076293945,10.460000038146973,10.25,10.329999923706055,1702344
2017-01-16 00:00:00+01:00,10.329999923706055,10.4399995803833,10.25,10.319999694824219,1190693
2017-01-17 00:00:00+01:00,10.359999656677246,10.390000343322754,10.289999961853027,10.300000190734863,722120
2017-01-18 00:00:00+01:00,10.359999656677246,10.359999656677246,10.079999923706055,10.079999923706055,2650114
2017-01-19 00:00:00+01:00,10.109999656677246,10.180000305175781,10.020000457763672,10.039999961853027,1402538
2017-01-20 00:00:00+01:00,10.09000015258789,10.270000457763672,10.050000190734863,10.180000305175781,1217802
2017-01-23 00:00:00+01:00,10.119999885559082,10.270000457763672,10.119999885559082,10.210000038146973,1300671
2017-01-24 00:00:00+01:00,10.210000038146973,10.390000343322754,10.130000114440918,10.390000343322754,2033435
2017-01-25 00:00:00+01:00,10.399999618530273,10.640000343322754,10.390000343322754,10.529999732971191,2231048
2017-01-26 00:00:00+01:00,10.630000114440918,11.25,10.600000381469727,11.039999961853027,9316269
2017-01-27 00:00:00+01:00,11.050000190734863,11.1899995803833,10.989999771118164,11.149999618530273,4191740
2017-01-30 00:00:00+01:00,11.149999618530273,11.149999618530273,10.90999984741211,11.0,2107643
2017-01-31 00:00:00+01:00,11.0,11.140000343322754,10.920000076293945,10.920000076293945,2059904
2017-02-01 00:00:00+01:00,11.029999732971191,11.229999542236328,10.970000267028809,10.970000267028809,2011564
2017-02-02 00:00:00+01:00,10.970000267028809,11.100000381469727,10.930000305175781,10.9399995803833,1815490
2017-02-03 00:00:00+01:00,10.890000343322754,11.0,10.710000038146973,10.920000076293945,1794526
2017-02-06 00:00:00+01:00,10.970000267028809,11.069999694824219,10.819999694824219,10.850000381469727,2267806
2017-02-07 00:00:00+01:00,10.859999656677246,10.930000305175781,10.800000190734863,10.90999984741211,1157827
2017-02-08 00:00:00+01:00,10.90999984741211,10.9399995803833,10.779999732971191,10.880000114440918,1994242
2017-02-09 00:00:00+01:00,10.850000381469727,11.329999923706055,10.850000381469727,11.329999923706055,5389844
2017-02-10 00:00:00+01:00,11.390000343322754,11.619999885559082,11.359999656677246,11.529999732971191,4247328
2017-02-13 00:00:00+01:00,11.699999809265137,12.079999923706055,11.539999961853027,12.0,5512875
2017-02-14 00:00:00+01:00,12.0,12.050000190734863,11.770000457763672,11.770000457763672,4097524
2017-02-15 00:00:00+01:00,11.800000190734863,11.890000343322754,11.529999732971191,11.5600004196167,2812065
2017-02-16 00:00:00+01:00,11.569999694824219,11.760000228881836,11.430000305175781,11.75,2521059
2017-02-17 00:00:00+01:00,11.75,11.850000381469727,11.460000038146973,11.649999618530273,2252137
2017-02-20 00:00:00+01:00,11.800000190734863,11.800000190734863,11.569999694824219,11.710000038146973,1352097
2017-02-21 00:00:00+01:00,11.710000038146973,11.859999656677246,11.649999618530273,11.789999961853027,2209592
2017-02-22 00:00:00+01:00,11.880000114440918,12.050000190734863,11.800000190734863,11.960000038146973,4311744
2017-02-23 00:00:00+01:00,11.960000038146973,12.130000114440918,11.8100004196167,11.890000343322754,3529726
2017-02-24 00:00:00+01:00,11.899999618530273,11.899999618530273,11.569999694824219,11.649999618530273,2040339
2017-02-27 00:00:00+01:00,11.680000305175781,11.75,11.600000381469727,11.65999984741211,646669
2017-02-28 00:00:00+01:00,11.65999984741211,12.0,11.619999885559082,11.869999885559082,2921950
2017-03-01 00:00:00+01:00,11.930000305175781,12.069999694824219,11.859999656677246,12.0,2696899
2017-03-02 00:00:00+01:00,12.050000190734863,12.25,12.039999961853027,12.239999771118164,4691982
2017-03-03 00:00:00+01:00,12.100000381469727,12.5600004196167,12.010000228881836,12.300000190734863,4069977
2017-03-06 00:00:00+01:00,12.3100004196167,12.359999656677246,12.119999885559082,12.119999885559082,1719547
2017-03-07 00:00:00+01:00,12.050000190734863,12.4399995803833,12.029999732971191,12.350000381469727,3715145
2017-03-08 00:00:00+01:00,12.289999961853027,12.380000114440918,12.119999885559082,12.239999771118164,2721723
2017-03-09 00:00:00+01:00,12.239999771118164,12.260000228881836,11.789999961853027,11.970000267028809,3029592
2017-03-10 00:00:00+01:00,11.989999771118164,12.1899995803833,11.75,11.800000190734863,2671854
2017-03-13 00:00:00+01:00,11.800000190734863,12.020000457763672,11.710000038146973,11.949999809265137,1692702
2017-03-14 00:00:00+01:00,12.0,12.050000190734863,11.819999694824219,11.84000015258789,2798288
2017-03-15 00:00:00+01:00,11.84000015258789,12.050000190734863,11.710000038146973,12.029999732971191,2016418
2017-03-16 00:00:00+01:00,12.149999618530273,12.180000305175781,11.9399995803833,12.180000305175781,3626181
2017-03-17 00:00:00+01:00,12.180000305175781,12.229999542236328,11.930000305175781,11.930000305175781,5618375
2017-03-20 00:00:00+01:00,11.930000305175781,11.989999771118164,11.640000343322754,11.65999984741211,1723972
2017-03-21 00:00:00+01:00,11.699999809265137,11.920000076293945,11.510000228881836,11.59000015258789,1656743
2017-03-22 00:00:00+01:00,11.569999694824219,11.619999885559082,11.270000457763672,11.619999885559082,2905753
2017-03-23 00:00:00+01:00,11.59000015258789,11.8100004196167,11.460000038146973,11.760000228881836,1624908
2017-03-24 00:00:00+01:00,11.75,11.859999656677246,11.640000343322754,11.680000305175781,1038070
2017-03-27 00:00:00+02:00,11.5,11.779999732971191,11.449999809265137,11.600000381469727,1262763
2017-03-28 00:00:00+02:00,11.75,11.890000343322754,11.569999694824219,11.890000343322754,1566757
2017-03-29 00:00:00+02:00,11.890000343322754,12.149999618530273,11.710000038146973,11.75,2515870
2017-03-30 00:00:00+02:00,11.710000038146973,11.779999732971191,11.369999885559082,11.399999618530273,1616087
2017-03-31 00:00:00+02:00,11.300000190734863,11.460000038146973,11.239999771118164,11.399999618530273,2510669
2017-04-03 00:00:00+02:00,11.390000343322754,11.5,11.260000228881836,11.470000267028809,1979858
2017-04-04 00:00:00+02:00,11.470000267028809,11.59000015258789,11.369999885559082,11.520000457763672,1491027
2017-04-05 00:00:00+02:00,11.579999923706055,11.670000076293945,11.460000038146973,11.5,2416708
2017-04-06 00:00:00+02:00,11.460000038146973,11.460000038146973,11.3100004196167,11.3100004196167,1167437
2017-04-07 00:00:00+02:00,11.3100004196167,11.550000190734863,11.229999542236328,11.229999542236328,1721334
2017-04-10 00:00:00+02:00,11.260000228881836,11.359999656677246,11.199999809265137,11.359999656677246,629543
2017-04-11 00:00:00+02:00,11.359999656677246,11.359999656677246,11.039999961853027,11.039999961853027,1379572
2017-04-12 00:00:00+02:00,11.050000190734863,11.210000038146973,10.960000038146973,10.960000038146973,1596741
2017-04-13 00:00:00+02:00,11.109999656677246,11.369999885559082,11.0,11.369999885559082,2757476
2017-04-18 00:00:00+02:00,11.399999618530273,11.579999923706055,11.350000381469727,11.399999618530273,2460888
2017-04-19 00:00:00+02:00,11.5,11.789999961853027,11.390000343322754,11.6899995803833,3494943
2017-04-20 00:00:00+02:00,11.600000381469727,11.75,11.449999809265137,11.699999809265137,2385469
2017-04-21 00:00:00+02:00,11.699999809265137,11.800000190734863,11.399999618530273,11.40999984741211,3163343
2017-04-24 00:00:00+02:00,11.600000381469727,11.6899995803833,11.510000228881836,11.529999732971191,2182695
2017-04-25 00:00:00+02:00,11.649999618530273,11.850000381469727,11.539999961853027,11.739999771118164,2269537
2017-04-26 00:00:00+02:00,11.8100004196167,11.850000381469727,11.460000038146973,11.550000190734863,4069135
2017-04-27 00:00:00+02:00,11.550000190734863,11.75,11.520000457763672,11.65999984741211,1184226
2017-04-28 00:00:00+02:00,11.670000076293945,11.760000228881836,11.479999542236328,11.529999732971191,2193154
2017-05-02 00:00:00+02:00,11.600000381469727,11.680000305175781,11.390000343322754,11.390000343322754,1544935
2017-05-04 00:00:00+02:00,11.399999618530273,11.600000381469727,11.300000190734863,11.359999656677246,2526334
2017-05-05 00:00:00+02:00,11.359999656677246,11.529999732971191,11.319999694824219,11.479999542236328,1406386
2017-05-08 00:00:00+02:00,11.479999542236328,11.5600004196167,11.3100004196167,11.329999923706055,1145854
2017-05-09 00:00:00+02:00,11.329999923706055,11.59000015258789,11.279999732971191,11.510000228881836,2678972
2017-05-10 00:00:00+02:00,11.600000381469727,11.9399995803833,11.600000381469727,11.800000190734863,3554835
2017-05-11 00:00:00+02:00,11.890000343322754,12.520000457763672,11.890000343322754,12.520000457763672,8411816
2017-05-12 00:00:00+02:00,11.979999542236328,12.039999961853027,11.34000015258789,11.5,13320447
2017-05-15 00:00:00+02:00,11.520000457763672,11.649999618530273,11.220000267028809,11.369999885559082,3981440
2017-05-16 00:00:00+02:00,11.329999923706055,11.489999771118164,11.100000381469727,11.329999923706055,3409079
2017-05-17 00:00:00+02:00,11.300000190734863,11.359999656677246,11.140000343322754,11.149999618530273,4195365
2017-05-18 00:00:00+02:00,11.199999809265137,11.289999961853027,10.84000015258789,10.989999771118164,1984864
2017-05-19 00:00:00+02:00,11.010000228881836,11.539999961853027,10.979999542236328,11.539999961853027,3559605
2017-05-22 00:00:00+02:00,11.539999961853027,11.539999961853027,11.210000038146973,11.5,2189596
2017-05-23 00:00:00+02:00,11.420000076293945,11.539999961853027,11.300000190734863,11.319999694824219,2099681
2017-05-24 00:00:00+02:00,11.359999656677246,11.710000038146973,11.289999961853027,11.65999984741211,2459176
2017-05-25 00:00:00+02:00,11.6899995803833,11.850000381469727,11.59000015258789,11.699999809265137,2441567
2017-05-26 00:00:00+02:00,11.609999656677246,11.649999618530273,11.359999656677246,11.5,1474143
2017-05-29 00:00:00+02:00,11.569999694824219,11.59000015258789,11.4399995803833,11.539999961853027,524954
2017-05-30 00:00:00+02:00,11.449999809265137,11.489999771118164,11.109999656677246,11.170000076293945,2446986
2017-05-31 00:00:00+02:00,11.1899995803833,11.3100004196167,10.90999984741211,10.920000076293945,5828846
2017-06-01 00:00:00+02:00,11.100000381469727,11.25,10.90999984741211,11.199999809265137,4116102
2017-06-02 00:00:00+02:00,11.350000381469727,11.640000343322754,11.270000457763672,11.640000343322754,2503983
2017-06-05 00:00:00+02:00,11.640000343322754,11.65999984741211,11.359999656677246,11.380000114440918,1619377
2017-06-06 00:00:00+02:00,11.289999961853027,11.600000381469727,11.229999542236328,11.600000381469727,2283607
2017-06-07 00:00:00+02:00,11.579999923706055,11.880000114440918,11.460000038146973,11.75,3599620
2017-06-08 00:00:00+02:00,11.65999984741211,11.819999694824219,11.539999961853027,11.6899995803833,1899595
2017-06-09 00:00:00+02:00,11.680000305175781,11.8100004196167,11.649999618530273,11.710000038146973,1223806
2017-06-12 00:00:00+02:00,11.710000038146973,11.720000267028809,11.40999984741211,11.489999771118164,707922
2017-06-13 00:00:00+02:00,11.449999809265137,11.619999885559082,11.369999885559082,11.489999771118164,1194073
2017-06-14 00:00:00+02:00,11.449999809265137,11.699999809265137,11.399999618530273,11.699999809265137,1517684
2017-06-15 00:00:00+02:00,11.699999809265137,11.699999809265137,11.699999809265137,11.699999809265137,0
2017-06-16 00:00:00+02:00,11.670000076293945,11.880000114440918,11.609999656677246,11.75,2796134
2017-06-19 00:00:00+02:00,11.850000381469727,12.0,11.75,11.979999542236328,6344478
2017-06-20 00:00:00+02:00,11.989999771118164,12.130000114440918,11.84000015258789,11.850000381469727,1907492
2017-06-21 00:00:00+02:00,11.859999656677246,12.399999618530273,11.729999542236328,12.390000343322754,4281679
2017-06-22 00:00:00+02:00,12.319999694824219,12.489999771118164,12.220000267028809,12.220000267028809,2038589
2017-06-23 00:00:00+02:00,12.180000305175781,12.369999885559082,12.170000076293945,12.270000457763672,2114733
2017-06-26 00:00:00+02:00,12.25,12.390000343322754,12.180000305175781,12.289999961853027,1609162
2017-06-27 00:00:00+02:00,12.420000076293945,12.680000305175781,12.420000076293945,12.680000305175781,4269914
2017-06-28 00:00:00+02:00,12.680000305175781,12.680000305175781,12.520000457763672,12.569999694824219,1582578
2017-06-29 00:00:00+02:00,12.699999809265137,12.699999809265137,12.170000076293945,12.170000076293945,2073018
2017-06-30 00:00:00+02:00,12.170000076293945,12.260000228881836,11.960000038146973,12.109999656677246,2643742
2017-07-03 00:00:00+02:00,12.069999694824219,12.25,12.039999961853027,12.199999809265137,696422
2017-07-04 00:00:00+02:00,12.1899995803833,12.1899995803833,11.90999984741211,11.979999542236328,683268
2017-07-05 00:00:00+02:00,12.0,12.050000190734863,11.90999984741211,11.9399995803833,811456
2017-07-06 00:00:00+02:00,12.0,12.140000343322754,11.970000267028809,12.100000381469727,1072327
2017-07-07 00:00:00+02:00,12.069999694824219,12.199999809265137,11.979999542236328,12.029999732971191,748657
2017-07-10 00:00:00+02:00,12.029999732971191,12.170000076293945,12.020000457763672,12.0600004196167,1172793
2017-07-11 00:00:00+02:00,12.180000305175781,12.380000114440918,12.079999923706055,12.239999771118164,1237598
2017-07-12 00:00:00+02:00,12.279999732971191,12.800000190734863,12.229999542236328,12.800000190734863,3504142
2017-07-13 00:00:00+02:00,12.800000190734863,13.199999809265137,12.699999809265137,13.100000381469727,4572823
2017-07-14 00:00:00+02:00,13.119999885559082,13.15999984741211,12.850000381469727,12.880000114440918,1960607
2017-07-17 00:00:00+02:00,12.970000267028809,13.039999961853027,12.869999885559082,13.020000457763672,1485268
2017-07-18 00:00:00+02:00,13.0,13.229999542236328,12.770000457763672,12.770000457763672,2158003
2017-07-19 00:00:00+02:00,12.850000381469727,13.149999618530273,12.84000015258789,13.119999885559082,1517476
2017-07-20 00:00:00+02:00,13.199999809265137,13.300000190734863,12.760000228881836,12.770000457763672,3081864
2017-07-21 00:00:00+02:00,12.800000190734863,13.15999984741211,12.800000190734863,12.979999542236328,1813964
2017-07-24 00:00:00+02:00,13.0,13.029999732971191,12.819999694824219,13.0,970419
2017-07-25 00:00:00+02:00,13.100000381469727,13.100000381469727,12.800000190734863,12.800000190734863,2212010
2017-07-26 00:00:00+02:00,12.84000015258789,12.899999618530273,12.770000457763672,12.829999923706055,727000
2017-07-27 00:00:00+02:00,12.800000190734863,12.800000190734863,12.550000190734863,12.789999961853027,1542950
2017-07-28 00:00:00+02:00,12.619999885559082,12.920000076293945,12.619999885559082,12.890000343322754,889489
2017-07-31 00:00:00+02:00,12.84000015258789,13.220000267028809,12.819999694824219,13.100000381469727,3359029
2017-08-01 00:00:00+02:00,13.109999656677246,13.289999961853027,13.079999923706055,13.289999961853027,2422106
2017-08-02 00:00:00+02:00,13.300000190734863,13.569999694824219,13.300000190734863,13.34000015258789,2266377
2017-08-03 00:00:00+02:00,13.34000015258789,13.550000190734863,13.25,13.5,1542289
2017-08-04 00:00:00+02:00,13.5,13.59000015258789,13.420000076293945,13.420000076293945,1036138
2017-08-07 00:00:00+02:00,13.470000267028809,13.539999961853027,13.350000381469727,13.460000038146973,1199085
2017-08-08 00:00:00+02:00,13.460000038146973,13.539999961853027,13.390000343322754,13.5,1526578
2017-08-09 00:00:00+02:00,13.5,13.529999732971191,13.050000190734863,13.210000038146973,2289546
2017-08-10 00:00:00+02:00,13.210000038146973,13.279999732971191,12.920000076293945,13.029999732971191,1933856
2017-08-11 00:00:00+02:00,13.0,13.520000457763672,12.930000305175781,13.489999771118164,2458499
2017-08-14 00:00:00+02:00,13.489999771118164,13.5600004196167,13.430000305175781,13.489999771118164,916311
2017-08-15 00:00:00+02:00,13.489999771118164,13.489999771118164,13.489999771118164,13.489999771118164,0
2017-08-16 00:00:00+02:00,13.5600004196167,14.029999732971191,13.520000457763672,13.9399995803833,3302478
2017-08-17 00:00:00+02:00,13.989999771118164,14.100000381469727,13.800000190734863,13.920000076293945,2288962
2017-08-18 00:00:00+02:00,13.65999984741211,14.069999694824219,13.65999984741211,14.069999694824219,2506222
2017-08-21 00:00:00+02:00,14.100000381469727,14.4399995803833,14.020000457763672,14.3100004196167,3211194
2017-08-22 00:00:00+02:00,14.449999809265137,14.449999809265137,14.100000381469727,14.1899995803833,1716947
2017-08-23 00:00:00+02:00,14.199999809265137,14.369999885559082,14.109999656677246,14.239999771118164,2046309
2017-08-24 00:00:00+02:00,14.350000381469727,14.489999771118164,14.25,14.489999771118164,2662430
2017-08-25 00:00:00+02:00,14.609999656677246,14.699999809265137,14.390000343322754,14.390000343322754,1418715
2017-08-28 00:00:00+02:00,14.4399995803833,15.0,14.359999656677246,14.949999809265137,2665074
2017-08-29 00:00:00+02:00,14.899999618530273,14.9399995803833,14.449999809265137,14.619999885559082,2293534
2017-08-30 00:00:00+02:00,14.699999809265137,14.699999809265137,14.319999694824219,14.399999618530273,2064705
2017-08-31 00:00:00+02:00,14.449999809265137,14.5,14.210000038146973,14.270000457763672,1746767
2017-09-01 00:00:00+02:00,14.270000457763672,14.600000381469727,14.210000038146973,14.579999923706055,1217273
2017-09-04 00:00:00+02:00,14.5,14.5,14.3100004196167,14.5,672779
2017-09-05 00:00:00+02:00,14.5,14.649999618530273,14.15999984741211,14.40999984741211,1070029
2017-09-06 00:00:00+02:00,14.3100004196167,14.449999809265137,13.779999732971191,13.850000381469727,3058139
2017-09-07 00:00:00+02:00,13.930000305175781,14.0,13.380000114440918,13.4399995803833,5185499
2017-09-08 00:00:00+02:00,13.600000381469727,13.600000381469727,12.979999542236328,13.289999961853027,3547884
2017-09-11 00:00:00+02:00,13.369999885559082,13.720000267028809,13.369999885559082,13.670000076293945,1736660
2017-09-12 00:00:00+02:00,13.75,14.029999732971191,13.279999732971191,13.369999885559082,2218890
2017-09-13 00:00:00+02:00,13.5,13.5600004196167,13.210000038146973,13.369999885559082,1557945
2017-09-14 00:00:00+02:00,13.369999885559082,13.430000305175781,13.020000457763672,13.319999694824219,1726063
2017-09-15 00:00:00+02:00,13.289999961853027,13.550000190734863,13.260000228881836,13.449999809265137,5352409
2017-09-18 00:00:00+02:00,13.619999885559082,13.890000343322754,13.5,13.5,2522072
2017-09-19 00:00:00+02:00,13.430000305175781,13.4399995803833,13.34000015258789,13.4399995803833,2379664
2017-09-20 00:00:00+02:00,13.460000038146973,13.5,13.270000457763672,13.390000343322754,1643488
2017-09-21 00:00:00+02:00,13.390000343322754,13.4399995803833,12.829999923706055,12.90999984741211,3072346
2017-09-22 00:00:00+02:00,12.970000267028809,13.039999961853027,12.729999542236328,12.9399995803833,2126993
2017-09-25 00:00:00+02:00,12.9399995803833,13.25,12.829999923706055,13.0,1040998
2017-09-26 00:00:00+02:00,12.989999771118164,13.1899995803833,12.819999694824219,13.15999984741211,1381006
2017-09-27 00:00:00+02:00,13.15999984741211,13.220000267028809,12.9399995803833,12.9399995803833,1356526
2017-09-28 00:00:00+02:00,12.9399995803833,13.270000457763672,12.9399995803833,12.979999542236328,1699686
2017-09-29 00:00:00+02:00,13.0,13.300000190734863,13.0,13.300000190734863,1813410
2017-10-02 00:00:00+02:00,13.399999618530273,13.539999961853027,13.0,13.149999618530273,1407211
2017-10-03 00:00:00+02:00,13.239999771118164,13.239999771118164,12.699999809265137,12.859999656677246,1793223
2017-10-04 00:00:00+02:00,12.850000381469727,12.970000267028809,12.420000076293945,12.510000228881836,2781653
2017-10-05 00:00:00+02:00,12.479999542236328,12.819999694824219,12.479999542236328,12.65999984741211,1408338
2017-10-06 00:00:00+02:00,12.75,12.789999961853027,12.649999618530273,12.75,1255458
2017-10-09 00:00:00+02:00,12.770000457763672,12.989999771118164,12.770000457763672,12.920000076293945,1412855
2017-10-10 00:00:00+02:00,12.920000076293945,12.960000038146973,12.65999984741211,12.829999923706055,1767341
2017-10-11 00:00:00+02:00,12.920000076293945,13.460000038146973,12.920000076293945,13.369999885559082,4063632
2017-10-12 00:00:00+02:00,13.5,13.640000343322754,13.3100004196167,13.34000015258789,2738804
2017-10-13 00:00:00+02:00,13.399999618530273,13.460000038146973,13.100000381469727,13.109999656677246,1073960
2017-10-16 00:00:00+02:00,13.069999694824219,13.289999961853027,13.069999694824219,13.229999542236328,1384868
2017-10-17 00:00:00+02:00,13.25,13.260000228881836,13.020000457763672,13.020000457763672,1423499
2017-10-18 00:00:00+02:00,13.079999923706055,13.1899995803833,12.930000305175781,12.930000305175781,2404417
2017-10-19 00:00:00+02:00,12.989999771118164,13.130000114440918,12.930000305175781,13.100000381469727,1147187
2017-10-20 00:00:00+02:00,13.029999732971191,13.289999961853027,13.029999732971191,13.1899995803833,1923464
2017-10-23 00:00:00+02:00,13.1899995803833,13.270000457763672,13.109999656677246,13.149999618530273,936845
2017-10-24 00:00:00+02:00,13.1899995803833,13.289999961853027,13.130000114440918,13.170000076293945,1899261
2017-10-25 00:00:00+02:00,13.319999694824219,13.430000305175781,13.180000305175781,13.260000228881836,1387623
2017-10-26 00:00:00+02:00,13.260000228881836,13.3100004196167,13.039999961853027,13.15999984741211,835054
2017-10-27 00:00:00+02:00,13.180000305175781,13.300000190734863,13.15999984741211,13.199999809265137,1128313
2017-10-30 00:00:00+01:00,13.180000305175781,13.25,13.029999732971191,13.029999732971191,666478
2017-10-31 00:00:00+01:00,13.029999732971191,13.180000305175781,13.029999732971191,13.050000190734863,1244029
2017-11-01 00:00:00+01:00,13.050000190734863,13.050000190734863,13.050000190734863,13.050000190734863,0
2017-11-02 00:00:00+01:00,13.319999694824219,13.319999694824219,13.010000228881836,13.039999961853027,1133383
2017-11-03 00:00:00+01:00,13.0600004196167,13.09000015258789,12.859999656677246,13.010000228881836,720897
2017-11-06 00:00:00+01:00,12.899999618530273,13.119999885559082,12.760000228881836,13.029999732971191,1135368
2017-11-07 00:00:00+01:00,13.130000114440918,13.239999771118164,12.949999809265137,13.050000190734863,2213208
2017-11-08 00:00:00+01:00,13.239999771118164,13.239999771118164,12.319999694824219,12.359999656677246,3152354
2017-11-09 00:00:00+01:00,12.449999809265137,12.479999542236328,12.050000190734863,12.220000267028809,2271046
2017-11-10 00:00:00+01:00,12.279999732971191,12.350000381469727,11.979999542236328,11.989999771118164,1948035
2017-11-13 00:00:00+01:00,12.0,12.050000190734863,11.640000343322754,11.970000267028809,1488693
2017-11-14 00:00:00+01:00,12.029999732971191,12.380000114440918,12.0,12.09000015258789,1491393
2017-11-15 00:00:00+01:00,12.170000076293945,12.170000076293945,11.890000343322754,11.989999771118164,840308
2017-11-16 00:00:00+01:00,12.079999923706055,12.279999732971191,12.020000457763672,12.140000343322754,1329954
2017-11-17 00:00:00+01:00,12.270000457763672,12.270000457763672,11.920000076293945,12.010000228881836,931036
2017-11-20 00:00:00+01:00,12.050000190734863,12.4399995803833,11.9399995803833,12.319999694824219,866897
2017-11-21 00:00:00+01:00,12.34000015258789,12.489999771118164,12.180000305175781,12.390000343322754,2149921
2017-11-22 00:00:00+01:00,12.489999771118164,12.489999771118164,12.239999771118164,12.359999656677246,1544305
2017-11-23 00:00:00+01:00,12.359999656677246,12.600000381469727,12.300000190734863,12.529999732971191,1257995
2017-11-24 00:00:00+01:00,12.529999732971191,12.579999923706055,12.289999961853027,12.34000015258789,1069690
2017-11-27 00:00:00+01:00,12.3100004196167,12.369999885559082,12.010000228881836,12.010000228881836,1881242
2017-11-28 00:00:00+01:00,12.050000190734863,12.279999732971191,12.010000228881836,12.069999694824219,2120922
2017-11-29 00:00:00+01:00,12.149999618530273,12.25,11.970000267028809,12.020000457763672,1861730
2017-11-30 00:00:00+01:00,12.020000457763672,12.130000114440918,11.760000228881836,11.930000305175781,7065216
2017-12-01 00:00:00+01:00,11.899999618530273,12.029999732971191,11.670000076293945,11.880000114440918,1110099
2017-12-04 00:00:00+01:00,11.949999809265137,12.09000015258789,11.710000038146973,11.869999885559082,1447074
2017-12-05 00:00:00+01:00,11.960000038146973,12.0600004196167,11.859999656677246,11.899999618530273,1458268
2017-12-06 00:00:00+01:00,11.90999984741211,12.180000305175781,11.899999618530273,12.100000381469727,1962004
2017-12-07 00:00:00+01:00,12.25,12.850000381469727,12.25,12.800000190734863,6777101
2017-12-08 00:00:00+01:00,12.90999984741211,13.079999923706055,12.65999984741211,12.65999984741211,2722453
2017-12-11 00:00:00+01:00,12.65999984741211,12.84000015258789,12.609999656677246,12.84000015258789,1225670
2017-12-12 00:00:00+01:00,12.800000190734863,12.979999542236328,12.720000267028809,12.979999542236328,1346248
2017-12-13 00:00:00+01:00,12.970000267028809,12.989999771118164,12.600000381469727,12.600000381469727,1033769
2017-12-14 00:00:00+01:00,12.5,12.5,11.989999771118164,12.050000190734863,2642677
2017-12-15 00:00:00+01:00,12.029999732971191,12.300000190734863,12.020000457763672,12.170000076293945,3636707
2017-12-18 00:00:00+01:00,12.199999809265137,12.579999923706055,12.199999809265137,12.579999923706055,1163330
2017-12-19 00:00:00+01:00,12.579999923706055,12.65999984741211,12.430000305175781,12.4399995803833,1372962
2017-12-20 00:00:00+01:00,12.4399995803833,12.479999542236328,12.130000114440918,12.140000343322754,1407547
2017-12-21 00:00:00+01:00,12.15999984741211,12.210000038146973,11.859999656677246,12.029999732971191,1809618
2017-12-22 00:00:00+01:00,12.09000015258789,12.100000381469727,11.899999618530273,11.899999618530273,818582
2017-12-25 00:00:00+01:00,11.899999618530273,11.899999618530273,11.899999618530273,11.899999618530273,0
2017-12-26 00:00:00+01:00,11.899999618530273,11.899999618530273,11.899999618530273,11.899999618530273,0
2017-12-27 00:00:00+01:00,11.899999618530273,12.0,11.8100004196167,11.970000267028809,1456846
2017-12-28 00:00:00+01:00,11.970000267028809,11.989999771118164,11.850000381469727,11.970000267028809,1429934
2017-12-29 00:00:00+01:00,11.989999771118164,12.140000343322754,11.960000038146973,12.050000190734863,991263
2018-01-01 00:00:00+01:00,12.050000190734863,12.050000190734863,12.050000190734863,12.050000190734863,0
2018-01-02 00:00:00+01:00,12.050000190734863,12.050000190734863,12.050000190734863,12.050000190734863,0
2018-01-03 00:00:00+01:00,12.100000381469727,12.100000381469727,11.609999656677246,11.9399995803833,1897648
2018-01-04 00:00:00+01:00,12.0600004196167,12.399999618530273,12.029999732971191,12.350000381469727,4448168
2018-01-05 00:00:00+01:00,12.350000381469727,12.75,12.3100004196167,12.75,2883964
2018-01-08 00:00:00+01:00,12.75,12.75,12.59000015258789,12.699999809265137,1768995
2018-01-09 00:00:00+01:00,12.6899995803833,12.899999618530273,12.649999618530273,12.789999961853027,2945047
2018-01-10 00:00:00+01:00,12.65999984741211,12.75,12.430000305175781,12.600000381469727,1614402
2018-01-11 00:00:00+01:00,12.649999618530273,12.789999961853027,12.569999694824219,12.699999809265137,1491960
2018-01-12 00:00:00+01:00,12.800000190734863,12.899999618530273,12.59000015258789,12.630000114440918,1856809
2018-01-15 00:00:00+01:00,12.619999885559082,12.75,12.550000190734863,12.75,384645
2018-01-16 00:00:00+01:00,12.720000267028809,13.149999618530273,12.619999885559082,13.149999618530273,3171379
2018-01-17 00:00:00+01:00,13.149999618530273,13.399999618530273,13.109999656677246,13.399999618530273,2570347
2018-01-18 00:00:00+01:00,13.34000015258789,13.489999771118164,13.020000457763672,13.15999984741211,2250415
2018-01-19 00:00:00+01:00,13.100000381469727,13.270000457763672,13.0600004196167,13.25,1230390
2018-01-22 00:00:00+01:00,13.25,13.369999885559082,13.100000381469727,13.149999618530273,1404287
2018-01-23 00:00:00+01:00,13.25,13.279999732971191,12.6899995803833,12.75,2301872
2018-01-24 00:00:00+01:00,12.84000015258789,12.84000015258789,12.149999618530273,12.15999984741211,3802411
2018-01-25 00:00:00+01:00,12.210000038146973,12.34000015258789,12.119999885559082,12.119999885559082,2681960
2018-01-26 00:00:00+01:00,12.149999618530273,12.329999923706055,12.140000343322754,12.1899995803833,1247783
2018-01-29 00:00:00+01:00,12.279999732971191,12.300000190734863,12.149999618530273,12.210000038146973,1324126
2018-01-30 00:00:00+01:00,12.210000038146973,12.210000038146973,12.210000038146973,12.210000038146973,0
2018-01-31 00:00:00+01:00,12.15999984741211,12.239999771118164,11.890000343322754,11.890000343322754,1740995
2018-02-01 00:00:00+01:00,11.960000038146973,12.140000343322754,11.779999732971191,11.869999885559082,1677917
2018-02-02 00:00:00+01:00,11.930000305175781,11.9399995803833,11.65999984741211,11.9399995803833,1658533
2018-02-05 00:00:00+01:00,11.800000190734863,11.899999618530273,11.420000076293945,11.449999809265137,3079158
2018-02-06 00:00:00+01:00,11.010000228881836,11.210000038146973,10.9399995803833,11.069999694824219,2272009
2018-02-07 00:00:00+01:00,11.220000267028809,11.260000228881836,10.869999885559082,10.920000076293945,2914937
2018-02-08 00:00:00+01:00,10.920000076293945,11.1899995803833,10.859999656677246,11.020000457763672,2368131
2018-02-09 00:00:00+01:00,10.899999618530273,11.140000343322754,10.819999694824219,11.0,3190304
2018-02-12 00:00:00+01:00,11.180000305175781,11.180000305175781,10.90999984741211,10.960000038146973,1980483
2018-02-13 00:00:00+01:00,10.890000343322754,10.979999542236328,10.699999809265137,10.84000015258789,4566043
2018-02-14 00:00:00+01:00,10.869999885559082,11.149999618530273,10.859999656677246,11.0600004196167,3229257
2018-02-15 00:00:00+01:00,11.239999771118164,11.350000381469727,11.149999618530273,11.1899995803833,2726153
2018-02-16 00:00:00+01:00,11.300000190734863,11.300000190734863,11.010000228881836,11.069999694824219,2273242
2018-02-19 00:00:00+01:00,11.079999923706055,11.100000381469727,10.949999809265137,11.100000381469727,633192
2018-02-20 00:00:00+01:00,11.079999923706055,11.140000343322754,10.960000038146973,11.079999923706055,832113
2018-02-21 00:00:00+01:00,11.029999732971191,11.029999732971191,10.569999694824219,10.600000381469727,4708418
2018-02-22 00:00:00+01:00,10.510000228881836,10.850000381469727,10.5,10.779999732971191,2950607
2018-02-23 00:00:00+01:00,10.789999961853027,10.920000076293945,10.770000457763672,10.84000015258789,2116217
2018-02-26 00:00:00+01:00,10.899999618530273,10.960000038146973,10.859999656677246,10.869999885559082,1279365
2018-02-27 00:00:00+01:00,10.890000343322754,10.9399995803833,10.539999961853027,10.569999694824219,4004726
2018-02-28 00:00:00+01:00,10.550000190734863,10.569999694824219,10.140000343322754,10.140000343322754,4170212
2018-03-01 00:00:00+01:00,10.1899995803833,10.520000457763672,10.079999923706055,10.489999771118164,2619443
2018-03-02 00:00:00+01:00,10.399999618530273,10.4399995803833,10.149999618530273,10.279999732971191,2480756
2018-03-05 00:00:00+01:00,10.229999542236328,10.399999618530273,10.100000381469727,10.369999885559082,1326245
2018-03-06 00:00:00+01:00,10.5,10.520000457763672,10.0600004196167,10.0600004196167,2712204
2018-03-07 00:00:00+01:00,10.100000381469727,10.319999694824219,9.899999618530273,10.119999885559082,3782841
2018-03-08 00:00:00+01:00,10.119999885559082,10.449999809265137,10.100000381469727,10.319999694824219,2639415
2018-03-09 00:00:00+01:00,10.380000114440918,10.75,10.260000228881836,10.699999809265137,1648693
2018-03-12 00:00:00+01:00,10.699999809265137,10.819999694824219,10.640000343322754,10.760000228881836,2411328
2018-03-13 00:00:00+01:00,10.75,10.75,10.260000228881836,10.3100004196167,4546594
2018-03-14 00:00:00+01:00,10.3100004196167,10.3100004196167,10.100000381469727,10.100000381469727,4389140
2018-03-15 00:00:00+01:00,10.109999656677246,10.479999542236328,10.100000381469727,10.399999618530273,3242766
2018-03-16 00:00:00+01:00,10.359999656677246,10.59000015258789,10.329999923706055,10.460000038146973,7727185
2018-03-19 00:00:00+01:00,10.4399995803833,10.550000190734863,10.239999771118164,10.399999618530273,2734984
2018-03-20 00:00:00+01:00,10.390000343322754,10.6899995803833,10.359999656677246,10.460000038146973,3702230
2018-03-21 00:00:00+01:00,10.470000267028809,10.600000381469727,10.420000076293945,10.5,2862126
2018-03-22 00:00:00+01:00,10.470000267028809,10.5,10.050000190734863,10.050000190734863,2423623
2018-03-23 00:00:00+01:00,10.010000228881836,10.239999771118164,9.989999771118164,10.050000190734863,1069930
2018-03-26 00:00:00+02:00,10.119999885559082,10.170000076293945,9.90999984741211,9.920000076293945,1164818
2018-03-27 00:00:00+02:00,10.020000457763672,10.270000457763672,10.020000457763672,10.09000015258789,1672330
2018-03-28 00:00:00+02:00,10.09000015258789,10.119999885559082,9.819999694824219,9.880000114440918,3181030
2018-03-29 00:00:00+02:00,9.9399995803833,10.079999923706055,9.90999984741211,9.90999984741211,1434415
2018-03-30 00:00:00+02:00,9.90999984741211,9.90999984741211,9.90999984741211,9.90999984741211,0
2018-04-02 00:00:00+02:00,9.90999984741211,9.90999984741211,9.90999984741211,9.90999984741211,0
2018-04-03 00:00:00+02:00,9.970000267028809,10.069999694824219,9.819999694824219,10.0,1141013
2018-04-04 00:00:00+02:00,10.0,10.0,9.75,9.800000190734863,912937
2018-04-05 00:00:00+02:00,9.949999809265137,9.979999542236328,9.8100004196167,9.8100004196167,1046421
2018-04-06 00:00:00+02:00,9.829999923706055,10.09000015258789,9.760000228881836,10.020000457763672,1159789
2018-04-09 00:00:00+02:00,10.09000015258789,10.399999618530273,10.09000015258789,10.399999618530273,2057570
2018-04-10 00:00:00+02:00,10.460000038146973,10.619999885559082,10.3100004196167,10.5600004196167,2168969
2018-04-11 00:00:00+02:00,10.5,10.6899995803833,10.380000114440918,10.59000015258789,2647548
2018-04-12 00:00:00+02:00,10.5600004196167,10.75,10.529999732971191,10.699999809265137,1298226
2018-04-13 00:00:00+02:00,10.649999618530273,10.890000343322754,10.630000114440918,10.800000190734863,1440058
2018-04-16 00:00:00+02:00,10.800000190734863,10.800000190734863,10.520000457763672,10.520000457763672,1436463
2018-04-17 00:00:00+02:00,10.579999923706055,10.600000381469727,10.350000381469727,10.510000228881836,737264
2018-04-18 00:00:00+02:00,10.5600004196167,10.640000343322754,10.4399995803833,10.640000343322754,1420683
2018-04-19 00:00:00+02:00,10.630000114440918,10.789999961853027,10.550000190734863,10.65999984741211,1084874
2018-04-20 00:00:00+02:00,10.600000381469727,10.680000305175781,10.390000343322754,10.390000343322754,877752
2018-04-23 00:00:00+02:00,10.399999618530273,10.430000305175781,10.15999984741211,10.199999809265137,1195459
2018-04-24 00:00:00+02:00,10.25,10.329999923706055,10.069999694824219,10.069999694824219,1441888
2018-04-25 00:00:00+02:00,10.069999694824219,10.210000038146973,10.0600004196167,10.09000015258789,1369413
2018-04-26 00:00:00+02:00,10.09000015258789,10.25,10.09000015258789,10.220000267028809,921778
2018-04-27 00:00:00+02:00,10.3100004196167,10.5,10.289999961853027,10.350000381469727,1647644
2018-04-30 00:00:00+02:00,10.350000381469727,10.510000228881836,10.329999923706055,10.470000267028809,821357
2018-05-01 00:00:00+02:00,10.470000267028809,10.470000267028809,10.470000267028809,10.470000267028809,0
2018-05-02 00:00:00+02:00,10.460000038146973,10.59000015258789,10.369999885559082,10.369999885559082,773241
2018-05-03 00:00:00+02:00,10.369999885559082,10.369999885559082,10.369999885559082,10.369999885559082,0
2018-05-04 00:00:00+02:00,10.279999732971191,10.380000114440918,10.039999961853027,10.039999961853027,1237561
2018-05-07 00:00:00+02:00,10.109999656677246,10.34000015258789,10.100000381469727,10.119999885559082,787663
2018-05-08 00:00:00+02:00,10.119999885559082,10.180000305175781,9.960000038146973,10.0,1680608
2018-05-09 00:00:00+02:00,10.0,10.149999618530273,10.0,10.079999923706055,1679101
2018-05-10 00:00:00+02:00,10.5,10.90999984741211,10.489999771118164,10.6899995803833,5655238
2018-05-11 00:00:00+02:00,10.630000114440918,10.739999771118164,10.510000228881836,10.65999984741211,1561797
2018-05-14 00:00:00+02:00,10.739999771118164,10.739999771118164,10.220000267028809,10.300000190734863,1672173
2018-05-15 00:00:00+02:00,10.329999923706055,10.34000015258789,10.050000190734863,10.050000190734863,1304838
2018-05-16 00:00:00+02:00,10.100000381469727,10.270000457763672,9.9399995803833,10.270000457763672,1974942
2018-05-17 00:00:00+02:00,10.270000457763672,10.270000457763672,10.069999694824219,10.109999656677246,1525316
2018-05-18 00:00:00+02:00,10.109999656677246,10.3100004196167,10.050000190734863,10.270000457763672,1548563
2018-05-21 00:00:00+02:00,10.199999809265137,10.34000015258789,10.100000381469727,10.300000190734863,1728495
2018-05-22 00:00:00+02:00,10.210000038146973,10.279999732971191,9.960000038146973,10.140000343322754,2199377
2018-05-23 00:00:00+02:00,10.0600004196167,10.100000381469727,9.390000343322754,9.470000267028809,4380728
2018-05-24 00:00:00+02:00,9.5,9.579999923706055,9.170000076293945,9.510000228881836,2616902
2018-05-25 00:00:00+02:00,9.460000038146973,9.460000038146973,9.010000228881836,9.119999885559082,2536548
2018-05-28 00:00:00+02:00,9.199999809265137,9.300000190734863,9.149999618530273,9.279999732971191,844728
2018-05-29 00:00:00+02:00,9.350000381469727,9.770000457763672,9.34000015258789,9.630000114440918,3040532
2018-05-30 00:00:00+02:00,9.75,9.850000381469727,9.5,9.84000015258789,8010553
2018-05-31 00:00:00+02:00,9.84000015258789,9.84000015258789,9.84000015258789,9.84000015258789,0
2018-06-01 00:00:00+02:00,9.720000267028809,9.979999542236328,9.640000343322754,9.899999618530273,2022543
2018-06-04 00:00:00+02:00,9.869999885559082,9.880000114440918,9.699999809265137,9.75,2075159
2018-06-05 00:00:00+02:00,9.739999771118164,10.020000457763672,9.5600004196167,9.979999542236328,2938340
2018-06-06 00:00:00+02:00,9.949999809265137,10.319999694824219,9.949999809265137,10.300000190734863,3142005
2018-06-07 00:00:00+02:00,10.329999923706055,10.75,10.329999923706055,10.65999984741211,2945885
2018-06-08 00:00:00+02:00,10.600000381469727,10.680000305175781,10.449999809265137,10.449999809265137,3125103
2018-06-11 00:00:00+02:00,10.449999809265137,10.600000381469727,10.270000457763672,10.449999809265137,1489561
2018-06-12 00:00:00+02:00,10.539999961853027,10.5600004196167,10.350000381469727,10.489999771118164,1887813
2018-06-13 00:00:00+02:00,10.449999809265137,10.520000457763672,10.300000190734863,10.399999618530273,1732051
2018-06-14 00:00:00+02:00,10.399999618530273,10.430000305175781,10.210000038146973,10.270000457763672,1656402
2018-06-15 00:00:00+02:00,10.270000457763672,10.399999618530273,10.020000457763672,10.020000457763672,4257027
2018-06-18 00:00:00+02:00,10.010000228881836,10.15999984741211,9.640000343322754,9.649999618530273,1417812
2018-06-19 00:00:00+02:00,9.600000381469727,9.739999771118164,9.350000381469727,9.510000228881836,2145619
2018-06-20 00:00:00+02:00,9.600000381469727,9.800000190734863,9.510000228881836,9.5600004196167,1702617
2018-06-21 00:00:00+02:00,9.600000381469727,9.739999771118164,9.4399995803833,9.460000038146973,2103782
2018-06-22 00:00:00+02:00,9.579999923706055,9.699999809265137,9.460000038146973,9.460000038146973,1083412
2018-06-25 00:00:00+02:00,9.470000267028809,9.9399995803833,9.470000267028809,9.710000038146973,1554269
2018-06-26 00:00:00+02:00,9.779999732971191,9.890000343322754,9.5,9.5,916166
2018-06-27 00:00:00+02:00,9.600000381469727,9.630000114440918,9.239999771118164,9.380000114440918,2458705
2018-06-28 00:00:00+02:00,9.380000114440918,9.430000305175781,9.1899995803833,9.220000267028809,1995538
2018-06-29 00:00:00+02:00,9.220000267028809,9.40999984741211,9.220000267028809,9.34000015258789,1936636
2018-07-02 00:00:00+02:00,9.300000190734863,9.300000190734863,9.170000076293945,9.199999809265137,762247
2018-07-03 00:00:00+02:00,9.199999809265137,9.460000038146973,9.1899995803833,9.4399995803833,916957
2018-07-04 00:00:00+02:00,9.460000038146973,9.5600004196167,9.390000343322754,9.5600004196167,668907
2018-07-05 00:00:00+02:00,9.579999923706055,9.649999618530273,9.40999984741211,9.40999984741211,957811
2018-07-06 00:00:00+02:00,9.4399995803833,9.579999923706055,9.359999656677246,9.5,1449526
2018-07-09 00:00:00+02:00,9.550000190734863,9.550000190734863,9.25,9.5,2094595
2018-07-10 00:00:00+02:00,9.420000076293945,9.779999732971191,9.399999618530273,9.670000076293945,1753323
2018-07-11 00:00:00+02:00,9.5600004196167,9.65999984741211,9.420000076293945,9.539999961853027,966037
2018-07-12 00:00:00+02:00,9.5,9.630000114440918,9.479999542236328,9.529999732971191,576498
2018-07-13 00:00:00+02:00,9.609999656677246,9.609999656677246,9.399999618530273,9.550000190734863,515761
2018-07-16 00:00:00+02:00,9.550000190734863,9.609999656677246,9.369999885559082,9.420000076293945,651325
2018-07-17 00:00:00+02:00,9.539999961853027,9.539999961853027,9.399999618530273,9.4399995803833,709756
2018-07-18 00:00:00+02:00,9.479999542236328,9.569999694824219,9.350000381469727,9.449999809265137,598755
2018-07-19 00:00:00+02:00,9.399999618530273,9.4399995803833,9.289999961853027,9.359999656677246,1180577
2018-07-20 00:00:00+02:00,9.359999656677246,9.609999656677246,9.329999923706055,9.609999656677246,2890921
2018-07-23 00:00:00+02:00,9.569999694824219,9.84000015258789,9.569999694824219,9.800000190734863,791120
2018-07-24 00:00:00+02:00,9.850000381469727,10.020000457763672,9.649999618530273,9.649999618530273,1922150
2018-07-25 00:00:00+02:00,9.850000381469727,9.850000381469727,9.65999984741211,9.800000190734863,604306
2018-07-26 00:00:00+02:00,9.8100004196167,9.930000305175781,9.760000228881836,9.90999984741211,1383853
2018-07-27 00:00:00+02:00,9.65999984741211,9.90999984741211,9.649999618530273,9.789999961853027,1361115
2018-07-30 00:00:00+02:00,9.819999694824219,10.180000305175781,9.789999961853027,10.180000305175781,1288801
2018-07-31 00:00:00+02:00,10.119999885559082,10.140000343322754,9.819999694824219,9.829999923706055,1802447
2018-08-01 00:00:00+02:00,9.869999885559082,9.880000114440918,9.640000343322754,9.739999771118164,1796886
2018-08-02 00:00:00+02:00,9.779999732971191,9.84000015258789,9.699999809265137,9.789999961853027,639412
2018-08-03 00:00:00+02:00,9.770000457763672,9.850000381469727,9.6899995803833,9.760000228881836,671073
2018-08-06 00:00:00+02:00,9.8100004196167,9.850000381469727,9.670000076293945,9.819999694824219,514275
2018-08-07 00:00:00+02:00,9.819999694824219,9.899999618530273,9.720000267028809,9.789999961853027,509555
2018-08-08 00:00:00+02:00,9.760000228881836,9.8100004196167,9.569999694824219,9.739999771118164,1461280
2018-08-09 00:00:00+02:00,9.699999809265137,9.779999732971191,9.619999885559082,9.779999732971191,669292
2018-08-10 00:00:00+02:00,9.65999984741211,9.710000038146973,9.399999618530273,9.399999618530273,1822401
2018-08-13 00:00:00+02:00,9.399999618530273,9.40999984741211,9.15999984741211,9.1899995803833,1225973
2018-08-14 00:00:00+02:00,9.25,9.319999694824219,9.170000076293945,9.300000190734863,858180
2018-08-15 00:00:00+02:00,9.300000190734863,9.300000190734863,9.300000190734863,9.300000190734863,0
2018-08-16 00:00:00+02:00,9.289999961853027,9.289999961853027,8.960000038146973,8.979999542236328,1864329
2018-08-17 00:00:00+02:00,9.039999961853027,9.0600004196167,8.899999618530273,8.970000267028809,1378306
2018-08-20 00:00:00+02:00,8.960000038146973,9.010000228881836,8.520000457763672,8.579999923706055,3123542
2018-08-21 00:00:00+02:00,8.5600004196167,8.890000343322754,8.550000190734863,8.890000343322754,1933878
2018-08-22 00:00:00+02:00,8.8100004196167,8.880000114440918,8.699999809265137,8.800000190734863,1323509
2018-08-23 00:00:00+02:00,8.829999923706055,8.829999923706055,8.609999656677246,8.800000190734863,1645887
2018-08-24 00:00:00+02:00,8.899999618530273,8.90999984741211,8.600000381469727,8.699999809265137,2284172
2018-08-27 00:00:00+02:00,8.75,9.0,8.75,8.989999771118164,1197567
2018-08-28 00:00:00+02:00,8.949999809265137,9.119999885559082,8.949999809265137,9.119999885559082,1250563
2018-08-29 00:00:00+02:00,9.130000114440918,9.130000114440918,8.930000305175781,9.09000015258789,980379
2018-08-30 00:00:00+02:00,9.010000228881836,9.069999694824219,8.859999656677246,8.90999984741211,971075
2018-08-31 00:00:00+02:00,8.869999885559082,9.0,8.800000190734863,9.0,1736113
2018-09-03 00:00:00+02:00,8.949999809265137,9.130000114440918,8.920000076293945,9.100000381469727,1303643
2018-09-04 00:00:00+02:00,9.109999656677246,9.140000343322754,8.880000114440918,9.050000190734863,1428056
2018-09-05 00:00:00+02:00,9.0,9.039999961853027,8.529999732971191,8.550000190734863,3007268
2018-09-06 00:00:00+02:00,8.550000190734863,8.579999923706055,8.5,8.5600004196167,1493905
2018-09-07 00:00:00+02:00,8.609999656677246,8.649999618530273,8.510000228881836,8.640000343322754,1263661
2018-09-10 00:00:00+02:00,8.6899995803833,8.6899995803833,8.510000228881836,8.579999923706055,2357394
2018-09-11 00:00:00+02:00,8.630000114440918,8.630000114440918,8.40999984741211,8.569999694824219,2095714
2018-09-12 00:00:00+02:00,8.520000457763672,8.6899995803833,8.520000457763672,8.6899995803833,2728124
2018-09-13 00:00:00+02:00,8.670000076293945,8.779999732971191,8.600000381469727,8.75,1316157
2018-09-14 00:00:00+02:00,8.800000190734863,8.880000114440918,8.710000038146973,8.869999885559082,1396454
2018-09-17 00:00:00+02:00,8.869999885559082,8.949999809265137,8.739999771118164,8.84000015258789,1066225
2018-09-18 00:00:00+02:00,8.859999656677246,9.0,8.800000190734863,8.859999656677246,1092696
2018-09-19 00:00:00+02:00,8.890000343322754,9.609999656677246,8.8100004196167,9.3100004196167,4425844
2018-09-20 00:00:00+02:00,9.3100004196167,9.390000343322754,9.25,9.319999694824219,3141198
2018-09-21 00:00:00+02:00,9.3100004196167,9.510000228881836,9.15999984741211,9.369999885559082,12095970
2018-09-24 00:00:00+02:00,9.300000190734863,9.59000015258789,9.300000190734863,9.5600004196167,2220240
2018-09-25 00:00:00+02:00,9.5600004196167,9.630000114440918,9.4399995803833,9.489999771118164,1234624
2018-09-26 00:00:00+02:00,9.489999771118164,9.630000114440918,9.350000381469727,9.550000190734863,908090
2018-09-27 00:00:00+02:00,9.529999732971191,9.75,9.449999809265137,9.739999771118164,1827344
2018-09-28 00:00:00+02:00,9.710000038146973,9.729999542236328,9.369999885559082,9.520000457763672,2073407
2018-10-01 00:00:00+02:00,9.460000038146973,9.619999885559082,9.350000381469727,9.359999656677246,1322630
2018-10-02 00:00:00+02:00,9.350000381469727,9.720000267028809,9.350000381469727,9.720000267028809,1465915
2018-10-03 00:00:00+02:00,9.75,10.420000076293945,9.720000267028809,10.300000190734863,3920724
2018-10-04 00:00:00+02:00,10.199999809265137,10.25,10.029999732971191,10.109999656677246,3351471
2018-10-05 00:00:00+02:00,10.100000381469727,10.1899995803833,9.930000305175781,10.020000457763672,2246953
2018-10-08 00:00:00+02:00,10.020000457763672,10.140000343322754,9.899999618530273,10.050000190734863,1183507
2018-10-09 00:00:00+02:00,10.029999732971191,10.25,9.960000038146973,10.100000381469727,1737121
2018-10-10 00:00:00+02:00,10.210000038146973,10.210000038146973,9.770000457763672,9.770000457763672,2646462
2018-10-11 00:00:00+02:00,9.6899995803833,9.75,9.510000228881836,9.510000228881836,1910802
2018-10-12 00:00:00+02:00,9.619999885559082,9.6899995803833,9.430000305175781,9.5,1815232
2018-10-15 00:00:00+02:00,9.489999771118164,9.9399995803833,9.460000038146973,9.819999694824219,1385165
2018-10-16 00:00:00+02:00,9.890000343322754,10.149999618530273,9.869999885559082,10.050000190734863,2394088
2018-10-17 00:00:00+02:00,10.0600004196167,10.289999961853027,9.789999961853027,9.890000343322754,2514708
2018-10-18 00:00:00+02:00,9.880000114440918,10.170000076293945,9.819999694824219,10.15999984741211,1497063
2018-10-19 00:00:00+02:00,10.15999984741211,10.369999885559082,9.960000038146973,10.25,1726732
2018-10-22 00:00:00+02:00,10.260000228881836,10.680000305175781,10.25,10.609999656677246,3374081
2018-10-23 00:00:00+02:00,10.5,10.59000015258789,10.34000015258789,10.420000076293945,3752802
2018-10-24 00:00:00+02:00,10.520000457763672,10.600000381469727,10.4399995803833,10.520000457763672,3112165
2018-10-25 00:00:00+02:00,10.300000190734863,10.600000381469727,10.300000190734863,10.600000381469727,3266726
2018-10-26 00:00:00+02:00,10.5600004196167,10.579999923706055,10.1899995803833,10.1899995803833,1621109
2018-10-29 00:00:00+01:00,10.210000038146973,10.380000114440918,9.960000038146973,9.989999771118164,1442081
2018-10-30 00:00:00+01:00,10.100000381469727,10.229999542236328,9.979999542236328,10.1899995803833,1223988
2018-10-31 00:00:00+01:00,10.25,10.619999885559082,10.25,10.510000228881836,3589575
2018-11-01 00:00:00+01:00,10.510000228881836,10.510000228881836,10.510000228881836,10.510000228881836,0
2018-11-02 00:00:00+01:00,10.649999618530273,10.75,10.359999656677246,10.630000114440918,3254432
2018-11-05 00:00:00+01:00,10.600000381469727,10.640000343322754,10.479999542236328,10.630000114440918,1755743
2018-11-06 00:00:00+01:00,10.59000015258789,10.829999923706055,10.510000228881836,10.800000190734863,1575346
2018-11-07 00:00:00+01:00,10.770000457763672,11.170000076293945,10.739999771118164,11.039999961853027,2852976
2018-11-08 00:00:00+01:00,11.109999656677246,11.319999694824219,10.800000190734863,10.800000190734863,2152137
2018-11-09 00:00:00+01:00,10.859999656677246,10.970000267028809,10.609999656677246,10.65999984741211,1467454
2018-11-12 00:00:00+01:00,10.65999984741211,10.65999984741211,10.65999984741211,10.65999984741211,0
2018-11-13 00:00:00+01:00,10.6899995803833,11.149999618530273,10.649999618530273,11.119999885559082,1882012
2018-11-14 00:00:00+01:00,10.949999809265137,11.350000381469727,10.710000038146973,11.350000381469727,2587861
2018-11-15 00:00:00+01:00,11.210000038146973,11.9399995803833,11.199999809265137,11.90999984741211,5199784
2018-11-16 00:00:00+01:00,11.899999618530273,12.25,11.720000267028809,12.180000305175781,5593297
2018-11-19 00:00:00+01:00,12.180000305175781,12.380000114440918,11.880000114440918,12.1899995803833,2105798
2018-11-20 00:00:00+01:00,11.9399995803833,12.0600004196167,11.260000228881836,11.270000457763672,4187284
2018-11-21 00:00:00+01:00,11.279999732971191,11.829999923706055,11.25,11.710000038146973,3446277
2018-11-22 00:00:00+01:00,11.8100004196167,12.119999885559082,11.640000343322754,12.0,1767474
2018-11-23 00:00:00+01:00,12.0,12.0,11.649999618530273,11.9399995803833,1262153
2018-11-26 00:00:00+01:00,12.0600004196167,12.140000343322754,11.760000228881836,12.020000457763672,1413446
2018-11-27 00:00:00+01:00,11.9399995803833,12.050000190734863,11.770000457763672,11.890000343322754,1317860
2018-11-28 00:00:00+01:00,11.720000267028809,12.029999732971191,10.930000305175781,11.470000267028809,4368194
2018-11-29 00:00:00+01:00,11.529999732971191,11.5600004196167,11.239999771118164,11.369999885559082,4852115
2018-11-30 00:00:00+01:00,11.329999923706055,11.800000190734863,11.25,11.670000076293945,3487323
2018-12-03 00:00:00+01:00,11.699999809265137,11.920000076293945,11.670000076293945,11.6899995803833,1310003
2018-12-04 00:00:00+01:00,11.649999618530273,12.039999961853027,11.569999694824219,11.979999542236328,2893747
2018-12-05 00:00:00+01:00,11.800000190734863,12.09000015258789,11.600000381469727,11.739999771118164,2611854
2018-12-06 00:00:00+01:00,11.699999809265137,11.710000038146973,11.479999542236328,11.680000305175781,2249543
2018-12-07 00:00:00+01:00,11.699999809265137,11.75,11.529999732971191,11.649999618530273,1349162
2018-12-10 00:00:00+01:00,11.510000228881836,11.630000114440918,10.84000015258789,11.180000305175781,2403221
2018-12-11 00:00:00+01:00,11.260000228881836,11.279999732971191,10.479999542236328,10.609999656677246,3675375
2018-12-12 00:00:00+01:00,10.600000381469727,10.649999618530273,10.15999984741211,10.520000457763672,6815102
2018-12-13 00:00:00+01:00,10.5,10.84000015258789,10.369999885559082,10.800000190734863,2670347
2018-12-14 00:00:00+01:00,10.640000343322754,10.789999961853027,10.579999923706055,10.75,2555221
2018-12-17 00:00:00+01:00,10.65999984741211,10.890000343322754,10.350000381469727,10.449999809265137,2383391
2018-12-18 00:00:00+01:00,10.369999885559082,10.510000228881836,10.260000228881836,10.449999809265137,1646421
2018-12-19 00:00:00+01:00,10.489999771118164,10.710000038146973,10.420000076293945,10.649999618530273,2323690
2018-12-20 00:00:00+01:00,10.449999809265137,10.449999809265137,10.010000228881836,10.170000076293945,3405056
2018-12-21 00:00:00+01:00,10.100000381469727,10.199999809265137,9.779999732971191,10.0,7719101
2018-12-24 00:00:00+01:00,10.0,10.0,10.0,10.0,0
2018-12-25 00:00:00+01:00,10.0,10.0,10.0,10.0,0
2018-12-26 00:00:00+01:00,10.0,10.0,10.0,10.0,0
2018-12-27 00:00:00+01:00,10.140000343322754,10.239999771118164,9.90999984741211,10.029999732971191,1135471
2018-12-28 00:00:00+01:00,10.109999656677246,10.229999542236328,10.0,10.0,1865535
2018-12-31 00:00:00+01:00,10.0,10.0,10.0,10.0,0
2019-01-01 00:00:00+01:00,10.0,10.0,10.0,10.0,0
2019-01-02 00:00:00+01:00,10.0,10.239999771118164,9.890000343322754,10.199999809265137,1462257
2019-01-03 00:00:00+01:00,10.199999809265137,10.199999809265137,10.020000457763672,10.109999656677246,1419793
2019-01-04 00:00:00+01:00,10.1899995803833,10.329999923706055,10.130000114440918,10.149999618530273,1044218
2019-01-07 00:00:00+01:00,10.199999809265137,10.430000305175781,10.199999809265137,10.40999984741211,1474775
2019-01-08 00:00:00+01:00,10.3100004196167,10.3100004196167,10.039999961853027,10.149999618530273,4854003
2019-01-09 00:00:00+01:00,10.199999809265137,10.229999542236328,9.869999885559082,9.979999542236328,3304210
2019-01-10 00:00:00+01:00,10.0,10.0600004196167,9.859999656677246,10.0600004196167,1922725
2019-01-11 00:00:00+01:00,10.119999885559082,10.220000267028809,10.109999656677246,10.220000267028809,3722823
2019-01-14 00:00:00+01:00,10.180000305175781,10.399999618530273,10.130000114440918,10.399999618530273,4082614
2019-01-15 00:00:00+01:00,10.390000343322754,10.399999618530273,10.25,10.25,2631802
2019-01-16 00:00:00+01:00,10.229999542236328,10.300000190734863,10.100000381469727,10.199999809265137,2255511
2019-01-17 00:00:00+01:00,10.199999809265137,10.229999542236328,10.100000381469727,10.1899995803833,2199962
2019-01-18 00:00:00+01:00,10.25,10.3100004196167,10.170000076293945,10.3100004196167,1520948
2019-01-21 00:00:00+01:00,10.350000381469727,10.350000381469727,10.100000381469727,10.130000114440918,2039025
2019-01-22 00:00:00+01:00,10.130000114440918,10.34000015258789,10.069999694824219,10.3100004196167,2380938
2019-01-23 00:00:00+01:00,10.25,10.329999923706055,10.1899995803833,10.300000190734863,1708524
2019-01-24 00:00:00+01:00,10.319999694824219,10.4399995803833,10.260000228881836,10.4399995803833,2448193
2019-01-25 00:00:00+01:00,10.489999771118164,10.880000114440918,10.40999984741211,10.880000114440918,3754687
2019-01-28 00:00:00+01:00,10.859999656677246,10.949999809265137,10.770000457763672,10.869999885559082,2539970
2019-01-29 00:00:00+01:00,10.800000190734863,11.529999732971191,10.800000190734863,11.270000457763672,4310458
2019-01-30 00:00:00+01:00,11.329999923706055,11.699999809265137,11.170000076293945,11.699999809265137,3160062
2019-01-31 00:00:00+01:00,11.729999542236328,11.960000038146973,11.510000228881836,11.859999656677246,5509967
2019-02-01 00:00:00+01:00,11.850000381469727,12.069999694824219,11.800000190734863,12.069999694824219,2284429
2019-02-04 00:00:00+01:00,12.0,12.470000267028809,12.0,12.470000267028809,3650573
2019-02-05 00:00:00+01:00,12.449999809265137,12.449999809265137,11.880000114440918,12.050000190734863,3050675
2019-02-06 00:00:00+01:00,12.100000381469727,12.199999809265137,11.850000381469727,12.180000305175781,1915358
2019-02-07 00:00:00+01:00,12.170000076293945,12.220000267028809,11.930000305175781,11.949999809265137,1185247
2019-02-08 00:00:00+01:00,11.930000305175781,12.0600004196167,11.739999771118164,12.039999961853027,1250336
2019-02-11 00:00:00+01:00,11.979999542236328,12.25,11.979999542236328,12.109999656677246,1590356
2019-02-12 00:00:00+01:00,12.199999809265137,12.319999694824219,12.0600004196167,12.170000076293945,1357377
2019-02-13 00:00:00+01:00,12.199999809265137,12.199999809265137,11.75,11.869999885559082,1287613
2019-02-14 00:00:00+01:00,11.899999618530273,12.079999923706055,11.710000038146973,11.760000228881836,872324
2019-02-15 00:00:00+01:00,11.699999809265137,12.069999694824219,11.649999618530273,12.039999961853027,2081357
2019-02-18 00:00:00+01:00,12.029999732971191,12.039999961853027,11.569999694824219,11.640000343322754,1177709
2019-02-19 00:00:00+01:00,11.550000190734863,11.800000190734863,11.4399995803833,11.770000457763672,1230573
2019-02-20 00:00:00+01:00,11.699999809265137,12.050000190734863,11.65999984741211,11.989999771118164,1301988
2019-02-21 00:00:00+01:00,12.0,12.149999618530273,11.729999542236328,11.869999885559082,1685621
2019-02-22 00:00:00+01:00,11.899999618530273,12.170000076293945,11.899999618530273,12.039999961853027,2052826
2019-02-25 00:00:00+01:00,12.039999961853027,12.039999961853027,11.880000114440918,12.0,956437
2019-02-26 00:00:00+01:00,11.989999771118164,11.989999771118164,11.670000076293945,11.739999771118164,1545604
2019-02-27 00:00:00+01:00,11.770000457763672,12.0,11.699999809265137,11.8100004196167,865721
2019-02-28 00:00:00+01:00,11.729999542236328,11.90999984741211,11.5600004196167,11.600000381469727,1565550
2019-03-01 00:00:00+01:00,11.729999542236328,11.880000114440918,11.449999809265137,11.449999809265137,853242
2019-03-04 00:00:00+01:00,11.380000114440918,11.425000190734863,10.739999771118164,10.800000190734863,6777925
2019-03-05 00:00:00+01:00,10.875,10.970000267028809,10.819999694824219,10.9399995803833,1348219
2019-03-06 00:00:00+01:00,10.944999694824219,10.960000038146973,10.5649995803833,10.604999542236328,2637362
2019-03-07 00:00:00+01:00,10.640000343322754,10.739999771118164,10.479999542236328,10.520000457763672,1425431
2019-03-08 00:00:00+01:00,10.529999732971191,10.739999771118164,10.479999542236328,10.699999809265137,945601
2019-03-11 00:00:00+01:00,10.729999542236328,10.869999885559082,10.614999771118164,10.649999618530273,1409865
2019-03-12 00:00:00+01:00,10.670000076293945,10.789999961853027,10.555000305175781,10.6899995803833,1501585
2019-03-13 00:00:00+01:00,10.510000228881836,10.520000457763672,10.15999984741211,10.479999542236328,4027257
2019-03-14 00:00:00+01:00,10.449999809265137,10.529999732971191,10.239999771118164,10.449999809265137,1982511
2019-03-15 00:00:00+01:00,10.529999732971191,10.779999732971191,10.4350004196167,10.4350004196167,8619379
2019-03-18 00:00:00+01:00,10.5600004196167,10.619999885559082,10.4399995803833,10.5600004196167,926509
2019-03-19 00:00:00+01:00,10.529999732971191,10.614999771118164,10.25,10.319999694824219,1427362
2019-03-20 00:00:00+01:00,10.319999694824219,10.364999771118164,10.100000381469727,10.289999961853027,1359436
2019-03-21 00:00:00+01:00,10.300000190734863,10.329999923706055,10.15999984741211,10.210000038146973,1677212
2019-03-22 00:00:00+01:00,10.199999809265137,10.295000076293945,10.020000457763672,10.020000457763672,1515132
2019-03-25 00:00:00+01:00,10.100000381469727,10.145000457763672,9.85200023651123,9.883999824523926,1876452
2019-03-26 00:00:00+01:00,10.0,10.069999694824219,9.838000297546387,10.005000114440918,1275260
2019-03-27 00:00:00+01:00,10.0649995803833,10.3149995803833,9.90999984741211,10.270000457763672,1348566
2019-03-28 00:00:00+01:00,10.270000457763672,10.300000190734863,10.109999656677246,10.109999656677246,745612
2019-03-29 00:00:00+01:00,10.1899995803833,10.25,9.9399995803833,9.9399995803833,2567395
2019-04-01 00:00:00+02:00,10.029999732971191,10.140000343322754,9.961999893188477,10.100000381469727,1104111
2019-04-02 00:00:00+02:00,10.119999885559082,10.279999732971191,10.069999694824219,10.135000228881836,1935754
2019-04-03 00:00:00+02:00,10.229999542236328,10.239999771118164,10.029999732971191,10.069999694824219,1547904
2019-04-04 00:00:00+02:00,10.100000381469727,10.15999984741211,10.0,10.0,1460710
2019-04-05 00:00:00+02:00,10.039999961853027,10.09000015258789,9.619999885559082,9.619999885559082,3360870
2019-04-08 00:00:00+02:00,9.699999809265137,9.729999542236328,9.600000381469727,9.640000343322754,1160209
2019-04-09 00:00:00+02:00,9.699999809265137,9.727999687194824,9.42199993133545,9.569999694824219,2133519
2019-04-10 00:00:00+02:00,9.569999694824219,9.784000396728516,9.513999938964844,9.64799976348877,3358487
2019-04-11 00:00:00+02:00,9.699999809265137,9.710000038146973,9.329999923706055,9.329999923706055,2055426
2019-04-12 00:00:00+02:00,9.390000343322754,9.491999626159668,9.180000305175781,9.329999923706055,1652416
2019-04-15 00:00:00+02:00,9.380000114440918,9.496000289916992,9.22599983215332,9.321999549865723,898486
2019-04-16 00:00:00+02:00,9.300000190734863,9.88599967956543,9.251999855041504,9.800000190734863,2518059
2019-04-17 00:00:00+02:00,9.899999618530273,10.175000190734863,9.656000137329102,9.777999877929688,11332865
2019-04-18 00:00:00+02:00,9.720000267028809,9.765999794006348,9.579999923706055,9.59000015258789,1747078
2019-04-19 00:00:00+02:00,9.59000015258789,9.59000015258789,9.59000015258789,9.59000015258789,0
2019-04-22 00:00:00+02:00,9.59000015258789,9.59000015258789,9.59000015258789,9.59000015258789,0
2019-04-23 00:00:00+02:00,9.720000267028809,9.720000267028809,9.510000228881836,9.60200023651123,1281513
2019-04-24 00:00:00+02:00,9.6899995803833,9.6899995803833,9.276000022888184,9.539999961853027,2426609
2019-04-25 00:00:00+02:00,9.550000190734863,9.850000381469727,9.399999618530273,9.850000381469727,1815669
2019-04-26 00:00:00+02:00,9.767999649047852,9.84000015258789,9.609999656677246,9.746000289916992,1389663
2019-04-29 00:00:00+02:00,9.779999732971191,9.86400032043457,9.704000473022461,9.814000129699707,1592924
2019-04-30 00:00:00+02:00,9.838000297546387,9.838000297546387,9.45199966430664,9.520000457763672,1703505
2019-05-01 00:00:00+02:00,9.520000457763672,9.520000457763672,9.520000457763672,9.520000457763672,0
2019-05-02 00:00:00+02:00,9.539999961853027,9.65999984741211,9.303999900817871,9.314000129699707,1343592
2019-05-03 00:00:00+02:00,9.314000129699707,9.314000129699707,9.314000129699707,9.314000129699707,0
2019-05-06 00:00:00+02:00,9.229999542236328,9.513999938964844,9.199999809265137,9.276000022888184,1788553
2019-05-07 00:00:00+02:00,9.199999809265137,9.199999809265137,8.649999618530273,8.729999542236328,3319565
2019-05-08 00:00:00+02:00,8.715999603271484,8.800000190734863,8.52400016784668,8.609999656677246,3325355
2019-05-09 00:00:00+02:00,8.600000381469727,8.881999969482422,8.550000190734863,8.699999809265137,2550801
2019-05-10 00:00:00+02:00,8.850000381469727,8.949999809265137,8.62399959564209,8.75,1668750
2019-05-13 00:00:00+02:00,8.755999565124512,8.890000343322754,8.704000473022461,8.76200008392334,1969791
2019-05-14 00:00:00+02:00,8.85200023651123,8.869999885559082,8.682000160217285,8.711999893188477,2719257
2019-05-15 00:00:00+02:00,8.789999961853027,9.211999893188477,8.720000267028809,9.163999557495117,2542096
2019-05-16 00:00:00+02:00,9.109999656677246,9.140000343322754,8.911999702453613,8.911999702453613,1512309
2019-05-17 00:00:00+02:00,8.920000076293945,8.947999954223633,8.729999542236328,8.760000228881836,1530588
2019-05-20 00:00:00+02:00,8.819999694824219,8.869999885559082,8.5600004196167,8.597999572753906,1384819
2019-05-21 00:00:00+02:00,8.670000076293945,8.718000411987305,8.513999938964844,8.654000282287598,2012763
2019-05-22 00:00:00+02:00,8.65999984741211,9.031999588012695,8.612000465393066,9.0,1822309
2019-05-23 00:00:00+02:00,8.899999618530273,9.140000343322754,8.87399959564209,9.003999710083008,2436786
2019-05-24 00:00:00+02:00,8.920000076293945,9.09000015258789,8.899999618530273,9.062000274658203,2111008
2019-05-27 00:00:00+02:00,9.0,9.062000274658203,8.760000228881836,8.868000030517578,979181
2019-05-28 00:00:00+02:00,8.812000274658203,8.998000144958496,8.758000373840332,8.868000030517578,3372896
2019-05-29 00:00:00+02:00,8.79800033569336,8.79800033569336,8.5,8.5600004196167,2068835
2019-05-30 00:00:00+02:00,8.720000267028809,9.053999900817871,8.720000267028809,9.039999961853027,3228325
2019-05-31 00:00:00+02:00,8.989999771118164,9.260000228881836,8.842000007629395,9.229999542236328,2357651
2019-06-03 00:00:00+02:00,9.284000396728516,9.289999961853027,9.076000213623047,9.175999641418457,864491
2019-06-04 00:00:00+02:00,9.199999809265137,9.277999877929688,9.013999938964844,9.178000450134277,1810660
2019-06-05 00:00:00+02:00,9.251999855041504,9.26200008392334,8.984000205993652,8.984000205993652,1486744
2019-06-06 00:00:00+02:00,8.984000205993652,9.067999839782715,8.850000381469727,8.923999786376953,1093116
2019-06-07 00:00:00+02:00,8.996000289916992,9.086000442504883,8.890000343322754,8.960000038146973,1189487
2019-06-10 00:00:00+02:00,9.013999938964844,9.079999923706055,8.824000358581543,8.965999603271484,1571595
2019-06-11 00:00:00+02:00,9.0,9.010000228881836,8.765999794006348,8.781999588012695,1833312
2019-06-12 00:00:00+02:00,8.82800006866455,9.010000228881836,8.781999588012695,9.010000228881836,1638323
2019-06-13 00:00:00+02:00,9.0,9.149999618530273,8.904000282287598,9.0600004196167,1804913
2019-06-14 00:00:00+02:00,9.069999694824219,9.116000175476074,8.906000137329102,9.100000381469727,1447376
2019-06-17 00:00:00+02:00,9.045999526977539,9.081999778747559,8.802000045776367,8.817999839782715,1198339
2019-06-18 00:00:00+02:00,8.8100004196167,8.949999809265137,8.61400032043457,8.944000244140625,1839223
2019-06-19 00:00:00+02:00,8.9399995803833,8.968000411987305,8.767999649047852,8.805999755859375,1286621
2019-06-20 00:00:00+02:00,8.805999755859375,8.805999755859375,8.805999755859375,8.805999755859375,0
2019-06-21 00:00:00+02:00,8.880000114440918,9.065999984741211,8.815999984741211,8.831999778747559,4447622
2019-06-24 00:00:00+02:00,8.906000137329102,9.001999855041504,8.850000381469727,9.0,1255847
2019-06-25 00:00:00+02:00,9.027999877929688,9.3100004196167,9.0,9.076000213623047,1671884
2019-06-26 00:00:00+02:00,9.239999771118164,9.887999534606934,9.053999900817871,9.78600025177002,4892720
2019-06-27 00:00:00+02:00,9.770000457763672,10.039999961853027,9.527999877929688,9.618000030517578,2914803
2019-06-28 00:00:00+02:00,9.670000076293945,9.70199966430664,9.4399995803833,9.592000007629395,1104548
2019-07-01 00:00:00+02:00,9.710000038146973,9.859999656677246,9.420000076293945,9.42199993133545,1677424
2019-07-02 00:00:00+02:00,9.5,9.579999923706055,9.25,9.579999923706055,1464458
2019-07-03 00:00:00+02:00,9.592000007629395,9.6899995803833,9.347999572753906,9.517999649047852,1440886
2019-07-04 00:00:00+02:00,9.5600004196167,9.687999725341797,9.411999702453613,9.649999618530273,801167
2019-07-05 00:00:00+02:00,9.673999786376953,9.800000190734863,9.57800006866455,9.720000267028809,1373077
2019-07-08 00:00:00+02:00,9.718000411987305,9.760000228881836,9.60200023651123,9.72599983215332,1149878
2019-07-09 00:00:00+02:00,9.72599983215332,9.920000076293945,9.663999557495117,9.85200023651123,1445776
2019-07-10 00:00:00+02:00,9.857999801635742,10.074999809265137,9.72599983215332,9.87600040435791,1849289
2019-07-11 00:00:00+02:00,9.960000038146973,10.0649995803833,9.75,9.802000045776367,1089367
2019-07-12 00:00:00+02:00,9.800000190734863,9.829999923706055,9.699999809265137,9.71399974822998,469616
2019-07-15 00:00:00+02:00,9.819999694824219,9.862000465393066,9.60200023651123,9.630000114440918,799135
2019-07-16 00:00:00+02:00,9.630000114440918,9.630000114440918,9.369999885559082,9.40999984741211,1260585
2019-07-17 00:00:00+02:00,9.399999618530273,9.399999618530273,9.144000053405762,9.15999984741211,1555345
2019-07-18 00:00:00+02:00,9.109999656677246,9.329999923706055,9.050000190734863,9.234000205993652,981826
2019-07-19 00:00:00+02:00,9.319999694824219,9.435999870300293,9.246000289916992,9.369999885559082,820880
2019-07-22 00:00:00+02:00,9.420000076293945,9.510000228881836,9.276000022888184,9.472000122070312,871693
2019-07-23 00:00:00+02:00,9.479999542236328,9.569999694824219,9.248000144958496,9.3100004196167,1002813
2019-07-24 00:00:00+02:00,9.3100004196167,9.3100004196167,9.149999618530273,9.173999786376953,2525566
2019-07-25 00:00:00+02:00,9.187999725341797,9.295999526977539,9.062000274658203,9.107999801635742,1264883
2019-07-26 00:00:00+02:00,9.081999778747559,9.166000366210938,9.010000228881836,9.071999549865723,1651535
2019-07-29 00:00:00+02:00,9.100000381469727,9.119999885559082,8.878000259399414,8.899999618530273,1049064
2019-07-30 00:00:00+02:00,8.880000114440918,9.04800033569336,8.842000007629395,8.899999618530273,1375054
2019-07-31 00:00:00+02:00,8.918000221252441,8.958000183105469,8.800000190734863,8.88599967956543,1383543
2019-08-01 00:00:00+02:00,8.829999923706055,9.154000282287598,8.5600004196167,8.684000015258789,1612808
2019-08-02 00:00:00+02:00,8.684000015258789,8.784000396728516,8.60200023651123,8.70199966430664,1399966
2019-08-05 00:00:00+02:00,8.699999809265137,8.751999855041504,8.59000015258789,8.604000091552734,2344160
2019-08-06 00:00:00+02:00,8.609999656677246,8.699999809265137,8.550000190734863,8.553999900817871,1888540
2019-08-07 00:00:00+02:00,8.550000190734863,8.600000381469727,8.185999870300293,8.210000038146973,2739895
2019-08-08 00:00:00+02:00,8.3100004196167,8.350000381469727,8.119999885559082,8.140000343322754,2576722
2019-08-09 00:00:00+02:00,8.215999603271484,8.222000122070312,8.020000457763672,8.043999671936035,1942888
2019-08-12 00:00:00+02:00,8.057999610900879,8.145999908447266,7.892000198364258,8.022000312805176,1829204
2019-08-13 00:00:00+02:00,8.022000312805176,8.276000022888184,7.952000141143799,8.152000427246094,1640046
2019-08-14 00:00:00+02:00,8.149999618530273,8.22599983215332,7.98799991607666,7.98799991607666,2107642
2019-08-15 00:00:00+02:00,7.98799991607666,7.98799991607666,7.98799991607666,7.98799991607666,0
2019-08-16 00:00:00+02:00,7.860000133514404,7.992000102996826,7.559999942779541,7.633999824523926,2146749
2019-08-19 00:00:00+02:00,7.7179999351501465,7.797999858856201,7.659999847412109,7.668000221252441,1088854
2019-08-20 00:00:00+02:00,7.742000102996826,7.742000102996826,7.427999973297119,7.619999885559082,1365709
2019-08-21 00:00:00+02:00,7.619999885559082,7.710000038146973,7.455999851226807,7.460000038146973,1284878
2019-08-22 00:00:00+02:00,7.489999771118164,7.5,7.361999988555908,7.361999988555908,1268917
2019-08-23 00:00:00+02:00,7.421999931335449,7.539999961853027,7.2820000648498535,7.480000019073486,1243050
2019-08-26 00:00:00+02:00,7.461999893188477,7.480000019073486,7.311999797821045,7.3520002365112305,1039078
2019-08-27 00:00:00+02:00,7.3520002365112305,7.638000011444092,7.3520002365112305,7.599999904632568,4224234
2019-08-28 00:00:00+02:00,7.622000217437744,7.699999809265137,7.320000171661377,7.323999881744385,1563455
2019-08-29 00:00:00+02:00,7.340000152587891,7.565999984741211,7.3379998207092285,7.449999809265137,1148090
2019-08-30 00:00:00+02:00,7.46999979019165,7.760000228881836,7.46999979019165,7.705999851226807,2292561
2019-09-02 00:00:00+02:00,7.71999979019165,7.789999961853027,7.645999908447266,7.676000118255615,822687
2019-09-03 00:00:00+02:00,7.690000057220459,7.815999984741211,7.6020002365112305,7.765999794006348,1911418
2019-09-04 00:00:00+02:00,7.78000020980835,8.020000457763672,7.702000141143799,7.73799991607666,1218911
2019-09-05 00:00:00+02:00,7.800000190734863,7.918000221252441,7.6479997634887695,7.814000129699707,1625420
2019-09-06 00:00:00+02:00,7.828000068664551,7.889999866485596,7.730000019073486,7.8379998207092285,971299
2019-09-09 00:00:00+02:00,7.849999904632568,8.163999557495117,7.8480000495910645,8.112000465393066,1360464
2019-09-10 00:00:00+02:00,8.1899995803833,8.222000122070312,8.074000358581543,8.100000381469727,1729156
2019-09-11 00:00:00+02:00,8.10200023651123,8.279999732971191,8.10200023651123,8.218000411987305,1785966
2019-09-12 00:00:00+02:00,8.218000411987305,8.25,8.020000457763672,8.081999778747559,1077732
2019-09-13 00:00:00+02:00,8.092000007629395,8.277999877929688,8.092000007629395,8.161999702453613,747916
2019-09-16 00:00:00+02:00,8.270000457763672,8.510000228881836,8.206000328063965,8.501999855041504,3175466
2019-09-17 00:00:00+02:00,8.5,8.795999526977539,8.460000038146973,8.765999794006348,3062510
2019-09-18 00:00:00+02:00,8.767999649047852,8.845999717712402,8.607999801635742,8.833999633789062,1392795
2019-09-19 00:00:00+02:00,8.772000312805176,8.805999755859375,8.557999610900879,8.649999618530273,1071150
2019-09-20 00:00:00+02:00,8.619999885559082,8.729999542236328,8.35200023651123,8.380000114440918,3737049
2019-09-23 00:00:00+02:00,8.350000381469727,8.489999771118164,8.170000076293945,8.220000267028809,1442983
2019-09-24 00:00:00+02:00,8.300000190734863,8.300000190734863,8.140000343322754,8.140000343322754,883317
2019-09-25 00:00:00+02:00,8.199999809265137,8.210000038146973,7.673999786376953,7.688000202178955,2686689
2019-09-26 00:00:00+02:00,7.699999809265137,8.01200008392334,7.699999809265137,7.900000095367432,2020904
2019-09-27 00:00:00+02:00,7.984000205993652,8.050000190734863,7.794000148773193,7.803999900817871,1034081
2019-09-30 00:00:00+02:00,7.800000190734863,8.015999794006348,7.630000114440918,7.992000102996826,2245885
2019-10-01 00:00:00+02:00,7.96999979019165,8.0600004196167,7.880000114440918,8.0,1189155
2019-10-02 00:00:00+02:00,8.0,8.062000274658203,7.693999767303467,7.739999771118164,1337223
2019-10-03 00:00:00+02:00,7.769999980926514,7.918000221252441,7.699999809265137,7.808000087738037,767431
2019-10-04 00:00:00+02:00,7.794000148773193,7.966000080108643,7.776000022888184,7.788000106811523,801339
2019-10-07 00:00:00+02:00,7.877999782562256,8.145999908447266,7.800000190734863,8.145999908447266,1269607
2019-10-08 00:00:00+02:00,8.137999534606934,8.3100004196167,8.03600025177002,8.3100004196167,2111962
2019-10-09 00:00:00+02:00,8.3100004196167,8.3100004196167,8.02400016784668,8.02400016784668,1089403
2019-10-10 00:00:00+02:00,8.039999961853027,8.071999549865723,7.9039998054504395,7.9039998054504395,3063643
2019-10-11 00:00:00+02:00,7.949999809265137,8.196000099182129,7.920000076293945,8.131999969482422,775712
2019-10-14 00:00:00+02:00,8.149999618530273,8.199999809265137,7.978000164031982,8.017999649047852,945592
2019-10-15 00:00:00+02:00,8.180000305175781,8.470000267028809,8.112000465393066,8.460000038146973,1704459
2019-10-16 00:00:00+02:00,8.460000038146973,8.5600004196167,8.37399959564209,8.430000305175781,1595800
2019-10-17 00:00:00+02:00,8.449999809265137,8.465999603271484,8.270000457763672,8.381999969482422,951809
2019-10-18 00:00:00+02:00,8.380000114440918,8.380000114440918,8.1899995803833,8.22599983215332,1133999
2019-10-21 00:00:00+02:00,8.199999809265137,8.430000305175781,8.173999786376953,8.420000076293945,1084606
2019-10-22 00:00:00+02:00,8.430000305175781,8.489999771118164,8.312000274658203,8.484000205993652,1194359
2019-10-23 00:00:00+02:00,8.479999542236328,8.479999542236328,8.34000015258789,8.420000076293945,672113
2019-10-24 00:00:00+02:00,8.442000389099121,8.61400032043457,8.227999687194824,8.25,1631211
2019-10-25 00:00:00+02:00,8.25,8.260000228881836,8.003999710083008,8.039999961853027,1310237
2019-10-28 00:00:00+01:00,8.045999526977539,8.100000381469727,7.909999847412109,8.010000228881836,1858541
2019-10-29 00:00:00+01:00,8.010000228881836,8.149999618530273,8.010000228881836,8.107999801635742,1383847
2019-10-30 00:00:00+01:00,8.149999618530273,8.21399974822998,8.100000381469727,8.21399974822998,1503664
2019-10-31 00:00:00+01:00,8.366000175476074,8.45199966430664,8.149999618530273,8.1899995803833,2533800
2019-11-01 00:00:00+01:00,8.1899995803833,8.1899995803833,8.1899995803833,8.1899995803833,0
2019-11-04 00:00:00+01:00,8.253999710083008,8.460000038146973,8.244000434875488,8.399999618530273,2109117
2019-11-05 00:00:00+01:00,8.4399995803833,8.600000381469727,8.39799976348877,8.498000144958496,1388410
2019-11-06 00:00:00+01:00,8.498000144958496,8.815999984741211,8.48799991607666,8.79800033569336,1353664
2019-11-07 00:00:00+01:00,8.84000015258789,9.21399974822998,8.829999923706055,9.156000137329102,3170780
2019-11-08 00:00:00+01:00,9.15999984741211,9.529999732971191,9.076000213623047,9.52400016784668,4149070
2019-11-11 00:00:00+01:00,9.52400016784668,9.52400016784668,9.52400016784668,9.52400016784668,0
2019-11-12 00:00:00+01:00,9.489999771118164,9.800000190734863,9.489999771118164,9.760000228881836,3298860
2019-11-13 00:00:00+01:00,9.600000381469727,9.600000381469727,8.979999542236328,9.03600025177002,4411590
2019-11-14 00:00:00+01:00,9.055999755859375,9.227999687194824,8.862000465393066,9.15999984741211,2848879
2019-11-15 00:00:00+01:00,9.104000091552734,9.197999954223633,9.013999938964844,9.112000465393066,1153660
2019-11-18 00:00:00+01:00,9.097999572753906,9.180000305175781,8.748000144958496,8.789999961853027,1895908
2019-11-19 00:00:00+01:00,8.76200008392334,8.854000091552734,8.529999732971191,8.694000244140625,2195640
2019-11-20 00:00:00+01:00,8.652000427246094,8.6899995803833,8.5,8.562000274658203,1654353
2019-11-21 00:00:00+01:00,8.550000190734863,8.550000190734863,8.38599967956543,8.468000411987305,1987608
2019-11-22 00:00:00+01:00,8.470000267028809,8.696000099182129,8.45199966430664,8.522000312805176,1954615
2019-11-25 00:00:00+01:00,8.619999885559082,8.857999801635742,8.588000297546387,8.729999542236328,1415689
2019-11-26 00:00:00+01:00,8.800000190734863,8.979999542236328,8.800000190734863,8.979999542236328,5725852
2019-11-27 00:00:00+01:00,9.0,9.050000190734863,8.739999771118164,8.800000190734863,1630069
2019-11-28 00:00:00+01:00,8.729999542236328,8.850000381469727,8.600000381469727,8.75,791867
2019-11-29 00:00:00+01:00,8.720000267028809,8.84000015258789,8.697999954223633,8.722000122070312,720546
2019-12-02 00:00:00+01:00,8.800000190734863,8.9399995803833,8.503999710083008,8.553999900817871,1448405
2019-12-03 00:00:00+01:00,8.605999946594238,8.777999877929688,8.526000022888184,8.760000228881836,1198135
2019-12-04 00:00:00+01:00,8.760000228881836,8.84000015258789,8.333999633789062,8.392000198364258,1705522
2019-12-05 00:00:00+01:00,8.399999618530273,8.517999649047852,8.281999588012695,8.357999801635742,1469177
2019-12-06 00:00:00+01:00,8.359999656677246,8.4399995803833,7.526000022888184,8.21399974822998,4709396
2019-12-09 00:00:00+01:00,8.149999618530273,8.272000312805176,8.04800033569336,8.187999725341797,764256
2019-12-10 00:00:00+01:00,8.130000114440918,8.390000343322754,8.100000381469727,8.390000343322754,751222
2019-12-11 00:00:00+01:00,8.399999618530273,8.456000328063965,8.210000038146973,8.267999649047852,817422
2019-12-12 00:00:00+01:00,8.390000343322754,8.390000343322754,8.081999778747559,8.199999809265137,1406248
2019-12-13 00:00:00+01:00,8.263999938964844,8.3100004196167,7.860000133514404,7.909999847412109,3337862
2019-12-16 00:00:00+01:00,8.0,8.149999618530273,7.955999851226807,8.013999938964844,1212978
2019-12-17 00:00:00+01:00,8.100000381469727,8.289999961853027,8.0600004196167,8.223999977111816,1484897
2019-12-18 00:00:00+01:00,8.300000190734863,8.300000190734863,8.015999794006348,8.092000007629395,1408050
2019-12-19 00:00:00+01:00,8.092000007629395,8.100000381469727,7.949999809265137,8.0,1641334
2019-12-20 00:00:00+01:00,8.0,8.104000091552734,7.889999866485596,7.953999996185303,3766646
2019-12-23 00:00:00+01:00,7.860000133514404,8.095999717712402,7.860000133514404,7.96999979019165,1184120
2019-12-24 00:00:00+01:00,7.96999979019165,7.96999979019165,7.96999979019165,7.96999979019165,0
2019-12-25 00:00:00+01:00,7.96999979019165,7.96999979019165,7.96999979019165,7.96999979019165,0
2019-12-26 00:00:00+01:00,7.96999979019165,7.96999979019165,7.96999979019165,7.96999979019165,0
2019-12-27 00:00:00+01:00,8.137999534606934,8.210000038146973,8.020000457763672,8.026000022888184,889795
2019-12-30 00:00:00+01:00,8.079999923706055,8.128000259399414,7.940000057220459,7.960000038146973,986244
2019-12-31 00:00:00+01:00,7.960000038146973,7.960000038146973,7.960000038146973,7.960000038146973,0
2020-01-01 00:00:00+01:00,7.960000038146973,7.960000038146973,7.960000038146973,7.960000038146973,0
2020-01-02 00:00:00+01:00,8.0,8.279999732971191,7.998000144958496,8.265999794006348,1231536
2020-01-03 00:00:00+01:00,8.239999771118164,8.239999771118164,8.0600004196167,8.149999618530273,1793506
2020-01-06 00:00:00+01:00,8.149999618530273,8.149999618530273,8.149999618530273,8.149999618530273,0
2020-01-07 00:00:00+01:00,8.196000099182129,8.220000267028809,7.929999828338623,7.929999828338623,1151834
2020-01-08 00:00:00+01:00,7.940000057220459,7.992000102996826,7.811999797821045,7.829999923706055,1170215
2020-01-09 00:00:00+01:00,7.986000061035156,7.998000144958496,7.8480000495910645,7.849999904632568,1420148
2020-01-10 00:00:00+01:00,7.849999904632568,7.909999847412109,7.670000076293945,7.806000232696533,2136138
2020-01-13 00:00:00+01:00,7.861999988555908,7.889999866485596,7.665999889373779,7.703999996185303,1825354
2020-01-14 00:00:00+01:00,7.75,7.9679999351501465,7.639999866485596,7.861999988555908,2182365
2020-01-15 00:00:00+01:00,7.900000095367432,7.929999828338623,7.802000045776367,7.835999965667725,1109089
2020-01-16 00:00:00+01:00,7.866000175476074,7.866000175476074,7.711999893188477,7.7220001220703125,1765454
2020-01-17 00:00:00+01:00,7.739999771118164,7.892000198364258,7.716000080108643,7.72599983215332,1223155
2020-01-20 00:00:00+01:00,7.849999904632568,7.849999904632568,7.656000137329102,7.679999828338623,884418
2020-01-21 00:00:00+01:00,7.699999809265137,7.699999809265137,7.5,7.579999923706055,1409585
2020-01-22 00:00:00+01:00,7.625999927520752,7.625999927520752,7.386000156402588,7.440000057220459,1802186
2020-01-23 00:00:00+01:00,7.400000095367432,7.4679999351501465,7.300000190734863,7.309999942779541,1310978
2020-01-24 00:00:00+01:00,7.369999885559082,7.53000020980835,7.349999904632568,7.440000057220459,1097308
2020-01-27 00:00:00+01:00,7.400000095367432,7.440000057220459,7.139999866485596,7.139999866485596,1541109
2020-01-28 00:00:00+01:00,7.1539998054504395,7.395999908447266,7.079999923706055,7.297999858856201,1175234
2020-01-29 00:00:00+01:00,7.297999858856201,7.4120001792907715,7.23799991607666,7.28000020980835,1709271
2020-01-30 00:00:00+01:00,7.216000080108643,7.323999881744385,7.150000095367432,7.179999828338623,1821295
2020-01-31 00:00:00+01:00,7.199999809265137,7.230000019073486,6.855999946594238,6.860000133514404,4475606
2020-02-03 00:00:00+01:00,6.940000057220459,6.953999996185303,6.619999885559082,6.711999893188477,2157771
2020-02-04 00:00:00+01:00,6.730000019073486,6.823999881744385,6.5320000648498535,6.550000190734863,3286453
2020-02-05 00:00:00+01:00,6.570000171661377,6.748000144958496,6.550000190734863,6.642000198364258,2531250
2020-02-06 00:00:00+01:00,6.677999973297119,6.72599983215332,6.400000095367432,6.434000015258789,2151310
2020-02-07 00:00:00+01:00,6.473999977111816,6.5980000495910645,6.4019999504089355,6.427999973297119,2263342
2020-02-10 00:00:00+01:00,6.480000019073486,6.5279998779296875,6.2820000648498535,6.418000221252441,1881126
2020-02-11 00:00:00+01:00,6.4679999351501465,6.665999889373779,6.420000076293945,6.590000152587891,1118977
2020-02-12 00:00:00+01:00,6.6539998054504395,6.696000099182129,6.449999809265137,6.5,1389454
2020-02-13 00:00:00+01:00,6.435999870300293,6.438000202178955,6.159999847412109,6.230000019073486,2652309
2020-02-14 00:00:00+01:00,6.248000144958496,6.271999835968018,6.041999816894531,6.105999946594238,2651502
2020-02-17 00:00:00+01:00,6.127999782562256,6.168000221252441,6.03000020980835,6.03000020980835,1413273
2020-02-18 00:00:00+01:00,6.03000020980835,6.061999797821045,5.880000114440918,5.9120001792907715,1459734
2020-02-19 00:00:00+01:00,5.929999828338623,5.961999893188477,5.670000076293945,5.757999897003174,2603979
2020-02-20 00:00:00+01:00,5.803999900817871,5.829999923706055,5.599999904632568,5.599999904632568,1749707
2020-02-21 00:00:00+01:00,5.599999904632568,5.75600004196167,5.550000190734863,5.6620001792907715,1372277
2020-02-24 00:00:00+01:00,5.565999984741211,5.624000072479248,5.427999973297119,5.447999954223633,2286216
2020-02-25 00:00:00+01:00,5.447999954223633,5.478000164031982,5.263999938964844,5.294000148773193,2419422
2020-02-26 00:00:00+01:00,5.285999774932861,5.368000030517578,5.130000114440918,5.150000095367432,3454450
2020-02-27 00:00:00+01:00,5.099999904632568,5.136000156402588,4.822000026702881,4.86299991607666,3581018
2020-02-28 00:00:00+01:00,4.760000228881836,4.796999931335449,4.434000015258789,4.46999979019165,7005668
2020-03-02 00:00:00+01:00,4.699999809265137,4.761000156402588,4.502999782562256,4.584000110626221,3617407
2020-03-03 00:00:00+01:00,4.710000038146973,4.984000205993652,4.670000076293945,4.854000091552734,4309054
2020-03-04 00:00:00+01:00,4.849999904632568,4.933000087738037,4.699999809265137,4.764999866485596,2654930
2020-03-05 00:00:00+01:00,4.889999866485596,4.889999866485596,4.539999961853027,4.550000190734863,3156675
2020-03-06 00:00:00+01:00,4.5,4.5,4.251999855041504,4.265999794006348,4828568
2020-03-09 00:00:00+01:00,4.019999980926514,4.193999767303467,3.938999891281128,3.9600000381469727,2972085
2020-03-10 00:00:00+01:00,4.001999855041504,4.150000095367432,3.8320000171661377,3.865000009536743,3791292
2020-03-11 00:00:00+01:00,3.930000066757202,3.930000066757202,3.513000011444092,3.5250000953674316,4804937
2020-03-12 00:00:00+01:00,3.299999952316284,3.4049999713897705,2.8510000705718994,2.8510000705718994,4724252
2020-03-13 00:00:00+01:00,3.0,3.0799999237060547,2.7920000553131104,2.805000066757202,9929761
2020-03-16 00:00:00+01:00,2.805000066757202,2.999000072479248,2.5250000953674316,2.9200000762939453,7054948
2020-03-17 00:00:00+01:00,3.078000068664551,3.549999952316284,3.010999917984009,3.450000047683716,8358370
2020-03-18 00:00:00+01:00,3.5199999809265137,4.139999866485596,3.3499999046325684,3.5360000133514404,13961957
2020-03-19 00:00:00+01:00,3.6500000953674316,4.035999774932861,3.619999885559082,4.035999774932861,7531181
2020-03-20 00:00:00+01:00,4.300000190734863,4.46999979019165,3.9200000762939453,3.936000108718872,15710609
2020-03-23 00:00:00+01:00,3.7899999618530273,3.8299999237060547,3.5850000381469727,3.6760001182556152,5892243
2020-03-24 00:00:00+01:00,3.9700000286102295,4.019000053405762,3.7100000381469727,3.7960000038146973,5756714
2020-03-25 00:00:00+01:00,3.9519999027252197,3.9700000286102295,3.635999917984009,3.744999885559082,5440432
2020-03-26 00:00:00+01:00,3.700000047683716,3.878000020980835,3.624000072479248,3.8589999675750732,3794014
2020-03-27 00:00:00+01:00,3.890000104904175,3.8980000019073486,3.740000009536743,3.740000009536743,3723655
2020-03-30 00:00:00+02:00,3.7699999809265137,3.7699999809265137,3.614000082015991,3.63700008392334,3926786
2020-03-31 00:00:00+02:00,3.700000047683716,3.8499999046325684,3.6710000038146973,3.806999921798706,4680132
2020-04-01 00:00:00+02:00,3.7300000190734863,3.880000114440918,3.700000047683716,3.8499999046325684,3650160
2020-04-02 00:00:00+02:00,3.8450000286102295,4.099999904632568,3.818000078201294,4.046000003814697,7061874
2020-04-03 00:00:00+02:00,4.050000190734863,4.190000057220459,3.9630000591278076,4.050000190734863,5175795
2020-04-06 00:00:00+02:00,4.150000095367432,4.492000102996826,4.150000095367432,4.48799991607666,6897124
2020-04-07 00:00:00+02:00,4.679999828338623,4.860000133514404,4.566999912261963,4.566999912261963,7081001
2020-04-08 00:00:00+02:00,4.579999923706055,4.599999904632568,4.269999980926514,4.309999942779541,6708449
2020-04-09 00:00:00+02:00,4.389999866485596,4.478000164031982,4.270999908447266,4.456999778747559,5317482
2020-04-10 00:00:00+02:00,4.456999778747559,4.456999778747559,4.456999778747559,4.456999778747559,0
2020-04-13 00:00:00+02:00,4.456999778747559,4.456999778747559,4.456999778747559,4.456999778747559,0
2020-04-14 00:00:00+02:00,4.5,4.684999942779541,4.4039998054504395,4.579999923706055,6250895
2020-04-15 00:00:00+02:00,4.619999885559082,4.640999794006348,4.408999919891357,4.539999961853027,8223133
2020-04-16 00:00:00+02:00,4.590000152587891,4.63700008392334,4.51200008392334,4.584000110626221,4224930
2020-04-17 00:00:00+02:00,4.650000095367432,4.695000171661377,4.414999961853027,4.46999979019165,6879502
2020-04-20 00:00:00+02:00,4.480000019073486,4.507999897003174,4.3379998207092285,4.3979997634887695,3389747
2020-04-21 00:00:00+02:00,4.381999969482422,4.400000095367432,4.070000171661377,4.099999904632568,3809020
2020-04-22 00:00:00+02:00,4.099999904632568,4.179999828338623,3.859999895095825,4.150000095367432,3833579
2020-04-23 00:00:00+02:00,4.15500020980835,4.353000164031982,4.15500020980835,4.249000072479248,2966752
2020-04-24 00:00:00+02:00,4.199999809265137,4.21999979019165,4.051000118255615,4.052999973297119,3050903
2020-04-27 00:00:00+02:00,4.150000095367432,4.170000076293945,3.990999937057495,4.03000020980835,3080021
2020-04-28 00:00:00+02:00,4.050000190734863,4.066999912261963,3.9609999656677246,3.997999906539917,3847987
2020-04-29 00:00:00+02:00,4.048999786376953,4.090000152587891,3.9100000858306885,4.066999912261963,3889625
2020-04-30 00:00:00+02:00,4.127999782562256,4.223999977111816,4.059999942779541,4.122000217437744,4204963
2020-05-01 00:00:00+02:00,4.122000217437744,4.122000217437744,4.122000217437744,4.122000217437744,0
2020-05-04 00:00:00+02:00,4.059999942779541,4.072000026702881,3.9800000190734863,3.99399995803833,2796683
2020-05-05 00:00:00+02:00,4.039000034332275,4.045000076293945,3.9000000953674316,3.9000000953674316,3185233
2020-05-06 00:00:00+02:00,3.9200000762939453,3.940000057220459,3.7139999866485596,3.746999979019165,6757158
2020-05-07 00:00:00+02:00,3.880000114440918,3.9170000553131104,3.7799999713897705,3.819000005722046,2452709
2020-05-08 00:00:00+02:00,3.8929998874664307,3.9159998893737793,3.8289999961853027,3.865000009536743,1732734
2020-05-11 00:00:00+02:00,3.9200000762939453,4.03000020980835,3.809999942779541,3.825000047683716,2310773
2020-05-12 00:00:00+02:00,3.859999895095825,4.099999904632568,3.8239998817443848,4.046999931335449,4291328
2020-05-13 00:00:00+02:00,4.045000076293945,4.159999847412109,4.039000034332275,4.039000034332275,3242994
2020-05-14 00:00:00+02:00,4.019999980926514,4.019999980926514,3.940000057220459,4.013999938964844,3289108
2020-05-15 00:00:00+02:00,4.045000076293945,4.0980000495910645,4.021999835968018,4.070000171661377,2896937
2020-05-18 00:00:00+02:00,4.119999885559082,4.239999771118164,4.067999839782715,4.239999771118164,4302275
2020-05-19 00:00:00+02:00,4.289999961853027,4.343999862670898,4.238999843597412,4.329999923706055,2722612
2020-05-20 00:00:00+02:00,4.329999923706055,4.421999931335449,4.25,4.275000095367432,3315837
2020-05-21 00:00:00+02:00,4.2779998779296875,4.320000171661377,4.21999979019165,4.25,1290982
2020-05-22 00:00:00+02:00,4.199999809265137,4.211999893188477,4.111000061035156,4.190999984741211,1859822
2020-05-25 00:00:00+02:00,4.22599983215332,4.300000190734863,4.14900016784668,4.23199987411499,1634209
2020-05-26 00:00:00+02:00,4.309999942779541,4.355999946594238,4.228000164031982,4.296000003814697,3125558
2020-05-27 00:00:00+02:00,4.349999904632568,4.550000190734863,4.340000152587891,4.440999984741211,6053323
2020-05-28 00:00:00+02:00,4.506999969482422,4.617000102996826,4.400000095367432,4.568999767303467,5534222
2020-05-29 00:00:00+02:00,4.568999767303467,4.849999904632568,4.500999927520752,4.835999965667725,9272594
2020-06-01 00:00:00+02:00,4.853000164031982,5.300000190734863,4.853000164031982,5.28000020980835,7818829
2020-06-02 00:00:00+02:00,5.400000095367432,5.559999942779541,5.28000020980835,5.519999980926514,7842109
2020-06-03 00:00:00+02:00,5.559999942779541,6.03000020980835,5.519999980926514,5.880000114440918,8419427
2020-06-04 00:00:00+02:00,5.889999866485596,5.946000099182129,5.630000114440918,5.895999908447266,5193536
2020-06-05 00:00:00+02:00,5.900000095367432,6.291999816894531,5.789999961853027,6.25,7933217
2020-06-08 00:00:00+02:00,6.260000228881836,6.440000057220459,6.03000020980835,6.317999839782715,5991684
2020-06-09 00:00:00+02:00,6.320000171661377,7.090000152587891,6.300000190734863,7.010000228881836,9278042
2020-06-10 00:00:00+02:00,7.0960001945495605,7.989999771118164,7.0960001945495605,7.96999979019165,18001067
2020-06-11 00:00:00+02:00,7.96999979019165,7.96999979019165,7.96999979019165,7.96999979019165,0
2020-06-12 00:00:00+02:00,7.5,8.5,7.25,8.17199993133545,15686503
2020-06-15 00:00:00+02:00,7.829999923706055,8.149999618530273,7.047999858856201,7.449999809265137,17969932
2020-06-16 00:00:00+02:00,7.519999980926514,7.797999858856201,7.254000186920166,7.380000114440918,6210819
2020-06-17 00:00:00+02:00,7.380000114440918,7.389999866485596,6.843999862670898,6.960000038146973,7305746
2020-06-18 00:00:00+02:00,6.960000038146973,8.027999877929688,6.889999866485596,7.940000057220459,12461408
2020-06-19 00:00:00+02:00,8.0,8.4399995803833,7.861999988555908,8.071999549865723,13859721
2020-06-22 00:00:00+02:00,7.929999828338623,8.25,7.840000152587891,8.100000381469727,5639832
2020-06-23 00:00:00+02:00,8.083999633789062,8.260000228881836,7.570000171661377,7.599999904632568,7131653
2020-06-24 00:00:00+02:00,7.616000175476074,7.78000020980835,7.285999774932861,7.335999965667725,4970394
2020-06-25 00:00:00+02:00,7.320000171661377,7.495999813079834,7.099999904632568,7.360000133514404,4130001
2020-06-26 00:00:00+02:00,7.400000095367432,7.400000095367432,7.1479997634887695,7.1479997634887695,3515328
2020-06-29 00:00:00+02:00,7.139999866485596,7.1620001792907715,6.739999771118164,6.843999862670898,4060443
2020-06-30 00:00:00+02:00,6.849999904632568,7.230000019073486,6.796000003814697,6.874000072479248,4948430
2020-07-01 00:00:00+02:00,6.915999889373779,6.978000164031982,6.699999809265137,6.875999927520752,2121811
2020-07-02 00:00:00+02:00,6.934000015258789,7.320000171661377,6.888000011444092,7.25,3222492
2020-07-03 00:00:00+02:00,7.320000171661377,7.357999801635742,7.110000133514404,7.145999908447266,1901975
2020-07-06 00:00:00+02:00,7.28000020980835,7.315999984741211,7.182000160217285,7.23799991607666,1444059
2020-07-07 00:00:00+02:00,7.234000205993652,7.234000205993652,7.019999980926514,7.119999885559082,2993743
2020-07-08 00:00:00+02:00,7.099999904632568,7.21999979019165,7.050000190734863,7.1519999504089355,2322131
2020-07-09 00:00:00+02:00,7.179999828338623,7.300000190734863,7.131999969482422,7.210000038146973,1532912
2020-07-10 00:00:00+02:00,7.150000095367432,7.188000202178955,7.044000148773193,7.1479997634887695,2068509
2020-07-13 00:00:00+02:00,7.210000038146973,7.26800012588501,7.1020002365112305,7.193999767303467,2066165
2020-07-14 00:00:00+02:00,7.139999866485596,7.142000198364258,6.980000019073486,7.001999855041504,1866744
2020-07-15 00:00:00+02:00,7.001999855041504,7.099999904632568,6.889999866485596,7.001999855041504,2958848
2020-07-16 00:00:00+02:00,6.915999889373779,6.97599983215332,6.866000175476074,6.866000175476074,2040577
2020-07-17 00:00:00+02:00,6.828000068664551,6.866000175476074,6.519999980926514,6.685999870300293,3259933
2020-07-20 00:00:00+02:00,6.645999908447266,8.0,6.642000198364258,8.0,8056008
2020-07-21 00:00:00+02:00,8.121999740600586,8.550000190734863,7.5320000648498535,7.611999988555908,9377050
2020-07-22 00:00:00+02:00,7.611999988555908,7.794000148773193,7.329999923706055,7.541999816894531,3315087
2020-07-23 00:00:00+02:00,7.546000003814697,7.642000198364258,7.420000076293945,7.421999931335449,1839951
2020-07-24 00:00:00+02:00,7.369999885559082,7.380000114440918,7.179999828338623,7.3480000495910645,1527461
2020-07-27 00:00:00+02:00,7.380000114440918,7.960000038146973,7.199999809265137,7.9019999504089355,3077104
2020-07-28 00:00:00+02:00,7.9019999504089355,7.935999870300293,7.25,7.420000076293945,4791083
2020-07-29 00:00:00+02:00,7.309999942779541,7.322000026702881,7.019999980926514,7.0980000495910645,4050835
2020-07-30 00:00:00+02:00,7.021999835968018,7.0960001945495605,6.564000129699707,6.665999889373779,3832263
2020-07-31 00:00:00+02:00,6.705999851226807,6.938000202178955,6.622000217437744,6.622000217437744,3723309
2020-08-03 00:00:00+02:00,6.664000034332275,6.98799991607666,6.619999885559082,6.8460001945495605,2735054
2020-08-04 00:00:00+02:00,6.906000137329102,7.059999942779541,6.811999797821045,6.823999881744385,3007570
2020-08-05 00:00:00+02:00,6.8420000076293945,6.940000057220459,6.739999771118164,6.9120001792907715,2095729
2020-08-06 00:00:00+02:00,6.849999904632568,6.909999847412109,6.633999824523926,6.673999786376953,1409376
2020-08-07 00:00:00+02:00,6.699999809265137,6.699999809265137,6.300000190734863,6.409999847412109,2081386
2020-08-10 00:00:00+02:00,6.409999847412109,6.639999866485596,6.4019999504089355,6.526000022888184,970105
2020-08-11 00:00:00+02:00,6.645999908447266,7.010000228881836,6.519999980926514,7.0,2188916
2020-08-12 00:00:00+02:00,6.96999979019165,6.96999979019165,6.730000019073486,6.868000030517578,1622494
2020-08-13 00:00:00+02:00,6.9019999504089355,7.0320000648498535,6.748000144958496,6.748000144958496,1768687
2020-08-14 00:00:00+02:00,6.75,6.8420000076293945,6.670000076293945,6.8420000076293945,728139
2020-08-17 00:00:00+02:00,6.8420000076293945,6.949999809265137,6.7179999351501465,6.949999809265137,814936
2020-08-18 00:00:00+02:00,6.892000198364258,6.998000144958496,6.71999979019165,6.754000186920166,1427643
2020-08-19 00:00:00+02:00,6.75600004196167,6.849999904632568,6.6020002365112305,6.6020002365112305,817975
2020-08-20 00:00:00+02:00,6.559999942779541,6.5980000495910645,6.449999809265137,6.559999942779541,832196
2020-08-21 00:00:00+02:00,6.579999923706055,6.739999771118164,6.495999813079834,6.739999771118164,975431
2020-08-24 00:00:00+02:00,6.739999771118164,6.760000228881836,6.610000133514404,6.677999973297119,959329
2020-08-25 00:00:00+02:00,6.699999809265137,6.760000228881836,6.460000038146973,6.460000038146973,984938
2020-08-26 00:00:00+02:00,6.498000144958496,6.550000190734863,6.300000190734863,6.360000133514404,1995825
2020-08-27 00:00:00+02:00,6.380000114440918,6.380000114440918,6.300000190734863,6.3460001945495605,2350596
2020-08-28 00:00:00+02:00,6.320000171661377,6.507999897003174,6.288000106811523,6.427999973297119,1494593
2020-08-31 00:00:00+02:00,6.4039998054504395,6.495999813079834,5.874000072479248,6.038000106811523,5245331
2020-09-01 00:00:00+02:00,6.0,6.078000068664551,5.734000205993652,5.794000148773193,3718629
2020-09-02 00:00:00+02:00,5.800000190734863,6.038000106811523,5.800000190734863,5.961999893188477,3644865
2020-09-03 00:00:00+02:00,5.989999771118164,6.197999954223633,5.8420000076293945,5.874000072479248,2399241
2020-09-04 00:00:00+02:00,5.829999923706055,5.943999767303467,5.547999858856201,5.547999858856201,2625658
2020-09-07 00:00:00+02:00,5.550000190734863,5.76800012588501,5.539999961853027,5.639999866485596,1501082
2020-09-08 00:00:00+02:00,5.699999809265137,6.127999782562256,5.501999855041504,5.618000030517578,3067467
2020-09-09 00:00:00+02:00,5.610000133514404,5.880000114440918,5.590000152587891,5.803999900817871,1216015
2020-09-10 00:00:00+02:00,5.800000190734863,5.8520002365112305,5.5960001945495605,5.5960001945495605,1212180
2020-09-11 00:00:00+02:00,5.690000057220459,5.75,5.618000030517578,5.699999809265137,1046155
2020-09-14 00:00:00+02:00,5.828000068664551,5.828000068664551,5.599999904632568,5.610000133514404,1156890
2020-09-15 00:00:00+02:00,5.619999885559082,5.676000118255615,5.519999980926514,5.526000022888184,1548890
2020-09-16 00:00:00+02:00,5.501999855041504,5.546000003814697,5.25,5.400000095367432,2042510
2020-09-17 00:00:00+02:00,5.269999980926514,5.639999866485596,5.269999980926514,5.5960001945495605,2329138
2020-09-18 00:00:00+02:00,5.590000152587891,5.650000095367432,5.354000091552734,5.576000213623047,3631154
2020-09-21 00:00:00+02:00,5.449999809265137,5.547999858856201,5.110000133514404,5.130000114440918,2877003
2020-09-22 00:00:00+02:00,5.130000114440918,5.309999942779541,5.0920000076293945,5.257999897003174,1913293
2020-09-23 00:00:00+02:00,5.331999778747559,5.361999988555908,5.168000221252441,5.230000019073486,1069602
2020-09-24 00:00:00+02:00,5.150000095367432,5.199999809265137,4.980000019073486,5.010000228881836,1655727
2020-09-25 00:00:00+02:00,5.019999980926514,6.300000190734863,4.978000164031982,5.854000091552734,6637787
2020-09-28 00:00:00+02:00,6.0,6.501999855041504,5.949999809265137,6.486000061035156,6117230
2020-09-29 00:00:00+02:00,6.5,6.546000003814697,6.2820000648498535,6.315999984741211,2924920
2020-09-30 00:00:00+02:00,6.340000152587891,6.449999809265137,6.2220001220703125,6.420000076293945,2711440
2020-10-01 00:00:00+02:00,6.452000141143799,7.093999862670898,6.452000141143799,6.98799991607666,6294576
2020-10-02 00:00:00+02:00,6.809999942779541,6.8460001945495605,6.561999797821045,6.7779998779296875,2078026
2020-10-05 00:00:00+02:00,6.900000095367432,7.059999942779541,6.75600004196167,6.831999778747559,2076605
2020-10-06 00:00:00+02:00,6.769999980926514,6.831999778747559,6.480000019073486,6.558000087738037,2936695
2020-10-07 00:00:00+02:00,6.584000110626221,6.639999866485596,6.329999923706055,6.460000038146973,2155196
2020-10-08 00:00:00+02:00,6.5,6.535999774932861,6.199999809265137,6.199999809265137,2235174
2020-10-09 00:00:00+02:00,6.199999809265137,6.199999809265137,5.809999942779541,5.949999809265137,2326548
2020-10-12 00:00:00+02:00,6.019999980926514,6.079999923706055,5.644000053405762,5.808000087738037,3390318
2020-10-13 00:00:00+02:00,5.808000087738037,5.877999782562256,5.616000175476074,5.616000175476074,1938096
2020-10-14 00:00:00+02:00,5.622000217437744,5.797999858856201,5.519999980926514,5.579999923706055,2751027
2020-10-15 00:00:00+02:00,5.519999980926514,5.552000045776367,5.289999961853027,5.314000129699707,1931301
2020-10-16 00:00:00+02:00,5.314000129699707,5.429999828338623,5.130000114440918,5.3520002365112305,2508945
2020-10-19 00:00:00+02:00,5.519999980926514,5.800000190734863,5.368000030517578,5.745999813079834,3356350
2020-10-20 00:00:00+02:00,5.800000190734863,5.829999923706055,5.501999855041504,5.664000034332275,1857126
2020-10-21 00:00:00+02:00,5.690000057220459,5.690000057220459,5.495999813079834,5.495999813079834,1192392
2020-10-22 00:00:00+02:00,5.495999813079834,5.539999961853027,5.349999904632568,5.458000183105469,1495580
2020-10-23 00:00:00+02:00,5.409999847412109,5.5279998779296875,5.271999835968018,5.271999835968018,2809326
2020-10-26 00:00:00+01:00,5.245999813079834,5.440000057220459,5.119999885559082,5.418000221252441,1689400
2020-10-27 00:00:00+01:00,5.449999809265137,5.46999979019165,4.9710001945495605,5.105999946594238,2059325
2020-10-28 00:00:00+01:00,5.0,5.053999900817871,4.73199987411499,4.73199987411499,2641427
2020-10-29 00:00:00+01:00,4.699999809265137,4.73799991607666,4.460000038146973,4.495999813079834,3483059
2020-10-30 00:00:00+01:00,4.449999809265137,4.5879998207092285,4.261000156402588,4.510000228881836,4354697
2020-11-02 00:00:00+01:00,4.679999828338623,4.9079999923706055,4.539999961853027,4.670000076293945,3922024
2020-11-03 00:00:00+01:00,4.761000156402588,5.136000156402588,4.710000038146973,5.081999778747559,3781315
2020-11-04 00:00:00+01:00,5.0,5.309999942779541,4.840000152587891,5.1579999923706055,3619344
2020-11-05 00:00:00+01:00,5.340000152587891,5.48799991607666,5.211999893188477,5.24399995803833,2602345
2020-11-06 00:00:00+01:00,5.239999771118164,5.300000190734863,4.949999809265137,5.125999927520752,1884587
2020-11-09 00:00:00+01:00,5.228000164031982,5.949999809265137,5.053999900817871,5.906000137329102,5536452
2020-11-10 00:00:00+01:00,5.906000137329102,6.119999885559082,5.616000175476074,5.900000095367432,5665296
2020-11-11 00:00:00+01:00,5.900000095367432,5.900000095367432,5.900000095367432,5.900000095367432,0
2020-11-12 00:00:00+01:00,5.900000095367432,6.099999904632568,5.849999904632568,6.03000020980835,3630743
2020-11-13 00:00:00+01:00,6.047999858856201,6.130000114440918,5.940000057220459,6.090000152587891,1837704
2020-11-16 00:00:00+01:00,6.150000095367432,6.349999904632568,5.877999782562256,6.050000190734863,3849772
2020-11-17 00:00:00+01:00,6.090000152587891,6.090000152587891,5.889999866485596,5.989999771118164,2198281
2020-11-18 00:00:00+01:00,5.989999771118164,6.196000099182129,5.949999809265137,6.093999862670898,1771309
2020-11-19 00:00:00+01:00,6.050000190734863,6.124000072479248,5.953999996185303,6.010000228881836,1337334
2020-11-20 00:00:00+01:00,5.9720001220703125,6.085999965667725,5.918000221252441,6.065999984741211,1558657
2020-11-23 00:00:00+01:00,6.084000110626221,6.199999809265137,6.058000087738037,6.127999782562256,1881703
2020-11-24 00:00:00+01:00,6.099999904632568,6.208000183105469,6.019999980926514,6.078000068664551,2104023
2020-11-25 00:00:00+01:00,6.130000114440918,6.177999973297119,6.03000020980835,6.099999904632568,2052921
2020-11-26 00:00:00+01:00,6.099999904632568,6.1479997634887695,6.019999980926514,6.099999904632568,1090748
2020-11-27 00:00:00+01:00,6.099999904632568,6.170000076293945,6.038000106811523,6.099999904632568,1294806
2020-11-30 00:00:00+01:00,6.061999797821045,6.085999965667725,5.7220001220703125,5.763999938964844,6234928
2020-12-01 00:00:00+01:00,5.78000020980835,5.869999885559082,5.6020002365112305,5.676000118255615,3493022
2020-12-02 00:00:00+01:00,5.679999828338623,5.679999828338623,5.550000190734863,5.599999904632568,3115208
2020-12-03 00:00:00+01:00,5.676000118255615,5.75,5.5,5.501999855041504,3117563
2020-12-04 00:00:00+01:00,5.5,5.751999855041504,5.5,5.6479997634887695,3905740
2020-12-07 00:00:00+01:00,5.671999931335449,5.849999904632568,5.639999866485596,5.765999794006348,3615082
2020-12-08 00:00:00+01:00,5.765999794006348,5.940000057220459,5.71999979019165,5.909999847412109,3532526
2020-12-09 00:00:00+01:00,5.97599983215332,6.5,5.949999809265137,6.4039998054504395,8021388
2020-12-10 00:00:00+01:00,6.559999942779541,6.75,6.372000217437744,6.6620001792907715,6095850
2020-12-11 00:00:00+01:00,6.77400016784668,6.860000133514404,6.355999946594238,6.618000030517578,4540410
2020-12-14 00:00:00+01:00,6.639999866485596,6.860000133514404,6.519999980926514,6.6620001792907715,4232741
2020-12-15 00:00:00+01:00,6.639999866485596,6.656000137329102,6.435999870300293,6.486000061035156,2244896
2020-12-16 00:00:00+01:00,6.559999942779541,6.739999771118164,6.5279998779296875,6.622000217437744,3278473
2020-12-17 00:00:00+01:00,6.6579999923706055,6.714000225067139,6.288000106811523,6.441999912261963,2626402
2020-12-18 00:00:00+01:00,6.449999809265137,6.492000102996826,6.21999979019165,6.303999900817871,6159007
2020-12-21 00:00:00+01:00,6.199999809265137,6.230000019073486,5.880000114440918,5.989999771118164,5540160
2020-12-22 00:00:00+01:00,6.03000020980835,6.265999794006348,6.001999855041504,6.125999927520752,2283720
2020-12-23 00:00:00+01:00,6.150000095367432,6.248000144958496,6.131999969482422,6.199999809265137,2223698
2020-12-28 00:00:00+01:00,6.300000190734863,6.400000095367432,6.271999835968018,6.386000156402588,4963127
2020-12-29 00:00:00+01:00,6.389999866485596,6.5279998779296875,6.354000091552734,6.427999973297119,1957993
2020-12-30 00:00:00+01:00,6.460000038146973,6.6519999504089355,6.432000160217285,6.5,2880132
2021-01-04 00:00:00+01:00,6.599999904632568,6.97599983215332,6.5320000648498535,6.797999858856201,4623913
2021-01-05 00:00:00+01:00,6.789999961853027,6.960000038146973,6.627999782562256,6.665999889373779,4835560
2021-01-07 00:00:00+01:00,6.932000160217285,6.96999979019165,6.739999771118164,6.96999979019165,3717390
2021-01-08 00:00:00+01:00,7.0,7.188000202178955,6.960000038146973,7.099999904632568,5631398
2021-01-11 00:00:00+01:00,7.150000095367432,7.21999979019165,6.960000038146973,7.061999797821045,5174945
2021-01-12 00:00:00+01:00,7.050000190734863,7.179999828338623,7.00600004196167,7.099999904632568,3560844
2021-01-13 00:00:00+01:00,7.179999828338623,7.179999828338623,6.829999923706055,6.949999809265137,4645934
2021-01-14 00:00:00+01:00,6.949999809265137,7.076000213623047,6.900000095367432,6.934000015258789,3915334
2021-01-15 00:00:00+01:00,6.934000015258789,7.079999923706055,6.860000133514404,6.909999847412109,5442384
2021-01-18 00:00:00+01:00,6.949999809265137,7.441999912261963,6.834000110626221,7.441999912261963,3761615
2021-01-19 00:00:00+01:00,7.449999809265137,7.49399995803833,7.171999931335449,7.254000186920166,3986929
2021-01-20 00:00:00+01:00,7.300000190734863,7.300000190734863,7.019999980926514,7.176000118255615,2412679
2021-01-21 00:00:00+01:00,7.269999980926514,7.269999980926514,6.920000076293945,6.940000057220459,2264420
2021-01-22 00:00:00+01:00,6.909999847412109,7.090000152587891,6.8420000076293945,7.007999897003174,1423133
2021-01-25 00:00:00+01:00,7.064000129699707,7.170000076293945,6.9120001792907715,7.050000190734863,1625977
2021-01-26 00:00:00+01:00,6.984000205993652,7.038000106811523,6.880000114440918,6.96999979019165,1932742
2021-01-27 00:00:00+01:00,6.9120001792907715,6.949999809265137,6.599999904632568,6.659999847412109,3722404
2021-01-28 00:00:00+01:00,6.5980000495910645,6.742000102996826,6.480000019073486,6.668000221252441,3858932
2021-01-29 00:00:00+01:00,6.550000190734863,6.644000053405762,6.46999979019165,6.544000148773193,5323957
2021-02-01 00:00:00+01:00,6.619999885559082,6.822000026702881,6.579999923706055,6.789999961853027,3190087
2021-02-02 00:00:00+01:00,6.855999946594238,7.047999858856201,6.730000019073486,6.78000020980835,3057530
2021-02-03 00:00:00+01:00,6.789999961853027,6.823999881744385,6.619999885559082,6.671999931335449,1911327
2021-02-04 00:00:00+01:00,6.670000076293945,6.840000152587891,6.627999782562256,6.633999824523926,1691038
2021-02-05 00:00:00+01:00,6.676000118255615,6.863999843597412,6.656000137329102,6.8379998207092285,1685492
2021-02-08 00:00:00+01:00,6.849999904632568,7.026000022888184,6.817999839782715,6.888000011444092,1947370
2021-02-09 00:00:00+01:00,6.949999809265137,6.949999809265137,6.75,6.75,1507267
2021-02-10 00:00:00+01:00,6.78000020980835,6.840000152587891,6.703999996185303,6.742000102996826,1896762
2021-02-11 00:00:00+01:00,6.769999980926514,6.978000164031982,6.7179999351501465,6.938000202178955,1754892
2021-02-12 00:00:00+01:00,6.900000095367432,6.9079999923706055,6.736000061035156,6.789999961853027,1321966
2021-02-15 00:00:00+01:00,6.800000190734863,6.857999801635742,6.771999835968018,6.788000106811523,957803
2021-02-16 00:00:00+01:00,6.800000190734863,6.880000114440918,6.659999847412109,6.659999847412109,3725664
2021-02-17 00:00:00+01:00,6.763999938964844,6.875999927520752,6.630000114440918,6.829999923706055,3011563
2021-02-18 00:00:00+01:00,6.817999839782715,6.940000057220459,6.699999809265137,6.734000205993652,2683071
2021-02-19 00:00:00+01:00,6.78000020980835,6.78000020980835,6.627999782562256,6.630000114440918,1931390
2021-02-22 00:00:00+01:00,6.599999904632568,6.599999904632568,6.460000038146973,6.501999855041504,3394018
2021-02-23 00:00:00+01:00,6.510000228881836,6.550000190734863,6.283999919891357,6.363999843597412,3419726
2021-02-24 00:00:00+01:00,6.421999931335449,6.5879998207092285,6.363999843597412,6.504000186920166,2377107
2021-02-25 00:00:00+01:00,6.71999979019165,6.734000205993652,6.400000095367432,6.455999851226807,2704703
2021-02-26 00:00:00+01:00,6.369999885559082,6.677999973297119,6.300000190734863,6.645999908447266,4975475
2021-03-01 00:00:00+01:00,6.71999979019165,6.840000152587891,6.526000022888184,6.820000171661377,3323260
2021-03-02 00:00:00+01:00,6.800000190734863,6.8979997634887695,6.693999767303467,6.796000003814697,2757540
2021-03-03 00:00:00+01:00,6.809999942779541,6.889999866485596,6.556000232696533,6.581999778747559,3250249
2021-03-04 00:00:00+01:00,6.579999923706055,6.815999984741211,6.544000148773193,6.783999919891357,3542673
2021-03-05 00:00:00+01:00,6.757999897003174,6.757999897003174,6.6020002365112305,6.613999843597412,2289914
2021-03-08 00:00:00+01:00,6.679999828338623,6.78000020980835,6.581999778747559,6.742000102996826,2309962
2021-03-09 00:00:00+01:00,6.748000144958496,6.920000076293945,6.699999809265137,6.914000034332275,3191668
2021-03-10 00:00:00+01:00,6.9120001792907715,6.980000019073486,6.814000129699707,6.895999908447266,2755239
2021-03-11 00:00:00+01:00,6.915999889373779,6.940000057220459,6.73799991607666,6.769999980926514,1969440
2021-03-12 00:00:00+01:00,6.754000186920166,6.789999961853027,6.673999786376953,6.745999813079834,1777398
2021-03-15 00:00:00+01:00,6.757999897003174,6.869999885559082,6.659999847412109,6.75,1687657
2021-03-16 00:00:00+01:00,6.75,6.751999855041504,6.570000171661377,6.585999965667725,2443674
2021-03-17 00:00:00+01:00,6.559999942779541,6.618000030517578,6.322000026702881,6.322000026702881,5910730
2021-03-18 00:00:00+01:00,6.383999824523926,6.515999794006348,6.383999824523926,6.420000076293945,2051563
2021-03-19 00:00:00+01:00,6.400000095367432,6.400000095367432,6.239999771118164,6.300000190734863,13876619
2021-03-22 00:00:00+01:00,6.297999858856201,6.7179999351501465,6.297999858856201,6.539999961853027,3136268
2021-03-23 00:00:00+01:00,6.599999904632568,6.618000030517578,6.449999809265137,6.573999881744385,1430480
2021-03-24 00:00:00+01:00,6.473999977111816,6.492000102996826,6.303999900817871,6.309999942779541,2357454
2021-03-25 00:00:00+01:00,6.3420000076293945,6.53000020980835,6.329999923706055,6.53000020980835,3338648
2021-03-26 00:00:00+01:00,6.579999923706055,6.739999771118164,6.561999797821045,6.699999809265137,1838204
2021-03-29 00:00:00+02:00,6.699999809265137,6.929999828338623,6.682000160217285,6.9039998054504395,3882873
2021-03-30 00:00:00+02:00,6.9039998054504395,6.940000057220459,6.815999984741211,6.8520002365112305,2296711
2021-03-31 00:00:00+02:00,6.880000114440918,6.949999809265137,6.75600004196167,6.797999858856201,2386602
2021-04-01 00:00:00+02:00,6.800000190734863,6.99399995803833,6.78000020980835,6.8460001945495605,2237127
2021-04-06 00:00:00+02:00,6.900000095367432,7.309999942779541,6.894000053405762,7.289999961853027,4778092
2021-04-07 00:00:00+02:00,7.285999774932861,7.380000114440918,7.2220001220703125,7.375999927520752,2255396
2021-04-08 00:00:00+02:00,7.349999904632568,7.375999927520752,7.139999866485596,7.248000144958496,2057502
2021-04-09 00:00:00+02:00,7.26200008392334,7.360000133514404,7.190000057220459,7.334000110626221,6879473
2021-04-12 00:00:00+02:00,7.420000076293945,8.359999656677246,7.406000137329102,8.329999923706055,13351903
2021-04-13 00:00:00+02:00,8.4399995803833,8.597999572753906,8.069999694824219,8.246000289916992,4948309
2021-04-14 00:00:00+02:00,8.3100004196167,8.685999870300293,8.222000122070312,8.430000305175781,5021135
2021-04-15 00:00:00+02:00,8.399999618530273,8.5,8.303999900817871,8.442000389099121,2001368
2021-04-16 00:00:00+02:00,8.442000389099121,8.5,8.37399959564209,8.5,2655899
2021-04-19 00:00:00+02:00,8.5,8.869999885559082,8.36400032043457,8.661999702453613,5074681
2021-04-20 00:00:00+02:00,8.604000091552734,8.75,8.399999618530273,8.399999618530273,3235392
2021-04-21 00:00:00+02:00,8.387999534606934,8.449999809265137,8.3100004196167,8.359999656677246,2438339
2021-04-22 00:00:00+02:00,8.362000465393066,8.630000114440918,8.362000465393066,8.550000190734863,2239649
2021-04-23 00:00:00+02:00,8.5,8.600000381469727,8.392000198364258,8.541999816894531,1445554
2021-04-26 00:00:00+02:00,8.597999572753906,8.64799976348877,8.4399995803833,8.569999694824219,1671930
2021-04-27 00:00:00+02:00,8.579999923706055,8.795999526977539,8.5,8.729999542236328,2099262
2021-04-28 00:00:00+02:00,8.800000190734863,9.579999923706055,8.784000396728516,9.529999732971191,10534237
2021-04-29 00:00:00+02:00,9.562000274658203,10.25,9.470000267028809,10.119999885559082,11656062
2021-04-30 00:00:00+02:00,10.194999694824219,10.244999885559082,9.972000122070312,10.100000381469727,4289887
2021-05-04 00:00:00+02:00,10.119999885559082,10.390000343322754,10.020000457763672,10.220000267028809,2801329
2021-05-05 00:00:00+02:00,10.289999961853027,10.350000381469727,10.100000381469727,10.135000228881836,2628167
2021-05-06 00:00:00+02:00,10.100000381469727,10.319999694824219,10.0,10.100000381469727,2492129
2021-05-07 00:00:00+02:00,10.125,10.199999809265137,9.746000289916992,9.960000038146973,2370261
2021-05-10 00:00:00+02:00,9.998000144958496,10.100000381469727,9.333999633789062,9.619999885559082,3304393
2021-05-11 00:00:00+02:00,9.5,9.763999938964844,9.40999984741211,9.727999687194824,3562838
2021-05-12 00:00:00+02:00,9.819999694824219,9.949999809265137,9.52400016784668,9.630000114440918,2070113
2021-05-13 00:00:00+02:00,9.473999977111816,9.75,9.34000015258789,9.644000053405762,2675675
2021-05-14 00:00:00+02:00,9.60200023651123,9.739999771118164,9.399999618530273,9.609999656677246,1542719
2021-05-17 00:00:00+02:00,9.605999946594238,9.744000434875488,9.529999732971191,9.708000183105469,1212273
2021-05-18 00:00:00+02:00,9.732000350952148,9.850000381469727,9.637999534606934,9.829999923706055,1453617
2021-05-19 00:00:00+02:00,9.770000457763672,10.085000038146973,9.706000328063965,9.859999656677246,2088687
2021-05-20 00:00:00+02:00,9.972000122070312,10.135000228881836,9.758000373840332,9.800000190734863,3819838
2021-05-21 00:00:00+02:00,9.836000442504883,9.977999687194824,9.02400016784668,9.149999618530273,7392344
2021-05-24 00:00:00+02:00,8.949999809265137,9.520000457763672,8.772000312805176,9.368000030517578,5113608
2021-05-25 00:00:00+02:00,9.70199966430664,9.8100004196167,9.449999809265137,9.687999725341797,3937892
2021-05-26 00:00:00+02:00,9.699999809265137,10.270000457763672,9.600000381469727,10.239999771118164,5413668
2021-05-27 00:00:00+02:00,10.220000267028809,10.220000267028809,9.899999618530273,10.024999618530273,5029909
2021-05-28 00:00:00+02:00,10.0,10.239999771118164,10.0,10.164999961853027,1761749
2021-05-31 00:00:00+02:00,10.100000381469727,10.125,9.899999618530273,9.986000061035156,1136519
2021-06-01 00:00:00+02:00,10.0,10.194999694824219,9.90999984741211,9.935999870300293,1390303
2021-06-02 00:00:00+02:00,9.96399974822998,10.329999923706055,9.96399974822998,10.239999771118164,1935516
2021-06-04 00:00:00+02:00,10.3100004196167,10.829999923706055,10.135000228881836,10.675000190734863,2870493
2021-06-07 00:00:00+02:00,10.675000190734863,10.979999542236328,10.649999618530273,10.75,3018911
2021-06-08 00:00:00+02:00,10.699999809265137,10.845000267028809,10.460000038146973,10.6899995803833,1566599
2021-06-09 00:00:00+02:00,10.6899995803833,10.6899995803833,10.229999542236328,10.234999656677246,2255361
2021-06-10 00:00:00+02:00,10.199999809265137,10.46500015258789,10.015000343322754,10.395000457763672,1491461
2021-06-11 00:00:00+02:00,10.399999618530273,10.399999618530273,10.079999923706055,10.149999618530273,1043211
2021-06-14 00:00:00+02:00,10.125,10.295000076293945,10.119999885559082,10.244999885559082,972719
2021-06-15 00:00:00+02:00,10.380000114440918,10.380000114440918,9.920000076293945,9.986000061035156,1871057
2021-06-16 00:00:00+02:00,9.920000076293945,10.25,9.920000076293945,9.960000038146973,2244927
2021-06-17 00:00:00+02:00,9.920000076293945,10.300000190734863,9.920000076293945,10.255000114440918,1680360
2021-06-18 00:00:00+02:00,10.25,10.350000381469727,10.039999961853027,10.255000114440918,4056654
2021-06-21 00:00:00+02:00,10.164999961853027,10.279999732971191,10.010000228881836,10.0649995803833,1127841
2021-06-22 00:00:00+02:00,10.1850004196167,10.390000343322754,10.095000267028809,10.359999656677246,2343496
2021-06-23 00:00:00+02:00,10.220000267028809,10.399999618530273,10.024999618530273,10.375,1564138
2021-06-24 00:00:00+02:00,10.335000038146973,10.404999732971191,10.130000114440918,10.154999732971191,2627573
2021-06-25 00:00:00+02:00,10.119999885559082,10.274999618530273,10.039999961853027,10.09000015258789,1705770
2021-06-28 00:00:00+02:00,10.050000190734863,10.109999656677246,9.899999618530273,9.95199966430664,1732578
2021-06-29 00:00:00+02:00,9.998000144958496,10.03499984741211,9.630000114440918,9.631999969482422,2319484
2021-06-30 00:00:00+02:00,9.657999992370605,9.755999565124512,9.383999824523926,9.40999984741211,2787939
2021-07-01 00:00:00+02:00,9.449999809265137,9.597999572753906,9.09000015258789,9.300000190734863,3284109
2021-07-02 00:00:00+02:00,9.38599967956543,9.395999908447266,9.140000343322754,9.140000343322754,1670722
2021-07-05 00:00:00+02:00,9.142000198364258,9.239999771118164,9.07800006866455,9.093999862670898,932489
2021-07-06 00:00:00+02:00,9.128000259399414,9.175999641418457,8.899999618530273,8.911999702453613,1913485
2021-07-07 00:00:00+02:00,8.961999893188477,9.105999946594238,8.930000305175781,8.98799991607666,2553347
2021-07-08 00:00:00+02:00,9.0,9.133999824523926,8.920000076293945,9.045999526977539,1850697
2021-07-09 00:00:00+02:00,9.050000190734863,9.076000213623047,8.956000328063965,9.039999961853027,2397698
2021-07-12 00:00:00+02:00,9.029999732971191,9.076000213623047,8.9399995803833,8.9399995803833,2461875
2021-07-13 00:00:00+02:00,8.960000038146973,9.050000190734863,8.854000091552734,8.949999809265137,1003042
2021-07-14 00:00:00+02:00,8.989999771118164,8.989999771118164,8.819999694824219,8.850000381469727,1524953
2021-07-15 00:00:00+02:00,8.836000442504883,9.027999877929688,8.819999694824219,8.855999946594238,1018747
2021-07-16 00:00:00+02:00,8.855999946594238,8.918000221252441,8.814000129699707,8.843999862670898,817829
2021-07-19 00:00:00+02:00,8.854000091552734,8.854000091552734,8.350000381469727,8.399999618530273,3830331
2021-07-20 00:00:00+02:00,8.399999618530273,8.486000061035156,8.300000190734863,8.383999824523926,2377919
2021-07-21 00:00:00+02:00,8.329999923706055,8.6899995803833,8.329999923706055,8.579999923706055,1223329
2021-07-22 00:00:00+02:00,8.515999794006348,8.649999618530273,8.5,8.600000381469727,502093
2021-07-23 00:00:00+02:00,8.600000381469727,9.15999984741211,8.52400016784668,9.083999633789062,2943282
2021-07-26 00:00:00+02:00,9.083999633789062,9.086000442504883,8.652000427246094,8.652000427246094,1623342
2021-07-27 00:00:00+02:00,8.779999732971191,8.779999732971191,8.479999542236328,8.508000373840332,1777675
2021-07-28 00:00:00+02:00,8.505999565124512,8.767999649047852,8.505999565124512,8.661999702453613,2056283
2021-07-29 00:00:00+02:00,8.75,9.005999565124512,8.70199966430664,8.977999687194824,1868362
2021-07-30 00:00:00+02:00,8.918000221252441,8.930000305175781,8.65999984741211,8.680000305175781,2090977
2021-08-02 00:00:00+02:00,8.720000267028809,8.850000381469727,8.710000038146973,8.800000190734863,703127
2021-08-03 00:00:00+02:00,8.800000190734863,8.947999954223633,8.727999687194824,8.805999755859375,1163087
2021-08-04 00:00:00+02:00,8.807999610900879,8.932000160217285,8.805999755859375,8.855999946594238,753079
2021-08-05 00:00:00+02:00,8.925999641418457,9.140000343322754,8.824000358581543,9.128000259399414,872680
2021-08-06 00:00:00+02:00,9.131999969482422,9.1899995803833,9.0600004196167,9.109999656677246,891250
2021-08-09 00:00:00+02:00,9.097999572753906,9.119999885559082,9.020000457763672,9.020000457763672,373257
2021-08-10 00:00:00+02:00,9.041999816894531,9.076000213623047,8.932000160217285,8.979999542236328,548500
2021-08-11 00:00:00+02:00,8.9399995803833,8.979999542236328,8.847999572753906,8.920000076293945,616452
2021-08-12 00:00:00+02:00,8.869999885559082,9.130000114440918,8.868000030517578,9.130000114440918,838682
2021-08-13 00:00:00+02:00,9.130000114440918,9.130000114440918,8.899999618530273,8.949999809265137,975437
2021-08-16 00:00:00+02:00,8.911999702453613,8.998000144958496,8.899999618530273,8.949999809265137,495982
2021-08-17 00:00:00+02:00,8.949999809265137,8.989999771118164,8.819999694824219,8.899999618530273,1353595
2021-08-18 00:00:00+02:00,8.899999618530273,9.052000045776367,8.826000213623047,9.039999961853027,946907
2021-08-19 00:00:00+02:00,9.034000396728516,9.039999961853027,8.829999923706055,8.86400032043457,1717298
2021-08-20 00:00:00+02:00,8.968000411987305,9.300000190734863,8.911999702453613,9.25,2717932
2021-08-23 00:00:00+02:00,9.300000190734863,9.881999969482422,9.1899995803833,9.779999732971191,4979469
2021-08-24 00:00:00+02:00,9.821999549865723,9.857999801635742,9.640000343322754,9.739999771118164,2026357
2021-08-25 00:00:00+02:00,9.73799991607666,9.73799991607666,9.550000190734863,9.661999702453613,1353437
2021-08-26 00:00:00+02:00,9.697999954223633,9.779999732971191,9.543999671936035,9.597999572753906,1418232
2021-08-27 00:00:00+02:00,9.628000259399414,9.628000259399414,9.47599983215332,9.616000175476074,857555
2021-08-30 00:00:00+02:00,9.61400032043457,9.87600040435791,9.61400032043457,9.87600040435791,1464763
2021-08-31 00:00:00+02:00,9.928000450134277,10.149999618530273,9.920000076293945,10.09000015258789,4040296
2021-09-01 00:00:00+02:00,10.079999923706055,10.095000267028809,9.942000389099121,10.0,1467763
2021-09-02 00:00:00+02:00,9.92199993133545,10.029999732971191,9.65999984741211,9.741999626159668,1842167
2021-09-03 00:00:00+02:00,9.699999809265137,9.800000190734863,9.59000015258789,9.633999824523926,622073
2021-09-06 00:00:00+02:00,9.633999824523926,9.880000114440918,9.569999694824219,9.779999732971191,705803
2021-09-07 00:00:00+02:00,9.850000381469727,9.850000381469727,9.64799976348877,9.776000022888184,708765
2021-09-08 00:00:00+02:00,9.770000457763672,9.937999725341797,9.600000381469727,9.699999809265137,1828568
2021-09-09 00:00:00+02:00,9.739999771118164,9.850000381469727,9.649999618530273,9.850000381469727,1072646
2021-09-10 00:00:00+02:00,9.850000381469727,9.850000381469727,9.699999809265137,9.765999794006348,666294
2021-09-13 00:00:00+02:00,9.765999794006348,10.114999771118164,9.708000183105469,10.109999656677246,1737037
2021-09-14 00:00:00+02:00,10.109999656677246,10.279999732971191,10.010000228881836,10.199999809265137,1404041
2021-09-15 00:00:00+02:00,10.100000381469727,10.260000228881836,9.956000328063965,10.010000228881836,1585518
2021-09-16 00:00:00+02:00,10.0,10.194999694824219,9.869999885559082,9.946000099182129,1415151
2021-09-17 00:00:00+02:00,9.9399995803833,10.069999694824219,9.75,9.755999565124512,3334015
2021-09-20 00:00:00+02:00,9.6899995803833,9.6899995803833,9.1899995803833,9.312000274658203,2817868
2021-09-21 00:00:00+02:00,9.260000228881836,9.390000343322754,9.088000297546387,9.145999908447266,738228
2021-09-22 00:00:00+02:00,9.152000427246094,9.479999542236328,9.076000213623047,9.36400032043457,1074040
2021-09-23 00:00:00+02:00,9.447999954223633,9.449999809265137,9.112000465393066,9.131999969482422,1447405
2021-09-24 00:00:00+02:00,9.137999534606934,9.270000457763672,8.960000038146973,8.960000038146973,1890860
2021-09-27 00:00:00+02:00,9.038000106811523,9.09000015258789,8.729999542236328,8.866000175476074,2067561
2021-09-28 00:00:00+02:00,8.859999656677246,8.996000289916992,8.732000350952148,8.833999633789062,1291968
2021-09-29 00:00:00+02:00,8.911999702453613,8.9399995803833,8.75,8.781999588012695,1848781
2021-09-30 00:00:00+02:00,8.887999534606934,9.097999572753906,8.850000381469727,8.930000305175781,2678427
2021-10-01 00:00:00+02:00,8.859999656677246,9.064000129699707,8.8100004196167,9.02400016784668,1304719
2021-10-04 00:00:00+02:00,9.020000457763672,9.437999725341797,8.960000038146973,9.37399959564209,2312906
2021-10-05 00:00:00+02:00,9.359999656677246,9.460000038146973,9.166000366210938,9.347999572753906,1316541
2021-10-06 00:00:00+02:00,9.37399959564209,9.4399995803833,9.210000038146973,9.34000015258789,1257811
2021-10-07 00:00:00+02:00,9.42199993133545,9.460000038146973,9.229999542236328,9.366000175476074,1139360
2021-10-08 00:00:00+02:00,9.38599967956543,9.894000053405762,9.366000175476074,9.800000190734863,2415452
2021-10-11 00:00:00+02:00,9.819999694824219,10.050000190734863,9.819999694824219,9.949999809265137,1625257
2021-10-12 00:00:00+02:00,9.89799976348877,10.09000015258789,9.699999809265137,10.010000228881836,2491732
2021-10-13 00:00:00+02:00,10.029999732971191,10.095000267028809,9.930000305175781,9.989999771118164,2184307
2021-10-14 00:00:00+02:00,10.03499984741211,10.119999885559082,9.949999809265137,10.050000190734863,2314946
2021-10-15 00:00:00+02:00,10.079999923706055,10.494999885559082,10.0649995803833,10.399999618530273,4496895
2021-10-18 00:00:00+02:00,10.4399995803833,10.5600004196167,10.305000305175781,10.479999542236328,1159206
2021-10-19 00:00:00+02:00,10.5,10.539999961853027,10.0,10.069999694824219,2405267
2021-10-20 00:00:00+02:00,10.069999694824219,10.28499984741211,10.0,10.265000343322754,1310221
2021-10-21 00:00:00+02:00,10.204999923706055,10.225000381469727,10.010000228881836,10.045000076293945,875595
2021-10-22 00:00:00+02:00,10.010000228881836,10.119999885559082,9.878000259399414,9.970000267028809,1317344
2021-10-25 00:00:00+02:00,9.998000144958496,10.135000228881836,9.8100004196167,9.850000381469727,1273906
2021-10-26 00:00:00+02:00,9.829999923706055,10.09000015258789,9.829999923706055,9.850000381469727,888026
2021-10-27 00:00:00+02:00,9.89799976348877,10.050000190734863,9.720000267028809,9.894000053405762,1986896
2021-10-28 00:00:00+02:00,9.892000198364258,10.055000305175781,9.831999778747559,9.98799991607666,1555565
2021-10-29 00:00:00+02:00,9.98799991607666,9.989999771118164,9.736000061035156,9.807999610900879,1701526
2021-11-02 00:00:00+01:00,9.947999954223633,9.958000183105469,9.720000267028809,9.918000221252441,1859638
2021-11-03 00:00:00+01:00,9.946000099182129,10.024999618530273,9.800000190734863,9.850000381469727,1296963
2021-11-04 00:00:00+01:00,9.859999656677246,10.380000114440918,9.859999656677246,10.319999694824219,2234906
2021-11-05 00:00:00+01:00,10.319999694824219,10.380000114440918,10.079999923706055,10.220000267028809,1294624
2021-11-08 00:00:00+01:00,10.244999885559082,10.475000381469727,10.100000381469727,10.100000381469727,1201463
2021-11-09 00:00:00+01:00,10.100000381469727,10.244999885559082,10.010000228881836,10.204999923706055,1312496
2021-11-10 00:00:00+01:00,10.164999961853027,10.194999694824219,9.802000045776367,9.802000045776367,2153882
2021-11-12 00:00:00+01:00,9.800000190734863,9.902000427246094,9.609999656677246,9.609999656677246,2519863
2021-11-15 00:00:00+01:00,9.619999885559082,9.71399974822998,9.394000053405762,9.394000053405762,3094887
2021-11-16 00:00:00+01:00,9.302000045776367,9.444000244140625,9.204000473022461,9.381999969482422,1821807
2021-11-17 00:00:00+01:00,9.411999702453613,9.520000457763672,9.300000190734863,9.420000076293945,1001014
2021-11-18 00:00:00+01:00,9.437999725341797,9.449999809265137,9.293999671936035,9.399999618530273,1302110
2021-11-19 00:00:00+01:00,9.449999809265137,9.454000473022461,9.005999565124512,9.300000190734863,2250340
2021-11-22 00:00:00+01:00,9.350000381469727,9.350000381469727,8.95199966430664,8.95199966430664,1962204
2021-11-23 00:00:00+01:00,8.899999618530273,9.067999839782715,8.765999794006348,9.013999938964844,1612980
2021-11-24 00:00:00+01:00,9.062000274658203,9.170000076293945,8.887999534606934,9.0,1489106
2021-11-25 00:00:00+01:00,8.923999786376953,9.034000396728516,8.307999610900879,8.399999618530273,2922907
2021-11-26 00:00:00+01:00,8.22599983215332,8.22599983215332,7.710000038146973,7.989999771118164,3869758
2021-11-29 00:00:00+01:00,8.0,8.246000289916992,7.639999866485596,8.065999984741211,3272475
2021-11-30 00:00:00+01:00,7.96999979019165,8.378000259399414,7.769999980926514,8.288000106811523,7388009
2021-12-01 00:00:00+01:00,8.302000045776367,8.699999809265137,8.300000190734863,8.6899995803833,2796374
2021-12-02 00:00:00+01:00,8.67199993133545,8.67199993133545,8.222000122070312,8.47599983215332,3449605
2021-12-03 00:00:00+01:00,8.600000381469727,8.666000366210938,8.13599967956543,8.140000343322754,3899942
2021-12-06 00:00:00+01:00,8.140000343322754,8.336000442504883,8.140000343322754,8.300000190734863,1684544
2021-12-07 00:00:00+01:00,8.387999534606934,8.473999977111816,8.199999809265137,8.25,2433920
2021-12-08 00:00:00+01:00,8.312000274658203,8.35200023651123,8.104000091552734,8.145999908447266,1800426
2021-12-09 00:00:00+01:00,8.11400032043457,8.140000343322754,7.788000106811523,7.831999778747559,3075655
2021-12-10 00:00:00+01:00,7.849999904632568,8.187999725341797,7.849999904632568,8.100000381469727,1952460
2021-12-13 00:00:00+01:00,8.156000137329102,8.223999977111816,7.788000106811523,7.8480000495910645,2663747
2021-12-14 00:00:00+01:00,7.900000095367432,7.938000202178955,7.705999851226807,7.840000152587891,1650721
2021-12-15 00:00:00+01:00,7.849999904632568,7.8520002365112305,7.449999809265137,7.501999855041504,2724518
2021-12-16 00:00:00+01:00,7.599999904632568,7.835999965667725,7.52400016784668,7.739999771118164,3361410
2021-12-17 00:00:00+01:00,7.723999977111816,7.97599983215332,7.552000045776367,7.696000099182129,6519555
2021-12-20 00:00:00+01:00,7.6020002365112305,8.052000045776367,7.570000171661377,7.973999977111816,1739485
2021-12-21 00:00:00+01:00,8.029999732971191,8.04800033569336,7.702000141143799,7.788000106811523,1596730
2021-12-22 00:00:00+01:00,7.788000106811523,7.8379998207092285,7.611999988555908,7.639999866485596,1213855
2021-12-23 00:00:00+01:00,7.697999954223633,7.989999771118164,7.679999828338623,7.934000015258789,1560829
2021-12-27 00:00:00+01:00,7.934000015258789,7.946000099182129,7.71999979019165,7.71999979019165,1887013
2021-12-28 00:00:00+01:00,7.748000144958496,7.961999893188477,7.610000133514404,7.909999847412109,4634653
2021-12-29 00:00:00+01:00,7.881999969482422,8.182000160217285,7.881999969482422,8.09000015258789,1499855
2021-12-30 00:00:00+01:00,8.100000381469727,8.118000030517578,7.966000080108643,8.062000274658203,1015550
2022-01-03 00:00:00+01:00,8.109999656677246,8.300000190734863,8.109999656677246,8.173999786376953,1986275
2022-01-04 00:00:00+01:00,8.206000328063965,8.277999877929688,8.0600004196167,8.175999641418457,1890820
2022-01-05 00:00:00+01:00,8.14799976348877,8.180000305175781,8.092000007629395,8.118000030517578,1556314
2022-01-07 00:00:00+01:00,8.100000381469727,8.116000175476074,7.861999988555908,8.097999572753906,2814581
2022-01-10 00:00:00+01:00,8.109999656677246,8.109999656677246,7.900000095367432,7.952000141143799,1594014
2022-01-11 00:00:00+01:00,8.01200008392334,8.092000007629395,7.880000114440918,8.050000190734863,3484107
2022-01-12 00:00:00+01:00,8.086000442504883,8.428000450134277,8.079999923706055,8.371999740600586,4481638
2022-01-13 00:00:00+01:00,8.307999610900879,8.526000022888184,8.220000267028809,8.34000015258789,3243599
2022-01-14 00:00:00+01:00,8.279999732971191,8.404000282287598,8.21399974822998,8.39799976348877,1393614
2022-01-17 00:00:00+01:00,8.407999992370605,8.458000183105469,8.26200008392334,8.26200008392334,801609
2022-01-18 00:00:00+01:00,8.251999855041504,8.3100004196167,8.131999969482422,8.131999969482422,924304
2022-01-19 00:00:00+01:00,7.900000095367432,7.900000095367432,7.329999923706055,7.71999979019165,15318928
2022-01-20 00:00:00+01:00,7.71999979019165,8.043999671936035,7.699999809265137,8.039999961853027,3793425
2022-01-21 00:00:00+01:00,8.0,8.039999961853027,7.776000022888184,7.973999977111816,2408337
2022-01-24 00:00:00+01:00,7.97599983215332,7.97599983215332,7.579999923706055,7.6020002365112305,3428812
2022-01-25 00:00:00+01:00,7.739999771118164,7.809999942779541,7.526000022888184,7.723999977111816,2724936
2022-01-26 00:00:00+01:00,7.703999996185303,7.877999782562256,7.684000015258789,7.716000080108643,2125272
2022-01-27 00:00:00+01:00,7.573999881744385,7.771999835968018,7.52400016784668,7.690000057220459,1677733
2022-01-28 00:00:00+01:00,7.797999858856201,7.800000190734863,7.5320000648498535,7.638000011444092,3086890
2022-01-31 00:00:00+01:00,7.699999809265137,7.769999980926514,7.585999965667725,7.650000095367432,2614518
2022-02-01 00:00:00+01:00,7.699999809265137,7.7220001220703125,7.510000228881836,7.559999942779541,1609500
2022-02-02 00:00:00+01:00,7.539999961853027,7.664000034332275,7.363999843597412,7.480000019073486,4293983
2022-02-03 00:00:00+01:00,7.46999979019165,8.116000175476074,7.449999809265137,7.929999828338623,5938572
2022-02-04 00:00:00+01:00,7.980000019073486,7.980000019073486,7.52400016784668,7.52400016784668,1826146
2022-02-07 00:00:00+01:00,7.5879998207092285,7.769999980926514,7.5,7.763999938964844,1819609
2022-02-08 00:00:00+01:00,7.75,7.920000076293945,7.699999809265137,7.831999778747559,1487185
2022-02-09 00:00:00+01:00,7.920000076293945,8.100000381469727,7.861999988555908,8.100000381469727,1382873
2022-02-10 00:00:00+01:00,8.319999694824219,8.319999694824219,7.918000221252441,8.0,1907863
2022-02-11 00:00:00+01:00,7.921999931335449,8.039999961853027,7.829999923706055,8.0,927819
2022-02-14 00:00:00+01:00,7.71999979019165,7.868000030517578,7.599999904632568,7.77400016784668,2805445
2022-02-15 00:00:00+01:00,7.803999900817871,8.039999961853027,7.791999816894531,7.940000057220459,2436231
2022-02-16 00:00:00+01:00,8.01200008392334,8.137999534606934,7.840000152587891,7.947999954223633,2023157
2022-02-17 00:00:00+01:00,8.04800033569336,8.04800033569336,7.556000232696533,7.585999965667725,1938460
2022-02-18 00:00:00+01:00,7.5980000495910645,7.696000099182129,7.5,7.552000045776367,944246
2022-02-21 00:00:00+01:00,7.5980000495910645,7.633999824523926,7.0920000076293945,7.199999809265137,1470614
2022-02-22 00:00:00+01:00,7.070000171661377,7.486000061035156,6.921999931335449,7.486000061035156,2374472
2022-02-23 00:00:00+01:00,7.539999961853027,7.544000148773193,7.191999912261963,7.214000225067139,1858028
2022-02-24 00:00:00+01:00,6.785999774932861,6.949999809265137,6.23199987411499,6.572000026702881,9035223
2022-02-25 00:00:00+01:00,6.7820000648498535,7.203999996185303,6.5920000076293945,7.084000110626221,3099661
2022-02-28 00:00:00+01:00,6.984000205993652,8.180000305175781,6.866000175476074,8.157999992370605,8990778
2022-03-01 00:00:00+01:00,8.194000244140625,8.550000190734863,8.15999984741211,8.255999565124512,4466838
2022-03-02 00:00:00+01:00,8.272000312805176,9.564000129699707,8.272000312805176,9.550000190734863,7803426
2022-03-03 00:00:00+01:00,9.930000305175781,10.380000114440918,8.958000183105469,9.5,7649040
2022-03-04 00:00:00+01:00,9.343999862670898,9.699999809265137,8.90999984741211,9.128000259399414,2987503
2022-03-07 00:00:00+01:00,9.050000190734863,9.73799991607666,9.015999794006348,9.628000259399414,3570210
2022-03-08 00:00:00+01:00,9.520000457763672,9.619999885559082,9.001999855041504,9.14799976348877,1594661
2022-03-09 00:00:00+01:00,9.25,9.390000343322754,8.949999809265137,9.170000076293945,1780776
2022-03-10 00:00:00+01:00,9.10200023651123,9.420000076293945,9.100000381469727,9.362000465393066,2205327
2022-03-11 00:00:00+01:00,9.362000465393066,9.795999526977539,9.239999771118164,9.795999526977539,3382019
2022-03-14 00:00:00+01:00,9.79800033569336,9.79800033569336,9.319999694824219,9.34000015258789,2813922
2022-03-15 00:00:00+01:00,9.270000457763672,9.59000015258789,9.104000091552734,9.402000427246094,2478557
2022-03-16 00:00:00+01:00,9.567999839782715,9.699999809265137,9.300000190734863,9.418000221252441,3152809
2022-03-17 00:00:00+01:00,9.460000038146973,9.880000114440918,9.36400032043457,9.880000114440918,3363845
2022-03-18 00:00:00+01:00,9.699999809265137,9.947999954223633,9.63599967956543,9.755999565124512,5013471
2022-03-21 00:00:00+01:00,9.720000267028809,9.996000289916992,9.720000267028809,9.729999542236328,1350538
2022-03-22 00:00:00+01:00,9.732000350952148,9.859999656677246,9.534000396728516,9.699999809265137,2013727
2022-03-23 00:00:00+01:00,9.859999656677246,9.949999809265137,9.699999809265137,9.800000190734863,1516348
2022-03-24 00:00:00+01:00,9.84000015258789,9.996000289916992,9.65999984741211,9.862000465393066,2340158
2022-03-25 00:00:00+01:00,9.890000343322754,9.930000305175781,9.26200008392334,9.428000450134277,4139722
2022-03-28 00:00:00+02:00,9.4399995803833,9.670000076293945,9.121999740600586,9.300000190734863,3610243
2022-03-29 00:00:00+02:00,9.399999618530273,9.411999702453613,9.03600025177002,9.109999656677246,3897082
2022-03-30 00:00:00+02:00,9.199999809265137,9.347999572753906,9.069999694824219,9.34000015258789,3272717
2022-03-31 00:00:00+02:00,9.20199966430664,9.390000343322754,9.100000381469727,9.119999885559082,3813437
2022-04-01 00:00:00+02:00,9.289999961853027,9.47599983215332,9.15999984741211,9.270000457763672,1955588
2022-04-04 00:00:00+02:00,9.333999633789062,9.350000381469727,8.831999778747559,8.899999618530273,3071012
2022-04-05 00:00:00+02:00,9.0,9.199999809265137,9.0,9.03600025177002,1569882
2022-04-06 00:00:00+02:00,9.03600025177002,9.197999954223633,8.890000343322754,9.197999954223633,2004637
2022-04-07 00:00:00+02:00,9.0,9.050000190734863,8.562000274658203,8.562000274658203,5980627
2022-04-08 00:00:00+02:00,8.680000305175781,8.998000144958496,8.65999984741211,8.866000175476074,2739467
2022-04-11 00:00:00+02:00,8.960000038146973,9.404000282287598,8.881999969482422,9.404000282287598,4000969
2022-04-12 00:00:00+02:00,9.399999618530273,9.579999923706055,9.300000190734863,9.432000160217285,4329748
2022-04-13 00:00:00+02:00,9.5,9.583999633789062,9.277999877929688,9.366000175476074,1041945
2022-04-14 00:00:00+02:00,9.333999633789062,9.430000305175781,9.284000396728516,9.319999694824219,831156
2022-04-19 00:00:00+02:00,9.3100004196167,9.468000411987305,9.248000144958496,9.25,3855318
2022-04-20 00:00:00+02:00,9.317999839782715,9.680000305175781,9.258000373840332,9.267999649047852,2645945
2022-04-21 00:00:00+02:00,9.300000190734863,9.350000381469727,8.949999809265137,8.994000434875488,3639886
2022-04-22 00:00:00+02:00,9.07800006866455,9.223999977111816,8.881999969482422,9.100000381469727,2359557
2022-04-25 00:00:00+02:00,8.92199993133545,9.678000450134277,8.902000427246094,9.60200023651123,5987172
2022-04-26 00:00:00+02:00,9.510000228881836,9.600000381469727,9.324000358581543,9.392000198364258,2157358
2022-04-27 00:00:00+02:00,9.392000198364258,9.57800006866455,9.255999565124512,9.494000434875488,2606699
2022-04-28 00:00:00+02:00,9.600000381469727,9.947999954223633,9.562000274658203,9.899999618530273,3497014
2022-04-29 00:00:00+02:00,9.899999618530273,10.069999694824219,9.767999649047852,9.881999969482422,3322446
2022-05-02 00:00:00+02:00,9.800000190734863,9.815999984741211,9.300000190734863,9.399999618530273,1677985
2022-05-04 00:00:00+02:00,9.479999542236328,9.850000381469727,9.460000038146973,9.657999992370605,4173378
2022-05-05 00:00:00+02:00,9.890000343322754,9.890000343322754,9.317999839782715,9.317999839782715,7136906
2022-05-06 00:00:00+02:00,9.5,9.5,8.979999542236328,9.276000022888184,2623657
2022-05-09 00:00:00+02:00,9.276000022888184,9.444000244140625,9.222000122070312,9.289999961853027,2041553
2022-05-10 00:00:00+02:00,9.350000381469727,9.350000381469727,8.902000427246094,9.170000076293945,2954237
2022-05-11 00:00:00+02:00,9.107999801635742,9.133999824523926,8.821999549865723,8.821999549865723,3514364
2022-05-12 00:00:00+02:00,8.699999809265137,8.89799976348877,8.60200023651123,8.710000038146973,3020543
2022-05-13 00:00:00+02:00,8.88599967956543,9.482000350952148,8.814000129699707,9.482000350952148,2852645
2022-05-16 00:00:00+02:00,9.399999618530273,9.739999771118164,9.399999618530273,9.642000198364258,2955953
2022-05-17 00:00:00+02:00,9.697999954223633,9.697999954223633,9.350000381469727,9.354000091552734,3071754
2022-05-18 00:00:00+02:00,9.326000213623047,9.996000289916992,9.3100004196167,9.850000381469727,8329460
2022-05-19 00:00:00+02:00,9.644000053405762,9.819999694824219,9.529999732971191,9.531999588012695,3275345
2022-05-20 00:00:00+02:00,9.649999618530273,9.944000244140625,9.604000091552734,9.67199993133545,4507521
2022-05-23 00:00:00+02:00,9.649999618530273,10.399999618530273,9.630000114440918,10.375,6870576
2022-05-24 00:00:00+02:00,10.25,10.385000228881836,10.069999694824219,10.260000228881836,4038227
2022-05-25 00:00:00+02:00,10.329999923706055,10.65999984741211,9.8100004196167,9.836000442504883,2708380
2022-05-26 00:00:00+02:00,9.850000381469727,10.34000015258789,9.8100004196167,10.270000457763672,2880678
2022-05-27 00:00:00+02:00,10.300000190734863,10.34000015258789,10.0,10.0,2033502
2022-05-30 00:00:00+02:00,10.0,10.380000114440918,9.90999984741211,10.369999885559082,2850063
2022-05-31 00:00:00+02:00,10.369999885559082,10.369999885559082,9.982000350952148,10.104999542236328,5774205
2022-06-01 00:00:00+02:00,10.0600004196167,10.279999732971191,9.8100004196167,10.164999961853027,3114961
2022-06-02 00:00:00+02:00,10.140000343322754,10.175000190734863,9.949999809265137,10.0600004196167,2434817
2022-06-03 00:00:00+02:00,10.095000267028809,10.789999961853027,10.095000267028809,10.569999694824219,3667156
2022-06-06 00:00:00+02:00,10.550000190734863,10.635000228881836,10.329999923706055,10.5,1430150
2022-06-07 00:00:00+02:00,10.399999618530273,10.444999694824219,10.210000038146973,10.319999694824219,1399330
2022-06-08 00:00:00+02:00,10.265000343322754,10.399999618530273,10.114999771118164,10.15999984741211,1679754
2022-06-09 00:00:00+02:00,10.15999984741211,10.385000228881836,10.104999542236328,10.265000343322754,1309915
2022-06-10 00:00:00+02:00,10.100000381469727,10.5,10.020000457763672,10.270000457763672,2495263
2022-06-13 00:00:00+02:00,10.0649995803833,10.444999694824219,10.045000076293945,10.210000038146973,3216383
2022-06-14 00:00:00+02:00,10.21500015258789,10.350000381469727,10.074999809265137,10.350000381469727,2750756
2022-06-15 00:00:00+02:00,10.265000343322754,10.600000381469727,10.199999809265137,10.550000190734863,3708889
2022-06-17 00:00:00+02:00,10.399999618530273,11.100000381469727,10.34000015258789,10.869999885559082,5746982
2022-06-20 00:00:00+02:00,10.890000343322754,11.114999771118164,10.680000305175781,10.824999809265137,1237845
2022-06-21 00:00:00+02:00,10.904999732971191,11.045000076293945,10.824999809265137,11.020000457763672,1049316
2022-06-22 00:00:00+02:00,10.920000076293945,10.9399995803833,10.555000305175781,10.729999542236328,1784734
2022-06-23 00:00:00+02:00,10.585000038146973,10.890000343322754,10.5600004196167,10.71500015258789,1226261
2022-06-24 00:00:00+02:00,10.739999771118164,10.994999885559082,10.694999694824219,10.930000305175781,1248202
2022-06-27 00:00:00+02:00,10.899999618530273,11.050000190734863,10.75,11.024999618530273,1326334
2022-06-28 00:00:00+02:00,11.024999618530273,11.079999923706055,10.710000038146973,10.8100004196167,2256947
2022-06-29 00:00:00+02:00,10.800000190734863,10.800000190734863,10.600000381469727,10.755000114440918,1862649
2022-06-30 00:00:00+02:00,10.6850004196167,10.779999732971191,10.5649995803833,10.654999732971191,2780307
2022-07-01 00:00:00+02:00,10.649999618530273,11.069999694824219,10.649999618530273,10.880000114440918,1978117
2022-07-04 00:00:00+02:00,10.899999618530273,11.0600004196167,10.5,10.53499984741211,4718183
2022-07-05 00:00:00+02:00,10.600000381469727,10.649999618530273,10.364999771118164,10.5,2099979
2022-07-06 00:00:00+02:00,10.5,10.520000457763672,9.706000328063965,9.878000259399414,3761730
2022-07-07 00:00:00+02:00,9.98799991607666,10.305000305175781,9.789999961853027,10.305000305175781,2113989
2022-07-08 00:00:00+02:00,10.279999732971191,10.479999542236328,10.130000114440918,10.345000267028809,2155652
2022-07-11 00:00:00+02:00,10.0,10.1850004196167,9.461999893188477,9.791999816894531,2943596
2022-07-12 00:00:00+02:00,9.779999732971191,10.0,9.595999717712402,9.956000328063965,2626018
2022-07-13 00:00:00+02:00,9.770000457763672,10.024999618530273,9.654000282287598,9.838000297546387,1816358
2022-07-14 00:00:00+02:00,9.87399959564209,10.154999732971191,9.86400032043457,10.050000190734863,2839753
2022-07-15 00:00:00+02:00,9.824000358581543,10.079999923706055,9.824000358581543,9.942000389099121,1296329
2022-07-18 00:00:00+02:00,9.883999824523926,10.279999732971191,9.883999824523926,10.255000114440918,1365610
2022-07-19 00:00:00+02:00,10.279999732971191,10.789999961853027,10.265000343322754,10.53499984741211,2599735
2022-07-20 00:00:00+02:00,10.600000381469727,10.600000381469727,10.25,10.520000457763672,1845130
2022-07-21 00:00:00+02:00,10.520000457763672,10.579999923706055,10.265000343322754,10.354999542236328,1065629
2022-07-22 00:00:00+02:00,10.350000381469727,10.600000381469727,10.3100004196167,10.539999961853027,750662
2022-07-25 00:00:00+02:00,10.539999961853027,10.595000267028809,10.295000076293945,10.329999923706055,704554
2022-07-26 00:00:00+02:00,10.289999961853027,10.545000076293945,10.270000457763672,10.545000076293945,1528417
2022-07-27 00:00:00+02:00,10.329999923706055,10.5600004196167,10.170000076293945,10.470000267028809,1802774
2022-07-28 00:00:00+02:00,10.329999923706055,10.385000228881836,10.029999732971191,10.15999984741211,1340887
2022-07-29 00:00:00+02:00,10.149999618530273,10.345000267028809,10.104999542236328,10.34000015258789,1814672
2022-08-01 00:00:00+02:00,10.34000015258789,10.34000015258789,10.125,10.199999809265137,1103764
2022-08-02 00:00:00+02:00,10.055000305175781,10.295000076293945,9.82800006866455,9.89799976348877,2652250
2022-08-03 00:00:00+02:00,9.916000366210938,10.100000381469727,9.600000381469727,9.925999641418457,2354602
2022-08-04 00:00:00+02:00,10.0,10.0,9.5,9.51200008392334,1247261
2022-08-05 00:00:00+02:00,9.510000228881836,9.779999732971191,9.510000228881836,9.54800033569336,1628576
2022-08-08 00:00:00+02:00,9.604000091552734,9.855999946594238,9.423999786376953,9.800000190734863,1726711
2022-08-09 00:00:00+02:00,9.859999656677246,9.887999534606934,9.697999954223633,9.734000205993652,1077443
2022-08-10 00:00:00+02:00,9.661999702453613,9.788000106811523,9.550000190734863,9.574000358581543,1053052
2022-08-11 00:00:00+02:00,9.718000411987305,9.718000411987305,9.5600004196167,9.630000114440918,963570
2022-08-12 00:00:00+02:00,9.597999572753906,9.729999542236328,9.541999816894531,9.729999542236328,768028
2022-08-16 00:00:00+02:00,9.75,9.947999954223633,9.545999526977539,9.62600040435791,1873865
2022-08-17 00:00:00+02:00,9.729999542236328,9.729999542236328,9.350000381469727,9.581999778747559,1076398
2022-08-18 00:00:00+02:00,9.479999542236328,9.604000091552734,9.378000259399414,9.447999954223633,1405989
2022-08-19 00:00:00+02:00,9.350000381469727,9.350000381469727,8.96399974822998,8.96399974822998,2442104
2022-08-22 00:00:00+02:00,9.050000190734863,9.050000190734863,8.619999885559082,8.694000244140625,1645954
2022-08-23 00:00:00+02:00,8.694000244140625,8.92199993133545,8.619999885559082,8.684000015258789,2317405
2022-08-24 00:00:00+02:00,8.720000267028809,8.720000267028809,8.241999626159668,8.27400016784668,1650827
2022-08-25 00:00:00+02:00,8.430000305175781,8.47599983215332,8.154000282287598,8.17199993133545,1213167
2022-08-26 00:00:00+02:00,8.1899995803833,8.1899995803833,7.561999797821045,7.6479997634887695,2532376
2022-08-29 00:00:00+02:00,7.539999961853027,7.553999900817871,7.2220001220703125,7.484000205993652,2962250
2022-08-30 00:00:00+02:00,7.489999771118164,7.6020002365112305,7.196000099182129,7.199999809265137,2305033
2022-08-31 00:00:00+02:00,7.294000148773193,7.320000171661377,7.079999923706055,7.171999931335449,3317517
2022-09-01 00:00:00+02:00,7.099999904632568,7.23199987411499,6.940000057220459,7.044000148773193,2405165
2022-09-02 00:00:00+02:00,7.208000183105469,7.386000156402588,7.004000186920166,7.211999893188477,3500632
2022-09-05 00:00:00+02:00,7.185999870300293,7.260000228881836,7.0,7.067999839782715,917641
2022-09-06 00:00:00+02:00,7.079999923706055,7.179999828338623,6.710000038146973,6.7179999351501465,1705652
2022-09-07 00:00:00+02:00,6.6519999504089355,7.230000019073486,6.550000190734863,7.223999977111816,2990834
2022-09-08 00:00:00+02:00,7.349999904632568,7.53000020980835,7.1579999923706055,7.185999870300293,2616437
2022-09-09 00:00:00+02:00,7.28000020980835,7.670000076293945,7.203999996185303,7.627999782562256,2034402
2022-09-12 00:00:00+02:00,7.679999828338623,7.679999828338623,7.170000076293945,7.230000019073486,2352822
2022-09-13 00:00:00+02:00,7.320000171661377,7.320000171661377,6.869999885559082,6.932000160217285,2829736
2022-09-14 00:00:00+02:00,6.909999847412109,6.989999771118164,6.76800012588501,6.906000137329102,2272406
2022-09-15 00:00:00+02:00,6.96999979019165,7.050000190734863,6.75,6.817999839782715,3302473
2022-09-16 00:00:00+02:00,6.757999897003174,6.989999771118164,6.639999866485596,6.659999847412109,12926654
2022-09-19 00:00:00+02:00,6.699999809265137,7.056000232696533,6.699999809265137,7.050000190734863,2238591
2022-09-20 00:00:00+02:00,7.076000213623047,7.150000095367432,6.829999923706055,6.883999824523926,2342537
2022-09-21 00:00:00+02:00,6.869999885559082,7.039999961853027,6.8420000076293945,6.927999973297119,1835616
2022-09-22 00:00:00+02:00,6.868000030517578,7.156000137329102,6.78000020980835,7.039999961853027,2055176
2022-09-23 00:00:00+02:00,7.130000114440918,7.130000114440918,6.822000026702881,6.900000095367432,1277070
2022-09-26 00:00:00+02:00,6.665999889373779,6.757999897003174,6.300000190734863,6.434000015258789,4956302
2022-09-27 00:00:00+02:00,6.541999816894531,6.730000019073486,6.452000141143799,6.519999980926514,2549435
2022-09-28 00:00:00+02:00,6.400000095367432,6.573999881744385,6.23799991607666,6.5,1921899
2022-09-29 00:00:00+02:00,6.489999771118164,6.489999771118164,6.119999885559082,6.199999809265137,2112336
2022-09-30 00:00:00+02:00,6.297999858856201,6.420000076293945,6.199999809265137,6.276000022888184,2248640
2022-10-03 00:00:00+02:00,6.323999881744385,6.409999847412109,6.00600004196167,6.381999969482422,2111885
2022-10-04 00:00:00+02:00,6.460000038146973,6.673999786376953,6.4120001792907715,6.492000102996826,1292739
2022-10-05 00:00:00+02:00,6.519999980926514,6.519999980926514,6.340000152587891,6.361999988555908,1259961
2022-10-06 00:00:00+02:00,6.4019999504089355,6.552000045776367,6.230000019073486,6.300000190734863,1661754
2022-10-07 00:00:00+02:00,6.25,6.326000213623047,6.079999923706055,6.125999927520752,1403670
2022-10-10 00:00:00+02:00,6.1479997634887695,6.1479997634887695,5.820000171661377,5.820000171661377,1454005
2022-10-11 00:00:00+02:00,5.886000156402588,5.960000038146973,5.699999809265137,5.748000144958496,1793633
2022-10-12 00:00:00+02:00,5.817999839782715,5.927999973297119,5.619999885559082,5.6620001792907715,4562142
2022-10-13 00:00:00+02:00,5.73199987411499,5.75,5.329999923706055,5.421999931335449,2722673
2022-10-14 00:00:00+02:00,5.52400016784668,5.639999866485596,5.300000190734863,5.334000110626221,2335468
2022-10-17 00:00:00+02:00,5.360000133514404,5.748000144958496,5.360000133514404,5.5879998207092285,2156872
2022-10-18 00:00:00+02:00,5.645999908447266,5.650000095367432,5.159999847412109,5.22599983215332,4307126
2022-10-19 00:00:00+02:00,5.203999996185303,5.203999996185303,4.921000003814697,4.953999996185303,5150596
2022-10-20 00:00:00+02:00,4.940000057220459,5.046000003814697,4.789999961853027,4.876999855041504,5128288
2022-10-21 00:00:00+02:00,4.949999809265137,4.949999809265137,4.664000034332275,4.738999843597412,3152481
2022-10-24 00:00:00+02:00,4.840000152587891,4.869999885559082,4.671999931335449,4.738999843597412,3742498
2022-10-25 00:00:00+02:00,4.826000213623047,5.248000144958496,4.800000190734863,5.050000190734863,5274661
2022-10-26 00:00:00+02:00,5.079999923706055,5.297999858856201,5.038000106811523,5.199999809265137,3376541
2022-10-27 00:00:00+02:00,5.239999771118164,5.239999771118164,5.021999835968018,5.171999931335449,3220863
2022-10-28 00:00:00+02:00,5.150000095367432,5.340000152587891,5.090000152587891,5.329999923706055,3334553
2022-10-31 00:00:00+01:00,5.357999801635742,5.676000118255615,5.349999904632568,5.449999809265137,4667021
2022-11-02 00:00:00+01:00,5.550000190734863,5.849999904632568,5.550000190734863,5.8379998207092285,6608954
2022-11-03 00:00:00+01:00,5.705999851226807,5.938000202178955,5.630000114440918,5.796000003814697,4219854
2022-11-04 00:00:00+01:00,5.861999988555908,6.199999809265137,5.771999835968018,6.185999870300293,6476129
2022-11-07 00:00:00+01:00,6.25,6.539999961853027,5.670000076293945,5.763999938964844,12262511
2022-11-08 00:00:00+01:00,5.769999980926514,6.004000186920166,5.585999965667725,5.889999866485596,5951553
2022-11-09 00:00:00+01:00,5.888000011444092,6.019999980926514,5.820000171661377,6.010000228881836,4281882
2022-11-10 00:00:00+01:00,6.01800012588501,6.260000228881836,5.7820000648498535,6.248000144958496,3583371
2022-11-14 00:00:00+01:00,6.25,6.446000099182129,6.1479997634887695,6.271999835968018,4815184
2022-11-15 00:00:00+01:00,6.300000190734863,6.360000133514404,6.079999923706055,6.314000129699707,4021697
2022-11-16 00:00:00+01:00,6.124000072479248,6.389999866485596,6.119999885559082,6.326000213623047,4396795
2022-11-17 00:00:00+01:00,6.326000213623047,6.71999979019165,6.303999900817871,6.6020002365112305,4172979
2022-11-18 00:00:00+01:00,6.6020002365112305,6.685999870300293,6.4019999504089355,6.558000087738037,3522009
2022-11-21 00:00:00+01:00,6.576000213623047,6.826000213623047,6.4720001220703125,6.71999979019165,3241801
2022-11-22 00:00:00+01:00,6.75,6.989999771118164,6.691999912261963,6.823999881744385,3553524
2022-11-23 00:00:00+01:00,6.826000213623047,6.943999767303467,6.567999839782715,6.605999946594238,4331427
2022-11-24 00:00:00+01:00,6.5879998207092285,6.613999843597412,6.309999942779541,6.486000061035156,3533986
2022-11-25 00:00:00+01:00,6.5,6.624000072479248,6.421999931335449,6.5279998779296875,2271541
2022-11-28 00:00:00+01:00,6.539999961853027,6.556000232696533,6.409999847412109,6.446000099182129,2207744
2022-11-29 00:00:00+01:00,6.4720001220703125,6.498000144958496,6.26200008392334,6.380000114440918,3502122
2022-11-30 00:00:00+01:00,6.466000080108643,6.567999839782715,6.366000175476074,6.46999979019165,3828939
2022-12-01 00:00:00+01:00,6.559999942779541,6.760000228881836,6.559999942779541,6.760000228881836,2872313
2022-12-02 00:00:00+01:00,6.71999979019165,6.75,6.52400016784668,6.590000152587891,2776090
2022-12-05 00:00:00+01:00,6.5920000076293945,6.820000171661377,6.585999965667725,6.751999855041504,2001604
2022-12-06 00:00:00+01:00,6.699999809265137,6.892000198364258,6.650000095367432,6.788000106811523,1633939
2022-12-07 00:00:00+01:00,6.815999984741211,7.099999904632568,6.748000144958496,7.004000186920166,2915154
2022-12-08 00:00:00+01:00,7.059999942779541,7.2220001220703125,6.9679999351501465,7.122000217437744,3366801
2022-12-09 00:00:00+01:00,7.177999973297119,7.177999973297119,6.76800012588501,6.8979997634887695,4226884
2022-12-12 00:00:00+01:00,6.96999979019165,7.03000020980835,6.849999904632568,6.96999979019165,1768362
2022-12-13 00:00:00+01:00,7.015999794006348,7.015999794006348,6.748000144958496,6.829999923706055,3914549
2022-12-14 00:00:00+01:00,6.829999923706055,6.877999782562256,6.668000221252441,6.685999870300293,2167794
2022-12-15 00:00:00+01:00,6.690000057220459,6.783999919891357,6.552000045776367,6.578000068664551,2306152
2022-12-16 00:00:00+01:00,6.550000190734863,6.710000038146973,6.526000022888184,6.572000026702881,8280260
2022-12-19 00:00:00+01:00,6.613999843597412,6.808000087738037,6.47599983215332,6.547999858856201,2727564
2022-12-20 00:00:00+01:00,6.480000019073486,6.728000164031982,6.420000076293945,6.7220001220703125,1478855
2022-12-21 00:00:00+01:00,6.710000038146973,6.739999771118164,6.6020002365112305,6.679999828338623,1572962
2022-12-22 00:00:00+01:00,6.716000080108643,6.71999979019165,6.5879998207092285,6.671999931335449,1840376
2022-12-23 00:00:00+01:00,6.670000076293945,6.697999954223633,6.584000110626221,6.690000057220459,1483412
2022-12-27 00:00:00+01:00,6.699999809265137,6.710000038146973,6.48799991607666,6.498000144958496,1458981
2022-12-28 00:00:00+01:00,6.480000019073486,6.73199987411499,6.4720001220703125,6.679999828338623,1806322
2022-12-29 00:00:00+01:00,6.71999979019165,6.829999923706055,6.6579999923706055,6.803999900817871,1595214
2022-12-30 00:00:00+01:00,6.809999942779541,6.941999912261963,6.754000186920166,6.883999824523926,1495533
2023-01-02 00:00:00+01:00,6.886000156402588,6.949999809265137,6.8420000076293945,6.920000076293945,714676
2023-01-03 00:00:00+01:00,6.929999828338623,7.1020002365112305,6.800000190734863,6.831999778747559,2416881
2023-01-04 00:00:00+01:00,6.900000095367432,6.97599983215332,6.849999904632568,6.946000099182129,1963265
2023-01-05 00:00:00+01:00,6.96999979019165,6.98799991607666,6.843999862670898,6.8979997634887695,3152730
2023-01-09 00:00:00+01:00,6.909999847412109,7.019999980926514,6.579999923706055,6.699999809265137,7120050
2023-01-10 00:00:00+01:00,6.699999809265137,6.736000061035156,6.564000129699707,6.668000221252441,3319338
2023-01-11 00:00:00+01:00,6.679999828338623,6.935999870300293,6.679999828338623,6.809999942779541,4346674
2023-01-12 00:00:00+01:00,6.868000030517578,7.021999835968018,6.868000030517578,6.973999977111816,3703057
2023-01-13 00:00:00+01:00,6.978000164031982,7.053999900817871,6.895999908447266,6.920000076293945,2263715
2023-01-16 00:00:00+01:00,6.940000057220459,6.99399995803833,6.734000205993652,6.915999889373779,2036451
2023-01-17 00:00:00+01:00,6.889999866485596,7.0,6.863999843597412,6.949999809265137,1706358
2023-01-18 00:00:00+01:00,6.949999809265137,7.297999858856201,6.900000095367432,7.2179999351501465,3435502
2023-01-19 00:00:00+01:00,7.199999809265137,7.320000171661377,7.021999835968018,7.306000232696533,3435950
2023-01-20 00:00:00+01:00,7.340000152587891,7.380000114440918,7.159999847412109,7.260000228881836,1583575
2023-01-23 00:00:00+01:00,7.260000228881836,7.480000019073486,7.188000202178955,7.46999979019165,1893020
2023-01-24 00:00:00+01:00,7.5,7.920000076293945,7.489999771118164,7.584000110626221,3306317
2023-01-25 00:00:00+01:00,7.599999904632568,7.639999866485596,7.340000152587891,7.441999912261963,1747278
2023-01-26 00:00:00+01:00,7.610000133514404,7.627999782562256,7.420000076293945,7.553999900817871,1433689
2023-01-27 00:00:00+01:00,7.550000190734863,7.625999927520752,7.480000019073486,7.559999942779541,1517697
2023-01-30 00:00:00+01:00,7.559999942779541,7.624000072479248,7.381999969482422,7.590000152587891,1799554
2023-01-31 00:00:00+01:00,7.590000152587891,7.676000118255615,7.460000038146973,7.48799991607666,2628332
2023-02-01 00:00:00+01:00,7.5,7.553999900817871,7.03000020980835,7.03000020980835,3416878
2023-02-02 00:00:00+01:00,7.25,7.400000095367432,7.076000213623047,7.118000030517578,2613193
2023-02-03 00:00:00+01:00,7.23199987411499,7.23199987411499,6.97599983215332,6.986000061035156,1454778
2023-02-06 00:00:00+01:00,7.015999794006348,7.0279998779296875,6.739999771118164,6.769999980926514,2491602
2023-02-07 00:00:00+01:00,6.800000190734863,6.880000114440918,6.682000160217285,6.800000190734863,1484858
2023-02-08 00:00:00+01:00,6.889999866485596,6.940000057220459,6.765999794006348,6.872000217437744,1488957
2023-02-09 00:00:00+01:00,6.920000076293945,6.96999979019165,6.826000213623047,6.915999889373779,1205183
2023-02-10 00:00:00+01:00,6.949999809265137,6.949999809265137,6.702000141143799,6.849999904632568,2226711
2023-02-13 00:00:00+01:00,6.880000114440918,6.906000137329102,6.673999786376953,6.736000061035156,2165491
2023-02-14 00:00:00+01:00,6.75,6.828000068664551,6.711999893188477,6.765999794006348,1280195
2023-02-15 00:00:00+01:00,6.817999839782715,6.817999839782715,6.684000015258789,6.751999855041504,783161
2023-02-16 00:00:00+01:00,6.822000026702881,6.875999927520752,6.699999809265137,6.765999794006348,1146317
2023-02-17 00:00:00+01:00,6.760000228881836,6.8979997634887695,6.703999996185303,6.8979997634887695,1969089
2023-02-20 00:00:00+01:00,6.889999866485596,6.920000076293945,6.820000171661377,6.920000076293945,660309
2023-02-21 00:00:00+01:00,6.949999809265137,6.949999809265137,6.710000038146973,6.771999835968018,1152614
2023-02-22 00:00:00+01:00,6.802000045776367,6.802000045776367,6.627999782562256,6.685999870300293,2209714
2023-02-23 00:00:00+01:00,6.751999855041504,6.769999980926514,6.6539998054504395,6.757999897003174,986388
2023-02-24 00:00:00+01:00,6.800000190734863,6.800000190734863,6.573999881744385,6.624000072479248,1308306
2023-02-27 00:00:00+01:00,6.659999847412109,6.705999851226807,6.610000133514404,6.659999847412109,661475
2023-02-28 00:00:00+01:00,6.659999847412109,6.736000061035156,6.567999839782715,6.679999828338623,3168714
2023-03-01 00:00:00+01:00,6.739999771118164,6.840000152587891,6.708000183105469,6.739999771118164,1333904
2023-03-02 00:00:00+01:00,6.711999893188477,6.711999893188477,6.443999767303467,6.443999767303467,3212237
2023-03-03 00:00:00+01:00,6.420000076293945,6.458000183105469,6.230000019073486,6.360000133514404,3525758
2023-03-06 00:00:00+01:00,6.400000095367432,6.618000030517578,6.369999885559082,6.605999946594238,2204701
2023-03-07 00:00:00+01:00,6.610000133514404,6.74399995803833,6.559999942779541,6.644000053405762,1912007
2023-03-08 00:00:00+01:00,6.690000057220459,6.690000057220459,6.420000076293945,6.515999794006348,2618158
2023-03-09 00:00:00+01:00,6.5320000648498535,6.690000057220459,6.510000228881836,6.624000072479248,2578860
2023-03-10 00:00:00+01:00,6.519999980926514,6.581999778747559,6.381999969482422,6.50600004196167,2233584
2023-03-13 00:00:00+01:00,6.541999816894531,6.578000068664551,6.25,6.335999965667725,2148660
2023-03-14 00:00:00+01:00,6.309999942779541,6.329999923706055,6.131999969482422,6.165999889373779,2766490
2023-03-15 00:00:00+01:00,6.23799991607666,6.315999984741211,6.059999942779541,6.104000091552734,1925737
2023-03-16 00:00:00+01:00,6.119999885559082,6.184000015258789,5.849999904632568,6.044000148773193,2563529
2023-03-17 00:00:00+01:00,6.119999885559082,6.176000118255615,5.829999923706055,5.860000133514404,4849932
2023-03-20 00:00:00+01:00,5.940000057220459,5.986000061035156,5.75600004196167,5.98199987411499,1698396
2023-03-21 00:00:00+01:00,6.047999858856201,6.251999855041504,5.995999813079834,6.211999893188477,2114630
2023-03-22 00:00:00+01:00,6.211999893188477,6.230000019073486,6.081999778747559,6.139999866485596,1748375
2023-03-23 00:00:00+01:00,6.150000095367432,6.25,6.026000022888184,6.230000019073486,1263103
2023-03-24 00:00:00+01:00,6.202000141143799,6.228000164031982,5.989999771118164,6.056000232696533,2691345
2023-03-27 00:00:00+02:00,6.119999885559082,6.150000095367432,5.952000141143799,6.015999794006348,757932
2023-03-28 00:00:00+02:00,6.050000190734863,6.136000156402588,5.9720001220703125,6.007999897003174,1141827
2023-03-29 00:00:00+02:00,6.090000152587891,6.090000152587891,5.895999908447266,6.0,1654930
2023-03-30 00:00:00+02:00,6.0,6.449999809265137,5.952000141143799,6.394000053405762,2812798
2023-03-31 00:00:00+02:00,6.447999954223633,6.447999954223633,6.24399995803833,6.276000022888184,2434715
2023-04-03 00:00:00+02:00,6.28000020980835,6.392000198364258,6.236000061035156,6.260000228881836,1650438
2023-04-04 00:00:00+02:00,6.289999961853027,6.329999923706055,6.188000202178955,6.216000080108643,1473545
2023-04-05 00:00:00+02:00,6.2179999351501465,6.309999942779541,6.182000160217285,6.21999979019165,1520014
2023-04-06 00:00:00+02:00,6.21999979019165,6.2779998779296875,6.191999912261963,6.24399995803833,1069806
2023-04-11 00:00:00+02:00,6.300000190734863,6.447999954223633,6.260000228881836,6.447999954223633,2666630
2023-04-12 00:00:00+02:00,6.441999912261963,6.47599983215332,6.285999774932861,6.434000015258789,2175795
2023-04-13 00:00:00+02:00,6.400000095367432,6.53000020980835,6.329999923706055,6.46999979019165,2327503
2023-04-14 00:00:00+02:00,6.5279998779296875,6.855999946594238,6.498000144958496,6.618000030517578,3891973
2023-04-17 00:00:00+02:00,6.71999979019165,6.742000102996826,6.504000186920166,6.659999847412109,2884238
2023-04-18 00:00:00+02:00,6.6620001792907715,6.797999858856201,6.552000045776367,6.751999855041504,1782767
2023-04-19 00:00:00+02:00,6.785999774932861,6.785999774932861,6.599999904632568,6.690000057220459,1496085
2023-04-20 00:00:00+02:00,6.739999771118164,6.935999870300293,6.73199987411499,6.791999816894531,3214236
2023-04-21 00:00:00+02:00,6.797999858856201,6.814000129699707,6.668000221252441,6.685999870300293,1651532
2023-04-24 00:00:00+02:00,6.728000164031982,6.809999942779541,6.579999923706055,6.760000228881836,1709318
2023-04-25 00:00:00+02:00,6.789999961853027,6.920000076293945,6.699999809265137,6.849999904632568,2032200
2023-04-26 00:00:00+02:00,6.769999980926514,6.909999847412109,6.665999889373779,6.72599983215332,1937529
2023-04-27 00:00:00+02:00,6.783999919891357,6.886000156402588,6.716000080108643,6.8379998207092285,1201297
2023-04-28 00:00:00+02:00,6.900000095367432,6.914000034332275,6.78000020980835,6.877999782562256,1634515
2023-05-02 00:00:00+02:00,6.877999782562256,7.02400016784668,6.849999904632568,6.8979997634887695,1614229
2023-05-04 00:00:00+02:00,6.958000183105469,6.958000183105469,6.6020002365112305,6.642000198364258,3524195
2023-05-05 00:00:00+02:00,6.71999979019165,6.789999961853027,6.616000175476074,6.745999813079834,1180949
2023-05-08 00:00:00+02:00,6.75,7.099999904632568,6.745999813079834,7.056000232696533,3385525
2023-05-09 00:00:00+02:00,7.03000020980835,7.047999858856201,6.880000114440918,6.940000057220459,1445459
2023-05-10 00:00:00+02:00,7.078000068664551,7.308000087738037,7.026000022888184,7.248000144958496,3343443
2023-05-11 00:00:00+02:00,7.25,7.355999946594238,7.1519999504089355,7.165999889373779,1775198
2023-05-12 00:00:00+02:00,7.202000141143799,7.329999923706055,7.124000072479248,7.302000045776367,2331820
2023-05-15 00:00:00+02:00,7.559999942779541,7.630000114440918,7.331999778747559,7.400000095367432,3304255
2023-05-16 00:00:00+02:00,7.429999828338623,7.559999942779541,7.388000011444092,7.48199987411499,1459197
2023-05-17 00:00:00+02:00,7.480000019073486,7.484000205993652,7.059999942779541,7.059999942779541,3207394
2023-05-18 00:00:00+02:00,7.188000202178955,7.230000019073486,6.923999786376953,6.955999851226807,2549904
2023-05-19 00:00:00+02:00,6.96999979019165,7.156000137329102,6.96999979019165,7.119999885559082,2102498
2023-05-22 00:00:00+02:00,7.136000156402588,7.461999893188477,7.079999923706055,7.394000053405762,3732784
2023-05-23 00:00:00+02:00,7.441999912261963,7.519999980926514,7.354000091552734,7.4039998054504395,1362237
2023-05-24 00:00:00+02:00,7.3979997634887695,7.449999809265137,7.27400016784668,7.291999816894531,1992599
2023-05-25 00:00:00+02:00,7.291999816894531,7.291999816894531,7.035999774932861,7.127999782562256,1896335
2023-05-26 00:00:00+02:00,7.190000057220459,7.202000141143799,7.065999984741211,7.150000095367432,1928475
2023-05-29 00:00:00+02:00,7.150000095367432,7.24399995803833,7.110000133514404,7.199999809265137,791288
2023-05-30 00:00:00+02:00,7.130000114440918,7.131999969482422,6.880000114440918,6.880000114440918,2819077
2023-05-31 00:00:00+02:00,6.960000038146973,6.966000080108643,6.716000080108643,6.716000080108643,6084266
2023-06-01 00:00:00+02:00,6.75,6.989999771118164,6.73199987411499,6.9679999351501465,1944895
2023-06-02 00:00:00+02:00,7.0,7.125999927520752,6.9720001220703125,7.093999862670898,2920406
2023-06-05 00:00:00+02:00,7.130000114440918,7.369999885559082,7.084000110626221,7.230000019073486,2636934
2023-06-06 00:00:00+02:00,7.184000015258789,7.349999904632568,6.949999809265137,7.320000171661377,4716336
2023-06-07 00:00:00+02:00,7.21999979019165,7.257999897003174,7.070000171661377,7.150000095367432,2347320
2023-06-09 00:00:00+02:00,7.199999809265137,7.239999771118164,7.133999824523926,7.139999866485596,2127902
2023-06-12 00:00:00+02:00,7.197999954223633,7.2779998779296875,7.072000026702881,7.150000095367432,2739216
2023-06-13 00:00:00+02:00,7.150000095367432,7.210000038146973,7.065999984741211,7.079999923706055,2317086
2023-06-14 00:00:00+02:00,7.130000114440918,7.349999904632568,7.113999843597412,7.283999919891357,3122703
2023-06-15 00:00:00+02:00,7.28000020980835,7.489999771118164,7.21999979019165,7.440000057220459,3420994
2023-06-16 00:00:00+02:00,7.440000057220459,7.550000190734863,7.392000198364258,7.51800012588501,14891114
2023-06-19 00:00:00+02:00,7.53000020980835,7.659999847412109,7.455999851226807,7.507999897003174,1440734
2023-06-20 00:00:00+02:00,7.449999809265137,7.498000144958496,7.349999904632568,7.4079999923706055,1220329
2023-06-21 00:00:00+02:00,7.409999847412109,7.49399995803833,7.314000129699707,7.360000133514404,2043496
2023-06-22 00:00:00+02:00,7.360000133514404,7.434000015258789,7.139999866485596,7.150000095367432,2278552
2023-06-23 00:00:00+02:00,7.130000114440918,7.239999771118164,7.072000026702881,7.176000118255615,2189362
2023-06-26 00:00:00+02:00,7.190000057220459,7.285999774932861,7.119999885559082,7.2779998779296875,1124844
2023-06-27 00:00:00+02:00,7.28000020980835,7.289999961853027,7.104000091552734,7.142000198364258,1785221
2023-06-28 00:00:00+02:00,7.380000114440918,7.380000114440918,7.139999866485596,7.23799991607666,1905760
2023-06-29 00:00:00+02:00,7.23799991607666,7.5,7.23799991607666,7.400000095367432,1726266
2023-06-30 00:00:00+02:00,7.443999767303467,7.480000019073486,7.260000228881836,7.260000228881836,1359974
2023-07-03 00:00:00+02:00,7.257999897003174,7.449999809265137,7.257999897003174,7.394000053405762,1235470
2023-07-04 00:00:00+02:00,7.429999828338623,7.432000160217285,7.302000045776367,7.369999885559082,793279
2023-07-05 00:00:00+02:00,7.369999885559082,7.369999885559082,7.234000205993652,7.234000205993652,902686
2023-07-06 00:00:00+02:00,7.199999809265137,7.349999904632568,7.104000091552734,7.188000202178955,2920103
2023-07-07 00:00:00+02:00,7.21999979019165,7.285999774932861,7.056000232696533,7.122000217437744,1579429
2023-07-10 00:00:00+02:00,7.125999927520752,7.139999866485596,7.019999980926514,7.052000045776367,1380349
2023-07-11 00:00:00+02:00,7.052000045776367,7.124000072479248,6.960000038146973,7.064000129699707,1745037
2023-07-12 00:00:00+02:00,7.073999881744385,7.25,7.059999942779541,7.202000141143799,1544991
2023-07-13 00:00:00+02:00,7.202000141143799,7.297999858856201,7.182000160217285,7.239999771118164,1064789
2023-07-14 00:00:00+02:00,7.199999809265137,7.309999942779541,7.1620001792907715,7.239999771118164,1382285
2023-07-17 00:00:00+02:00,7.590000152587891,8.720000267028809,7.579999923706055,8.317999839782715,15448366
2023-07-18 00:00:00+02:00,8.317999839782715,8.65999984741211,8.130000114440918,8.59000015258789,5821920
2023-07-19 00:00:00+02:00,8.59000015258789,8.592000007629395,8.333999633789062,8.446000099182129,2623399
2023-07-20 00:00:00+02:00,8.479999542236328,8.550000190734863,8.350000381469727,8.350000381469727,1828710
2023-07-21 00:00:00+02:00,8.350000381469727,8.368000030517578,8.166000366210938,8.34000015258789,2004825
2023-07-24 00:00:00+02:00,8.39799976348877,8.59000015258789,8.350000381469727,8.531999588012695,1709026
2023-07-25 00:00:00+02:00,8.531999588012695,8.552000045776367,8.383999824523926,8.489999771118164,1106596
2023-07-26 00:00:00+02:00,8.5,8.526000022888184,8.36400032043457,8.395999908447266,961724
2023-07-27 00:00:00+02:00,8.399999618530273,8.498000144958496,8.303999900817871,8.454000473022461,1543072
2023-07-28 00:00:00+02:00,8.449999809265137,8.449999809265137,8.263999938964844,8.392000198364258,1640640
2023-07-31 00:00:00+02:00,8.369999885559082,8.699999809265137,8.227999687194824,8.522000312805176,3676803
2023-08-01 00:00:00+02:00,8.5600004196167,8.84000015258789,8.498000144958496,8.821999549865723,3295534
2023-08-02 00:00:00+02:00,8.800000190734863,8.815999984741211,8.649999618530273,8.710000038146973,2805278
2023-08-03 00:00:00+02:00,8.65999984741211,8.699999809265137,8.5,8.612000465393066,2375436
2023-08-04 00:00:00+02:00,8.612000465393066,8.760000228881836,8.588000297546387,8.670000076293945,1608817
2023-08-07 00:00:00+02:00,8.619999885559082,8.708000183105469,8.552000045776367,8.645999908447266,1248317
2023-08-08 00:00:00+02:00,8.550000190734863,8.633999824523926,8.40999984741211,8.470000267028809,2088456
2023-08-09 00:00:00+02:00,8.520000457763672,8.687999725341797,8.513999938964844,8.62600040435791,3813845
2023-08-10 00:00:00+02:00,8.656000137329102,9.017999649047852,8.631999969482422,8.965999603271484,3501075
2023-08-11 00:00:00+02:00,8.9399995803833,9.017999649047852,8.821999549865723,8.934000015258789,2292044
2023-08-14 00:00:00+02:00,8.899999618530273,8.899999618530273,8.76200008392334,8.831999778747559,1791119
2023-08-16 00:00:00+02:00,8.800000190734863,8.904000282287598,8.697999954223633,8.815999984741211,2051004
2023-08-17 00:00:00+02:00,8.760000228881836,8.831999778747559,8.57800006866455,8.70199966430664,2000726
2023-08-18 00:00:00+02:00,8.600000381469727,8.937999725341797,8.59000015258789,8.883999824523926,2358238
2023-08-21 00:00:00+02:00,8.880000114440918,9.050000190734863,8.807999610900879,8.850000381469727,1123901
2023-08-22 00:00:00+02:00,8.836000442504883,8.899999618530273,8.715999603271484,8.819999694824219,1247806
2023-08-23 00:00:00+02:00,8.819999694824219,9.22599983215332,8.819999694824219,9.163999557495117,2006888
2023-08-24 00:00:00+02:00,9.239999771118164,9.378000259399414,8.95199966430664,8.95199966430664,1693839
2023-08-25 00:00:00+02:00,8.850000381469727,8.920000076293945,8.67199993133545,8.824000358581543,2170966
2023-08-28 00:00:00+02:00,8.899999618530273,8.920000076293945,8.692000389099121,8.918000221252441,1894044
2023-08-29 00:00:00+02:00,8.930000305175781,8.937999725341797,8.600000381469727,8.631999969482422,2897307
2023-08-30 00:00:00+02:00,8.630000114440918,8.67199993133545,8.508000373840332,8.616000175476074,1346706
2023-08-31 00:00:00+02:00,8.60200023651123,8.704000473022461,8.446000099182129,8.486000061035156,4331602
2023-09-01 00:00:00+02:00,8.486000061035156,8.534000396728516,8.342000007629395,8.458000183105469,3408475
2023-09-04 00:00:00+02:00,8.369999885559082,8.454000473022461,7.992000102996826,8.210000038146973,3445786
2023-09-05 00:00:00+02:00,8.210000038146973,8.210000038146973,7.889999866485596,7.889999866485596,1611014
2023-09-06 00:00:00+02:00,7.880000114440918,7.880000114440918,7.388000011444092,7.535999774932861,3424408
2023-09-07 00:00:00+02:00,7.535999774932861,7.599999904632568,7.343999862670898,7.458000183105469,2419147
2023-09-08 00:00:00+02:00,7.46999979019165,7.565999984741211,7.380000114440918,7.565999984741211,2244442
2023-09-11 00:00:00+02:00,7.570000171661377,7.78000020980835,7.46999979019165,7.624000072479248,2371414
2023-09-12 00:00:00+02:00,7.619999885559082,7.797999858856201,7.584000110626221,7.730000019073486,2240731
2023-09-13 00:00:00+02:00,7.78000020980835,7.835999965667725,7.630000114440918,7.829999923706055,2250321
2023-09-14 00:00:00+02:00,7.868000030517578,7.984000205993652,7.697999954223633,7.76800012588501,2025375
2023-09-15 00:00:00+02:00,7.789999961853027,7.947999954223633,7.72599983215332,7.834000110626221,5429184
2023-09-18 00:00:00+02:00,7.949999809265137,7.949999809265137,7.593999862670898,7.679999828338623,2182140
2023-09-19 00:00:00+02:00,7.789999961853027,7.789999961853027,7.452000141143799,7.5,1777699
2023-09-20 00:00:00+02:00,7.48199987411499,7.789999961853027,7.48199987411499,7.76800012588501,1883659
2023-09-21 00:00:00+02:00,7.71999979019165,7.886000156402588,7.631999969482422,7.843999862670898,1590316
2023-09-22 00:00:00+02:00,7.730000019073486,7.785999774932861,7.599999904632568,7.714000225067139,1974985
2023-09-25 00:00:00+02:00,7.400000095367432,7.644000053405762,7.349999904632568,7.559999942779541,2033117
2023-09-26 00:00:00+02:00,7.559999942779541,7.7179999351501465,7.473999977111816,7.6519999504089355,2069867
2023-09-27 00:00:00+02:00,7.688000202178955,7.739999771118164,7.539999961853027,7.5980000495910645,1679425
2023-09-28 00:00:00+02:00,7.48199987411499,7.550000190734863,7.271999835968018,7.366000175476074,2593022
2023-09-29 00:00:00+02:00,7.366000175476074,7.590000152587891,7.366000175476074,7.498000144958496,2103111
2023-10-02 00:00:00+02:00,7.495999813079834,7.723999977111816,7.400000095367432,7.420000076293945,2624298
2023-10-03 00:00:00+02:00,7.414000034332275,7.415999889373779,6.986000061035156,7.004000186920166,3013232
2023-10-04 00:00:00+02:00,7.050000190734863,7.078000068664551,6.869999885559082,6.895999908447266,1933703
2023-10-05 00:00:00+02:00,6.9019999504089355,6.992000102996826,6.702000141143799,6.739999771118164,2285968
2023-10-06 00:00:00+02:00,6.739999771118164,6.75,6.377999782562256,6.435999870300293,2365343
2023-10-09 00:00:00+02:00,6.46999979019165,6.6020002365112305,6.392000198364258,6.53000020980835,1689522
2023-10-10 00:00:00+02:00,6.624000072479248,6.9039998054504395,6.552000045776367,6.886000156402588,2081095
2023-10-11 00:00:00+02:00,6.920000076293945,7.044000148773193,6.78000020980835,6.9120001792907715,4459020
2023-10-12 00:00:00+02:00,7.03000020980835,7.038000106811523,6.872000217437744,6.880000114440918,2833077
2023-10-13 00:00:00+02:00,6.869999885559082,7.257999897003174,6.835999965667725,7.122000217437744,3532317
2023-10-16 00:00:00+02:00,7.395999908447266,7.440000057220459,6.789999961853027,6.98199987411499,5306118
2023-10-17 00:00:00+02:00,7.001999855041504,7.638000011444092,7.001999855041504,7.349999904632568,5732285
2023-10-18 00:00:00+02:00,7.349999904632568,7.564000129699707,7.289999961853027,7.4679999351501465,3363549
2023-10-19 00:00:00+02:00,7.400000095367432,7.400000095367432,7.00600004196167,7.010000228881836,3703562
2023-10-20 00:00:00+02:00,7.0,7.084000110626221,6.9079999923706055,6.980000019073486,1599223
2023-10-23 00:00:00+02:00,6.980000019073486,7.019999980926514,6.809999942779541,6.831999778747559,2353600
2023-10-24 00:00:00+02:00,6.9019999504089355,6.980000019073486,6.829999923706055,6.863999843597412,1785052
2023-10-25 00:00:00+02:00,6.863999843597412,7.0879998207092285,6.822000026702881,7.0879998207092285,1643494
2023-10-26 00:00:00+02:00,6.949999809265137,7.208000183105469,6.923999786376953,7.131999969482422,2137419
2023-10-27 00:00:00+02:00,7.150000095367432,7.265999794006348,7.085999965667725,7.150000095367432,2247871
2023-10-30 00:00:00+01:00,7.248000144958496,7.363999843597412,7.199999809265137,7.328000068664551,1536962
2023-10-31 00:00:00+01:00,7.360000133514404,7.368000030517578,7.251999855041504,7.297999858856201,2423851
2023-11-02 00:00:00+01:00,7.375999927520752,7.53000020980835,7.329999923706055,7.453999996185303,3204465
2023-11-03 00:00:00+01:00,7.449999809265137,7.697999954223633,7.4019999504089355,7.599999904632568,3542786
2023-11-06 00:00:00+01:00,7.696000099182129,7.800000190734863,7.504000186920166,7.5320000648498535,2523618
2023-11-07 00:00:00+01:00,7.5,7.593999862670898,7.4039998054504395,7.48799991607666,2444126
2023-11-08 00:00:00+01:00,7.501999855041504,7.590000152587891,7.288000106811523,7.320000171661377,2471133
2023-11-09 00:00:00+01:00,7.320000171661377,7.355999946594238,7.105999946594238,7.2179999351501465,3329212
2023-11-10 00:00:00+01:00,7.2179999351501465,7.276000022888184,6.97599983215332,7.0,2420114
2023-11-13 00:00:00+01:00,7.099999904632568,7.099999904632568,6.685999870300293,6.7220001220703125,6097462
2023-11-14 00:00:00+01:00,6.76200008392334,7.019999980926514,6.5980000495910645,7.001999855041504,4598612
2023-11-15 00:00:00+01:00,7.099999904632568,7.234000205993652,6.96999979019165,7.015999794006348,4147543
2023-11-16 00:00:00+01:00,7.1020002365112305,7.1479997634887695,6.958000183105469,7.084000110626221,3786384
2023-11-17 00:00:00+01:00,7.090000152587891,7.23199987411499,7.035999774932861,7.107999801635742,3432499
2023-11-20 00:00:00+01:00,7.099999904632568,7.317999839782715,7.090000152587891,7.199999809265137,3521714
2023-11-21 00:00:00+01:00,7.211999893188477,7.368000030517578,7.124000072479248,7.23199987411499,2596144
2023-11-22 00:00:00+01:00,7.23199987411499,7.26200008392334,7.1539998054504395,7.234000205993652,1814003
2023-11-23 00:00:00+01:00,7.309999942779541,7.322000026702881,7.1539998054504395,7.228000164031982,1258297
2023-11-24 00:00:00+01:00,7.26800012588501,7.739999771118164,7.223999977111816,7.688000202178955,5336986
2023-11-27 00:00:00+01:00,7.690000057220459,8.149999618530273,7.6620001792907715,8.149999618530273,3904979
2023-11-28 00:00:00+01:00,8.197999954223633,8.46399974822998,8.100000381469727,8.454000473022461,3958243
2023-11-29 00:00:00+01:00,8.399999618530273,8.498000144958496,8.055999755859375,8.331999778747559,3530023
2023-11-30 00:00:00+01:00,8.371999740600586,8.447999954223633,8.25,8.407999992370605,3772909
2023-12-01 00:00:00+01:00,8.449999809265137,8.800000190734863,8.4399995803833,8.736000061035156,2591169
2023-12-04 00:00:00+01:00,8.736000061035156,8.850000381469727,8.62600040435791,8.699999809265137,1805433
2023-12-05 00:00:00+01:00,8.628000259399414,8.923999786376953,8.527999877929688,8.82800006866455,2144958
2023-12-06 00:00:00+01:00,8.82800006866455,8.949999809265137,8.696000099182129,8.906000137329102,1583775
2023-12-07 00:00:00+01:00,8.814000129699707,8.913999557495117,8.581999778747559,8.859999656677246,1965713
2023-12-08 00:00:00+01:00,8.859999656677246,8.965999603271484,8.814000129699707,8.880000114440918,993941
2023-12-11 00:00:00+01:00,8.899999618530273,9.010000228881836,8.869999885559082,8.9399995803833,1198329
2023-12-12 00:00:00+01:00,8.960000038146973,9.0,8.522000312805176,8.770000457763672,1555857
2023-12-13 00:00:00+01:00,8.770000457763672,8.8100004196167,8.600000381469727,8.682000160217285,1083459
2023-12-14 00:00:00+01:00,8.75,8.902000427246094,8.70199966430664,8.842000007629395,1398689
2023-12-15 00:00:00+01:00,8.802000045776367,9.0,8.550000190734863,8.673999786376953,7131230
2023-12-18 00:00:00+01:00,8.65999984741211,8.829999923706055,8.59000015258789,8.593999862670898,1336162
2023-12-19 00:00:00+01:00,8.699999809265137,8.84000015258789,8.510000228881836,8.670000076293945,2253685
2023-12-20 00:00:00+01:00,8.670000076293945,8.890000343322754,8.642000198364258,8.734000205993652,2136210
2023-12-21 00:00:00+01:00,8.699999809265137,8.925999641418457,8.649999618530273,8.869999885559082,1665277
2023-12-22 00:00:00+01:00,8.800000190734863,8.949999809265137,8.760000228881836,8.79800033569336,751444
2023-12-27 00:00:00+01:00,8.87600040435791,8.949999809265137,8.819999694824219,8.89799976348877,1261562
2023-12-28 00:00:00+01:00,8.89799976348877,8.937999725341797,8.760000228881836,8.793999671936035,1386405
2023-12-29 00:00:00+01:00,8.800000190734863,8.838000297546387,8.61400032043457,8.678000450134277,1178147
2024-01-02 00:00:00+01:00,8.569999694824219,8.8100004196167,8.539999961853027,8.571999549865723,917884
2024-01-03 00:00:00+01:00,8.607999801635742,8.609999656677246,8.128000259399414,8.319999694824219,1980724
2024-01-04 00:00:00+01:00,8.279999732971191,8.482000350952148,8.220000267028809,8.39799976348877,1404538
2024-01-05 00:00:00+01:00,8.39799976348877,8.430000305175781,8.25,8.395999908447266,1258400
2024-01-08 00:00:00+01:00,8.302000045776367,8.628000259399414,8.239999771118164,8.586000442504883,1608718
2024-01-09 00:00:00+01:00,8.67199993133545,8.772000312805176,8.61400032043457,8.723999977111816,1520108
2024-01-10 00:00:00+01:00,8.723999977111816,8.803999900817871,8.649999618530273,8.697999954223633,1193760
2024-01-11 00:00:00+01:00,8.75,8.75,8.460000038146973,8.465999603271484,1356799
2024-01-12 00:00:00+01:00,8.468000411987305,8.67199993133545,8.449999809265137,8.529999732971191,1123622
2024-01-15 00:00:00+01:00,8.489999771118164,8.539999961853027,8.248000144958496,8.34000015258789,743332
2024-01-16 00:00:00+01:00,8.300000190734863,8.326000213623047,8.081999778747559,8.206000328063965,1284389
2024-01-17 00:00:00+01:00,8.140000343322754,8.175999641418457,7.820000171661377,7.863999843597412,2100520
2024-01-18 00:00:00+01:00,7.791999816894531,8.210000038146973,7.771999835968018,8.130000114440918,2341185
2024-01-19 00:00:00+01:00,8.199999809265137,8.456000328063965,8.199999809265137,8.42199993133545,1718539
2024-01-22 00:00:00+01:00,8.5,8.592000007629395,8.175999641418457,8.206000328063965,1388235
2024-01-23 00:00:00+01:00,8.25,8.279999732971191,8.026000022888184,8.052000045776367,1084970
2024-01-24 00:00:00+01:00,8.145999908447266,8.279999732971191,8.092000007629395,8.279999732971191,1681015
2024-01-25 00:00:00+01:00,8.279999732971191,8.347999572753906,8.149999618530273,8.222000122070312,1072168
2024-01-26 00:00:00+01:00,8.170000076293945,8.333999633789062,8.10200023651123,8.27400016784668,779395
2024-01-29 00:00:00+01:00,7.980000019073486,8.168000221252441,7.935999870300293,8.14799976348877,1153185
2024-01-30 00:00:00+01:00,8.184000015258789,8.4399995803833,8.09000015258789,8.305999755859375,1767332
2024-01-31 00:00:00+01:00,8.38599967956543,8.539999961853027,8.3100004196167,8.472000122070312,1884893
2024-02-01 00:00:00+01:00,8.5,8.895999908447266,8.449999809265137,8.892000198364258,3444542
2024-02-02 00:00:00+01:00,8.890000343322754,9.197999954223633,8.84000015258789,8.986000061035156,2673025
2024-02-05 00:00:00+01:00,9.020000457763672,9.100000381469727,8.706000328063965,8.706000328063965,1610119
2024-02-06 00:00:00+01:00,8.751999855041504,8.815999984741211,8.649999618530273,8.696000099182129,876792
2024-02-07 00:00:00+01:00,8.751999855041504,8.82800006866455,8.656000137329102,8.720000267028809,698293
2024-02-08 00:00:00+01:00,8.720000267028809,8.800000190734863,8.531999588012695,8.600000381469727,1205522
2024-02-09 00:00:00+01:00,8.59000015258789,8.600000381469727,8.428000450134277,8.46399974822998,818797
2024-02-12 00:00:00+01:00,8.505999565124512,8.704000473022461,8.383999824523926,8.618000030517578,1140052
2024-02-13 00:00:00+01:00,8.522000312805176,8.6899995803833,8.223999977111816,8.232000350952148,2328585
2024-02-14 00:00:00+01:00,8.25,8.420000076293945,8.204000473022461,8.420000076293945,1371160
2024-02-15 00:00:00+01:00,8.430000305175781,8.4399995803833,7.771999835968018,7.980000019073486,4896133
2024-02-16 00:00:00+01:00,7.980000019073486,8.050000190734863,7.868000030517578,7.955999851226807,2470057
2024-02-19 00:00:00+01:00,7.98199987411499,8.053999900817871,7.895999908447266,7.9039998054504395,1763737
2024-02-20 00:00:00+01:00,7.875999927520752,8.064000129699707,7.854000091552734,8.0,2444980
2024-02-21 00:00:00+01:00,8.050000190734863,8.057999610900879,7.909999847412109,7.935999870300293,2394975
2024-02-22 00:00:00+01:00,7.998000144958496,8.034000396728516,7.920000076293945,7.952000141143799,2548772
2024-02-23 00:00:00+01:00,7.98799991607666,8.020000457763672,7.894000053405762,7.96999979019165,1910904
2024-02-26 00:00:00+01:00,7.986000061035156,8.010000228881836,7.831999778747559,7.900000095367432,1446667
2024-02-27 00:00:00+01:00,7.900000095367432,8.055999755859375,7.849999904632568,8.027999877929688,2535103
2024-02-28 00:00:00+01:00,8.039999961853027,8.039999961853027,7.860000133514404,7.860000133514404,1482903
2024-02-29 00:00:00+01:00,7.886000156402588,8.013999938964844,7.831999778747559,7.9720001220703125,2870428
2024-03-01 00:00:00+01:00,8.0,8.07800006866455,7.638000011444092,7.71999979019165,3515202
2024-03-04 00:00:00+01:00,7.75,7.880000114440918,7.366000175476074,7.5,3288468
2024-03-05 00:00:00+01:00,7.489999771118164,7.5,7.23799991607666,7.254000186920166,2963770
2024-03-06 00:00:00+01:00,7.254000186920166,7.429999828338623,7.254000186920166,7.297999858856201,2079258
2024-03-07 00:00:00+01:00,7.297999858856201,7.447999954223633,7.165999889373779,7.294000148773193,1782235
2024-03-08 00:00:00+01:00,7.260000228881836,7.484000205993652,7.199999809265137,7.440000057220459,2510704
2024-03-11 00:00:00+01:00,7.440000057220459,7.550000190734863,7.349999904632568,7.423999786376953,1701773
2024-03-12 00:00:00+01:00,7.440000057220459,7.449999809265137,7.300000190734863,7.4039998054504395,2448616
2024-03-13 00:00:00+01:00,7.423999786376953,7.440000057220459,7.171999931335449,7.223999977111816,2275814
2024-03-14 00:00:00+01:00,7.25,7.383999824523926,7.184000015258789,7.300000190734863,3562885
2024-03-15 00:00:00+01:00,7.25,7.375999927520752,7.0879998207092285,7.25,10731170
2024-03-18 00:00:00+01:00,7.320000171661377,7.3420000076293945,7.099999904632568,7.150000095367432,1760399
2024-03-19 00:00:00+01:00,7.1479997634887695,7.25600004196167,7.0,7.216000080108643,2097675
2024-03-20 00:00:00+01:00,7.199999809265137,7.2179999351501465,6.960000038146973,7.0,1873984
2024-03-21 00:00:00+01:00,7.0960001945495605,7.130000114440918,6.986000061035156,7.093999862670898,1509751
2024-03-22 00:00:00+01:00,7.107999801635742,7.191999912261963,7.033999919891357,7.061999797821045,1297516
2024-03-25 00:00:00+01:00,7.065999984741211,7.179999828338623,6.986000061035156,7.073999881744385,1433466
2024-03-26 00:00:00+01:00,7.081999778747559,7.170000076293945,7.0320000648498535,7.165999889373779,1848664
2024-03-27 00:00:00+01:00,7.170000076293945,7.170000076293945,7.0,7.144000053405762,1773932
2024-03-28 00:00:00+01:00,7.144000053405762,7.236000061035156,7.124000072479248,7.202000141143799,1768311
2024-04-02 00:00:00+02:00,7.23199987411499,7.510000228881836,7.203999996185303,7.375999927520752,3421643
2024-04-03 00:00:00+02:00,7.429999828338623,7.489999771118164,7.205999851226807,7.289999961853027,2394086
2024-04-04 00:00:00+02:00,7.326000213623047,7.4019999504089355,7.263999938964844,7.329999923706055,1087109
2024-04-05 00:00:00+02:00,7.099999904632568,7.228000164031982,7.010000228881836,7.099999904632568,4483938
2024-04-08 00:00:00+02:00,7.070000171661377,7.177999973297119,7.019999980926514,7.050000190734863,3047807
2024-04-09 00:00:00+02:00,7.041999816894531,7.159999847412109,6.986000061035156,6.986000061035156,4694442
2024-04-10 00:00:00+02:00,6.949999809265137,6.949999809265137,6.28000020980835,6.388000011444092,22341694
2024-04-11 00:00:00+02:00,6.5,6.679999828338623,6.441999912261963,6.5,11310310
2024-04-12 00:00:00+02:00,6.619999885559082,6.630000114440918,6.366000175476074,6.369999885559082,4592983
2024-04-15 00:00:00+02:00,6.380000114440918,6.480000019073486,6.099999904632568,6.099999904632568,6852495
2024-04-16 00:00:00+02:00,6.099999904632568,6.216000080108643,5.984000205993652,6.081999778747559,6586504
2024-04-17 00:00:00+02:00,6.099999904632568,6.199999809265137,5.984000205993652,6.00600004196167,5299529
2024-04-18 00:00:00+02:00,6.050000190734863,6.150000095367432,5.986000061035156,6.113999843597412,5972573
2024-04-19 00:00:00+02:00,6.099999904632568,6.283999919891357,6.033999919891357,6.199999809265137,6283672
2024-04-22 00:00:00+02:00,6.285999774932861,6.289999961853027,6.090000152587891,6.179999828338623,3828341
2024-04-23 00:00:00+02:00,6.230000019073486,6.239999771118164,6.0980000495910645,6.113999843597412,4389962
2024-04-24 00:00:00+02:00,6.111999988555908,6.1539998054504395,6.0,6.015999794006348,5225314
2024-04-25 00:00:00+02:00,6.050000190734863,6.130000114440918,5.915999889373779,5.960000038146973,4953953
2024-04-26 00:00:00+02:00,6.0,6.223999977111816,5.992000102996826,6.065999984741211,5960017
2024-04-29 00:00:00+02:00,6.119999885559082,6.188000202178955,6.026000022888184,6.188000202178955,3828508
2024-04-30 00:00:00+02:00,6.170000076293945,6.23799991607666,6.070000171661377,6.0879998207092285,4575458
2024-05-02 00:00:00+02:00,6.093999862670898,6.210000038146973,6.078000068664551,6.179999828338623,3599697
2024-05-06 00:00:00+02:00,6.173999786376953,6.269999980926514,6.041999816894531,6.245999813079834,6454378
2024-05-07 00:00:00+02:00,6.5,6.868000030517578,6.464000225067139,6.573999881744385,14687958
2024-05-08 00:00:00+02:00,6.599999904632568,6.699999809265137,6.504000186920166,6.699999809265137,5785659
2024-05-09 00:00:00+02:00,6.820000171661377,6.96999979019165,6.697999954223633,6.828000068664551,6264471
2024-05-10 00:00:00+02:00,6.849999904632568,7.440000057220459,6.751999855041504,7.00600004196167,8534087
2024-05-13 00:00:00+02:00,7.050000190734863,7.400000095367432,7.050000190734863,7.099999904632568,6611101
2024-05-14 00:00:00+02:00,7.199999809265137,7.664000034332275,7.110000133514404,7.579999923706055,10395068
2024-05-15 00:00:00+02:00,7.619999885559082,7.627999782562256,7.216000080108643,7.263999938964844,5409162
2024-05-16 00:00:00+02:00,7.269999980926514,7.4019999504089355,7.165999889373779,7.369999885559082,3232382
2024-05-17 00:00:00+02:00,7.311999797821045,7.46999979019165,7.300000190734863,7.464000225067139,3066414
2024-05-20 00:00:00+02:00,7.46999979019165,7.840000152587891,7.418000221252441,7.73799991607666,4862406
2024-05-21 00:00:00+02:00,7.699999809265137,7.789999961853027,7.604000091552734,7.693999767303467,2801836
2024-05-22 00:00:00+02:00,7.679999828338623,7.875999927520752,7.677999973297119,7.783999919891357,3236399
2024-05-23 00:00:00+02:00,7.829999923706055,7.829999923706055,7.406000137329102,7.438000202178955,3390980
2024-05-24 00:00:00+02:00,7.418000221252441,7.5,7.297999858856201,7.443999767303467,2251432
2024-05-27 00:00:00+02:00,7.443999767303467,7.559999942779541,7.400000095367432,7.484000205993652,1433962
2024-05-28 00:00:00+02:00,7.349999904632568,7.389999866485596,7.090000152587891,7.150000095367432,4053413
2024-05-29 00:00:00+02:00,7.139999866485596,7.150000095367432,6.664000034332275,6.702000141143799,5516120
2024-05-31 00:00:00+02:00,6.800000190734863,6.857999801635742,6.619999885559082,6.77400016784668,6357671
2024-06-03 00:00:00+02:00,6.829999923706055,7.026000022888184,6.815999984741211,6.966000080108643,2778955
2024-06-04 00:00:00+02:00,6.9679999351501465,6.995999813079834,6.875999927520752,6.889999866485596,2587849
2024-06-05 00:00:00+02:00,6.915999889373779,7.150000095367432,6.915999889373779,6.99399995803833,3616640
2024-06-06 00:00:00+02:00,7.01200008392334,7.039999961853027,6.9019999504089355,6.935999870300293,1033563
2024-06-07 00:00:00+02:00,6.915999889373779,6.947999954223633,6.763999938964844,6.785999774932861,2137945
2024-06-10 00:00:00+02:00,6.785999774932861,6.826000213623047,6.696000099182129,6.814000129699707,1106147
2024-06-11 00:00:00+02:00,6.829999923706055,6.840000152587891,6.599999904632568,6.599999904632568,2763053
2024-06-12 00:00:00+02:00,6.682000160217285,6.872000217437744,6.6479997634887695,6.76800012588501,2257019
2024-06-13 00:00:00+02:00,6.769999980926514,6.803999900817871,6.631999969482422,6.6539998054504395,1338767
2024-06-14 00:00:00+02:00,6.693999767303467,6.739999771118164,6.578000068664551,6.699999809265137,1746637
2024-06-17 00:00:00+02:00,6.734000205993652,6.814000129699707,6.6620001792907715,6.76800012588501,1192024
2024-06-18 00:00:00+02:00,6.808000087738037,6.834000110626221,6.708000183105469,6.708000183105469,1913659
2024-06-19 00:00:00+02:00,6.71999979019165,7.079999923706055,6.691999912261963,7.041999816894531,2383052
2024-06-20 00:00:00+02:00,7.073999881744385,7.150000095367432,6.949999809265137,7.039999961853027,2837320
2024-06-21 00:00:00+02:00,7.021999835968018,7.053999900817871,6.886000156402588,6.934000015258789,5955072
2024-06-24 00:00:00+02:00,6.934000015258789,7.081999778747559,6.9120001792907715,6.960000038146973,1565689
2024-06-25 00:00:00+02:00,6.98799991607666,7.056000232696533,6.875999927520752,6.906000137329102,1644058
2024-06-26 00:00:00+02:00,6.9079999923706055,7.119999885559082,6.875999927520752,6.947999954223633,2890132
2024-06-27 00:00:00+02:00,7.001999855041504,7.368000030517578,6.9720001220703125,7.28000020980835,5149026
2024-06-28 00:00:00+02:00,7.309999942779541,7.4039998054504395,7.139999866485596,7.177999973297119,3033118
2024-07-01 00:00:00+02:00,7.269999980926514,7.363999843597412,7.216000080108643,7.309999942779541,2835866
2024-07-02 00:00:00+02:00,7.360000133514404,7.360000133514404,7.099999904632568,7.179999828338623,2911661
2024-07-03 00:00:00+02:00,7.269999980926514,7.47599983215332,7.269999980926514,7.420000076293945,3316453
2024-07-04 00:00:00+02:00,7.409999847412109,7.480000019073486,7.2820000648498535,7.389999866485596,1341396
2024-07-05 00:00:00+02:00,7.386000156402588,7.409999847412109,7.228000164031982,7.302000045776367,1195394
2024-07-08 00:00:00+02:00,7.300000190734863,7.303999900817871,7.159999847412109,7.248000144958496,1628771
2024-07-09 00:00:00+02:00,7.28000020980835,7.3520002365112305,7.223999977111816,7.323999881744385,1030338
2024-07-10 00:00:00+02:00,7.329999923706055,7.3480000495910645,7.171999931335449,7.177999973297119,1408510
2024-07-11 00:00:00+02:00,7.248000144958496,7.328000068664551,7.052000045776367,7.308000087738037,2151662
2024-07-12 00:00:00+02:00,7.300000190734863,7.360000133514404,7.199999809265137,7.3420000076293945,1821695
2024-07-15 00:00:00+02:00,7.25,7.340000152587891,7.193999767303467,7.288000106811523,1147757
2024-07-16 00:00:00+02:00,7.288000106811523,7.289999961853027,6.995999813079834,7.019999980926514,1941951
2024-07-17 00:00:00+02:00,7.050000190734863,7.119999885559082,6.7779998779296875,7.02400016784668,2838611
2024-07-18 00:00:00+02:00,7.050000190734863,7.191999912261963,6.961999893188477,7.125999927520752,1380202
2024-07-19 00:00:00+02:00,7.105999946594238,7.188000202178955,7.03000020980835,7.156000137329102,979019
2024-07-22 00:00:00+02:00,7.0980000495910645,7.234000205993652,7.0980000495910645,7.156000137329102,826730
2024-07-23 00:00:00+02:00,7.177999973297119,7.177999973297119,6.98199987411499,7.007999897003174,999285
2024-07-24 00:00:00+02:00,6.98199987411499,7.015999794006348,6.900000095367432,6.966000080108643,1072991
2024-07-25 00:00:00+02:00,6.877999782562256,6.960000038146973,6.785999774932861,6.943999767303467,1404943
2024-07-26 00:00:00+02:00,6.960000038146973,7.046000003814697,6.9019999504089355,6.953999996185303,876521
2024-07-29 00:00:00+02:00,6.949999809265137,7.093999862670898,6.9120001792907715,7.093999862670898,1210782
2024-07-30 00:00:00+02:00,7.084000110626221,7.214000225067139,7.033999919891357,7.046000003814697,2059685
2024-07-31 00:00:00+02:00,7.119999885559082,7.320000171661377,7.084000110626221,7.300000190734863,2742324
2024-08-01 00:00:00+02:00,7.300000190734863,7.300000190734863,7.073999881744385,7.099999904632568,1467429
2024-08-02 00:00:00+02:00,7.070000171661377,7.197999954223633,6.980000019073486,7.150000095367432,1665528
2024-08-05 00:00:00+02:00,6.889999866485596,6.960000038146973,6.559999942779541,6.730000019073486,4217593
2024-08-06 00:00:00+02:00,6.78000020980835,6.820000171661377,6.335999965667725,6.375999927520752,5920357
2024-08-07 00:00:00+02:00,6.449999809265137,6.630000114440918,6.389999866485596,6.581999778747559,2831374
2024-08-08 00:00:00+02:00,6.599999904632568,6.75600004196167,6.460000038146973,6.7179999351501465,1508334
2024-08-09 00:00:00+02:00,6.730000019073486,6.877999782562256,6.630000114440918,6.6620001792907715,1562184
2024-08-12 00:00:00+02:00,6.71999979019165,6.849999904632568,6.699999809265137,6.849999904632568,1100963
2024-08-13 00:00:00+02:00,6.849999904632568,6.929999828338623,6.800000190734863,6.8420000076293945,1262933
2024-08-14 00:00:00+02:00,6.889999866485596,6.920000076293945,6.705999851226807,6.73199987411499,1516116
2024-08-16 00:00:00+02:00,6.800000190734863,6.886000156402588,6.751999855041504,6.883999824523926,1741891
2024-08-19 00:00:00+02:00,6.888000011444092,6.989999771118164,6.820000171661377,6.9079999923706055,1329781
2024-08-20 00:00:00+02:00,6.934000015258789,6.9679999351501465,6.785999774932861,6.802000045776367,730851
2024-08-21 00:00:00+02:00,6.802000045776367,6.8420000076293945,6.771999835968018,6.817999839782715,598191
2024-08-22 00:00:00+02:00,6.849999904632568,6.9019999504089355,6.751999855041504,6.760000228881836,1189770
2024-08-23 00:00:00+02:00,6.828000068664551,6.860000133514404,6.710000038146973,6.760000228881836,1457647
2024-08-26 00:00:00+02:00,6.800000190734863,6.943999767303467,6.789999961853027,6.927999973297119,960831
2024-08-27 00:00:00+02:00,6.927999973297119,6.960000038146973,6.785999774932861,6.8379998207092285,956565
2024-08-28 00:00:00+02:00,6.869999885559082,6.869999885559082,6.460000038146973,6.639999866485596,3396842
2024-08-29 00:00:00+02:00,6.639999866485596,6.7820000648498535,6.599999904632568,6.650000095367432,1434391
2024-08-30 00:00:00+02:00,6.74399995803833,6.829999923706055,6.679999828338623,6.78000020980835,3272127
2024-09-02 00:00:00+02:00,6.854000091552734,7.369999885559082,6.854000091552734,7.343999862670898,6937624
2024-09-03 00:00:00+02:00,7.276000022888184,7.550000190734863,7.230000019073486,7.406000137329102,5329970
2024-09-04 00:00:00+02:00,7.139999866485596,7.400000095367432,7.119999885559082,7.323999881744385,1960499
2024-09-05 00:00:00+02:00,7.300000190734863,7.519999980926514,7.254000186920166,7.360000133514404,3120814
2024-09-06 00:00:00+02:00,7.360000133514404,7.461999893188477,7.197999954223633,7.254000186920166,2043697
2024-09-09 00:00:00+02:00,7.320000171661377,7.320000171661377,7.065999984741211,7.085999965667725,1458977
2024-09-10 00:00:00+02:00,7.099999904632568,7.1579999923706055,6.98799991607666,6.99399995803833,1597926
2024-09-11 00:00:00+02:00,7.041999816894531,7.119999885559082,6.918000221252441,6.938000202178955,1719388
2024-09-12 00:00:00+02:00,7.079999923706055,7.099999904632568,6.980000019073486,7.046000003814697,1288695
2024-09-13 00:00:00+02:00,7.079999923706055,7.104000091552734,6.955999851226807,7.026000022888184,1364031
2024-09-16 00:00:00+02:00,7.0,7.188000202178955,6.949999809265137,7.171999931335449,1447359
2024-09-17 00:00:00+02:00,7.119999885559082,7.317999839782715,7.119999885559082,7.289999961853027,950976
2024-09-18 00:00:00+02:00,7.2220001220703125,7.28000020980835,7.099999904632568,7.1479997634887695,1544266
2024-09-19 00:00:00+02:00,7.193999767303467,7.326000213623047,7.124000072479248,7.124000072479248,2391293
2024-09-20 00:00:00+02:00,7.1479997634887695,7.184000015258789,7.00600004196167,7.0879998207092285,8159382
2024-09-23 00:00:00+02:00,7.179999828338623,7.191999912261963,7.010000228881836,7.047999858856201,1344806
2024-09-24 00:00:00+02:00,7.064000129699707,7.400000095367432,7.059999942779541,7.400000095367432,2601417
2024-09-25 00:00:00+02:00,7.381999969482422,7.466000080108643,7.300000190734863,7.363999843597412,2245331
2024-09-26 00:00:00+02:00,7.349999904632568,7.406000137329102,7.214000225067139,7.2820000648498535,2152225
2024-09-27 00:00:00+02:00,7.329999923706055,7.389999866485596,7.245999813079834,7.377999782562256,1180487
2024-09-30 00:00:00+02:00,7.375999927520752,7.377999782562256,7.1519999504089355,7.199999809265137,2014979
2024-10-01 00:00:00+02:00,7.288000106811523,7.288000106811523,7.053999900817871,7.1020002365112305,1973148
2024-10-02 00:00:00+02:00,7.099999904632568,7.1539998054504395,7.0320000648498535,7.061999797821045,1443214
2024-10-03 00:00:00+02:00,7.03000020980835,7.084000110626221,6.921999931335449,6.97599983215332,1900087
2024-10-04 00:00:00+02:00,6.9720001220703125,7.093999862670898,6.909999847412109,6.9120001792907715,1590830
2024-10-07 00:00:00+02:00,6.921999931335449,7.039999961853027,6.834000110626221,6.914000034332275,1876450
2024-10-08 00:00:00+02:00,6.849999904632568,6.9120001792907715,6.78000020980835,6.811999797821045,1731442
2024-10-09 00:00:00+02:00,6.78000020980835,6.883999824523926,6.78000020980835,6.822000026702881,1565382
2024-10-10 00:00:00+02:00,6.849999904632568,6.949999809265137,6.783999919891357,6.814000129699707,2539250
2024-10-11 00:00:00+02:00,6.814000129699707,6.953999996185303,6.802000045776367,6.932000160217285,830188
2024-10-14 00:00:00+02:00,6.949999809265137,6.998000144958496,6.840000152587891,6.880000114440918,577330
2024-10-15 00:00:00+02:00,6.869999885559082,6.96999979019165,6.771999835968018,6.938000202178955,2087097
2024-10-16 00:00:00+02:00,6.909999847412109,6.97599983215332,6.800000190734863,6.949999809265137,1577181
2024-10-17 00:00:00+02:00,6.934000015258789,7.007999897003174,6.788000106811523,6.794000148773193,922708
2024-10-18 00:00:00+02:00,6.8480000495910645,6.881999969482422,6.815999984741211,6.843999862670898,872363
2024-10-21 00:00:00+02:00,6.8520002365112305,6.934000015258789,6.754000186920166,6.843999862670898,1041886
2024-10-22 00:00:00+02:00,6.880000114440918,6.880000114440918,6.539999961853027,6.625999927520752,2899964
2024-10-23 00:00:00+02:00,6.630000114440918,6.6479997634887695,6.547999858856201,6.636000156402588,2025523
2024-10-24 00:00:00+02:00,6.659999847412109,6.78000020980835,6.613999843597412,6.6539998054504395,1602110
2024-10-25 00:00:00+02:00,6.650000095367432,6.9079999923706055,6.624000072479248,6.889999866485596,1931008
2024-10-28 00:00:00+01:00,6.909999847412109,7.026000022888184,6.909999847412109,6.973999977111816,1053379
2024-10-29 00:00:00+01:00,6.973999977111816,7.079999923706055,6.961999893188477,7.079999923706055,1351028
2024-10-30 00:00:00+01:00,7.0320000648498535,7.079999923706055,6.947999954223633,7.019999980926514,2780984
2024-10-31 00:00:00+01:00,6.966000080108643,6.96999979019165,6.803999900817871,6.892000198364258,2227118
2024-11-04 00:00:00+01:00,6.892000198364258,6.949999809265137,6.835999965667725,6.949999809265137,1504103
2024-11-05 00:00:00+01:00,6.96999979019165,7.046000003814697,6.826000213623047,6.889999866485596,1650118
2024-11-06 00:00:00+01:00,6.940000057220459,6.946000099182129,6.723999977111816,6.771999835968018,2160056
2024-11-07 00:00:00+01:00,6.800000190734863,6.920000076293945,6.788000106811523,6.9120001792907715,2251278
2024-11-08 00:00:00+01:00,6.909999847412109,7.01200008392334,6.835999965667725,6.923999786376953,1822455
2024-11-12 00:00:00+01:00,6.861999988555908,6.9679999351501465,6.71999979019165,6.73799991607666,2755790
2024-11-13 00:00:00+01:00,6.76800012588501,6.769999980926514,6.53000020980835,6.610000133514404,2309864
2024-11-14 00:00:00+01:00,6.691999912261963,7.061999797821045,6.610000133514404,7.021999835968018,3309470
2024-11-15 00:00:00+01:00,7.0,7.033999919891357,6.806000232696533,6.8520002365112305,1614594
2024-11-18 00:00:00+01:00,6.869999885559082,6.96999979019165,6.834000110626221,6.886000156402588,1272082
2024-11-19 00:00:00+01:00,6.935999870300293,6.973999977111816,6.5,6.714000225067139,2333050
2024-11-20 00:00:00+01:00,6.74399995803833,6.914000034332275,6.728000164031982,6.785999774932861,1956665
2024-11-21 00:00:00+01:00,6.811999797821045,6.989999771118164,6.754000186920166,6.989999771118164,2061955
2024-11-22 00:00:00+01:00,7.059999942779541,7.067999839782715,6.900000095367432,6.998000144958496,2308456
2024-11-25 00:00:00+01:00,7.079999923706055,7.208000183105469,7.03000020980835,7.072000026702881,2753820
2024-11-26 00:00:00+01:00,7.0,7.110000133514404,6.960000038146973,7.050000190734863,1336916
2024-11-27 00:00:00+01:00,7.010000228881836,7.047999858856201,6.8480000495910645,6.9039998054504395,1560172
2024-11-28 00:00:00+01:00,6.909999847412109,6.955999851226807,6.77400016784668,6.840000152587891,857827
2024-11-29 00:00:00+01:00,6.8379998207092285,6.8379998207092285,6.71999979019165,6.728000164031982,2147923
2024-12-02 00:00:00+01:00,6.730000019073486,6.835999965667725,6.690000057220459,6.76200008392334,1294042
2024-12-03 00:00:00+01:00,6.760000228881836,6.800000190734863,6.242000102996826,6.300000190734863,8284014
2024-12-04 00:00:00+01:00,6.369999885559082,6.372000217437744,5.98199987411499,6.052000045776367,7449289
2024-12-05 00:00:00+01:00,6.099999904632568,6.228000164031982,6.039999961853027,6.190000057220459,2785607
2024-12-06 00:00:00+01:00,6.216000080108643,6.28000020980835,6.130000114440918,6.130000114440918,1582433
2024-12-09 00:00:00+01:00,6.127999782562256,6.230000019073486,6.0920000076293945,6.203999996185303,1858323
2024-12-10 00:00:00+01:00,6.208000183105469,6.216000080108643,6.099999904632568,6.208000183105469,2149679
2024-12-11 00:00:00+01:00,6.199999809265137,6.24399995803833,6.122000217437744,6.122000217437744,1861589
2024-12-12 00:00:00+01:00,6.179999828338623,6.193999767303467,6.059999942779541,6.110000133514404,1876776
2024-12-13 00:00:00+01:00,6.110000133514404,6.208000183105469,6.078000068664551,6.203999996185303,3520409
2024-12-16 00:00:00+01:00,6.203999996185303,6.357999801635742,6.1539998054504395,6.335999965667725,3186576
2024-12-17 00:00:00+01:00,6.335999965667725,6.438000202178955,6.199999809265137,6.2179999351501465,2803022
2024-12-18 00:00:00+01:00,6.2179999351501465,6.236000061035156,5.920000076293945,5.920000076293945,3385263
2024-12-19 00:00:00+01:00,5.920000076293945,5.934000015258789,5.7220001220703125,5.843999862670898,6298874
2024-12-20 00:00:00+01:00,5.900000095367432,5.923999786376953,5.789999961853027,5.888000011444092,6621425
2024-12-23 00:00:00+01:00,5.9079999923706055,6.046000003814697,5.8979997634887695,5.953999996185303,2665564
2024-12-27 00:00:00+01:00,5.953999996185303,5.980000019073486,5.909999847412109,5.96999979019165,1313850
2024-12-30 00:00:00+01:00,5.96999979019165,6.070000171661377,5.935999870300293,6.070000171661377,1943671
2025-01-02 00:00:00+01:00,6.099999904632568,6.21999979019165,6.067999839782715,6.125999927520752,1518184
2025-01-03 00:00:00+01:00,6.184000015258789,6.239999771118164,6.067999839782715,6.2179999351501465,1653979
2025-01-07 00:00:00+01:00,6.2179999351501465,6.27400016784668,6.110000133514404,6.136000156402588,3104643
2025-01-08 00:00:00+01:00,6.164000034332275,6.164000034332275,5.949999809265137,5.966000080108643,2289616
2025-01-09 00:00:00+01:00,5.98199987411499,6.044000148773193,5.915999889373779,6.004000186920166,2042158
2025-01-10 00:00:00+01:00,6.004000186920166,6.026000022888184,5.9120001792907715,5.949999809265137,2159482
2025-01-13 00:00:00+01:00,5.96999979019165,6.03000020980835,5.880000114440918,5.98199987411499,1738654
2025-01-14 00:00:00+01:00,5.989999771118164,6.02400016784668,5.949999809265137,5.953999996185303,1873664
2025-01-15 00:00:00+01:00,5.980000019073486,6.0980000495910645,5.953999996185303,6.084000110626221,1323964
2025-01-16 00:00:00+01:00,6.099999904632568,6.127999782562256,5.980000019073486,5.980000019073486,1233606
2025-01-17 00:00:00+01:00,6.079999923706055,6.234000205993652,6.019999980926514,6.210000038146973,2757172
2025-01-20 00:00:00+01:00,6.239999771118164,6.257999897003174,6.171999931335449,6.234000205993652,2113073
2025-01-21 00:00:00+01:00,6.230000019073486,6.25,6.136000156402588,6.199999809265137,1373909
2025-01-22 00:00:00+01:00,6.182000160217285,6.308000087738037,6.165999889373779,6.179999828338623,1633495
2025-01-23 00:00:00+01:00,6.210000038146973,6.276000022888184,6.131999969482422,6.179999828338623,1593926
2025-01-24 00:00:00+01:00,6.190000057220459,6.257999897003174,6.177999973297119,6.242000102996826,1197499
2025-01-27 00:00:00+01:00,6.21999979019165,6.24399995803833,6.125999927520752,6.210000038146973,1373902
2025-01-28 00:00:00+01:00,6.211999893188477,6.308000087738037,6.197999954223633,6.306000232696533,1386263
2025-01-29 00:00:00+01:00,6.309999942779541,6.360000133514404,6.236000061035156,6.3379998207092285,1203733
2025-01-30 00:00:00+01:00,6.380000114440918,6.659999847412109,6.380000114440918,6.650000095367432,3913682
2025-01-31 00:00:00+01:00,6.650000095367432,6.677999973297119,6.501999855041504,6.541999816894531,2363877
2025-02-03 00:00:00+01:00,6.449999809265137,6.489999771118164,6.389999866485596,6.438000202178955,2801326
2025-02-04 00:00:00+01:00,6.438000202178955,6.4679999351501465,6.395999908447266,6.452000141143799,1712193
2025-02-05 00:00:00+01:00,6.460000038146973,6.533999919891357,6.414000034332275,6.420000076293945,1728005
2025-02-06 00:00:00+01:00,6.421999931335449,6.526000022888184,6.420000076293945,6.449999809265137,1875598
2025-02-07 00:00:00+01:00,6.478000164031982,6.510000228881836,6.374000072479248,6.48199987411499,2006850
2025-02-10 00:00:00+01:00,6.498000144958496,6.883999824523926,6.473999977111816,6.803999900817871,5361534
2025-02-11 00:00:00+01:00,6.8460001945495605,6.849999904632568,6.736000061035156,6.769999980926514,2167114
2025-02-12 00:00:00+01:00,6.789999961853027,6.868000030517578,6.639999866485596,6.699999809265137,2460456
2025-02-13 00:00:00+01:00,6.710000038146973,6.914000034332275,6.699999809265137,6.889999866485596,3287962
2025-02-14 00:00:00+01:00,6.860000133514404,6.881999969482422,6.769999980926514,6.800000190734863,1984048
2025-02-17 00:00:00+01:00,6.800000190734863,6.920000076293945,6.76800012588501,6.822000026702881,1407510
2025-02-18 00:00:00+01:00,6.855999946594238,7.039999961853027,6.855999946594238,6.932000160217285,3310495
2025-02-19 00:00:00+01:00,6.960000038146973,7.223999977111816,6.880000114440918,6.9720001220703125,5195322
2025-02-20 00:00:00+01:00,6.973999977111816,7.039999961853027,6.802000045776367,6.860000133514404,2777246
2025-02-21 00:00:00+01:00,6.889999866485596,7.107999801635742,6.889999866485596,7.050000190734863,3119905
2025-02-24 00:00:00+01:00,7.050000190734863,7.0980000495910645,7.001999855041504,7.033999919891357,1835313
2025-02-25 00:00:00+01:00,7.001999855041504,7.124000072479248,6.973999977111816,7.050000190734863,2593278
2025-02-26 00:00:00+01:00,7.050000190734863,7.498000144958496,7.044000148773193,7.438000202178955,8997223
2025-02-27 00:00:00+01:00,7.389999866485596,7.47599983215332,7.2179999351501465,7.254000186920166,2948903
2025-02-28 00:00:00+01:00,7.199999809265137,7.199999809265137,6.9720001220703125,7.124000072479248,4693422
2025-03-03 00:00:00+01:00,7.099999904632568,7.25600004196167,6.984000205993652,7.193999767303467,2967681
2025-03-04 00:00:00+01:00,7.059999942779541,7.168000221252441,6.97599983215332,7.013999938964844,3459799
2025-03-05 00:00:00+01:00,7.107999801635742,7.1579999923706055,7.059999942779541,7.0960001945495605,3135221
2025-03-06 00:00:00+01:00,7.199999809265137,7.28000020980835,7.052000045776367,7.165999889373779,3251791
2025-03-07 00:00:00+01:00,7.099999904632568,7.168000221252441,7.047999858856201,7.168000221252441,2411318
2025-03-10 00:00:00+01:00,7.131999969482422,7.248000144958496,7.078000068664551,7.185999870300293,2990794
2025-03-11 00:00:00+01:00,7.127999782562256,7.326000213623047,7.127999782562256,7.179999828338623,2256723
2025-03-12 00:00:00+01:00,7.260000228881836,7.4019999504089355,7.25,7.369999885559082,2654199
2025-03-13 00:00:00+01:00,7.369999885559082,7.480000019073486,7.289999961853027,7.480000019073486,3595052
2025-03-14 00:00:00+01:00,7.478000164031982,7.78000020980835,7.4120001792907715,7.763999938964844,5230275
2025-03-17 00:00:00+01:00,7.763999938964844,7.8460001945495605,7.673999786376953,7.72599983215332,3807351
2025-03-18 00:00:00+01:00,7.72599983215332,7.8480000495910645,7.7220001220703125,7.800000190734863,4623975
2025-03-19 00:00:00+01:00,7.71999979019165,7.894000053405762,7.691999912261963,7.8480000495910645,3514830
2025-03-20 00:00:00+01:00,7.78000020980835,7.875999927520752,7.71999979019165,7.809999942779541,2449880
2025-03-21 00:00:00+01:00,7.77400016784668,7.875999927520752,7.74399995803833,7.800000190734863,6151047
2025-03-24 00:00:00+01:00,7.880000114440918,8.0,7.8460001945495605,8.0,3181487
2025-03-25 00:00:00+01:00,8.0,8.300000190734863,7.9720001220703125,8.289999961853027,3470391
2025-03-26 00:00:00+01:00,8.289999961853027,8.357999801635742,8.057999610900879,8.210000038146973,3146158
2025-03-27 00:00:00+01:00,8.1899995803833,8.37600040435791,8.137999534606934,8.343999862670898,2073904
2025-03-28 00:00:00+01:00,8.199999809265137,8.657999992370605,8.199999809265137,8.574000358581543,5954104
2025-03-31 00:00:00+02:00,8.564000129699707,8.564000129699707,7.895999908447266,7.934000015258789,6047677
2025-04-01 00:00:00+02:00,8.020000457763672,8.303999900817871,7.909999847412109,8.248000144958496,4379321
2025-04-02 00:00:00+02:00,8.248000144958496,8.380000114440918,8.196000099182129,8.244000434875488,2658841
2025-04-03 00:00:00+02:00,8.029999732971191,8.444000244140625,8.0,8.246000289916992,3685887
2025-04-04 00:00:00+02:00,8.180000305175781,8.350000381469727,7.900000095367432,7.927999973297119,6018245
2025-04-07 00:00:00+02:00,7.311999797821045,7.728000164031982,7.070000171661377,7.458000183105469,7085292
2025-04-08 00:00:00+02:00,7.460000038146973,7.797999858856201,7.449999809265137,7.771999835968018,6050204
2025-04-09 00:00:00+02:00,7.590000152587891,7.78000020980835,7.519999980926514,7.5960001945495605,4173667
2025-04-10 00:00:00+02:00,8.14799976348877,8.178000450134277,7.539999961853027,7.776000022888184,4895487
2025-04-11 00:00:00+02:00,7.76800012588501,7.880000114440918,7.75600004196167,7.811999797821045,3158512
2025-04-14 00:00:00+02:00,7.866000175476074,7.940000057220459,7.802000045776367,7.881999969482422,1770382
2025-04-15 00:00:00+02:00,7.881999969482422,7.900000095367432,7.050000190734863,7.230000019073486,10794907
2025-04-16 00:00:00+02:00,7.25,7.309999942779541,7.079999923706055,7.309999942779541,2865715
2025-04-17 00:00:00+02:00,7.3460001945495605,7.441999912261963,7.294000148773193,7.389999866485596,3121185
2025-04-22 00:00:00+02:00,7.3979997634887695,7.670000076293945,7.388000011444092,7.642000198364258,4104228
2025-04-23 00:00:00+02:00,7.699999809265137,7.855999946594238,7.354000091552734,7.7179999351501465,5477423
2025-04-24 00:00:00+02:00,7.7179999351501465,7.96999979019165,7.6620001792907715,7.949999809265137,5432530
2025-04-25 00:00:00+02:00,7.949999809265137,8.204000473022461,7.932000160217285,7.99399995803833,3909793
2025-04-28 00:00:00+02:00,7.995999813079834,8.197999954223633,7.995999813079834,8.071999549865723,1980964
2025-04-29 00:00:00+02:00,8.10200023651123,8.338000297546387,8.10200023651123,8.276000022888184,3954657
2025-04-30 00:00:00+02:00,8.293999671936035,8.394000053405762,8.116000175476074,8.232000350952148,4708615
2025-05-02 00:00:00+02:00,8.199999809265137,8.350000381469727,8.199999809265137,8.314000129699707,2549678
2025-05-05 00:00:00+02:00,8.314000129699707,8.395999908447266,8.21399974822998,8.37399959564209,1981893
2025-05-06 00:00:00+02:00,8.366000175476074,8.369999885559082,8.010000228881836,8.338000297546387,2957858
2025-05-07 00:00:00+02:00,8.338000297546387,8.576000213623047,8.300000190734863,8.545999526977539,3391165
2025-05-08 00:00:00+02:00,8.505999565124512,8.763999938964844,8.479999542236328,8.711999893188477,3961060
2025-05-09 00:00:00+02:00,8.711999893188477,8.90999984741211,8.694000244140625,8.836000442504883,3160296
2025-05-12 00:00:00+02:00,8.802000045776367,8.991999626159668,8.802000045776367,8.878000259399414,2312916
2025-05-13 00:00:00+02:00,8.890000343322754,9.489999771118164,8.88599967956543,9.489999771118164,6764597
2025-05-14 00:00:00+02:00,9.5,9.649999618530273,9.1899995803833,9.215999603271484,4274660
2025-05-15 00:00:00+02:00,9.170000076293945,9.1899995803833,8.956000328063965,9.020000457763672,2013401
2025-05-16 00:00:00+02:00,9.470000267028809,10.0600004196167,9.4399995803833,9.593999862670898,9212307
2025-05-19 00:00:00+02:00,9.593999862670898,9.595999717712402,9.175999641418457,9.47599983215332,3539214
2025-05-20 00:00:00+02:00,9.399999618530273,9.670000076293945,9.300000190734863,9.505999565124512,2720996
2025-05-21 00:00:00+02:00,9.505999565124512,9.526000022888184,9.305999755859375,9.477999687194824,2589343
2025-05-22 00:00:00+02:00,9.369999885559082,9.5,9.180000305175781,9.210000038146973,3448369
2025-05-23 00:00:00+02:00,9.220000267028809,9.38599967956543,8.800000190734863,8.97599983215332,3149205
2025-05-26 00:00:00+02:00,9.100000381469727,9.232000350952148,9.050000190734863,9.199999809265137,1316859
2025-05-27 00:00:00+02:00,9.199999809265137,9.345999717712402,9.083999633789062,9.244000434875488,2292865
2025-05-28 00:00:00+02:00,9.399999618530273,9.54800033569336,9.251999855041504,9.472000122070312,2853766
2025-05-29 00:00:00+02:00,9.553999900817871,9.87399959564209,9.552000045776367,9.706000328063965,6043950
2025-05-30 00:00:00+02:00,9.699999809265137,9.784000396728516,9.093999862670898,9.338000297546387,7205334
2025-06-02 00:00:00+02:00,9.197999954223633,9.407999992370605,9.02400016784668,9.407999992370605,3736225
2025-06-03 00:00:00+02:00,9.411999702453613,9.618000030517578,9.277999877929688,9.539999961853027,4009230
2025-06-04 00:00:00+02:00,9.565999984741211,9.890000343322754,9.529999732971191,9.890000343322754,3477664
2025-06-05 00:00:00+02:00,9.895999908447266,9.947999954223633,9.607999801635742,9.657999992370605,1924822
2025-06-06 00:00:00+02:00,9.657999992370605,9.90999984741211,9.468000411987305,9.859999656677246,1857260
2025-06-09 00:00:00+02:00,9.899999618530273,10.244999885559082,9.880000114440918,10.170000076293945,2956139
2025-06-10 00:00:00+02:00,10.199999809265137,10.770000457763672,10.1899995803833,10.609999656677246,6155038
2025-06-11 00:00:00+02:00,10.649999618530273,10.71500015258789,10.515000343322754,10.6850004196167,3195939
2025-06-12 00:00:00+02:00,10.630000114440918,10.970000267028809,10.329999923706055,10.734999656677246,5858447
2025-06-13 00:00:00+02:00,10.300000190734863,10.5,9.553999900817871,9.600000381469727,8642745
2025-06-16 00:00:00+02:00,9.600000381469727,10.024999618530273,9.303999900817871,9.869999885559082,6552693
2025-06-17 00:00:00+02:00,9.850000381469727,10.395000457763672,9.805999755859375,10.375,6727670
2025-06-18 00:00:00+02:00,10.399999618530273,10.829999923706055,10.375,10.625,4588925
2025-06-20 00:00:00+02:00,10.625,10.744999885559082,10.335000038146973,10.595000267028809,4739936
2025-06-23 00:00:00+02:00,10.550000190734863,10.78499984741211,10.279999732971191,10.755000114440918,3587135
2025-06-24 00:00:00+02:00,10.755000114440918,11.100000381469727,10.755000114440918,10.875,16851696
2025-06-25 00:00:00+02:00,10.875,11.390000343322754,10.854999542236328,11.204999923706055,4440053
2025-06-26 00:00:00+02:00,11.300000190734863,11.510000228881836,11.229999542236328,11.3100004196167,3233220
2025-06-27 00:00:00+02:00,11.3100004196167,11.489999771118164,11.100000381469727,11.234999656677246,3802740
2025-06-30 00:00:00+02:00,11.364999771118164,11.550000190734863,11.25,11.404999732971191,3733636
2025-07-01 00:00:00+02:00,11.425000190734863,11.850000381469727,11.425000190734863,11.5600004196167,4421666
2025-07-02 00:00:00+02:00,11.5600004196167,11.609999656677246,11.03499984741211,11.199999809265137,5868958
2025-07-03 00:00:00+02:00,11.25,11.430000305175781,11.229999542236328,11.380000114440918,7650587
2025-07-04 00:00:00+02:00,11.375,11.4399995803833,11.289999961853027,11.420000076293945,1731345
2025-07-07 00:00:00+02:00,11.399999618530273,11.520000457763672,11.149999618530273,11.520000457763672,2259436
2025-07-08 00:00:00+02:00,11.520000457763672,11.630000114440918,11.319999694824219,11.420000076293945,4893948
2025-07-09 00:00:00+02:00,11.449999809265137,11.859999656677246,10.8100004196167,11.854999542236328,9685962
2025-07-10 00:00:00+02:00,11.890000343322754,12.0,11.414999961853027,11.614999771118164,3747417
2025-07-11 00:00:00+02:00,11.619999885559082,11.78499984741211,11.595000267028809,11.78499984741211,1389099
2025-07-14 00:00:00+02:00,11.734999656677246,11.960000038146973,11.654999732971191,11.925000190734863,1691974
2025-07-15 00:00:00+02:00,11.960000038146973,12.210000038146973,11.805000305175781,11.890000343322754,3784461
2025-07-16 00:00:00+02:00,11.84000015258789,12.119999885559082,11.84000015258789,12.0,2360752
2025-07-17 00:00:00+02:00,12.09000015258789,12.210000038146973,11.859999656677246,12.1850004196167,4798146
2025-07-18 00:00:00+02:00,12.180000305175781,12.350000381469727,12.100000381469727,12.239999771118164,3221055
2025-07-21 00:00:00+02:00,12.21500015258789,12.3149995803833,11.970000267028809,12.15999984741211,2375242
2025-07-22 00:00:00+02:00,12.100000381469727,12.180000305175781,11.895000457763672,12.149999618530273,1924917
2025-07-23 00:00:00+02:00,12.149999618530273,12.670000076293945,12.149999618530273,12.649999618530273,4662391
2025-07-24 00:00:00+02:00,12.720000267028809,12.75,12.274999618530273,12.569999694824219,3153540
2025-07-25 00:00:00+02:00,12.5,12.539999961853027,12.279999732971191,12.520000457763672,2085270
2025-07-28 00:00:00+02:00,12.270000457763672,12.350000381469727,11.819999694824219,12.055000305175781,4232025
2025-07-29 00:00:00+02:00,12.015000343322754,12.164999961853027,11.944999694824219,12.050000190734863,2455182
2025-07-30 00:00:00+02:00,12.199999809265137,12.279999732971191,12.024999618530273,12.170000076293945,2359914
2025-07-31 00:00:00+02:00,12.149999618530273,12.170000076293945,11.979999542236328,12.109999656677246,2863832
2025-08-01 00:00:00+02:00,12.020000457763672,12.100000381469727,11.819999694824219,11.970000267028809,2345504
2025-08-04 00:00:00+02:00,11.90999984741211,12.0,11.375,11.720000267028809,3488695
2025-08-05 00:00:00+02:00,11.744999885559082,11.904999732971191,11.675000190734863,11.75,1852355
2025-08-06 00:00:00+02:00,11.755000114440918,11.930000305175781,11.579999923706055,11.899999618530273,2336911
2025-08-07 00:00:00+02:00,11.9350004196167,12.039999961853027,11.880000114440918,11.914999961853027,2886844
2025-08-08 00:00:00+02:00,11.824999809265137,11.9399995803833,11.625,11.78499984741211,1866992
2025-08-11 00:00:00+02:00,11.670000076293945,11.800000190734863,11.229999542236328,11.3149995803833,2895836
2025-08-12 00:00:00+02:00,11.369999885559082,11.8149995803833,11.354999542236328,11.8149995803833,2777513
2025-08-13 00:00:00+02:00,11.824999809265137,11.920000076293945,11.505000114440918,11.614999771118164,2544461
2025-08-14 00:00:00+02:00,11.614999771118164,11.755000114440918,11.305000305175781,11.454999923706055,1537528
2025-08-18 00:00:00+02:00,11.404999732971191,11.449999809265137,11.119999885559082,11.40999984741211,1486851
2025-08-19 00:00:00+02:00,11.40999984741211,11.550000190734863,11.274999618530273,11.399999618530273,1715505
2025-08-20 00:00:00+02:00,11.3100004196167,11.364999771118164,11.119999885559082,11.295000076293945,1931074
2025-08-21 00:00:00+02:00,11.295000076293945,11.449999809265137,11.15999984741211,11.449999809265137,1092002
2025-08-22 00:00:00+02:00,11.430000305175781,11.845000267028809,11.414999961853027,11.645000457763672,3301749
2025-08-25 00:00:00+02:00,11.645000457763672,11.755000114440918,11.4399995803833,11.619999885559082,1519131
2025-08-26 00:00:00+02:00,11.640000343322754,11.835000038146973,11.46500015258789,11.8149995803833,3728658
2025-08-27 00:00:00+02:00,11.8149995803833,11.890000343322754,11.4399995803833,11.484999656677246,2181216
2025-08-28 00:00:00+02:00,11.449999809265137,11.699999809265137,11.449999809265137,11.515000343322754,1857393
2025-08-29 00:00:00+02:00,11.5600004196167,11.680000305175781,11.279999732971191,11.345000267028809,2468512
2025-09-01 00:00:00+02:00,11.345000267028809,11.505000114440918,10.595000267028809,10.925000190734863,2998019
2025-09-02 00:00:00+02:00,10.920000076293945,10.949999809265137,10.40999984741211,10.614999771118164,3463605
2025-09-03 00:00:00+02:00,10.614999771118164,10.8100004196167,10.609999656677246,10.805000305175781,1963527
2025-09-04 00:00:00+02:00,10.800000190734863,10.979999542236328,10.694999694824219,10.864999771118164,1630961
2025-09-05 00:00:00+02:00,10.899999618530273,11.354999542236328,10.770000457763672,11.125,2984296
2025-09-08 00:00:00+02:00,11.0,11.399999618530273,10.960000038146973,11.399999618530273,1864728
2025-09-09 00:00:00+02:00,11.390000343322754,11.390000343322754,10.850000381469727,11.015000343322754,1891113
2025-09-10 00:00:00+02:00,10.989999771118164,11.164999961853027,10.579999923706055,11.069999694824219,2693323
2025-09-11 00:00:00+02:00,11.069999694824219,11.239999771118164,10.920000076293945,11.149999618530273,1561124
2025-09-12 00:00:00+02:00,11.199999809265137,11.260000228881836,10.930000305175781,11.0,1660070
2025-09-15 00:00:00+02:00,11.069999694824219,11.34000015258789,11.069999694824219,11.335000038146973,3229657
2025-09-16 00:00:00+02:00,11.350000381469727,11.350000381469727,10.925000190734863,10.960000038146973,2154218
2025-09-17 00:00:00+02:00,10.979999542236328,11.0,10.670000076293945,10.824999809265137,3016320
2025-09-18 00:00:00+02:00,10.829999923706055,10.835000038146973,10.550000190734863,10.579999923706055,2255545
2025-09-19 00:00:00+02:00,10.5600004196167,10.600000381469727,10.260000228881836,10.350000381469727,4931913
2025-09-22 00:00:00+02:00,10.359999656677246,10.454999923706055,10.194999694824219,10.444999694824219,2048960
2025-09-23 00:00:00+02:00,10.399999618530273,10.604999542236328,10.3149995803833,10.444999694824219,1630122
2025-09-24 00:00:00+02:00,10.399999618530273,10.739999771118164,10.3100004196167,10.725000381469727,2188027
2025-09-25 00:00:00+02:00,10.854999542236328,10.854999542236328,10.53499984741211,10.635000228881836,2068262
2025-09-26 00:00:00+02:00,10.670000076293945,10.729999542236328,10.454999923706055,10.729999542236328,1420730
2025-09-29 00:00:00+02:00,10.734999656677246,11.039999961853027,10.609999656677246,10.675000190734863,1527475
2025-09-30 00:00:00+02:00,10.699999809265137,10.770000457763672,10.515000343322754,10.739999771118164,1575676
2025-10-01 00:00:00+02:00,10.744999885559082,10.744999885559082,10.5600004196167,10.604999542236328,1303766
2025-10-02 00:00:00+02:00,10.649999618530273,10.845000267028809,10.604999542236328,10.640000343322754,1613971
2025-10-03 00:00:00+02:00,10.699999809265137,10.914999961853027,10.524999618530273,10.65999984741211,1440929
2025-10-06 00:00:00+02:00,10.699999809265137,10.8149995803833,10.46500015258789,10.569999694824219,1410611
2025-10-07 00:00:00+02:00,10.569999694824219,10.630000114440918,10.369999885559082,10.630000114440918,1862598
2025-10-08 00:00:00+02:00,10.630000114440918,10.635000228881836,10.420000076293945,10.515000343322754,4863233
2025-10-09 00:00:00+02:00,10.569999694824219,10.630000114440918,10.399999618530273,10.539999961853027,1837682
2025-10-10 00:00:00+02:00,10.520000457763672,10.6899995803833,10.399999618530273,10.670000076293945,1321461
2025-10-13 00:00:00+02:00,10.595000267028809,10.71500015258789,10.510000228881836,10.675000190734863,1497191
2025-10-14 00:00:00+02:00,10.65999984741211,10.65999984741211,9.954000473022461,10.085000038146973,3740815
2025-10-15 00:00:00+02:00,10.1899995803833,10.529999732971191,10.125,10.5,2493755
2025-10-16 00:00:00+02:00,10.550000190734863,10.664999961853027,10.470000267028809,10.65999984741211,2469403
2025-10-17 00:00:00+02:00,10.600000381469727,10.600000381469727,10.260000228881836,10.399999618530273,2304063
2025-10-20 00:00:00+02:00,10.489999771118164,10.819999694824219,10.46500015258789,10.819999694824219,4039492
2025-10-21 00:00:00+02:00,10.819999694824219,11.104999542236328,10.819999694824219,11.010000228881836,3841193
2025-10-22 00:00:00+02:00,11.069999694824219,11.085000038146973,10.845000267028809,10.960000038146973,1643654
2025-10-23 00:00:00+02:00,11.0,11.09000015258789,10.899999618530273,11.039999961853027,1877457
2025-10-24 00:00:00+02:00,11.045000076293945,11.345000267028809,10.904999732971191,11.154999732971191,2271980
2025-10-27 00:00:00+01:00,11.25,11.664999961853027,11.210000038146973,11.329999923706055,3658987
2025-10-28 00:00:00+01:00,11.4350004196167,11.595000267028809,11.3100004196167,11.550000190734863,2520796
2025-10-29 00:00:00+01:00,11.574999809265137,11.699999809265137,11.399999618530273,11.420000076293945,1792046
2025-10-30 00:00:00+01:00,11.4399995803833,11.460000038146973,11.255000114440918,11.305000305175781,1662690
2025-10-31 00:00:00+01:00,11.260000228881836,11.300000190734863,11.0649995803833,11.199999809265137,2567730
2025-11-03 00:00:00+01:00,11.199999809265137,11.289999961853027,11.050000190734863,11.130000114440918,1419669
2025-11-04 00:00:00+01:00,11.104999542236328,11.265000343322754,11.024999618530273,11.225000381469727,1276320
2025-11-05 00:00:00+01:00,11.255000114440918,11.75,11.149999618530273,11.699999809265137,3542680
2025-11-06 00:00:00+01:00,11.699999809265137,11.890000343322754,11.585000038146973,11.649999618530273,2825379
2025-11-07 00:00:00+01:00,11.579999923706055,11.654999732971191,10.640000343322754,10.920000076293945,5409573
2025-11-10 00:00:00+01:00,11.0,11.470000267028809,11.0,11.414999961853027,2321539
2025-11-12 00:00:00+01:00,11.414999961853027,11.579999923706055,11.335000038146973,11.369999885559082,2262479
2025-11-13 00:00:00+01:00,11.375,11.805000305175781,11.345000267028809,11.545000076293945,2543939
2025-11-14 00:00:00+01:00,11.479999542236328,11.479999542236328,11.199999809265137,11.444999694824219,1875480
2025-11-17 00:00:00+01:00,10.899999618530273,11.114999771118164,10.640000343322754,10.829999923706055,4441990
2025-11-18 00:00:00+01:00,10.5649995803833,10.574999809265137,9.824000358581543,10.130000114440918,5997443
2025-11-19 00:00:00+01:00,10.149999618530273,10.305000305175781,10.0,10.175000190734863,2370641
2025-11-20 00:00:00+01:00,10.274999618530273,10.494999885559082,10.1899995803833,10.399999618530273,1815358
2025-11-21 00:00:00+01:00,10.295000076293945,10.3100004196167,10.03499984741211,10.260000228881836,2534366
2025-11-24 00:00:00+01:00,10.260000228881836,10.289999961853027,9.949999809265137,10.029999732971191,3459607
2025-11-25 00:00:00+01:00,10.0,10.114999771118164,9.600000381469727,9.699999809265137,3705518
2025-11-26 00:00:00+01:00,9.732000350952148,9.95199966430664,9.696000099182129,9.878000259399414,1496518
2025-11-27 00:00:00+01:00,9.958000183105469,10.079999923706055,9.850000381469727,9.859999656677246,1088833
2025-11-28 00:00:00+01:00,9.9399995803833,9.9399995803833,9.720000267028809,9.866000175476074,1987356
2025-12-01 00:00:00+01:00,9.850000381469727,9.859999656677246,9.428000450134277,9.428000450134277,3403303
2025-12-02 00:00:00+01:00,9.449999809265137,9.454000473022461,8.899999618530273,8.989999771118164,4156037
2025-12-03 00:00:00+01:00,9.0,9.100000381469727,8.70199966430664,8.842000007629395,4092420
2025-12-04 00:00:00+01:00,8.75,8.868000030517578,8.5,8.609999656677246,3844154
2025-12-05 00:00:00+01:00,8.569999694824219,8.758000373840332,8.479999542236328,8.607999801635742,4650889
2025-12-08 00:00:00+01:00,8.746000289916992,8.746000289916992,8.345999717712402,8.404000282287598,3666173
2025-12-09 00:00:00+01:00,8.404000282287598,8.479999542236328,8.210000038146973,8.447999954223633,4513592
2025-12-10 00:00:00+01:00,8.5,8.847999572753906,8.449999809265137,8.63599967956543,4667861
2025-12-11 00:00:00+01:00,8.696000099182129,8.862000465393066,8.564000129699707,8.71399974822998,2531295
2025-12-12 00:00:00+01:00,8.800000190734863,8.880000114440918,8.567999839782715,8.600000381469727,2583811
2025-12-15 00:00:00+01:00,8.640000343322754,8.744000434875488,8.428000450134277,8.62600040435791,3596576
2025-12-16 00:00:00+01:00,8.61400032043457,8.62399959564209,8.468000411987305,8.54800033569336,3260846
2025-12-17 00:00:00+01:00,8.550000190734863,9.07800006866455,8.460000038146973,9.020000457763672,5140382
2025-12-18 00:00:00+01:00,9.020000457763672,9.020000457763672,8.649999618530273,8.675999641418457,5357738
2025-12-19 00:00:00+01:00,8.666000366210938,8.739999771118164,8.522000312805176,8.569999694824219,8129619
2025-12-22 00:00:00+01:00,8.605999946594238,8.684000015258789,8.539999961853027,8.640000343322754,2783473
2025-12-23 00:00:00+01:00,8.642000198364258,8.699999809265137,8.531999588012695,8.640000343322754,1919854
2025-12-29 00:00:00+01:00,8.630000114440918,8.770000457763672,8.565999984741211,8.767999649047852,1513587
2025-12-30 00:00:00+01:00,8.767999649047852,8.84000015258789,8.618000030517578,8.803999900817871,2444142
2026-01-02 00:00:00+01:00,8.815999984741211,9.13599967956543,8.800000190734863,9.100000381469727,4711030
2026-01-05 00:00:00+01:00,9.149999618530273,9.229999542236328,8.934000015258789,9.017999649047852,3044120
2026-01-07 00:00:00+01:00,9.09000015258789,9.336000442504883,9.079999923706055,9.336000442504883,4018862
2026-01-08 00:00:00+01:00,9.336000442504883,9.338000297546387,9.008000373840332,9.065999984741211,3625133
2026-01-09 00:00:00+01:00,9.140000343322754,9.3100004196167,8.989999771118164,9.3100004196167,3345949
2026-01-12 00:00:00+01:00,9.3100004196167,9.319999694824219,9.182000160217285,9.23799991607666,2227434
2026-01-13 00:00:00+01:00,9.25,9.276000022888184,9.105999946594238,9.17199993133545,3000353
2026-01-14 00:00:00+01:00,9.182000160217285,9.293999671936035,9.083999633789062,9.27400016784668,2712381
2026-01-15 00:00:00+01:00,9.279999732971191,9.40999984741211,9.210000038146973,9.40999984741211,2481255
2026-01-16 00:00:00+01:00,9.40999984741211,9.420000076293945,9.100000381469727,9.15999984741211,5369266
2026-01-19 00:00:00+01:00,9.1899995803833,9.284000396728516,9.050000190734863,9.156000137329102,1504634
2026-01-20 00:00:00+01:00,9.149999618530273,9.15999984741211,8.779999732971191,8.887999534606934,5158174
2026-01-21 00:00:00+01:00,8.899999618530273,9.013999938964844,8.84000015258789,8.98799991607666,2545904
2026-01-22 00:00:00+01:00,9.010000228881836,9.324000358581543,8.916000366210938,9.324000358581543,4348387
2026-01-23 00:00:00+01:00,9.329999923706055,9.35200023651123,9.178000450134277,9.279999732971191,1883992
2026-01-26 00:00:00+01:00,9.300000190734863,9.600000381469727,9.163999557495117,9.454000473022461,3508675
2026-01-27 00:00:00+01:00,9.5,9.539999961853027,9.319999694824219,9.444000244140625,2801851
2026-01-28 00:00:00+01:00,9.513999938964844,9.583999633789062,9.331999778747559,9.446000099182129,2363832
2026-01-29 00:00:00+01:00,9.529999732971191,9.850000381469727,9.460000038146973,9.53600025177002,5161446
2026-01-30 00:00:00+01:00,9.550000190734863,10.104999542236328,9.470000267028809,10.039999961853027,5049617
2026-02-02 00:00:00+01:00,9.812000274658203,10.154999732971191,9.779999732971191,10.010000228881836,2903362
2026-02-03 00:00:00+01:00,10.199999809265137,10.279999732971191,10.03499984741211,10.119999885559082,3291999
2026-02-04 00:00:00+01:00,10.119999885559082,10.260000228881836,10.055000305175781,10.135000228881836,2521411
2026-02-05 00:00:00+01:00,10.119999885559082,10.119999885559082,9.859999656677246,9.895999908447266,3128239
2026-02-06 00:00:00+01:00,9.699999809265137,9.944000244140625,9.630000114440918,9.85200023651123,2052976
2026-02-09 00:00:00+01:00,9.930000305175781,9.989999771118164,9.619999885559082,9.720000267028809,2984260
2026-02-10 00:00:00+01:00,9.779999732971191,10.010000228881836,9.6899995803833,9.930000305175781,2580191
2026-02-11 00:00:00+01:00,9.899999618530273,10.319999694824219,9.734000205993652,10.265000343322754,4164041
2026-02-12 00:00:00+01:00,10.220000267028809,10.28499984741211,10.015000343322754,10.125,3372676
2026-02-13 00:00:00+01:00,10.050000190734863,10.225000381469727,9.930000305175781,10.09000015258789,2962322
2026-02-16 00:00:00+01:00,10.199999809265137,10.4399995803833,10.100000381469727,10.25,2013242
2026-02-17 00:00:00+01:00,10.25,10.289999961853027,10.119999885559082,10.21500015258789,1356844
2026-02-18 00:00:00+01:00,10.21500015258789,10.529999732971191,10.204999923706055,10.444999694824219,3139936
2026-02-19 00:00:00+01:00,10.550000190734863,10.579999923706055,10.135000228881836,10.170000076293945,3329273
2026-02-20 00:00:00+01:00,10.170000076293945,10.494999885559082,10.079999923706055,10.21500015258789,2603419
2026-02-23 00:00:00+01:00,10.220000267028809,10.350000381469727,10.145000457763672,10.3149995803833,2317986
2026-02-24 00:00:00+01:00,10.319999694824219,10.399999618530273,10.180000305175781,10.335000038146973,3376466
2026-02-25 00:00:00+01:00,10.335000038146973,10.399999618530273,10.220000267028809,10.300000190734863,2777592
2026-02-26 00:00:00+01:00,10.300000190734863,11.220000267028809,10.300000190734863,11.09000015258789,9847220
2026-02-27 00:00:00+01:00,11.079999923706055,11.359999656677246,10.84000015258789,11.28499984741211,7487493
2026-03-02 00:00:00+01:00,10.904999732971191,11.21500015258789,10.670000076293945,10.949999809265137,4283040
2026-03-03 00:00:00+01:00,10.869999885559082,10.9350004196167,10.130000114440918,10.479999542236328,8906553
2026-03-04 00:00:00+01:00,10.399999618530273,10.994999885559082,10.399999618530273,10.694999694824219,5227536
2026-03-05 00:00:00+01:00,10.710000038146973,10.979999542236328,10.600000381469727,10.609999656677246,5106570
2026-03-06 00:00:00+01:00,10.550000190734863,10.675000190734863,9.95199966430664,9.973999977111816,4446872
2026-03-09 00:00:00+01:00,9.779999732971191,9.890000343322754,9.550000190734863,9.781999588012695,3940099
2026-03-10 00:00:00+01:00,10.095000267028809,10.125,9.75,9.800000190734863,2413303
2026-03-11 00:00:00+01:00,9.793999671936035,9.793999671936035,9.300000190734863,9.38599967956543,4722989
2026-03-12 00:00:00+01:00,9.486000061035156,9.486000061035156,9.204000473022461,9.32800006866455,3680611
2026-03-13 00:00:00+01:00,9.399999618530273,9.520000457763672,9.119999885559082,9.484000205993652,3489476
2026-03-16 00:00:00+01:00,9.381999969482422,9.630000114440918,9.331999778747559,9.520000457763672,2350656
2026-03-17 00:00:00+01:00,9.569999694824219,10.84000015258789,9.5600004196167,10.819999694824219,7426415
2026-03-18 00:00:00+01:00,11.0,11.135000228881836,10.609999656677246,10.675000190734863,5332094
2026-03-19 00:00:00+01:00,10.619999885559082,10.619999885559082,10.335000038146973,10.4350004196167,3599582
2026-03-20 00:00:00+01:00,10.5,10.654999732971191,9.576000213623047,9.593999862670898,8984766
2026-03-23 00:00:00+01:00,9.260000228881836,9.84000015258789,9.0,9.631999969482422,6569265
2026-03-24 00:00:00+01:00,9.684000015258789,9.684000015258789,9.381999969482422,9.437999725341797,2095064
2026-03-25 00:00:00+01:00,9.5600004196167,9.78600025177002,9.496000289916992,9.696000099182129,3097467
2026-03-26 00:00:00+01:00,9.699999809265137,9.699999809265137,9.470000267028809,9.680000305175781,2280561
2026-03-27 00:00:00+01:00,9.739999771118164,9.831999778747559,9.428000450134277,9.579999923706055,2919069
2026-03-30 00:00:00+02:00,9.600000381469727,10.65999984741211,9.600000381469727,10.510000228881836,5981871
2026-03-31 00:00:00+02:00,10.545000076293945,10.699999809265137,10.350000381469727,10.529999732971191,4219247
2026-04-01 00:00:00+02:00,10.739999771118164,10.869999885559082,10.515000343322754,10.654999732971191,3909359
2026-04-02 00:00:00+02:00,10.5,11.130000114440918,10.375,11.130000114440918,3950079
2026-04-07 00:00:00+02:00,11.100000381469727,11.119999885559082,10.75,10.890000343322754,2905025
2026-04-08 00:00:00+02:00,11.119999885559082,11.449999809265137,10.850000381469727,11.0,4593494
2026-04-09 00:00:00+02:00,11.0,11.25,10.904999732971191,11.180000305175781,3359647
2026-04-10 00:00:00+02:00,11.180000305175781,11.404999732971191,10.885000228881836,11.15999984741211,3470306
2026-04-13 00:00:00+02:00,11.100000381469727,11.395000457763672,11.0,11.15999984741211,2730959
2026-04-14 00:00:00+02:00,11.199999809265137,11.289999961853027,10.96500015258789,11.055000305175781,2491159
2026-04-15 00:00:00+02:00,11.055000305175781,11.175000190734863,10.96500015258789,11.0600004196167,1869692
2026-04-16 00:00:00+02:00,11.0,11.050000190734863,10.670000076293945,10.755000114440918,2981046
2026-04-17 00:00:00+02:00,10.699999809265137,10.744999885559082,10.425000190734863,10.545000076293945,3698348
2026-04-20 00:00:00+02:00,10.59000015258789,10.640000343322754,10.40999984741211,10.420000076293945,1442526
2026-04-21 00:00:00+02:00,10.444999694824219,10.574999809265137,10.34000015258789,10.34000015258789,2371513
2026-04-22 00:00:00+02:00,10.390000343322754,10.725000381469727,10.34000015258789,10.619999885559082,2551919
2026-04-23 00:00:00+02:00,10.654999732971191,10.744999885559082,10.470000267028809,10.6899995803833,3099760
2026-04-24 00:00:00+02:00,10.6899995803833,11.0,10.630000114440918,10.949999809265137,2595308
2026-04-27 00:00:00+02:00,10.960000038146973,11.095000267028809,10.800000190734863,10.880000114440918,7273314
2026-04-28 00:00:00+02:00,10.8100004196167,10.930000305175781,10.625,10.625,1597593
2026-04-29 00:00:00+02:00,10.5,11.069999694824219,10.5,10.819999694824219,5249277
2026-04-30 00:00:00+02:00,10.805000305175781,10.8149995803833,10.40999984741211,10.649999618530273,3478649
2026-05-04 00:00:00+02:00,10.649999618530273,10.854999542236328,10.369999885559082,10.5649995803833,1854103
2026-05-05 00:00:00+02:00,10.5649995803833,10.899999618530273,10.529999732971191,10.875,2540262
2026-05-06 00:00:00+02:00,10.949999809265137,11.135000228881836,10.800000190734863,11.135000228881836,3606571
2026-05-07 00:00:00+02:00,11.125,11.125,10.800000190734863,10.90999984741211,2292871
2026-05-08 00:00:00+02:00,10.920000076293945,10.920000076293945,10.399999618530273,10.539999961853027,2931349
2026-05-11 00:00:00+02:00,10.555000305175781,10.930000305175781,10.470000267028809,10.914999961853027,1778070
2026-05-12 00:00:00+02:00,10.90999984741211,10.944999694824219,10.649999618530273,10.694999694824219,2031308
2026-05-13 00:00:00+02:00,10.774999618530273,10.864999771118164,10.579999923706055,10.739999771118164,1430285
2026-05-14 00:00:00+02:00,10.600000381469727,10.640000343322754,10.34000015258789,10.380000114440918,2965440
2026-05-15 00:00:00+02:00,10.399999618530273,10.430000305175781,10.0,10.029999732971191,3444090
2026-05-18 00:00:00+02:00,10.074999809265137,10.319999694824219,9.949999809265137,10.300000190734863,1989937
2026-05-19 00:00:00+02:00,10.380000114440918,10.489999771118164,10.244999885559082,10.279999732971191,1675728
2026-05-20 00:00:00+02:00,10.28499984741211,10.385000228881836,10.1899995803833,10.305000305175781,1646644
2026-05-21 00:00:00+02:00,10.305000305175781,10.324999809265137,10.15999984741211,10.210000038146973,1386708
2026-05-22 00:00:00+02:00,10.300000190734863,10.350000381469727,10.010000228881836,10.140000343322754,1948281
2026-05-25 00:00:00+02:00,10.180000305175781,10.729999542236328,10.180000305175781,10.529999732971191,7311304
2026-05-26 00:00:00+02:00,10.600000381469727,10.729999542236328,10.520000457763672,10.729999542236328,2468553
2026-05-27 00:00:00+02:00,10.729999542236328,10.850000381469727,10.609999656677246,10.725000381469727,3195971
2026-05-28 00:00:00+02:00,10.720000267028809,10.880000114440918,10.649999618530273,10.800000190734863,4567475
2026-05-29 00:00:00+02:00,10.800000190734863,10.869999885559082,10.579999923706055,10.579999923706055,3721314
2026-06-01 00:00:00+02:00,10.579999923706055,10.654999732971191,10.279999732971191,10.279999732971191,1637734
2026-06-02 00:00:00+02:00,10.420000076293945,10.569999694824219,10.350000381469727,10.4350004196167,1602717
2026-06-03 00:00:00+02:00,10.460000038146973,10.550000190734863,10.354999542236328,10.484999656677246,1180946
2026-06-05 00:00:00+02:00,10.4399995803833,10.449999809265137,10.244999885559082,10.255000114440918,2188610
2026-06-08 00:00:00+02:00,10.199999809265137,10.225000381469727,10.039999961853027,10.1850004196167,2302807
2026-06-09 00:00:00+02:00,10.1899995803833,10.260000228881836,10.029999732971191,10.029999732971191,2050984
2026-06-10 00:00:00+02:00,10.085000038146973,10.095000267028809,9.682000160217285,9.710000038146973,3332913
2026-06-11 00:00:00+02:00,9.850000381469727,9.930000305175781,9.699999809265137,9.788000106811523,2078593
2026-06-12 00:00:00+02:00,9.892000198364258,10.09000015258789,9.866000175476074,9.98799991607666,2177525
2026-06-15 00:00:00+02:00,10.100000381469727,10.5,10.079999923706055,10.1899995803833,4734560
2026-06-16 00:00:00+02:00,10.265000343322754,10.300000190734863,9.894000053405762,9.92199993133545,3357614
2026-06-17 00:00:00+02:00,9.998000144958496,10.140000343322754,9.862000465393066,10.015000343322754,2348838
2026-06-18 00:00:00+02:00,10.015000343322754,10.074999809265137,9.755999565124512,9.755999565124512,2552823
2026-06-19 00:00:00+02:00,9.84000015258789,9.949999809265137,9.715999603271484,9.78600025177002,6853530
2026-06-22 00:00:00+02:00,9.800000190734863,9.90999984741211,9.760000228881836,9.847999572753906,1166299
2026-06-23 00:00:00+02:00,9.789999961853027,9.817999839782715,9.630000114440918,9.729999542236328,1949467
2026-06-24 00:00:00+02:00,9.770000457763672,9.770000457763672,9.25,9.281999588012695,3316327
2026-06-25 00:00:00+02:00,9.338000297546387,9.855999946594238,9.329999923706055,9.777999877929688,4197630
2026-06-26 00:00:00+02:00,9.800000190734863,9.829999923706055,9.435999870300293,9.600000381469727,2850086
2026-06-29 00:00:00+02:00,9.697999954223633,9.711999893188477,9.465999603271484,9.470000267028809,1628811
2026-06-30 00:00:00+02:00,9.520000457763672,9.631999969482422,9.329999923706055,9.4399995803833,1874781
2026-07-01 00:00:00+02:00,9.4399995803833,9.534000396728516,9.354000091552734,9.425999641418457,2166525
2026-07-02 00:00:00+02:00,9.539999961853027,9.604000091552734,9.35200023651123,9.543999671936035,1499575
2026-07-03 00:00:00+02:00,9.605999946594238,9.746000289916992,9.527999877929688,9.62600040435791,1406206
2026-07-06 00:00:00+02:00,9.62600040435791,9.661999702453613,9.4399995803833,9.4399995803833,1361737
2026-07-07 00:00:00+02:00,9.444000244140625,9.501999855041504,9.312000274658203,9.402000427246094,1949554
2026-07-08 00:00:00+02:00,9.435999870300293,9.47599983215332,9.163999557495117,9.36400032043457,2665465
2026-07-09 00:00:00+02:00,9.390000343322754,9.517999649047852,9.220000267028809,9.3100004196167,2287537
2026-07-10 00:00:00+02:00,9.329999923706055,9.413999557495117,9.300000190734863,9.371999740600586,2007078
2026-07-13 00:00:00+02:00,9.46399974822998,9.515999794006348,9.321999549865723,9.484000205993652,2161959
2026-07-14 00:00:00+02:00,9.420000076293945,9.527999877929688,9.329999923706055,9.496000289916992,2055147
2026-07-15 00:00:00+02:00,9.5,9.539999961853027,9.317999839782715,9.350000381469727,4385036
2026-07-16 00:00:00+02:00,9.387999534606934,9.40999984741211,9.279999732971191,9.281999588012695,2354467
2026-07-17 00:00:00+02:00,9.284000396728516,9.574000358581543,9.180000305175781,9.484000205993652,4156156
2026-07-20 00:00:00+02:00,9.449999809265137,9.633999824523926,9.324000358581543,9.479999542236328,2749129
2026-07-21 00:00:00+02:00,9.503999710083008,9.65999984741211,9.472000122070312,9.5,2636123
2026-07-22 00:00:00+02:00,9.5600004196167,10.274999618530273,9.5,10.199999809265137,7106032
2026-07-23 00:00:00+02:00,10.28499984741211,10.720000267028809,10.140000343322754,10.600000381469727,6402101
2026-07-24 00:00:00+02:00,10.600000381469727,10.739999771118164,10.430000305175781,10.479999542236328,2678170
2026-07-27 00:00:00+02:00,10.430000305175781,10.59000015258789,10.239999771118164,10.25,2073993
2026-07-28 00:00:00+02:00,10.225000381469727,10.229999542236328,9.791999816894531,9.899999618530273,4046547
2026-07-29 00:00:00+02:00,9.899999618530273,9.949999809265137,9.631999969482422,9.6899995803833,2785020
2026-07-30 00:00:00+02:00,9.722000122070312,9.805999755859375,9.569999694824219,9.739999771118164,2774035
2026-07-31 00:00:00+02:00,9.819999694824219,10.350000381469727,9.784000396728516,10.109999656677246,4118207
2026-08-03 00:00:00+02:00,10.109999656677246,10.539999961853027,10.109999656677246,10.444999694824219,2928249
2026-08-04 00:00:00+02:00,10.470000267028809,11.295000076293945,10.4399995803833,11.085000038146973,8522745
2026-08-05 00:00:00+02:00,11.03499984741211,11.385000228881836,10.859999656677246,10.899999618530273,4827635
2026-08-06 00:00:00+02:00,10.914999961853027,11.074999809265137,10.789999961853027,10.800000190734863,3311026
2026-08-07 00:00:00+02:00,10.8100004196167,10.845000267028809,10.53499984741211,10.75,2400936
2026-08-10 00:00:00+02:00,10.720000267028809,10.75,10.479999542236328,10.630000114440918,2045280
2026-08-11 00:00:00+02:00,10.635000228881836,11.204999923706055,10.635000228881836,11.149999618530273,4057272
2026-08-12 00:00:00+02:00,11.149999618530273,11.229999542236328,11.0,11.09000015258789,2246242
2026-08-13 00:00:00+02:00,11.199999809265137,11.199999809265137,10.824999809265137,10.949999809265137,3019197
2026-08-14 00:00:00+02:00,11.0600004196167,11.0600004196167,10.494999885559082,10.789999961853027,3136284
2026-08-17 00:00:00+02:00,10.819999694824219,10.895000457763672,10.300000190734863,10.369999885559082,3779600
2026-08-18 00:00:00+02:00,10.399999618530273,10.425000190734863,10.204999923706055,10.289999961853027,2917050
2026-08-19 00:00:00+02:00,10.3100004196167,10.460000038146973,10.199999809265137,10.449999809265137,2546252
2026-08-20 00:00:00+02:00,10.489999771118164,10.494999885559082,10.170000076293945,10.199999809265137,2147528
2026-08-21 00:00:00+02:00,10.15999984741211,10.385000228881836,9.944000244140625,10.1899995803833,3717845
