Date,Open,High,Low,Close,Volume
2016-08-22 00:00:00+02:00,16.325685501098633,17.136367797851562,16.13454818725586,16.938640594482422,21810
2016-08-23 00:00:00+02:00,16.95182228088379,17.129777908325195,16.73432159423828,17.070457458496094,13048
2016-08-24 00:00:00+02:00,16.938640594482422,18.316139221191406,16.938640594482422,17.80204963684082,22597
2016-08-25 00:00:00+02:00,18.05909538269043,18.05909538269043,17.2022762298584,17.531822204589844,11619
2016-08-26 00:00:00+02:00,17.334095001220703,17.334095001220703,16.220230102539062,16.470684051513672,21948
2016-08-29 00:00:00+02:00,16.470684051513672,16.470684051513672,15.98295783996582,15.98295783996582,9048
2016-08-30 00:00:00+02:00,15.831366539001465,16.3784122467041,15.824775695800781,16.371822357177734,9484
2016-08-31 00:00:00+02:00,15.923640251159668,16.246593475341797,15.488639831542969,16.08182144165039,12075
2016-09-01 00:00:00+02:00,15.719322204589844,16.08182144165039,15.422731399536133,15.679776191711426,12799
2016-09-02 00:00:00+02:00,15.679776191711426,16.048866271972656,15.488639831542969,16.048866271972656,1332
2016-09-05 00:00:00+02:00,16.068639755249023,16.477275848388672,15.88409423828125,16.464094161987305,9039
2016-09-06 00:00:00+02:00,16.477275848388672,16.477275848388672,15.9038667678833,16.411367416381836,89579
2016-09-07 00:00:00+02:00,16.411367416381836,17.136367797851562,16.312503814697266,17.129777908325195,6628
2016-09-08 00:00:00+02:00,17.136367797851562,17.136367797851562,16.707958221435547,17.024322509765625,1110
2016-09-09 00:00:00+02:00,16.98477554321289,16.99136734008789,16.483867645263672,16.483867645263672,1813
2016-09-12 00:00:00+02:00,16.477275848388672,16.477275848388672,15.818184852600098,16.14773178100586,4811
2016-09-13 00:00:00+02:00,15.824775695800781,16.08182144165039,15.600685119628906,16.08182144165039,1521
2016-09-14 00:00:00+02:00,15.824775695800781,16.015913009643555,15.68636703491211,15.818184852600098,2401
2016-09-15 00:00:00+02:00,15.78523063659668,15.78523063659668,15.719322204589844,15.719322204589844,283
2016-09-16 00:00:00+02:00,15.50841236114502,15.50841236114502,15.225003242492676,15.350231170654297,2442
2016-09-19 00:00:00+02:00,15.389776229858398,15.389776229858398,15.350231170654297,15.350231170654297,4134
2016-09-20 00:00:00+02:00,15.350231170654297,15.389776229858398,14.743866920471191,15.25795841217041,48975
2016-09-21 00:00:00+02:00,15.389776229858398,15.98295783996582,15.159093856811523,15.88409423828125,36697
2016-09-22 00:00:00+02:00,15.890685081481934,15.950002670288086,15.198639869689941,15.620457649230957,141305
2016-09-23 00:00:00+02:00,15.752276420593262,15.752276420593262,15.653412818908691,15.653412818908691,21238
2016-09-26 00:00:00+02:00,15.653412818908691,15.653412818908691,15.488639831542969,15.488639831542969,8496
2016-09-27 00:00:00+02:00,15.488639831542969,15.752276420593262,15.488639831542969,15.752276420593262,1923
2016-09-28 00:00:00+02:00,15.811594009399414,16.114776611328125,15.811594009399414,15.943412780761719,917
2016-09-29 00:00:00+02:00,15.943412780761719,15.943412780761719,15.818184852600098,15.943412780761719,696
2016-09-30 00:00:00+02:00,15.943412780761719,16.675003051757812,15.943412780761719,16.477275848388672,96250
2016-10-03 00:00:00+02:00,16.503639221191406,16.503639221191406,16.332275390625,16.411367416381836,1955
2016-10-04 00:00:00+02:00,15.98295783996582,16.325685501098633,15.98295783996582,16.27954864501953,606
2016-10-05 00:00:00+02:00,16.14773178100586,16.27954864501953,16.14773178100586,16.27954864501953,4745
2016-10-06 00:00:00+02:00,16.27954864501953,16.431140899658203,16.14773178100586,16.431140899658203,5178
2016-10-07 00:00:00+02:00,16.14773178100586,16.576139450073242,16.14773178100586,16.576139450073242,42733
2016-10-10 00:00:00+02:00,16.655231475830078,17.123186111450195,16.576139450073242,17.070457458496094,21214
2016-10-11 00:00:00+02:00,17.070457458496094,17.123186111450195,16.74091339111328,17.037504196166992,2128
2016-10-12 00:00:00+02:00,16.68818473815918,16.89909553527832,16.477275848388672,16.89909553527832,2104
2016-10-13 00:00:00+02:00,16.89250373840332,16.89250373840332,16.609094619750977,16.609094619750977,4809
2016-10-14 00:00:00+02:00,16.806821823120117,16.806821823120117,16.609094619750977,16.609094619750977,2412
2016-10-17 00:00:00+02:00,16.609094619750977,16.872730255126953,16.609094619750977,16.806821823120117,7724
2016-10-18 00:00:00+02:00,16.806821823120117,16.905685424804688,16.806821823120117,16.83977508544922,21591
2016-10-19 00:00:00+02:00,16.85295867919922,16.85295867919922,16.806821823120117,16.820003509521484,7344
2016-10-20 00:00:00+02:00,16.820003509521484,16.932048797607422,16.806821823120117,16.806821823120117,2867
2016-10-21 00:00:00+02:00,16.872730255126953,17.716367721557617,16.806821823120117,17.465913772583008,12444
2016-10-24 00:00:00+02:00,17.465913772583008,17.69659423828125,17.465913772583008,17.531822204589844,2136
2016-10-25 00:00:00+02:00,17.663639068603516,17.663639068603516,17.136367797851562,17.531822204589844,2259
2016-10-26 00:00:00+02:00,17.531822204589844,17.531822204589844,16.83977508544922,17.367048263549805,121
2016-10-27 00:00:00+02:00,16.806821823120117,17.268186569213867,16.806821823120117,17.268186569213867,1112
2016-10-28 00:00:00+02:00,16.806821823120117,17.70977783203125,16.806821823120117,17.70977783203125,3832
2016-10-31 00:00:00+01:00,17.70977783203125,17.775686264038086,17.663639068603516,17.775686264038086,2594
2016-11-02 00:00:00+01:00,17.663639068603516,17.76250457763672,16.83977508544922,16.938640594482422,3019
2016-11-03 00:00:00+01:00,16.938640594482422,16.938640594482422,16.160913467407227,16.345457077026367,19270
2016-11-04 00:00:00+01:00,16.332275390625,16.3388671875,15.68636703491211,15.68636703491211,18288
2016-11-07 00:00:00+01:00,15.818184852600098,15.88409423828125,15.534775733947754,15.68636703491211,10996
2016-11-08 00:00:00+01:00,15.620457649230957,15.818184852600098,15.337048530578613,15.389776229858398,5402
2016-11-09 00:00:00+01:00,15.297503471374512,16.668413162231445,15.297503471374512,16.015913009643555,5128
2016-11-10 00:00:00+01:00,15.594094276428223,16.477275848388672,15.594094276428223,15.818184852600098,10522
2016-11-14 00:00:00+01:00,15.68636703491211,15.68636703491211,15.488639831542969,15.554549217224121,3293
2016-11-15 00:00:00+01:00,15.488639831542969,16.477275848388672,15.422731399536133,16.477275848388672,34882
2016-11-16 00:00:00+01:00,16.477275848388672,16.477275848388672,15.890685081481934,16.404775619506836,38217
2016-11-17 00:00:00+01:00,15.818184852600098,15.818184852600098,15.343640327453613,15.396367073059082,6502
2016-11-18 00:00:00+01:00,15.396367073059082,16.14773178100586,15.165684700012207,15.78523063659668,7188
2016-11-21 00:00:00+01:00,15.78523063659668,15.78523063659668,15.488639831542969,15.488639831542969,341
2016-11-22 00:00:00+01:00,15.323866844177246,16.411367416381836,14.836139678955078,16.3059139251709,27868
2016-11-23 00:00:00+01:00,16.464094161987305,16.701366424560547,16.312503814697266,16.701366424560547,7649
2016-11-24 00:00:00+01:00,16.477275848388672,17.465913772583008,16.477275848388672,17.426366806030273,20393
2016-11-25 00:00:00+01:00,17.426366806030273,17.426366806030273,16.543184280395508,17.070457458496094,3667
2016-11-28 00:00:00+01:00,16.872730255126953,17.103412628173828,16.806821823120117,17.103412628173828,7631
2016-11-29 00:00:00+01:00,16.89250373840332,17.136367797851562,16.806821823120117,17.136367797851562,5947
2016-11-30 00:00:00+01:00,17.136367797851562,17.169321060180664,17.136367797851562,17.169321060180664,4626
2016-12-01 00:00:00+01:00,17.136367797851562,17.136367797851562,17.136367797851562,17.136367797851562,36
2016-12-02 00:00:00+01:00,17.09682273864746,17.09682273864746,16.24000358581543,16.477275848388672,1345
2016-12-05 00:00:00+01:00,16.477275848388672,16.477275848388672,15.897275924682617,16.44432258605957,14779
2016-12-06 00:00:00+01:00,16.477275848388672,16.806821823120117,16.477275848388672,16.64204978942871,600
2016-12-07 00:00:00+01:00,16.411367416381836,16.64204978942871,16.411367416381836,16.576139450073242,7954
2016-12-08 00:00:00+01:00,16.576139450073242,16.78704833984375,16.576139450073242,16.78704833984375,4779
2016-12-09 00:00:00+01:00,16.576139450073242,16.99136734008789,16.576139450073242,16.98477554321289,9376
2016-12-12 00:00:00+01:00,17.070457458496094,17.070457458496094,16.609094619750977,17.004549026489258,350
2016-12-13 00:00:00+01:00,16.477275848388672,17.09023094177246,16.345457077026367,17.09023094177246,9678
2016-12-14 00:00:00+01:00,17.063867568969727,17.30773162841797,17.063867568969727,17.30113983154297,20291
2016-12-15 00:00:00+01:00,17.136367797851562,17.40000343322754,17.136367797851562,17.367048263549805,3037
2016-12-16 00:00:00+01:00,17.40000343322754,17.44614028930664,17.136367797851562,17.44614028930664,1356
2016-12-19 00:00:00+01:00,17.268186569213867,17.268186569213867,17.136367797851562,17.2550048828125,26399
2016-12-20 00:00:00+01:00,17.136367797851562,17.268186569213867,17.136367797851562,17.268186569213867,2803
2016-12-21 00:00:00+01:00,17.268186569213867,17.465913772583008,17.268186569213867,17.465913772583008,6090
2016-12-22 00:00:00+01:00,17.465913772583008,17.531822204589844,17.465913772583008,17.531822204589844,2435
2016-12-23 00:00:00+01:00,17.531822204589844,17.74932289123535,17.531822204589844,17.74932289123535,6169
2016-12-27 00:00:00+01:00,17.74932289123535,18.138185501098633,17.729549407958984,18.125003814697266,13272
2016-12-28 00:00:00+01:00,18.138185501098633,18.25682258605957,17.86136817932129,18.223867416381836,10447
2016-12-29 00:00:00+01:00,17.86136817932129,18.882959365844727,17.676822662353516,18.685230255126953,7693
2016-12-30 00:00:00+01:00,19.047731399536133,19.377277374267578,18.691822052001953,19.041141510009766,21789
2017-01-02 00:00:00+01:00,19.126821517944336,19.192731857299805,18.1513671875,18.850004196166992,2014
2017-01-03 00:00:00+01:00,18.850004196166992,19.21250343322754,18.850004196166992,19.21250343322754,1943
2017-01-04 00:00:00+01:00,19.1136417388916,19.1136417388916,18.520458221435547,18.520458221435547,6258
2017-01-05 00:00:00+01:00,18.586368560791016,19.1136417388916,18.586368560791016,18.784095764160156,1136
2017-01-09 00:00:00+01:00,19.1136417388916,19.1136417388916,18.784095764160156,18.784095764160156,209
2017-01-10 00:00:00+01:00,18.520458221435547,19.041141510009766,17.993186950683594,19.041141510009766,4480
2017-01-11 00:00:00+01:00,18.915912628173828,19.1136417388916,18.915912628173828,19.1136417388916,2664
2017-01-12 00:00:00+01:00,18.599550247192383,18.65227699279785,18.45454978942871,18.586368560791016,39816
2017-01-13 00:00:00+01:00,18.1909122467041,18.1909122467041,17.86136817932129,18.05909538269043,22757
2017-01-16 00:00:00+01:00,17.993186950683594,19.0147762298584,17.993186950683594,18.718185424804688,4201
2017-01-17 00:00:00+01:00,18.1909122467041,18.60614013671875,17.993186950683594,18.60614013671875,17050
2017-01-18 00:00:00+01:00,18.65227699279785,18.96204948425293,18.1975040435791,18.948867797851562,6540
2017-01-19 00:00:00+01:00,18.981821060180664,19.047731399536133,18.948867797851562,19.047731399536133,8985
2017-01-20 00:00:00+01:00,18.915912628173828,19.377277374267578,18.915912628173828,19.344322204589844,5868
2017-01-23 00:00:00+01:00,19.443185806274414,21.361141204833984,19.390459060668945,21.090913772583008,28927
2017-01-24 00:00:00+01:00,21.07773208618164,23.068187713623047,21.07114028930664,22.409095764160156,328218
2017-01-25 00:00:00+01:00,23.002277374267578,23.397733688354492,22.119096755981445,22.666141510009766,40111
2017-01-26 00:00:00+01:00,22.929777145385742,22.929777145385742,22.409095764160156,22.409095764160156,2165
2017-01-27 00:00:00+01:00,22.409095764160156,22.63977813720703,21.163414001464844,21.552278518676758,5780
2017-01-30 00:00:00+01:00,21.545686721801758,21.545686721801758,20.451595306396484,21.420459747314453,12676
2017-01-31 00:00:00+01:00,21.420459747314453,22.409095764160156,20.8404598236084,22.409095764160156,5032
2017-02-01 00:00:00+01:00,22.475004196166992,22.870460510253906,22.475004196166992,22.75182342529297,3271
2017-02-02 00:00:00+01:00,22.863868713378906,22.863868713378906,22.75182342529297,22.804550170898438,1878
2017-02-03 00:00:00+01:00,22.804550170898438,22.804550170898438,21.78955078125,22.152050018310547,111820
2017-02-06 00:00:00+01:00,22.40250587463379,22.725460052490234,21.776369094848633,22.725460052490234,7935
2017-02-07 00:00:00+01:00,21.815914154052734,22.28386878967285,21.815914154052734,22.092731475830078,1198
2017-02-08 00:00:00+01:00,22.08614158630371,22.34318733215332,21.420459747314453,22.14546012878418,5716
2017-02-09 00:00:00+01:00,22.409095764160156,22.554096221923828,22.40250587463379,22.554096221923828,7613
2017-02-10 00:00:00+01:00,22.725460052490234,23.068187713623047,22.554096221923828,23.002277374267578,4460
2017-02-13 00:00:00+01:00,23.068187713623047,23.068187713623047,22.778186798095703,22.778186798095703,2338
2017-02-14 00:00:00+01:00,22.7386417388916,22.870460510253906,22.43545913696289,22.679323196411133,1127
2017-02-15 00:00:00+01:00,22.672731399536133,22.672731399536133,22.514551162719727,22.54091453552246,1682
2017-02-16 00:00:00+01:00,22.54091453552246,22.804550170898438,22.07954978942871,22.07954978942871,5669
2017-02-17 00:00:00+01:00,22.672731399536133,22.936368942260742,21.090913772583008,21.110687255859375,20256
2017-02-20 00:00:00+01:00,21.090913772583008,21.090913772583008,20.794322967529297,20.853641510009766,21371
2017-02-21 00:00:00+01:00,20.893186569213867,21.354549407958984,20.853641510009766,21.08432388305664,44728
2017-02-22 00:00:00+01:00,20.965686798095703,21.519323348999023,20.8338680267334,21.519323348999023,4343
2017-02-23 00:00:00+01:00,21.519323348999023,22.606822967529297,21.28864097595215,22.409095764160156,9185
2017-02-24 00:00:00+01:00,22.376140594482422,22.40250587463379,21.420459747314453,21.651140213012695,6346
2017-02-27 00:00:00+01:00,22.310232162475586,22.461822509765625,21.782958984375,22.376140594482422,1828
2017-02-28 00:00:00+01:00,22.277278900146484,22.409095764160156,21.914777755737305,22.376140594482422,1210
2017-03-01 00:00:00+01:00,22.07954978942871,24.373186111450195,22.04659652709961,22.547504425048828,21520
2017-03-02 00:00:00+01:00,23.068187713623047,23.265914916992188,22.870460510253906,22.870460510253906,9842
2017-03-03 00:00:00+01:00,22.672731399536133,23.180233001708984,22.409095764160156,23.068187713623047,3454
2017-03-06 00:00:00+01:00,23.068187713623047,23.068187713623047,22.409095764160156,22.409095764160156,2500
2017-03-07 00:00:00+01:00,22.409095764160156,22.7386417388916,21.460004806518555,21.954322814941406,7561
2017-03-08 00:00:00+01:00,21.466596603393555,22.171823501586914,21.453414916992188,22.171823501586914,1110
2017-03-09 00:00:00+01:00,21.58523178100586,21.618186950683594,20.899776458740234,20.906368255615234,3919
2017-03-10 00:00:00+01:00,21.090913772583008,22.013641357421875,20.9261417388916,22.013641357421875,4577
2017-03-13 00:00:00+01:00,21.598413467407227,22.072959899902344,21.58523178100586,22.072959899902344,2154
2017-03-14 00:00:00+01:00,22.033414840698242,22.04000473022461,21.48636817932129,21.7500057220459,3777
2017-03-15 00:00:00+01:00,21.156822204589844,22.507959365844727,21.156822204589844,22.409095764160156,55400
2017-03-16 00:00:00+01:00,22.409095764160156,23.068187713623047,22.07954978942871,23.068187713623047,6973
2017-03-17 00:00:00+01:00,23.074777603149414,25.3815975189209,23.074777603149414,25.045459747314453,102040
2017-03-20 00:00:00+01:00,25.085006713867188,27.58955192565918,24.70932388305664,26.3636417388916,23772
2017-03-21 00:00:00+01:00,27.48409652709961,31.109098434448242,27.016143798828125,30.990461349487305,65283
2017-03-22 00:00:00+01:00,31.043188095092773,32.69091796875,28.354097366333008,29.329551696777344,56444
2017-03-23 00:00:00+01:00,29.65909767150879,30.93114471435547,29.362506866455078,29.39546012878418,33872
2017-03-24 00:00:00+01:00,29.46137046813965,29.988643646240234,29.329551696777344,29.9556884765625,26887
2017-03-27 00:00:00+02:00,29.876598358154297,29.876598358154297,28.406824111938477,29.85682487487793,2773
2017-03-28 00:00:00+02:00,29.85682487487793,49.43183135986328,28.802278518676758,49.43183135986328,41264
2017-03-29 00:00:00+02:00,49.300010681152344,49.300010681152344,37.56819152832031,38.88637161254883,162194
2017-03-30 00:00:00+02:00,37.66705322265625,39.87500762939453,34.5890998840332,34.94500732421875,71179
2017-03-31 00:00:00+02:00,34.997737884521484,36.70478057861328,34.85932540893555,36.11819076538086,107461
2017-04-03 00:00:00+02:00,36.63887023925781,37.831825256347656,35.623870849609375,36.71137237548828,72197
2017-04-04 00:00:00+02:00,36.91569137573242,37.42319107055664,35.65682601928711,36.10500717163086,32525
2017-04-05 00:00:00+02:00,36.57955551147461,36.84318923950195,35.28114318847656,36.57955551147461,20185
2017-04-06 00:00:00+02:00,36.84318923950195,36.84318923950195,34.80000686645508,35.59091567993164,16108
2017-04-07 00:00:00+02:00,35.95341873168945,35.97978210449219,35.07682418823242,35.59091567993164,10338
2017-04-10 00:00:00+02:00,35.78864669799805,36.25000762939453,35.78864669799805,36.05228042602539,16531
2017-04-11 00:00:00+02:00,36.25000762939453,36.57955551147461,34.60227966308594,36.11819076538086,54927
2017-04-12 00:00:00+02:00,36.56637191772461,36.56637191772461,36.11819076538086,36.25000762939453,11430
2017-04-13 00:00:00+02:00,36.25000762939453,36.51364517211914,35.3075065612793,36.2170524597168,2159
2017-04-18 00:00:00+02:00,36.2170524597168,36.25000762939453,35.59091567993164,36.151145935058594,6446
2017-04-19 00:00:00+02:00,35.59091567993164,41.45682907104492,35.3338737487793,40.830692291259766,173035
2017-04-20 00:00:00+02:00,40.53409957885742,42.77500915527344,39.215919494628906,40.53409957885742,79812
2017-04-21 00:00:00+02:00,40.20455551147461,40.8636474609375,39.710235595703125,40.40887451171875,10793
2017-04-24 00:00:00+02:00,40.79773712158203,41.522735595703125,40.21114730834961,40.73182678222656,9447
2017-04-25 00:00:00+02:00,40.369327545166016,40.45500946044922,39.215919494628906,40.20455551147461,12641
2017-04-26 00:00:00+02:00,36.77069091796875,37.897735595703125,34.931827545166016,37.79228210449219,73382
2017-04-27 00:00:00+02:00,36.41477966308594,37.515464782714844,36.25000762939453,37.238643646240234,11801
2017-04-28 00:00:00+02:00,38.293190002441406,38.49091720581055,37.845008850097656,38.2272834777832,41784
2017-05-02 00:00:00+02:00,38.609554290771484,40.7779655456543,38.609554290771484,40.20455551147461,13888
2017-05-04 00:00:00+02:00,40.8636474609375,40.8636474609375,39.8618278503418,40.20455551147461,16979
2017-05-05 00:00:00+02:00,40.8570556640625,41.8456916809082,40.21114730834961,41.8456916809082,21280
2017-05-08 00:00:00+02:00,42.181827545166016,42.52455520629883,40.9295539855957,42.11591720581055,13597
2017-05-09 00:00:00+02:00,42.11591720581055,42.11591720581055,40.07273864746094,40.07273864746094,15808
2017-05-10 00:00:00+02:00,40.07273864746094,40.8636474609375,40.07273864746094,40.20455551147461,93343
2017-05-11 00:00:00+02:00,40.00682830810547,40.73182678222656,39.907962799072266,40.237510681152344,118379
2017-05-12 00:00:00+02:00,40.171600341796875,40.40228271484375,40.171600341796875,40.20455551147461,4316
2017-05-15 00:00:00+02:00,40.20455551147461,40.369327545166016,38.23387145996094,38.88637161254883,3299
2017-05-16 00:00:00+02:00,39.466373443603516,39.466373443603516,38.88637161254883,39.17637252807617,2298
2017-05-17 00:00:00+02:00,40.171600341796875,40.171600341796875,36.322509765625,37.17273712158203,7029
2017-05-18 00:00:00+02:00,36.90909957885742,39.54546356201172,36.90909957885742,38.622737884521484,8056
2017-05-19 00:00:00+02:00,38.2272834777832,39.512508392333984,38.2272834777832,39.512508392333984,2319
2017-05-22 00:00:00+02:00,39.54546356201172,39.54546356201172,37.56819152832031,37.60114669799805,5556
2017-05-23 00:00:00+02:00,38.359100341796875,39.34773635864258,37.897735595703125,38.88637161254883,791
2017-05-24 00:00:00+02:00,38.365692138671875,38.39205551147461,37.56819152832031,38.2272834777832,2084
2017-05-25 00:00:00+02:00,37.851600646972656,38.33273696899414,37.63410186767578,38.33273696899414,1329
2017-05-26 00:00:00+02:00,37.80546188354492,38.88637161254883,37.80546188354492,38.556827545166016,1414
2017-05-29 00:00:00+02:00,37.963645935058594,38.45137405395508,37.963645935058594,38.095462799072266,2115
2017-05-30 00:00:00+02:00,37.81864547729492,37.897735595703125,37.2320556640625,37.403419494628906,3618
2017-05-31 00:00:00+02:00,37.68023681640625,39.87500762939453,37.68023681640625,39.209327697753906,12448
2017-06-01 00:00:00+02:00,39.54546356201172,39.54546356201172,38.46455383300781,39.16319274902344,13765
2017-06-02 00:00:00+02:00,38.88637161254883,40.33637237548828,38.306373596191406,40.07273864746094,18302
2017-06-05 00:00:00+02:00,40.07273864746094,42.234554290771484,39.710235595703125,42.181827545166016,28832
2017-06-06 00:00:00+02:00,42.181827545166016,42.511375427246094,42.181827545166016,42.247737884521484,13090
2017-06-07 00:00:00+02:00,42.247737884521484,42.47182846069336,41.56887435913086,42.47182846069336,25444
2017-06-08 00:00:00+02:00,42.247737884521484,45.14773941040039,41.924781799316406,43.598873138427734,30341
2017-06-09 00:00:00+02:00,45.4772834777832,46.136375427246094,44.501827239990234,44.963191986083984,12744
2017-06-12 00:00:00+02:00,44.963191986083984,45.32569122314453,42.98591995239258,43.93500900268555,11946
2017-06-13 00:00:00+02:00,44.15909957885742,45.4772834777832,42.91341781616211,43.17046356201172,9206
2017-06-14 00:00:00+02:00,43.17046356201172,44.455692291259766,42.847511291503906,44.15909957885742,5952
2017-06-15 00:00:00+02:00,44.15909957885742,44.15909957885742,44.15909957885742,44.15909957885742,0
2017-06-16 00:00:00+02:00,44.17887496948242,44.521602630615234,44.15909957885742,44.15909957885742,1345
2017-06-19 00:00:00+02:00,44.192054748535156,45.14773941040039,43.96137237548828,44.41614532470703,7719
2017-06-20 00:00:00+02:00,44.15909957885742,44.15909957885742,42.939781188964844,43.03864669799805,4216
2017-06-21 00:00:00+02:00,43.796600341796875,43.816375732421875,42.91341781616211,43.76364517211914,2300
2017-06-22 00:00:00+02:00,43.757057189941406,44.15909957885742,43.750465393066406,44.15909957885742,1055
2017-06-23 00:00:00+02:00,44.67978286743164,44.752281188964844,43.84273910522461,44.752281188964844,2225
2017-06-26 00:00:00+02:00,44.304100036621094,44.304100036621094,43.77023696899414,43.90864562988281,778
2017-06-27 00:00:00+02:00,43.32205581665039,43.5000114440918,41.89182662963867,41.984100341796875,7080
2017-06-28 00:00:00+02:00,41.984100341796875,42.01705551147461,40.375919342041016,41.19319152832031,6433
2017-06-29 00:00:00+02:00,41.95773696899414,41.95773696899414,40.99546432495117,41.18001174926758,864
2017-06-30 00:00:00+02:00,40.876827239990234,41.00205612182617,40.40228271484375,40.8372802734375,1245
2017-07-03 00:00:00+02:00,40.53409957885742,40.7647819519043,40.53409957885742,40.72523880004883,999
2017-07-04 00:00:00+02:00,40.20455551147461,41.489784240722656,38.93251037597656,38.93251037597656,113620
2017-07-05 00:00:00+02:00,38.747962951660156,38.747962951660156,37.56819152832031,37.93069076538086,15378
2017-07-06 00:00:00+02:00,37.3045539855957,38.425010681152344,37.3045539855957,37.93728256225586,3023
2017-07-07 00:00:00+02:00,38.556827545166016,39.512508392333984,38.2272834777832,38.68205642700195,4984
2017-07-10 00:00:00+02:00,38.68864440917969,39.15000915527344,38.359100341796875,39.018192291259766,2952
2017-07-11 00:00:00+02:00,39.018192291259766,39.018192291259766,38.556827545166016,38.873191833496094,3527
2017-07-12 00:00:00+02:00,38.813873291015625,38.813873291015625,38.095462799072266,38.095462799072266,3353
2017-07-13 00:00:00+02:00,38.2206916809082,38.2206916809082,36.348873138427734,36.77069091796875,27260
2017-07-14 00:00:00+02:00,36.77069091796875,36.77069091796875,36.480690002441406,36.71137237548828,1517
2017-07-17 00:00:00+02:00,36.70478057861328,36.70478057861328,35.577735900878906,35.577735900878906,11538
2017-07-18 00:00:00+02:00,35.59750747680664,37.72637176513672,35.59091567993164,36.84318923950195,5257
2017-07-19 00:00:00+02:00,36.90909957885742,37.719783782958984,36.25659942626953,37.55500793457031,1863
2017-07-20 00:00:00+02:00,37.436370849609375,38.08887481689453,36.91569137573242,37.897735595703125,6989
2017-07-21 00:00:00+02:00,37.56819152832031,37.56819152832031,36.90909957885742,37.3045539855957,1725
2017-07-24 00:00:00+02:00,37.10023498535156,37.10023498535156,36.282962799072266,36.90909957885742,1057
2017-07-25 00:00:00+02:00,36.90909957885742,36.90909957885742,35.72273635864258,35.72273635864258,3066
2017-07-26 00:00:00+02:00,35.59091567993164,36.57955551147461,35.59091567993164,35.85455322265625,2193
2017-07-27 00:00:00+02:00,35.59091567993164,36.540008544921875,35.59091567993164,36.540008544921875,1929
2017-07-28 00:00:00+02:00,36.57955551147461,36.57955551147461,35.689781188964844,35.92046356201172,571
2017-07-31 00:00:00+02:00,35.59091567993164,35.59091567993164,33.6795539855957,34.931827545166016,8878
2017-08-01 00:00:00+02:00,34.33864212036133,34.931827545166016,34.272735595703125,34.931827545166016,12216
2017-08-02 00:00:00+02:00,34.93841552734375,36.90909957885742,31.511144638061523,32.03182601928711,39370
2017-08-03 00:00:00+02:00,32.04500961303711,33.613643646240234,32.03182601928711,33.21818923950195,12280
2017-08-04 00:00:00+02:00,33.613643646240234,33.613643646240234,32.82273483276367,32.82273483276367,5806
2017-08-07 00:00:00+02:00,32.961143493652344,32.961143493652344,32.42728042602539,32.49319076538086,2837
2017-08-08 00:00:00+02:00,33.71250915527344,34.25296401977539,32.954551696777344,33.6795539855957,12145
2017-08-09 00:00:00+02:00,33.93000793457031,35.3931884765625,33.6795539855957,34.470462799072266,11805
2017-08-10 00:00:00+02:00,34.925235748291016,34.931827545166016,34.266143798828125,34.272735595703125,4336
2017-08-11 00:00:00+02:00,34.272735595703125,34.272735595703125,32.967735290527344,33.613643646240234,3468
2017-08-14 00:00:00+02:00,33.44887161254883,33.613643646240234,33.44887161254883,33.613643646240234,930
2017-08-15 00:00:00+02:00,33.613643646240234,33.613643646240234,33.613643646240234,33.613643646240234,0
2017-08-16 00:00:00+02:00,33.21818923950195,33.415916442871094,33.06660079956055,33.06660079956055,3788
2017-08-17 00:00:00+02:00,33.613643646240234,33.613643646240234,32.88864517211914,32.954551696777344,3582
2017-08-18 00:00:00+02:00,32.94796371459961,32.954551696777344,32.30205154418945,32.30205154418945,524
2017-08-21 00:00:00+02:00,31.965917587280273,33.48182678222656,30.31818962097168,30.384098052978516,11799
2017-08-22 00:00:00+02:00,30.384098052978516,32.55909729003906,28.334325790405273,31.636371612548828,22570
2017-08-23 00:00:00+02:00,31.636371612548828,32.55909729003906,31.636371612548828,31.682506561279297,2148
2017-08-24 00:00:00+02:00,32.196598052978516,32.196598052978516,30.680688858032227,31.965917587280273,1401
2017-08-25 00:00:00+02:00,31.83409881591797,32.62500762939453,31.043188095092773,32.55250930786133,4267
2017-08-28 00:00:00+02:00,32.62500762939453,32.62500762939453,31.636371612548828,32.42068862915039,1526
2017-08-29 00:00:00+02:00,31.702280044555664,31.702280044555664,31.31341552734375,31.636371612548828,1746
2017-08-30 00:00:00+02:00,32.48659896850586,32.62500762939453,31.702280044555664,32.62500762939453,21672
2017-08-31 00:00:00+02:00,32.69091796875,33.93000793457031,32.69091796875,32.954551696777344,5137
2017-09-01 00:00:00+02:00,32.94137191772461,33.771827697753906,32.36137008666992,33.54114532470703,1124
2017-09-04 00:00:00+02:00,33.33023452758789,33.33023452758789,32.954551696777344,33.33023452758789,3547
2017-09-05 00:00:00+02:00,33.607051849365234,34.10796356201172,32.29546356201172,34.009098052978516,3780
2017-09-06 00:00:00+02:00,33.94319152832031,33.94319152832031,33.15228271484375,33.44887161254883,1904
2017-09-07 00:00:00+02:00,33.44887161254883,33.93659973144531,33.44887161254883,33.613643646240234,267
2017-09-08 00:00:00+02:00,33.00069046020508,33.310462951660156,32.921600341796875,32.921600341796875,1004
2017-09-11 00:00:00+02:00,32.35477828979492,33.28409957885742,32.35477828979492,32.954551696777344,11996
2017-09-12 00:00:00+02:00,32.954551696777344,33.06660079956055,32.36796188354492,32.69091796875,1016
2017-09-13 00:00:00+02:00,32.42068862915039,32.42068862915039,31.708871841430664,31.801143646240234,1260
2017-09-14 00:00:00+02:00,31.57046127319336,31.83409881591797,30.983871459960938,31.8143253326416,11119
2017-09-15 00:00:00+02:00,33.93659973144531,33.99591827392578,32.954551696777344,33.870689392089844,37386
2017-09-18 00:00:00+02:00,33.89705276489258,34.918643951416016,33.48182678222656,34.918643951416016,30525
2017-09-19 00:00:00+02:00,34.997737884521484,36.137962341308594,34.997737884521484,36.098419189453125,8472
2017-09-20 00:00:00+02:00,36.10500717163086,36.25000762939453,36.085235595703125,36.2368278503418,9860
2017-09-21 00:00:00+02:00,36.25000762939453,36.25000762939453,35.60409927368164,36.131370544433594,11233
2017-09-22 00:00:00+02:00,35.630462646484375,36.25000762939453,35.26796340942383,35.26796340942383,6234
2017-09-25 00:00:00+02:00,35.19546127319336,35.91387176513672,35.19546127319336,35.52500915527344,625
2017-09-26 00:00:00+02:00,35.52500915527344,36.11819076538086,35.19546127319336,35.72273635864258,1157
2017-09-27 00:00:00+02:00,36.2170524597168,36.2170524597168,36.05228042602539,36.05228042602539,277
2017-09-28 00:00:00+02:00,36.21046447753906,36.21046447753906,35.85455322265625,36.05228042602539,1318
2017-09-29 00:00:00+02:00,36.2170524597168,36.2170524597168,35.59091567993164,36.144554138183594,3456
2017-10-02 00:00:00+02:00,36.38182830810547,38.293190002441406,33.94977951049805,34.272735595703125,17675
2017-10-03 00:00:00+02:00,34.272735595703125,36.2434196472168,33.613643646240234,35.92046356201172,25655
2017-10-04 00:00:00+02:00,36.2170524597168,36.51364517211914,35.59091567993164,36.348873138427734,4472
2017-10-05 00:00:00+02:00,36.2434196472168,36.50046157836914,35.45909881591797,36.16432571411133,3421
2017-10-06 00:00:00+02:00,36.16432571411133,36.16432571411133,35.162506103515625,35.92046356201172,444
2017-10-09 00:00:00+02:00,25.704551696777344,32.94796371459961,25.704551696777344,29.738189697265625,154034
2017-10-10 00:00:00+02:00,30.595006942749023,31.636371612548828,30.595006942749023,31.306825637817383,20802
2017-10-11 00:00:00+02:00,32.16364288330078,32.16364288330078,29.790916442871094,30.35114288330078,30144
2017-10-12 00:00:00+02:00,30.779552459716797,30.845462799072266,30.02159881591797,30.02159881591797,9271
2017-10-13 00:00:00+02:00,30.31818962097168,31.405689239501953,29.65909767150879,30.96409797668457,8158
2017-10-16 00:00:00+02:00,31.57046127319336,32.5854606628418,30.647733688354492,30.977279663085938,27235
2017-10-17 00:00:00+02:00,31.93296241760254,31.93296241760254,30.35114288330078,31.089324951171875,8877
2017-10-18 00:00:00+02:00,31.306825637817383,31.306825637817383,30.35114288330078,30.680688858032227,2697
2017-10-19 00:00:00+02:00,30.548870086669922,31.240915298461914,30.25227928161621,30.31818962097168,1521
2017-10-20 00:00:00+02:00,31.109098434448242,31.109098434448242,29.988643646240234,30.647733688354492,933
2017-10-23 00:00:00+02:00,30.647733688354492,30.647733688354492,28.670461654663086,29.520689010620117,12725
2017-10-24 00:00:00+02:00,29.527280807495117,29.527280807495117,27.820234298706055,28.34091567993164,19328
2017-10-25 00:00:00+02:00,27.681825637817383,28.011369705200195,27.095233917236328,27.424779891967773,13636
2017-10-26 00:00:00+02:00,27.681825637817383,28.20250701904297,27.29296112060547,27.98500633239746,8749
2017-10-27 00:00:00+02:00,28.209096908569336,28.209096908569336,27.451143264770508,27.813642501831055,3535
2017-10-30 00:00:00+01:00,27.358869552612305,28.209096908569336,27.352279663085938,28.209096908569336,2586
2017-10-31 00:00:00+01:00,28.1431884765625,29.00000762939453,28.1431884765625,28.868188858032227,1415
2017-11-01 00:00:00+01:00,28.868188858032227,28.868188858032227,28.868188858032227,28.868188858032227,0
2017-11-02 00:00:00+01:00,28.835233688354492,28.835233688354492,27.451143264770508,28.584779739379883,42264
2017-11-03 00:00:00+01:00,28.584779739379883,28.604551315307617,28.07727813720703,28.07727813720703,7935
2017-11-06 00:00:00+01:00,28.07727813720703,28.07727813720703,27.714778900146484,27.93886947631836,36415
2017-11-07 00:00:00+01:00,29.00000762939453,29.00000762939453,27.721370697021484,28.07727813720703,2463
2017-11-08 00:00:00+01:00,28.04432487487793,28.571598052978516,27.681825637817383,28.34091567993164,86963
2017-11-09 00:00:00+01:00,28.54523468017578,28.571598052978516,27.681825637817383,28.209096908569336,45788
2017-11-10 00:00:00+01:00,28.53864288330078,28.868188858032227,27.714778900146484,28.868188858032227,981
2017-11-13 00:00:00+01:00,28.604551315307617,28.604551315307617,28.011369705200195,28.011369705200195,861
2017-11-14 00:00:00+01:00,27.695005416870117,28.604551315307617,27.695005416870117,28.604551315307617,6838
2017-11-15 00:00:00+01:00,28.630916595458984,30.9113712310791,28.604551315307617,30.71364402770996,10849
2017-11-16 00:00:00+01:00,30.71364402770996,32.954551696777344,29.922733306884766,32.22955322265625,33420
2017-11-17 00:00:00+01:00,32.49319076538086,32.88864517211914,32.22955322265625,32.61841583251953,3582
2017-11-20 00:00:00+01:00,32.69091796875,32.78977966308594,30.983871459960938,31.52432632446289,6583
2017-11-21 00:00:00+01:00,31.240915298461914,32.36137008666992,30.983871459960938,30.983871459960938,56562
2017-11-22 00:00:00+01:00,31.37273406982422,31.37273406982422,30.977279663085938,31.306825637817383,1708
2017-11-23 00:00:00+01:00,30.977279663085938,32.855690002441406,30.9047794342041,31.998870849609375,8904
2017-11-24 00:00:00+01:00,32.855690002441406,33.613643646240234,32.855690002441406,33.613643646240234,32590
2017-11-27 00:00:00+01:00,33.613643646240234,34.272735595703125,33.28409957885742,34.14091873168945,8223
2017-11-28 00:00:00+01:00,34.14091873168945,36.2434196472168,34.04205322265625,36.2434196472168,33036
2017-11-29 00:00:00+01:00,36.25000762939453,37.238643646240234,36.25000762939453,37.238643646240234,26060
2017-11-30 00:00:00+01:00,38.095462799072266,38.095462799072266,35.95341873168945,37.238643646240234,17471
2017-12-01 00:00:00+01:00,37.88455581665039,37.88455581665039,35.95341873168945,36.90909957885742,4202
2017-12-04 00:00:00+01:00,38.2140998840332,38.2140998840332,36.57955551147461,37.238643646240234,2379
2017-12-05 00:00:00+01:00,37.238643646240234,37.56819152832031,36.750919342041016,36.750919342041016,3095
2017-12-06 00:00:00+01:00,36.83660125732422,36.90909957885742,34.931827545166016,35.3272819519043,2436
2017-12-07 00:00:00+01:00,36.25000762939453,36.25000762939453,35.52500915527344,35.92046356201172,917
2017-12-08 00:00:00+01:00,36.25000762939453,36.25000762939453,35.59091567993164,36.17750930786133,358
2017-12-11 00:00:00+01:00,35.59091567993164,35.59091567993164,33.85750961303711,35.26137161254883,25327
2017-12-12 00:00:00+01:00,35.59091567993164,35.59091567993164,34.318870544433594,34.318870544433594,7760
2017-12-13 00:00:00+01:00,34.272735595703125,36.11819076538086,33.85091781616211,35.623870849609375,7146
2017-12-14 00:00:00+01:00,35.623870849609375,35.623870849609375,34.30569076538086,35.26137161254883,2515
2017-12-15 00:00:00+01:00,34.668190002441406,35.20205307006836,33.96296310424805,35.09000778198242,1309
2017-12-18 00:00:00+01:00,37.700008392333984,38.754554748535156,36.84318923950195,37.16614532470703,16005
2017-12-19 00:00:00+01:00,36.90909957885742,36.90909957885742,34.85273361206055,36.25000762939453,190090
2017-12-20 00:00:00+01:00,36.77728271484375,36.87614440917969,35.29432678222656,36.57955551147461,4879
2017-12-21 00:00:00+01:00,36.89591979980469,36.89591979980469,36.25000762939453,36.77728271484375,36149
2017-12-22 00:00:00+01:00,36.64546203613281,37.10023498535156,36.38182830810547,36.90909957885742,3002
2017-12-25 00:00:00+01:00,36.90909957885742,36.90909957885742,36.90909957885742,36.90909957885742,0
2017-12-26 00:00:00+01:00,36.90909957885742,36.90909957885742,36.90909957885742,36.90909957885742,0
2017-12-27 00:00:00+01:00,37.040916442871094,37.16614532470703,36.38182830810547,37.040916442871094,15331
2017-12-28 00:00:00+01:00,37.16614532470703,38.47773742675781,36.90909957885742,38.26023483276367,11685
2017-12-29 00:00:00+01:00,36.25000762939453,38.2272834777832,36.25000762939453,38.2272834777832,60143
2018-01-01 00:00:00+01:00,38.2272834777832,38.2272834777832,38.2272834777832,38.2272834777832,0
2018-01-02 00:00:00+01:00,38.2272834777832,38.2272834777832,38.2272834777832,38.2272834777832,0
2018-01-03 00:00:00+01:00,38.2272834777832,38.2272834777832,36.57955551147461,38.2272834777832,7924
2018-01-04 00:00:00+01:00,38.2272834777832,38.2272834777832,37.502281188964844,37.76591873168945,3852
2018-01-05 00:00:00+01:00,38.161373138427734,38.2272834777832,37.897735595703125,38.095462799072266,1803
2018-01-08 00:00:00+01:00,38.2272834777832,40.13864517211914,37.56819152832031,40.07273864746094,13322
2018-01-09 00:00:00+01:00,39.87500762939453,41.25910186767578,39.018192291259766,40.27046585083008,12341
2018-01-10 00:00:00+01:00,39.34773635864258,41.19319152832031,39.34773635864258,40.79773712158203,2030
2018-01-11 00:00:00+01:00,40.8636474609375,40.8636474609375,40.46818923950195,40.53409957885742,8108
2018-01-12 00:00:00+01:00,40.53409957885742,40.53409957885742,40.20455551147461,40.46818923950195,16117
2018-01-15 00:00:00+01:00,40.20455551147461,40.53409957885742,39.87500762939453,40.13864517211914,5738
2018-01-16 00:00:00+01:00,40.53409957885742,40.53409957885742,38.88637161254883,39.54546356201172,3692
2018-01-17 00:00:00+01:00,39.54546356201172,39.54546356201172,38.556827545166016,38.68864440917969,1596
2018-01-18 00:00:00+01:00,39.15000915527344,39.80910110473633,38.88637161254883,39.281829833984375,3503
2018-01-19 00:00:00+01:00,39.54546356201172,39.80910110473633,39.281829833984375,39.80910110473633,2650
2018-01-22 00:00:00+01:00,39.61137390136719,40.73182678222656,39.41364669799805,39.54546356201172,44273
2018-01-23 00:00:00+01:00,40.20455551147461,40.20455551147461,39.41364669799805,39.54546356201172,25243
2018-01-24 00:00:00+01:00,39.47955322265625,39.61137390136719,39.47955322265625,39.54546356201172,8702
2018-01-25 00:00:00+01:00,39.47955322265625,39.47955322265625,38.359100341796875,38.49091720581055,2196
2018-01-26 00:00:00+01:00,38.359100341796875,39.215919494628906,38.359100341796875,39.215919494628906,954
2018-01-29 00:00:00+01:00,39.15000915527344,39.15000915527344,36.97500991821289,38.556827545166016,68553
2018-01-30 00:00:00+01:00,38.556827545166016,38.556827545166016,38.556827545166016,38.556827545166016,0
2018-01-31 00:00:00+01:00,38.556827545166016,38.88637161254883,37.37046432495117,38.88637161254883,2608
2018-02-01 00:00:00+01:00,38.88637161254883,39.215919494628906,38.556827545166016,38.88637161254883,1661
2018-02-02 00:00:00+01:00,39.215919494628906,39.215919494628906,38.095462799072266,38.2272834777832,1998
2018-02-05 00:00:00+01:00,38.2272834777832,38.293190002441406,35.19546127319336,36.97500991821289,12844
2018-02-06 00:00:00+01:00,34.272735595703125,36.64546203613281,34.272735595703125,36.25000762939453,25090
2018-02-07 00:00:00+01:00,36.64546203613281,37.436370849609375,36.64546203613281,37.10682678222656,5675
2018-02-08 00:00:00+01:00,37.56819152832031,37.963645935058594,37.56819152832031,37.963645935058594,8604
2018-02-09 00:00:00+01:00,37.700008392333984,38.88637161254883,36.38182830810547,37.63410186767578,4891
2018-02-12 00:00:00+01:00,37.63410186767578,38.754554748535156,36.57955551147461,37.436370849609375,6103
2018-02-13 00:00:00+01:00,38.161373138427734,38.293190002441406,36.57955551147461,37.56819152832031,9746
2018-02-14 00:00:00+01:00,38.754554748535156,40.13864517211914,38.556827545166016,39.61137390136719,28457
2018-02-15 00:00:00+01:00,39.80910110473633,41.19319152832031,39.80910110473633,40.27046585083008,66320
2018-02-16 00:00:00+01:00,40.73182678222656,41.06137466430664,40.33637237548828,40.79773712158203,38675
2018-02-19 00:00:00+01:00,40.79773712158203,42.840919494628906,40.79773712158203,42.379554748535156,33377
2018-02-20 00:00:00+01:00,42.77500915527344,42.77500915527344,40.8636474609375,40.8636474609375,4383
2018-02-21 00:00:00+01:00,41.522735595703125,41.522735595703125,40.46818923950195,41.19319152832031,10380
2018-02-22 00:00:00+01:00,41.127281188964844,41.786373138427734,40.53409957885742,40.8636474609375,6052
2018-02-23 00:00:00+01:00,40.8636474609375,40.9295539855957,40.53409957885742,40.9295539855957,2571
2018-02-26 00:00:00+01:00,41.25910186767578,41.65455627441406,41.25910186767578,41.588645935058594,1183
2018-02-27 00:00:00+01:00,41.588645935058594,41.588645935058594,40.99546432495117,41.45682907104492,1635
2018-02-28 00:00:00+01:00,41.522735595703125,41.522735595703125,40.40228271484375,40.8636474609375,3727
2018-03-01 00:00:00+01:00,40.33637237548828,40.60000991821289,38.622737884521484,39.94091796875,11842
2018-03-02 00:00:00+01:00,39.94091796875,40.13864517211914,39.34773635864258,39.54546356201172,3950
2018-03-05 00:00:00+01:00,40.07273864746094,40.07273864746094,39.61137390136719,39.74319076538086,1072
2018-03-06 00:00:00+01:00,40.07273864746094,40.33637237548828,39.281829833984375,39.67728042602539,2829
2018-03-07 00:00:00+01:00,39.87500762939453,39.87500762939453,38.88637161254883,39.47955322265625,2011
2018-03-08 00:00:00+01:00,39.61137390136719,39.61137390136719,39.47955322265625,39.61137390136719,990
2018-03-09 00:00:00+01:00,39.61137390136719,39.61137390136719,39.61137390136719,39.61137390136719,318
2018-03-12 00:00:00+01:00,39.87500762939453,40.53409957885742,39.87500762939453,40.53409957885742,3392
2018-03-13 00:00:00+01:00,40.20455551147461,40.40228271484375,40.07273864746094,40.40228271484375,1608
2018-03-14 00:00:00+01:00,40.20455551147461,40.20455551147461,38.2272834777832,39.54546356201172,11902
2018-03-15 00:00:00+01:00,39.54546356201172,39.54546356201172,39.281829833984375,39.34773635864258,840
2018-03-16 00:00:00+01:00,39.15000915527344,39.61137390136719,38.88637161254883,38.88637161254883,2790
2018-03-19 00:00:00+01:00,38.88637161254883,38.9522819519043,37.56819152832031,37.56819152832031,5097
2018-03-20 00:00:00+01:00,37.502281188964844,39.215919494628906,36.90909957885742,38.359100341796875,4867
2018-03-21 00:00:00+01:00,38.556827545166016,38.754554748535156,37.831825256347656,38.622737884521484,3730
2018-03-22 00:00:00+01:00,39.47955322265625,39.47955322265625,37.963645935058594,38.095462799072266,2588
2018-03-23 00:00:00+01:00,37.897735595703125,38.68864440917969,37.502281188964844,38.68864440917969,2504
2018-03-26 00:00:00+02:00,38.68864440917969,39.54546356201172,37.700008392333984,38.88637161254883,7023
2018-03-27 00:00:00+02:00,39.34773635864258,39.74319076538086,38.88637161254883,39.67728042602539,4953
2018-03-28 00:00:00+02:00,39.47955322265625,40.20455551147461,38.556827545166016,40.20455551147461,19378
2018-03-29 00:00:00+02:00,40.20455551147461,40.40228271484375,39.41364669799805,40.00682830810547,107919
2018-03-30 00:00:00+02:00,40.00682830810547,40.00682830810547,40.00682830810547,40.00682830810547,0
2018-04-02 00:00:00+02:00,40.00682830810547,40.00682830810547,40.00682830810547,40.00682830810547,0
2018-04-03 00:00:00+02:00,39.34773635864258,39.41364669799805,38.88637161254883,39.41364669799805,12841
2018-04-04 00:00:00+02:00,39.54546356201172,39.67728042602539,39.215919494628906,39.54546356201172,23430
2018-04-05 00:00:00+02:00,39.87500762939453,39.87500762939453,39.215919494628906,39.54546356201172,1479
2018-04-06 00:00:00+02:00,39.54546356201172,39.54546356201172,39.018192291259766,39.215919494628906,13451
2018-04-09 00:00:00+02:00,39.08409881591797,39.08409881591797,38.9522819519043,39.018192291259766,1667
2018-04-10 00:00:00+02:00,38.88637161254883,38.9522819519043,37.963645935058594,38.359100341796875,11394
2018-04-11 00:00:00+02:00,38.359100341796875,38.359100341796875,36.38182830810547,37.63410186767578,28478
2018-04-12 00:00:00+02:00,38.095462799072266,39.215919494628906,37.700008392333984,38.161373138427734,24603
2018-04-13 00:00:00+02:00,39.215919494628906,39.54546356201172,38.161373138427734,39.54546356201172,48692
2018-04-16 00:00:00+02:00,39.215919494628906,39.54546356201172,38.2272834777832,39.47955322265625,22141
2018-04-17 00:00:00+02:00,39.215919494628906,39.34773635864258,38.88637161254883,39.34773635864258,1081
2018-04-18 00:00:00+02:00,39.47955322265625,39.47955322265625,38.9522819519043,39.215919494628906,4014
2018-04-19 00:00:00+02:00,39.215919494628906,39.41364669799805,38.49091720581055,39.41364669799805,9296
2018-04-20 00:00:00+02:00,39.41364669799805,39.41364669799805,38.556827545166016,39.15000915527344,8396
2018-04-23 00:00:00+02:00,39.215919494628906,39.41364669799805,38.622737884521484,39.41364669799805,16002
2018-04-24 00:00:00+02:00,38.68864440917969,39.47955322265625,38.68864440917969,39.47955322265625,16108
2018-04-25 00:00:00+02:00,38.88637161254883,39.15000915527344,38.622737884521484,39.15000915527344,11118
2018-04-26 00:00:00+02:00,39.215919494628906,39.215919494628906,38.622737884521484,39.15000915527344,13096
2018-04-27 00:00:00+02:00,39.08409881591797,39.08409881591797,38.622737884521484,39.018192291259766,8338
2018-04-30 00:00:00+02:00,38.88637161254883,39.281829833984375,38.293190002441406,39.281829833984375,11725
2018-05-01 00:00:00+02:00,39.281829833984375,39.281829833984375,39.281829833984375,39.281829833984375,0
2018-05-02 00:00:00+02:00,39.281829833984375,39.94091796875,38.88637161254883,39.80910110473633,12741
2018-05-03 00:00:00+02:00,39.80910110473633,39.80910110473633,39.80910110473633,39.80910110473633,0
2018-05-04 00:00:00+02:00,39.61137390136719,39.61137390136719,38.68864440917969,39.47955322265625,1291
2018-05-07 00:00:00+02:00,39.47955322265625,39.47955322265625,37.56819152832031,38.68864440917969,10139
2018-05-08 00:00:00+02:00,37.436370849609375,38.68864440917969,37.436370849609375,38.2272834777832,1362
2018-05-09 00:00:00+02:00,37.56819152832031,38.161373138427734,36.57955551147461,37.897735595703125,114318
2018-05-10 00:00:00+02:00,37.963645935058594,38.425010681152344,36.97500991821289,38.095462799072266,2514
2018-05-11 00:00:00+02:00,38.161373138427734,38.161373138427734,37.436370849609375,37.897735595703125,108942
2018-05-14 00:00:00+02:00,37.17273712158203,38.0295524597168,37.040916442871094,38.0295524597168,1623
2018-05-15 00:00:00+02:00,37.700008392333984,38.095462799072266,37.10682678222656,37.10682678222656,8273
2018-05-16 00:00:00+02:00,36.97500991821289,38.2272834777832,36.90909957885742,36.90909957885742,1072
2018-05-17 00:00:00+02:00,37.17273712158203,37.17273712158203,36.57955551147461,37.17273712158203,1427
2018-05-18 00:00:00+02:00,37.17273712158203,37.56819152832031,36.84318923950195,37.56819152832031,4741
2018-05-21 00:00:00+02:00,37.897735595703125,37.897735595703125,37.56819152832031,37.56819152832031,7872
2018-05-22 00:00:00+02:00,37.63410186767578,37.63410186767578,36.77728271484375,37.502281188964844,2825
2018-05-23 00:00:00+02:00,36.90909957885742,37.897735595703125,36.31591796875,36.31591796875,52569
2018-05-24 00:00:00+02:00,37.17273712158203,39.61137390136719,34.931827545166016,36.90909957885742,29247
2018-05-25 00:00:00+02:00,37.502281188964844,37.502281188964844,36.90909957885742,37.238643646240234,162036
2018-05-28 00:00:00+02:00,36.90909957885742,38.556827545166016,36.90909957885742,37.56819152832031,1065
2018-05-29 00:00:00+02:00,36.57955551147461,37.502281188964844,36.57955551147461,37.17273712158203,1432
2018-05-30 00:00:00+02:00,37.37046432495117,37.37046432495117,36.64546203613281,36.64546203613281,5767
2018-05-31 00:00:00+02:00,36.64546203613281,36.64546203613281,36.64546203613281,36.64546203613281,0
2018-06-01 00:00:00+02:00,36.64546203613281,36.64546203613281,36.25000762939453,36.57955551147461,635
2018-06-04 00:00:00+02:00,36.57955551147461,37.56819152832031,36.51364517211914,37.56819152832031,1866
2018-06-05 00:00:00+02:00,36.44773483276367,37.502281188964844,36.44773483276367,36.64546203613281,788
2018-06-06 00:00:00+02:00,37.17273712158203,37.238643646240234,36.90909957885742,37.17273712158203,3979
2018-06-07 00:00:00+02:00,37.238643646240234,37.238643646240234,36.57955551147461,36.90909957885742,2169
2018-06-08 00:00:00+02:00,37.10682678222656,37.17273712158203,36.25000762939453,37.17273712158203,3651
2018-06-11 00:00:00+02:00,37.238643646240234,37.502281188964844,36.57955551147461,37.436370849609375,20981
2018-06-12 00:00:00+02:00,36.84318923950195,37.37046432495117,36.31591796875,36.31591796875,455
2018-06-13 00:00:00+02:00,36.25000762939453,37.238643646240234,36.25000762939453,36.84318923950195,908
2018-06-14 00:00:00+02:00,36.25000762939453,37.17273712158203,35.98637390136719,36.25000762939453,50008
2018-06-15 00:00:00+02:00,36.25000762939453,36.57955551147461,36.25000762939453,36.31591796875,5469
2018-06-18 00:00:00+02:00,36.25000762939453,36.25000762939453,34.33864212036133,34.33864212036133,35042
2018-06-19 00:00:00+02:00,34.272735595703125,34.86591720581055,33.547733306884766,34.4045524597168,9124
2018-06-20 00:00:00+02:00,34.931827545166016,34.931827545166016,34.4045524597168,34.86591720581055,2477
2018-06-21 00:00:00+02:00,34.86591720581055,34.931827545166016,33.547733306884766,34.86591720581055,6123
2018-06-22 00:00:00+02:00,34.86591720581055,34.931827545166016,34.33864212036133,34.931827545166016,2727
2018-06-25 00:00:00+02:00,34.4045524597168,35.52500915527344,34.272735595703125,35.26137161254883,9511
2018-06-26 00:00:00+02:00,35.26137161254883,35.26137161254883,34.470462799072266,34.931827545166016,19889
2018-06-27 00:00:00+02:00,35.45909881591797,35.52500915527344,34.60227966308594,35.52500915527344,126372
2018-06-28 00:00:00+02:00,35.59091567993164,36.31591796875,35.129554748535156,36.31591796875,2908
2018-06-29 00:00:00+02:00,36.25000762939453,38.2272834777832,36.18409729003906,37.502281188964844,5583
2018-07-02 00:00:00+02:00,37.238643646240234,37.56819152832031,37.238643646240234,37.502281188964844,998
2018-07-03 00:00:00+02:00,37.56819152832031,37.831825256347656,37.040916442871094,37.831825256347656,496
2018-07-04 00:00:00+02:00,37.56819152832031,37.56819152832031,36.44773483276367,36.90909957885742,92149
2018-07-05 00:00:00+02:00,37.897735595703125,37.897735595703125,36.90909957885742,37.831825256347656,29199
2018-07-06 00:00:00+02:00,37.831825256347656,37.831825256347656,36.57955551147461,37.502281188964844,1420
2018-07-09 00:00:00+02:00,37.17273712158203,37.17273712158203,36.84318923950195,36.90909957885742,1172
2018-07-10 00:00:00+02:00,37.040916442871094,37.040916442871094,36.90909957885742,36.90909957885742,443
2018-07-11 00:00:00+02:00,36.90909957885742,36.90909957885742,35.92046356201172,35.92046356201172,75
2018-07-12 00:00:00+02:00,35.92046356201172,36.18409729003906,35.65682601928711,35.65682601928711,321
2018-07-13 00:00:00+02:00,36.18409729003906,36.18409729003906,34.931827545166016,36.18409729003906,2630
2018-07-16 00:00:00+02:00,36.38182830810547,36.38182830810547,35.19546127319336,35.45909881591797,162
2018-07-17 00:00:00+02:00,36.18409729003906,36.18409729003906,35.52500915527344,35.59091567993164,892
2018-07-18 00:00:00+02:00,35.3272819519043,35.85455322265625,35.3272819519043,35.85455322265625,301
2018-07-19 00:00:00+02:00,35.92046356201172,35.92046356201172,35.65682601928711,35.92046356201172,1955
2018-07-20 00:00:00+02:00,35.78864669799805,36.84318923950195,35.65682601928711,36.84318923950195,3662
2018-07-23 00:00:00+02:00,36.90909957885742,37.831825256347656,36.57955551147461,37.436370849609375,3504
2018-07-24 00:00:00+02:00,36.38182830810547,37.56819152832031,36.38182830810547,37.436370849609375,12939
2018-07-25 00:00:00+02:00,37.37046432495117,37.700008392333984,36.90909957885742,37.700008392333984,36723
2018-07-26 00:00:00+02:00,37.700008392333984,40.20455551147461,37.63410186767578,38.88637161254883,30240
2018-07-27 00:00:00+02:00,39.54546356201172,39.54546356201172,38.88637161254883,38.88637161254883,1937
2018-07-30 00:00:00+02:00,39.15000915527344,39.15000915527344,38.161373138427734,38.88637161254883,57929
2018-07-31 00:00:00+02:00,39.215919494628906,39.215919494628906,37.897735595703125,38.0295524597168,18331
2018-08-01 00:00:00+02:00,38.49091720581055,38.49091720581055,37.56819152832031,37.897735595703125,1230
2018-08-02 00:00:00+02:00,37.897735595703125,37.897735595703125,37.56819152832031,37.897735595703125,1753
2018-08-03 00:00:00+02:00,37.897735595703125,38.2272834777832,37.56819152832031,37.897735595703125,3237
2018-08-06 00:00:00+02:00,37.897735595703125,37.897735595703125,37.56819152832031,37.897735595703125,2688
2018-08-07 00:00:00+02:00,37.897735595703125,38.425010681152344,37.56819152832031,38.425010681152344,2480
2018-08-08 00:00:00+02:00,37.56819152832031,38.095462799072266,37.56819152832031,38.095462799072266,1007
2018-08-09 00:00:00+02:00,38.2272834777832,38.2272834777832,37.700008392333984,37.831825256347656,408
2018-08-10 00:00:00+02:00,37.831825256347656,37.831825256347656,36.90909957885742,36.90909957885742,2027
2018-08-13 00:00:00+02:00,36.71137237548828,36.90909957885742,36.31591796875,36.90909957885742,1089
2018-08-14 00:00:00+02:00,36.90909957885742,36.90909957885742,36.25000762939453,36.84318923950195,659
2018-08-15 00:00:00+02:00,36.84318923950195,36.84318923950195,36.84318923950195,36.84318923950195,0
2018-08-16 00:00:00+02:00,36.84318923950195,36.84318923950195,36.25000762939453,36.31591796875,606
2018-08-17 00:00:00+02:00,36.25000762939453,36.57955551147461,36.25000762939453,36.38182830810547,1908
2018-08-20 00:00:00+02:00,36.57955551147461,36.84318923950195,36.57955551147461,36.84318923950195,5446
2018-08-21 00:00:00+02:00,36.84318923950195,36.84318923950195,35.19546127319336,35.19546127319336,1250
2018-08-22 00:00:00+02:00,34.272735595703125,35.19546127319336,32.49319076538086,34.931827545166016,14997
2018-08-23 00:00:00+02:00,35.19546127319336,35.52500915527344,35.19546127319336,35.52500915527344,92
2018-08-24 00:00:00+02:00,35.52500915527344,35.52500915527344,34.536373138427734,34.536373138427734,1512
2018-08-27 00:00:00+02:00,37.897735595703125,37.897735595703125,34.668190002441406,34.931827545166016,2463
2018-08-28 00:00:00+02:00,35.06364440917969,37.56819152832031,34.997737884521484,36.25000762939453,5836
2018-08-29 00:00:00+02:00,36.25000762939453,36.25000762939453,35.59091567993164,36.25000762939453,159
2018-08-30 00:00:00+02:00,36.71137237548828,36.77728271484375,36.25000762939453,36.77728271484375,356
2018-08-31 00:00:00+02:00,36.77728271484375,36.77728271484375,35.3931884765625,36.51364517211914,1852
2018-09-03 00:00:00+02:00,36.57955551147461,37.238643646240234,34.997737884521484,34.997737884521484,34175
2018-09-04 00:00:00+02:00,36.11819076538086,36.11819076538086,34.931827545166016,35.52500915527344,1030
2018-09-05 00:00:00+02:00,35.26137161254883,35.26137161254883,34.272735595703125,34.60227966308594,46947
2018-09-06 00:00:00+02:00,33.6795539855957,34.60227966308594,33.6795539855957,34.536373138427734,37008
2018-09-07 00:00:00+02:00,34.536373138427734,34.536373138427734,33.745460510253906,34.075008392333984,7000
2018-09-10 00:00:00+02:00,33.02046203613281,34.14091873168945,33.02046203613281,33.94319152832031,2350
2018-09-11 00:00:00+02:00,33.613643646240234,34.206825256347656,33.48182678222656,33.877281188964844,1040
2018-09-12 00:00:00+02:00,34.734100341796875,34.734100341796875,33.48182678222656,33.613643646240234,1110
2018-09-13 00:00:00+02:00,34.60227966308594,34.734100341796875,33.6795539855957,34.272735595703125,2838
2018-09-14 00:00:00+02:00,34.272735595703125,34.60227966308594,33.48182678222656,34.536373138427734,185
2018-09-17 00:00:00+02:00,33.811370849609375,34.734100341796875,33.811370849609375,33.811370849609375,816
2018-09-18 00:00:00+02:00,34.60227966308594,34.60227966308594,34.60227966308594,34.60227966308594,1
2018-09-19 00:00:00+02:00,34.272735595703125,34.272735595703125,33.613643646240234,34.14091873168945,637
2018-09-20 00:00:00+02:00,34.14091873168945,35.3931884765625,34.075008392333984,35.3931884765625,32989
2018-09-21 00:00:00+02:00,35.52500915527344,35.52500915527344,34.60227966308594,35.26137161254883,148
2018-09-24 00:00:00+02:00,35.3272819519043,35.3272819519043,34.60227966308594,35.06364440917969,449
2018-09-25 00:00:00+02:00,35.3272819519043,35.52500915527344,33.350006103515625,34.80000686645508,2468
2018-09-26 00:00:00+02:00,35.45909881591797,36.18409729003906,35.06364440917969,36.18409729003906,835
2018-09-27 00:00:00+02:00,35.98637390136719,37.56819152832031,35.98637390136719,37.436370849609375,2608
2018-09-28 00:00:00+02:00,37.238643646240234,37.56819152832031,36.84318923950195,36.84318923950195,24190
2018-10-01 00:00:00+02:00,36.25000762939453,37.37046432495117,35.06364440917969,35.59091567993164,5753
2018-10-02 00:00:00+02:00,35.59091567993164,36.71137237548828,35.26137161254883,36.71137237548828,1841
2018-10-03 00:00:00+02:00,37.238643646240234,38.161373138427734,36.71137237548828,37.238643646240234,8602
2018-10-04 00:00:00+02:00,36.51364517211914,37.502281188964844,36.51364517211914,36.97500991821289,5161
2018-10-05 00:00:00+02:00,37.700008392333984,37.700008392333984,36.31591796875,37.10682678222656,670
2018-10-08 00:00:00+02:00,37.040916442871094,37.040916442871094,36.25000762939453,36.90909957885742,2342
2018-10-09 00:00:00+02:00,36.84318923950195,38.161373138427734,36.84318923950195,37.700008392333984,4568
2018-10-10 00:00:00+02:00,37.700008392333984,38.2272834777832,37.10682678222656,37.56819152832031,2826
2018-10-11 00:00:00+02:00,38.359100341796875,38.359100341796875,36.84318923950195,37.700008392333984,1814
2018-10-12 00:00:00+02:00,36.90909957885742,37.238643646240234,36.90909957885742,37.238643646240234,524
2018-10-15 00:00:00+02:00,37.238643646240234,37.238643646240234,36.25000762939453,36.25000762939453,666
2018-10-16 00:00:00+02:00,36.25000762939453,36.44773483276367,35.3272819519043,35.59091567993164,7551
2018-10-17 00:00:00+02:00,35.26137161254883,35.59091567993164,35.26137161254883,35.59091567993164,488
2018-10-18 00:00:00+02:00,36.18409729003906,36.18409729003906,35.26137161254883,36.18409729003906,69
2018-10-19 00:00:00+02:00,36.18409729003906,36.18409729003906,34.931827545166016,36.18409729003906,483
2018-10-22 00:00:00+02:00,35.98637390136719,35.98637390136719,35.98637390136719,35.98637390136719,6
2018-10-23 00:00:00+02:00,36.18409729003906,36.18409729003906,34.272735595703125,35.26137161254883,76379
2018-10-24 00:00:00+02:00,35.59091567993164,35.72273635864258,33.547733306884766,34.931827545166016,10030
2018-10-25 00:00:00+02:00,32.954551696777344,34.80000686645508,31.83409881591797,34.80000686645508,6263
2018-10-26 00:00:00+02:00,33.613643646240234,34.668190002441406,33.613643646240234,34.668190002441406,943
2018-10-29 00:00:00+01:00,34.60227966308594,34.80000686645508,34.009098052978516,34.33864212036133,1796
2018-10-30 00:00:00+01:00,34.80000686645508,35.06364440917969,34.4045524597168,35.06364440917969,8156
2018-10-31 00:00:00+01:00,35.06364440917969,36.05228042602539,34.536373138427734,34.80000686645508,9519
2018-11-01 00:00:00+01:00,34.80000686645508,34.80000686645508,34.80000686645508,34.80000686645508,0
2018-11-02 00:00:00+01:00,34.272735595703125,35.85455322265625,34.272735595703125,35.65682601928711,1195
2018-11-05 00:00:00+01:00,34.668190002441406,35.59091567993164,34.536373138427734,35.52500915527344,10282
2018-11-06 00:00:00+01:00,35.52500915527344,35.52500915527344,35.3272819519043,35.3272819519043,159
2018-11-07 00:00:00+01:00,35.3272819519043,35.3272819519043,34.60227966308594,34.931827545166016,4261
2018-11-08 00:00:00+01:00,34.997737884521484,34.997737884521484,33.877281188964844,34.60227966308594,9531
2018-11-09 00:00:00+01:00,35.26137161254883,35.26137161254883,34.86591720581055,34.931827545166016,63
2018-11-12 00:00:00+01:00,34.931827545166016,34.931827545166016,34.931827545166016,34.931827545166016,0
2018-11-13 00:00:00+01:00,34.931827545166016,34.931827545166016,34.272735595703125,34.86591720581055,115
2018-11-14 00:00:00+01:00,33.877281188964844,34.668190002441406,33.811370849609375,34.272735595703125,15782
2018-11-15 00:00:00+01:00,34.272735595703125,34.931827545166016,34.272735595703125,34.931827545166016,1242
2018-11-16 00:00:00+01:00,34.931827545166016,34.931827545166016,34.4045524597168,34.60227966308594,917
2018-11-19 00:00:00+01:00,34.272735595703125,35.59091567993164,34.14091873168945,34.272735595703125,11006
2018-11-20 00:00:00+01:00,34.931827545166016,34.931827545166016,33.877281188964844,33.877281188964844,3850
2018-11-21 00:00:00+01:00,34.470462799072266,34.470462799072266,32.954551696777344,32.954551696777344,20679
2018-11-22 00:00:00+01:00,31.900007247924805,33.02046203613281,31.86705207824707,32.88864517211914,1027
2018-11-23 00:00:00+01:00,32.69091796875,33.547733306884766,32.69091796875,32.954551696777344,1901
2018-11-26 00:00:00+01:00,32.32841873168945,33.547733306884766,31.86705207824707,32.88864517211914,2128
2018-11-27 00:00:00+01:00,32.62500762939453,32.954551696777344,31.93296241760254,32.954551696777344,3107
2018-11-28 00:00:00+01:00,33.28409957885742,33.28409957885742,31.801143646240234,31.801143646240234,2277
2018-11-29 00:00:00+01:00,31.965917587280273,32.29546356201172,30.680688858032227,30.9113712310791,15692
2018-11-30 00:00:00+01:00,30.9113712310791,30.9113712310791,28.670461654663086,29.65909767150879,28389
2018-12-03 00:00:00+01:00,29.00000762939453,30.71364402770996,29.00000762939453,30.71364402770996,2363
2018-12-04 00:00:00+01:00,30.31818962097168,31.504552841186523,30.31818962097168,31.504552841186523,1514
2018-12-05 00:00:00+01:00,31.636371612548828,32.69091796875,31.306825637817383,32.69091796875,1169
2018-12-06 00:00:00+01:00,32.49319076538086,32.49319076538086,31.043188095092773,31.306825637817383,5759
2018-12-07 00:00:00+01:00,32.22955322265625,32.49319076538086,30.977279663085938,32.49319076538086,3309
2018-12-10 00:00:00+01:00,32.42728042602539,32.42728042602539,31.043188095092773,32.29546356201172,288
2018-12-11 00:00:00+01:00,32.29546356201172,33.21818923950195,31.306825637817383,33.21818923950195,3360
2018-12-12 00:00:00+01:00,33.21818923950195,33.28409957885742,32.03182601928711,33.28409957885742,30092
2018-12-13 00:00:00+01:00,33.28409957885742,34.33864212036133,33.15228271484375,34.33864212036133,47269
2018-12-14 00:00:00+01:00,34.4045524597168,34.4045524597168,33.877281188964844,34.272735595703125,1380
2018-12-17 00:00:00+01:00,34.33864212036133,34.33864212036133,32.29546356201172,32.29546356201172,129762
2018-12-18 00:00:00+01:00,31.965917587280273,32.7568244934082,31.669326782226562,32.7568244934082,20757
2018-12-19 00:00:00+01:00,32.62500762939453,34.206825256347656,32.62500762939453,34.206825256347656,2362
2018-12-20 00:00:00+01:00,32.7568244934082,34.206825256347656,32.7568244934082,33.877281188964844,11728
2018-12-21 00:00:00+01:00,33.08637237548828,33.613643646240234,32.69091796875,32.954551696777344,14752
2018-12-24 00:00:00+01:00,32.954551696777344,32.954551696777344,32.954551696777344,32.954551696777344,0
2018-12-25 00:00:00+01:00,32.954551696777344,32.954551696777344,32.954551696777344,32.954551696777344,0
2018-12-26 00:00:00+01:00,32.954551696777344,32.954551696777344,32.954551696777344,32.954551696777344,0
2018-12-27 00:00:00+01:00,32.62500762939453,33.94319152832031,32.52614212036133,33.94319152832031,22993
2018-12-28 00:00:00+01:00,34.470462799072266,35.52500915527344,33.6795539855957,35.45909881591797,23404
2018-12-31 00:00:00+01:00,35.45909881591797,35.45909881591797,35.45909881591797,35.45909881591797,0
2019-01-01 00:00:00+01:00,35.45909881591797,35.45909881591797,35.45909881591797,35.45909881591797,0
2019-01-02 00:00:00+01:00,35.59091567993164,36.25000762939453,35.26137161254883,35.26137161254883,930
2019-01-03 00:00:00+01:00,35.3272819519043,36.11819076538086,33.745460510253906,34.470462799072266,2643
2019-01-04 00:00:00+01:00,35.19546127319336,35.19546127319336,34.60227966308594,34.80000686645508,1577
2019-01-07 00:00:00+01:00,35.59091567993164,35.59091567993164,33.811370849609375,34.272735595703125,1395
2019-01-08 00:00:00+01:00,34.60227966308594,34.60227966308594,33.613643646240234,33.745460510253906,895
2019-01-09 00:00:00+01:00,34.14091873168945,34.60227966308594,33.613643646240234,33.6795539855957,2863
2019-01-10 00:00:00+01:00,33.613643646240234,34.470462799072266,33.350006103515625,33.94319152832031,898
2019-01-11 00:00:00+01:00,33.613643646240234,33.613643646240234,33.28409957885742,33.613643646240234,1055
2019-01-14 00:00:00+01:00,33.613643646240234,33.613643646240234,33.28409957885742,33.547733306884766,142
2019-01-15 00:00:00+01:00,33.28409957885742,34.206825256347656,33.15228271484375,34.206825256347656,15853
2019-01-16 00:00:00+01:00,34.206825256347656,36.25000762939453,34.206825256347656,35.85455322265625,5876
2019-01-17 00:00:00+01:00,35.98637390136719,36.90909957885742,34.14091873168945,36.90909957885742,7778
2019-01-18 00:00:00+01:00,36.90909957885742,36.90909957885742,36.25000762939453,36.31591796875,782
2019-01-21 00:00:00+01:00,36.31591796875,36.84318923950195,35.65682601928711,36.44773483276367,2920
2019-01-22 00:00:00+01:00,36.84318923950195,36.84318923950195,35.45909881591797,35.45909881591797,3776
2019-01-23 00:00:00+01:00,35.85455322265625,35.85455322265625,34.734100341796875,35.59091567993164,5597
2019-01-24 00:00:00+01:00,36.25000762939453,36.25000762939453,35.3931884765625,35.78864669799805,3368
2019-01-25 00:00:00+01:00,36.25000762939453,36.25000762939453,35.3931884765625,35.78864669799805,59
2019-01-28 00:00:00+01:00,35.92046356201172,36.25000762939453,35.52500915527344,36.05228042602539,28428
2019-01-29 00:00:00+01:00,36.05228042602539,37.436370849609375,35.98637390136719,37.436370849609375,6499
2019-01-30 00:00:00+01:00,37.37046432495117,39.34773635864258,36.77728271484375,39.08409881591797,10969
2019-01-31 00:00:00+01:00,39.215919494628906,39.41364669799805,38.095462799072266,38.820465087890625,6387
2019-02-01 00:00:00+01:00,38.68864440917969,38.68864440917969,37.56819152832031,38.161373138427734,458
2019-02-04 00:00:00+01:00,38.2272834777832,38.820465087890625,37.63410186767578,38.0295524597168,5595
2019-02-05 00:00:00+01:00,38.2272834777832,38.2272834777832,37.56819152832031,37.700008392333984,697
2019-02-06 00:00:00+01:00,37.700008392333984,37.700008392333984,37.3045539855957,37.436370849609375,2304
2019-02-07 00:00:00+01:00,37.040916442871094,38.2272834777832,36.44773483276367,38.2272834777832,2262
2019-02-08 00:00:00+01:00,38.556827545166016,38.754554748535156,37.700008392333984,38.161373138427734,438
2019-02-11 00:00:00+01:00,38.0295524597168,38.0295524597168,37.238643646240234,37.502281188964844,814
2019-02-12 00:00:00+01:00,37.37046432495117,37.502281188964844,36.84318923950195,37.502281188964844,989
2019-02-13 00:00:00+01:00,37.37046432495117,37.37046432495117,37.37046432495117,37.37046432495117,78
2019-02-14 00:00:00+01:00,37.17273712158203,37.831825256347656,36.18409729003906,37.3045539855957,2383
2019-02-15 00:00:00+01:00,37.37046432495117,37.831825256347656,36.90909957885742,37.56819152832031,1194
2019-02-18 00:00:00+01:00,37.700008392333984,38.161373138427734,36.64546203613281,37.040916442871094,1329
2019-02-19 00:00:00+01:00,37.238643646240234,37.238643646240234,35.59091567993164,37.238643646240234,17166
2019-02-20 00:00:00+01:00,37.238643646240234,37.238643646240234,35.59091567993164,36.44773483276367,1696
2019-02-21 00:00:00+01:00,36.25000762939453,36.44773483276367,36.25000762939453,36.44773483276367,83
2019-02-22 00:00:00+01:00,36.44773483276367,36.57955551147461,35.98637390136719,36.38182830810547,1099
2019-02-25 00:00:00+01:00,36.90909957885742,37.238643646240234,35.65682601928711,35.78864669799805,12013
2019-02-26 00:00:00+01:00,35.78864669799805,35.78864669799805,35.52500915527344,35.65682601928711,5613
2019-02-27 00:00:00+01:00,35.52500915527344,35.65682601928711,35.3931884765625,35.3931884765625,1983
2019-02-28 00:00:00+01:00,35.26137161254883,36.25000762939453,34.997737884521484,36.25000762939453,13295
2019-03-01 00:00:00+01:00,36.84318923950195,36.84318923950195,35.85455322265625,36.05228042602539,12354
2019-03-04 00:00:00+01:00,36.71137237548828,36.71137237548828,34.931827545166016,34.997737884521484,30215
2019-03-05 00:00:00+01:00,35.65682601928711,35.65682601928711,33.6795539855957,34.272735595703125,4565
2019-03-06 00:00:00+01:00,34.80000686645508,35.06364440917969,34.272735595703125,35.06364440917969,2480
2019-03-07 00:00:00+01:00,34.668190002441406,35.26137161254883,34.668190002441406,35.26137161254883,223
2019-03-08 00:00:00+01:00,35.65682601928711,35.65682601928711,35.06364440917969,35.52500915527344,1166
2019-03-11 00:00:00+01:00,35.59091567993164,37.56819152832031,35.59091567993164,37.238643646240234,11361
2019-03-12 00:00:00+01:00,37.502281188964844,37.502281188964844,36.84318923950195,36.90909957885742,480
2019-03-13 00:00:00+01:00,36.90909957885742,36.90909957885742,36.25000762939453,36.25000762939453,1160
2019-03-14 00:00:00+01:00,36.71137237548828,36.71137237548828,35.72273635864258,36.18409729003906,4471
2019-03-15 00:00:00+01:00,36.90909957885742,36.90909957885742,36.11819076538086,36.25000762939453,14004
2019-03-18 00:00:00+01:00,36.18409729003906,36.90909957885742,35.65682601928711,36.90909957885742,1397
2019-03-19 00:00:00+01:00,36.90909957885742,36.90909957885742,35.59091567993164,36.57955551147461,7977
2019-03-20 00:00:00+01:00,36.57955551147461,36.57955551147461,35.65682601928711,36.18409729003906,629
2019-03-21 00:00:00+01:00,36.25000762939453,36.25000762939453,35.85455322265625,36.11819076538086,1775
2019-03-22 00:00:00+01:00,36.11819076538086,36.64546203613281,35.85455322265625,36.64546203613281,2169
2019-03-25 00:00:00+01:00,36.71137237548828,36.77728271484375,36.18409729003906,36.57955551147461,914
2019-03-26 00:00:00+01:00,38.293190002441406,42.11591720581055,37.76591873168945,39.54546356201172,92416
2019-03-27 00:00:00+01:00,39.47955322265625,39.54546356201172,37.238643646240234,38.359100341796875,19472
2019-03-28 00:00:00+01:00,38.556827545166016,40.66592025756836,36.90909957885742,39.87500762939453,39496
2019-03-29 00:00:00+01:00,40.07273864746094,40.20455551147461,38.556827545166016,39.80910110473633,10048
2019-04-01 00:00:00+02:00,39.54546356201172,40.20455551147461,39.018192291259766,40.07273864746094,2759
2019-04-02 00:00:00+02:00,40.07273864746094,42.181827545166016,38.88637161254883,42.181827545166016,34926
2019-04-03 00:00:00+02:00,42.050010681152344,43.36819076538086,40.20455551147461,42.445465087890625,13427
2019-04-04 00:00:00+02:00,42.181827545166016,42.5772819519043,41.522735595703125,42.050010681152344,2606
2019-04-05 00:00:00+02:00,42.31364440917969,42.31364440917969,40.8636474609375,41.786373138427734,5005
2019-04-08 00:00:00+02:00,41.786373138427734,41.786373138427734,41.522735595703125,41.522735595703125,5223
2019-04-09 00:00:00+02:00,42.181827545166016,42.5772819519043,41.522735595703125,41.522735595703125,6816
2019-04-10 00:00:00+02:00,41.91819381713867,42.181827545166016,41.25910186767578,42.181827545166016,3915
2019-04-11 00:00:00+02:00,42.181827545166016,42.5772819519043,41.91819381713867,42.5772819519043,4383
2019-04-12 00:00:00+02:00,42.709102630615234,43.5000114440918,41.91819381713867,42.709102630615234,17596
2019-04-15 00:00:00+02:00,41.91819381713867,42.5772819519043,40.99546432495117,42.050010681152344,18423
2019-04-16 00:00:00+02:00,41.91819381713867,43.104557037353516,41.65455627441406,42.181827545166016,13802
2019-04-17 00:00:00+02:00,42.5772819519043,42.840919494628906,41.786373138427734,42.709102630615234,332
2019-04-18 00:00:00+02:00,42.709102630615234,42.709102630615234,40.8636474609375,41.786373138427734,10933
2019-04-19 00:00:00+02:00,41.786373138427734,41.786373138427734,41.786373138427734,41.786373138427734,0
2019-04-22 00:00:00+02:00,41.786373138427734,41.786373138427734,41.786373138427734,41.786373138427734,0
2019-04-23 00:00:00+02:00,41.522735595703125,41.786373138427734,41.522735595703125,41.786373138427734,470
2019-04-24 00:00:00+02:00,41.522735595703125,41.522735595703125,40.99546432495117,40.99546432495117,1172
2019-04-25 00:00:00+02:00,40.99546432495117,40.99546432495117,38.49091720581055,40.60000991821289,4007
2019-04-26 00:00:00+02:00,40.8636474609375,41.25910186767578,40.20455551147461,40.60000991821289,2080
2019-04-29 00:00:00+02:00,39.80910110473633,40.8636474609375,39.80910110473633,40.8636474609375,1811
2019-04-30 00:00:00+02:00,40.8636474609375,40.8636474609375,39.80910110473633,40.8636474609375,1796
2019-05-01 00:00:00+02:00,40.8636474609375,40.8636474609375,40.8636474609375,40.8636474609375,0
2019-05-02 00:00:00+02:00,40.73182678222656,40.99546432495117,40.20455551147461,40.99546432495117,1363
2019-05-03 00:00:00+02:00,40.99546432495117,40.99546432495117,40.99546432495117,40.99546432495117,0
2019-05-06 00:00:00+02:00,40.99546432495117,41.786373138427734,40.46818923950195,41.786373138427734,3205
2019-05-07 00:00:00+02:00,41.786373138427734,41.786373138427734,40.33637237548828,40.99546432495117,1477
2019-05-08 00:00:00+02:00,41.39091873168945,41.39091873168945,39.80910110473633,40.99546432495117,1180
2019-05-09 00:00:00+02:00,40.73182678222656,40.73182678222656,39.54546356201172,40.73182678222656,1568
2019-05-10 00:00:00+02:00,39.54546356201172,40.99546432495117,39.54546356201172,40.07273864746094,485
2019-05-13 00:00:00+02:00,40.46818923950195,40.46818923950195,37.700008392333984,40.20455551147461,3966
2019-05-14 00:00:00+02:00,40.07273864746094,40.20455551147461,39.018192291259766,40.20455551147461,817
2019-05-15 00:00:00+02:00,40.20455551147461,40.20455551147461,40.20455551147461,40.20455551147461,60
2019-05-16 00:00:00+02:00,40.20455551147461,40.8636474609375,38.88637161254883,39.54546356201172,14758
2019-05-17 00:00:00+02:00,40.07273864746094,40.07273864746094,39.41364669799805,39.54546356201172,1175
2019-05-20 00:00:00+02:00,39.018192291259766,39.54546356201172,38.622737884521484,39.281829833984375,4667
2019-05-21 00:00:00+02:00,39.281829833984375,39.281829833984375,38.2272834777832,39.15000915527344,635
2019-05-22 00:00:00+02:00,38.49091720581055,39.54546356201172,38.095462799072266,39.54546356201172,2442
2019-05-23 00:00:00+02:00,39.54546356201172,39.54546356201172,39.281829833984375,39.54546356201172,890
2019-05-24 00:00:00+02:00,39.54546356201172,39.54546356201172,38.622737884521484,39.41364669799805,546
2019-05-27 00:00:00+02:00,39.281829833984375,39.281829833984375,38.88637161254883,38.88637161254883,277
2019-05-28 00:00:00+02:00,38.622737884521484,38.88637161254883,38.359100341796875,38.622737884521484,330
2019-05-29 00:00:00+02:00,38.49091720581055,38.49091720581055,37.436370849609375,38.2272834777832,13542
2019-05-30 00:00:00+02:00,37.700008392333984,38.2272834777832,37.436370849609375,38.2272834777832,4486
2019-05-31 00:00:00+02:00,38.2272834777832,38.622737884521484,37.56819152832031,38.622737884521484,379
2019-06-03 00:00:00+02:00,39.41364669799805,39.41364669799805,36.38182830810547,37.040916442871094,4261
2019-06-04 00:00:00+02:00,38.2272834777832,38.359100341796875,37.831825256347656,38.2272834777832,2128
2019-06-05 00:00:00+02:00,38.2272834777832,38.2272834777832,37.040916442871094,38.095462799072266,4575
2019-06-06 00:00:00+02:00,37.963645935058594,37.963645935058594,36.90909957885742,37.831825256347656,28
2019-06-07 00:00:00+02:00,37.700008392333984,37.700008392333984,37.436370849609375,37.56819152832031,565
2019-06-10 00:00:00+02:00,36.90909957885742,37.436370849609375,36.90909957885742,37.3045539855957,2577
2019-06-11 00:00:00+02:00,36.90909957885742,37.436370849609375,36.11819076538086,36.25000762939453,5874
2019-06-12 00:00:00+02:00,36.90909957885742,36.90909957885742,35.72273635864258,36.90909957885742,2160
2019-06-13 00:00:00+02:00,36.90909957885742,37.040916442871094,36.25000762939453,36.25000762939453,2652
2019-06-14 00:00:00+02:00,36.77728271484375,36.77728271484375,35.98637390136719,36.77728271484375,8900
2019-06-17 00:00:00+02:00,36.64546203613281,37.56819152832031,36.51364517211914,37.56819152832031,4871
2019-06-18 00:00:00+02:00,38.095462799072266,38.095462799072266,36.90909957885742,37.436370849609375,1391
2019-06-19 00:00:00+02:00,37.3045539855957,37.56819152832031,37.3045539855957,37.436370849609375,7090
2019-06-20 00:00:00+02:00,37.436370849609375,37.436370849609375,37.436370849609375,37.436370849609375,0
2019-06-21 00:00:00+02:00,37.56819152832031,37.56819152832031,36.25000762939453,37.436370849609375,2775
2019-06-24 00:00:00+02:00,36.51364517211914,37.436370849609375,36.38182830810547,37.436370849609375,729
2019-06-25 00:00:00+02:00,37.436370849609375,37.963645935058594,37.17273712158203,37.831825256347656,2712
2019-06-26 00:00:00+02:00,38.095462799072266,38.095462799072266,37.436370849609375,38.095462799072266,9236
2019-06-27 00:00:00+02:00,38.095462799072266,38.2272834777832,37.436370849609375,37.56819152832031,12332
2019-06-28 00:00:00+02:00,37.56819152832031,38.095462799072266,37.56819152832031,37.831825256347656,7091
2019-07-01 00:00:00+02:00,37.831825256347656,37.831825256347656,37.56819152832031,37.831825256347656,2891
2019-07-02 00:00:00+02:00,37.56819152832031,37.831825256347656,37.56819152832031,37.831825256347656,395
2019-07-03 00:00:00+02:00,37.831825256347656,37.831825256347656,37.3045539855957,37.56819152832031,606
2019-07-04 00:00:00+02:00,37.436370849609375,37.436370849609375,36.90909957885742,36.90909957885742,20863
2019-07-05 00:00:00+02:00,37.831825256347656,37.831825256347656,37.700008392333984,37.700008392333984,116
2019-07-08 00:00:00+02:00,36.90909957885742,38.2272834777832,36.90909957885742,38.2272834777832,2224
2019-07-09 00:00:00+02:00,38.095462799072266,38.622737884521484,37.963645935058594,38.622737884521484,1420
2019-07-10 00:00:00+02:00,38.622737884521484,40.8636474609375,37.700008392333984,40.60000991821289,31071
2019-07-11 00:00:00+02:00,40.60000991821289,40.60000991821289,39.94091796875,40.07273864746094,831
2019-07-12 00:00:00+02:00,40.73182678222656,40.73182678222656,39.54546356201172,39.54546356201172,1089
2019-07-15 00:00:00+02:00,39.54546356201172,40.20455551147461,39.54546356201172,40.20455551147461,975
2019-07-16 00:00:00+02:00,40.46818923950195,40.46818923950195,39.80910110473633,40.20455551147461,131
2019-07-17 00:00:00+02:00,40.07273864746094,40.07273864746094,39.54546356201172,40.07273864746094,864
2019-07-18 00:00:00+02:00,40.20455551147461,40.20455551147461,39.41364669799805,39.94091796875,1650
2019-07-19 00:00:00+02:00,39.94091796875,40.20455551147461,39.54546356201172,40.20455551147461,2025
2019-07-22 00:00:00+02:00,40.20455551147461,40.20455551147461,39.41364669799805,39.41364669799805,696
2019-07-23 00:00:00+02:00,40.07273864746094,40.33637237548828,39.54546356201172,40.20455551147461,8742
2019-07-24 00:00:00+02:00,40.46818923950195,40.46818923950195,39.80910110473633,40.07273864746094,1778
2019-07-25 00:00:00+02:00,40.20455551147461,40.20455551147461,39.54546356201172,39.94091796875,177
2019-07-26 00:00:00+02:00,40.20455551147461,40.60000991821289,40.07273864746094,40.07273864746094,39232
2019-07-29 00:00:00+02:00,40.60000991821289,41.39091873168945,40.20455551147461,40.60000991821289,11078
2019-07-30 00:00:00+02:00,40.60000991821289,40.8636474609375,40.60000991821289,40.60000991821289,87605
2019-07-31 00:00:00+02:00,40.8636474609375,40.99546432495117,40.60000991821289,40.8636474609375,5621
2019-08-01 00:00:00+02:00,40.99546432495117,40.99546432495117,40.46818923950195,40.8636474609375,814
2019-08-02 00:00:00+02:00,40.8636474609375,40.8636474609375,40.46818923950195,40.73182678222656,1005
2019-08-05 00:00:00+02:00,40.33637237548828,40.73182678222656,40.20455551147461,40.60000991821289,937
2019-08-06 00:00:00+02:00,39.67728042602539,40.46818923950195,37.56819152832031,40.20455551147461,12137
2019-08-07 00:00:00+02:00,38.622737884521484,40.20455551147461,38.359100341796875,39.281829833984375,2785
2019-08-08 00:00:00+02:00,39.94091796875,39.94091796875,39.54546356201172,39.54546356201172,3824
2019-08-09 00:00:00+02:00,39.54546356201172,39.54546356201172,39.281829833984375,39.54546356201172,179
2019-08-12 00:00:00+02:00,39.54546356201172,39.54546356201172,38.49091720581055,38.88637161254883,8102
2019-08-13 00:00:00+02:00,38.2272834777832,39.15000915527344,38.2272834777832,38.88637161254883,972
2019-08-14 00:00:00+02:00,38.88637161254883,38.88637161254883,37.3045539855957,38.2272834777832,14695
2019-08-15 00:00:00+02:00,38.2272834777832,38.2272834777832,38.2272834777832,38.2272834777832,0
2019-08-16 00:00:00+02:00,38.2272834777832,38.2272834777832,37.3045539855957,38.095462799072266,804
2019-08-19 00:00:00+02:00,38.095462799072266,38.2272834777832,37.436370849609375,38.2272834777832,385
2019-08-20 00:00:00+02:00,38.359100341796875,38.754554748535156,38.359100341796875,38.754554748535156,301
2019-08-21 00:00:00+02:00,37.963645935058594,38.754554748535156,37.831825256347656,38.754554748535156,4853
2019-08-22 00:00:00+02:00,38.754554748535156,38.754554748535156,37.56819152832031,38.49091720581055,561
2019-08-23 00:00:00+02:00,37.700008392333984,38.754554748535156,37.700008392333984,38.622737884521484,124
2019-08-26 00:00:00+02:00,38.49091720581055,38.49091720581055,37.700008392333984,37.831825256347656,488
2019-08-27 00:00:00+02:00,37.56819152832031,38.49091720581055,37.56819152832031,38.49091720581055,6565
2019-08-28 00:00:00+02:00,38.359100341796875,38.88637161254883,37.831825256347656,38.88637161254883,3680
2019-08-29 00:00:00+02:00,38.49091720581055,38.88637161254883,37.963645935058594,38.88637161254883,3563
2019-08-30 00:00:00+02:00,39.018192291259766,39.41364669799805,38.2272834777832,38.2272834777832,663
2019-09-02 00:00:00+02:00,37.56819152832031,39.80910110473633,37.56819152832031,39.54546356201172,3043
2019-09-03 00:00:00+02:00,40.07273864746094,40.07273864746094,38.2272834777832,39.018192291259766,1861
2019-09-04 00:00:00+02:00,39.41364669799805,39.41364669799805,39.15000915527344,39.15000915527344,356
2019-09-05 00:00:00+02:00,39.281829833984375,39.281829833984375,38.2272834777832,38.88637161254883,819
2019-09-06 00:00:00+02:00,39.80910110473633,40.46818923950195,39.41364669799805,39.41364669799805,5666
2019-09-09 00:00:00+02:00,40.8636474609375,40.8636474609375,39.54546356201172,39.94091796875,2920
2019-09-10 00:00:00+02:00,39.54546356201172,39.54546356201172,39.15000915527344,39.54546356201172,1286
2019-09-11 00:00:00+02:00,40.20455551147461,40.20455551147461,39.94091796875,39.94091796875,3081
2019-09-12 00:00:00+02:00,39.94091796875,39.94091796875,39.54546356201172,39.54546356201172,5804
2019-09-13 00:00:00+02:00,39.80910110473633,39.80910110473633,39.281829833984375,39.54546356201172,702
2019-09-16 00:00:00+02:00,38.88637161254883,40.20455551147461,38.2272834777832,38.88637161254883,31632
2019-09-17 00:00:00+02:00,38.2272834777832,39.41364669799805,38.2272834777832,39.41364669799805,860
2019-09-18 00:00:00+02:00,38.359100341796875,39.54546356201172,38.359100341796875,39.54546356201172,238
2019-09-19 00:00:00+02:00,39.41364669799805,39.54546356201172,38.49091720581055,39.54546356201172,829
2019-09-20 00:00:00+02:00,39.67728042602539,39.67728042602539,38.622737884521484,39.67728042602539,2031
2019-09-23 00:00:00+02:00,39.80910110473633,40.07273864746094,39.018192291259766,40.07273864746094,77119
2019-09-24 00:00:00+02:00,40.07273864746094,40.07273864746094,38.622737884521484,40.07273864746094,1046
2019-09-25 00:00:00+02:00,39.94091796875,39.94091796875,39.15000915527344,39.80910110473633,13392
2019-09-26 00:00:00+02:00,39.80910110473633,39.80910110473633,39.41364669799805,39.41364669799805,10552
2019-09-27 00:00:00+02:00,39.54546356201172,40.46818923950195,38.88637161254883,40.46818923950195,2784
2019-09-30 00:00:00+02:00,40.8636474609375,41.65455627441406,40.8636474609375,41.39091873168945,9937
2019-10-01 00:00:00+02:00,41.65455627441406,41.65455627441406,40.8636474609375,41.127281188964844,1782
2019-10-02 00:00:00+02:00,41.127281188964844,41.127281188964844,37.831825256347656,40.73182678222656,5889
2019-10-03 00:00:00+02:00,40.73182678222656,40.73182678222656,39.67728042602539,40.20455551147461,602
2019-10-04 00:00:00+02:00,39.80910110473633,40.8636474609375,39.281829833984375,40.73182678222656,852
2019-10-07 00:00:00+02:00,40.33637237548828,40.46818923950195,39.41364669799805,40.33637237548828,1500
2019-10-08 00:00:00+02:00,40.20455551147461,41.522735595703125,40.20455551147461,40.60000991821289,5182
2019-10-09 00:00:00+02:00,48.0,51.599998474121094,43.400001525878906,47.0,5051
2019-10-10 00:00:00+02:00,49.900001525878906,51.0,47.0,48.900001525878906,8828
2019-10-11 00:00:00+02:00,49.0,49.400001525878906,47.20000076293945,48.900001525878906,3330
2019-10-14 00:00:00+02:00,49.0,49.0,48.5,48.5,499
2019-10-15 00:00:00+02:00,48.0,49.79999923706055,47.0,48.599998474121094,19139
2019-10-16 00:00:00+02:00,48.400001525878906,49.70000076293945,48.0,49.400001525878906,7839
2019-10-17 00:00:00+02:00,49.900001525878906,50.0,47.29999923706055,47.400001525878906,13803
2019-10-18 00:00:00+02:00,49.5,49.5,47.29999923706055,48.5,1120
2019-10-21 00:00:00+02:00,47.29999923706055,48.79999923706055,47.29999923706055,48.5,794
2019-10-22 00:00:00+02:00,48.5,49.5,47.20000076293945,49.20000076293945,4860
2019-10-23 00:00:00+02:00,49.79999923706055,49.79999923706055,48.599998474121094,48.79999923706055,518
2019-10-24 00:00:00+02:00,48.79999923706055,48.79999923706055,47.599998474121094,48.70000076293945,888
2019-10-25 00:00:00+02:00,48.79999923706055,48.79999923706055,47.599998474121094,48.79999923706055,796
2019-10-28 00:00:00+01:00,48.70000076293945,49.0,47.79999923706055,48.900001525878906,3783
2019-10-29 00:00:00+01:00,49.0,49.0,47.79999923706055,48.400001525878906,9011
2019-10-30 00:00:00+01:00,48.0,48.400001525878906,48.0,48.0,1122
2019-10-31 00:00:00+01:00,48.400001525878906,48.400001525878906,47.79999923706055,48.400001525878906,3367
2019-11-01 00:00:00+01:00,48.400001525878906,48.400001525878906,48.400001525878906,48.400001525878906,0
2019-11-04 00:00:00+01:00,48.20000076293945,48.20000076293945,47.099998474121094,48.0,1545
2019-11-05 00:00:00+01:00,48.0,48.20000076293945,47.20000076293945,48.20000076293945,618
2019-11-06 00:00:00+01:00,47.5,47.5,44.5,45.5,10202
2019-11-07 00:00:00+01:00,46.0,46.0,44.70000076293945,45.5,1557
2019-11-08 00:00:00+01:00,45.0,45.0,42.099998474121094,44.79999923706055,8833
2019-11-11 00:00:00+01:00,44.79999923706055,44.79999923706055,44.79999923706055,44.79999923706055,0
2019-11-12 00:00:00+01:00,43.900001525878906,44.0,40.5,42.900001525878906,3945
2019-11-13 00:00:00+01:00,41.599998474121094,42.79999923706055,40.20000076293945,42.29999923706055,6952
2019-11-14 00:00:00+01:00,43.0,45.0,42.900001525878906,43.70000076293945,4046
2019-11-15 00:00:00+01:00,43.0,44.79999923706055,42.900001525878906,44.5,4273
2019-11-18 00:00:00+01:00,45.0,45.0,43.79999923706055,44.5,1090
2019-11-19 00:00:00+01:00,44.5,44.5,42.5,43.400001525878906,3401
2019-11-20 00:00:00+01:00,44.29999923706055,44.29999923706055,43.0,43.099998474121094,79
2019-11-21 00:00:00+01:00,44.0,44.5,44.0,44.0,326
2019-11-22 00:00:00+01:00,45.0,45.099998474121094,43.0,44.0,2966
2019-11-25 00:00:00+01:00,44.900001525878906,44.900001525878906,42.20000076293945,42.79999923706055,19591
2019-11-26 00:00:00+01:00,42.5,43.900001525878906,42.5,43.20000076293945,649
2019-11-27 00:00:00+01:00,43.5,43.599998474121094,43.29999923706055,43.400001525878906,1874
2019-11-28 00:00:00+01:00,43.400001525878906,43.900001525878906,43.29999923706055,43.29999923706055,2654
2019-11-29 00:00:00+01:00,43.20000076293945,43.79999923706055,43.20000076293945,43.70000076293945,1745
2019-12-02 00:00:00+01:00,43.70000076293945,44.0,43.099998474121094,43.5,31046
2019-12-03 00:00:00+01:00,43.599998474121094,43.599998474121094,43.099998474121094,43.599998474121094,242
2019-12-04 00:00:00+01:00,43.400001525878906,44.0,43.400001525878906,43.599998474121094,3744
2019-12-05 00:00:00+01:00,43.5,45.0,43.5,43.599998474121094,11451
2019-12-06 00:00:00+01:00,44.5,44.5,43.0,43.29999923706055,1094
2019-12-09 00:00:00+01:00,43.5,45.29999923706055,43.5,45.29999923706055,747
2019-12-10 00:00:00+01:00,45.0,46.20000076293945,45.0,46.0,5267
2019-12-11 00:00:00+01:00,46.20000076293945,46.5,46.0,46.29999923706055,1487
2019-12-12 00:00:00+01:00,46.900001525878906,46.900001525878906,43.400001525878906,45.599998474121094,2737
2019-12-13 00:00:00+01:00,44.5,45.900001525878906,44.5,45.0,4579
2019-12-16 00:00:00+01:00,44.79999923706055,45.5,44.0,45.0,4740
2019-12-17 00:00:00+01:00,44.79999923706055,45.599998474121094,44.29999923706055,45.599998474121094,3619
2019-12-18 00:00:00+01:00,44.900001525878906,45.70000076293945,44.20000076293945,45.400001525878906,6465
2019-12-19 00:00:00+01:00,45.5,45.79999923706055,45.29999923706055,45.79999923706055,4216
2019-12-20 00:00:00+01:00,45.5,45.599998474121094,44.5,45.599998474121094,8294
2019-12-23 00:00:00+01:00,45.400001525878906,45.400001525878906,44.29999923706055,45.29999923706055,913
2019-12-24 00:00:00+01:00,45.29999923706055,45.29999923706055,45.29999923706055,45.29999923706055,0
2019-12-25 00:00:00+01:00,45.29999923706055,45.29999923706055,45.29999923706055,45.29999923706055,0
2019-12-26 00:00:00+01:00,45.29999923706055,45.29999923706055,45.29999923706055,45.29999923706055,0
2019-12-27 00:00:00+01:00,45.29999923706055,45.29999923706055,44.5,45.0,1077
2019-12-30 00:00:00+01:00,45.099998474121094,45.099998474121094,45.0,45.0,780
2019-12-31 00:00:00+01:00,45.0,45.0,45.0,45.0,0
2020-01-01 00:00:00+01:00,45.0,45.0,45.0,45.0,0
2020-01-02 00:00:00+01:00,45.0,49.0,45.0,47.0,4947
2020-01-03 00:00:00+01:00,47.0,47.0,46.400001525878906,47.0,2074
2020-01-06 00:00:00+01:00,47.0,47.0,47.0,47.0,0
2020-01-07 00:00:00+01:00,47.0,47.599998474121094,47.0,47.599998474121094,4851
2020-01-08 00:00:00+01:00,48.0,48.099998474121094,47.20000076293945,47.79999923706055,3530
2020-01-09 00:00:00+01:00,48.0,49.0,47.900001525878906,48.79999923706055,4310
2020-01-10 00:00:00+01:00,49.0,50.599998474121094,49.0,50.400001525878906,15050
2020-01-13 00:00:00+01:00,50.400001525878906,51.0,50.20000076293945,50.599998474121094,11325
2020-01-14 00:00:00+01:00,50.79999923706055,51.20000076293945,50.599998474121094,51.20000076293945,9352
2020-01-15 00:00:00+01:00,51.20000076293945,51.20000076293945,50.400001525878906,51.0,4503
2020-01-16 00:00:00+01:00,50.79999923706055,51.0,50.0,50.0,7375
2020-01-17 00:00:00+01:00,50.0,50.599998474121094,49.0,49.900001525878906,4270
2020-01-20 00:00:00+01:00,48.5,50.0,48.0,50.0,3741
2020-01-21 00:00:00+01:00,50.0,50.599998474121094,49.0,50.599998474121094,2286
2020-01-22 00:00:00+01:00,50.20000076293945,50.599998474121094,50.0,50.20000076293945,5312
2020-01-23 00:00:00+01:00,49.0,50.599998474121094,49.0,50.0,2547
2020-01-24 00:00:00+01:00,50.0,50.400001525878906,48.70000076293945,50.400001525878906,2340
2020-01-27 00:00:00+01:00,50.400001525878906,50.400001525878906,50.0,50.400001525878906,7963
2020-01-28 00:00:00+01:00,50.400001525878906,50.400001525878906,49.599998474121094,50.400001525878906,2592
2020-01-29 00:00:00+01:00,50.400001525878906,50.400001525878906,50.0,50.0,415
2020-01-30 00:00:00+01:00,48.5,50.400001525878906,48.29999923706055,49.900001525878906,2234
2020-01-31 00:00:00+01:00,49.20000076293945,50.599998474121094,49.0,50.20000076293945,4031
2020-02-03 00:00:00+01:00,49.099998474121094,50.0,48.5,49.0,725
2020-02-04 00:00:00+01:00,49.0,50.0,48.599998474121094,49.29999923706055,134
2020-02-05 00:00:00+01:00,50.0,50.400001525878906,49.5,49.79999923706055,2501
2020-02-06 00:00:00+01:00,50.20000076293945,50.20000076293945,48.5,49.900001525878906,1167
2020-02-07 00:00:00+01:00,49.900001525878906,50.400001525878906,49.5,49.79999923706055,747
2020-02-10 00:00:00+01:00,49.5,50.400001525878906,49.5,49.900001525878906,1556
2020-02-11 00:00:00+01:00,50.400001525878906,50.400001525878906,46.400001525878906,48.5,3676
2020-02-12 00:00:00+01:00,48.5,49.29999923706055,48.0,48.20000076293945,3126
2020-02-13 00:00:00+01:00,48.0,49.70000076293945,48.0,49.5,3597
2020-02-14 00:00:00+01:00,48.29999923706055,50.0,48.29999923706055,49.400001525878906,1563
2020-02-17 00:00:00+01:00,49.400001525878906,49.400001525878906,48.400001525878906,49.0,2147
2020-02-18 00:00:00+01:00,49.400001525878906,49.400001525878906,48.400001525878906,49.0,3485
2020-02-19 00:00:00+01:00,49.20000076293945,49.20000076293945,47.599998474121094,48.79999923706055,1776
2020-02-20 00:00:00+01:00,48.20000076293945,49.5,48.0,49.0,2984
2020-02-21 00:00:00+01:00,49.599998474121094,50.599998474121094,48.20000076293945,48.20000076293945,17420
2020-02-24 00:00:00+01:00,49.0,49.0,44.20000076293945,45.5,24190
2020-02-25 00:00:00+01:00,45.5,46.099998474121094,45.0,45.5,3338
2020-02-26 00:00:00+01:00,45.099998474121094,47.900001525878906,44.5,47.900001525878906,3048
2020-02-27 00:00:00+01:00,47.599998474121094,48.0,45.20000076293945,45.70000076293945,2351
2020-02-28 00:00:00+01:00,42.79999923706055,43.79999923706055,39.5,42.599998474121094,21035
2020-03-02 00:00:00+01:00,42.0,43.79999923706055,41.29999923706055,42.099998474121094,6605
2020-03-03 00:00:00+01:00,43.400001525878906,45.70000076293945,43.0,45.0,5873
2020-03-04 00:00:00+01:00,46.0,46.20000076293945,43.0,45.0,924
2020-03-05 00:00:00+01:00,45.0,47.900001525878906,43.0,44.400001525878906,4530
2020-03-06 00:00:00+01:00,47.900001525878906,48.900001525878906,46.099998474121094,47.29999923706055,14111
2020-03-09 00:00:00+01:00,44.900001525878906,45.900001525878906,40.5,41.0,14386
2020-03-10 00:00:00+01:00,41.5,43.0,41.0,41.0,4396
2020-03-11 00:00:00+01:00,41.5,42.0,38.20000076293945,38.29999923706055,11145
2020-03-12 00:00:00+01:00,35.0,35.0,30.100000381469727,30.100000381469727,17125
2020-03-13 00:00:00+01:00,31.200000762939453,37.599998474121094,28.299999237060547,32.0,20563
2020-03-16 00:00:00+01:00,33.0,34.900001525878906,30.0,34.5,8193
2020-03-17 00:00:00+01:00,33.099998474121094,36.400001525878906,33.099998474121094,34.0,7172
2020-03-18 00:00:00+01:00,34.0,37.0,34.0,35.0,5125
2020-03-19 00:00:00+01:00,36.0,38.5,35.0,37.0,6804
2020-03-20 00:00:00+01:00,39.0,41.599998474121094,37.0,37.20000076293945,16078
2020-03-23 00:00:00+01:00,34.20000076293945,36.79999923706055,33.5,36.5,4836
2020-03-24 00:00:00+01:00,36.099998474121094,39.0,36.0,37.5,3033
2020-03-25 00:00:00+01:00,36.400001525878906,37.5,36.400001525878906,37.5,1436
2020-03-26 00:00:00+01:00,38.0,38.5,37.0,38.5,1740
2020-03-27 00:00:00+01:00,39.0,39.0,37.5,39.0,2317
2020-03-30 00:00:00+02:00,42.900001525878906,43.400001525878906,40.400001525878906,42.0,13105
2020-03-31 00:00:00+02:00,43.0,44.5,42.5,44.5,6489
2020-04-01 00:00:00+02:00,45.0,45.5,44.5,45.400001525878906,3411
2020-04-02 00:00:00+02:00,45.900001525878906,46.0,43.0,44.900001525878906,1851
2020-04-03 00:00:00+02:00,45.900001525878906,45.900001525878906,43.0,43.900001525878906,1625
2020-04-06 00:00:00+02:00,44.900001525878906,46.0,43.5,44.900001525878906,6869
2020-04-07 00:00:00+02:00,45.20000076293945,45.70000076293945,43.20000076293945,43.599998474121094,3556
2020-04-08 00:00:00+02:00,43.5,43.599998474121094,41.5,43.0,1916
2020-04-09 00:00:00+02:00,43.79999923706055,45.0,42.099998474121094,44.900001525878906,3185
2020-04-10 00:00:00+02:00,44.900001525878906,44.900001525878906,44.900001525878906,44.900001525878906,0
2020-04-13 00:00:00+02:00,44.900001525878906,44.900001525878906,44.900001525878906,44.900001525878906,0
2020-04-14 00:00:00+02:00,45.0,48.0,45.0,47.70000076293945,5092
2020-04-15 00:00:00+02:00,48.0,48.70000076293945,46.29999923706055,47.79999923706055,5265
2020-04-16 00:00:00+02:00,50.20000076293945,53.0,50.0,52.20000076293945,23911
2020-04-17 00:00:00+02:00,50.599998474121094,53.0,48.29999923706055,52.0,19666
2020-04-20 00:00:00+02:00,52.599998474121094,54.0,52.0,53.20000076293945,21498
2020-04-21 00:00:00+02:00,53.20000076293945,53.20000076293945,50.20000076293945,51.599998474121094,13433
2020-04-22 00:00:00+02:00,51.0,54.0,48.5,53.20000076293945,14277
2020-04-23 00:00:00+02:00,53.599998474121094,54.400001525878906,52.599998474121094,53.0,11800
2020-04-24 00:00:00+02:00,53.599998474121094,53.599998474121094,52.599998474121094,52.79999923706055,1491
2020-04-27 00:00:00+02:00,52.599998474121094,56.0,51.599998474121094,55.599998474121094,38842
2020-04-28 00:00:00+02:00,55.20000076293945,56.79999923706055,54.0,55.79999923706055,10153
2020-04-29 00:00:00+02:00,55.79999923706055,58.0,54.400001525878906,57.0,11749
2020-04-30 00:00:00+02:00,58.0,58.599998474121094,57.0,58.0,10431
2020-05-01 00:00:00+02:00,58.0,58.0,58.0,58.0,0
2020-05-04 00:00:00+02:00,58.20000076293945,58.20000076293945,54.599998474121094,55.20000076293945,4291
2020-05-05 00:00:00+02:00,56.599998474121094,57.79999923706055,55.599998474121094,57.0,929
2020-05-06 00:00:00+02:00,57.0,57.599998474121094,55.599998474121094,57.20000076293945,2727
2020-05-07 00:00:00+02:00,57.0,58.0,56.0,58.0,3244
2020-05-08 00:00:00+02:00,58.0,58.599998474121094,57.20000076293945,58.400001525878906,10275
2020-05-11 00:00:00+02:00,58.400001525878906,58.599998474121094,57.0,58.0,1136
2020-05-12 00:00:00+02:00,58.0,58.20000076293945,55.0,56.0,2916
2020-05-13 00:00:00+02:00,57.400001525878906,57.400001525878906,54.599998474121094,56.0,1836
2020-05-14 00:00:00+02:00,57.0,57.0,51.400001525878906,52.79999923706055,9734
2020-05-15 00:00:00+02:00,52.599998474121094,55.400001525878906,52.599998474121094,54.599998474121094,2412
2020-05-18 00:00:00+02:00,57.79999923706055,58.20000076293945,56.0,57.20000076293945,4130
2020-05-19 00:00:00+02:00,57.0,58.0,56.79999923706055,58.0,1889
2020-05-20 00:00:00+02:00,58.0,58.0,57.0,57.599998474121094,1837
2020-05-21 00:00:00+02:00,58.0,58.20000076293945,57.20000076293945,58.0,2166
2020-05-22 00:00:00+02:00,58.0,58.0,55.79999923706055,56.20000076293945,2162
2020-05-25 00:00:00+02:00,56.599998474121094,58.79999923706055,56.0,58.599998474121094,6464
2020-05-26 00:00:00+02:00,58.599998474121094,58.79999923706055,58.0,58.599998474121094,4326
2020-05-27 00:00:00+02:00,58.599998474121094,59.599998474121094,58.0,59.599998474121094,10396
2020-05-28 00:00:00+02:00,59.400001525878906,61.0,59.0,61.0,10319
2020-05-29 00:00:00+02:00,61.0,62.400001525878906,60.20000076293945,62.20000076293945,11388
2020-06-01 00:00:00+02:00,62.400001525878906,64.0,62.0,63.400001525878906,5266
2020-06-02 00:00:00+02:00,63.0,64.80000305175781,63.0,63.79999923706055,3995
2020-06-03 00:00:00+02:00,64.4000015258789,67.0,64.4000015258789,65.0,7548
2020-06-04 00:00:00+02:00,65.0,67.4000015258789,65.0,65.5999984741211,6993
2020-06-05 00:00:00+02:00,67.4000015258789,67.5999984741211,65.19999694824219,65.4000015258789,3599
2020-06-08 00:00:00+02:00,65.4000015258789,65.4000015258789,63.20000076293945,65.4000015258789,2766
2020-06-09 00:00:00+02:00,65.4000015258789,66.0,65.0,65.80000305175781,6844
2020-06-10 00:00:00+02:00,62.599998474121094,65.4000015258789,62.599998474121094,65.0,1451
2020-06-11 00:00:00+02:00,65.0,65.0,65.0,65.0,0
2020-06-12 00:00:00+02:00,61.0,63.0,57.0,62.20000076293945,7597
2020-06-15 00:00:00+02:00,62.79999923706055,64.5999984741211,61.20000076293945,63.0,5474
2020-06-16 00:00:00+02:00,62.0,66.0,60.0,64.4000015258789,4313
2020-06-17 00:00:00+02:00,66.5999984741211,69.0,66.0,68.19999694824219,21944
2020-06-18 00:00:00+02:00,69.0,70.0,67.0,68.0,4599
2020-06-19 00:00:00+02:00,69.0,69.0,67.0,68.0,8535
2020-06-22 00:00:00+02:00,70.0,71.0,66.19999694824219,71.0,5010
2020-06-23 00:00:00+02:00,71.0,78.0,70.19999694824219,75.0,26116
2020-06-24 00:00:00+02:00,75.0,77.0,72.4000015258789,73.0,6309
2020-06-25 00:00:00+02:00,75.0,75.0,70.0,73.5999984741211,8916
2020-06-26 00:00:00+02:00,75.0,75.0,72.4000015258789,72.4000015258789,3058
2020-06-29 00:00:00+02:00,72.80000305175781,72.80000305175781,68.19999694824219,70.4000015258789,7332
2020-06-30 00:00:00+02:00,71.80000305175781,71.80000305175781,65.4000015258789,65.5999984741211,4879
2020-07-01 00:00:00+02:00,66.19999694824219,70.0,66.0,67.0,4047
2020-07-02 00:00:00+02:00,67.80000305175781,69.5999984741211,67.19999694824219,68.0,2687
2020-07-03 00:00:00+02:00,69.5999984741211,71.80000305175781,68.4000015258789,69.5999984741211,6011
2020-07-06 00:00:00+02:00,69.5999984741211,70.0,68.4000015258789,70.0,4018
2020-07-07 00:00:00+02:00,70.0,71.19999694824219,70.0,70.5999984741211,2002
2020-07-08 00:00:00+02:00,70.19999694824219,71.0,68.4000015258789,71.0,2574
2020-07-09 00:00:00+02:00,71.0,72.0,70.0,71.0,2009
2020-07-10 00:00:00+02:00,70.0,71.5999984741211,68.0,69.80000305175781,2117
2020-07-13 00:00:00+02:00,69.80000305175781,71.4000015258789,68.5999984741211,69.80000305175781,2217
2020-07-14 00:00:00+02:00,69.0,72.0,68.0,72.0,3420
2020-07-15 00:00:00+02:00,71.80000305175781,71.80000305175781,64.80000305175781,68.80000305175781,66460
2020-07-16 00:00:00+02:00,66.4000015258789,70.19999694824219,64.0,66.4000015258789,11704
2020-07-17 00:00:00+02:00,66.4000015258789,66.5999984741211,64.19999694824219,65.0,5681
2020-07-20 00:00:00+02:00,64.80000305175781,65.80000305175781,63.20000076293945,63.400001525878906,5788
2020-07-21 00:00:00+02:00,65.5999984741211,67.0,64.0,67.0,5715
2020-07-22 00:00:00+02:00,67.0,68.80000305175781,67.0,67.4000015258789,3391
2020-07-23 00:00:00+02:00,68.80000305175781,68.80000305175781,64.0,66.5999984741211,12266
2020-07-24 00:00:00+02:00,66.5999984741211,66.5999984741211,64.19999694824219,64.19999694824219,3452
2020-07-27 00:00:00+02:00,66.5999984741211,69.80000305175781,64.5999984741211,68.4000015258789,11863
2020-07-28 00:00:00+02:00,71.0,75.4000015258789,69.0,75.0,21753
2020-07-29 00:00:00+02:00,75.19999694824219,76.80000305175781,70.80000305175781,71.80000305175781,9208
2020-07-30 00:00:00+02:00,72.0,73.80000305175781,65.0,68.4000015258789,8763
2020-07-31 00:00:00+02:00,65.19999694824219,69.80000305175781,64.80000305175781,69.4000015258789,6396
2020-08-03 00:00:00+02:00,72.4000015258789,72.4000015258789,69.5999984741211,71.19999694824219,3007
2020-08-04 00:00:00+02:00,71.19999694824219,71.4000015258789,69.0,71.0,4482
2020-08-05 00:00:00+02:00,68.80000305175781,71.0,68.4000015258789,69.80000305175781,2997
2020-08-06 00:00:00+02:00,71.19999694824219,71.19999694824219,66.0,68.4000015258789,10427
2020-08-07 00:00:00+02:00,68.4000015258789,68.4000015258789,65.0,66.0,4647
2020-08-10 00:00:00+02:00,67.0,68.80000305175781,63.599998474121094,64.0,9551
2020-08-11 00:00:00+02:00,65.5999984741211,65.5999984741211,64.0,65.0,2399
2020-08-12 00:00:00+02:00,64.0,66.0,59.20000076293945,66.0,10080
2020-08-13 00:00:00+02:00,64.0,66.0,63.20000076293945,64.80000305175781,3317
2020-08-14 00:00:00+02:00,64.5999984741211,65.19999694824219,63.79999923706055,65.19999694824219,1773
2020-08-17 00:00:00+02:00,64.5999984741211,66.0,64.0,65.4000015258789,2710
2020-08-18 00:00:00+02:00,66.0,66.0,63.79999923706055,65.0,13955
2020-08-19 00:00:00+02:00,65.5999984741211,65.5999984741211,62.20000076293945,64.80000305175781,3083
2020-08-20 00:00:00+02:00,64.80000305175781,65.80000305175781,63.0,65.0,4643
2020-08-21 00:00:00+02:00,64.80000305175781,64.80000305175781,62.400001525878906,62.79999923706055,3314
2020-08-24 00:00:00+02:00,63.0,63.400001525878906,62.20000076293945,63.0,2440
2020-08-25 00:00:00+02:00,63.0,63.0,62.400001525878906,62.400001525878906,1549
2020-08-26 00:00:00+02:00,62.20000076293945,63.20000076293945,59.599998474121094,60.0,12077
2020-08-27 00:00:00+02:00,60.0,62.400001525878906,60.0,62.400001525878906,3026
2020-08-28 00:00:00+02:00,63.0,63.0,61.0,61.20000076293945,1100
2020-08-31 00:00:00+02:00,60.20000076293945,61.400001525878906,59.79999923706055,61.0,7465
2020-09-01 00:00:00+02:00,60.79999923706055,60.79999923706055,60.0,60.0,4686
2020-09-02 00:00:00+02:00,60.0,62.599998474121094,60.0,62.20000076293945,1811
2020-09-03 00:00:00+02:00,62.20000076293945,62.20000076293945,60.0,60.0,7614
2020-09-04 00:00:00+02:00,58.599998474121094,61.0,55.20000076293945,60.0,9313
2020-09-07 00:00:00+02:00,61.400001525878906,61.400001525878906,59.400001525878906,60.20000076293945,11549
2020-09-08 00:00:00+02:00,60.0,61.400001525878906,59.20000076293945,59.79999923706055,22412
2020-09-09 00:00:00+02:00,58.0,60.0,56.400001525878906,60.0,2247
2020-09-10 00:00:00+02:00,60.0,60.20000076293945,59.599998474121094,60.0,4263
2020-09-11 00:00:00+02:00,60.0,60.400001525878906,60.0,60.20000076293945,2654
2020-09-14 00:00:00+02:00,59.20000076293945,62.400001525878906,59.20000076293945,62.400001525878906,9542
2020-09-15 00:00:00+02:00,62.599998474121094,62.599998474121094,60.0,61.0,23048
2020-09-16 00:00:00+02:00,60.400001525878906,64.0,60.0,61.599998474121094,8031
2020-09-17 00:00:00+02:00,61.79999923706055,61.79999923706055,60.0,61.0,7575
2020-09-18 00:00:00+02:00,61.0,61.20000076293945,60.79999923706055,60.79999923706055,3919
2020-09-21 00:00:00+02:00,61.0,61.599998474121094,60.0,60.0,7755
2020-09-22 00:00:00+02:00,59.400001525878906,61.0,59.400001525878906,61.0,2019
2020-09-23 00:00:00+02:00,61.0,61.0,59.79999923706055,60.20000076293945,3508
2020-09-24 00:00:00+02:00,59.400001525878906,60.0,59.20000076293945,60.0,19786
2020-09-25 00:00:00+02:00,58.20000076293945,59.400001525878906,58.20000076293945,58.79999923706055,3637
2020-09-28 00:00:00+02:00,59.0,59.0,58.599998474121094,58.599998474121094,1598
2020-09-29 00:00:00+02:00,59.0,59.0,58.599998474121094,58.79999923706055,9246
2020-09-30 00:00:00+02:00,59.0,61.0,59.0,60.79999923706055,11907
2020-10-01 00:00:00+02:00,61.0,61.0,60.0,60.79999923706055,2176
2020-10-02 00:00:00+02:00,60.79999923706055,60.79999923706055,60.0,60.400001525878906,1206
2020-10-05 00:00:00+02:00,60.599998474121094,60.79999923706055,60.0,60.79999923706055,1647
2020-10-06 00:00:00+02:00,60.79999923706055,60.79999923706055,59.0,60.0,11115
2020-10-07 00:00:00+02:00,59.79999923706055,60.20000076293945,59.0,60.20000076293945,1078
2020-10-08 00:00:00+02:00,60.0,60.0,58.0,58.0,2536
2020-10-09 00:00:00+02:00,58.400001525878906,60.0,55.79999923706055,56.400001525878906,8224
2020-10-12 00:00:00+02:00,55.400001525878906,59.79999923706055,53.0,59.20000076293945,15530
2020-10-13 00:00:00+02:00,60.20000076293945,60.20000076293945,59.20000076293945,59.400001525878906,5285
2020-10-14 00:00:00+02:00,59.400001525878906,59.400001525878906,57.400001525878906,58.79999923706055,1813
2020-10-15 00:00:00+02:00,58.0,58.79999923706055,57.0,58.599998474121094,24111
2020-10-16 00:00:00+02:00,55.79999923706055,61.0,55.79999923706055,60.79999923706055,18688
2020-10-19 00:00:00+02:00,61.0,64.0,60.79999923706055,63.0,31406
2020-10-20 00:00:00+02:00,64.0,64.0,62.0,63.0,6803
2020-10-21 00:00:00+02:00,63.0,63.0,51.20000076293945,52.0,90425
2020-10-22 00:00:00+02:00,52.0,53.0,47.0,49.400001525878906,34266
2020-10-23 00:00:00+02:00,50.0,50.400001525878906,49.0,50.0,21546
2020-10-26 00:00:00+01:00,54.599998474121094,54.79999923706055,51.0,52.0,39884
2020-10-27 00:00:00+01:00,54.0,54.400001525878906,48.70000076293945,50.0,47442
2020-10-28 00:00:00+01:00,50.0,52.0,48.0,50.0,25991
2020-10-29 00:00:00+01:00,51.599998474121094,51.599998474121094,48.0,49.900001525878906,9429
2020-10-30 00:00:00+01:00,51.20000076293945,51.20000076293945,49.599998474121094,50.0,27518
2020-11-02 00:00:00+01:00,49.099998474121094,51.599998474121094,49.099998474121094,51.599998474121094,3406
2020-11-03 00:00:00+01:00,51.599998474121094,52.0,50.400001525878906,51.0,2907
2020-11-04 00:00:00+01:00,50.400001525878906,51.400001525878906,50.0,51.20000076293945,1739
2020-11-05 00:00:00+01:00,52.0,53.0,51.599998474121094,51.79999923706055,8013
2020-11-06 00:00:00+01:00,53.0,58.0,52.400001525878906,56.0,48148
2020-11-09 00:00:00+01:00,56.400001525878906,58.0,54.0,55.400001525878906,26634
2020-11-10 00:00:00+01:00,55.400001525878906,56.0,51.400001525878906,52.0,17543
2020-11-11 00:00:00+01:00,52.0,52.0,52.0,52.0,0
2020-11-12 00:00:00+01:00,53.79999923706055,53.79999923706055,51.599998474121094,53.400001525878906,23753
2020-11-13 00:00:00+01:00,53.400001525878906,53.599998474121094,51.400001525878906,51.400001525878906,8683
2020-11-16 00:00:00+01:00,52.0,53.599998474121094,51.400001525878906,52.0,8540
2020-11-17 00:00:00+01:00,54.0,54.0,50.599998474121094,50.599998474121094,6702
2020-11-18 00:00:00+01:00,52.79999923706055,52.79999923706055,50.599998474121094,51.20000076293945,4223
2020-11-19 00:00:00+01:00,50.79999923706055,52.79999923706055,50.599998474121094,51.400001525878906,4142
2020-11-20 00:00:00+01:00,51.0,51.20000076293945,50.20000076293945,51.20000076293945,6516
2020-11-23 00:00:00+01:00,51.400001525878906,52.0,50.20000076293945,52.0,12874
2020-11-24 00:00:00+01:00,52.20000076293945,55.79999923706055,51.79999923706055,54.599998474121094,123819
2020-11-25 00:00:00+01:00,54.599998474121094,55.0,52.599998474121094,52.599998474121094,5034
2020-11-26 00:00:00+01:00,53.79999923706055,53.79999923706055,52.0,53.0,4548
2020-11-27 00:00:00+01:00,53.79999923706055,53.79999923706055,51.599998474121094,52.599998474121094,3738
2020-11-30 00:00:00+01:00,52.400001525878906,52.79999923706055,50.20000076293945,51.0,8983
2020-12-01 00:00:00+01:00,52.599998474121094,52.599998474121094,50.400001525878906,50.400001525878906,6052
2020-12-02 00:00:00+01:00,50.599998474121094,51.79999923706055,50.20000076293945,50.599998474121094,3068
2020-12-03 00:00:00+01:00,51.599998474121094,51.599998474121094,49.099998474121094,50.0,11166
2020-12-04 00:00:00+01:00,49.900001525878906,50.79999923706055,48.599998474121094,48.900001525878906,8435
2020-12-07 00:00:00+01:00,49.0,50.0,48.0,48.599998474121094,29933
2020-12-08 00:00:00+01:00,48.400001525878906,50.20000076293945,48.400001525878906,49.900001525878906,9662
2020-12-09 00:00:00+01:00,50.20000076293945,51.20000076293945,49.29999923706055,49.400001525878906,18657
2020-12-10 00:00:00+01:00,50.0,50.20000076293945,49.0,49.5,5020
2020-12-11 00:00:00+01:00,49.5,50.0,47.79999923706055,48.0,6206
2020-12-14 00:00:00+01:00,48.0,48.0,44.0,45.79999923706055,56230
2020-12-15 00:00:00+01:00,45.79999923706055,47.70000076293945,45.79999923706055,46.29999923706055,11153
2020-12-16 00:00:00+01:00,47.0,47.900001525878906,46.70000076293945,47.599998474121094,16803
2020-12-17 00:00:00+01:00,47.79999923706055,47.79999923706055,46.79999923706055,47.0,14959
2020-12-18 00:00:00+01:00,46.5,47.599998474121094,45.099998474121094,47.5,9757
2020-12-21 00:00:00+01:00,47.5,47.5,45.900001525878906,46.400001525878906,11112
2020-12-22 00:00:00+01:00,47.0,47.400001525878906,46.5,47.099998474121094,7614
2020-12-23 00:00:00+01:00,47.099998474121094,48.29999923706055,46.400001525878906,48.0,11966
2020-12-28 00:00:00+01:00,48.0,48.5,46.599998474121094,47.79999923706055,32541
2020-12-29 00:00:00+01:00,47.79999923706055,50.0,47.79999923706055,49.70000076293945,5467
2020-12-30 00:00:00+01:00,49.0,49.5,49.0,49.20000076293945,8622
2021-01-04 00:00:00+01:00,49.29999923706055,49.70000076293945,48.900001525878906,49.20000076293945,8560
2021-01-05 00:00:00+01:00,50.20000076293945,54.0,50.20000076293945,51.599998474121094,22369
2021-01-07 00:00:00+01:00,52.79999923706055,55.0,52.20000076293945,53.400001525878906,8725
2021-01-08 00:00:00+01:00,57.400001525878906,57.400001525878906,55.0,56.0,25651
2021-01-11 00:00:00+01:00,56.0,57.20000076293945,55.599998474121094,55.599998474121094,12167
2021-01-12 00:00:00+01:00,56.79999923706055,57.0,53.400001525878906,56.79999923706055,6383
2021-01-13 00:00:00+01:00,56.79999923706055,56.79999923706055,54.20000076293945,54.20000076293945,4013
2021-01-14 00:00:00+01:00,55.599998474121094,55.599998474121094,50.20000076293945,52.400001525878906,13679
2021-01-15 00:00:00+01:00,52.79999923706055,55.20000076293945,52.79999923706055,54.79999923706055,4333
2021-01-18 00:00:00+01:00,54.79999923706055,56.599998474121094,53.599998474121094,54.400001525878906,10839
2021-01-19 00:00:00+01:00,54.599998474121094,55.599998474121094,54.20000076293945,54.400001525878906,3254
2021-01-20 00:00:00+01:00,54.400001525878906,56.0,53.599998474121094,54.0,5099
2021-01-21 00:00:00+01:00,55.0,55.0,52.20000076293945,52.400001525878906,11843
2021-01-22 00:00:00+01:00,52.400001525878906,54.0,51.79999923706055,53.0,3047
2021-01-25 00:00:00+01:00,55.0,56.0,52.400001525878906,52.79999923706055,10031
2021-01-26 00:00:00+01:00,53.0,53.0,51.79999923706055,52.0,4681
2021-01-27 00:00:00+01:00,52.0,53.0,49.400001525878906,50.0,13936
2021-01-28 00:00:00+01:00,50.0,51.20000076293945,49.0,51.0,45171
2021-01-29 00:00:00+01:00,52.599998474121094,52.599998474121094,51.0,51.599998474121094,2485
2021-02-01 00:00:00+01:00,52.0,52.0,50.20000076293945,50.400001525878906,2845
2021-02-02 00:00:00+01:00,50.20000076293945,55.0,50.20000076293945,51.0,9952
2021-02-03 00:00:00+01:00,51.0,51.599998474121094,49.70000076293945,50.79999923706055,128046
2021-02-04 00:00:00+01:00,51.20000076293945,51.599998474121094,50.79999923706055,51.0,1045
2021-02-05 00:00:00+01:00,51.0,51.599998474121094,50.599998474121094,51.0,1367
2021-02-08 00:00:00+01:00,50.79999923706055,51.400001525878906,49.900001525878906,50.400001525878906,3311
2021-02-09 00:00:00+01:00,50.79999923706055,52.0,50.0,52.0,1303
2021-02-10 00:00:00+01:00,51.599998474121094,51.79999923706055,50.79999923706055,51.400001525878906,1566
2021-02-11 00:00:00+01:00,51.599998474121094,52.20000076293945,51.0,52.0,5087
2021-02-12 00:00:00+01:00,52.0,52.400001525878906,50.79999923706055,51.400001525878906,4589
2021-02-15 00:00:00+01:00,51.400001525878906,53.599998474121094,50.599998474121094,53.599998474121094,9102
2021-02-16 00:00:00+01:00,53.79999923706055,54.20000076293945,52.20000076293945,52.20000076293945,17211
2021-02-17 00:00:00+01:00,52.20000076293945,52.20000076293945,50.0,51.0,9004
2021-02-18 00:00:00+01:00,50.79999923706055,51.0,49.900001525878906,50.0,7413
2021-02-19 00:00:00+01:00,50.0,50.79999923706055,49.5,49.79999923706055,5066
2021-02-22 00:00:00+01:00,50.20000076293945,51.0,49.5,50.20000076293945,5068
2021-02-23 00:00:00+01:00,51.0,51.0,47.599998474121094,49.79999923706055,7619
2021-02-24 00:00:00+01:00,49.5,50.20000076293945,49.0,49.79999923706055,2801
2021-02-25 00:00:00+01:00,50.20000076293945,51.0,49.5,50.0,5276
2021-02-26 00:00:00+01:00,48.79999923706055,50.0,47.79999923706055,49.70000076293945,5273
2021-03-01 00:00:00+01:00,50.0,52.0,49.0,51.599998474121094,10229
2021-03-02 00:00:00+01:00,51.599998474121094,52.0,49.599998474121094,50.20000076293945,4861
2021-03-03 00:00:00+01:00,50.79999923706055,52.0,50.0,51.0,5631
2021-03-04 00:00:00+01:00,51.0,51.0,50.0,50.79999923706055,2138
2021-03-05 00:00:00+01:00,51.0,51.0,50.0,50.599998474121094,901
2021-03-08 00:00:00+01:00,50.20000076293945,51.0,48.900001525878906,49.70000076293945,11993
2021-03-09 00:00:00+01:00,52.0,58.0,50.20000076293945,50.400001525878906,63188
2021-03-10 00:00:00+01:00,50.0,51.79999923706055,49.20000076293945,51.0,10370
2021-03-11 00:00:00+01:00,52.0,52.20000076293945,49.70000076293945,50.400001525878906,13590
2021-03-12 00:00:00+01:00,49.79999923706055,50.400001525878906,49.400001525878906,50.0,5150
2021-03-15 00:00:00+01:00,51.0,51.599998474121094,50.0,51.20000076293945,5433
2021-03-16 00:00:00+01:00,51.599998474121094,52.0,51.0,51.0,27583
2021-03-17 00:00:00+01:00,51.0,51.599998474121094,49.599998474121094,50.79999923706055,7270
2021-03-18 00:00:00+01:00,51.0,53.599998474121094,50.20000076293945,52.0,28810
2021-03-19 00:00:00+01:00,52.599998474121094,53.599998474121094,52.20000076293945,53.400001525878906,10847
2021-03-22 00:00:00+01:00,53.79999923706055,55.79999923706055,53.0,55.400001525878906,31052
2021-03-23 00:00:00+01:00,55.400001525878906,55.400001525878906,53.400001525878906,54.599998474121094,6160
2021-03-24 00:00:00+01:00,54.20000076293945,54.79999923706055,52.599998474121094,53.0,5644
2021-03-25 00:00:00+01:00,52.79999923706055,54.0,51.79999923706055,51.79999923706055,5740
2021-03-26 00:00:00+01:00,52.20000076293945,56.400001525878906,51.79999923706055,56.400001525878906,13911
2021-03-29 00:00:00+02:00,56.0,57.400001525878906,55.79999923706055,57.400001525878906,19122
2021-03-30 00:00:00+02:00,57.0,58.599998474121094,57.0,58.599998474121094,7479
2021-03-31 00:00:00+02:00,58.79999923706055,59.0,57.400001525878906,58.0,5158
2021-04-01 00:00:00+02:00,58.20000076293945,59.599998474121094,58.20000076293945,59.400001525878906,11438
2021-04-06 00:00:00+02:00,59.599998474121094,61.0,57.29999923706055,60.900001525878906,14566
2021-04-07 00:00:00+02:00,60.900001525878906,61.20000076293945,59.599998474121094,60.0,7371
2021-04-08 00:00:00+02:00,60.0,60.79999923706055,59.599998474121094,59.79999923706055,49040
2021-04-09 00:00:00+02:00,49.79999923706055,54.5,49.099998474121094,53.0,182654
2021-04-12 00:00:00+02:00,53.0,54.0,53.0,53.900001525878906,16708
2021-04-13 00:00:00+02:00,54.0,54.0,53.0,53.5,6122
2021-04-14 00:00:00+02:00,53.0,53.400001525878906,51.599998474121094,52.0,9462
2021-04-15 00:00:00+02:00,51.900001525878906,53.0,51.900001525878906,52.5,2232
2021-04-16 00:00:00+02:00,53.0,53.099998474121094,52.29999923706055,52.5,13099
2021-04-19 00:00:00+02:00,52.70000076293945,53.900001525878906,52.70000076293945,53.900001525878906,7723
2021-04-20 00:00:00+02:00,54.0,54.0,52.099998474121094,52.099998474121094,5618
2021-04-21 00:00:00+02:00,52.5,52.70000076293945,51.0,51.0,6770
2021-04-22 00:00:00+02:00,51.20000076293945,52.5,50.099998474121094,50.099998474121094,9530
2021-04-23 00:00:00+02:00,50.099998474121094,50.900001525878906,49.45000076293945,49.900001525878906,13206
2021-04-26 00:00:00+02:00,50.0,50.0,49.79999923706055,50.0,4394
2021-04-27 00:00:00+02:00,50.0,50.400001525878906,49.0,50.400001525878906,6909
2021-04-28 00:00:00+02:00,50.400001525878906,51.5,50.0,51.099998474121094,3537
2021-04-29 00:00:00+02:00,51.5,52.0,50.29999923706055,50.29999923706055,3366
2021-04-30 00:00:00+02:00,51.20000076293945,51.20000076293945,50.0,50.5,1079
2021-05-04 00:00:00+02:00,51.0,51.20000076293945,50.0,50.0,3467
2021-05-05 00:00:00+02:00,50.0,50.599998474121094,50.0,50.0,10209
2021-05-06 00:00:00+02:00,50.29999923706055,50.599998474121094,49.150001525878906,49.25,5984
2021-05-07 00:00:00+02:00,49.25,49.849998474121094,48.599998474121094,49.0,5721
2021-05-10 00:00:00+02:00,48.5,48.5,46.0,47.54999923706055,9277
2021-05-11 00:00:00+02:00,48.20000076293945,48.5,47.04999923706055,48.5,16173
2021-05-12 00:00:00+02:00,48.5,49.45000076293945,47.70000076293945,49.45000076293945,3492
2021-05-13 00:00:00+02:00,49.599998474121094,51.79999923706055,49.5,51.79999923706055,49349
2021-05-14 00:00:00+02:00,51.79999923706055,54.0,51.0,53.900001525878906,52017
2021-05-17 00:00:00+02:00,53.79999923706055,53.79999923706055,52.5,53.0,3427
2021-05-18 00:00:00+02:00,53.0,53.0,52.5,52.79999923706055,1493
2021-05-19 00:00:00+02:00,52.5,52.900001525878906,51.900001525878906,52.5,3119
2021-05-20 00:00:00+02:00,52.5,53.0,52.5,52.70000076293945,12215
2021-05-21 00:00:00+02:00,53.0,53.20000076293945,52.5,53.0,1369
2021-05-24 00:00:00+02:00,53.29999923706055,53.5,52.5,53.20000076293945,2753
2021-05-25 00:00:00+02:00,53.400001525878906,53.400001525878906,52.5,52.79999923706055,1162
2021-05-26 00:00:00+02:00,53.20000076293945,55.900001525878906,53.20000076293945,53.900001525878906,11184
2021-05-27 00:00:00+02:00,54.0,55.70000076293945,53.900001525878906,55.5,11729
2021-05-28 00:00:00+02:00,55.70000076293945,57.0,55.5,56.79999923706055,24084
2021-05-31 00:00:00+02:00,56.79999923706055,56.79999923706055,55.0,55.79999923706055,5656
2021-06-01 00:00:00+02:00,55.5,55.5,52.79999923706055,54.0,6994
2021-06-02 00:00:00+02:00,53.900001525878906,56.20000076293945,52.900001525878906,55.5,8839
2021-06-04 00:00:00+02:00,56.20000076293945,56.79999923706055,53.099998474121094,53.599998474121094,2826
2021-06-07 00:00:00+02:00,54.70000076293945,58.0,53.70000076293945,58.0,11944
2021-06-08 00:00:00+02:00,58.0,58.0,56.0,58.0,37644
2021-06-09 00:00:00+02:00,56.70000076293945,58.20000076293945,56.70000076293945,58.099998474121094,8904
2021-06-10 00:00:00+02:00,58.0,58.20000076293945,56.0,58.20000076293945,5269
2021-06-11 00:00:00+02:00,58.0,59.20000076293945,57.099998474121094,58.900001525878906,12806
2021-06-14 00:00:00+02:00,58.900001525878906,60.900001525878906,58.0,60.900001525878906,20316
2021-06-15 00:00:00+02:00,60.0,60.79999923706055,60.0,60.599998474121094,5877
2021-06-16 00:00:00+02:00,60.5,60.5,57.20000076293945,58.5,8611
2021-06-17 00:00:00+02:00,59.5,59.5,57.0,57.0,1936
2021-06-18 00:00:00+02:00,57.400001525878906,57.400001525878906,56.5,57.0,1025
2021-06-21 00:00:00+02:00,57.0,57.5,56.5,56.900001525878906,1094
2021-06-22 00:00:00+02:00,56.900001525878906,58.0,55.900001525878906,58.0,4408
2021-06-23 00:00:00+02:00,58.0,58.0,56.599998474121094,57.099998474121094,847
2021-06-24 00:00:00+02:00,57.099998474121094,59.400001525878906,56.79999923706055,59.099998474121094,1609
2021-06-25 00:00:00+02:00,59.79999923706055,61.599998474121094,59.0,60.0,7302
2021-06-28 00:00:00+02:00,59.0,61.5,59.0,61.099998474121094,4730
2021-06-29 00:00:00+02:00,61.599998474121094,61.599998474121094,60.0,61.400001525878906,5508
2021-06-30 00:00:00+02:00,60.5,63.0,60.5,63.0,18680
2021-07-01 00:00:00+02:00,61.20000076293945,63.400001525878906,61.20000076293945,63.0,5055
2021-07-02 00:00:00+02:00,63.0,63.5,62.5,63.400001525878906,4781
2021-07-05 00:00:00+02:00,63.5,66.0,61.79999923706055,66.0,18151
2021-07-06 00:00:00+02:00,65.5999984741211,66.4000015258789,64.30000305175781,66.0,6002
2021-07-07 00:00:00+02:00,66.0,66.30000305175781,63.0,64.4000015258789,4583
2021-07-08 00:00:00+02:00,64.4000015258789,64.4000015258789,60.70000076293945,62.5,22164
2021-07-09 00:00:00+02:00,63.5,63.70000076293945,61.400001525878906,62.0,1458
2021-07-12 00:00:00+02:00,60.0,62.79999923706055,57.900001525878906,61.5,5622
2021-07-13 00:00:00+02:00,60.29999923706055,63.599998474121094,60.29999923706055,63.0,13869
2021-07-14 00:00:00+02:00,62.400001525878906,66.80000305175781,62.29999923706055,62.29999923706055,11723
2021-07-15 00:00:00+02:00,62.70000076293945,63.900001525878906,60.70000076293945,60.70000076293945,4732
2021-07-16 00:00:00+02:00,59.20000076293945,61.099998474121094,59.099998474121094,59.5,55359
2021-07-19 00:00:00+02:00,60.20000076293945,60.20000076293945,54.20000076293945,56.0,12366
2021-07-20 00:00:00+02:00,56.0,58.5,55.79999923706055,57.70000076293945,7192
2021-07-21 00:00:00+02:00,57.400001525878906,58.099998474121094,56.0,58.0,5215
2021-07-22 00:00:00+02:00,57.0,58.0,56.400001525878906,57.0,1751
2021-07-23 00:00:00+02:00,57.5,57.900001525878906,55.400001525878906,55.599998474121094,3675
2021-07-26 00:00:00+02:00,55.20000076293945,56.0,55.099998474121094,55.099998474121094,2039
2021-07-27 00:00:00+02:00,57.5,57.5,53.599998474121094,54.5,3473
2021-07-28 00:00:00+02:00,54.900001525878906,56.0,54.900001525878906,56.0,3975
2021-07-29 00:00:00+02:00,56.0,56.79999923706055,55.79999923706055,55.79999923706055,1520
2021-07-30 00:00:00+02:00,56.5,57.5,55.70000076293945,57.5,461
2021-08-02 00:00:00+02:00,57.5,58.20000076293945,55.79999923706055,56.29999923706055,1337
2021-08-03 00:00:00+02:00,55.599998474121094,55.900001525878906,55.5,55.599998474121094,2080
2021-08-04 00:00:00+02:00,57.400001525878906,57.400001525878906,55.5,56.599998474121094,990
2021-08-05 00:00:00+02:00,56.5,56.599998474121094,55.5,56.0,1195
2021-08-06 00:00:00+02:00,57.0,57.0,55.5,55.79999923706055,6982
2021-08-09 00:00:00+02:00,55.79999923706055,56.5,55.79999923706055,56.0,1416
2021-08-10 00:00:00+02:00,56.5,56.70000076293945,56.0,56.5,4399
2021-08-11 00:00:00+02:00,56.5,57.0,56.099998474121094,56.5,1958
2021-08-12 00:00:00+02:00,56.5,57.0,55.099998474121094,56.900001525878906,3355
2021-08-13 00:00:00+02:00,55.5,59.79999923706055,55.400001525878906,58.599998474121094,8476
2021-08-16 00:00:00+02:00,58.599998474121094,59.5,56.099998474121094,59.0,3356
2021-08-17 00:00:00+02:00,59.29999923706055,59.70000076293945,58.29999923706055,59.70000076293945,1365
2021-08-18 00:00:00+02:00,59.5,60.0,58.70000076293945,59.599998474121094,1307
2021-08-19 00:00:00+02:00,59.599998474121094,59.599998474121094,58.0,59.5,3306
2021-08-20 00:00:00+02:00,58.900001525878906,59.5,58.099998474121094,59.0,1940
2021-08-23 00:00:00+02:00,59.0,60.0,58.5,59.0,5684
2021-08-24 00:00:00+02:00,59.599998474121094,59.79999923706055,59.0,59.70000076293945,11255
2021-08-25 00:00:00+02:00,59.70000076293945,59.70000076293945,59.0,59.70000076293945,1450
2021-08-26 00:00:00+02:00,59.70000076293945,61.599998474121094,59.599998474121094,60.599998474121094,4768
2021-08-27 00:00:00+02:00,61.400001525878906,61.70000076293945,60.20000076293945,61.5,2551
2021-08-30 00:00:00+02:00,61.29999923706055,61.79999923706055,61.099998474121094,61.400001525878906,3868
2021-08-31 00:00:00+02:00,61.400001525878906,61.900001525878906,61.20000076293945,61.5,2546
2021-09-01 00:00:00+02:00,61.5,61.5,60.20000076293945,60.5,1722
2021-09-02 00:00:00+02:00,60.400001525878906,61.20000076293945,56.70000076293945,58.599998474121094,4188
2021-09-03 00:00:00+02:00,57.900001525878906,60.0,57.900001525878906,59.099998474121094,12203
2021-09-06 00:00:00+02:00,59.400001525878906,59.400001525878906,57.79999923706055,58.79999923706055,2428
2021-09-07 00:00:00+02:00,58.79999923706055,59.29999923706055,58.0,59.0,9540
2021-09-08 00:00:00+02:00,58.0,60.0,57.70000076293945,59.099998474121094,2200
2021-09-09 00:00:00+02:00,58.0,59.0,57.70000076293945,58.099998474121094,2721
2021-09-10 00:00:00+02:00,59.0,59.20000076293945,58.0,59.0,6492
2021-09-13 00:00:00+02:00,57.599998474121094,58.79999923706055,57.5,58.20000076293945,1111
2021-09-14 00:00:00+02:00,58.0,58.900001525878906,57.79999923706055,58.20000076293945,7392
2021-09-15 00:00:00+02:00,58.099998474121094,59.0,57.29999923706055,58.099998474121094,12673
2021-09-16 00:00:00+02:00,58.70000076293945,58.79999923706055,58.29999923706055,58.29999923706055,567
2021-09-17 00:00:00+02:00,58.70000076293945,59.900001525878906,57.29999923706055,59.900001525878906,2596
2021-09-20 00:00:00+02:00,60.0,61.400001525878906,58.0,59.20000076293945,11558
2021-09-21 00:00:00+02:00,59.400001525878906,61.400001525878906,59.29999923706055,61.400001525878906,7506
2021-09-22 00:00:00+02:00,61.5,62.5,60.0,61.400001525878906,15379
2021-09-23 00:00:00+02:00,61.29999923706055,61.599998474121094,60.0,60.70000076293945,4238
2021-09-24 00:00:00+02:00,60.0,60.70000076293945,59.0,59.70000076293945,2362
2021-09-27 00:00:00+02:00,59.400001525878906,60.29999923706055,56.5,58.79999923706055,21093
2021-09-28 00:00:00+02:00,58.20000076293945,59.29999923706055,58.20000076293945,58.79999923706055,4373
2021-09-29 00:00:00+02:00,59.0,61.0,58.79999923706055,60.0,31048
2021-09-30 00:00:00+02:00,60.0,60.0,59.0,59.5,1216
2021-10-01 00:00:00+02:00,58.900001525878906,59.900001525878906,58.20000076293945,59.0,4365
2021-10-04 00:00:00+02:00,59.79999923706055,59.79999923706055,57.0,58.5,12699
2021-10-05 00:00:00+02:00,58.5,58.79999923706055,56.79999923706055,57.900001525878906,10548
2021-10-06 00:00:00+02:00,57.900001525878906,57.900001525878906,57.0,57.5,3363
2021-10-07 00:00:00+02:00,57.400001525878906,58.0,56.70000076293945,58.0,785
2021-10-08 00:00:00+02:00,58.0,59.0,57.900001525878906,58.099998474121094,2404
2021-10-11 00:00:00+02:00,57.0,57.900001525878906,56.0,57.400001525878906,3195
2021-10-12 00:00:00+02:00,56.20000076293945,57.70000076293945,56.20000076293945,56.599998474121094,4214
2021-10-13 00:00:00+02:00,56.599998474121094,57.0,55.5,56.599998474121094,6436
2021-10-14 00:00:00+02:00,55.70000076293945,57.900001525878906,55.70000076293945,57.900001525878906,2289
2021-10-15 00:00:00+02:00,56.400001525878906,57.79999923706055,56.0,56.099998474121094,1206
2021-10-18 00:00:00+02:00,56.099998474121094,57.099998474121094,55.70000076293945,56.099998474121094,2895
2021-10-19 00:00:00+02:00,56.400001525878906,57.400001525878906,55.900001525878906,56.900001525878906,1906
2021-10-20 00:00:00+02:00,56.5,57.0,55.599998474121094,57.0,2279
2021-10-21 00:00:00+02:00,56.79999923706055,57.20000076293945,56.0,57.20000076293945,792
2021-10-22 00:00:00+02:00,56.599998474121094,57.5,55.70000076293945,57.5,876
2021-10-25 00:00:00+02:00,57.599998474121094,60.0,56.599998474121094,60.0,3746
2021-10-26 00:00:00+02:00,59.29999923706055,59.29999923706055,58.79999923706055,58.79999923706055,2255
2021-10-27 00:00:00+02:00,58.900001525878906,59.0,57.0,57.0,21354
2021-10-28 00:00:00+02:00,58.70000076293945,58.70000076293945,57.900001525878906,57.900001525878906,1953
2021-10-29 00:00:00+02:00,57.099998474121094,58.599998474121094,57.099998474121094,57.400001525878906,840
2021-11-02 00:00:00+01:00,58.5,58.5,57.79999923706055,57.900001525878906,3276
2021-11-03 00:00:00+01:00,58.20000076293945,58.20000076293945,56.400001525878906,56.400001525878906,2210
2021-11-04 00:00:00+01:00,57.599998474121094,63.29999923706055,57.0,61.900001525878906,39354
2021-11-05 00:00:00+01:00,61.599998474121094,63.0,60.599998474121094,62.599998474121094,15283
2021-11-08 00:00:00+01:00,62.599998474121094,66.0,62.0,64.19999694824219,29625
2021-11-09 00:00:00+01:00,63.599998474121094,64.5,62.400001525878906,63.099998474121094,12934
2021-11-10 00:00:00+01:00,64.5,64.5,62.400001525878906,62.599998474121094,1560
2021-11-12 00:00:00+01:00,63.900001525878906,64.0,61.79999923706055,62.20000076293945,6379
2021-11-15 00:00:00+01:00,62.20000076293945,62.5,58.900001525878906,61.0,9174
2021-11-16 00:00:00+01:00,60.900001525878906,61.79999923706055,60.0,60.29999923706055,3631
2021-11-17 00:00:00+01:00,61.400001525878906,61.400001525878906,60.0,61.0,1138
2021-11-18 00:00:00+01:00,60.900001525878906,61.099998474121094,58.5,61.0,6121
2021-11-19 00:00:00+01:00,58.79999923706055,60.900001525878906,58.79999923706055,60.0,4130
2021-11-22 00:00:00+01:00,60.0,61.400001525878906,59.0,59.099998474121094,3890
2021-11-23 00:00:00+01:00,61.400001525878906,61.400001525878906,57.79999923706055,59.0,1979
2021-11-24 00:00:00+01:00,58.900001525878906,60.70000076293945,57.599998474121094,60.70000076293945,1132
2021-11-25 00:00:00+01:00,58.5,61.0,58.5,59.0,830
2021-11-26 00:00:00+01:00,59.099998474121094,61.099998474121094,58.0,59.900001525878906,5990
2021-11-29 00:00:00+01:00,59.900001525878906,60.5,59.0,59.20000076293945,11788
2021-11-30 00:00:00+01:00,59.5,60.599998474121094,59.0,60.0,4715
2021-12-01 00:00:00+01:00,59.099998474121094,62.79999923706055,59.099998474121094,62.70000076293945,48701
2021-12-02 00:00:00+01:00,62.900001525878906,63.79999923706055,62.400001525878906,63.20000076293945,16628
2021-12-03 00:00:00+01:00,63.70000076293945,63.70000076293945,62.900001525878906,63.0,2321
2021-12-06 00:00:00+01:00,63.0,63.0,61.5,62.0,978
2021-12-07 00:00:00+01:00,62.900001525878906,62.900001525878906,59.099998474121094,59.70000076293945,4780
2021-12-08 00:00:00+01:00,59.70000076293945,61.0,59.099998474121094,59.599998474121094,5191
2021-12-09 00:00:00+01:00,60.29999923706055,60.29999923706055,58.900001525878906,59.099998474121094,7155
2021-12-10 00:00:00+01:00,60.29999923706055,60.400001525878906,59.0,59.5,2409
2021-12-13 00:00:00+01:00,60.29999923706055,62.29999923706055,60.0,61.900001525878906,5528
2021-12-14 00:00:00+01:00,61.0,62.29999923706055,61.0,61.400001525878906,4897
2021-12-15 00:00:00+01:00,61.599998474121094,61.599998474121094,59.20000076293945,60.5,2239
2021-12-16 00:00:00+01:00,60.5,60.5,59.29999923706055,59.5,660
2021-12-17 00:00:00+01:00,60.20000076293945,60.20000076293945,59.0,59.0,8963
2021-12-20 00:00:00+01:00,59.0,60.900001525878906,59.0,59.79999923706055,756
2021-12-21 00:00:00+01:00,60.0,60.400001525878906,59.0,59.099998474121094,1675
2021-12-22 00:00:00+01:00,60.099998474121094,60.099998474121094,59.0,59.900001525878906,45099
2021-12-23 00:00:00+01:00,60.099998474121094,60.099998474121094,58.599998474121094,59.79999923706055,19208
2021-12-27 00:00:00+01:00,59.0,59.599998474121094,59.0,59.20000076293945,51116
2021-12-28 00:00:00+01:00,59.20000076293945,61.900001525878906,59.20000076293945,60.099998474121094,6997
2021-12-29 00:00:00+01:00,61.400001525878906,61.400001525878906,60.0,61.0,1886
2021-12-30 00:00:00+01:00,61.5,61.5,61.0,61.0,4036
2022-01-03 00:00:00+01:00,61.0,61.79999923706055,60.5,61.20000076293945,2565
2022-01-04 00:00:00+01:00,61.599998474121094,63.0,61.099998474121094,62.79999923706055,2544
2022-01-05 00:00:00+01:00,63.0,63.0,61.0,62.599998474121094,3097
2022-01-07 00:00:00+01:00,62.400001525878906,62.400001525878906,61.0,61.0,1298
2022-01-10 00:00:00+01:00,61.79999923706055,62.099998474121094,61.0,61.0,2622
2022-01-11 00:00:00+01:00,61.79999923706055,61.900001525878906,60.900001525878906,60.900001525878906,1605
2022-01-12 00:00:00+01:00,61.0,61.79999923706055,60.0,61.79999923706055,6941
2022-01-13 00:00:00+01:00,62.0,62.0,60.5,60.79999923706055,930
2022-01-14 00:00:00+01:00,60.0,61.900001525878906,60.0,60.20000076293945,2236
2022-01-17 00:00:00+01:00,60.20000076293945,61.5,60.20000076293945,61.5,1195
2022-01-18 00:00:00+01:00,61.79999923706055,61.79999923706055,60.5,60.599998474121094,689
2022-01-19 00:00:00+01:00,60.5,60.5,58.900001525878906,59.20000076293945,7512
2022-01-20 00:00:00+01:00,59.5,59.70000076293945,58.0,58.70000076293945,4296
2022-01-21 00:00:00+01:00,58.599998474121094,58.70000076293945,55.29999923706055,56.29999923706055,13655
2022-01-24 00:00:00+01:00,55.29999923706055,56.0,50.70000076293945,52.0,17374
2022-01-25 00:00:00+01:00,51.79999923706055,54.0,51.79999923706055,52.70000076293945,4953
2022-01-26 00:00:00+01:00,52.900001525878906,55.0,52.29999923706055,53.900001525878906,9448
2022-01-27 00:00:00+01:00,52.0,53.79999923706055,51.900001525878906,52.70000076293945,3440
2022-01-28 00:00:00+01:00,52.099998474121094,53.70000076293945,51.900001525878906,52.0,28688
2022-01-31 00:00:00+01:00,52.0,53.599998474121094,51.20000076293945,52.099998474121094,1862
2022-02-01 00:00:00+01:00,53.70000076293945,54.20000076293945,53.0,54.0,1203
2022-02-02 00:00:00+01:00,54.0,54.599998474121094,53.0,53.599998474121094,2063
2022-02-03 00:00:00+01:00,54.599998474121094,54.599998474121094,53.099998474121094,54.0,2273
2022-02-04 00:00:00+01:00,54.0,54.0,53.0,53.79999923706055,1644
2022-02-07 00:00:00+01:00,53.70000076293945,54.900001525878906,53.599998474121094,54.0,924
2022-02-08 00:00:00+01:00,53.900001525878906,54.0,53.400001525878906,54.0,825
2022-02-09 00:00:00+01:00,54.70000076293945,55.20000076293945,53.5,54.79999923706055,561
2022-02-10 00:00:00+01:00,54.79999923706055,54.79999923706055,53.5,53.5,2328
2022-02-11 00:00:00+01:00,53.5,54.70000076293945,52.79999923706055,52.900001525878906,806
2022-02-14 00:00:00+01:00,51.400001525878906,52.20000076293945,48.150001525878906,51.5,7267
2022-02-15 00:00:00+01:00,50.20000076293945,52.0,50.20000076293945,51.0,2062
2022-02-16 00:00:00+01:00,52.5,52.599998474121094,51.29999923706055,51.29999923706055,848
2022-02-17 00:00:00+01:00,51.29999923706055,52.0,50.099998474121094,51.20000076293945,1983
2022-02-18 00:00:00+01:00,50.099998474121094,50.79999923706055,49.70000076293945,50.0,4155
2022-02-21 00:00:00+01:00,49.95000076293945,49.95000076293945,45.54999923706055,46.400001525878906,10011
2022-02-22 00:00:00+01:00,45.0,48.0,44.0,47.20000076293945,8027
2022-02-23 00:00:00+01:00,47.20000076293945,47.20000076293945,45.25,45.45000076293945,6404
2022-02-24 00:00:00+01:00,42.0,44.0,38.29999923706055,44.0,16724
2022-02-25 00:00:00+01:00,42.5,49.0,42.5,48.95000076293945,23694
2022-02-28 00:00:00+01:00,46.0,48.75,45.54999923706055,46.0,13656
2022-03-01 00:00:00+01:00,46.70000076293945,48.5,46.04999923706055,47.0,3529
2022-03-02 00:00:00+01:00,46.150001525878906,47.0,44.29999923706055,47.0,2284
2022-03-03 00:00:00+01:00,46.95000076293945,47.0,44.5,47.0,1986
2022-03-04 00:00:00+01:00,45.099998474121094,45.95000076293945,45.0,45.0,1210
2022-03-07 00:00:00+01:00,44.5,44.75,42.0,43.0,3545
2022-03-08 00:00:00+01:00,42.0,43.650001525878906,42.0,43.400001525878906,3546
2022-03-09 00:00:00+01:00,43.70000076293945,45.150001525878906,43.5,44.29999923706055,14499
2022-03-10 00:00:00+01:00,45.20000076293945,48.0,44.20000076293945,48.0,2246
2022-03-11 00:00:00+01:00,48.349998474121094,48.349998474121094,46.5,47.79999923706055,2078
2022-03-14 00:00:00+01:00,47.0,48.20000076293945,46.5,48.20000076293945,1760
2022-03-15 00:00:00+01:00,48.75,48.75,47.0,48.0,1074
2022-03-16 00:00:00+01:00,48.20000076293945,48.20000076293945,47.20000076293945,47.45000076293945,4877
2022-03-17 00:00:00+01:00,47.79999923706055,47.79999923706055,46.5,46.95000076293945,8184
2022-03-18 00:00:00+01:00,46.95000076293945,47.0,44.25,45.95000076293945,5872
2022-03-21 00:00:00+01:00,45.0,45.5,44.04999923706055,45.5,4037
2022-03-22 00:00:00+01:00,45.5,45.599998474121094,45.0,45.5,2063
2022-03-23 00:00:00+01:00,45.45000076293945,45.45000076293945,44.45000076293945,45.0,4272
2022-03-24 00:00:00+01:00,44.95000076293945,45.29999923706055,44.04999923706055,45.0,2611
2022-03-25 00:00:00+01:00,45.20000076293945,47.20000076293945,45.20000076293945,45.599998474121094,4738
2022-03-28 00:00:00+02:00,45.849998474121094,46.0,44.5,46.0,3273
2022-03-29 00:00:00+02:00,46.0,46.099998474121094,45.70000076293945,46.099998474121094,6632
2022-03-30 00:00:00+02:00,46.45000076293945,48.75,46.45000076293945,48.0,7440
2022-03-31 00:00:00+02:00,49.400001525878906,50.0,48.20000076293945,48.79999923706055,17102
2022-04-01 00:00:00+02:00,49.0,49.29999923706055,47.099998474121094,48.150001525878906,4426
2022-04-04 00:00:00+02:00,48.45000076293945,48.95000076293945,48.29999923706055,48.5,2569
2022-04-05 00:00:00+02:00,48.900001525878906,49.29999923706055,48.5,49.25,1586
2022-04-06 00:00:00+02:00,49.25,49.25,47.45000076293945,48.0,6257
2022-04-07 00:00:00+02:00,48.849998474121094,48.849998474121094,46.5,47.0,4106
2022-04-08 00:00:00+02:00,47.349998474121094,47.349998474121094,45.25,45.650001525878906,4058
2022-04-11 00:00:00+02:00,45.650001525878906,45.650001525878906,42.79999923706055,44.0,26225
2022-04-12 00:00:00+02:00,44.599998474121094,45.150001525878906,42.5,45.150001525878906,6665
2022-04-13 00:00:00+02:00,44.79999923706055,44.79999923706055,42.849998474121094,43.29999923706055,2080
2022-04-14 00:00:00+02:00,43.29999923706055,44.400001525878906,43.0,44.400001525878906,2152
2022-04-19 00:00:00+02:00,44.400001525878906,44.400001525878906,43.20000076293945,44.400001525878906,1617
2022-04-20 00:00:00+02:00,44.349998474121094,44.5,43.54999923706055,44.400001525878906,51207
2022-04-21 00:00:00+02:00,44.349998474121094,44.349998474121094,42.900001525878906,43.599998474121094,56353
2022-04-22 00:00:00+02:00,43.20000076293945,43.849998474121094,42.45000076293945,43.0,5015
2022-04-25 00:00:00+02:00,42.04999923706055,42.599998474121094,40.45000076293945,41.900001525878906,4643
2022-04-26 00:00:00+02:00,41.70000076293945,41.79999923706055,40.849998474121094,41.0,4356
2022-04-27 00:00:00+02:00,41.400001525878906,41.400001525878906,40.0,40.0,1859
2022-04-28 00:00:00+02:00,39.29999923706055,41.5,39.0,39.0,1304
2022-04-29 00:00:00+02:00,39.0,41.400001525878906,39.0,39.79999923706055,1322
2022-05-02 00:00:00+02:00,39.04999923706055,42.95000076293945,38.0,38.79999923706055,6202
2022-05-04 00:00:00+02:00,40.900001525878906,40.900001525878906,36.79999923706055,39.0,9496
2022-05-05 00:00:00+02:00,39.5,39.5,36.0,36.099998474121094,11333
2022-05-06 00:00:00+02:00,36.099998474121094,36.5,33.0,34.0,18952
2022-05-09 00:00:00+02:00,34.5,35.54999923706055,34.45000076293945,34.54999923706055,3025
2022-05-10 00:00:00+02:00,34.5,34.5,33.0,33.400001525878906,25683
2022-05-11 00:00:00+02:00,33.95000076293945,34.54999923706055,33.5,34.54999923706055,52326
2022-05-12 00:00:00+02:00,34.54999923706055,34.54999923706055,31.100000381469727,32.04999923706055,11443
2022-05-13 00:00:00+02:00,32.04999923706055,33.0,30.799999237060547,31.350000381469727,14117
2022-05-16 00:00:00+02:00,31.0,31.25,28.0,29.5,22846
2022-05-17 00:00:00+02:00,30.0,30.049999237060547,28.5,28.5,9152
2022-05-18 00:00:00+02:00,28.600000381469727,28.850000381469727,28.25,28.549999237060547,7395
2022-05-19 00:00:00+02:00,28.0,28.5,26.5,27.299999237060547,7805
2022-05-20 00:00:00+02:00,26.649999618530273,27.899999618530273,26.5,27.0,11245
2022-05-23 00:00:00+02:00,27.049999237060547,29.700000762939453,27.049999237060547,29.0,15506
2022-05-24 00:00:00+02:00,29.700000762939453,30.700000762939453,29.399999618530273,30.299999237060547,8448
2022-05-25 00:00:00+02:00,32.0,33.599998474121094,30.600000381469727,30.950000762939453,3397
2022-05-26 00:00:00+02:00,31.0,31.100000381469727,29.600000381469727,30.399999618530273,11231
2022-05-27 00:00:00+02:00,31.0,31.0,29.0,30.0,4469
2022-05-30 00:00:00+02:00,30.0,31.149999618530273,29.850000381469727,30.5,6216
2022-05-31 00:00:00+02:00,30.5,33.45000076293945,30.5,33.45000076293945,5880
2022-06-01 00:00:00+02:00,35.0,35.150001525878906,33.5,34.5,4867
2022-06-02 00:00:00+02:00,32.79999923706055,33.75,32.5,32.5,3573
2022-06-03 00:00:00+02:00,32.849998474121094,32.849998474121094,32.5,32.5,200
2022-06-06 00:00:00+02:00,32.5,33.20000076293945,32.5,33.0,1063
2022-06-07 00:00:00+02:00,33.45000076293945,33.45000076293945,32.099998474121094,32.5,456
2022-06-08 00:00:00+02:00,32.45000076293945,32.45000076293945,30.5,30.5,9011
2022-06-09 00:00:00+02:00,31.299999237060547,31.299999237060547,30.049999237060547,30.5,1233
2022-06-10 00:00:00+02:00,30.450000762939453,30.450000762939453,27.700000762939453,28.200000762939453,6912
2022-06-13 00:00:00+02:00,28.0,28.0,26.200000762939453,26.850000381469727,4002
2022-06-14 00:00:00+02:00,27.0,27.0,25.0,25.5,53688
2022-06-15 00:00:00+02:00,26.0,26.149999618530273,25.200000762939453,25.200000762939453,6243
2022-06-17 00:00:00+02:00,25.100000381469727,26.0,25.100000381469727,25.649999618530273,3002
2022-06-20 00:00:00+02:00,25.950000762939453,25.950000762939453,25.350000381469727,25.350000381469727,3493
2022-06-21 00:00:00+02:00,25.950000762939453,25.950000762939453,25.149999618530273,25.5,30536
2022-06-22 00:00:00+02:00,25.5,25.5,23.700000762939453,23.700000762939453,5816
2022-06-23 00:00:00+02:00,23.700000762939453,25.0,23.700000762939453,24.100000381469727,4299
2022-06-24 00:00:00+02:00,24.149999618530273,24.850000381469727,22.200000762939453,22.700000762939453,14868
2022-06-27 00:00:00+02:00,23.0,24.299999237060547,23.0,23.5,4309
2022-06-28 00:00:00+02:00,24.299999237060547,24.5,23.5,24.5,2614
2022-06-29 00:00:00+02:00,24.450000762939453,24.75,22.350000381469727,24.5,11963
2022-06-30 00:00:00+02:00,24.0,24.0,22.600000381469727,23.899999618530273,4769
2022-07-01 00:00:00+02:00,23.350000381469727,28.0,23.0,27.0,14208
2022-07-04 00:00:00+02:00,28.0,28.049999237060547,25.399999618530273,26.399999618530273,6764
2022-07-05 00:00:00+02:00,27.0,27.549999237060547,25.5,25.5,2730
2022-07-06 00:00:00+02:00,25.5,27.5,25.049999237060547,26.100000381469727,31014
2022-07-07 00:00:00+02:00,44.95000076293945,45.0,34.25,35.20000076293945,213886
2022-07-08 00:00:00+02:00,37.54999923706055,38.400001525878906,35.79999923706055,37.099998474121094,43622
2022-07-11 00:00:00+02:00,37.70000076293945,37.79999923706055,34.0,36.400001525878906,24069
2022-07-12 00:00:00+02:00,36.400001525878906,36.400001525878906,33.70000076293945,34.099998474121094,12232
2022-07-13 00:00:00+02:00,34.599998474121094,35.150001525878906,32.0,32.400001525878906,6255
2022-07-14 00:00:00+02:00,33.0,33.0,30.25,30.25,12446
2022-07-15 00:00:00+02:00,31.0,36.0,30.5,35.400001525878906,43190
2022-07-18 00:00:00+02:00,35.900001525878906,37.5,35.04999923706055,35.599998474121094,12529
2022-07-19 00:00:00+02:00,36.599998474121094,36.599998474121094,35.0,35.0,5224
2022-07-20 00:00:00+02:00,35.599998474121094,36.20000076293945,35.04999923706055,35.04999923706055,3888
2022-07-21 00:00:00+02:00,35.04999923706055,35.400001525878906,34.0,34.79999923706055,3302
2022-07-22 00:00:00+02:00,35.0,35.400001525878906,33.599998474121094,34.5,4342
2022-07-25 00:00:00+02:00,34.599998474121094,37.0,34.099998474121094,35.79999923706055,8894
2022-07-26 00:00:00+02:00,36.099998474121094,39.70000076293945,35.54999923706055,36.79999923706055,18046
2022-07-27 00:00:00+02:00,37.0,38.0,35.150001525878906,35.349998474121094,4557
2022-07-28 00:00:00+02:00,36.0,36.0,32.79999923706055,33.5,23860
2022-07-29 00:00:00+02:00,32.5,33.900001525878906,30.25,32.29999923706055,28043
2022-08-01 00:00:00+02:00,33.150001525878906,33.150001525878906,30.600000381469727,31.100000381469727,9370
2022-08-02 00:00:00+02:00,31.25,33.849998474121094,31.25,32.79999923706055,9105
2022-08-03 00:00:00+02:00,37.0,37.75,34.25,35.20000076293945,23890
2022-08-04 00:00:00+02:00,35.75,39.25,35.75,37.5,40501
2022-08-05 00:00:00+02:00,37.5,40.45000076293945,37.5,39.0,28208
2022-08-08 00:00:00+02:00,39.400001525878906,42.0,39.099998474121094,42.0,28297
2022-08-09 00:00:00+02:00,42.0,43.20000076293945,39.349998474121094,41.849998474121094,18880
2022-08-10 00:00:00+02:00,41.849998474121094,41.849998474121094,39.0,39.5,7880
2022-08-11 00:00:00+02:00,39.5,41.349998474121094,38.5,41.0,18090
2022-08-12 00:00:00+02:00,41.0,41.0,39.70000076293945,39.70000076293945,5264
2022-08-16 00:00:00+02:00,39.70000076293945,40.95000076293945,38.900001525878906,39.599998474121094,5816
2022-08-17 00:00:00+02:00,42.5,43.5,40.650001525878906,41.20000076293945,41334
2022-08-18 00:00:00+02:00,41.400001525878906,42.95000076293945,39.70000076293945,39.75,9448
2022-08-19 00:00:00+02:00,39.70000076293945,40.0,38.54999923706055,39.5,4474
2022-08-22 00:00:00+02:00,37.5,38.0,36.75,36.79999923706055,34750
2022-08-23 00:00:00+02:00,36.79999923706055,38.0,36.79999923706055,37.400001525878906,7619
2022-08-24 00:00:00+02:00,37.25,37.900001525878906,36.5,36.5,2118
2022-08-25 00:00:00+02:00,36.849998474121094,37.95000076293945,36.599998474121094,37.0,3111
2022-08-26 00:00:00+02:00,37.0,37.400001525878906,36.5,37.0,2735
2022-08-29 00:00:00+02:00,36.099998474121094,36.95000076293945,33.5,33.79999923706055,15594
2022-08-30 00:00:00+02:00,33.599998474121094,35.25,32.099998474121094,32.150001525878906,9903
2022-08-31 00:00:00+02:00,32.0,32.79999923706055,31.5,32.150001525878906,7175
2022-09-01 00:00:00+02:00,32.29999923706055,33.900001525878906,30.399999618530273,31.850000381469727,28830
2022-09-02 00:00:00+02:00,32.5,33.45000076293945,31.299999237060547,32.75,11024
2022-09-05 00:00:00+02:00,32.70000076293945,32.75,31.049999237060547,31.200000762939453,8714
2022-09-06 00:00:00+02:00,31.200000762939453,32.95000076293945,31.200000762939453,32.45000076293945,3616
2022-09-07 00:00:00+02:00,33.849998474121094,34.0,31.100000381469727,31.100000381469727,19030
2022-09-08 00:00:00+02:00,32.29999923706055,33.79999923706055,32.29999923706055,33.5,26056
2022-09-09 00:00:00+02:00,34.150001525878906,35.0,34.150001525878906,34.75,4793
2022-09-12 00:00:00+02:00,34.95000076293945,34.95000076293945,33.099998474121094,33.150001525878906,9074
2022-09-13 00:00:00+02:00,33.0,34.04999923706055,31.600000381469727,33.099998474121094,20076
2022-09-14 00:00:00+02:00,33.0,34.04999923706055,32.0,33.0,2769
2022-09-15 00:00:00+02:00,32.70000076293945,34.25,32.70000076293945,33.5,1172
2022-09-16 00:00:00+02:00,33.45000076293945,34.25,33.150001525878906,34.25,4544
2022-09-19 00:00:00+02:00,34.5,34.650001525878906,32.95000076293945,33.54999923706055,3293
2022-09-20 00:00:00+02:00,34.20000076293945,34.400001525878906,33.0,33.45000076293945,8613
2022-09-21 00:00:00+02:00,33.5,33.5,31.600000381469727,32.900001525878906,3429
2022-09-22 00:00:00+02:00,32.900001525878906,33.5,32.150001525878906,32.650001525878906,2071
2022-09-23 00:00:00+02:00,32.95000076293945,32.95000076293945,31.850000381469727,32.0,6239
2022-09-26 00:00:00+02:00,32.0,32.849998474121094,31.0,31.5,3701
2022-09-27 00:00:00+02:00,31.149999618530273,33.0,31.149999618530273,33.0,6748
2022-09-28 00:00:00+02:00,33.0,33.400001525878906,32.5,32.95000076293945,3405
2022-09-29 00:00:00+02:00,33.400001525878906,33.45000076293945,32.349998474121094,32.75,2070
2022-09-30 00:00:00+02:00,32.900001525878906,34.0,31.649999618530273,33.29999923706055,9366
2022-10-03 00:00:00+02:00,31.799999237060547,34.95000076293945,31.799999237060547,34.95000076293945,5526
2022-10-04 00:00:00+02:00,35.0,37.20000076293945,35.0,36.0,4098
2022-10-05 00:00:00+02:00,36.099998474121094,36.099998474121094,34.650001525878906,35.95000076293945,1951
2022-10-06 00:00:00+02:00,35.75,35.75,34.099998474121094,35.5,1960
2022-10-07 00:00:00+02:00,34.45000076293945,37.79999923706055,33.79999923706055,37.70000076293945,8013
2022-10-10 00:00:00+02:00,38.400001525878906,38.400001525878906,36.0,36.599998474121094,5607
2022-10-11 00:00:00+02:00,36.599998474121094,36.900001525878906,35.599998474121094,36.54999923706055,600
2022-10-12 00:00:00+02:00,36.54999923706055,38.400001525878906,36.54999923706055,37.0,2041
2022-10-13 00:00:00+02:00,37.099998474121094,38.0,35.0,36.0,25218
2022-10-14 00:00:00+02:00,36.29999923706055,37.0,35.849998474121094,36.0,478
2022-10-17 00:00:00+02:00,36.400001525878906,37.04999923706055,35.29999923706055,36.20000076293945,18356
2022-10-18 00:00:00+02:00,36.20000076293945,36.75,35.20000076293945,36.150001525878906,5818
2022-10-19 00:00:00+02:00,36.349998474121094,37.0,35.400001525878906,37.0,2508
2022-10-20 00:00:00+02:00,37.400001525878906,38.45000076293945,36.5,37.20000076293945,44071
2022-10-21 00:00:00+02:00,37.79999923706055,38.900001525878906,37.099998474121094,37.400001525878906,5249
2022-10-24 00:00:00+02:00,38.20000076293945,39.099998474121094,37.54999923706055,38.5,5890
2022-10-25 00:00:00+02:00,39.5,40.0,38.5,38.5,4949
2022-10-26 00:00:00+02:00,38.599998474121094,40.5,38.599998474121094,39.79999923706055,6814
2022-10-27 00:00:00+02:00,39.900001525878906,41.0,37.04999923706055,37.75,27620
2022-10-28 00:00:00+02:00,37.599998474121094,39.900001525878906,37.599998474121094,38.79999923706055,2971
2022-10-31 00:00:00+01:00,38.849998474121094,41.0,38.75,41.0,15753
2022-11-02 00:00:00+01:00,41.0,41.95000076293945,40.79999923706055,41.400001525878906,3219
2022-11-03 00:00:00+01:00,41.0,41.0,39.849998474121094,40.20000076293945,23708
2022-11-04 00:00:00+01:00,41.0,42.54999923706055,40.5,42.54999923706055,7418
2022-11-07 00:00:00+01:00,42.5,43.0,40.79999923706055,40.95000076293945,14582
2022-11-08 00:00:00+01:00,40.79999923706055,42.0,40.400001525878906,41.0,7438
2022-11-09 00:00:00+01:00,41.099998474121094,41.400001525878906,40.79999923706055,41.0,3365
2022-11-10 00:00:00+01:00,41.29999923706055,41.95000076293945,41.099998474121094,41.400001525878906,2242
2022-11-14 00:00:00+01:00,41.5,42.0,40.79999923706055,41.04999923706055,4525
2022-11-15 00:00:00+01:00,41.400001525878906,41.400001525878906,40.04999923706055,40.20000076293945,8228
2022-11-16 00:00:00+01:00,40.099998474121094,40.79999923706055,40.099998474121094,40.70000076293945,2638
2022-11-17 00:00:00+01:00,40.849998474121094,40.900001525878906,40.0,40.0,6177
2022-11-18 00:00:00+01:00,39.79999923706055,40.900001525878906,38.900001525878906,40.5,6542
2022-11-21 00:00:00+01:00,40.95000076293945,41.0,40.099998474121094,40.20000076293945,12230
2022-11-22 00:00:00+01:00,41.0,41.95000076293945,40.900001525878906,41.5,11977
2022-11-23 00:00:00+01:00,41.5,41.5,41.0,41.400001525878906,2023
2022-11-24 00:00:00+01:00,41.29999923706055,41.5,40.79999923706055,41.5,2533
2022-11-25 00:00:00+01:00,41.45000076293945,41.45000076293945,41.099998474121094,41.29999923706055,1171
2022-11-28 00:00:00+01:00,41.349998474121094,44.29999923706055,41.349998474121094,43.5,19363
2022-11-29 00:00:00+01:00,43.5,44.099998474121094,42.400001525878906,43.400001525878906,2489
2022-11-30 00:00:00+01:00,51.0,54.900001525878906,48.20000076293945,54.900001525878906,102938
2022-12-01 00:00:00+01:00,55.0,59.0,51.20000076293945,55.900001525878906,38214
2022-12-02 00:00:00+01:00,54.0,55.79999923706055,53.0,55.0,16382
2022-12-05 00:00:00+01:00,55.0,58.5,54.70000076293945,58.0,23172
2022-12-06 00:00:00+01:00,57.900001525878906,58.5,56.79999923706055,57.400001525878906,11577
2022-12-07 00:00:00+01:00,56.79999923706055,57.79999923706055,56.70000076293945,57.0,7977
2022-12-08 00:00:00+01:00,58.5,59.900001525878906,58.20000076293945,59.599998474121094,23875
2022-12-09 00:00:00+01:00,59.599998474121094,59.599998474121094,58.099998474121094,58.5,16703
2022-12-12 00:00:00+01:00,59.5,60.5,59.0,59.5,27617
2022-12-13 00:00:00+01:00,59.5,59.900001525878906,55.099998474121094,58.099998474121094,12761
2022-12-14 00:00:00+01:00,58.20000076293945,59.599998474121094,57.5,57.599998474121094,13664
2022-12-15 00:00:00+01:00,57.599998474121094,57.599998474121094,53.0,55.0,16437
2022-12-16 00:00:00+01:00,55.20000076293945,56.400001525878906,53.900001525878906,55.20000076293945,10648
2022-12-19 00:00:00+01:00,55.20000076293945,55.20000076293945,53.79999923706055,54.5,3886
2022-12-20 00:00:00+01:00,54.5,55.400001525878906,52.5,55.20000076293945,8678
2022-12-21 00:00:00+01:00,55.20000076293945,55.20000076293945,53.0,53.5,2957
2022-12-22 00:00:00+01:00,53.70000076293945,54.5,51.400001525878906,52.400001525878906,3519
2022-12-23 00:00:00+01:00,52.900001525878906,53.79999923706055,52.400001525878906,52.79999923706055,2700
2022-12-27 00:00:00+01:00,52.79999923706055,53.29999923706055,51.900001525878906,52.0,4217
2022-12-28 00:00:00+01:00,51.79999923706055,53.0,50.20000076293945,50.20000076293945,9690
2022-12-29 00:00:00+01:00,50.79999923706055,51.900001525878906,49.349998474121094,50.900001525878906,7356
2022-12-30 00:00:00+01:00,50.79999923706055,50.79999923706055,49.25,49.25,7341
2023-01-02 00:00:00+01:00,49.29999923706055,53.29999923706055,49.20000076293945,52.5,9405
2023-01-03 00:00:00+01:00,52.20000076293945,54.900001525878906,52.20000076293945,54.900001525878906,7869
2023-01-04 00:00:00+01:00,54.900001525878906,54.900001525878906,54.599998474121094,54.599998474121094,11263
2023-01-05 00:00:00+01:00,54.900001525878906,54.900001525878906,54.20000076293945,54.70000076293945,7497
2023-01-09 00:00:00+01:00,54.400001525878906,56.0,54.20000076293945,54.70000076293945,9767
2023-01-10 00:00:00+01:00,55.20000076293945,56.20000076293945,54.79999923706055,55.0,7271
2023-01-11 00:00:00+01:00,55.0,56.79999923706055,55.0,56.20000076293945,4729
2023-01-12 00:00:00+01:00,56.900001525878906,57.5,56.400001525878906,57.099998474121094,5756
2023-01-13 00:00:00+01:00,57.099998474121094,57.5,55.599998474121094,57.5,4649
2023-01-16 00:00:00+01:00,57.599998474121094,58.5,57.599998474121094,58.0,7976
2023-01-17 00:00:00+01:00,58.5,58.5,58.0,58.0,3968
2023-01-18 00:00:00+01:00,58.29999923706055,58.29999923706055,56.0,56.70000076293945,3540
2023-01-19 00:00:00+01:00,56.900001525878906,57.599998474121094,56.79999923706055,57.0,3135
2023-01-20 00:00:00+01:00,57.0,57.5,56.900001525878906,57.0,1240
2023-01-23 00:00:00+01:00,58.0,58.20000076293945,57.29999923706055,58.099998474121094,3020
2023-01-24 00:00:00+01:00,58.099998474121094,58.20000076293945,55.5,56.0,7099
2023-01-25 00:00:00+01:00,55.400001525878906,55.79999923706055,55.0,55.400001525878906,8775
2023-01-26 00:00:00+01:00,55.599998474121094,56.29999923706055,55.400001525878906,56.29999923706055,1647
2023-01-27 00:00:00+01:00,55.79999923706055,56.29999923706055,54.900001525878906,55.0,17227
2023-01-30 00:00:00+01:00,55.0,55.0,54.29999923706055,54.29999923706055,6629
2023-01-31 00:00:00+01:00,54.29999923706055,56.0,54.29999923706055,54.400001525878906,2437
2023-02-01 00:00:00+01:00,55.900001525878906,56.0,53.0,53.400001525878906,6786
2023-02-02 00:00:00+01:00,54.0,54.900001525878906,51.70000076293945,53.0,15742
2023-02-03 00:00:00+01:00,53.79999923706055,54.599998474121094,53.099998474121094,53.5,7746
2023-02-06 00:00:00+01:00,53.70000076293945,54.900001525878906,52.099998474121094,53.0,9644
2023-02-07 00:00:00+01:00,53.400001525878906,54.20000076293945,53.099998474121094,54.20000076293945,21125
2023-02-08 00:00:00+01:00,54.20000076293945,55.900001525878906,54.0,55.5,11951
2023-02-09 00:00:00+01:00,55.70000076293945,56.0,55.099998474121094,55.79999923706055,11033
2023-02-10 00:00:00+01:00,55.79999923706055,56.0,54.599998474121094,54.900001525878906,12805
2023-02-13 00:00:00+01:00,55.900001525878906,55.900001525878906,54.79999923706055,54.79999923706055,8070
2023-02-14 00:00:00+01:00,55.400001525878906,55.70000076293945,54.900001525878906,55.0,32333
2023-02-15 00:00:00+01:00,55.0,55.5,55.0,55.0,4764
2023-02-16 00:00:00+01:00,55.099998474121094,56.900001525878906,55.0,56.79999923706055,8115
2023-02-17 00:00:00+01:00,56.599998474121094,60.29999923706055,56.599998474121094,60.20000076293945,24399
2023-02-20 00:00:00+01:00,60.0,64.69999694824219,59.599998474121094,61.099998474121094,35089
2023-02-21 00:00:00+01:00,61.599998474121094,63.0,60.400001525878906,61.099998474121094,6454
2023-02-22 00:00:00+01:00,61.0,62.0,59.79999923706055,60.0,8388
2023-02-23 00:00:00+01:00,60.5,60.79999923706055,59.79999923706055,60.0,5697
2023-02-24 00:00:00+01:00,60.0,60.900001525878906,60.0,60.0,2121
2023-02-27 00:00:00+01:00,60.5,60.900001525878906,60.0,60.5,5446
2023-02-28 00:00:00+01:00,60.099998474121094,63.5,60.099998474121094,62.099998474121094,7615
2023-03-01 00:00:00+01:00,62.0,65.19999694824219,62.0,63.70000076293945,26375
2023-03-02 00:00:00+01:00,64.80000305175781,65.0,63.70000076293945,63.79999923706055,24004
2023-03-03 00:00:00+01:00,64.5,65.30000305175781,63.900001525878906,65.30000305175781,16281
2023-03-06 00:00:00+01:00,65.30000305175781,65.80000305175781,64.5,65.0,20780
2023-03-07 00:00:00+01:00,65.0,65.0,61.5,62.70000076293945,25752
2023-03-08 00:00:00+01:00,63.79999923706055,63.79999923706055,61.099998474121094,61.70000076293945,11786
2023-03-09 00:00:00+01:00,61.70000076293945,62.599998474121094,60.900001525878906,62.0,11756
2023-03-10 00:00:00+01:00,60.900001525878906,61.79999923706055,60.29999923706055,61.0,11251
2023-03-13 00:00:00+01:00,61.599998474121094,62.400001525878906,58.099998474121094,61.0,12719
2023-03-14 00:00:00+01:00,59.0,61.29999923706055,58.5,61.099998474121094,18551
2023-03-15 00:00:00+01:00,61.099998474121094,62.0,60.29999923706055,60.400001525878906,3813
2023-03-16 00:00:00+01:00,60.400001525878906,61.400001525878906,59.0,59.099998474121094,6609
2023-03-17 00:00:00+01:00,60.599998474121094,62.29999923706055,60.5,62.29999923706055,6421
2023-03-20 00:00:00+01:00,62.29999923706055,63.0,62.0,62.900001525878906,9848
2023-03-21 00:00:00+01:00,62.900001525878906,64.9000015258789,62.599998474121094,64.9000015258789,9220
2023-03-22 00:00:00+01:00,64.80000305175781,64.80000305175781,62.70000076293945,63.400001525878906,9782
2023-03-23 00:00:00+01:00,63.0,64.4000015258789,61.599998474121094,62.29999923706055,14147
2023-03-24 00:00:00+01:00,63.0,63.0,59.29999923706055,60.0,10874
2023-03-27 00:00:00+02:00,58.70000076293945,60.900001525878906,57.79999923706055,57.79999923706055,10300
2023-03-28 00:00:00+02:00,57.599998474121094,60.0,57.599998474121094,59.099998474121094,6230
2023-03-29 00:00:00+02:00,59.20000076293945,61.099998474121094,59.20000076293945,60.099998474121094,5188
2023-03-30 00:00:00+02:00,59.400001525878906,61.099998474121094,58.099998474121094,59.20000076293945,4241
2023-03-31 00:00:00+02:00,59.20000076293945,60.900001525878906,59.0,59.20000076293945,3477
2023-04-03 00:00:00+02:00,59.099998474121094,60.099998474121094,58.20000076293945,60.099998474121094,7789
2023-04-04 00:00:00+02:00,60.099998474121094,60.099998474121094,59.599998474121094,60.0,3257
2023-04-05 00:00:00+02:00,60.0,60.400001525878906,58.20000076293945,58.5,2405
2023-04-06 00:00:00+02:00,58.5,59.599998474121094,57.79999923706055,58.5,2851
2023-04-11 00:00:00+02:00,55.0,57.900001525878906,54.099998474121094,57.0,25281
2023-04-12 00:00:00+02:00,57.0,58.0,56.099998474121094,57.099998474121094,10000
2023-04-13 00:00:00+02:00,56.5,58.5,55.79999923706055,58.400001525878906,28331
2023-04-14 00:00:00+02:00,58.599998474121094,58.900001525878906,57.0,57.20000076293945,9560
2023-04-17 00:00:00+02:00,57.20000076293945,59.79999923706055,57.0,58.0,30107
2023-04-18 00:00:00+02:00,58.5,58.5,57.400001525878906,58.29999923706055,5602
2023-04-19 00:00:00+02:00,58.29999923706055,58.5,57.900001525878906,58.0,13204
2023-04-20 00:00:00+02:00,58.0,59.29999923706055,57.0,57.5,27493
2023-04-21 00:00:00+02:00,57.099998474121094,58.0,57.0,57.599998474121094,5258
2023-04-24 00:00:00+02:00,57.599998474121094,58.5,56.599998474121094,57.0,12179
2023-04-25 00:00:00+02:00,57.0,57.20000076293945,55.79999923706055,55.900001525878906,5395
2023-04-26 00:00:00+02:00,55.900001525878906,56.0,54.400001525878906,54.599998474121094,11680
2023-04-27 00:00:00+02:00,54.70000076293945,56.70000076293945,54.70000076293945,56.20000076293945,5523
2023-04-28 00:00:00+02:00,56.5,56.5,55.0,56.0,4003
2023-05-02 00:00:00+02:00,56.0,56.0,55.0,55.900001525878906,3360
2023-05-04 00:00:00+02:00,55.5,56.0,54.79999923706055,54.79999923706055,5059
2023-05-05 00:00:00+02:00,55.900001525878906,56.0,55.20000076293945,56.0,4591
2023-05-08 00:00:00+02:00,56.0,56.0,54.29999923706055,55.5,10782
2023-05-09 00:00:00+02:00,55.70000076293945,56.20000076293945,55.0,56.099998474121094,12051
2023-05-10 00:00:00+02:00,56.400001525878906,57.0,55.20000076293945,56.5,2178
2023-05-11 00:00:00+02:00,57.0,57.29999923706055,56.79999923706055,57.29999923706055,14696
2023-05-12 00:00:00+02:00,57.400001525878906,57.79999923706055,56.5,57.0,3685
2023-05-15 00:00:00+02:00,57.0,60.0,56.79999923706055,59.70000076293945,25397
2023-05-16 00:00:00+02:00,59.599998474121094,62.70000076293945,59.400001525878906,61.5,54175
2023-05-17 00:00:00+02:00,61.0,61.0,58.599998474121094,59.0,9080
2023-05-18 00:00:00+02:00,58.900001525878906,60.0,58.400001525878906,58.400001525878906,5531
2023-05-19 00:00:00+02:00,58.29999923706055,58.29999923706055,57.099998474121094,57.900001525878906,2393
2023-05-22 00:00:00+02:00,58.29999923706055,59.79999923706055,58.0,59.70000076293945,56171
2023-05-23 00:00:00+02:00,59.79999923706055,60.79999923706055,58.099998474121094,59.0,12097
2023-05-24 00:00:00+02:00,57.70000076293945,58.70000076293945,57.29999923706055,58.70000076293945,4194
2023-05-25 00:00:00+02:00,58.900001525878906,58.900001525878906,57.400001525878906,58.5,1280
2023-05-26 00:00:00+02:00,57.20000076293945,58.79999923706055,56.400001525878906,58.79999923706055,3117
2023-05-29 00:00:00+02:00,58.400001525878906,58.400001525878906,57.29999923706055,58.0,1248
2023-05-30 00:00:00+02:00,58.0,58.400001525878906,57.20000076293945,57.20000076293945,1130
2023-05-31 00:00:00+02:00,57.20000076293945,57.900001525878906,55.099998474121094,55.5,3140
2023-06-01 00:00:00+02:00,55.099998474121094,57.0,55.099998474121094,56.0,2344
2023-06-02 00:00:00+02:00,55.400001525878906,57.0,55.400001525878906,56.70000076293945,4869
2023-06-05 00:00:00+02:00,56.20000076293945,57.900001525878906,56.099998474121094,57.900001525878906,8929
2023-06-06 00:00:00+02:00,58.0,58.0,56.29999923706055,57.29999923706055,2006
2023-06-07 00:00:00+02:00,56.5,58.5,56.5,58.5,4243
2023-06-09 00:00:00+02:00,58.900001525878906,61.0,58.900001525878906,60.400001525878906,23501
2023-06-12 00:00:00+02:00,60.0,60.70000076293945,58.29999923706055,60.0,14339
2023-06-13 00:00:00+02:00,60.0,64.0,60.0,61.400001525878906,15038
2023-06-14 00:00:00+02:00,62.0,62.900001525878906,60.099998474121094,60.5,10118
2023-06-15 00:00:00+02:00,60.599998474121094,61.900001525878906,59.400001525878906,61.900001525878906,9796
2023-06-16 00:00:00+02:00,61.79999923706055,61.900001525878906,61.0,61.0,7750
2023-06-19 00:00:00+02:00,61.0,61.0,60.20000076293945,61.0,29569
2023-06-20 00:00:00+02:00,61.0,62.79999923706055,61.0,62.400001525878906,5285
2023-06-21 00:00:00+02:00,62.400001525878906,62.400001525878906,60.70000076293945,61.099998474121094,3059
2023-06-22 00:00:00+02:00,60.70000076293945,61.400001525878906,60.70000076293945,61.29999923706055,3780
2023-06-23 00:00:00+02:00,61.29999923706055,61.29999923706055,60.599998474121094,60.599998474121094,948
2023-06-26 00:00:00+02:00,60.599998474121094,62.0,59.900001525878906,60.0,6939
2023-06-27 00:00:00+02:00,60.0,60.400001525878906,59.0,59.0,13749
2023-06-28 00:00:00+02:00,60.29999923706055,60.900001525878906,59.400001525878906,60.0,2499
2023-06-29 00:00:00+02:00,60.0,60.599998474121094,59.0,60.0,5003
2023-06-30 00:00:00+02:00,60.0,60.79999923706055,60.0,60.400001525878906,1854
2023-07-03 00:00:00+02:00,60.0,60.5,60.0,60.20000076293945,1118
2023-07-04 00:00:00+02:00,60.5,61.0,59.099998474121094,61.0,5447
2023-07-05 00:00:00+02:00,60.0,60.79999923706055,59.0,59.70000076293945,3362
2023-07-06 00:00:00+02:00,59.70000076293945,59.900001525878906,56.5,59.900001525878906,4022
2023-07-07 00:00:00+02:00,59.900001525878906,60.599998474121094,59.0,60.599998474121094,5748
2023-07-10 00:00:00+02:00,60.5,60.5,58.20000076293945,58.900001525878906,6336
2023-07-11 00:00:00+02:00,58.20000076293945,58.79999923706055,57.79999923706055,58.29999923706055,3715
2023-07-12 00:00:00+02:00,58.0,58.70000076293945,57.599998474121094,58.70000076293945,4304
2023-07-13 00:00:00+02:00,58.900001525878906,59.79999923706055,58.599998474121094,59.79999923706055,1968
2023-07-14 00:00:00+02:00,59.400001525878906,60.599998474121094,59.0,60.599998474121094,13031
2023-07-17 00:00:00+02:00,60.5,61.099998474121094,60.5,60.79999923706055,3837
2023-07-18 00:00:00+02:00,61.20000076293945,61.5,59.900001525878906,60.0,2435
2023-07-19 00:00:00+02:00,60.29999923706055,60.79999923706055,59.70000076293945,60.0,4293
2023-07-20 00:00:00+02:00,60.400001525878906,60.599998474121094,59.5,60.400001525878906,1187
2023-07-21 00:00:00+02:00,60.0,60.400001525878906,59.400001525878906,59.5,753
2023-07-24 00:00:00+02:00,60.0,60.0,58.20000076293945,59.20000076293945,2690
2023-07-25 00:00:00+02:00,59.20000076293945,59.5,58.5,59.0,1331
2023-07-26 00:00:00+02:00,58.29999923706055,58.29999923706055,57.79999923706055,58.20000076293945,2325
2023-07-27 00:00:00+02:00,58.20000076293945,59.5,58.20000076293945,59.5,15017
2023-07-28 00:00:00+02:00,59.5,59.5,58.29999923706055,59.0,1049
2023-07-31 00:00:00+02:00,59.0,60.900001525878906,58.20000076293945,59.70000076293945,8674
2023-08-01 00:00:00+02:00,58.29999923706055,59.5,58.29999923706055,58.29999923706055,1949
2023-08-02 00:00:00+02:00,58.29999923706055,58.5,57.599998474121094,58.5,2739
2023-08-03 00:00:00+02:00,58.099998474121094,59.5,58.099998474121094,59.0,3914
2023-08-04 00:00:00+02:00,59.20000076293945,60.400001525878906,59.20000076293945,59.400001525878906,5790
2023-08-07 00:00:00+02:00,59.400001525878906,59.400001525878906,58.20000076293945,58.900001525878906,6788
2023-08-08 00:00:00+02:00,58.900001525878906,59.0,57.29999923706055,57.5,2839
2023-08-09 00:00:00+02:00,57.099998474121094,57.70000076293945,56.900001525878906,56.900001525878906,2331
2023-08-10 00:00:00+02:00,56.900001525878906,57.400001525878906,56.900001525878906,57.400001525878906,4326
2023-08-11 00:00:00+02:00,57.400001525878906,58.70000076293945,57.0,58.70000076293945,6227
2023-08-14 00:00:00+02:00,58.70000076293945,58.79999923706055,57.0,57.29999923706055,3367
2023-08-16 00:00:00+02:00,57.29999923706055,57.29999923706055,56.0,57.29999923706055,2235
2023-08-17 00:00:00+02:00,57.29999923706055,57.79999923706055,56.79999923706055,57.79999923706055,5994
2023-08-18 00:00:00+02:00,57.0,57.900001525878906,55.599998474121094,57.20000076293945,8218
2023-08-21 00:00:00+02:00,57.0,58.20000076293945,56.20000076293945,58.20000076293945,7527
2023-08-22 00:00:00+02:00,58.0,58.599998474121094,56.599998474121094,57.400001525878906,13050
2023-08-23 00:00:00+02:00,57.400001525878906,57.400001525878906,56.20000076293945,57.099998474121094,2315
2023-08-24 00:00:00+02:00,57.400001525878906,57.400001525878906,56.29999923706055,56.29999923706055,10003
2023-08-25 00:00:00+02:00,56.20000076293945,56.29999923706055,55.70000076293945,56.099998474121094,2612
2023-08-28 00:00:00+02:00,56.0,57.099998474121094,56.0,57.0,2571
2023-08-29 00:00:00+02:00,57.0,57.400001525878906,56.599998474121094,57.29999923706055,2328
2023-08-30 00:00:00+02:00,57.29999923706055,58.599998474121094,57.099998474121094,58.599998474121094,3918
2023-08-31 00:00:00+02:00,59.0,60.099998474121094,59.0,60.0,7481
2023-09-01 00:00:00+02:00,59.900001525878906,60.900001525878906,59.79999923706055,60.900001525878906,4296
2023-09-04 00:00:00+02:00,60.900001525878906,61.5,59.20000076293945,59.29999923706055,15107
2023-09-05 00:00:00+02:00,59.599998474121094,61.400001525878906,59.5,60.79999923706055,3145
2023-09-06 00:00:00+02:00,60.79999923706055,61.0,60.0,60.20000076293945,6618
2023-09-07 00:00:00+02:00,60.20000076293945,61.20000076293945,60.099998474121094,61.0,7263
2023-09-08 00:00:00+02:00,61.0,61.0,60.20000076293945,60.599998474121094,3106
2023-09-11 00:00:00+02:00,60.20000076293945,61.099998474121094,60.20000076293945,60.29999923706055,12977
2023-09-12 00:00:00+02:00,60.20000076293945,61.400001525878906,60.20000076293945,60.29999923706055,6093
2023-09-13 00:00:00+02:00,60.20000076293945,61.0,59.79999923706055,60.70000076293945,3503
2023-09-14 00:00:00+02:00,60.099998474121094,61.400001525878906,60.099998474121094,61.400001525878906,4185
2023-09-15 00:00:00+02:00,61.29999923706055,67.4000015258789,60.900001525878906,67.4000015258789,87189
2023-09-18 00:00:00+02:00,67.30000305175781,67.30000305175781,64.5999984741211,65.0,42714
2023-09-19 00:00:00+02:00,65.0999984741211,65.69999694824219,64.0999984741211,65.69999694824219,12944
2023-09-20 00:00:00+02:00,64.80000305175781,65.5,64.80000305175781,65.19999694824219,19927
2023-09-21 00:00:00+02:00,65.30000305175781,65.69999694824219,65.19999694824219,65.4000015258789,2537
2023-09-22 00:00:00+02:00,65.5,66.0999984741211,65.4000015258789,65.80000305175781,5586
2023-09-25 00:00:00+02:00,66.0,66.80000305175781,65.0,65.0,9671
2023-09-26 00:00:00+02:00,65.0,65.0,61.599998474121094,63.5,34568
2023-09-27 00:00:00+02:00,63.5,63.599998474121094,62.79999923706055,62.79999923706055,2662
2023-09-28 00:00:00+02:00,62.79999923706055,64.5,62.79999923706055,64.0,22037
2023-09-29 00:00:00+02:00,64.5,65.80000305175781,64.5,65.19999694824219,3053
2023-10-02 00:00:00+02:00,64.9000015258789,65.80000305175781,64.9000015258789,65.0,13282
2023-10-03 00:00:00+02:00,64.5,66.0,64.4000015258789,65.9000015258789,19575
2023-10-04 00:00:00+02:00,66.0,66.19999694824219,64.5999984741211,65.5,6233
2023-10-05 00:00:00+02:00,65.5,66.19999694824219,65.30000305175781,65.5999984741211,6295
2023-10-06 00:00:00+02:00,66.0,66.19999694824219,65.4000015258789,65.5,7114
2023-10-09 00:00:00+02:00,65.30000305175781,66.5,65.0,66.4000015258789,5686
2023-10-10 00:00:00+02:00,65.80000305175781,66.4000015258789,65.0,65.4000015258789,24680
2023-10-11 00:00:00+02:00,65.4000015258789,65.80000305175781,64.0,65.0999984741211,3599
2023-10-12 00:00:00+02:00,65.0,65.4000015258789,64.5999984741211,65.0,11100
2023-10-13 00:00:00+02:00,65.0,65.4000015258789,65.0,65.19999694824219,5201
2023-10-16 00:00:00+02:00,64.0999984741211,68.0999984741211,64.0999984741211,67.5,17495
2023-10-17 00:00:00+02:00,67.5,68.9000015258789,65.80000305175781,68.5,7385
2023-10-18 00:00:00+02:00,68.5,71.9000015258789,68.0999984741211,70.19999694824219,9610
2023-10-19 00:00:00+02:00,70.0,72.4000015258789,68.4000015258789,72.0999984741211,39490
2023-10-20 00:00:00+02:00,71.69999694824219,72.0999984741211,70.0,71.19999694824219,23728
2023-10-23 00:00:00+02:00,72.0,72.0,62.5,65.5,146629
2023-10-24 00:00:00+02:00,65.30000305175781,66.9000015258789,65.30000305175781,66.19999694824219,89804
2023-10-25 00:00:00+02:00,66.0,66.19999694824219,65.5,65.9000015258789,35707
2023-10-26 00:00:00+02:00,65.69999694824219,66.0999984741211,63.0,63.20000076293945,7728
2023-10-27 00:00:00+02:00,63.20000076293945,64.0,63.20000076293945,63.400001525878906,3551
2023-10-30 00:00:00+01:00,63.20000076293945,63.5,63.20000076293945,63.5,2420
2023-10-31 00:00:00+01:00,63.5,63.5,59.29999923706055,60.5,6219
2023-11-02 00:00:00+01:00,60.0,60.5,56.5,56.599998474121094,19203
2023-11-03 00:00:00+01:00,56.400001525878906,57.5,54.599998474121094,55.20000076293945,21724
2023-11-06 00:00:00+01:00,56.20000076293945,57.599998474121094,56.0,56.70000076293945,8317
2023-11-07 00:00:00+01:00,56.900001525878906,57.79999923706055,56.900001525878906,57.5,2283
2023-11-08 00:00:00+01:00,57.5,57.5,55.900001525878906,56.29999923706055,2152
2023-11-09 00:00:00+01:00,56.0,56.29999923706055,55.5,56.0,3760
2023-11-10 00:00:00+01:00,56.0,56.0,55.29999923706055,55.29999923706055,1534
2023-11-13 00:00:00+01:00,55.0,55.900001525878906,54.5,54.5,2148
2023-11-14 00:00:00+01:00,54.5,56.900001525878906,54.5,56.900001525878906,2839
2023-11-15 00:00:00+01:00,56.900001525878906,57.0,55.900001525878906,56.70000076293945,3237
2023-11-16 00:00:00+01:00,56.70000076293945,57.0,54.900001525878906,56.400001525878906,2465
2023-11-17 00:00:00+01:00,55.0,57.5,55.0,56.599998474121094,16383
2023-11-20 00:00:00+01:00,57.0,58.900001525878906,57.0,58.900001525878906,2847
2023-11-21 00:00:00+01:00,58.900001525878906,59.0,58.400001525878906,58.79999923706055,1606
2023-11-22 00:00:00+01:00,58.900001525878906,59.0,58.0,58.0,28475
2023-11-23 00:00:00+01:00,58.70000076293945,59.0,58.29999923706055,58.79999923706055,2025
2023-11-24 00:00:00+01:00,58.70000076293945,60.0,58.5,60.0,1632
2023-11-27 00:00:00+01:00,60.0,60.0,58.0,58.20000076293945,1507
2023-11-28 00:00:00+01:00,59.0,60.0,58.099998474121094,60.0,4717
2023-11-29 00:00:00+01:00,60.0,60.0,59.20000076293945,59.79999923706055,1882
2023-11-30 00:00:00+01:00,59.79999923706055,59.79999923706055,58.0,58.900001525878906,2154
2023-12-01 00:00:00+01:00,58.20000076293945,59.70000076293945,58.0,59.70000076293945,1915
2023-12-04 00:00:00+01:00,59.70000076293945,59.70000076293945,58.400001525878906,58.79999923706055,836
2023-12-05 00:00:00+01:00,59.29999923706055,59.29999923706055,58.099998474121094,59.0,1635
2023-12-06 00:00:00+01:00,58.79999923706055,58.79999923706055,57.900001525878906,58.0,2802
2023-12-07 00:00:00+01:00,58.0,58.20000076293945,55.5,57.29999923706055,2965
2023-12-08 00:00:00+01:00,57.0,57.29999923706055,56.5,57.0,3336
2023-12-11 00:00:00+01:00,57.29999923706055,58.0,56.400001525878906,57.0,6906
2023-12-12 00:00:00+01:00,57.0,66.80000305175781,56.900001525878906,64.69999694824219,122910
2023-12-13 00:00:00+01:00,65.5999984741211,67.0999984741211,62.900001525878906,63.29999923706055,21375
2023-12-14 00:00:00+01:00,63.29999923706055,65.0,61.0,64.5,13857
2023-12-15 00:00:00+01:00,63.0,64.5999984741211,60.5,62.70000076293945,17430
2023-12-18 00:00:00+01:00,62.900001525878906,62.900001525878906,61.20000076293945,61.400001525878906,3797
2023-12-19 00:00:00+01:00,61.400001525878906,61.900001525878906,60.20000076293945,61.5,3769
2023-12-20 00:00:00+01:00,61.400001525878906,61.599998474121094,59.79999923706055,60.0,4721
2023-12-21 00:00:00+01:00,60.0,60.400001525878906,59.099998474121094,60.0,3088
2023-12-22 00:00:00+01:00,60.0,61.79999923706055,59.599998474121094,60.70000076293945,3937
2023-12-27 00:00:00+01:00,60.79999923706055,60.79999923706055,59.400001525878906,59.79999923706055,79030
2023-12-28 00:00:00+01:00,59.79999923706055,60.0,59.5,59.70000076293945,3329
2023-12-29 00:00:00+01:00,60.400001525878906,61.20000076293945,57.400001525878906,57.5,11308
2024-01-02 00:00:00+01:00,57.400001525878906,59.900001525878906,56.099998474121094,56.5,7946
2024-01-03 00:00:00+01:00,57.79999923706055,59.79999923706055,56.20000076293945,57.0,7687
2024-01-04 00:00:00+01:00,56.70000076293945,57.599998474121094,56.5,56.79999923706055,2703
2024-01-05 00:00:00+01:00,56.79999923706055,57.0,56.0,56.5,4628
2024-01-08 00:00:00+01:00,56.099998474121094,58.29999923706055,56.099998474121094,56.099998474121094,3855
2024-01-09 00:00:00+01:00,56.70000076293945,57.400001525878906,55.400001525878906,55.900001525878906,4783
2024-01-10 00:00:00+01:00,55.0,56.0,55.0,55.599998474121094,87422
2024-01-11 00:00:00+01:00,55.599998474121094,56.5,54.79999923706055,55.20000076293945,5229
2024-01-12 00:00:00+01:00,55.20000076293945,55.70000076293945,55.099998474121094,55.099998474121094,3718
2024-01-15 00:00:00+01:00,55.5,56.20000076293945,55.0,55.900001525878906,4339
2024-01-16 00:00:00+01:00,55.29999923706055,56.0,54.099998474121094,55.5,5010
2024-01-17 00:00:00+01:00,55.5,55.79999923706055,54.5,55.70000076293945,1713
2024-01-18 00:00:00+01:00,55.29999923706055,57.0,54.900001525878906,56.900001525878906,3858
2024-01-19 00:00:00+01:00,57.29999923706055,59.0,56.099998474121094,56.900001525878906,7407
2024-01-22 00:00:00+01:00,57.099998474121094,59.099998474121094,57.099998474121094,57.20000076293945,2074
2024-01-23 00:00:00+01:00,57.400001525878906,58.0,56.79999923706055,56.79999923706055,1401
2024-01-24 00:00:00+01:00,56.79999923706055,58.099998474121094,56.0,56.0,2093
2024-01-25 00:00:00+01:00,56.20000076293945,57.400001525878906,55.20000076293945,55.29999923706055,2026
2024-01-26 00:00:00+01:00,55.70000076293945,55.70000076293945,55.20000076293945,55.20000076293945,1137
2024-01-29 00:00:00+01:00,55.0,55.099998474121094,54.5,54.70000076293945,4263
2024-01-30 00:00:00+01:00,54.70000076293945,55.0,54.5,54.599998474121094,2248
2024-01-31 00:00:00+01:00,54.70000076293945,54.70000076293945,53.5,54.0,4810
2024-02-01 00:00:00+01:00,57.0,57.79999923706055,55.0,56.0,66368
2024-02-02 00:00:00+01:00,56.5,60.0,56.5,57.20000076293945,125782
2024-02-05 00:00:00+01:00,59.0,60.400001525878906,58.099998474121094,58.599998474121094,12230
2024-02-06 00:00:00+01:00,59.0,60.29999923706055,58.599998474121094,60.099998474121094,7767
2024-02-07 00:00:00+01:00,60.29999923706055,60.900001525878906,60.0,60.599998474121094,29336
2024-02-08 00:00:00+01:00,60.099998474121094,60.5,59.400001525878906,60.0,2870
2024-02-09 00:00:00+01:00,60.20000076293945,60.70000076293945,59.400001525878906,59.900001525878906,6741
2024-02-12 00:00:00+01:00,59.900001525878906,60.5,59.599998474121094,60.29999923706055,22402
2024-02-13 00:00:00+01:00,59.900001525878906,60.29999923706055,59.20000076293945,59.400001525878906,4145
2024-02-14 00:00:00+01:00,59.5,59.900001525878906,59.20000076293945,59.70000076293945,3080
2024-02-15 00:00:00+01:00,60.099998474121094,61.0,60.0,60.099998474121094,3999
2024-02-16 00:00:00+01:00,60.900001525878906,60.900001525878906,59.5,59.5,3870
2024-02-19 00:00:00+01:00,59.5,60.0,59.20000076293945,59.20000076293945,1375
2024-02-20 00:00:00+01:00,59.70000076293945,59.70000076293945,58.79999923706055,59.0,960
2024-02-21 00:00:00+01:00,58.79999923706055,59.400001525878906,58.79999923706055,59.0,1983
2024-02-22 00:00:00+01:00,58.79999923706055,59.099998474121094,57.400001525878906,58.099998474121094,2946
2024-02-23 00:00:00+01:00,57.79999923706055,59.0,57.400001525878906,58.29999923706055,2585
2024-02-26 00:00:00+01:00,57.79999923706055,58.900001525878906,57.79999923706055,58.900001525878906,1924
2024-02-27 00:00:00+01:00,58.70000076293945,59.900001525878906,57.79999923706055,59.900001525878906,11572
2024-02-28 00:00:00+01:00,59.599998474121094,59.900001525878906,58.20000076293945,59.0,2076
2024-02-29 00:00:00+01:00,59.0,59.599998474121094,58.099998474121094,59.400001525878906,1718
2024-03-01 00:00:00+01:00,59.20000076293945,59.5,58.20000076293945,59.0,2083
2024-03-04 00:00:00+01:00,59.20000076293945,59.20000076293945,58.29999923706055,58.29999923706055,3040
2024-03-05 00:00:00+01:00,58.29999923706055,58.70000076293945,57.099998474121094,57.099998474121094,2579
2024-03-06 00:00:00+01:00,57.099998474121094,59.5,56.70000076293945,58.400001525878906,18002
2024-03-07 00:00:00+01:00,58.79999923706055,59.70000076293945,58.0,59.70000076293945,4444
2024-03-08 00:00:00+01:00,59.79999923706055,59.900001525878906,58.400001525878906,59.900001525878906,4538
2024-03-11 00:00:00+01:00,59.900001525878906,59.900001525878906,59.099998474121094,59.29999923706055,3096
2024-03-12 00:00:00+01:00,59.599998474121094,59.599998474121094,58.5,58.5,1920
2024-03-13 00:00:00+01:00,59.0,59.400001525878906,57.0,57.0,5189
2024-03-14 00:00:00+01:00,57.20000076293945,58.900001525878906,57.099998474121094,58.099998474121094,3387
2024-03-15 00:00:00+01:00,58.099998474121094,59.0,56.5,59.0,3794
2024-03-18 00:00:00+01:00,56.599998474121094,58.099998474121094,56.5,58.0,4180
2024-03-19 00:00:00+01:00,57.5,57.5,56.79999923706055,57.5,1342
2024-03-20 00:00:00+01:00,57.400001525878906,57.5,57.29999923706055,57.400001525878906,1782
2024-03-21 00:00:00+01:00,57.400001525878906,57.5,57.20000076293945,57.29999923706055,1166
2024-03-22 00:00:00+01:00,57.099998474121094,57.400001525878906,57.099998474121094,57.099998474121094,1046
2024-03-25 00:00:00+01:00,57.0,57.29999923706055,56.79999923706055,56.79999923706055,1010
2024-03-26 00:00:00+01:00,56.900001525878906,56.900001525878906,56.0,56.20000076293945,2501
2024-03-27 00:00:00+01:00,57.099998474121094,57.099998474121094,55.5,55.5,4299
2024-03-28 00:00:00+01:00,55.20000076293945,55.79999923706055,55.099998474121094,55.20000076293945,4408
2024-04-02 00:00:00+02:00,55.599998474121094,57.0,55.0,55.0,4118
2024-04-03 00:00:00+02:00,55.0,56.900001525878906,54.5,54.599998474121094,2569
2024-04-04 00:00:00+02:00,54.599998474121094,55.70000076293945,54.5,54.599998474121094,4275
2024-04-05 00:00:00+02:00,54.29999923706055,55.79999923706055,54.29999923706055,55.400001525878906,1907
2024-04-08 00:00:00+02:00,55.400001525878906,55.900001525878906,54.599998474121094,54.599998474121094,3571
2024-04-09 00:00:00+02:00,55.0,55.79999923706055,54.599998474121094,54.900001525878906,2876
2024-04-10 00:00:00+02:00,56.0,56.5,54.900001525878906,56.0,18333
2024-04-11 00:00:00+02:00,55.70000076293945,55.70000076293945,54.599998474121094,54.70000076293945,1342
2024-04-12 00:00:00+02:00,54.70000076293945,55.0,54.599998474121094,54.599998474121094,3143
2024-04-15 00:00:00+02:00,54.599998474121094,54.900001525878906,54.599998474121094,54.599998474121094,1633
2024-04-16 00:00:00+02:00,54.900001525878906,54.900001525878906,53.70000076293945,54.0,3362
2024-04-17 00:00:00+02:00,53.900001525878906,54.0,53.20000076293945,53.5,3306
2024-04-18 00:00:00+02:00,53.70000076293945,54.099998474121094,53.0,53.0,1377
2024-04-19 00:00:00+02:00,52.599998474121094,53.0,52.0,52.900001525878906,4351
2024-04-22 00:00:00+02:00,52.79999923706055,52.900001525878906,49.54999923706055,51.0,7527
2024-04-23 00:00:00+02:00,50.900001525878906,51.0,49.900001525878906,50.79999923706055,5472
2024-04-24 00:00:00+02:00,50.20000076293945,50.5,49.599998474121094,49.75,4107
2024-04-25 00:00:00+02:00,49.849998474121094,50.0,49.75,49.79999923706055,3262
2024-04-26 00:00:00+02:00,49.70000076293945,49.900001525878906,49.099998474121094,49.29999923706055,4319
2024-04-29 00:00:00+02:00,49.20000076293945,49.900001525878906,47.0,48.849998474121094,10679
2024-04-30 00:00:00+02:00,48.849998474121094,49.5,48.400001525878906,49.5,3183
2024-05-02 00:00:00+02:00,49.5,49.5,48.599998474121094,48.599998474121094,3378
2024-05-06 00:00:00+02:00,49.20000076293945,53.0,48.70000076293945,51.79999923706055,5235
2024-05-07 00:00:00+02:00,51.29999923706055,52.70000076293945,51.0,51.0,1786
2024-05-08 00:00:00+02:00,51.0,51.5,49.849998474121094,49.849998474121094,2291
2024-05-09 00:00:00+02:00,50.0,50.70000076293945,49.5,49.5,2192
2024-05-10 00:00:00+02:00,49.5,50.70000076293945,49.5,50.70000076293945,4140
2024-05-13 00:00:00+02:00,50.5,50.599998474121094,50.0,50.599998474121094,2166
2024-05-14 00:00:00+02:00,50.29999923706055,52.0,50.20000076293945,52.0,5123
2024-05-15 00:00:00+02:00,51.400001525878906,53.599998474121094,50.5,53.599998474121094,1561
2024-05-16 00:00:00+02:00,53.70000076293945,55.0,51.599998474121094,55.0,3646
2024-05-17 00:00:00+02:00,55.0,55.79999923706055,53.0,55.79999923706055,15913
2024-05-20 00:00:00+02:00,55.0,55.0,53.5,54.5,3796
2024-05-21 00:00:00+02:00,54.5,54.5,53.599998474121094,53.70000076293945,4301
2024-05-22 00:00:00+02:00,54.0,55.0,53.5,55.0,2342
2024-05-23 00:00:00+02:00,55.0,55.0,53.400001525878906,53.400001525878906,3288
2024-05-24 00:00:00+02:00,53.400001525878906,54.900001525878906,53.400001525878906,54.900001525878906,1350
2024-05-27 00:00:00+02:00,54.900001525878906,55.5,54.400001525878906,54.70000076293945,2785
2024-05-28 00:00:00+02:00,53.099998474121094,54.099998474121094,53.0,53.0,5334
2024-05-29 00:00:00+02:00,52.900001525878906,55.79999923706055,52.900001525878906,54.20000076293945,3692
2024-05-31 00:00:00+02:00,54.900001525878906,55.0,53.900001525878906,54.0,2844
2024-06-03 00:00:00+02:00,53.900001525878906,54.099998474121094,53.0,54.0,1597
2024-06-04 00:00:00+02:00,54.29999923706055,55.400001525878906,54.20000076293945,54.900001525878906,3913
2024-06-05 00:00:00+02:00,55.0,55.0,53.900001525878906,54.20000076293945,1696
2024-06-06 00:00:00+02:00,54.20000076293945,54.900001525878906,53.70000076293945,54.0,832
2024-06-07 00:00:00+02:00,54.0,54.5,53.29999923706055,53.29999923706055,1177
2024-06-10 00:00:00+02:00,53.20000076293945,54.0,53.099998474121094,54.0,1129
2024-06-11 00:00:00+02:00,53.79999923706055,54.0,53.0,53.099998474121094,1261
2024-06-12 00:00:00+02:00,54.0,54.0,53.0,53.599998474121094,719
2024-06-13 00:00:00+02:00,53.5,53.5,52.20000076293945,52.20000076293945,960
2024-06-14 00:00:00+02:00,52.099998474121094,53.5,51.29999923706055,51.5,4962
2024-06-17 00:00:00+02:00,51.400001525878906,51.79999923706055,50.5,51.20000076293945,1170
2024-06-18 00:00:00+02:00,51.20000076293945,54.5,50.900001525878906,54.0,3378
2024-06-19 00:00:00+02:00,54.099998474121094,54.099998474121094,53.5,53.599998474121094,730
2024-06-20 00:00:00+02:00,53.599998474121094,53.599998474121094,52.5,53.0,3144
2024-06-21 00:00:00+02:00,52.900001525878906,52.900001525878906,50.099998474121094,50.099998474121094,5836
2024-06-24 00:00:00+02:00,51.599998474121094,52.0,50.5,51.20000076293945,2700
2024-06-25 00:00:00+02:00,51.599998474121094,51.599998474121094,50.599998474121094,50.900001525878906,1097
2024-06-26 00:00:00+02:00,50.79999923706055,50.79999923706055,50.099998474121094,50.20000076293945,2609
2024-06-27 00:00:00+02:00,50.20000076293945,50.70000076293945,50.0,50.0,2058
2024-06-28 00:00:00+02:00,50.0,50.599998474121094,49.900001525878906,50.20000076293945,902
2024-07-01 00:00:00+02:00,50.20000076293945,51.20000076293945,48.900001525878906,49.0,3408
2024-07-02 00:00:00+02:00,49.04999923706055,50.29999923706055,48.150001525878906,49.0,4379
2024-07-03 00:00:00+02:00,49.0,50.400001525878906,48.5,50.29999923706055,3742
2024-07-04 00:00:00+02:00,50.29999923706055,50.29999923706055,49.20000076293945,49.5,1575
2024-07-05 00:00:00+02:00,50.20000076293945,50.29999923706055,49.25,49.5,991
2024-07-08 00:00:00+02:00,49.5,51.79999923706055,48.79999923706055,51.0,3359
2024-07-09 00:00:00+02:00,51.0,51.79999923706055,50.5,50.70000076293945,1963
2024-07-10 00:00:00+02:00,51.79999923706055,51.79999923706055,51.0,51.099998474121094,2992
2024-07-11 00:00:00+02:00,51.79999923706055,52.400001525878906,51.099998474121094,52.400001525878906,1331
2024-07-12 00:00:00+02:00,52.5,52.5,51.79999923706055,52.29999923706055,3060
2024-07-15 00:00:00+02:00,52.5,53.0,50.599998474121094,51.0,2853
2024-07-16 00:00:00+02:00,51.0,51.0,50.5,50.5,1184
2024-07-17 00:00:00+02:00,50.5,50.5,47.0,49.099998474121094,3995
2024-07-18 00:00:00+02:00,49.20000076293945,49.5,49.0,49.0,2351
2024-07-19 00:00:00+02:00,49.599998474121094,49.599998474121094,49.04999923706055,49.25,2259
2024-07-22 00:00:00+02:00,49.25,51.0,49.25,50.599998474121094,5995
2024-07-23 00:00:00+02:00,51.0,51.599998474121094,50.099998474121094,50.599998474121094,2615
2024-07-24 00:00:00+02:00,50.29999923706055,50.79999923706055,50.20000076293945,50.70000076293945,1584
2024-07-25 00:00:00+02:00,50.79999923706055,51.0,49.25,49.599998474121094,2043
2024-07-26 00:00:00+02:00,49.70000076293945,52.5,49.400001525878906,52.5,4107
2024-07-29 00:00:00+02:00,52.5,53.0,50.599998474121094,53.0,6151
2024-07-30 00:00:00+02:00,52.900001525878906,52.900001525878906,52.0,52.0,1037
2024-07-31 00:00:00+02:00,52.5,52.599998474121094,50.79999923706055,51.099998474121094,2423
2024-08-01 00:00:00+02:00,53.099998474121094,53.599998474121094,52.5,53.599998474121094,13612
2024-08-02 00:00:00+02:00,53.599998474121094,53.79999923706055,52.599998474121094,53.400001525878906,5075
2024-08-05 00:00:00+02:00,51.5,52.0,48.5,48.900001525878906,8137
2024-08-06 00:00:00+02:00,49.599998474121094,51.0,49.0,49.70000076293945,6650
2024-08-07 00:00:00+02:00,49.79999923706055,51.099998474121094,49.70000076293945,51.099998474121094,4623
2024-08-08 00:00:00+02:00,51.79999923706055,51.79999923706055,50.20000076293945,51.400001525878906,9873
2024-08-09 00:00:00+02:00,51.79999923706055,52.0,50.099998474121094,51.900001525878906,3450
2024-08-12 00:00:00+02:00,52.5,52.79999923706055,51.79999923706055,52.79999923706055,6303
2024-08-13 00:00:00+02:00,52.79999923706055,53.29999923706055,52.400001525878906,53.20000076293945,5372
2024-08-14 00:00:00+02:00,53.20000076293945,53.20000076293945,52.70000076293945,53.0,2721
2024-08-16 00:00:00+02:00,53.0,53.5,52.099998474121094,53.5,1877
2024-08-19 00:00:00+02:00,53.5,54.0,51.79999923706055,54.0,3128
2024-08-20 00:00:00+02:00,54.0,54.0,52.400001525878906,52.599998474121094,563
2024-08-21 00:00:00+02:00,53.0,53.0,52.0,52.0,1308
2024-08-22 00:00:00+02:00,52.0,53.099998474121094,52.0,53.099998474121094,1500
2024-08-23 00:00:00+02:00,52.5,52.5,51.79999923706055,52.0,1413
2024-08-26 00:00:00+02:00,52.0,52.0,50.900001525878906,51.599998474121094,2073
2024-08-27 00:00:00+02:00,51.79999923706055,51.79999923706055,50.099998474121094,50.29999923706055,4119
2024-08-28 00:00:00+02:00,51.0,52.099998474121094,50.29999923706055,51.70000076293945,1857
2024-08-29 00:00:00+02:00,51.70000076293945,53.5,51.20000076293945,53.5,3710
2024-08-30 00:00:00+02:00,53.5,53.70000076293945,51.900001525878906,53.70000076293945,4702
2024-09-02 00:00:00+02:00,52.29999923706055,53.70000076293945,52.29999923706055,52.70000076293945,1504
2024-09-03 00:00:00+02:00,53.5,53.70000076293945,52.29999923706055,52.5,1179
2024-09-04 00:00:00+02:00,52.0,52.20000076293945,51.099998474121094,52.20000076293945,1433
2024-09-05 00:00:00+02:00,52.20000076293945,53.099998474121094,51.5,51.5,514
2024-09-06 00:00:00+02:00,51.5,53.400001525878906,51.0,51.900001525878906,4683
2024-09-09 00:00:00+02:00,51.20000076293945,53.0,50.5,52.0,3560
2024-09-10 00:00:00+02:00,52.0,53.70000076293945,51.29999923706055,53.400001525878906,5487
2024-09-11 00:00:00+02:00,52.79999923706055,54.0,51.20000076293945,54.0,6196
2024-09-12 00:00:00+02:00,54.900001525878906,55.0,52.5,54.29999923706055,3267
2024-09-13 00:00:00+02:00,54.29999923706055,55.0,53.599998474121094,54.20000076293945,3497
2024-09-16 00:00:00+02:00,54.0,54.79999923706055,54.0,54.099998474121094,813
2024-09-17 00:00:00+02:00,53.79999923706055,55.0,53.79999923706055,55.0,2078
2024-09-18 00:00:00+02:00,55.0,55.0,53.900001525878906,54.099998474121094,12018
2024-09-19 00:00:00+02:00,54.099998474121094,55.20000076293945,54.0,54.20000076293945,5675
2024-09-20 00:00:00+02:00,54.20000076293945,54.20000076293945,53.900001525878906,54.099998474121094,4145
2024-09-23 00:00:00+02:00,54.599998474121094,54.70000076293945,53.70000076293945,54.20000076293945,13668
2024-09-24 00:00:00+02:00,54.20000076293945,55.0,54.099998474121094,55.0,1534
2024-09-25 00:00:00+02:00,55.0,55.0,54.099998474121094,54.5,903
2024-09-26 00:00:00+02:00,55.0,55.0,53.0,53.5,33852
2024-09-27 00:00:00+02:00,53.099998474121094,53.5,51.20000076293945,52.20000076293945,3716
2024-09-30 00:00:00+02:00,52.20000076293945,52.20000076293945,51.900001525878906,52.0,2278
2024-10-01 00:00:00+02:00,52.5,52.5,51.70000076293945,52.400001525878906,4470
2024-10-02 00:00:00+02:00,52.400001525878906,52.400001525878906,52.0,52.29999923706055,6703
2024-10-03 00:00:00+02:00,52.20000076293945,52.20000076293945,51.79999923706055,52.099998474121094,3539
2024-10-04 00:00:00+02:00,52.400001525878906,52.400001525878906,51.79999923706055,52.0,1105
2024-10-07 00:00:00+02:00,51.900001525878906,54.20000076293945,51.900001525878906,52.70000076293945,9546
2024-10-08 00:00:00+02:00,52.70000076293945,52.70000076293945,50.5,51.20000076293945,1458
2024-10-09 00:00:00+02:00,51.5,53.900001525878906,50.599998474121094,53.400001525878906,6962
2024-10-10 00:00:00+02:00,53.400001525878906,54.0,50.599998474121094,50.599998474121094,2745
2024-10-11 00:00:00+02:00,51.20000076293945,53.0,51.20000076293945,52.70000076293945,2500
2024-10-14 00:00:00+02:00,52.5,52.5,51.5,52.0,1519
2024-10-15 00:00:00+02:00,52.0,52.599998474121094,51.0,52.599998474121094,2888
2024-10-16 00:00:00+02:00,52.0,52.0,51.099998474121094,51.79999923706055,1661
2024-10-17 00:00:00+02:00,51.79999923706055,52.0,47.400001525878906,49.599998474121094,4513
2024-10-18 00:00:00+02:00,49.599998474121094,51.0,48.0,48.400001525878906,31872
2024-10-21 00:00:00+02:00,48.95000076293945,50.900001525878906,48.599998474121094,50.70000076293945,5945
2024-10-22 00:00:00+02:00,50.70000076293945,50.70000076293945,49.150001525878906,49.29999923706055,2619
2024-10-23 00:00:00+02:00,49.75,49.75,48.79999923706055,49.0,4288
2024-10-24 00:00:00+02:00,49.0,50.0,48.79999923706055,49.04999923706055,4896
2024-10-25 00:00:00+02:00,49.20000076293945,49.70000076293945,48.900001525878906,49.04999923706055,2246
2024-10-28 00:00:00+01:00,49.20000076293945,50.0,48.95000076293945,50.0,52162
2024-10-29 00:00:00+01:00,50.0,50.29999923706055,48.25,48.25,8537
2024-10-30 00:00:00+01:00,48.29999923706055,49.0,46.400001525878906,46.400001525878906,5990
2024-10-31 00:00:00+01:00,47.849998474121094,47.849998474121094,44.79999923706055,44.79999923706055,11314
2024-11-04 00:00:00+01:00,45.0,46.5,43.349998474121094,43.900001525878906,7314
2024-11-05 00:00:00+01:00,44.29999923706055,44.29999923706055,42.04999923706055,42.04999923706055,4929
2024-11-06 00:00:00+01:00,42.150001525878906,43.0,39.5,39.70000076293945,12568
2024-11-07 00:00:00+01:00,40.0,42.0,39.70000076293945,41.54999923706055,5971
2024-11-08 00:00:00+01:00,42.0,43.0,41.79999923706055,43.0,10056
2024-11-12 00:00:00+01:00,43.0,45.79999923706055,42.650001525878906,43.70000076293945,5502
2024-11-13 00:00:00+01:00,43.70000076293945,49.0,43.150001525878906,48.599998474121094,5673
2024-11-14 00:00:00+01:00,47.900001525878906,48.0,46.29999923706055,47.54999923706055,3335
2024-11-15 00:00:00+01:00,48.0,48.04999923706055,45.400001525878906,45.400001525878906,3540
2024-11-18 00:00:00+01:00,46.900001525878906,46.900001525878906,44.5,46.0,2126
2024-11-19 00:00:00+01:00,46.400001525878906,48.95000076293945,44.5,45.04999923706055,3262
2024-11-20 00:00:00+01:00,46.5,47.099998474121094,43.599998474121094,43.599998474121094,4288
2024-11-21 00:00:00+01:00,43.599998474121094,44.0,43.25,43.349998474121094,1642
2024-11-22 00:00:00+01:00,43.349998474121094,44.25,43.0,44.25,2278
2024-11-25 00:00:00+01:00,44.25,45.75,44.20000076293945,45.0,3592
2024-11-26 00:00:00+01:00,45.0,46.20000076293945,44.70000076293945,46.20000076293945,10696
2024-11-27 00:00:00+01:00,46.0,46.650001525878906,44.20000076293945,46.45000076293945,4191
2024-11-28 00:00:00+01:00,44.400001525878906,45.79999923706055,44.400001525878906,45.29999923706055,3925
2024-11-29 00:00:00+01:00,45.29999923706055,45.29999923706055,44.400001525878906,45.0,1633
2024-12-02 00:00:00+01:00,45.0,46.349998474121094,44.70000076293945,45.0,4837
2024-12-03 00:00:00+01:00,46.0,48.0,46.0,48.0,8043
2024-12-04 00:00:00+01:00,46.599998474121094,51.599998474121094,46.599998474121094,51.0,19778
2024-12-05 00:00:00+01:00,51.900001525878906,52.79999923706055,49.79999923706055,50.5,21793
2024-12-06 00:00:00+01:00,50.79999923706055,50.79999923706055,48.95000076293945,50.099998474121094,5090
2024-12-09 00:00:00+01:00,50.099998474121094,51.599998474121094,49.400001525878906,49.900001525878906,9122
2024-12-10 00:00:00+01:00,49.95000076293945,50.20000076293945,49.54999923706055,49.900001525878906,4669
2024-12-11 00:00:00+01:00,49.95000076293945,50.0,47.79999923706055,48.849998474121094,8374
2024-12-12 00:00:00+01:00,48.75,50.0,41.0,41.5,52846
2024-12-13 00:00:00+01:00,41.5,42.5,36.0,42.5,45317
2024-12-16 00:00:00+01:00,42.29999923706055,42.29999923706055,38.54999923706055,38.54999923706055,13117
2024-12-17 00:00:00+01:00,39.5,39.650001525878906,36.79999923706055,38.0,13100
2024-12-18 00:00:00+01:00,38.20000076293945,39.849998474121094,36.0,36.5,21675
2024-12-19 00:00:00+01:00,37.0,37.150001525878906,35.150001525878906,37.099998474121094,27825
2024-12-20 00:00:00+01:00,38.0,40.0,37.849998474121094,39.5,19022
2024-12-23 00:00:00+01:00,38.5,39.45000076293945,38.0,39.0,10538
2024-12-27 00:00:00+01:00,39.0,39.45000076293945,38.150001525878906,38.599998474121094,2562
2024-12-30 00:00:00+01:00,38.79999923706055,40.0,38.5,38.5,6765
2025-01-02 00:00:00+01:00,38.0,39.20000076293945,37.79999923706055,39.0,8166
2025-01-03 00:00:00+01:00,39.150001525878906,39.150001525878906,38.599998474121094,38.849998474121094,8064
2025-01-07 00:00:00+01:00,38.849998474121094,39.0,38.400001525878906,38.75,9256
2025-01-08 00:00:00+01:00,38.79999923706055,38.849998474121094,38.29999923706055,38.70000076293945,4579
2025-01-09 00:00:00+01:00,38.79999923706055,38.79999923706055,37.400001525878906,37.5,6627
2025-01-10 00:00:00+01:00,37.5,37.95000076293945,37.0,37.25,2793
2025-01-13 00:00:00+01:00,37.70000076293945,39.0,36.0,36.0,15398
2025-01-14 00:00:00+01:00,36.0,36.29999923706055,32.25,32.25,43841
2025-01-15 00:00:00+01:00,32.25,32.70000076293945,29.549999237060547,31.600000381469727,39529
2025-01-16 00:00:00+01:00,30.75,31.799999237060547,30.700000762939453,31.0,11670
2025-01-17 00:00:00+01:00,31.0,32.0,30.700000762939453,30.700000762939453,7533
2025-01-20 00:00:00+01:00,30.700000762939453,31.799999237060547,30.0,30.049999237060547,11381
2025-01-21 00:00:00+01:00,30.200000762939453,30.399999618530273,29.0,29.549999237060547,10405
2025-01-22 00:00:00+01:00,29.649999618530273,30.399999618530273,29.25,30.399999618530273,6601
2025-01-23 00:00:00+01:00,30.399999618530273,30.399999618530273,29.899999618530273,30.0,3862
2025-01-24 00:00:00+01:00,30.0,30.399999618530273,29.899999618530273,30.0,7870
2025-01-27 00:00:00+01:00,29.950000762939453,30.549999237060547,29.700000762939453,30.100000381469727,6706
2025-01-28 00:00:00+01:00,30.149999618530273,30.950000762939453,29.649999618530273,30.450000762939453,16083
2025-01-29 00:00:00+01:00,30.5,31.5,30.299999237060547,31.299999237060547,12872
2025-01-30 00:00:00+01:00,30.0,30.0,27.5,27.75,66203
2025-01-31 00:00:00+01:00,28.0,28.799999237060547,25.75,26.0,38548
2025-02-03 00:00:00+01:00,26.0,27.799999237060547,26.0,27.0,43991
2025-02-04 00:00:00+01:00,27.049999237060547,29.350000381469727,26.700000762939453,28.299999237060547,33288
2025-02-05 00:00:00+01:00,28.649999618530273,28.649999618530273,27.0,27.850000381469727,15929
2025-02-06 00:00:00+01:00,27.850000381469727,27.850000381469727,27.0,27.399999618530273,16051
2025-02-07 00:00:00+01:00,28.0,28.5,27.799999237060547,28.0,27112
2025-02-10 00:00:00+01:00,28.25,28.75,28.0,28.399999618530273,24319
2025-02-11 00:00:00+01:00,28.649999618530273,28.799999237060547,27.799999237060547,28.0,45656
2025-02-12 00:00:00+01:00,28.299999237060547,28.399999618530273,27.799999237060547,27.950000762939453,21786
2025-02-13 00:00:00+01:00,28.0,28.399999618530273,27.899999618530273,28.0,17660
2025-02-14 00:00:00+01:00,28.0,28.200000762939453,27.850000381469727,28.0,18130
2025-02-17 00:00:00+01:00,28.299999237060547,28.399999618530273,27.799999237060547,27.950000762939453,55104
2025-02-18 00:00:00+01:00,28.200000762939453,28.200000762939453,27.799999237060547,27.899999618530273,17045
2025-02-19 00:00:00+01:00,27.899999618530273,28.0,27.399999618530273,27.600000381469727,10724
2025-02-20 00:00:00+01:00,27.600000381469727,27.799999237060547,26.5,27.149999618530273,16481
2025-02-21 00:00:00+01:00,27.0,27.25,26.600000381469727,26.600000381469727,15576
2025-02-24 00:00:00+01:00,26.700000762939453,26.799999237060547,25.950000762939453,26.0,21679
2025-02-25 00:00:00+01:00,25.700000762939453,25.950000762939453,21.5,22.700000762939453,494406
2025-02-26 00:00:00+01:00,23.0,23.399999618530273,22.399999618530273,22.600000381469727,94024
2025-02-27 00:00:00+01:00,22.600000381469727,23.399999618530273,22.5,22.700000762939453,34102
2025-02-28 00:00:00+01:00,22.950000762939453,22.950000762939453,22.200000762939453,22.200000762939453,27454
2025-03-03 00:00:00+01:00,22.299999237060547,23.75,22.299999237060547,22.950000762939453,32966
2025-03-04 00:00:00+01:00,23.0,23.0,21.799999237060547,21.850000381469727,34507
2025-03-05 00:00:00+01:00,22.100000381469727,22.799999237060547,20.899999618530273,21.25,44060
2025-03-06 00:00:00+01:00,21.399999618530273,21.5,19.899999618530273,19.940000534057617,102900
2025-03-07 00:00:00+01:00,19.959999084472656,20.0,19.5,19.799999237060547,41679
2025-03-10 00:00:00+01:00,19.899999618530273,20.0,18.15999984741211,18.399999618530273,79282
2025-03-11 00:00:00+01:00,18.299999237060547,18.360000610351562,17.6200008392334,17.719999313354492,69378
2025-03-12 00:00:00+01:00,17.799999237060547,20.950000762939453,17.799999237060547,19.299999237060547,98876
2025-03-13 00:00:00+01:00,19.5,19.65999984741211,18.3799991607666,18.8799991607666,30414
2025-03-14 00:00:00+01:00,19.0,20.200000762939453,19.0,19.799999237060547,68281
2025-03-17 00:00:00+01:00,20.0,20.399999618530273,19.899999618530273,20.0,48484
2025-03-18 00:00:00+01:00,20.149999618530273,20.200000762939453,19.799999237060547,19.979999542236328,23259
2025-03-19 00:00:00+01:00,20.200000762939453,20.200000762939453,19.65999984741211,19.84000015258789,19418
2025-03-20 00:00:00+01:00,19.979999542236328,19.979999542236328,19.5,19.5,26087
2025-03-21 00:00:00+01:00,19.5,20.0,19.280000686645508,19.280000686645508,75076
2025-03-24 00:00:00+01:00,19.280000686645508,22.350000381469727,19.280000686645508,22.0,163196
2025-03-25 00:00:00+01:00,22.0,24.149999618530273,22.0,23.299999237060547,110370
2025-03-26 00:00:00+01:00,23.950000762939453,24.450000762939453,21.600000381469727,21.700000762939453,145483
2025-03-27 00:00:00+01:00,21.700000762939453,24.600000381469727,21.200000762939453,23.899999618530273,231569
2025-03-28 00:00:00+01:00,24.700000762939453,28.799999237060547,24.700000762939453,27.700000762939453,489871
2025-03-31 00:00:00+02:00,28.799999237060547,31.649999618530273,27.700000762939453,28.0,403706
2025-04-01 00:00:00+02:00,28.5,29.600000381469727,26.049999237060547,27.100000381469727,187188
2025-04-02 00:00:00+02:00,27.100000381469727,28.0,25.700000762939453,26.0,125000
2025-04-03 00:00:00+02:00,25.850000381469727,26.5,23.850000381469727,24.350000381469727,150961
2025-04-04 00:00:00+02:00,24.350000381469727,24.600000381469727,23.299999237060547,23.600000381469727,129042
2025-04-07 00:00:00+02:00,23.049999237060547,23.049999237060547,21.149999618530273,22.600000381469727,223227
2025-04-08 00:00:00+02:00,23.100000381469727,25.899999618530273,22.5,25.450000762939453,152093
2025-04-09 00:00:00+02:00,25.399999618530273,25.5,24.0,24.5,92144
2025-04-10 00:00:00+02:00,27.0,27.399999618530273,25.200000762939453,25.299999237060547,122981
2025-04-11 00:00:00+02:00,25.5,26.149999618530273,25.0,25.700000762939453,49550
2025-04-14 00:00:00+02:00,26.600000381469727,28.0,26.549999237060547,27.5,87509
2025-04-15 00:00:00+02:00,27.799999237060547,28.0,26.5,27.200000762939453,82203
2025-04-16 00:00:00+02:00,27.0,27.299999237060547,26.5,27.299999237060547,67954
2025-04-17 00:00:00+02:00,27.200000762939453,28.899999618530273,26.700000762939453,28.399999618530273,76783
2025-04-22 00:00:00+02:00,28.700000762939453,31.5,28.700000762939453,31.399999618530273,197403
2025-04-23 00:00:00+02:00,31.549999237060547,33.45000076293945,30.25,32.400001525878906,224913
2025-04-24 00:00:00+02:00,32.599998474121094,33.0,31.149999618530273,31.649999618530273,54437
2025-04-25 00:00:00+02:00,32.099998474121094,32.099998474121094,30.600000381469727,30.799999237060547,66873
2025-04-28 00:00:00+02:00,31.0,35.0,31.0,33.95000076293945,201345
2025-04-29 00:00:00+02:00,34.25,34.849998474121094,32.29999923706055,32.95000076293945,149374
2025-04-30 00:00:00+02:00,33.400001525878906,33.70000076293945,32.29999923706055,32.400001525878906,72442
2025-05-02 00:00:00+02:00,33.29999923706055,33.45000076293945,31.399999618530273,32.849998474121094,70362
2025-05-05 00:00:00+02:00,33.45000076293945,34.25,32.400001525878906,33.650001525878906,109598
2025-05-06 00:00:00+02:00,33.70000076293945,33.900001525878906,32.20000076293945,32.349998474121094,91627
2025-05-07 00:00:00+02:00,32.20000076293945,32.349998474121094,30.100000381469727,32.04999923706055,154859
2025-05-08 00:00:00+02:00,32.5,32.5,31.549999237060547,32.150001525878906,70732
2025-05-09 00:00:00+02:00,32.5,34.400001525878906,32.20000076293945,33.5,198246
2025-05-12 00:00:00+02:00,34.099998474121094,34.900001525878906,33.70000076293945,34.29999923706055,134770
2025-05-13 00:00:00+02:00,34.5,36.0,33.650001525878906,34.20000076293945,192612
2025-05-14 00:00:00+02:00,34.5,34.79999923706055,33.54999923706055,33.900001525878906,114324
2025-05-15 00:00:00+02:00,34.0,34.099998474121094,32.20000076293945,33.0,85263
2025-05-16 00:00:00+02:00,32.5,34.0,32.5,33.150001525878906,56144
2025-05-19 00:00:00+02:00,33.70000076293945,33.70000076293945,32.54999923706055,33.0,37252
2025-05-20 00:00:00+02:00,33.0,33.349998474121094,32.599998474121094,33.0,36316
2025-05-21 00:00:00+02:00,33.0,33.150001525878906,32.04999923706055,32.650001525878906,36679
2025-05-22 00:00:00+02:00,32.650001525878906,33.29999923706055,32.45000076293945,32.54999923706055,34884
2025-05-23 00:00:00+02:00,31.299999237060547,31.799999237060547,29.200000762939453,30.0,184069
2025-05-26 00:00:00+02:00,30.149999618530273,32.0,29.100000381469727,31.5,68535
2025-05-27 00:00:00+02:00,31.5,32.20000076293945,31.299999237060547,31.899999618530273,134116
2025-05-28 00:00:00+02:00,32.150001525878906,33.0,31.5,31.75,50831
2025-05-29 00:00:00+02:00,31.75,31.950000762939453,31.100000381469727,31.100000381469727,33237
2025-05-30 00:00:00+02:00,31.100000381469727,31.450000762939453,29.799999237060547,30.049999237060547,83624
2025-06-02 00:00:00+02:00,30.0,30.899999618530273,29.5,30.649999618530273,24896
2025-06-03 00:00:00+02:00,31.200000762939453,31.200000762939453,29.549999237060547,29.950000762939453,43401
2025-06-04 00:00:00+02:00,29.950000762939453,30.600000381469727,29.100000381469727,30.600000381469727,49093
2025-06-05 00:00:00+02:00,30.600000381469727,30.899999618530273,29.75,30.0,31900
2025-06-06 00:00:00+02:00,30.450000762939453,30.549999237060547,29.700000762939453,30.25,14510
2025-06-09 00:00:00+02:00,30.25,30.850000381469727,29.899999618530273,30.450000762939453,27409
2025-06-10 00:00:00+02:00,30.75,30.899999618530273,30.200000762939453,30.5,32196
2025-06-11 00:00:00+02:00,30.700000762939453,30.700000762939453,28.200000762939453,28.799999237060547,55199
2025-06-12 00:00:00+02:00,29.399999618530273,30.850000381469727,28.850000381469727,29.799999237060547,70594
2025-06-13 00:00:00+02:00,29.950000762939453,30.700000762939453,29.299999237060547,29.649999618530273,25445
2025-06-16 00:00:00+02:00,29.350000381469727,29.799999237060547,28.850000381469727,29.75,20812
2025-06-17 00:00:00+02:00,29.75,29.950000762939453,29.100000381469727,29.700000762939453,21345
2025-06-18 00:00:00+02:00,29.700000762939453,30.200000762939453,29.0,30.049999237060547,32016
2025-06-20 00:00:00+02:00,30.049999237060547,30.549999237060547,29.75,30.5,27838
2025-06-23 00:00:00+02:00,30.5,30.799999237060547,29.700000762939453,30.049999237060547,19631
2025-06-24 00:00:00+02:00,30.049999237060547,30.399999618530273,29.600000381469727,30.299999237060547,10106
2025-06-25 00:00:00+02:00,30.600000381469727,31.700000762939453,30.600000381469727,31.549999237060547,53554
2025-06-26 00:00:00+02:00,31.549999237060547,31.899999618530273,30.700000762939453,31.25,37150
2025-06-27 00:00:00+02:00,30.700000762939453,31.700000762939453,30.700000762939453,31.700000762939453,39961
2025-06-30 00:00:00+02:00,31.950000762939453,32.45000076293945,31.5,32.20000076293945,44214
2025-07-01 00:00:00+02:00,32.20000076293945,32.400001525878906,31.700000762939453,32.400001525878906,16040
2025-07-02 00:00:00+02:00,32.5,32.5,31.049999237060547,31.799999237060547,84407
2025-07-03 00:00:00+02:00,31.899999618530273,32.150001525878906,31.700000762939453,31.950000762939453,60383
2025-07-04 00:00:00+02:00,32.04999923706055,32.04999923706055,31.5,32.0,12655
2025-07-07 00:00:00+02:00,32.0,32.0,31.149999618530273,31.399999618530273,43026
2025-07-08 00:00:00+02:00,31.299999237060547,31.549999237060547,30.450000762939453,30.899999618530273,16300
2025-07-09 00:00:00+02:00,31.0,31.0,30.0,30.649999618530273,28424
2025-07-10 00:00:00+02:00,30.649999618530273,31.649999618530273,30.25,31.100000381469727,62196
2025-07-11 00:00:00+02:00,31.100000381469727,31.100000381469727,30.600000381469727,30.799999237060547,32785
2025-07-14 00:00:00+02:00,30.950000762939453,31.799999237060547,30.5,31.600000381469727,43639
2025-07-15 00:00:00+02:00,32.0,32.0,30.899999618530273,31.299999237060547,21640
2025-07-16 00:00:00+02:00,31.5,31.5,30.700000762939453,30.899999618530273,14015
2025-07-17 00:00:00+02:00,30.700000762939453,31.200000762939453,30.600000381469727,30.899999618530273,15181
2025-07-18 00:00:00+02:00,30.899999618530273,32.29999923706055,30.799999237060547,31.549999237060547,53919
2025-07-21 00:00:00+02:00,31.549999237060547,31.799999237060547,30.649999618530273,31.100000381469727,25268
2025-07-22 00:00:00+02:00,31.100000381469727,31.100000381469727,30.649999618530273,31.0,9433
2025-07-23 00:00:00+02:00,31.0,31.299999237060547,30.299999237060547,30.899999618530273,29978
2025-07-24 00:00:00+02:00,30.850000381469727,32.5,30.850000381469727,31.299999237060547,66976
2025-07-25 00:00:00+02:00,31.299999237060547,31.299999237060547,30.75,30.950000762939453,11264
2025-07-28 00:00:00+02:00,31.100000381469727,31.700000762939453,31.0,31.25,41359
2025-07-29 00:00:00+02:00,31.0,31.5,30.799999237060547,31.149999618530273,18748
2025-07-30 00:00:00+02:00,31.149999618530273,31.5,30.700000762939453,30.899999618530273,15699
2025-07-31 00:00:00+02:00,30.899999618530273,31.100000381469727,30.149999618530273,30.399999618530273,21443
2025-08-01 00:00:00+02:00,30.100000381469727,30.399999618530273,29.600000381469727,30.0,20881
2025-08-04 00:00:00+02:00,30.399999618530273,30.600000381469727,29.799999237060547,30.450000762939453,11325
2025-08-05 00:00:00+02:00,30.450000762939453,30.899999618530273,30.100000381469727,30.899999618530273,5784
2025-08-06 00:00:00+02:00,30.700000762939453,30.850000381469727,30.100000381469727,30.399999618530273,48385
2025-08-07 00:00:00+02:00,30.5,30.950000762939453,30.25,30.950000762939453,12047
2025-08-08 00:00:00+02:00,30.850000381469727,30.950000762939453,30.149999618530273,30.450000762939453,9730
2025-08-11 00:00:00+02:00,30.450000762939453,30.649999618530273,30.100000381469727,30.149999618530273,17290
2025-08-12 00:00:00+02:00,30.399999618530273,30.850000381469727,30.200000762939453,30.700000762939453,15745
2025-08-13 00:00:00+02:00,30.700000762939453,30.850000381469727,30.299999237060547,30.299999237060547,11852
2025-08-14 00:00:00+02:00,30.649999618530273,30.649999618530273,30.200000762939453,30.299999237060547,20391
2025-08-18 00:00:00+02:00,30.149999618530273,30.600000381469727,29.799999237060547,30.049999237060547,13027
2025-08-19 00:00:00+02:00,30.049999237060547,30.5,29.799999237060547,30.0,16576
2025-08-20 00:00:00+02:00,30.399999618530273,30.450000762939453,29.799999237060547,30.0,11546
2025-08-21 00:00:00+02:00,29.850000381469727,30.100000381469727,29.75,29.950000762939453,7916
2025-08-22 00:00:00+02:00,30.0,30.0,29.0,29.25,28904
2025-08-25 00:00:00+02:00,29.25,29.600000381469727,28.600000381469727,29.399999618530273,17839
2025-08-26 00:00:00+02:00,29.399999618530273,29.600000381469727,29.0,29.600000381469727,11265
2025-08-27 00:00:00+02:00,29.149999618530273,29.549999237060547,28.75,28.799999237060547,21535
2025-08-28 00:00:00+02:00,28.75,29.399999618530273,28.75,29.200000762939453,7538
2025-08-29 00:00:00+02:00,28.799999237060547,29.25,28.149999618530273,28.899999618530273,16997
2025-09-01 00:00:00+02:00,29.0,29.0,26.450000762939453,27.899999618530273,74188
2025-09-02 00:00:00+02:00,29.049999237060547,29.5,27.200000762939453,27.299999237060547,46069
2025-09-03 00:00:00+02:00,26.700000762939453,28.350000381469727,26.649999618530273,27.799999237060547,24946
2025-09-04 00:00:00+02:00,27.350000381469727,28.0,27.350000381469727,27.799999237060547,6932
2025-09-05 00:00:00+02:00,27.799999237060547,27.950000762939453,27.049999237060547,27.299999237060547,15818
2025-09-08 00:00:00+02:00,27.399999618530273,28.299999237060547,26.649999618530273,28.299999237060547,27850
2025-09-09 00:00:00+02:00,28.399999618530273,29.399999618530273,27.700000762939453,28.399999618530273,45760
2025-09-10 00:00:00+02:00,29.350000381469727,29.549999237060547,27.75,28.299999237060547,44080
2025-09-11 00:00:00+02:00,28.049999237060547,28.75,28.049999237060547,28.5,19070
2025-09-12 00:00:00+02:00,28.950000762939453,29.049999237060547,28.350000381469727,28.649999618530273,29955
2025-09-15 00:00:00+02:00,29.049999237060547,29.149999618530273,28.399999618530273,28.399999618530273,24075
2025-09-16 00:00:00+02:00,28.25,28.350000381469727,27.399999618530273,27.399999618530273,27129
2025-09-17 00:00:00+02:00,28.049999237060547,28.049999237060547,27.350000381469727,27.399999618530273,14153
2025-09-18 00:00:00+02:00,27.950000762939453,28.049999237060547,27.350000381469727,27.799999237060547,40322
2025-09-19 00:00:00+02:00,28.200000762939453,28.200000762939453,27.399999618530273,27.600000381469727,52331
2025-09-22 00:00:00+02:00,28.0,28.399999618530273,27.700000762939453,27.899999618530273,24283
2025-09-23 00:00:00+02:00,27.950000762939453,28.0,27.350000381469727,27.399999618530273,30687
2025-09-24 00:00:00+02:00,27.649999618530273,27.649999618530273,26.700000762939453,27.299999237060547,43952
2025-09-25 00:00:00+02:00,27.299999237060547,27.549999237060547,26.899999618530273,27.350000381469727,12622
2025-09-26 00:00:00+02:00,27.399999618530273,27.399999618530273,26.799999237060547,26.899999618530273,15417
2025-09-29 00:00:00+02:00,26.899999618530273,28.350000381469727,26.899999618530273,27.950000762939453,36001
2025-09-30 00:00:00+02:00,27.950000762939453,28.200000762939453,27.5,27.799999237060547,16810
2025-10-01 00:00:00+02:00,27.799999237060547,28.25,27.649999618530273,28.0,15835
2025-10-02 00:00:00+02:00,28.0,28.299999237060547,27.799999237060547,28.100000381469727,14631
2025-10-03 00:00:00+02:00,28.0,28.399999618530273,27.649999618530273,28.350000381469727,18197
2025-10-06 00:00:00+02:00,28.399999618530273,28.549999237060547,27.799999237060547,28.399999618530273,19848
2025-10-07 00:00:00+02:00,28.399999618530273,28.399999618530273,27.850000381469727,28.149999618530273,11168
2025-10-08 00:00:00+02:00,27.850000381469727,28.75,27.600000381469727,28.149999618530273,55283
2025-10-09 00:00:00+02:00,28.450000762939453,28.450000762939453,27.350000381469727,27.600000381469727,29571
2025-10-10 00:00:00+02:00,27.399999618530273,27.600000381469727,26.700000762939453,26.799999237060547,22827
2025-10-13 00:00:00+02:00,26.399999618530273,26.649999618530273,25.0,26.200000762939453,36046
2025-10-14 00:00:00+02:00,26.149999618530273,26.200000762939453,25.5,25.75,22523
2025-10-15 00:00:00+02:00,25.600000381469727,26.799999237060547,25.600000381469727,26.799999237060547,12211
2025-10-16 00:00:00+02:00,27.0,27.149999618530273,26.450000762939453,27.0,14049
2025-10-17 00:00:00+02:00,26.700000762939453,26.700000762939453,25.899999618530273,26.0,24175
2025-10-20 00:00:00+02:00,26.100000381469727,26.399999618530273,25.549999237060547,25.799999237060547,28461
2025-10-21 00:00:00+02:00,25.799999237060547,25.950000762939453,24.850000381469727,25.600000381469727,65555
2025-10-22 00:00:00+02:00,25.600000381469727,26.200000762939453,25.0,25.5,33042
2025-10-23 00:00:00+02:00,25.5,25.549999237060547,24.850000381469727,24.850000381469727,18897
2025-10-24 00:00:00+02:00,25.0,25.5,24.5,24.649999618530273,22449
2025-10-27 00:00:00+01:00,25.600000381469727,26.200000762939453,24.950000762939453,25.0,55044
2025-10-28 00:00:00+01:00,25.100000381469727,25.5,24.549999237060547,24.649999618530273,24388
2025-10-29 00:00:00+01:00,24.549999237060547,25.549999237060547,24.0,25.0,102355
2025-10-30 00:00:00+01:00,25.0,25.25,23.950000762939453,24.299999237060547,54661
2025-10-31 00:00:00+01:00,24.5,24.5,23.799999237060547,23.799999237060547,36486
2025-11-03 00:00:00+01:00,23.950000762939453,25.0,23.649999618530273,24.899999618530273,72855
2025-11-04 00:00:00+01:00,25.200000762939453,25.850000381469727,24.799999237060547,24.799999237060547,156514
2025-11-05 00:00:00+01:00,24.850000381469727,24.899999618530273,23.950000762939453,24.299999237060547,38738
2025-11-06 00:00:00+01:00,24.299999237060547,24.600000381469727,23.700000762939453,24.0,42780
2025-11-07 00:00:00+01:00,24.0,24.0,22.799999237060547,22.950000762939453,55519
2025-11-10 00:00:00+01:00,23.0,24.100000381469727,22.899999618530273,23.100000381469727,50756
2025-11-12 00:00:00+01:00,23.450000762939453,24.200000762939453,22.399999618530273,24.149999618530273,213044
2025-11-13 00:00:00+01:00,24.25,25.700000762939453,24.149999618530273,24.950000762939453,96748
2025-11-14 00:00:00+01:00,24.950000762939453,25.0,24.100000381469727,24.700000762939453,22001
2025-11-17 00:00:00+01:00,24.700000762939453,24.700000762939453,24.0,24.149999618530273,16691
2025-11-18 00:00:00+01:00,23.950000762939453,24.0,23.299999237060547,23.600000381469727,14353
2025-11-19 00:00:00+01:00,23.950000762939453,24.899999618530273,23.850000381469727,24.700000762939453,23435
2025-11-20 00:00:00+01:00,24.75,24.75,23.75,24.100000381469727,34059
2025-11-21 00:00:00+01:00,23.799999237060547,24.399999618530273,23.149999618530273,23.399999618530273,28958
2025-11-24 00:00:00+01:00,23.399999618530273,24.5,23.149999618530273,24.5,17782
2025-11-25 00:00:00+01:00,24.399999618530273,25.600000381469727,23.850000381469727,25.549999237060547,74461
2025-11-26 00:00:00+01:00,25.399999618530273,28.399999618530273,25.100000381469727,28.149999618530273,150744
2025-11-27 00:00:00+01:00,28.200000762939453,28.950000762939453,28.0,28.5,67446
2025-11-28 00:00:00+01:00,28.5,28.899999618530273,27.5,28.100000381469727,34106
2025-12-01 00:00:00+01:00,28.450000762939453,29.0,28.0,28.100000381469727,26632
2025-12-02 00:00:00+01:00,28.299999237060547,28.700000762939453,27.700000762939453,28.700000762939453,18552
2025-12-03 00:00:00+01:00,28.799999237060547,29.600000381469727,28.350000381469727,29.0,53995
2025-12-04 00:00:00+01:00,29.350000381469727,29.350000381469727,27.799999237060547,28.75,34530
2025-12-05 00:00:00+01:00,29.0,30.899999618530273,28.549999237060547,29.899999618530273,126454
2025-12-08 00:00:00+01:00,30.5,31.899999618530273,28.450000762939453,29.5,128900
2025-12-09 00:00:00+01:00,29.350000381469727,29.399999618530273,28.149999618530273,29.049999237060547,52502
2025-12-10 00:00:00+01:00,29.299999237060547,29.299999237060547,26.600000381469727,27.0,152014
2025-12-11 00:00:00+01:00,27.0,27.0,25.399999618530273,26.0,83754
2025-12-12 00:00:00+01:00,26.0,26.700000762939453,25.799999237060547,26.299999237060547,36809
2025-12-15 00:00:00+01:00,26.299999237060547,26.799999237060547,25.600000381469727,26.350000381469727,34702
2025-12-16 00:00:00+01:00,25.600000381469727,26.200000762939453,25.0,25.200000762939453,36314
2025-12-17 00:00:00+01:00,25.200000762939453,25.75,25.100000381469727,25.5,41976
2025-12-18 00:00:00+01:00,25.399999618530273,25.850000381469727,24.950000762939453,25.299999237060547,28962
2025-12-19 00:00:00+01:00,25.049999237060547,26.0,25.049999237060547,25.600000381469727,58505
2025-12-22 00:00:00+01:00,25.600000381469727,26.5,24.700000762939453,25.799999237060547,64424
2025-12-23 00:00:00+01:00,25.799999237060547,25.799999237060547,25.049999237060547,25.350000381469727,75443
2025-12-29 00:00:00+01:00,25.399999618530273,27.0,25.399999618530273,26.75,33112
2025-12-30 00:00:00+01:00,26.850000381469727,27.350000381469727,26.5,27.100000381469727,35089
2026-01-02 00:00:00+01:00,27.100000381469727,27.450000762939453,26.399999618530273,27.149999618530273,36287
2026-01-05 00:00:00+01:00,27.200000762939453,27.700000762939453,27.049999237060547,27.5,27947
2026-01-07 00:00:00+01:00,27.5,27.899999618530273,27.149999618530273,27.799999237060547,39249
2026-01-08 00:00:00+01:00,27.799999237060547,28.100000381469727,27.399999618530273,27.649999618530273,38034
2026-01-09 00:00:00+01:00,27.75,27.950000762939453,27.049999237060547,27.649999618530273,18002
2026-01-12 00:00:00+01:00,27.899999618530273,28.950000762939453,27.5,27.799999237060547,75388
2026-01-13 00:00:00+01:00,27.799999237060547,28.100000381469727,27.149999618530273,27.5,30393
2026-01-14 00:00:00+01:00,27.75,27.75,26.799999237060547,27.5,32607
2026-01-15 00:00:00+01:00,27.450000762939453,27.5,26.799999237060547,27.200000762939453,21994
2026-01-16 00:00:00+01:00,27.200000762939453,27.5,26.75,27.0,26060
2026-01-19 00:00:00+01:00,27.299999237060547,27.950000762939453,26.25,26.799999237060547,58424
2026-01-20 00:00:00+01:00,26.799999237060547,26.899999618530273,25.899999618530273,26.0,38621
2026-01-21 00:00:00+01:00,26.0,26.75,25.850000381469727,26.649999618530273,28514
2026-01-22 00:00:00+01:00,26.700000762939453,27.450000762939453,26.299999237060547,27.25,42516
2026-01-23 00:00:00+01:00,27.25,27.299999237060547,26.399999618530273,26.899999618530273,29804
2026-01-26 00:00:00+01:00,26.950000762939453,27.049999237060547,26.450000762939453,26.450000762939453,31027
2026-01-27 00:00:00+01:00,26.450000762939453,26.5,26.049999237060547,26.5,28694
2026-01-28 00:00:00+01:00,26.799999237060547,27.299999237060547,26.200000762939453,26.899999618530273,44088
2026-01-29 00:00:00+01:00,26.75,26.899999618530273,26.0,26.200000762939453,42985
2026-01-30 00:00:00+01:00,26.299999237060547,26.299999237060547,25.549999237060547,25.850000381469727,26035
2026-02-02 00:00:00+01:00,25.75,25.75,25.0,25.700000762939453,39743
2026-02-03 00:00:00+01:00,25.950000762939453,25.950000762939453,25.0,25.100000381469727,40843
2026-02-04 00:00:00+01:00,25.450000762939453,25.600000381469727,24.899999618530273,25.350000381469727,28870
2026-02-05 00:00:00+01:00,25.350000381469727,25.350000381469727,24.149999618530273,24.149999618530273,43623
2026-02-06 00:00:00+01:00,24.200000762939453,24.75,24.0,24.75,32738
2026-02-09 00:00:00+01:00,24.549999237060547,25.100000381469727,24.299999237060547,25.0,13075
2026-02-10 00:00:00+01:00,25.049999237060547,25.899999618530273,24.600000381469727,25.649999618530273,22879
2026-02-11 00:00:00+01:00,25.649999618530273,25.899999618530273,25.25,25.700000762939453,19210
2026-02-12 00:00:00+01:00,25.799999237060547,25.799999237060547,24.899999618530273,25.549999237060547,13816
2026-02-13 00:00:00+01:00,25.149999618530273,25.700000762939453,24.899999618530273,25.149999618530273,11720
2026-02-16 00:00:00+01:00,25.0,25.549999237060547,24.950000762939453,25.299999237060547,12377
2026-02-17 00:00:00+01:00,25.5,25.700000762939453,24.899999618530273,25.600000381469727,21004
2026-02-18 00:00:00+01:00,25.25,25.899999618530273,25.149999618530273,25.899999618530273,15712
2026-02-19 00:00:00+01:00,25.899999618530273,25.899999618530273,25.299999237060547,25.5,14845
2026-02-20 00:00:00+01:00,25.399999618530273,26.350000381469727,25.399999618530273,25.600000381469727,20566
2026-02-23 00:00:00+01:00,25.899999618530273,26.799999237060547,25.450000762939453,26.600000381469727,45106
2026-02-24 00:00:00+01:00,26.600000381469727,27.049999237060547,25.5,25.600000381469727,27150
2026-02-25 00:00:00+01:00,25.899999618530273,25.899999618530273,25.25,25.350000381469727,8894
2026-02-26 00:00:00+01:00,25.75,25.75,25.299999237060547,25.549999237060547,15978
2026-02-27 00:00:00+01:00,25.549999237060547,26.600000381469727,25.200000762939453,26.350000381469727,35883
2026-03-02 00:00:00+01:00,25.600000381469727,26.399999618530273,25.350000381469727,25.950000762939453,25184
2026-03-03 00:00:00+01:00,26.0,26.0,24.5,25.0,38783
2026-03-04 00:00:00+01:00,24.899999618530273,25.850000381469727,24.899999618530273,25.600000381469727,17111
2026-03-05 00:00:00+01:00,25.549999237060547,26.049999237060547,25.200000762939453,26.0,16107
2026-03-06 00:00:00+01:00,26.0,26.0,25.0,25.549999237060547,13884
2026-03-09 00:00:00+01:00,25.100000381469727,25.549999237060547,24.5,25.5,21752
2026-03-10 00:00:00+01:00,25.649999618530273,25.899999618530273,25.049999237060547,25.299999237060547,8307
2026-03-11 00:00:00+01:00,25.299999237060547,25.700000762939453,24.799999237060547,25.299999237060547,11504
2026-03-12 00:00:00+01:00,25.600000381469727,25.649999618530273,24.299999237060547,24.600000381469727,38305
2026-03-13 00:00:00+01:00,24.299999237060547,24.649999618530273,23.799999237060547,24.5,8180
2026-03-16 00:00:00+01:00,24.399999618530273,24.399999618530273,23.700000762939453,23.899999618530273,17661
2026-03-17 00:00:00+01:00,23.950000762939453,24.0,23.25,23.299999237060547,31354
2026-03-18 00:00:00+01:00,23.649999618530273,23.850000381469727,23.100000381469727,23.350000381469727,15302
2026-03-19 00:00:00+01:00,23.399999618530273,23.399999618530273,21.5,21.700000762939453,97835
2026-03-20 00:00:00+01:00,22.0,22.399999618530273,20.5,22.0,223318
2026-03-23 00:00:00+01:00,21.700000762939453,22.0,20.899999618530273,21.600000381469727,25496
2026-03-24 00:00:00+01:00,21.600000381469727,21.799999237060547,21.200000762939453,21.799999237060547,12371
2026-03-25 00:00:00+01:00,21.899999618530273,22.149999618530273,21.399999618530273,21.399999618530273,20550
2026-03-26 00:00:00+01:00,21.799999237060547,22.0,21.399999618530273,21.899999618530273,22210
2026-03-27 00:00:00+01:00,21.549999237060547,21.899999618530273,20.799999237060547,20.899999618530273,20456
2026-03-30 00:00:00+02:00,21.149999618530273,21.149999618530273,20.600000381469727,20.700000762939453,12827
2026-03-31 00:00:00+02:00,21.0,22.649999618530273,20.75,22.600000381469727,33275
2026-04-01 00:00:00+02:00,22.600000381469727,23.0,22.25,23.0,20914
2026-04-02 00:00:00+02:00,22.600000381469727,22.899999618530273,22.0,22.899999618530273,10457
2026-04-07 00:00:00+02:00,23.399999618530273,24.100000381469727,22.899999618530273,23.399999618530273,63763
2026-04-08 00:00:00+02:00,23.799999237060547,23.899999618530273,23.0,23.549999237060547,44032
2026-04-09 00:00:00+02:00,23.5,23.5,23.0,23.049999237060547,13043
2026-04-10 00:00:00+02:00,23.350000381469727,24.899999618530273,23.049999237060547,24.0,126580
2026-04-13 00:00:00+02:00,24.200000762939453,24.799999237060547,23.700000762939453,24.5,59723
2026-04-14 00:00:00+02:00,24.5,25.149999618530273,24.350000381469727,25.0,59862
2026-04-15 00:00:00+02:00,25.0,25.5,24.600000381469727,25.450000762939453,44913
2026-04-16 00:00:00+02:00,25.450000762939453,25.75,24.75,25.0,51794
2026-04-17 00:00:00+02:00,25.149999618530273,25.700000762939453,25.0,25.549999237060547,19318
2026-04-20 00:00:00+02:00,25.549999237060547,25.799999237060547,24.75,25.049999237060547,24017
2026-04-21 00:00:00+02:00,25.399999618530273,25.399999618530273,25.0,25.299999237060547,18367
2026-04-22 00:00:00+02:00,25.25,25.299999237060547,24.100000381469727,24.450000762939453,43204
2026-04-23 00:00:00+02:00,24.5,24.649999618530273,23.399999618530273,23.5,16654
2026-04-24 00:00:00+02:00,23.700000762939453,23.950000762939453,23.200000762939453,23.950000762939453,10396
2026-04-27 00:00:00+02:00,23.950000762939453,24.0,23.549999237060547,23.549999237060547,9239
2026-04-28 00:00:00+02:00,23.5,23.899999618530273,23.25,23.899999618530273,18476
2026-04-29 00:00:00+02:00,23.899999618530273,24.149999618530273,23.299999237060547,23.399999618530273,4919
2026-04-30 00:00:00+02:00,24.0,24.049999237060547,23.200000762939453,24.0,10805
2026-05-04 00:00:00+02:00,24.5,24.700000762939453,23.850000381469727,24.299999237060547,20459
2026-05-05 00:00:00+02:00,24.299999237060547,24.5,24.049999237060547,24.200000762939453,10891
2026-05-06 00:00:00+02:00,24.200000762939453,24.350000381469727,23.649999618530273,24.0,24426
2026-05-07 00:00:00+02:00,24.100000381469727,24.100000381469727,23.399999618530273,23.399999618530273,8633
2026-05-08 00:00:00+02:00,23.950000762939453,23.950000762939453,23.100000381469727,23.200000762939453,9937
2026-05-11 00:00:00+02:00,23.5,23.899999618530273,23.049999237060547,23.5,14471
2026-05-12 00:00:00+02:00,23.5,24.0,23.200000762939453,24.0,14525
2026-05-13 00:00:00+02:00,23.450000762939453,23.799999237060547,23.049999237060547,23.350000381469727,20088
2026-05-14 00:00:00+02:00,23.049999237060547,23.149999618530273,22.600000381469727,22.850000381469727,19287
2026-05-15 00:00:00+02:00,22.899999618530273,23.100000381469727,22.600000381469727,22.950000762939453,14332
2026-05-18 00:00:00+02:00,22.950000762939453,22.950000762939453,22.299999237060547,22.5,16549
2026-05-19 00:00:00+02:00,22.899999618530273,22.899999618530273,22.5,22.799999237060547,11016
2026-05-20 00:00:00+02:00,22.399999618530273,22.950000762939453,22.350000381469727,22.649999618530273,4899
2026-05-21 00:00:00+02:00,22.0,22.299999237060547,18.700000762939453,18.959999084472656,248124
2026-05-22 00:00:00+02:00,18.799999237060547,18.799999237060547,16.920000076293945,18.0,246387
2026-05-25 00:00:00+02:00,18.280000686645508,18.280000686645508,17.700000762939453,17.700000762939453,72989
2026-05-26 00:00:00+02:00,17.959999084472656,17.979999542236328,17.299999237060547,17.360000610351562,56211
2026-05-27 00:00:00+02:00,17.399999618530273,17.399999618530273,16.84000015258789,16.959999084472656,98177
2026-05-28 00:00:00+02:00,16.860000610351562,16.959999084472656,16.399999618530273,16.479999542236328,95354
2026-05-29 00:00:00+02:00,16.459999084472656,16.780000686645508,16.360000610351562,16.5,97162
2026-06-01 00:00:00+02:00,16.600000381469727,16.600000381469727,15.880000114440918,15.880000114440918,78354
2026-06-02 00:00:00+02:00,16.0,16.059999465942383,14.760000228881836,14.760000228881836,176168
2026-06-03 00:00:00+02:00,14.720000267028809,14.760000228881836,13.640000343322754,14.279999732971191,195805
2026-06-05 00:00:00+02:00,14.300000190734863,14.699999809265137,14.199999809265137,14.199999809265137,66433
2026-06-08 00:00:00+02:00,14.199999809265137,15.899999618530273,13.880000114440918,15.84000015258789,154289
2026-06-09 00:00:00+02:00,16.0,16.100000381469727,15.199999809265137,15.619999885559082,47384
2026-06-10 00:00:00+02:00,15.699999809265137,15.699999809265137,15.079999923706055,15.399999618530273,15357
2026-06-11 00:00:00+02:00,15.399999618530273,15.800000190734863,15.279999732971191,15.399999618530273,42182
2026-06-12 00:00:00+02:00,15.600000381469727,15.680000305175781,15.199999809265137,15.380000114440918,39513
2026-06-15 00:00:00+02:00,15.380000114440918,15.380000114440918,14.34000015258789,14.739999771118164,66074
2026-06-16 00:00:00+02:00,15.300000190734863,15.300000190734863,14.0,14.359999656677246,51145
2026-06-17 00:00:00+02:00,14.199999809265137,14.899999618530273,14.079999923706055,14.699999809265137,27336
2026-06-18 00:00:00+02:00,14.899999618530273,14.899999618530273,14.100000381469727,14.180000305175781,23020
2026-06-19 00:00:00+02:00,14.180000305175781,14.300000190734863,13.899999618530273,14.300000190734863,44620
2026-06-22 00:00:00+02:00,14.300000190734863,14.300000190734863,14.119999885559082,14.279999732971191,8498
2026-06-23 00:00:00+02:00,14.399999618530273,14.399999618530273,14.039999961853027,14.260000228881836,6046
2026-06-24 00:00:00+02:00,14.279999732971191,14.279999732971191,13.920000076293945,14.0,32617
2026-06-25 00:00:00+02:00,14.0,14.079999923706055,13.880000114440918,14.0,22365
2026-06-26 00:00:00+02:00,14.0,14.079999923706055,13.84000015258789,13.84000015258789,18250
2026-06-29 00:00:00+02:00,13.979999542236328,14.0,13.84000015258789,13.899999618530273,14010
2026-06-30 00:00:00+02:00,13.960000038146973,14.0,13.760000228881836,13.760000228881836,26220
2026-07-01 00:00:00+02:00,13.979999542236328,13.979999542236328,13.720000267028809,13.960000038146973,39042
2026-07-02 00:00:00+02:00,14.100000381469727,16.479999542236328,14.100000381469727,15.300000190734863,181753
2026-07-03 00:00:00+02:00,15.479999542236328,15.760000228881836,15.079999923706055,15.15999984741211,54980
2026-07-06 00:00:00+02:00,15.180000305175781,15.180000305175781,14.380000114440918,14.619999885559082,58624
2026-07-07 00:00:00+02:00,14.619999885559082,15.399999618530273,14.460000038146973,15.239999771118164,37853
2026-07-08 00:00:00+02:00,15.300000190734863,15.300000190734863,14.800000190734863,14.800000190734863,24250
2026-07-09 00:00:00+02:00,14.960000038146973,14.979999542236328,14.600000381469727,14.84000015258789,19460
2026-07-10 00:00:00+02:00,15.0,15.399999618530273,14.84000015258789,15.319999694824219,22163
2026-07-13 00:00:00+02:00,15.319999694824219,16.459999084472656,15.319999694824219,16.0,59206
2026-07-14 00:00:00+02:00,16.040000915527344,16.15999984741211,15.420000076293945,15.579999923706055,29315
2026-07-15 00:00:00+02:00,15.779999732971191,15.779999732971191,15.15999984741211,15.300000190734863,11848
2026-07-16 00:00:00+02:00,15.5600004196167,15.5600004196167,14.699999809265137,14.979999542236328,33661
2026-07-17 00:00:00+02:00,15.15999984741211,15.15999984741211,14.739999771118164,14.899999618530273,22222
2026-07-20 00:00:00+02:00,14.800000190734863,14.960000038146973,14.5,14.579999923706055,26064
2026-07-21 00:00:00+02:00,14.600000381469727,14.899999618530273,14.399999618530273,14.899999618530273,11556
2026-07-22 00:00:00+02:00,14.899999618530273,14.899999618530273,14.300000190734863,14.359999656677246,20803
2026-07-23 00:00:00+02:00,14.819999694824219,15.319999694824219,14.819999694824219,15.119999885559082,32196
2026-07-24 00:00:00+02:00,15.220000267028809,15.260000228881836,14.619999885559082,15.0,16595
2026-07-27 00:00:00+02:00,15.0,15.399999618530273,14.779999732971191,15.020000457763672,17692
2026-07-28 00:00:00+02:00,15.279999732971191,15.279999732971191,14.859999656677246,15.0,16706
2026-07-29 00:00:00+02:00,15.0600004196167,15.199999809265137,14.880000114440918,15.0,13232
2026-07-30 00:00:00+02:00,15.0,15.079999923706055,14.65999984741211,14.920000076293945,18067
2026-07-31 00:00:00+02:00,15.0600004196167,15.0600004196167,14.619999885559082,14.739999771118164,26410
2026-08-03 00:00:00+02:00,14.800000190734863,15.0,14.720000267028809,14.819999694824219,12959
2026-08-04 00:00:00+02:00,14.880000114440918,15.100000381469727,14.65999984741211,15.100000381469727,19491
2026-08-05 00:00:00+02:00,15.300000190734863,16.1200008392334,15.0,16.020000457763672,64271
2026-08-06 00:00:00+02:00,16.200000762939453,16.299999237060547,15.800000190734863,16.0,29490
2026-08-07 00:00:00+02:00,15.800000190734863,15.979999542236328,15.5,15.579999923706055,22997
2026-08-10 00:00:00+02:00,15.699999809265137,16.0,15.579999923706055,15.720000267028809,21454
2026-08-11 00:00:00+02:00,16.940000534057617,17.8799991607666,16.6200008392334,17.440000534057617,256599
2026-08-12 00:00:00+02:00,17.579999923706055,17.84000015258789,17.219999313354492,17.5,59481
2026-08-13 00:00:00+02:00,17.5,17.5,16.6200008392334,17.079999923706055,57021
2026-08-14 00:00:00+02:00,17.0,17.0,16.84000015258789,16.899999618530273,7389
2026-08-17 00:00:00+02:00,17.0,17.280000686645508,16.5,16.520000457763672,20525
2026-08-18 00:00:00+02:00,17.200000762939453,18.399999618530273,17.0,18.219999313354492,140275
2026-08-19 00:00:00+02:00,18.299999237060547,19.579999923706055,18.239999771118164,18.559999465942383,144838
2026-08-20 00:00:00+02:00,18.920000076293945,19.3799991607666,18.299999237060547,18.420000076293945,38418
2026-08-21 00:00:00+02:00,18.600000381469727,18.600000381469727,17.31999969482422,18.100000381469727,64029
