Date,Open,High,Low,Close,Volume
2016-08-22 00:00:00+02:00,223.00340270996094,223.00340270996094,223.00340270996094,223.00340270996094,0
2016-08-23 00:00:00+02:00,219.58010595755516,227.89382934570312,219.58010595755516,227.89382934570312,57
2016-08-24 00:00:00+02:00,227.89382934570312,227.89382934570312,227.89382934570312,227.89382934570312,0
2016-08-25 00:00:00+02:00,227.8449249267578,227.8449249267578,227.8449249267578,227.8449249267578,2
2016-08-26 00:00:00+02:00,222.12313284410706,228.7740996044841,221.04723326113145,228.67630004882812,104
2016-08-29 00:00:00+02:00,228.72520446777344,228.72520446777344,228.72520446777344,228.72520446777344,3
2016-08-30 00:00:00+02:00,222.02531102273318,224.91065899607935,220.16695535837968,221.04722595214844,92
2016-08-31 00:00:00+02:00,220.06914533417802,226.91574096679688,220.06914533417802,226.91574096679688,54
2016-09-01 00:00:00+02:00,226.91574096679688,226.91574096679688,226.91574096679688,226.91574096679688,0
2016-09-02 00:00:00+02:00,220.06915396072705,227.7960205078125,220.06915396072705,227.7960205078125,119
2016-09-05 00:00:00+02:00,227.7960205078125,227.7960205078125,227.7960205078125,227.7960205078125,0
2016-09-06 00:00:00+02:00,223.00340270996094,223.00340270996094,223.00340270996094,223.00340270996094,55
2016-09-07 00:00:00+02:00,224.95957946777344,224.95957946777344,224.95957946777344,224.95957946777344,4
2016-09-08 00:00:00+02:00,223.0034061513385,226.81793212890625,222.02532103663964,226.81793212890625,109
2016-09-09 00:00:00+02:00,226.81793212890625,226.81793212890625,226.81793212890625,226.81793212890625,0
2016-09-12 00:00:00+02:00,225.8887507689171,225.8887507689171,220.06914741114565,223.00340270996094,556
2016-09-13 00:00:00+02:00,220.1669585540786,225.64422607421875,220.06914407584284,225.64422607421875,249
2016-09-14 00:00:00+02:00,225.64422607421875,225.64422607421875,225.64422607421875,225.64422607421875,50
2016-09-15 00:00:00+02:00,223.00340337772164,226.86683654785156,223.00340337772164,226.86683654785156,61
2016-09-16 00:00:00+02:00,223.00340270996094,223.00340270996094,223.00340270996094,223.00340270996094,60
2016-09-19 00:00:00+02:00,222.02531761035584,223.00340270996094,222.02531761035584,223.00340270996094,18
2016-09-20 00:00:00+02:00,223.00339735947645,225.93765258789062,223.00339735947645,225.93765258789062,60
2016-09-21 00:00:00+02:00,223.00340270996094,223.00340270996094,223.00340270996094,223.00340270996094,10
2016-09-22 00:00:00+02:00,223.00340270996094,223.00340270996094,223.00340270996094,223.00340270996094,0
2016-09-23 00:00:00+02:00,225.93765258789062,225.93765258789062,225.93765258789062,225.93765258789062,10
2016-09-26 00:00:00+02:00,224.95957946777344,224.95957946777344,224.95957946777344,224.95957946777344,2
2016-09-27 00:00:00+02:00,223.9814910888672,223.9814910888672,223.9814910888672,223.9814910888672,2
2016-09-28 00:00:00+02:00,223.9814910888672,224.9595762027924,223.9814910888672,223.9814910888672,1804
2016-09-29 00:00:00+02:00,227.60040607573998,238.65277099609375,227.60040607573998,238.65277099609375,137
2016-09-30 00:00:00+02:00,236.69659445502197,239.5330352783203,231.8061689497529,239.5330352783203,185
2016-10-03 00:00:00+02:00,239.5330352783203,239.5330352783203,239.5330352783203,239.5330352783203,0
2016-10-04 00:00:00+02:00,238.65277061396617,239.43524169921875,226.23109250541324,239.43524169921875,16
2016-10-05 00:00:00+02:00,239.43524169921875,239.43524169921875,239.43524169921875,239.43524169921875,0
2016-10-06 00:00:00+02:00,239.43524169921875,239.43524169921875,239.43524169921875,239.43524169921875,0
2016-10-07 00:00:00+02:00,239.43524169921875,239.43524169921875,239.43524169921875,239.43524169921875,0
2016-10-10 00:00:00+02:00,239.43524169921875,239.43524169921875,239.43524169921875,239.43524169921875,0
2016-10-11 00:00:00+02:00,229.84999992442891,229.84999992442891,227.11135864257812,227.11135864257812,8
2016-10-12 00:00:00+02:00,236.69658928948482,236.69658928948482,227.20916700119002,235.22946166992188,21
2016-10-13 00:00:00+02:00,235.22946166992188,235.22946166992188,235.22946166992188,235.22946166992188,0
2016-10-14 00:00:00+02:00,230.8280771891276,234.74041748046875,230.8280771891276,234.74041748046875,296
2016-10-17 00:00:00+02:00,227.20917488600094,237.6746826171875,227.20917488600094,237.6746826171875,11
2016-10-18 00:00:00+02:00,226.03547785962078,233.76234436035156,225.9376633775783,233.76234436035156,12
2016-10-19 00:00:00+02:00,233.76234436035156,233.76234436035156,233.76234436035156,233.76234436035156,0
2016-10-20 00:00:00+02:00,233.76234436035156,233.76234436035156,233.76234436035156,233.76234436035156,0
2016-10-21 00:00:00+02:00,234.15356046701004,234.74041748046875,234.15356046701004,234.74041748046875,364
2016-10-24 00:00:00+02:00,234.74041748046875,234.74041748046875,234.74041748046875,234.74041748046875,0
2016-10-25 00:00:00+02:00,229.84999659779157,229.84999659779157,226.13327026367188,226.13327026367188,10
2016-10-26 00:00:00+02:00,226.91573737009125,226.91573737009125,223.10121154785156,223.10121154785156,63
2016-10-27 00:00:00+02:00,223.10121154785156,223.10121154785156,223.10121154785156,223.10121154785156,0
2016-10-28 00:00:00+02:00,223.10121154785156,223.10121154785156,223.10121154785156,223.10121154785156,0
2016-10-31 00:00:00+01:00,223.1012118368478,225.93765258789062,220.16695660843365,225.93765258789062,119
2016-11-02 00:00:00+01:00,225.93765258789062,225.93765258789062,225.93765258789062,225.93765258789062,0
2016-11-03 00:00:00+01:00,225.93765258789062,225.93765258789062,225.93765258789062,225.93765258789062,0
2016-11-04 00:00:00+01:00,220.06915382716969,224.95957946777344,215.47215670988106,224.95957946777344,118
2016-11-07 00:00:00+01:00,222.02531102273318,222.02531102273318,215.52105127310224,221.04722595214844,86
2016-11-08 00:00:00+01:00,215.6188544712856,220.06914460257198,215.6188544712856,217.62393188476562,2114
2016-11-09 00:00:00+01:00,215.66775765835374,232.68643188476562,215.66775765835374,232.68643188476562,25
2016-11-10 00:00:00+01:00,232.68643188476562,232.68643188476562,232.68643188476562,232.68643188476562,0
2016-11-14 00:00:00+01:00,215.47215358259697,223.9814910888672,215.17872506354053,223.9814910888672,63
2016-11-15 00:00:00+01:00,220.06915283203125,220.06915283203125,217.7217545049141,220.06915283203125,94
2016-11-16 00:00:00+01:00,223.9814910888672,223.9814910888672,223.9814910888672,223.9814910888672,40
2016-11-17 00:00:00+01:00,223.78587341308594,223.78587341308594,223.78587341308594,223.78587341308594,4
2016-11-18 00:00:00+01:00,223.5902630130549,223.9814910888672,217.1348952913909,223.9814910888672,622
2016-11-21 00:00:00+01:00,220.06915283203125,220.06915283203125,220.06915283203125,220.06915283203125,100
2016-11-22 00:00:00+01:00,223.9814910888672,223.9814910888672,223.9814910888672,223.9814910888672,10
2016-11-23 00:00:00+01:00,223.98148649478478,232.58863830566406,223.98148649478478,232.58863830566406,264
2016-11-24 00:00:00+01:00,224.95956873489638,232.5886353551325,221.0472284090721,230.8280792236328,2328
2016-11-25 00:00:00+01:00,231.80616604140883,231.80616604140883,222.26983642578125,222.26983642578125,40
2016-11-28 00:00:00+01:00,220.60709475973013,222.26983642578125,220.60709475973013,222.26983642578125,6304
2016-11-29 00:00:00+01:00,220.06914741114565,224.95957290917113,220.06914741114565,223.00340270996094,1608
2016-11-30 00:00:00+01:00,223.00340579402052,223.00340579402052,221.14505004882812,221.14505004882812,5847
2016-12-01 00:00:00+01:00,223.9814943396527,224.95957946777344,223.9814943396527,224.95957946777344,8
2016-12-02 00:00:00+01:00,224.95957455958526,224.95957455958526,223.49244689941406,223.49244689941406,91
2016-12-05 00:00:00+01:00,230.82808796157187,230.82808796157187,228.87191772460938,228.87191772460938,102
2016-12-06 00:00:00+01:00,230.7791748046875,230.7791748046875,220.06914601675112,230.7791748046875,207
2016-12-07 00:00:00+01:00,221.04722595214844,222.02531102273318,220.0691408815637,221.04722595214844,358
2016-12-08 00:00:00+01:00,215.27653122774336,225.93765258789062,215.27653122774336,225.93765258789062,52
2016-12-09 00:00:00+01:00,225.93765258789062,225.93765258789062,225.93765258789062,225.93765258789062,0
2016-12-12 00:00:00+01:00,220.06914850979916,227.89382934570312,220.06914850979916,227.89382934570312,22
2016-12-13 00:00:00+01:00,223.9814824356145,225.93765258789062,223.9814824356145,225.93765258789062,3482
2016-12-14 00:00:00+01:00,225.93765258789062,225.93765258789062,225.93765258789062,225.93765258789062,0
2016-12-15 00:00:00+01:00,220.26475524902344,227.40477926013438,220.26475524902344,220.26475524902344,14
2016-12-16 00:00:00+01:00,220.36257030572705,226.9157373210688,220.06914179845035,226.72012329101562,76
2016-12-19 00:00:00+01:00,226.72012329101562,226.72012329101562,226.72012329101562,226.72012329101562,0
2016-12-20 00:00:00+01:00,226.72012329101562,226.72012329101562,226.72012329101562,226.72012329101562,0
2016-12-21 00:00:00+01:00,226.72012329101562,226.72012329101562,226.72012329101562,226.72012329101562,0
2016-12-22 00:00:00+01:00,221.14504135033366,226.72012329101562,221.14504135033366,226.72012329101562,33
2016-12-23 00:00:00+01:00,226.72013040838405,230.7302703857422,226.72013040838405,230.7302703857422,138
2016-12-27 00:00:00+01:00,224.95957447765622,228.9208221435547,224.95957447765622,228.9208221435547,75
2016-12-28 00:00:00+01:00,229.84999289244283,229.84999289244283,222.12312676070974,225.93765258789062,264
2016-12-29 00:00:00+01:00,230.8280889918116,234.54481544350782,225.9376633775783,233.76234436035156,288
2016-12-30 00:00:00+01:00,230.8280813282934,240.80454626523064,226.91574096679688,226.91574096679688,2307
2017-01-02 00:00:00+01:00,226.91574096679688,226.91574096679688,226.91574096679688,226.91574096679688,0
2017-01-03 00:00:00+01:00,228.87191343701573,236.69659423828125,228.87191343701573,236.69659423828125,128
2017-01-04 00:00:00+01:00,236.6966007420274,244.0322391947762,228.23617036294831,238.65277099609375,680
2017-01-05 00:00:00+01:00,238.65277118011934,243.29867553710938,238.65277118011934,243.29867553710938,19
2017-01-09 00:00:00+01:00,243.15196186908295,243.298668664349,236.69659423828125,236.69659423828125,45
2017-01-10 00:00:00+01:00,236.69659212934292,244.03223031516967,236.69659212934292,240.6089324951172,21798
2017-01-11 00:00:00+01:00,235.7185162442711,237.67468650355966,232.78426085533826,234.2513885498047,9074
2017-01-12 00:00:00+01:00,235.71850703789937,242.5651026780043,235.27837173162857,240.6089324951172,1741
2017-01-13 00:00:00+01:00,239.6308429651611,252.83499145507812,236.69658774517953,252.83499145507812,4507
2017-01-16 00:00:00+01:00,252.83499462551856,252.83499462551856,246.4774415691709,252.0036163330078,167
2017-01-17 00:00:00+01:00,251.8569070641721,251.8569070641721,246.47743914629658,251.27005004882812,92
2017-01-18 00:00:00+01:00,250.38978576660156,250.38978576660156,250.38978576660156,250.38978576660156,20
2017-01-19 00:00:00+01:00,244.52127426216632,248.33580017089844,242.07606151954465,248.33580017089844,97
2017-01-20 00:00:00+01:00,244.42346300018596,249.3138885498047,241.58702215116483,249.3138885498047,2278
2017-01-23 00:00:00+01:00,244.52127070228195,244.52127070228195,239.0928955078125,239.0928955078125,376
2017-01-24 00:00:00+01:00,239.04399771675577,248.43362085259594,239.04399771675577,244.6190948486328,3062
2017-01-25 00:00:00+01:00,249.4116970066067,250.87882463605732,244.7657928466797,244.7657928466797,541
2017-01-26 00:00:00+01:00,249.4116973876953,249.4116973876953,249.4116973876953,249.4116973876953,5
2017-01-27 00:00:00+01:00,249.4116973876953,250.3897824754902,249.4116973876953,249.4116973876953,458
2017-01-30 00:00:00+01:00,247.4555304646492,250.38978576660156,243.54319006204605,250.38978576660156,76
2017-01-31 00:00:00+01:00,245.01031124685693,250.19416512837577,245.01031124685693,248.43360900878906,285
2017-02-01 00:00:00+01:00,245.49935913085938,245.49935913085938,245.49935913085938,245.49935913085938,2
2017-02-02 00:00:00+01:00,248.43361772809712,248.43361772809712,246.47744750976562,246.47744750976562,802
2017-02-03 00:00:00+01:00,246.47743885911356,249.4116940836268,245.54826102289647,248.43360900878906,124
2017-02-06 00:00:00+01:00,245.59717151505288,249.4116973876953,245.59717151505288,249.4116973876953,12
2017-02-07 00:00:00+01:00,249.4116973876953,249.4116973876953,245.4993570365158,249.4116973876953,111
2017-02-08 00:00:00+01:00,249.4117071462232,252.34596252441406,245.59718112433293,252.34596252441406,1429
2017-02-09 00:00:00+01:00,252.34594319526573,259.1436462402344,252.34594319526573,259.1436462402344,780
2017-02-10 00:00:00+01:00,258.21445696541434,261.1487121582031,257.2363719011514,261.1487121582031,72
2017-02-13 00:00:00+01:00,261.1487121582031,261.1487121582031,261.1487121582031,261.1487121582031,1
2017-02-14 00:00:00+01:00,261.14871546047834,262.1268005371094,259.19254530721634,262.1268005371094,141
2017-02-15 00:00:00+01:00,262.1268005371094,262.1268005371094,257.334189631375,262.1268005371094,420
2017-02-16 00:00:00+01:00,259.68159755129653,266.03915078701567,259.1925549947028,265.0610656738281,4727
2017-02-17 00:00:00+01:00,265.06107353441644,266.0391586766099,258.2144775390625,258.2144775390625,292
2017-02-21 00:00:00+01:00,280.7104313310044,280.7104313310044,275.3309631347656,275.3309631347656,117
2017-02-22 00:00:00+01:00,275.82000732421875,275.82000732421875,275.82000732421875,275.82000732421875,36
2017-02-23 00:00:00+01:00,278.7542659907796,280.6126217942935,276.798095703125,276.798095703125,128
2017-02-24 00:00:00+01:00,278.9498675612825,278.9498675612825,277.7761535644531,277.7761535644531,166
2017-02-27 00:00:00+01:00,277.7761535644531,278.85205308674887,277.7761535644531,277.7761535644531,108
2017-02-28 00:00:00+01:00,277.77616018015186,279.7323303222656,275.81999003803816,279.7323303222656,134
2017-03-01 00:00:00+01:00,273.8638231230945,280.7104187011719,273.8638231230945,280.7104187011719,132
2017-03-02 00:00:00+01:00,278.7542452512088,285.11179821307843,278.7542452512088,279.7323303222656,167
2017-03-03 00:00:00+01:00,279.73234893877463,283.546875,279.73234893877463,283.546875,81
2017-03-06 00:00:00+01:00,283.54685196469796,288.53509172357485,283.54685196469796,286.530029296875,1506
2017-03-07 00:00:00+01:00,286.5789391879378,289.02415197964376,283.6446838378906,283.6446838378906,375
2017-03-08 00:00:00+01:00,283.6446739489193,293.42552477474413,280.7104187011719,280.7104187011719,156
2017-03-09 00:00:00+01:00,280.7104380741054,286.5789489746094,280.7104380741054,286.5789489746094,28
2017-03-10 00:00:00+01:00,286.5789489746094,286.5789489746094,286.5789489746094,286.5789489746094,0
2017-03-13 00:00:00+01:00,272.3967018523431,282.6665954589844,272.3967018523431,282.6665954589844,321
2017-03-14 00:00:00+01:00,282.6665954589844,282.6665954589844,282.6665954589844,282.6665954589844,0
2017-03-15 00:00:00+01:00,274.3039829130895,283.6446838378906,274.255060747982,283.6446838378906,1242
2017-03-16 00:00:00+01:00,286.0898954971977,296.3597891817125,286.0898954971977,292.44744873046875,89
2017-03-17 00:00:00+01:00,291.4204744469447,292.4474518869652,285.1118134617069,292.3985595703125,121
2017-03-20 00:00:00+01:00,293.1809997558594,293.2298920698483,293.1809997558594,293.1809997558594,204
2017-03-21 00:00:00+01:00,292.39854651840557,292.39854651840557,289.51318359375,289.51318359375,61
2017-03-22 00:00:00+01:00,289.5131775973136,289.5131775973136,278.7542419433594,278.7542419433594,404
2017-03-23 00:00:00+01:00,287.45921963992697,287.55703412469336,286.5789489746094,286.5789489746094,3030
2017-03-24 00:00:00+01:00,286.18770843579324,289.5131918316696,279.830155236787,280.0746765136719,200
2017-03-27 00:00:00+02:00,280.7104187011719,280.7104187011719,280.7104187011719,280.7104187011719,424
2017-03-28 00:00:00+02:00,280.7104187011719,280.7104187011719,280.7104187011719,280.7104187011719,10
2017-03-29 00:00:00+02:00,285.3074502190162,286.5789489746094,285.3074502190162,286.5789489746094,634
2017-03-30 00:00:00+02:00,286.5789307239009,299.2940368652344,286.5789307239009,299.2940368652344,773
2017-03-31 00:00:00+02:00,293.42552548363096,308.19461623606463,293.42552548363096,308.0968017578125,813
2017-04-03 00:00:00+02:00,317.8776594521343,338.95538154706037,303.2063828620358,337.4393615722656,16456
2017-04-04 00:00:00+02:00,325.70232751572235,336.46126325948495,324.4308288673381,333.5270080566406,8546
2017-04-05 00:00:00+02:00,336.4612731933594,336.4612731933594,332.5489328073901,336.4612731933594,123
2017-04-06 00:00:00+02:00,336.7547011088283,354.0668199927406,331.57086181640625,331.57086181640625,2350
2017-04-07 00:00:00+02:00,333.5270254086087,334.505110527109,322.7680891051052,325.9957580566406,80
2017-04-10 00:00:00+02:00,340.37362403256856,340.37362403256856,326.1913896978782,333.1846923828125,22
2017-04-11 00:00:00+02:00,325.70233328683037,339.8845670185392,308.0968017578125,308.0968017578125,95
2017-04-12 00:00:00+02:00,305.2603790608587,332.0599060058594,305.2603790608587,332.0599060058594,35
2017-04-13 00:00:00+02:00,331.5708444667627,335.4831848144531,331.5708444667627,335.4831848144531,523
2017-04-18 00:00:00+02:00,328.6365966796875,328.6365966796875,328.5877043637447,328.6365966796875,39
2017-04-19 00:00:00+02:00,332.45111262320063,332.45111262320063,321.88780570186276,325.70233154296875,127
2017-04-20 00:00:00+02:00,313.9653306440874,332.5489483457623,313.9653306440874,322.7680969238281,1898
2017-04-21 00:00:00+02:00,332.5489284724913,332.5489284724913,322.7680776350651,332.4022216796875,1505
2017-04-24 00:00:00+02:00,332.54894879622583,365.8038436758484,332.54894879622583,341.3517150878906,1931
2017-04-25 00:00:00+02:00,342.32979134337546,357.0010681152344,342.32979134337546,357.0010681152344,712
2017-04-26 00:00:00+02:00,357.0010681152344,358.66382475556065,352.1106425246147,357.0010681152344,648
2017-04-27 00:00:00+02:00,357.9791383768449,370.79205886227646,357.9791383768449,370.6942443847656,7729
2017-04-28 00:00:00+02:00,362.8695637645067,370.6942443847656,361.8914786869744,370.6942443847656,1316
2017-05-02 00:00:00+02:00,380.4750985396536,381.4531836258738,371.6723327636719,371.6723327636719,53
2017-05-04 00:00:00+02:00,366.78191379726866,381.45319034915946,366.78191379726866,373.6285095214844,888
2017-05-05 00:00:00+02:00,378.5189242018867,379.49700927734375,378.5189242018867,379.49700927734375,8
2017-05-08 00:00:00+02:00,381.4531836258738,386.34360905697474,371.6723327636719,371.6723327636719,2522
2017-05-09 00:00:00+02:00,376.5627581947728,376.5627581947728,370.7431399922475,371.6723327636719,1637
2017-05-10 00:00:00+02:00,371.6723327636719,376.5627581947728,371.6723327636719,371.6723327636719,3716
2017-05-11 00:00:00+02:00,371.67235091969934,386.3436279296875,371.67235091969934,386.3436279296875,83
2017-05-12 00:00:00+02:00,381.4531827401992,381.4531827401992,373.62850206860537,380.47509765625,15
2017-05-15 00:00:00+02:00,383.40936279296875,386.2947258045232,379.4970223563058,383.40936279296875,2094
2017-05-16 00:00:00+02:00,384.3874413123498,384.3874413123498,377.5408456655649,381.45318603515625,3117
2017-05-17 00:00:00+02:00,381.45318603515625,381.45318603515625,381.45318603515625,381.45318603515625,14
2017-05-18 00:00:00+02:00,363.8476536834757,385.2677111966969,361.89148350238173,372.161376953125,70
2017-05-19 00:00:00+02:00,371.6723327636719,371.6723327636719,371.6723327636719,371.6723327636719,7
2017-05-22 00:00:00+02:00,364.8257543685588,373.5796282426553,350.1544773832281,367.760009765625,37
2017-05-23 00:00:00+02:00,367.760009765625,367.760009765625,367.760009765625,367.760009765625,0
2017-05-24 00:00:00+02:00,367.760009765625,367.760009765625,367.760009765625,367.760009765625,0
2017-05-25 00:00:00+02:00,366.7330258065725,366.7330258065725,355.142711224134,365.8038330078125,14
2017-05-26 00:00:00+02:00,365.80383626302086,367.76000651041664,365.80383626302086,366.78192138671875,183
2017-05-29 00:00:00+02:00,367.66219528263156,367.760009765625,364.8257543685588,367.760009765625,356
2017-05-30 00:00:00+02:00,378.0,378.0,370.0,370.0,37
2017-05-31 00:00:00+02:00,368.0,382.0,368.0,376.0,808
2017-06-01 00:00:00+02:00,375.8999938964844,375.8999938964844,375.8999938964844,375.8999938964844,6
2017-06-02 00:00:00+02:00,368.0,376.0,367.0,375.1000061035156,14
2017-06-05 00:00:00+02:00,375.1000061035156,375.1000061035156,375.1000061035156,375.1000061035156,0
2017-06-06 00:00:00+02:00,375.1000061035156,375.1000061035156,375.1000061035156,375.1000061035156,12
2017-06-07 00:00:00+02:00,372.0,372.0,361.0,368.0,28
2017-06-08 00:00:00+02:00,372.0,372.0,358.0,372.0,76
2017-06-09 00:00:00+02:00,372.0,376.0,372.0,376.0,11
2017-06-12 00:00:00+02:00,375.8999938964844,376.0,370.0,370.0,303
2017-06-13 00:00:00+02:00,375.8999938964844,376.0,375.0,375.0,47
2017-06-14 00:00:00+02:00,375.8999938964844,375.8999938964844,370.0,370.0,68
2017-06-15 00:00:00+02:00,370.0,370.0,370.0,370.0,0
2017-06-16 00:00:00+02:00,376.0,376.0,375.0,376.0,13
2017-06-19 00:00:00+02:00,376.0,376.0,376.0,376.0,58
2017-06-20 00:00:00+02:00,376.0,376.0,376.0,376.0,30
2017-06-21 00:00:00+02:00,375.6000061035156,375.6000061035156,367.0,367.0,11
2017-06-22 00:00:00+02:00,356.1000061035156,375.0,356.1000061035156,375.0,148
2017-06-23 00:00:00+02:00,374.45001220703125,374.45001220703125,370.0,370.0,26
2017-06-26 00:00:00+02:00,370.0,370.0,370.0,370.0,596
2017-06-27 00:00:00+02:00,370.0,370.0,370.0,370.0,70
2017-06-28 00:00:00+02:00,369.95001220703125,369.95001220703125,369.95001220703125,369.95001220703125,6
2017-06-29 00:00:00+02:00,369.95001220703125,369.95001220703125,369.95001220703125,369.95001220703125,0
2017-06-30 00:00:00+02:00,369.95001220703125,374.8500061035156,368.0,374.8500061035156,30
2017-07-03 00:00:00+02:00,374.8500061035156,374.8500061035156,374.8500061035156,374.8500061035156,6
2017-07-04 00:00:00+02:00,374.0,374.0,374.0,374.0,30
2017-07-05 00:00:00+02:00,370.0,370.0,348.0,352.0,323
2017-07-06 00:00:00+02:00,350.29998779296875,363.0,350.29998779296875,359.0,406
2017-07-07 00:00:00+02:00,364.0,364.0,359.0,359.70001220703125,20
2017-07-10 00:00:00+02:00,359.70001220703125,359.95001220703125,359.70001220703125,359.95001220703125,38
2017-07-11 00:00:00+02:00,359.0,359.0,351.0,352.0,3186
2017-07-12 00:00:00+02:00,352.0,359.95001220703125,352.0,359.95001220703125,523
2017-07-13 00:00:00+02:00,359.95001220703125,359.95001220703125,358.0,359.95001220703125,29
2017-07-14 00:00:00+02:00,359.0,359.95001220703125,358.0,358.0,5
2017-07-17 00:00:00+02:00,358.0,358.0,356.0,356.0,30
2017-07-18 00:00:00+02:00,356.0,356.0,356.0,356.0,0
2017-07-19 00:00:00+02:00,359.0,359.8999938964844,340.1000061035156,357.5,550
2017-07-20 00:00:00+02:00,353.0,355.5,341.0,355.5,376
2017-07-21 00:00:00+02:00,359.0,359.0,358.45001220703125,358.45001220703125,251
2017-07-24 00:00:00+02:00,353.0,353.0,346.0,349.95001220703125,28
2017-07-25 00:00:00+02:00,350.0,350.0,330.0,348.0,485
2017-07-26 00:00:00+02:00,348.0,348.0,348.0,348.0,0
2017-07-27 00:00:00+02:00,348.0,348.0,348.0,348.0,0
2017-07-28 00:00:00+02:00,347.29998779296875,347.29998779296875,340.0,346.0,30
2017-07-31 00:00:00+02:00,343.0,348.0,335.5,348.0,137
2017-08-01 00:00:00+02:00,348.0,348.0,348.0,348.0,0
2017-08-02 00:00:00+02:00,348.0,359.0,348.0,348.0,221
2017-08-03 00:00:00+02:00,335.0,349.0,335.0,340.0,507
2017-08-04 00:00:00+02:00,340.0,340.0,336.1000061035156,336.1000061035156,13
2017-08-07 00:00:00+02:00,340.0,340.0,335.0,335.0,372
2017-08-08 00:00:00+02:00,337.0,346.0,337.0,340.0,8
2017-08-09 00:00:00+02:00,340.0,340.1000061035156,340.0,340.0,630
2017-08-10 00:00:00+02:00,340.0,346.0,333.1000061035156,346.0,468
2017-08-11 00:00:00+02:00,345.8999938964844,346.0,345.8999938964844,346.0,100
2017-08-14 00:00:00+02:00,340.0,346.0,339.0,345.95001220703125,112
2017-08-15 00:00:00+02:00,345.95001220703125,345.95001220703125,345.95001220703125,345.95001220703125,0
2017-08-16 00:00:00+02:00,342.0,342.0,339.25,342.0,62
2017-08-17 00:00:00+02:00,339.1000061035156,341.0,339.0,341.0,104
2017-08-18 00:00:00+02:00,339.0,339.0,333.0,333.0,884
2017-08-21 00:00:00+02:00,339.1000061035156,346.0,339.0,346.0,1117
2017-08-22 00:00:00+02:00,341.1000061035156,343.0,339.0,343.0,70
2017-08-23 00:00:00+02:00,335.5,339.0,335.5,338.6000061035156,64
2017-08-24 00:00:00+02:00,335.1000061035156,335.20001220703125,335.0,335.0,103
2017-08-25 00:00:00+02:00,335.20001220703125,343.0,335.20001220703125,343.0,40
2017-08-28 00:00:00+02:00,343.0,343.0,343.0,343.0,10
2017-08-29 00:00:00+02:00,342.8999938964844,342.8999938964844,342.8999938964844,342.8999938964844,1
2017-08-30 00:00:00+02:00,339.95001220703125,342.8999938964844,338.0,340.0,359
2017-08-31 00:00:00+02:00,340.0,341.8999938964844,338.0,338.0,13
2017-09-01 00:00:00+02:00,338.0,338.0,337.5,338.0,105
2017-09-04 00:00:00+02:00,335.3999938964844,335.3999938964844,333.29998779296875,335.0,56
2017-09-05 00:00:00+02:00,335.0,342.0,333.29998779296875,339.79998779296875,103
2017-09-06 00:00:00+02:00,333.5,339.79998779296875,317.0,333.0,372
2017-09-07 00:00:00+02:00,333.0,337.5,330.0,331.04998779296875,353
2017-09-08 00:00:00+02:00,333.0,334.0,333.0,334.0,3685
2017-09-11 00:00:00+02:00,331.1000061035156,333.0,330.0,333.0,466
2017-09-12 00:00:00+02:00,336.0,336.0,331.0,335.0,39
2017-09-13 00:00:00+02:00,330.04998779296875,335.0,330.0,335.0,467
2017-09-14 00:00:00+02:00,331.0,336.0,331.0,336.0,14
2017-09-15 00:00:00+02:00,331.0,335.8999938964844,331.0,335.8999938964844,15
2017-09-18 00:00:00+02:00,335.8999938964844,335.8999938964844,335.8999938964844,335.8999938964844,0
2017-09-19 00:00:00+02:00,335.8999938964844,335.8999938964844,335.8999938964844,335.8999938964844,0
2017-09-20 00:00:00+02:00,325.20001220703125,329.0,325.20001220703125,329.0,30
2017-09-21 00:00:00+02:00,330.0,333.8999938964844,326.0,333.8999938964844,221
2017-09-22 00:00:00+02:00,325.20001220703125,334.95001220703125,325.20001220703125,334.95001220703125,31
2017-09-25 00:00:00+02:00,330.0,330.0,330.0,330.0,3
2017-09-26 00:00:00+02:00,325.29998779296875,329.8999938964844,325.29998779296875,329.8999938964844,75
2017-09-27 00:00:00+02:00,326.0,330.0,323.0,323.0,1175
2017-09-28 00:00:00+02:00,323.0,323.0,300.0,303.0,822
2017-09-29 00:00:00+02:00,304.0,325.0,304.0,318.0,1306
2017-10-02 00:00:00+02:00,324.8500061035156,324.8500061035156,324.8500061035156,324.8500061035156,12
2017-10-03 00:00:00+02:00,327.0,327.0,325.0,327.0,30
2017-10-04 00:00:00+02:00,317.0,327.0,317.0,327.0,37
2017-10-05 00:00:00+02:00,318.0,327.0,307.20001220703125,327.0,2027
2017-10-06 00:00:00+02:00,327.0,327.0,327.0,327.0,39
2017-10-09 00:00:00+02:00,330.0,330.0,320.0,325.0,446
2017-10-10 00:00:00+02:00,325.0,330.0,325.0,330.0,4
2017-10-11 00:00:00+02:00,330.0,330.0,330.0,330.0,6
2017-10-12 00:00:00+02:00,326.0,329.0,309.04998779296875,310.20001220703125,1331
2017-10-13 00:00:00+02:00,329.0,330.0,325.0,330.0,38
2017-10-16 00:00:00+02:00,329.8500061035156,329.8500061035156,329.8500061035156,329.8500061035156,2
2017-10-17 00:00:00+02:00,320.0,325.0,320.0,325.0,6
2017-10-18 00:00:00+02:00,325.0,329.0,320.0,328.0,20
2017-10-19 00:00:00+02:00,320.0,327.8999938964844,320.0,327.8999938964844,2
2017-10-20 00:00:00+02:00,326.8999938964844,327.0,320.0,320.0,44
2017-10-23 00:00:00+02:00,325.0,328.0,325.0,328.0,20
2017-10-24 00:00:00+02:00,327.0,328.0,320.0,320.0,34
2017-10-25 00:00:00+02:00,314.1000061035156,320.0,314.0,320.0,27
2017-10-26 00:00:00+02:00,310.25,319.0,305.0,319.0,59
2017-10-27 00:00:00+02:00,319.0,319.0,319.0,319.0,0
2017-10-30 00:00:00+01:00,310.0,319.0,305.0,305.04998779296875,133
2017-10-31 00:00:00+01:00,305.04998779296875,314.79998779296875,305.04998779296875,314.79998779296875,19
2017-11-01 00:00:00+01:00,314.79998779296875,314.79998779296875,314.79998779296875,314.79998779296875,0
2017-11-02 00:00:00+01:00,315.0,315.0,315.0,315.0,4
2017-11-03 00:00:00+01:00,307.5,315.0,305.29998779296875,313.95001220703125,18
2017-11-06 00:00:00+01:00,313.95001220703125,313.95001220703125,313.95001220703125,313.95001220703125,0
2017-11-07 00:00:00+01:00,310.0,310.0,305.04998779296875,305.04998779296875,30
2017-11-08 00:00:00+01:00,305.0,315.0,301.0,308.0,3994
2017-11-09 00:00:00+01:00,314.95001220703125,314.95001220703125,314.95001220703125,314.95001220703125,7
2017-11-10 00:00:00+01:00,314.95001220703125,314.95001220703125,314.95001220703125,314.95001220703125,0
2017-11-13 00:00:00+01:00,308.0,308.0,286.1000061035156,305.0,39
2017-11-14 00:00:00+01:00,298.0,307.95001220703125,298.0,306.95001220703125,40
2017-11-15 00:00:00+01:00,306.70001220703125,306.70001220703125,306.70001220703125,306.70001220703125,5
2017-11-16 00:00:00+01:00,288.0,302.8999938964844,288.0,301.0,293
2017-11-17 00:00:00+01:00,301.5,301.5,301.5,301.5,22
2017-11-20 00:00:00+01:00,295.0,298.0,288.0,298.0,131
2017-11-21 00:00:00+01:00,297.0,302.0,297.0,301.0,352
2017-11-22 00:00:00+01:00,301.0,302.0,301.0,301.0,66
2017-11-23 00:00:00+01:00,301.95001220703125,330.0,301.95001220703125,330.0,418
2017-11-24 00:00:00+01:00,315.04998779296875,329.0,315.04998779296875,328.0,235
2017-11-27 00:00:00+01:00,328.0,328.0,328.0,328.0,255
2017-11-28 00:00:00+01:00,328.0,328.0,328.0,328.0,0
2017-11-29 00:00:00+01:00,328.0,328.0,328.0,328.0,0
2017-11-30 00:00:00+01:00,328.0,328.0,328.0,328.0,0
2017-12-01 00:00:00+01:00,324.1000061035156,324.1000061035156,302.04998779296875,324.04998779296875,226
2017-12-04 00:00:00+01:00,324.04998779296875,324.04998779296875,305.0,305.0,15
2017-12-05 00:00:00+01:00,323.95001220703125,326.8999938964844,315.0,326.8999938964844,1051
2017-12-06 00:00:00+01:00,326.8999938964844,326.8999938964844,326.1000061035156,326.1000061035156,24
2017-12-07 00:00:00+01:00,326.0,326.0,310.04998779296875,312.0,48
2017-12-08 00:00:00+01:00,312.0,312.0,312.0,312.0,3
2017-12-11 00:00:00+01:00,308.5,315.0,308.5,315.0,60
2017-12-12 00:00:00+01:00,317.0,317.0,317.0,317.0,2
2017-12-13 00:00:00+01:00,318.0,318.0,312.0,312.0,52
2017-12-14 00:00:00+01:00,313.0,313.0,313.0,313.0,20
2017-12-15 00:00:00+01:00,312.5,312.5,312.0,312.0,21
2017-12-18 00:00:00+01:00,316.0,316.0,312.0,312.0,83
2017-12-19 00:00:00+01:00,312.1000061035156,312.1000061035156,312.0,312.0,10
2017-12-20 00:00:00+01:00,315.0,315.0,315.0,315.0,73
2017-12-21 00:00:00+01:00,319.0,319.0,311.0,311.0,962
2017-12-22 00:00:00+01:00,315.0,317.8999938964844,314.04998779296875,315.20001220703125,215
2017-12-25 00:00:00+01:00,315.20001220703125,315.20001220703125,315.20001220703125,315.20001220703125,0
2017-12-26 00:00:00+01:00,315.20001220703125,315.20001220703125,315.20001220703125,315.20001220703125,0
2017-12-27 00:00:00+01:00,318.0,318.0,315.0,318.0,67
2017-12-28 00:00:00+01:00,318.0,318.0,318.0,318.0,491
2017-12-29 00:00:00+01:00,317.0,317.0,317.0,317.0,35
2018-01-01 00:00:00+01:00,317.0,317.0,317.0,317.0,0
2018-01-02 00:00:00+01:00,317.0,317.0,317.0,317.0,0
2018-01-03 00:00:00+01:00,340.0,340.0,311.0,312.0,108
2018-01-04 00:00:00+01:00,312.0,330.0,312.0,330.0,17
2018-01-05 00:00:00+01:00,330.0,330.0,322.0,322.0,13
2018-01-08 00:00:00+01:00,322.0,334.0,322.0,334.0,7
2018-01-09 00:00:00+01:00,325.0,330.0,325.0,330.0,22
2018-01-10 00:00:00+01:00,315.0,334.0,302.0,310.0,1323
2018-01-11 00:00:00+01:00,302.0,311.0,302.0,310.0,89
2018-01-12 00:00:00+01:00,304.0,310.0,304.0,310.0,2422
2018-01-15 00:00:00+01:00,309.0,312.0,309.0,312.0,37
2018-01-16 00:00:00+01:00,312.0,312.0,310.0,310.0,45
2018-01-17 00:00:00+01:00,310.0,312.0,310.0,310.0,25
2018-01-18 00:00:00+01:00,311.0,311.0,306.0,310.0,378
2018-01-19 00:00:00+01:00,310.0,310.0,305.0,310.0,74
2018-01-22 00:00:00+01:00,310.0,310.0,310.0,310.0,12
2018-01-23 00:00:00+01:00,310.0,310.0,310.0,310.0,50
2018-01-24 00:00:00+01:00,304.0,311.0,304.0,311.0,391
2018-01-25 00:00:00+01:00,311.0,311.0,311.0,311.0,0
2018-01-26 00:00:00+01:00,311.0,311.0,310.0,310.0,115
2018-01-29 00:00:00+01:00,311.0,314.0,311.0,314.0,96
2018-01-30 00:00:00+01:00,314.0,314.0,314.0,314.0,0
2018-01-31 00:00:00+01:00,320.0,320.0,320.0,320.0,0
2018-02-01 00:00:00+01:00,324.0,324.0,311.0,311.0,9
2018-02-02 00:00:00+01:00,311.0,324.0,311.0,324.0,15
2018-02-05 00:00:00+01:00,324.0,324.0,324.0,324.0,0
2018-02-06 00:00:00+01:00,311.0,311.0,300.0,310.0,224
2018-02-07 00:00:00+01:00,310.0,311.0,310.0,311.0,8
2018-02-08 00:00:00+01:00,311.0,317.0,310.0,317.0,4
2018-02-09 00:00:00+01:00,317.0,318.0,317.0,318.0,100
2018-02-12 00:00:00+01:00,311.0,317.0,310.0,317.0,17
2018-02-13 00:00:00+01:00,310.0,317.0,310.0,317.0,2246
2018-02-14 00:00:00+01:00,310.0,310.0,310.0,310.0,371
2018-02-15 00:00:00+01:00,310.0,310.0,310.0,310.0,1
2018-02-16 00:00:00+01:00,317.0,317.0,317.0,317.0,10
2018-02-19 00:00:00+01:00,311.0,311.0,310.0,310.0,2298
2018-02-20 00:00:00+01:00,317.0,317.0,310.0,310.0,755
2018-02-21 00:00:00+01:00,317.0,317.0,310.0,310.0,101
2018-02-22 00:00:00+01:00,312.0,312.0,310.0,310.0,102
2018-02-23 00:00:00+01:00,310.0,310.0,310.0,310.0,119
2018-02-26 00:00:00+01:00,308.0,308.0,308.0,308.0,10
2018-02-27 00:00:00+01:00,308.0,308.0,308.0,308.0,0
2018-02-28 00:00:00+01:00,308.0,308.0,308.0,308.0,61
2018-03-01 00:00:00+01:00,308.0,308.0,306.0,306.0,80
2018-03-02 00:00:00+01:00,306.0,306.0,306.0,306.0,0
2018-03-05 00:00:00+01:00,306.0,306.0,306.0,306.0,0
2018-03-06 00:00:00+01:00,300.0,300.0,298.0,298.0,56
2018-03-07 00:00:00+01:00,297.0,300.0,290.0,300.0,114
2018-03-08 00:00:00+01:00,300.0,300.0,300.0,300.0,4
2018-03-09 00:00:00+01:00,302.0,302.0,300.0,300.0,117
2018-03-12 00:00:00+01:00,298.0,300.0,298.0,300.0,38
2018-03-13 00:00:00+01:00,302.0,302.0,302.0,302.0,5
2018-03-14 00:00:00+01:00,298.0,298.0,298.0,298.0,3
2018-03-15 00:00:00+01:00,298.0,298.0,298.0,298.0,17
2018-03-16 00:00:00+01:00,294.0,295.0,293.0,295.0,75
2018-03-19 00:00:00+01:00,293.0,293.0,293.0,293.0,1
2018-03-20 00:00:00+01:00,293.0,308.0,290.0,308.0,410
2018-03-21 00:00:00+01:00,304.0,304.0,304.0,304.0,10
2018-03-22 00:00:00+01:00,296.0,300.0,295.0,295.0,141
2018-03-23 00:00:00+01:00,294.0,294.0,294.0,294.0,80
2018-03-26 00:00:00+02:00,296.0,296.0,296.0,296.0,5
2018-03-27 00:00:00+02:00,290.0,298.0,290.0,298.0,32
2018-03-28 00:00:00+02:00,298.0,298.0,298.0,298.0,0
2018-03-29 00:00:00+02:00,298.0,298.0,298.0,298.0,0
2018-03-30 00:00:00+02:00,298.0,298.0,298.0,298.0,0
2018-04-02 00:00:00+02:00,298.0,298.0,298.0,298.0,0
2018-04-03 00:00:00+02:00,304.0,304.0,292.0,292.0,16
2018-04-04 00:00:00+02:00,299.0,300.0,299.0,300.0,213
2018-04-05 00:00:00+02:00,291.0,300.0,290.0,300.0,37
2018-04-06 00:00:00+02:00,300.0,308.0,300.0,303.0,19521
2018-04-09 00:00:00+02:00,302.0,308.0,302.0,308.0,11560
2018-04-10 00:00:00+02:00,303.0,312.0,303.0,312.0,9335
2018-04-11 00:00:00+02:00,312.0,312.0,312.0,312.0,22
2018-04-12 00:00:00+02:00,312.0,315.0,312.0,315.0,10
2018-04-13 00:00:00+02:00,313.0,313.0,305.0,306.0,6
2018-04-16 00:00:00+02:00,308.0,308.0,306.0,306.0,11
2018-04-17 00:00:00+02:00,310.0,310.0,310.0,310.0,21
2018-04-18 00:00:00+02:00,314.0,314.0,314.0,314.0,16
2018-04-19 00:00:00+02:00,314.0,314.0,314.0,314.0,0
2018-04-20 00:00:00+02:00,314.0,314.0,308.0,308.0,68
2018-04-23 00:00:00+02:00,310.0,310.0,308.0,308.0,23
2018-04-24 00:00:00+02:00,308.0,308.0,307.0,308.0,731
2018-04-25 00:00:00+02:00,308.0,308.0,308.0,308.0,0
2018-04-26 00:00:00+02:00,300.0,301.0,300.0,301.0,11
2018-04-27 00:00:00+02:00,305.0,305.0,300.0,305.0,3626
2018-04-30 00:00:00+02:00,310.0,310.0,310.0,310.0,5
2018-05-01 00:00:00+02:00,310.0,310.0,310.0,310.0,0
2018-05-02 00:00:00+02:00,310.0,310.0,310.0,310.0,0
2018-05-03 00:00:00+02:00,310.0,310.0,310.0,310.0,0
2018-05-04 00:00:00+02:00,310.0,310.0,310.0,310.0,0
2018-05-07 00:00:00+02:00,310.0,310.0,310.0,310.0,0
2018-05-08 00:00:00+02:00,310.0,310.0,310.0,310.0,185
2018-05-09 00:00:00+02:00,306.0,322.0,306.0,320.0,48
2018-05-10 00:00:00+02:00,320.0,320.0,320.0,320.0,0
2018-05-11 00:00:00+02:00,320.0,320.0,320.0,320.0,0
2018-05-14 00:00:00+02:00,324.0,334.0,324.0,332.0,70
2018-05-15 00:00:00+02:00,325.0,325.0,324.0,324.0,28
2018-05-16 00:00:00+02:00,315.0,317.0,311.0,317.0,27
2018-05-17 00:00:00+02:00,317.0,334.0,313.0,334.0,4
2018-05-18 00:00:00+02:00,334.0,334.0,334.0,334.0,0
2018-05-21 00:00:00+02:00,333.0,333.0,315.0,315.0,10
2018-05-22 00:00:00+02:00,315.0,315.0,315.0,315.0,0
2018-05-23 00:00:00+02:00,329.0,329.0,329.0,329.0,1
2018-05-24 00:00:00+02:00,314.0,314.0,314.0,314.0,13
2018-05-25 00:00:00+02:00,320.0,320.0,320.0,320.0,3
2018-05-28 00:00:00+02:00,320.0,320.0,320.0,320.0,10
2018-05-29 00:00:00+02:00,320.0,320.0,315.0,320.0,4966
2018-05-30 00:00:00+02:00,301.0,320.0,301.0,320.0,428
2018-05-31 00:00:00+02:00,320.0,320.0,320.0,320.0,0
2018-06-01 00:00:00+02:00,315.0,315.0,315.0,315.0,17
2018-06-04 00:00:00+02:00,316.0,316.0,316.0,316.0,2
2018-06-05 00:00:00+02:00,305.0,305.0,305.0,305.0,4
2018-06-06 00:00:00+02:00,305.0,305.0,305.0,305.0,1000
2018-06-07 00:00:00+02:00,305.0,305.0,305.0,305.0,0
2018-06-08 00:00:00+02:00,305.0,305.0,305.0,305.0,33
2018-06-11 00:00:00+02:00,305.0,305.0,305.0,305.0,8
2018-06-12 00:00:00+02:00,306.0,306.0,306.0,306.0,200
2018-06-13 00:00:00+02:00,310.0,310.0,310.0,310.0,9
2018-06-14 00:00:00+02:00,310.0,310.0,310.0,310.0,2500
2018-06-15 00:00:00+02:00,310.0,310.0,310.0,310.0,0
2018-06-18 00:00:00+02:00,306.0,306.0,305.0,305.0,29
2018-06-19 00:00:00+02:00,305.0,305.0,305.0,305.0,12
2018-06-20 00:00:00+02:00,305.0,305.0,305.0,305.0,20
2018-06-21 00:00:00+02:00,305.0,305.0,305.0,305.0,14
2018-06-22 00:00:00+02:00,305.0,305.0,305.0,305.0,0
2018-06-25 00:00:00+02:00,305.0,305.0,305.0,305.0,38
2018-06-26 00:00:00+02:00,306.0,310.0,306.0,306.0,113
2018-06-27 00:00:00+02:00,310.0,310.0,310.0,310.0,33
2018-06-28 00:00:00+02:00,310.0,310.0,305.0,305.0,911
2018-06-29 00:00:00+02:00,319.0,319.0,319.0,319.0,1
2018-07-02 00:00:00+02:00,319.0,319.0,319.0,319.0,0
2018-07-03 00:00:00+02:00,319.0,319.0,319.0,319.0,0
2018-07-04 00:00:00+02:00,319.0,319.0,319.0,319.0,0
2018-07-05 00:00:00+02:00,319.0,319.0,319.0,319.0,0
2018-07-06 00:00:00+02:00,319.0,319.0,319.0,319.0,0
2018-07-09 00:00:00+02:00,318.0,318.0,318.0,318.0,3
2018-07-10 00:00:00+02:00,318.0,318.0,318.0,318.0,0
2018-07-11 00:00:00+02:00,318.0,318.0,318.0,318.0,0
2018-07-12 00:00:00+02:00,318.0,318.0,318.0,318.0,0
2018-07-13 00:00:00+02:00,318.0,318.0,318.0,318.0,0
2018-07-16 00:00:00+02:00,318.0,335.0,318.0,335.0,130
2018-07-17 00:00:00+02:00,325.0,335.0,325.0,325.0,7
2018-07-18 00:00:00+02:00,325.0,325.0,320.0,320.0,40
2018-07-19 00:00:00+02:00,325.0,325.0,325.0,325.0,3
2018-07-20 00:00:00+02:00,325.0,325.0,325.0,325.0,1
2018-07-23 00:00:00+02:00,325.0,325.0,325.0,325.0,8
2018-07-24 00:00:00+02:00,325.0,325.0,325.0,325.0,0
2018-07-25 00:00:00+02:00,320.0,320.0,320.0,320.0,76
2018-07-26 00:00:00+02:00,320.0,320.0,320.0,320.0,49
2018-07-27 00:00:00+02:00,320.0,320.0,319.0,319.0,9
2018-07-30 00:00:00+02:00,319.0,319.0,319.0,319.0,0
2018-07-31 00:00:00+02:00,319.0,319.0,319.0,319.0,0
2018-08-01 00:00:00+02:00,320.0,325.0,320.0,325.0,10
2018-08-02 00:00:00+02:00,325.0,325.0,325.0,325.0,50
2018-08-03 00:00:00+02:00,330.0,334.0,330.0,334.0,20
2018-08-06 00:00:00+02:00,334.0,334.0,333.0,334.0,93
2018-08-07 00:00:00+02:00,334.0,334.0,306.0,306.0,13
2018-08-08 00:00:00+02:00,311.0,323.0,310.0,323.0,1804
2018-08-09 00:00:00+02:00,323.0,323.0,323.0,323.0,0
2018-08-10 00:00:00+02:00,323.0,323.0,323.0,323.0,0
2018-08-13 00:00:00+02:00,323.0,323.0,323.0,323.0,0
2018-08-14 00:00:00+02:00,323.0,323.0,323.0,323.0,0
2018-08-15 00:00:00+02:00,323.0,323.0,323.0,323.0,0
2018-08-16 00:00:00+02:00,305.0,324.0,305.0,324.0,33
2018-08-17 00:00:00+02:00,324.0,324.0,324.0,324.0,0
2018-08-20 00:00:00+02:00,324.0,324.0,324.0,324.0,0
2018-08-21 00:00:00+02:00,334.0,334.0,332.0,332.0,59
2018-08-22 00:00:00+02:00,315.0,315.0,305.0,306.0,28
2018-08-23 00:00:00+02:00,306.0,306.0,306.0,306.0,0
2018-08-24 00:00:00+02:00,327.0,327.0,327.0,327.0,4
2018-08-27 00:00:00+02:00,325.0,325.0,325.0,325.0,13
2018-08-28 00:00:00+02:00,329.0,329.0,311.0,329.0,33
2018-08-29 00:00:00+02:00,329.0,329.0,308.0,329.0,7
2018-08-30 00:00:00+02:00,329.0,329.0,329.0,329.0,99
2018-08-31 00:00:00+02:00,325.0,332.0,325.0,332.0,38
2018-09-03 00:00:00+02:00,330.0,332.0,330.0,332.0,2035
2018-09-04 00:00:00+02:00,332.0,332.0,332.0,332.0,15
2018-09-05 00:00:00+02:00,332.0,332.0,332.0,332.0,0
2018-09-06 00:00:00+02:00,316.0,316.0,295.0,314.0,322
2018-09-07 00:00:00+02:00,314.0,314.0,314.0,314.0,0
2018-09-10 00:00:00+02:00,301.0,310.0,291.0,307.0,30
2018-09-11 00:00:00+02:00,307.0,309.0,307.0,309.0,6
2018-09-12 00:00:00+02:00,291.0,307.0,291.0,307.0,31
2018-09-13 00:00:00+02:00,300.0,300.0,300.0,300.0,101
2018-09-14 00:00:00+02:00,300.0,300.0,300.0,300.0,0
2018-09-17 00:00:00+02:00,300.0,300.0,300.0,300.0,0
2018-09-18 00:00:00+02:00,299.0,299.0,299.0,299.0,4
2018-09-19 00:00:00+02:00,300.0,309.0,300.0,309.0,46
2018-09-20 00:00:00+02:00,299.0,305.0,299.0,305.0,6
2018-09-21 00:00:00+02:00,305.0,305.0,305.0,305.0,0
2018-09-24 00:00:00+02:00,300.0,300.0,300.0,300.0,1
2018-09-25 00:00:00+02:00,300.0,308.0,300.0,308.0,2
2018-09-26 00:00:00+02:00,300.0,301.0,299.0,299.0,24
2018-09-27 00:00:00+02:00,299.0,299.0,299.0,299.0,0
2018-09-28 00:00:00+02:00,299.0,299.0,299.0,299.0,3
2018-10-01 00:00:00+02:00,299.0,299.0,299.0,299.0,0
2018-10-02 00:00:00+02:00,299.0,299.0,299.0,299.0,0
2018-10-03 00:00:00+02:00,300.0,300.0,288.0,300.0,24
2018-10-04 00:00:00+02:00,289.0,290.0,285.0,285.0,150
2018-10-05 00:00:00+02:00,298.0,299.0,290.0,290.0,69
2018-10-08 00:00:00+02:00,287.0,287.0,283.0,284.0,56
2018-10-09 00:00:00+02:00,290.0,290.0,274.0,275.0,103
2018-10-10 00:00:00+02:00,275.0,275.0,265.0,265.0,121
2018-10-11 00:00:00+02:00,267.0,267.0,248.0,248.0,283
2018-10-12 00:00:00+02:00,251.0,275.0,251.0,275.0,2182
2018-10-15 00:00:00+02:00,275.0,300.0,275.0,300.0,358
2018-10-16 00:00:00+02:00,299.0,299.0,299.0,299.0,3
2018-10-17 00:00:00+02:00,299.0,299.0,299.0,299.0,2
2018-10-18 00:00:00+02:00,298.0,298.0,298.0,298.0,2
2018-10-19 00:00:00+02:00,292.0,299.0,292.0,299.0,7
2018-10-22 00:00:00+02:00,299.0,299.0,281.0,285.0,154
2018-10-23 00:00:00+02:00,284.0,292.0,284.0,292.0,57
2018-10-24 00:00:00+02:00,297.0,297.0,297.0,297.0,2
2018-10-25 00:00:00+02:00,284.0,299.0,284.0,299.0,47
2018-10-26 00:00:00+02:00,299.0,299.0,299.0,299.0,0
2018-10-29 00:00:00+01:00,298.0,298.0,298.0,298.0,6
2018-10-30 00:00:00+01:00,297.0,297.0,297.0,297.0,2
2018-10-31 00:00:00+01:00,287.0,298.0,285.0,298.0,515
2018-11-01 00:00:00+01:00,298.0,298.0,298.0,298.0,0
2018-11-02 00:00:00+01:00,296.0,299.0,285.0,299.0,1256
2018-11-05 00:00:00+01:00,305.0,305.0,285.0,303.0,520
2018-11-06 00:00:00+01:00,301.0,301.0,301.0,301.0,8
2018-11-07 00:00:00+01:00,301.0,301.0,300.0,300.0,24
2018-11-08 00:00:00+01:00,300.0,300.0,300.0,300.0,1
2018-11-09 00:00:00+01:00,283.0,283.0,283.0,283.0,13
2018-11-12 00:00:00+01:00,283.0,283.0,283.0,283.0,0
2018-11-13 00:00:00+01:00,300.0,300.0,300.0,300.0,6
2018-11-14 00:00:00+01:00,300.0,300.0,300.0,300.0,0
2018-11-15 00:00:00+01:00,299.0,299.0,299.0,299.0,6
2018-11-16 00:00:00+01:00,293.0,296.0,275.0,287.0,4144
2018-11-19 00:00:00+01:00,288.0,293.0,286.0,293.0,850
2018-11-20 00:00:00+01:00,290.0,290.0,270.0,270.0,4038
2018-11-21 00:00:00+01:00,266.0,285.0,266.0,282.0,288
2018-11-22 00:00:00+01:00,282.0,283.0,282.0,283.0,40
2018-11-23 00:00:00+01:00,270.0,270.0,269.0,269.0,126
2018-11-26 00:00:00+01:00,283.0,283.0,264.0,274.0,79
2018-11-27 00:00:00+01:00,271.0,282.0,266.0,275.0,119
2018-11-28 00:00:00+01:00,268.0,278.0,267.0,278.0,27
2018-11-29 00:00:00+01:00,275.0,276.0,268.0,276.0,207
2018-11-30 00:00:00+01:00,270.0,270.0,270.0,270.0,40
2018-12-03 00:00:00+01:00,270.0,270.0,268.0,268.0,150
2018-12-04 00:00:00+01:00,268.0,270.0,268.0,270.0,6
2018-12-05 00:00:00+01:00,264.0,268.0,264.0,268.0,41
2018-12-06 00:00:00+01:00,268.0,268.0,268.0,268.0,2
2018-12-07 00:00:00+01:00,269.0,269.0,269.0,269.0,8
2018-12-10 00:00:00+01:00,265.0,270.0,264.0,270.0,76
2018-12-11 00:00:00+01:00,269.0,269.0,269.0,269.0,28
2018-12-12 00:00:00+01:00,268.0,268.0,260.0,265.0,229
2018-12-13 00:00:00+01:00,256.0,264.0,256.0,263.0,63
2018-12-14 00:00:00+01:00,263.0,264.0,255.0,264.0,258
2018-12-17 00:00:00+01:00,260.0,260.0,260.0,260.0,4689
2018-12-18 00:00:00+01:00,260.0,264.0,255.0,264.0,5181
2018-12-19 00:00:00+01:00,262.0,262.0,262.0,262.0,31
2018-12-20 00:00:00+01:00,261.0,261.0,261.0,261.0,1
2018-12-21 00:00:00+01:00,252.0,261.0,250.0,261.0,36
2018-12-24 00:00:00+01:00,261.0,261.0,261.0,261.0,0
2018-12-25 00:00:00+01:00,261.0,261.0,261.0,261.0,0
2018-12-26 00:00:00+01:00,261.0,261.0,261.0,261.0,0
2018-12-27 00:00:00+01:00,264.0,277.0,264.0,277.0,18
2018-12-28 00:00:00+01:00,277.0,277.0,260.0,275.0,436
2018-12-31 00:00:00+01:00,275.0,275.0,275.0,275.0,0
2019-01-01 00:00:00+01:00,275.0,275.0,275.0,275.0,0
2019-01-02 00:00:00+01:00,276.0,281.0,276.0,281.0,114
2019-01-03 00:00:00+01:00,275.0,281.0,275.0,281.0,113
2019-01-04 00:00:00+01:00,280.0,280.0,275.0,275.0,75
2019-01-07 00:00:00+01:00,274.0,284.0,274.0,279.0,72
2019-01-08 00:00:00+01:00,284.0,284.0,270.0,279.0,16
2019-01-09 00:00:00+01:00,279.0,284.0,279.0,284.0,36
2019-01-10 00:00:00+01:00,280.0,280.0,280.0,280.0,6
2019-01-11 00:00:00+01:00,282.0,284.0,282.0,284.0,4
2019-01-14 00:00:00+01:00,285.0,285.0,280.0,280.0,57
2019-01-15 00:00:00+01:00,282.0,284.0,282.0,284.0,737
2019-01-16 00:00:00+01:00,285.0,285.0,283.0,285.0,22
2019-01-17 00:00:00+01:00,285.0,285.0,284.0,284.0,39
2019-01-18 00:00:00+01:00,284.0,284.0,284.0,284.0,14
2019-01-21 00:00:00+01:00,283.0,283.0,280.0,283.0,139
2019-01-22 00:00:00+01:00,278.0,283.0,278.0,283.0,27
2019-01-23 00:00:00+01:00,280.0,280.0,270.0,280.0,262
2019-01-24 00:00:00+01:00,280.0,280.0,278.0,278.0,51
2019-01-25 00:00:00+01:00,279.0,279.0,278.0,278.0,29
2019-01-28 00:00:00+01:00,277.0,282.0,277.0,282.0,11
2019-01-29 00:00:00+01:00,282.0,282.0,280.0,280.0,1486
2019-01-30 00:00:00+01:00,281.0,282.0,280.0,282.0,29
2019-01-31 00:00:00+01:00,282.0,288.0,282.0,286.0,100
2019-02-01 00:00:00+01:00,288.0,288.0,288.0,288.0,60
2019-02-04 00:00:00+01:00,288.0,293.0,288.0,293.0,13
2019-02-05 00:00:00+01:00,293.0,298.0,293.0,298.0,927
2019-02-06 00:00:00+01:00,293.0,298.0,291.0,294.0,40
2019-02-07 00:00:00+01:00,293.0,293.0,293.0,293.0,1
2019-02-08 00:00:00+01:00,291.0,291.0,284.0,291.0,81
2019-02-11 00:00:00+01:00,291.0,291.0,291.0,291.0,0
2019-02-12 00:00:00+01:00,291.0,291.0,285.0,291.0,461
2019-02-13 00:00:00+01:00,290.0,290.0,290.0,290.0,10
2019-02-14 00:00:00+01:00,285.0,285.0,282.0,285.0,3220
2019-02-15 00:00:00+01:00,285.0,285.0,285.0,285.0,32
2019-02-18 00:00:00+01:00,285.0,299.0,285.0,299.0,1060
2019-02-19 00:00:00+01:00,285.0,285.0,285.0,285.0,958
2019-02-20 00:00:00+01:00,285.0,285.0,285.0,285.0,44
2019-02-21 00:00:00+01:00,286.0,287.0,285.0,287.0,59
2019-02-22 00:00:00+01:00,287.0,289.0,287.0,287.0,181
2019-02-25 00:00:00+01:00,284.0,289.0,284.0,289.0,41
2019-02-26 00:00:00+01:00,289.0,289.0,289.0,289.0,4
2019-02-27 00:00:00+01:00,285.0,285.0,285.0,285.0,210
2019-02-28 00:00:00+01:00,288.0,288.0,285.0,285.0,504
2019-03-01 00:00:00+01:00,286.0,286.0,285.0,285.0,1441
2019-03-04 00:00:00+01:00,285.0,285.0,285.0,285.0,0
2019-03-05 00:00:00+01:00,285.0,285.0,285.0,285.0,1000
2019-03-06 00:00:00+01:00,287.0,287.0,287.0,287.0,390
2019-03-07 00:00:00+01:00,285.0,287.0,285.0,287.0,1565
2019-03-08 00:00:00+01:00,285.0,285.0,285.0,285.0,1984
2019-03-11 00:00:00+01:00,285.0,285.0,285.0,285.0,2
2019-03-12 00:00:00+01:00,294.0,294.0,294.0,294.0,8
2019-03-13 00:00:00+01:00,290.0,290.0,290.0,290.0,4
2019-03-14 00:00:00+01:00,290.0,290.0,290.0,290.0,5
2019-03-15 00:00:00+01:00,297.0,297.0,291.0,291.0,242
2019-03-18 00:00:00+01:00,297.0,305.0,295.0,302.0,287
2019-03-19 00:00:00+01:00,313.0,313.0,300.0,300.0,13
2019-03-20 00:00:00+01:00,300.0,318.0,300.0,302.0,23
2019-03-21 00:00:00+01:00,317.0,317.0,305.0,310.0,20
2019-03-22 00:00:00+01:00,314.0,314.0,314.0,314.0,3
2019-03-25 00:00:00+01:00,313.0,314.0,306.0,314.0,2569
2019-03-26 00:00:00+01:00,307.0,314.0,305.0,314.0,94
2019-03-27 00:00:00+01:00,312.0,312.0,297.0,301.0,17
2019-03-28 00:00:00+01:00,301.0,315.0,297.0,314.0,2280
2019-03-29 00:00:00+01:00,316.0,318.0,302.0,313.0,1627
2019-04-01 00:00:00+02:00,330.0,330.0,318.0,328.0,100
2019-04-02 00:00:00+02:00,332.0,332.0,324.0,330.0,49
2019-04-03 00:00:00+02:00,332.0,338.0,330.0,338.0,145
2019-04-04 00:00:00+02:00,340.0,346.0,340.0,346.0,229
2019-04-05 00:00:00+02:00,350.0,358.0,330.0,344.0,1102
2019-04-08 00:00:00+02:00,340.0,340.0,340.0,340.0,8
2019-04-09 00:00:00+02:00,340.0,340.0,328.0,328.0,3
2019-04-10 00:00:00+02:00,328.0,328.0,328.0,328.0,6
2019-04-11 00:00:00+02:00,342.0,342.0,342.0,342.0,1
2019-04-12 00:00:00+02:00,326.0,342.0,318.0,342.0,509
2019-04-15 00:00:00+02:00,342.0,342.0,330.0,330.0,42
2019-04-16 00:00:00+02:00,340.0,340.0,336.0,340.0,40
2019-04-17 00:00:00+02:00,338.0,342.0,338.0,340.0,15
2019-04-18 00:00:00+02:00,340.0,340.0,340.0,340.0,0
2019-04-19 00:00:00+02:00,340.0,340.0,340.0,340.0,0
2019-04-22 00:00:00+02:00,340.0,340.0,340.0,340.0,0
2019-04-23 00:00:00+02:00,334.0,334.0,334.0,334.0,12
2019-04-24 00:00:00+02:00,336.0,342.0,330.0,342.0,15
2019-04-25 00:00:00+02:00,342.0,342.0,336.0,336.0,18
2019-04-26 00:00:00+02:00,326.0,336.0,326.0,330.0,106
2019-04-29 00:00:00+02:00,330.0,330.0,330.0,330.0,56
2019-04-30 00:00:00+02:00,330.0,338.0,330.0,338.0,202
2019-05-01 00:00:00+02:00,338.0,338.0,338.0,338.0,0
2019-05-02 00:00:00+02:00,338.0,338.0,338.0,338.0,0
2019-05-03 00:00:00+02:00,338.0,338.0,338.0,338.0,0
2019-05-06 00:00:00+02:00,330.0,330.0,330.0,330.0,1003
2019-05-07 00:00:00+02:00,338.0,338.0,330.0,330.0,100
2019-05-08 00:00:00+02:00,330.0,330.0,330.0,330.0,83
2019-05-09 00:00:00+02:00,330.0,330.0,328.0,328.0,27
2019-05-10 00:00:00+02:00,330.0,330.0,326.0,326.0,6
2019-05-13 00:00:00+02:00,326.0,326.0,326.0,326.0,0
2019-05-14 00:00:00+02:00,326.0,334.0,326.0,330.0,121
2019-05-15 00:00:00+02:00,330.0,338.0,320.0,324.0,271
2019-05-16 00:00:00+02:00,324.0,324.0,324.0,324.0,0
2019-05-17 00:00:00+02:00,336.0,336.0,336.0,336.0,1
2019-05-20 00:00:00+02:00,322.0,326.0,322.0,326.0,11
2019-05-21 00:00:00+02:00,324.0,324.0,324.0,324.0,151
2019-05-22 00:00:00+02:00,324.0,334.0,324.0,324.0,125
2019-05-23 00:00:00+02:00,324.0,324.0,324.0,324.0,50
2019-05-24 00:00:00+02:00,324.0,334.0,324.0,324.0,18
2019-05-27 00:00:00+02:00,324.0,334.0,324.0,334.0,149
2019-05-28 00:00:00+02:00,334.0,334.0,334.0,334.0,0
2019-05-29 00:00:00+02:00,334.0,334.0,334.0,334.0,0
2019-05-30 00:00:00+02:00,334.0,334.0,334.0,334.0,0
2019-05-31 00:00:00+02:00,326.0,330.0,326.0,326.0,119
2019-06-03 00:00:00+02:00,324.0,334.0,324.0,334.0,1054
2019-06-04 00:00:00+02:00,330.0,336.0,330.0,336.0,1105
2019-06-05 00:00:00+02:00,330.0,330.0,330.0,330.0,95
2019-06-06 00:00:00+02:00,330.0,330.0,330.0,330.0,0
2019-06-07 00:00:00+02:00,330.0,336.0,330.0,336.0,2
2019-06-10 00:00:00+02:00,336.0,336.0,336.0,336.0,0
2019-06-11 00:00:00+02:00,336.0,336.0,336.0,336.0,0
2019-06-12 00:00:00+02:00,330.0,336.0,330.0,336.0,20
2019-06-13 00:00:00+02:00,330.0,332.0,330.0,332.0,4
2019-06-14 00:00:00+02:00,336.0,338.0,336.0,338.0,46
2019-06-17 00:00:00+02:00,340.0,348.0,340.0,348.0,169
2019-06-18 00:00:00+02:00,348.0,348.0,338.0,338.0,369
2019-06-19 00:00:00+02:00,348.0,348.0,346.0,346.0,10
2019-06-20 00:00:00+02:00,346.0,346.0,346.0,346.0,0
2019-06-21 00:00:00+02:00,348.0,348.0,348.0,348.0,18
2019-06-24 00:00:00+02:00,350.0,350.0,350.0,350.0,28
2019-06-25 00:00:00+02:00,348.0,348.0,340.0,340.0,32
2019-06-26 00:00:00+02:00,348.0,350.0,348.0,350.0,8
2019-06-27 00:00:00+02:00,340.0,340.0,340.0,340.0,58
2019-06-28 00:00:00+02:00,340.0,346.0,338.0,346.0,54
2019-07-01 00:00:00+02:00,342.0,342.0,330.0,330.0,155
2019-07-02 00:00:00+02:00,330.0,330.0,330.0,330.0,126
2019-07-03 00:00:00+02:00,344.0,344.0,344.0,344.0,1
2019-07-04 00:00:00+02:00,342.0,350.0,332.0,340.0,72
2019-07-05 00:00:00+02:00,350.0,350.0,350.0,350.0,10
2019-07-08 00:00:00+02:00,342.0,342.0,342.0,342.0,7
2019-07-09 00:00:00+02:00,346.0,350.0,342.0,350.0,27
2019-07-10 00:00:00+02:00,350.0,350.0,328.0,340.0,178
2019-07-11 00:00:00+02:00,334.0,334.0,330.0,330.0,1321
2019-07-12 00:00:00+02:00,332.0,332.0,330.0,330.0,30
2019-07-15 00:00:00+02:00,336.0,336.0,334.0,336.0,38
2019-07-16 00:00:00+02:00,336.0,336.0,330.0,330.0,182
2019-07-17 00:00:00+02:00,330.0,332.0,326.0,326.0,69
2019-07-18 00:00:00+02:00,330.0,330.0,330.0,330.0,48
2019-07-19 00:00:00+02:00,330.0,338.0,330.0,330.0,2017
2019-07-22 00:00:00+02:00,334.0,334.0,334.0,334.0,5
2019-07-23 00:00:00+02:00,338.0,340.0,338.0,338.0,73
2019-07-24 00:00:00+02:00,338.0,338.0,338.0,338.0,25
2019-07-25 00:00:00+02:00,340.0,340.0,326.0,328.0,373
2019-07-26 00:00:00+02:00,330.0,338.0,326.0,338.0,1782
2019-07-29 00:00:00+02:00,336.0,336.0,326.0,326.0,44
2019-07-30 00:00:00+02:00,326.0,334.0,324.0,334.0,406
2019-07-31 00:00:00+02:00,334.0,334.0,334.0,334.0,177
2019-08-01 00:00:00+02:00,330.0,330.0,330.0,330.0,20
2019-08-02 00:00:00+02:00,336.0,336.0,336.0,336.0,8
2019-08-05 00:00:00+02:00,336.0,340.0,336.0,340.0,150
2019-08-06 00:00:00+02:00,342.0,344.0,340.0,342.0,5518
2019-08-07 00:00:00+02:00,344.0,344.0,342.0,342.0,6
2019-08-08 00:00:00+02:00,342.0,342.0,342.0,342.0,0
2019-08-09 00:00:00+02:00,342.0,342.0,336.0,336.0,15
2019-08-12 00:00:00+02:00,336.0,336.0,336.0,336.0,3
2019-08-13 00:00:00+02:00,336.0,336.0,336.0,336.0,0
2019-08-14 00:00:00+02:00,338.0,338.0,336.0,336.0,6
2019-08-15 00:00:00+02:00,336.0,336.0,336.0,336.0,0
2019-08-16 00:00:00+02:00,332.0,332.0,332.0,332.0,3
2019-08-19 00:00:00+02:00,332.0,332.0,332.0,332.0,2
2019-08-20 00:00:00+02:00,336.0,338.0,308.0,314.0,219
2019-08-21 00:00:00+02:00,316.0,316.0,306.0,306.0,164
2019-08-22 00:00:00+02:00,306.0,308.0,306.0,308.0,2
2019-08-23 00:00:00+02:00,308.0,310.0,302.0,310.0,129
2019-08-26 00:00:00+02:00,300.0,318.0,300.0,310.0,63
2019-08-27 00:00:00+02:00,300.0,310.0,286.0,286.0,413
2019-08-28 00:00:00+02:00,286.0,292.0,286.0,290.0,152
2019-08-29 00:00:00+02:00,290.0,306.0,284.0,306.0,41
2019-08-30 00:00:00+02:00,308.0,308.0,290.0,300.0,728
2019-09-02 00:00:00+02:00,304.0,304.0,284.0,284.0,564
2019-09-03 00:00:00+02:00,290.0,294.0,280.0,294.0,217
2019-09-04 00:00:00+02:00,294.0,302.0,294.0,302.0,144
2019-09-05 00:00:00+02:00,302.0,308.0,302.0,308.0,9
2019-09-06 00:00:00+02:00,310.0,318.0,302.0,318.0,46
2019-09-09 00:00:00+02:00,318.0,318.0,318.0,318.0,2
2019-09-10 00:00:00+02:00,318.0,318.0,318.0,318.0,0
2019-09-11 00:00:00+02:00,310.0,310.0,310.0,310.0,3
2019-09-12 00:00:00+02:00,310.0,310.0,310.0,310.0,0
2019-09-13 00:00:00+02:00,300.0,306.0,296.0,306.0,5
2019-09-16 00:00:00+02:00,304.0,304.0,304.0,304.0,4
2019-09-17 00:00:00+02:00,304.0,304.0,298.0,298.0,38
2019-09-18 00:00:00+02:00,308.0,318.0,300.0,300.0,49
2019-09-19 00:00:00+02:00,304.0,306.0,294.0,294.0,339
2019-09-20 00:00:00+02:00,314.0,314.0,314.0,314.0,8
2019-09-23 00:00:00+02:00,298.0,298.0,296.0,296.0,47
2019-09-24 00:00:00+02:00,296.0,300.0,294.0,294.0,67
2019-09-25 00:00:00+02:00,294.0,294.0,294.0,294.0,0
2019-09-26 00:00:00+02:00,306.0,306.0,306.0,306.0,1
2019-09-27 00:00:00+02:00,308.0,308.0,300.0,300.0,33
2019-09-30 00:00:00+02:00,308.0,308.0,296.0,296.0,15
2019-10-01 00:00:00+02:00,296.0,296.0,280.0,280.0,586
2019-10-02 00:00:00+02:00,284.0,290.0,262.0,280.0,189
2019-10-03 00:00:00+02:00,288.0,292.0,274.0,292.0,157
2019-10-04 00:00:00+02:00,284.0,294.0,280.0,294.0,78
2019-10-07 00:00:00+02:00,282.0,282.0,280.0,280.0,228
2019-10-08 00:00:00+02:00,296.0,296.0,296.0,296.0,1
2019-10-09 00:00:00+02:00,290.0,290.0,290.0,290.0,3
2019-10-10 00:00:00+02:00,290.0,300.0,288.0,300.0,87
2019-10-11 00:00:00+02:00,300.0,306.0,290.0,290.0,1190
2019-10-14 00:00:00+02:00,304.0,304.0,304.0,304.0,1
2019-10-15 00:00:00+02:00,304.0,316.0,300.0,304.0,306
2019-10-16 00:00:00+02:00,308.0,308.0,300.0,300.0,183
2019-10-17 00:00:00+02:00,310.0,310.0,304.0,310.0,188
2019-10-18 00:00:00+02:00,312.0,312.0,298.0,306.0,153
2019-10-21 00:00:00+02:00,310.0,310.0,300.0,300.0,302
2019-10-22 00:00:00+02:00,296.0,302.0,296.0,300.0,58
2019-10-23 00:00:00+02:00,304.0,304.0,300.0,300.0,22
2019-10-24 00:00:00+02:00,300.0,304.0,300.0,304.0,228
2019-10-25 00:00:00+02:00,304.0,304.0,304.0,304.0,0
2019-10-28 00:00:00+01:00,304.0,304.0,298.0,304.0,364
2019-10-29 00:00:00+01:00,300.0,306.0,300.0,300.0,90
2019-10-30 00:00:00+01:00,300.0,308.0,300.0,304.0,328
2019-10-31 00:00:00+01:00,310.0,310.0,302.0,302.0,413
2019-11-01 00:00:00+01:00,302.0,302.0,302.0,302.0,0
2019-11-04 00:00:00+01:00,304.0,312.0,302.0,304.0,407
2019-11-05 00:00:00+01:00,308.0,308.0,304.0,306.0,56
2019-11-06 00:00:00+01:00,306.0,312.0,302.0,310.0,276
2019-11-07 00:00:00+01:00,310.0,330.0,304.0,310.0,1053
2019-11-08 00:00:00+01:00,318.0,326.0,310.0,312.0,240
2019-11-11 00:00:00+01:00,312.0,312.0,312.0,312.0,0
2019-11-12 00:00:00+01:00,330.0,334.0,310.0,334.0,523
2019-11-13 00:00:00+01:00,334.0,348.0,334.0,348.0,780
2019-11-14 00:00:00+01:00,350.0,354.0,340.0,342.0,929
2019-11-15 00:00:00+01:00,354.0,356.0,344.0,356.0,1213
2019-11-18 00:00:00+01:00,346.0,360.0,340.0,358.0,319
2019-11-19 00:00:00+01:00,360.0,362.0,350.0,350.0,160
2019-11-20 00:00:00+01:00,360.0,360.0,356.0,356.0,24
2019-11-21 00:00:00+01:00,356.0,360.0,350.0,360.0,103
2019-11-22 00:00:00+01:00,360.0,370.0,360.0,366.0,2828
2019-11-25 00:00:00+01:00,368.0,370.0,366.0,370.0,88
2019-11-26 00:00:00+01:00,368.0,374.0,368.0,370.0,777
2019-11-27 00:00:00+01:00,370.0,374.0,366.0,372.0,422
2019-11-28 00:00:00+01:00,374.0,374.0,370.0,370.0,75
2019-11-29 00:00:00+01:00,372.0,374.0,370.0,374.0,23
2019-12-02 00:00:00+01:00,372.0,372.0,370.0,372.0,2399
2019-12-03 00:00:00+01:00,374.0,374.0,364.0,374.0,984
2019-12-04 00:00:00+01:00,374.0,378.0,368.0,378.0,28
2019-12-05 00:00:00+01:00,374.0,374.0,374.0,374.0,1972
2019-12-06 00:00:00+01:00,374.0,376.0,370.0,376.0,36
2019-12-09 00:00:00+01:00,372.0,378.0,372.0,378.0,9
2019-12-10 00:00:00+01:00,376.0,376.0,372.0,376.0,105
2019-12-11 00:00:00+01:00,370.0,376.0,362.0,376.0,27
2019-12-12 00:00:00+01:00,374.0,376.0,370.0,376.0,66
2019-12-13 00:00:00+01:00,374.0,374.0,374.0,374.0,2
2019-12-16 00:00:00+01:00,370.0,376.0,370.0,376.0,286
2019-12-17 00:00:00+01:00,370.0,376.0,370.0,376.0,134
2019-12-18 00:00:00+01:00,376.0,376.0,370.0,372.0,81
2019-12-19 00:00:00+01:00,364.0,376.0,364.0,376.0,470
2019-12-20 00:00:00+01:00,370.0,376.0,370.0,376.0,271
2019-12-23 00:00:00+01:00,370.0,378.0,370.0,370.0,411
2019-12-24 00:00:00+01:00,370.0,370.0,370.0,370.0,0
2019-12-25 00:00:00+01:00,370.0,370.0,370.0,370.0,0
2019-12-26 00:00:00+01:00,370.0,370.0,370.0,370.0,0
2019-12-27 00:00:00+01:00,370.0,378.0,370.0,372.0,78
2019-12-30 00:00:00+01:00,374.0,374.0,374.0,374.0,325
2019-12-31 00:00:00+01:00,374.0,374.0,374.0,374.0,0
2020-01-01 00:00:00+01:00,374.0,374.0,374.0,374.0,0
2020-01-02 00:00:00+01:00,378.0,396.0,378.0,396.0,197
2020-01-03 00:00:00+01:00,400.0,404.0,394.0,404.0,3469
2020-01-06 00:00:00+01:00,404.0,404.0,404.0,404.0,0
2020-01-07 00:00:00+01:00,404.0,416.0,404.0,416.0,793
2020-01-08 00:00:00+01:00,420.0,424.0,414.0,420.0,560
2020-01-09 00:00:00+01:00,430.0,438.0,420.0,420.0,958
2020-01-10 00:00:00+01:00,436.0,436.0,424.0,428.0,348
2020-01-13 00:00:00+01:00,430.0,434.0,420.0,432.0,311
2020-01-14 00:00:00+01:00,430.0,442.0,430.0,442.0,497
2020-01-15 00:00:00+01:00,442.0,444.0,424.0,438.0,921
2020-01-16 00:00:00+01:00,440.0,444.0,432.0,438.0,187
2020-01-17 00:00:00+01:00,444.0,446.0,440.0,444.0,199
2020-01-20 00:00:00+01:00,446.0,448.0,432.0,442.0,155
2020-01-21 00:00:00+01:00,440.0,442.0,430.0,430.0,756
2020-01-22 00:00:00+01:00,430.0,430.0,414.0,430.0,1434
2020-01-23 00:00:00+01:00,434.0,434.0,422.0,434.0,110
2020-01-24 00:00:00+01:00,434.0,438.0,420.0,438.0,509
2020-01-27 00:00:00+01:00,436.0,438.0,422.0,428.0,632
2020-01-28 00:00:00+01:00,428.0,432.0,420.0,432.0,605
2020-01-29 00:00:00+01:00,432.0,434.0,424.0,434.0,143
2020-01-30 00:00:00+01:00,424.0,434.0,416.0,420.0,913
2020-01-31 00:00:00+01:00,422.0,434.0,420.0,420.0,408
2020-02-03 00:00:00+01:00,428.0,434.0,428.0,434.0,90
2020-02-04 00:00:00+01:00,422.0,434.0,420.0,434.0,335
2020-02-05 00:00:00+01:00,436.0,444.0,436.0,444.0,161
2020-02-06 00:00:00+01:00,442.0,444.0,440.0,444.0,75
2020-02-07 00:00:00+01:00,442.0,442.0,430.0,442.0,1272
2020-02-10 00:00:00+01:00,442.0,448.0,442.0,448.0,159
2020-02-11 00:00:00+01:00,448.0,460.0,448.0,460.0,387
2020-02-12 00:00:00+01:00,462.0,496.0,460.0,460.0,1094
2020-02-13 00:00:00+01:00,460.0,476.0,460.0,462.0,227
2020-02-14 00:00:00+01:00,446.0,464.0,442.0,458.0,119
2020-02-17 00:00:00+01:00,478.0,484.0,470.0,472.0,187
2020-02-18 00:00:00+01:00,470.0,472.0,466.0,468.0,452
2020-02-19 00:00:00+01:00,468.0,468.0,456.0,466.0,146
2020-02-20 00:00:00+01:00,464.0,464.0,452.0,460.0,296
2020-02-21 00:00:00+01:00,468.0,482.0,460.0,460.0,497
2020-02-24 00:00:00+01:00,460.0,480.0,440.0,450.0,504
2020-02-25 00:00:00+01:00,434.0,448.0,428.0,440.0,853
2020-02-26 00:00:00+01:00,432.0,440.0,430.0,438.0,226
2020-02-27 00:00:00+01:00,464.0,464.0,430.0,446.0,186
2020-02-28 00:00:00+01:00,418.0,436.0,380.0,436.0,2468
2020-03-02 00:00:00+01:00,436.0,456.0,414.0,442.0,1604
2020-03-03 00:00:00+01:00,444.0,460.0,440.0,440.0,573
2020-03-04 00:00:00+01:00,434.0,450.0,432.0,448.0,116
2020-03-05 00:00:00+01:00,448.0,458.0,424.0,458.0,476
2020-03-06 00:00:00+01:00,456.0,456.0,436.0,436.0,1229
2020-03-09 00:00:00+01:00,402.0,430.0,368.0,430.0,2694
2020-03-10 00:00:00+01:00,412.0,444.0,404.0,444.0,979
2020-03-11 00:00:00+01:00,446.0,446.0,410.0,438.0,3330
2020-03-12 00:00:00+01:00,404.0,408.0,368.0,374.0,1359
2020-03-13 00:00:00+01:00,374.0,406.0,364.0,382.0,953
2020-03-16 00:00:00+01:00,390.0,390.0,364.0,378.0,1996
2020-03-17 00:00:00+01:00,374.0,390.0,346.0,384.0,5636
2020-03-18 00:00:00+01:00,380.0,380.0,356.0,356.0,2342
2020-03-19 00:00:00+01:00,358.0,378.0,358.0,364.0,791
2020-03-20 00:00:00+01:00,364.0,374.0,352.0,358.0,962
2020-03-23 00:00:00+01:00,358.0,358.0,326.0,336.0,656
2020-03-24 00:00:00+01:00,354.0,354.0,340.0,350.0,149
2020-03-25 00:00:00+01:00,354.0,368.0,340.0,358.0,337
2020-03-26 00:00:00+01:00,350.0,358.0,346.0,350.0,1513
2020-03-27 00:00:00+01:00,364.0,364.0,338.0,360.0,457
2020-03-30 00:00:00+02:00,362.0,362.0,340.0,360.0,606
2020-03-31 00:00:00+02:00,352.0,366.0,348.0,348.0,1086
2020-04-01 00:00:00+02:00,350.0,358.0,350.0,352.0,25
2020-04-02 00:00:00+02:00,354.0,364.0,342.0,350.0,159
2020-04-03 00:00:00+02:00,350.0,354.0,334.0,336.0,420
2020-04-06 00:00:00+02:00,334.0,360.0,330.0,358.0,656
2020-04-07 00:00:00+02:00,360.0,370.0,350.0,362.0,3270
2020-04-08 00:00:00+02:00,364.0,368.0,340.0,352.0,835
2020-04-09 00:00:00+02:00,370.0,380.0,356.0,366.0,1209
2020-04-10 00:00:00+02:00,366.0,366.0,366.0,366.0,0
2020-04-13 00:00:00+02:00,366.0,366.0,366.0,366.0,0
2020-04-14 00:00:00+02:00,372.0,408.0,372.0,390.0,1813
2020-04-15 00:00:00+02:00,400.0,400.0,382.0,384.0,2177
2020-04-16 00:00:00+02:00,380.0,412.0,376.0,404.0,858
2020-04-17 00:00:00+02:00,410.0,422.0,408.0,422.0,449
2020-04-20 00:00:00+02:00,426.0,426.0,396.0,400.0,1066
2020-04-21 00:00:00+02:00,408.0,408.0,380.0,386.0,647
2020-04-22 00:00:00+02:00,390.0,406.0,390.0,400.0,486
2020-04-23 00:00:00+02:00,404.0,408.0,400.0,400.0,327
2020-04-24 00:00:00+02:00,406.0,408.0,400.0,406.0,278
2020-04-27 00:00:00+02:00,420.0,438.0,410.0,410.0,921
2020-04-28 00:00:00+02:00,424.0,430.0,402.0,410.0,1024
2020-04-29 00:00:00+02:00,408.0,424.0,408.0,410.0,603
2020-04-30 00:00:00+02:00,410.0,422.0,410.0,410.0,748
2020-05-01 00:00:00+02:00,410.0,410.0,410.0,410.0,0
2020-05-04 00:00:00+02:00,410.0,420.0,408.0,420.0,134
2020-05-05 00:00:00+02:00,430.0,430.0,410.0,412.0,680
2020-05-06 00:00:00+02:00,422.0,422.0,412.0,418.0,58
2020-05-07 00:00:00+02:00,420.0,430.0,414.0,428.0,217
2020-05-08 00:00:00+02:00,428.0,430.0,412.0,424.0,896
2020-05-11 00:00:00+02:00,430.0,450.0,430.0,440.0,673
2020-05-12 00:00:00+02:00,452.0,458.0,432.0,446.0,1106
2020-05-13 00:00:00+02:00,446.0,446.0,430.0,432.0,1073
2020-05-14 00:00:00+02:00,436.0,436.0,400.0,416.0,1379
2020-05-15 00:00:00+02:00,418.0,430.0,418.0,424.0,266
2020-05-18 00:00:00+02:00,424.0,430.0,422.0,430.0,228
2020-05-19 00:00:00+02:00,430.0,430.0,424.0,430.0,82
2020-05-20 00:00:00+02:00,426.0,430.0,420.0,424.0,124
2020-05-21 00:00:00+02:00,430.0,430.0,424.0,426.0,120
2020-05-22 00:00:00+02:00,426.0,426.0,412.0,422.0,176
2020-05-25 00:00:00+02:00,418.0,430.0,418.0,422.0,96
2020-05-26 00:00:00+02:00,430.0,430.0,418.0,426.0,142
2020-05-27 00:00:00+02:00,426.0,426.0,422.0,424.0,32
2020-05-28 00:00:00+02:00,420.0,424.0,420.0,424.0,110
2020-05-29 00:00:00+02:00,424.0,424.0,416.0,424.0,598
2020-06-01 00:00:00+02:00,430.0,430.0,420.0,428.0,267
2020-06-02 00:00:00+02:00,422.0,430.0,422.0,422.0,195
2020-06-03 00:00:00+02:00,428.0,428.0,422.0,426.0,134
2020-06-04 00:00:00+02:00,430.0,430.0,426.0,426.0,155
2020-06-05 00:00:00+02:00,430.0,444.0,426.0,440.0,555
2020-06-08 00:00:00+02:00,440.0,440.0,430.0,438.0,112
2020-06-09 00:00:00+02:00,432.0,440.0,430.0,438.0,817
2020-06-10 00:00:00+02:00,438.0,440.0,434.0,436.0,122
2020-06-11 00:00:00+02:00,436.0,436.0,436.0,436.0,0
2020-06-12 00:00:00+02:00,414.0,428.0,414.0,424.0,224
2020-06-15 00:00:00+02:00,428.0,438.0,424.0,438.0,140
2020-06-16 00:00:00+02:00,440.0,444.0,436.0,436.0,326
2020-06-17 00:00:00+02:00,436.0,440.0,430.0,438.0,161
2020-06-18 00:00:00+02:00,430.0,438.0,424.0,438.0,102
2020-06-19 00:00:00+02:00,438.0,442.0,432.0,440.0,242
2020-06-22 00:00:00+02:00,440.0,450.0,438.0,440.0,972
2020-06-23 00:00:00+02:00,440.0,494.0,440.0,494.0,5268
2020-06-24 00:00:00+02:00,520.0,570.0,498.0,545.0,6330
2020-06-25 00:00:00+02:00,560.0,560.0,525.0,535.0,3497
2020-06-26 00:00:00+02:00,550.0,550.0,520.0,540.0,412
2020-06-29 00:00:00+02:00,535.0,540.0,520.0,535.0,401
2020-06-30 00:00:00+02:00,530.0,540.0,525.0,525.0,413
2020-07-01 00:00:00+02:00,525.0,550.0,515.0,550.0,329
2020-07-02 00:00:00+02:00,550.0,560.0,550.0,555.0,671
2020-07-03 00:00:00+02:00,560.0,560.0,550.0,555.0,789
2020-07-06 00:00:00+02:00,555.0,560.0,545.0,555.0,166
2020-07-07 00:00:00+02:00,560.0,610.0,550.0,605.0,3480
2020-07-08 00:00:00+02:00,610.0,630.0,590.0,600.0,2150
2020-07-09 00:00:00+02:00,615.0,620.0,580.0,600.0,1275
2020-07-10 00:00:00+02:00,550.0,600.0,550.0,595.0,1711
2020-07-13 00:00:00+02:00,595.0,595.0,575.0,580.0,301
2020-07-14 00:00:00+02:00,580.0,585.0,565.0,585.0,185
2020-07-15 00:00:00+02:00,585.0,590.0,570.0,590.0,216
2020-07-16 00:00:00+02:00,590.0,590.0,570.0,575.0,378
2020-07-17 00:00:00+02:00,575.0,575.0,565.0,570.0,1465
2020-07-20 00:00:00+02:00,565.0,575.0,550.0,565.0,253
2020-07-21 00:00:00+02:00,565.0,575.0,550.0,575.0,234
2020-07-22 00:00:00+02:00,575.0,575.0,560.0,570.0,201
2020-07-23 00:00:00+02:00,570.0,575.0,560.0,575.0,219
2020-07-24 00:00:00+02:00,560.0,560.0,550.0,555.0,246
2020-07-27 00:00:00+02:00,550.0,550.0,515.0,530.0,1371
2020-07-28 00:00:00+02:00,525.0,550.0,525.0,550.0,416
2020-07-29 00:00:00+02:00,555.0,575.0,545.0,560.0,824
2020-07-30 00:00:00+02:00,570.0,575.0,550.0,555.0,1179
2020-07-31 00:00:00+02:00,555.0,590.0,555.0,575.0,253
2020-08-03 00:00:00+02:00,585.0,625.0,575.0,580.0,734
2020-08-04 00:00:00+02:00,595.0,605.0,575.0,600.0,920
2020-08-05 00:00:00+02:00,595.0,600.0,565.0,590.0,852
2020-08-06 00:00:00+02:00,600.0,610.0,580.0,590.0,628
2020-08-07 00:00:00+02:00,585.0,590.0,565.0,580.0,235
2020-08-10 00:00:00+02:00,595.0,600.0,575.0,575.0,217
2020-08-11 00:00:00+02:00,595.0,600.0,570.0,570.0,293
2020-08-12 00:00:00+02:00,570.0,580.0,550.0,575.0,391
2020-08-13 00:00:00+02:00,560.0,580.0,550.0,580.0,148
2020-08-14 00:00:00+02:00,580.0,580.0,565.0,575.0,81
2020-08-17 00:00:00+02:00,575.0,580.0,565.0,570.0,138
2020-08-18 00:00:00+02:00,570.0,575.0,560.0,570.0,69
2020-08-19 00:00:00+02:00,560.0,570.0,560.0,570.0,125
2020-08-20 00:00:00+02:00,570.0,570.0,555.0,570.0,234
2020-08-21 00:00:00+02:00,570.0,570.0,560.0,570.0,417
2020-08-24 00:00:00+02:00,575.0,600.0,575.0,600.0,242
2020-08-25 00:00:00+02:00,600.0,600.0,580.0,580.0,227
2020-08-26 00:00:00+02:00,575.0,595.0,570.0,595.0,55
2020-08-27 00:00:00+02:00,580.0,585.0,580.0,580.0,65
2020-08-28 00:00:00+02:00,580.0,590.0,580.0,590.0,74
2020-08-31 00:00:00+02:00,595.0,625.0,590.0,615.0,570
2020-09-01 00:00:00+02:00,610.0,625.0,585.0,615.0,225
2020-09-02 00:00:00+02:00,615.0,615.0,590.0,605.0,186
2020-09-03 00:00:00+02:00,610.0,610.0,570.0,575.0,265
2020-09-04 00:00:00+02:00,565.0,610.0,555.0,590.0,293
2020-09-07 00:00:00+02:00,575.0,575.0,565.0,570.0,144
2020-09-08 00:00:00+02:00,565.0,580.0,530.0,535.0,1333
2020-09-09 00:00:00+02:00,535.0,570.0,525.0,550.0,593
2020-09-10 00:00:00+02:00,570.0,585.0,545.0,585.0,181
2020-09-11 00:00:00+02:00,585.0,590.0,580.0,590.0,113
2020-09-14 00:00:00+02:00,580.0,580.0,565.0,565.0,227
2020-09-15 00:00:00+02:00,570.0,575.0,560.0,575.0,96
2020-09-16 00:00:00+02:00,575.0,575.0,575.0,575.0,1
2020-09-17 00:00:00+02:00,560.0,560.0,560.0,560.0,27
2020-09-18 00:00:00+02:00,570.0,570.0,560.0,570.0,87
2020-09-21 00:00:00+02:00,570.0,610.0,565.0,565.0,427
2020-09-22 00:00:00+02:00,560.0,595.0,555.0,580.0,322
2020-09-23 00:00:00+02:00,585.0,585.0,565.0,580.0,126
2020-09-24 00:00:00+02:00,575.0,575.0,555.0,570.0,275
2020-09-25 00:00:00+02:00,560.0,570.0,555.0,570.0,150
2020-09-28 00:00:00+02:00,560.0,570.0,560.0,570.0,114
2020-09-29 00:00:00+02:00,570.0,570.0,565.0,565.0,11
2020-09-30 00:00:00+02:00,560.0,575.0,560.0,570.0,45
2020-10-01 00:00:00+02:00,575.0,575.0,555.0,570.0,199
2020-10-02 00:00:00+02:00,560.0,570.0,545.0,545.0,239
2020-10-05 00:00:00+02:00,555.0,570.0,555.0,565.0,68
2020-10-06 00:00:00+02:00,575.0,575.0,555.0,555.0,190
2020-10-07 00:00:00+02:00,555.0,565.0,555.0,565.0,29
2020-10-08 00:00:00+02:00,555.0,560.0,555.0,560.0,144
2020-10-09 00:00:00+02:00,555.0,555.0,550.0,550.0,253
2020-10-12 00:00:00+02:00,545.0,565.0,545.0,560.0,54
2020-10-13 00:00:00+02:00,550.0,555.0,535.0,550.0,264
2020-10-14 00:00:00+02:00,545.0,560.0,540.0,560.0,148
2020-10-15 00:00:00+02:00,545.0,545.0,500.0,515.0,906
2020-10-16 00:00:00+02:00,515.0,545.0,515.0,545.0,582
2020-10-19 00:00:00+02:00,540.0,540.0,520.0,530.0,269
2020-10-20 00:00:00+02:00,530.0,540.0,515.0,535.0,1287
2020-10-21 00:00:00+02:00,535.0,560.0,535.0,550.0,1541
2020-10-22 00:00:00+02:00,545.0,550.0,540.0,550.0,14
2020-10-23 00:00:00+02:00,555.0,555.0,545.0,550.0,257
2020-10-26 00:00:00+01:00,555.0,555.0,540.0,555.0,2173
2020-10-27 00:00:00+01:00,545.0,550.0,545.0,545.0,1090
2020-10-28 00:00:00+01:00,540.0,540.0,515.0,525.0,335
2020-10-29 00:00:00+01:00,520.0,545.0,500.0,505.0,1027
2020-10-30 00:00:00+01:00,505.0,510.0,486.0,500.0,939
2020-11-02 00:00:00+01:00,492.0,525.0,486.0,515.0,269
2020-11-03 00:00:00+01:00,505.0,520.0,505.0,520.0,106
2020-11-04 00:00:00+01:00,520.0,520.0,510.0,515.0,57
2020-11-05 00:00:00+01:00,515.0,520.0,515.0,515.0,291
2020-11-06 00:00:00+01:00,530.0,555.0,525.0,535.0,329
2020-11-09 00:00:00+01:00,535.0,540.0,520.0,530.0,1789
2020-11-10 00:00:00+01:00,520.0,535.0,520.0,520.0,294
2020-11-11 00:00:00+01:00,520.0,520.0,520.0,520.0,0
2020-11-12 00:00:00+01:00,520.0,525.0,520.0,525.0,77
2020-11-13 00:00:00+01:00,530.0,535.0,530.0,530.0,65
2020-11-16 00:00:00+01:00,530.0,530.0,515.0,520.0,195
2020-11-17 00:00:00+01:00,530.0,555.0,515.0,555.0,327
2020-11-18 00:00:00+01:00,560.0,570.0,550.0,560.0,605
2020-11-19 00:00:00+01:00,560.0,570.0,555.0,565.0,315
2020-11-20 00:00:00+01:00,565.0,565.0,550.0,560.0,1385
2020-11-23 00:00:00+01:00,555.0,560.0,550.0,560.0,19
2020-11-24 00:00:00+01:00,550.0,550.0,525.0,540.0,396
2020-11-25 00:00:00+01:00,540.0,550.0,540.0,550.0,291
2020-11-26 00:00:00+01:00,550.0,560.0,540.0,560.0,115
2020-11-27 00:00:00+01:00,560.0,560.0,545.0,545.0,186
2020-11-30 00:00:00+01:00,560.0,565.0,550.0,550.0,135
2020-12-01 00:00:00+01:00,550.0,565.0,550.0,560.0,158
2020-12-02 00:00:00+01:00,560.0,565.0,550.0,565.0,142
2020-12-03 00:00:00+01:00,565.0,565.0,545.0,560.0,80
2020-12-04 00:00:00+01:00,550.0,555.0,550.0,550.0,270
2020-12-07 00:00:00+01:00,560.0,570.0,555.0,565.0,272
2020-12-08 00:00:00+01:00,565.0,570.0,560.0,570.0,117
2020-12-09 00:00:00+01:00,575.0,585.0,570.0,575.0,192
2020-12-10 00:00:00+01:00,590.0,590.0,570.0,570.0,998
2020-12-11 00:00:00+01:00,570.0,585.0,570.0,585.0,5724
2020-12-14 00:00:00+01:00,590.0,595.0,575.0,580.0,315
2020-12-15 00:00:00+01:00,580.0,580.0,575.0,580.0,416
2020-12-16 00:00:00+01:00,570.0,570.0,555.0,565.0,61
2020-12-17 00:00:00+01:00,565.0,575.0,555.0,570.0,78
2020-12-18 00:00:00+01:00,580.0,580.0,570.0,570.0,164
2020-12-21 00:00:00+01:00,570.0,580.0,570.0,580.0,43
2020-12-22 00:00:00+01:00,580.0,580.0,575.0,575.0,141
2020-12-23 00:00:00+01:00,570.0,580.0,565.0,575.0,151
2020-12-28 00:00:00+01:00,575.0,585.0,570.0,585.0,114
2020-12-29 00:00:00+01:00,575.0,585.0,575.0,585.0,87
2020-12-30 00:00:00+01:00,575.0,585.0,565.0,565.0,232
2021-01-04 00:00:00+01:00,565.0,585.0,565.0,575.0,150
2021-01-05 00:00:00+01:00,580.0,585.0,580.0,585.0,164
2021-01-07 00:00:00+01:00,590.0,600.0,585.0,595.0,276
2021-01-08 00:00:00+01:00,595.0,600.0,595.0,600.0,197
2021-01-11 00:00:00+01:00,600.0,630.0,590.0,610.0,1830
2021-01-12 00:00:00+01:00,610.0,635.0,610.0,620.0,248
2021-01-13 00:00:00+01:00,620.0,620.0,610.0,610.0,2065
2021-01-14 00:00:00+01:00,615.0,615.0,600.0,605.0,126
2021-01-15 00:00:00+01:00,605.0,615.0,605.0,615.0,49
2021-01-18 00:00:00+01:00,610.0,610.0,605.0,605.0,255
2021-01-19 00:00:00+01:00,615.0,625.0,610.0,620.0,659
2021-01-20 00:00:00+01:00,615.0,670.0,615.0,650.0,744
2021-01-21 00:00:00+01:00,675.0,680.0,635.0,635.0,519
2021-01-22 00:00:00+01:00,635.0,660.0,630.0,655.0,693
2021-01-25 00:00:00+01:00,650.0,670.0,650.0,665.0,123
2021-01-26 00:00:00+01:00,670.0,670.0,660.0,670.0,107
2021-01-27 00:00:00+01:00,670.0,670.0,640.0,650.0,223
2021-01-28 00:00:00+01:00,630.0,650.0,610.0,650.0,662
2021-01-29 00:00:00+01:00,645.0,650.0,635.0,650.0,69
2021-02-01 00:00:00+01:00,645.0,645.0,635.0,645.0,1874
2021-02-02 00:00:00+01:00,650.0,650.0,640.0,650.0,307
2021-02-03 00:00:00+01:00,650.0,650.0,645.0,650.0,23
2021-02-04 00:00:00+01:00,650.0,650.0,645.0,650.0,366
2021-02-05 00:00:00+01:00,650.0,655.0,650.0,655.0,304
2021-02-08 00:00:00+01:00,660.0,685.0,655.0,680.0,1546
2021-02-09 00:00:00+01:00,680.0,695.0,665.0,690.0,1042
2021-02-10 00:00:00+01:00,695.0,695.0,675.0,685.0,373
2021-02-11 00:00:00+01:00,690.0,690.0,680.0,685.0,60
2021-02-12 00:00:00+01:00,690.0,695.0,680.0,695.0,139
2021-02-15 00:00:00+01:00,695.0,695.0,670.0,690.0,372
2021-02-16 00:00:00+01:00,680.0,685.0,655.0,680.0,392
2021-02-17 00:00:00+01:00,670.0,675.0,655.0,675.0,413
2021-02-18 00:00:00+01:00,675.0,680.0,665.0,680.0,54
2021-02-19 00:00:00+01:00,680.0,695.0,665.0,695.0,130
2021-02-22 00:00:00+01:00,675.0,700.0,665.0,700.0,610
2021-02-23 00:00:00+01:00,705.0,725.0,655.0,690.0,1619
2021-02-24 00:00:00+01:00,700.0,715.0,700.0,715.0,78
2021-02-25 00:00:00+01:00,715.0,720.0,700.0,720.0,677
2021-02-26 00:00:00+01:00,685.0,705.0,675.0,700.0,2581
2021-03-01 00:00:00+01:00,690.0,700.0,680.0,700.0,70
2021-03-02 00:00:00+01:00,700.0,700.0,675.0,695.0,114
2021-03-03 00:00:00+01:00,700.0,705.0,675.0,695.0,274
2021-03-04 00:00:00+01:00,695.0,695.0,675.0,685.0,120
2021-03-05 00:00:00+01:00,700.0,725.0,700.0,710.0,2182
2021-03-08 00:00:00+01:00,715.0,725.0,710.0,715.0,471
2021-03-09 00:00:00+01:00,715.0,735.0,715.0,725.0,369
2021-03-10 00:00:00+01:00,730.0,745.0,730.0,745.0,190
2021-03-11 00:00:00+01:00,740.0,745.0,730.0,745.0,91
2021-03-12 00:00:00+01:00,745.0,745.0,735.0,740.0,69
2021-03-15 00:00:00+01:00,740.0,740.0,730.0,740.0,174
2021-03-16 00:00:00+01:00,740.0,740.0,725.0,735.0,114
2021-03-17 00:00:00+01:00,730.0,735.0,710.0,725.0,313
2021-03-18 00:00:00+01:00,730.0,745.0,725.0,740.0,571
2021-03-19 00:00:00+01:00,740.0,740.0,725.0,730.0,19
2021-03-22 00:00:00+01:00,740.0,745.0,735.0,740.0,24
2021-03-23 00:00:00+01:00,740.0,745.0,735.0,745.0,236
2021-03-24 00:00:00+01:00,745.0,745.0,730.0,740.0,172
2021-03-25 00:00:00+01:00,735.0,735.0,720.0,735.0,164
2021-03-26 00:00:00+01:00,740.0,755.0,725.0,725.0,357
2021-03-29 00:00:00+02:00,755.0,755.0,740.0,745.0,82
2021-03-30 00:00:00+02:00,730.0,750.0,730.0,750.0,72
2021-03-31 00:00:00+02:00,745.0,760.0,735.0,750.0,111
2021-04-01 00:00:00+02:00,752.0,752.0,740.0,748.0,103
2021-04-06 00:00:00+02:00,746.0,750.0,730.0,750.0,207
2021-04-07 00:00:00+02:00,750.0,750.0,740.0,748.0,175
2021-04-08 00:00:00+02:00,750.0,768.0,744.0,768.0,451
2021-04-09 00:00:00+02:00,772.0,784.0,760.0,770.0,371
2021-04-12 00:00:00+02:00,774.0,812.0,770.0,800.0,551
2021-04-13 00:00:00+02:00,800.0,800.0,796.0,798.0,247
2021-04-14 00:00:00+02:00,798.0,810.0,790.0,800.0,199
2021-04-15 00:00:00+02:00,800.0,802.0,794.0,794.0,132
2021-04-16 00:00:00+02:00,804.0,818.0,800.0,800.0,99
2021-04-19 00:00:00+02:00,800.0,800.0,762.0,764.0,1128
2021-04-20 00:00:00+02:00,770.0,772.0,760.0,772.0,146
2021-04-21 00:00:00+02:00,788.0,788.0,760.0,770.0,180
2021-04-22 00:00:00+02:00,770.0,786.0,770.0,786.0,120
2021-04-23 00:00:00+02:00,774.0,790.0,770.0,786.0,37
2021-04-26 00:00:00+02:00,786.0,792.0,770.0,790.0,94
2021-04-27 00:00:00+02:00,790.0,792.0,776.0,792.0,275
2021-04-28 00:00:00+02:00,788.0,788.0,768.0,770.0,133
2021-04-29 00:00:00+02:00,766.0,770.0,762.0,762.0,501
2021-04-30 00:00:00+02:00,766.0,784.0,764.0,784.0,843
2021-05-04 00:00:00+02:00,776.0,776.0,722.0,746.0,320
2021-05-05 00:00:00+02:00,750.0,776.0,746.0,770.0,940
2021-05-06 00:00:00+02:00,780.0,782.0,756.0,756.0,739
2021-05-07 00:00:00+02:00,756.0,776.0,756.0,776.0,84
2021-05-10 00:00:00+02:00,780.0,790.0,778.0,778.0,77
2021-05-11 00:00:00+02:00,778.0,782.0,770.0,776.0,145
2021-05-12 00:00:00+02:00,778.0,778.0,772.0,772.0,31
2021-05-13 00:00:00+02:00,790.0,792.0,770.0,780.0,151
2021-05-14 00:00:00+02:00,772.0,780.0,772.0,780.0,24
2021-05-17 00:00:00+02:00,772.0,780.0,770.0,770.0,59
2021-05-18 00:00:00+02:00,772.0,780.0,752.0,760.0,243
2021-05-19 00:00:00+02:00,760.0,780.0,754.0,754.0,79
2021-05-20 00:00:00+02:00,756.0,770.0,754.0,770.0,218
2021-05-21 00:00:00+02:00,770.0,780.0,768.0,768.0,340
2021-05-24 00:00:00+02:00,768.0,768.0,764.0,764.0,57
2021-05-25 00:00:00+02:00,768.0,780.0,762.0,780.0,110
2021-05-26 00:00:00+02:00,770.0,780.0,768.0,770.0,126
2021-05-27 00:00:00+02:00,762.0,780.0,760.0,780.0,81
2021-05-28 00:00:00+02:00,780.0,780.0,770.0,780.0,14
2021-05-31 00:00:00+02:00,776.0,780.0,774.0,780.0,216
2021-06-01 00:00:00+02:00,766.0,778.0,766.0,778.0,79
2021-06-02 00:00:00+02:00,778.0,778.0,770.0,770.0,796
2021-06-04 00:00:00+02:00,772.0,772.0,714.0,760.0,1086
2021-06-07 00:00:00+02:00,764.0,778.0,764.0,764.0,29
2021-06-08 00:00:00+02:00,766.0,770.0,758.0,768.0,10
2021-06-09 00:00:00+02:00,768.0,778.0,758.0,778.0,35
2021-06-10 00:00:00+02:00,760.0,778.0,756.0,778.0,33
2021-06-11 00:00:00+02:00,780.0,780.0,756.0,770.0,126
2021-06-14 00:00:00+02:00,764.0,790.0,764.0,790.0,1016
2021-06-15 00:00:00+02:00,790.0,800.0,788.0,790.0,199
2021-06-16 00:00:00+02:00,784.0,790.0,784.0,788.0,62
2021-06-17 00:00:00+02:00,786.0,786.0,756.0,778.0,102
2021-06-18 00:00:00+02:00,748.0,754.0,738.0,746.0,544
2021-06-21 00:00:00+02:00,744.0,744.0,714.0,730.0,275
2021-06-22 00:00:00+02:00,722.0,732.0,720.0,730.0,158
2021-06-23 00:00:00+02:00,734.0,734.0,730.0,732.0,50
2021-06-24 00:00:00+02:00,730.0,746.0,716.0,746.0,130
2021-06-25 00:00:00+02:00,748.0,748.0,742.0,742.0,39
2021-06-28 00:00:00+02:00,738.0,738.0,714.0,718.0,288
2021-06-29 00:00:00+02:00,720.0,730.0,704.0,714.0,404
2021-06-30 00:00:00+02:00,714.0,720.0,708.0,716.0,93
2021-07-01 00:00:00+02:00,744.0,744.0,714.0,734.0,235
2021-07-02 00:00:00+02:00,740.0,742.0,730.0,738.0,578
2021-07-05 00:00:00+02:00,740.0,744.0,736.0,738.0,90
2021-07-06 00:00:00+02:00,742.0,746.0,738.0,746.0,250
2021-07-07 00:00:00+02:00,740.0,758.0,740.0,754.0,208
2021-07-08 00:00:00+02:00,758.0,758.0,750.0,756.0,379
2021-07-09 00:00:00+02:00,752.0,758.0,750.0,756.0,61
2021-07-12 00:00:00+02:00,740.0,754.0,734.0,754.0,135
2021-07-13 00:00:00+02:00,758.0,758.0,734.0,756.0,66
2021-07-14 00:00:00+02:00,754.0,754.0,754.0,754.0,3
2021-07-15 00:00:00+02:00,758.0,758.0,732.0,732.0,106
2021-07-16 00:00:00+02:00,738.0,756.0,726.0,756.0,98
2021-07-19 00:00:00+02:00,756.0,756.0,720.0,730.0,202
2021-07-20 00:00:00+02:00,724.0,752.0,724.0,750.0,39
2021-07-21 00:00:00+02:00,750.0,750.0,750.0,750.0,7
2021-07-22 00:00:00+02:00,750.0,750.0,728.0,740.0,28
2021-07-23 00:00:00+02:00,750.0,752.0,744.0,750.0,82
2021-07-26 00:00:00+02:00,744.0,744.0,726.0,742.0,138
2021-07-27 00:00:00+02:00,742.0,746.0,738.0,738.0,100
2021-07-28 00:00:00+02:00,732.0,738.0,724.0,738.0,58
2021-07-29 00:00:00+02:00,746.0,746.0,736.0,740.0,8
2021-07-30 00:00:00+02:00,724.0,748.0,722.0,748.0,61
2021-08-02 00:00:00+02:00,748.0,748.0,740.0,744.0,53
2021-08-03 00:00:00+02:00,750.0,750.0,724.0,724.0,155
2021-08-04 00:00:00+02:00,724.0,730.0,724.0,730.0,29
2021-08-05 00:00:00+02:00,724.0,740.0,722.0,738.0,70
2021-08-06 00:00:00+02:00,730.0,730.0,718.0,724.0,231
2021-08-09 00:00:00+02:00,724.0,724.0,682.0,698.0,1715
2021-08-10 00:00:00+02:00,702.0,708.0,702.0,706.0,79
2021-08-11 00:00:00+02:00,706.0,720.0,706.0,714.0,69
2021-08-12 00:00:00+02:00,718.0,718.0,706.0,716.0,167
2021-08-13 00:00:00+02:00,706.0,712.0,704.0,712.0,46
2021-08-16 00:00:00+02:00,708.0,718.0,702.0,710.0,357
2021-08-17 00:00:00+02:00,706.0,710.0,698.0,706.0,234
2021-08-18 00:00:00+02:00,696.0,700.0,694.0,700.0,71
2021-08-19 00:00:00+02:00,700.0,702.0,688.0,702.0,119
2021-08-20 00:00:00+02:00,708.0,708.0,690.0,706.0,136
2021-08-23 00:00:00+02:00,706.0,710.0,700.0,700.0,346
2021-08-24 00:00:00+02:00,708.0,708.0,700.0,700.0,20
2021-08-25 00:00:00+02:00,696.0,704.0,696.0,704.0,39
2021-08-26 00:00:00+02:00,704.0,704.0,704.0,704.0,0
2021-08-27 00:00:00+02:00,704.0,742.0,702.0,740.0,6806
2021-08-30 00:00:00+02:00,742.0,750.0,730.0,748.0,249
2021-08-31 00:00:00+02:00,748.0,760.0,748.0,758.0,130
2021-09-01 00:00:00+02:00,734.0,758.0,732.0,740.0,139
2021-09-02 00:00:00+02:00,730.0,744.0,722.0,740.0,175
2021-09-03 00:00:00+02:00,730.0,746.0,730.0,746.0,74
2021-09-06 00:00:00+02:00,746.0,748.0,742.0,748.0,58
2021-09-07 00:00:00+02:00,746.0,746.0,730.0,744.0,85
2021-09-08 00:00:00+02:00,730.0,744.0,722.0,722.0,105
2021-09-09 00:00:00+02:00,724.0,740.0,724.0,740.0,26
2021-09-10 00:00:00+02:00,722.0,734.0,720.0,728.0,270
2021-09-13 00:00:00+02:00,730.0,736.0,728.0,728.0,38
2021-09-14 00:00:00+02:00,736.0,744.0,714.0,716.0,86
2021-09-15 00:00:00+02:00,720.0,734.0,716.0,728.0,104
2021-09-16 00:00:00+02:00,718.0,776.0,718.0,760.0,917
2021-09-17 00:00:00+02:00,778.0,788.0,768.0,768.0,482
2021-09-20 00:00:00+02:00,770.0,770.0,738.0,754.0,349
2021-09-21 00:00:00+02:00,754.0,770.0,740.0,764.0,270
2021-09-22 00:00:00+02:00,750.0,766.0,750.0,766.0,46
2021-09-23 00:00:00+02:00,766.0,768.0,752.0,766.0,215
2021-09-24 00:00:00+02:00,760.0,770.0,760.0,768.0,152
2021-09-27 00:00:00+02:00,768.0,770.0,762.0,768.0,319
2021-09-28 00:00:00+02:00,764.0,764.0,732.0,754.0,231
2021-09-29 00:00:00+02:00,750.0,756.0,738.0,756.0,88
2021-09-30 00:00:00+02:00,754.0,760.0,744.0,746.0,39
2021-10-01 00:00:00+02:00,746.0,750.0,740.0,740.0,37
2021-10-04 00:00:00+02:00,742.0,750.0,736.0,746.0,71
2021-10-05 00:00:00+02:00,736.0,746.0,736.0,746.0,63
2021-10-06 00:00:00+02:00,738.0,748.0,736.0,746.0,75
2021-10-07 00:00:00+02:00,742.0,748.0,736.0,746.0,108
2021-10-08 00:00:00+02:00,746.0,750.0,706.0,736.0,872
2021-10-11 00:00:00+02:00,722.0,742.0,712.0,738.0,254
2021-10-12 00:00:00+02:00,722.0,740.0,722.0,740.0,17
2021-10-13 00:00:00+02:00,750.0,750.0,722.0,744.0,57
2021-10-14 00:00:00+02:00,732.0,748.0,710.0,738.0,1643
2021-10-15 00:00:00+02:00,736.0,736.0,718.0,720.0,53
2021-10-18 00:00:00+02:00,718.0,750.0,718.0,748.0,180
2021-10-19 00:00:00+02:00,750.0,764.0,748.0,750.0,107
2021-10-20 00:00:00+02:00,750.0,750.0,738.0,746.0,109
2021-10-21 00:00:00+02:00,746.0,750.0,730.0,730.0,194
2021-10-22 00:00:00+02:00,730.0,734.0,730.0,734.0,146
2021-10-25 00:00:00+02:00,730.0,730.0,728.0,730.0,879
2021-10-26 00:00:00+02:00,734.0,734.0,730.0,732.0,55
2021-10-27 00:00:00+02:00,734.0,734.0,718.0,720.0,140
2021-10-28 00:00:00+02:00,724.0,734.0,722.0,724.0,99
2021-10-29 00:00:00+02:00,732.0,734.0,724.0,724.0,58
2021-11-02 00:00:00+01:00,726.0,746.0,726.0,738.0,82
2021-11-03 00:00:00+01:00,738.0,738.0,714.0,728.0,245
2021-11-04 00:00:00+01:00,726.0,736.0,714.0,730.0,98
2021-11-05 00:00:00+01:00,748.0,758.0,720.0,730.0,765
2021-11-08 00:00:00+01:00,740.0,740.0,718.0,734.0,1686
2021-11-09 00:00:00+01:00,734.0,734.0,714.0,728.0,213
2021-11-10 00:00:00+01:00,720.0,732.0,720.0,732.0,42
2021-11-12 00:00:00+01:00,720.0,732.0,718.0,724.0,100
2021-11-15 00:00:00+01:00,720.0,736.0,706.0,720.0,241
2021-11-16 00:00:00+01:00,706.0,720.0,706.0,718.0,168
2021-11-17 00:00:00+01:00,718.0,720.0,702.0,714.0,112
2021-11-18 00:00:00+01:00,704.0,722.0,688.0,690.0,424
2021-11-19 00:00:00+01:00,692.0,718.0,692.0,718.0,105
2021-11-22 00:00:00+01:00,718.0,718.0,692.0,706.0,145
2021-11-23 00:00:00+01:00,708.0,708.0,650.0,678.0,1346
2021-11-24 00:00:00+01:00,690.0,706.0,680.0,692.0,394
2021-11-25 00:00:00+01:00,700.0,708.0,700.0,708.0,20
2021-11-26 00:00:00+01:00,700.0,706.0,676.0,686.0,203
2021-11-29 00:00:00+01:00,686.0,700.0,678.0,692.0,48
2021-11-30 00:00:00+01:00,692.0,694.0,672.0,694.0,131
2021-12-01 00:00:00+01:00,700.0,708.0,690.0,694.0,63
2021-12-02 00:00:00+01:00,694.0,694.0,680.0,684.0,276
2021-12-03 00:00:00+01:00,684.0,692.0,684.0,692.0,11
2021-12-06 00:00:00+01:00,682.0,682.0,670.0,674.0,200
2021-12-07 00:00:00+01:00,682.0,694.0,674.0,676.0,21
2021-12-08 00:00:00+01:00,676.0,694.0,676.0,690.0,106
2021-12-09 00:00:00+01:00,698.0,698.0,680.0,682.0,74
2021-12-10 00:00:00+01:00,698.0,698.0,688.0,690.0,76
2021-12-13 00:00:00+01:00,700.0,700.0,690.0,698.0,1558
2021-12-14 00:00:00+01:00,698.0,700.0,680.0,690.0,128
2021-12-15 00:00:00+01:00,680.0,698.0,680.0,690.0,33
2021-12-16 00:00:00+01:00,694.0,694.0,672.0,680.0,618
2021-12-17 00:00:00+01:00,682.0,684.0,656.0,678.0,207
2021-12-20 00:00:00+01:00,676.0,676.0,654.0,660.0,208
2021-12-21 00:00:00+01:00,660.0,664.0,652.0,664.0,343
2021-12-22 00:00:00+01:00,664.0,668.0,654.0,666.0,125
2021-12-23 00:00:00+01:00,666.0,678.0,660.0,676.0,105
2021-12-27 00:00:00+01:00,682.0,688.0,672.0,680.0,138
2021-12-28 00:00:00+01:00,672.0,688.0,666.0,688.0,154
2021-12-29 00:00:00+01:00,688.0,694.0,684.0,694.0,165
2021-12-30 00:00:00+01:00,696.0,702.0,670.0,670.0,213
2022-01-03 00:00:00+01:00,672.0,696.0,670.0,688.0,286
2022-01-04 00:00:00+01:00,696.0,700.0,696.0,700.0,116
2022-01-05 00:00:00+01:00,702.0,710.0,682.0,698.0,172
2022-01-07 00:00:00+01:00,708.0,728.0,700.0,720.0,372
2022-01-10 00:00:00+01:00,722.0,840.0,722.0,798.0,2307
2022-01-11 00:00:00+01:00,812.0,812.0,784.0,802.0,576
2022-01-12 00:00:00+01:00,812.0,814.0,790.0,790.0,519
2022-01-13 00:00:00+01:00,790.0,802.0,786.0,790.0,206
2022-01-14 00:00:00+01:00,788.0,790.0,778.0,782.0,214
2022-01-17 00:00:00+01:00,786.0,786.0,770.0,772.0,596
2022-01-18 00:00:00+01:00,774.0,774.0,756.0,768.0,718
2022-01-19 00:00:00+01:00,768.0,768.0,752.0,756.0,583
2022-01-20 00:00:00+01:00,758.0,764.0,756.0,758.0,173
2022-01-21 00:00:00+01:00,756.0,756.0,740.0,748.0,494
2022-01-24 00:00:00+01:00,750.0,750.0,696.0,700.0,1145
2022-01-25 00:00:00+01:00,720.0,748.0,720.0,732.0,727
2022-01-26 00:00:00+01:00,744.0,752.0,740.0,750.0,947
2022-01-27 00:00:00+01:00,750.0,750.0,742.0,748.0,88
2022-01-28 00:00:00+01:00,748.0,748.0,712.0,722.0,222
2022-01-31 00:00:00+01:00,740.0,750.0,740.0,748.0,64
2022-02-01 00:00:00+01:00,740.0,750.0,722.0,750.0,44
2022-02-02 00:00:00+01:00,750.0,758.0,744.0,758.0,609
2022-02-03 00:00:00+01:00,758.0,758.0,750.0,758.0,239
2022-02-04 00:00:00+01:00,750.0,750.0,736.0,750.0,58
2022-02-07 00:00:00+01:00,750.0,750.0,732.0,742.0,72
2022-02-08 00:00:00+01:00,742.0,744.0,730.0,738.0,41
2022-02-09 00:00:00+01:00,738.0,748.0,738.0,746.0,63
2022-02-10 00:00:00+01:00,742.0,746.0,730.0,730.0,289
2022-02-11 00:00:00+01:00,734.0,734.0,724.0,730.0,151
2022-02-14 00:00:00+01:00,720.0,720.0,688.0,714.0,645
2022-02-15 00:00:00+01:00,718.0,730.0,708.0,716.0,196
2022-02-16 00:00:00+01:00,714.0,716.0,676.0,688.0,1822
2022-02-17 00:00:00+01:00,690.0,710.0,674.0,686.0,420
2022-02-18 00:00:00+01:00,686.0,686.0,672.0,676.0,291
2022-02-21 00:00:00+01:00,676.0,692.0,650.0,674.0,630
2022-02-22 00:00:00+01:00,656.0,708.0,656.0,694.0,500
2022-02-23 00:00:00+01:00,698.0,710.0,652.0,652.0,317
2022-02-24 00:00:00+01:00,632.0,680.0,570.0,610.0,4645
2022-02-25 00:00:00+01:00,610.0,660.0,610.0,660.0,751
2022-02-28 00:00:00+01:00,650.0,748.0,650.0,706.0,1999
2022-03-01 00:00:00+01:00,706.0,732.0,706.0,720.0,6584
2022-03-02 00:00:00+01:00,720.0,730.0,704.0,720.0,286
2022-03-03 00:00:00+01:00,734.0,734.0,692.0,698.0,1029
2022-03-04 00:00:00+01:00,700.0,700.0,658.0,676.0,1291
2022-03-07 00:00:00+01:00,664.0,670.0,628.0,650.0,2957
2022-03-08 00:00:00+01:00,654.0,664.0,632.0,654.0,749
2022-03-09 00:00:00+01:00,660.0,696.0,658.0,662.0,778
2022-03-10 00:00:00+01:00,662.0,680.0,662.0,666.0,180
2022-03-11 00:00:00+01:00,666.0,680.0,666.0,678.0,261
2022-03-14 00:00:00+01:00,678.0,690.0,678.0,688.0,158
2022-03-15 00:00:00+01:00,698.0,698.0,678.0,678.0,34
2022-03-16 00:00:00+01:00,684.0,690.0,674.0,688.0,174
2022-03-17 00:00:00+01:00,690.0,698.0,666.0,692.0,300
2022-03-18 00:00:00+01:00,694.0,708.0,692.0,704.0,297
2022-03-21 00:00:00+01:00,708.0,708.0,678.0,704.0,149
2022-03-22 00:00:00+01:00,704.0,704.0,696.0,698.0,38
2022-03-23 00:00:00+01:00,710.0,710.0,694.0,708.0,131
2022-03-24 00:00:00+01:00,704.0,708.0,704.0,704.0,115
2022-03-25 00:00:00+01:00,706.0,716.0,704.0,706.0,103
2022-03-28 00:00:00+02:00,708.0,720.0,704.0,716.0,131
2022-03-29 00:00:00+02:00,714.0,720.0,706.0,706.0,1131
2022-03-30 00:00:00+02:00,712.0,738.0,708.0,708.0,308
2022-03-31 00:00:00+02:00,710.0,720.0,708.0,718.0,257
2022-04-01 00:00:00+02:00,718.0,724.0,712.0,724.0,81
2022-04-04 00:00:00+02:00,724.0,726.0,712.0,726.0,62
2022-04-05 00:00:00+02:00,728.0,728.0,724.0,726.0,41
2022-04-06 00:00:00+02:00,726.0,726.0,718.0,724.0,45
2022-04-07 00:00:00+02:00,724.0,726.0,718.0,724.0,78
2022-04-08 00:00:00+02:00,708.0,724.0,680.0,712.0,501
2022-04-11 00:00:00+02:00,702.0,708.0,694.0,700.0,105
2022-04-12 00:00:00+02:00,718.0,720.0,690.0,690.0,141
2022-04-13 00:00:00+02:00,718.0,718.0,684.0,684.0,142
2022-04-14 00:00:00+02:00,686.0,710.0,686.0,688.0,63
2022-04-19 00:00:00+02:00,688.0,704.0,682.0,694.0,82
2022-04-20 00:00:00+02:00,702.0,702.0,682.0,686.0,139
2022-04-21 00:00:00+02:00,688.0,700.0,688.0,696.0,42
2022-04-22 00:00:00+02:00,700.0,702.0,670.0,678.0,246
2022-04-25 00:00:00+02:00,662.0,690.0,640.0,676.0,431
2022-04-26 00:00:00+02:00,676.0,688.0,662.0,684.0,82
2022-04-27 00:00:00+02:00,682.0,682.0,654.0,678.0,95
2022-04-28 00:00:00+02:00,678.0,678.0,666.0,666.0,72
2022-04-29 00:00:00+02:00,666.0,672.0,658.0,668.0,133
2022-05-02 00:00:00+02:00,654.0,664.0,630.0,638.0,161
2022-05-04 00:00:00+02:00,648.0,668.0,648.0,666.0,94
2022-05-05 00:00:00+02:00,660.0,668.0,650.0,650.0,58
2022-05-06 00:00:00+02:00,650.0,662.0,638.0,638.0,122
2022-05-09 00:00:00+02:00,638.0,646.0,610.0,620.0,314
2022-05-10 00:00:00+02:00,630.0,630.0,604.0,610.0,281
2022-05-11 00:00:00+02:00,620.0,632.0,616.0,632.0,118
2022-05-12 00:00:00+02:00,608.0,628.0,600.0,610.0,362
2022-05-13 00:00:00+02:00,610.0,626.0,610.0,626.0,90
2022-05-16 00:00:00+02:00,612.0,630.0,612.0,628.0,194
2022-05-17 00:00:00+02:00,614.0,628.0,602.0,618.0,317
2022-05-18 00:00:00+02:00,630.0,630.0,610.0,620.0,66
2022-05-19 00:00:00+02:00,612.0,614.0,590.0,600.0,177
2022-05-20 00:00:00+02:00,602.0,610.0,596.0,610.0,210
2022-05-23 00:00:00+02:00,610.0,614.0,600.0,614.0,101
2022-05-24 00:00:00+02:00,606.0,606.0,588.0,588.0,209
2022-05-25 00:00:00+02:00,590.0,608.0,580.0,584.0,329
2022-05-26 00:00:00+02:00,588.0,590.0,576.0,580.0,413
2022-05-27 00:00:00+02:00,594.0,594.0,580.0,580.0,50
2022-05-30 00:00:00+02:00,596.0,600.0,580.0,586.0,121
2022-05-31 00:00:00+02:00,596.0,610.0,588.0,610.0,67
2022-06-01 00:00:00+02:00,608.0,638.0,602.0,620.0,91
2022-06-02 00:00:00+02:00,618.0,618.0,590.0,600.0,63
2022-06-03 00:00:00+02:00,600.0,612.0,582.0,590.0,108
2022-06-06 00:00:00+02:00,582.0,600.0,576.0,580.0,113
2022-06-07 00:00:00+02:00,580.0,594.0,578.0,584.0,107
2022-06-08 00:00:00+02:00,584.0,586.0,572.0,572.0,124
2022-06-09 00:00:00+02:00,572.0,586.0,570.0,582.0,153
2022-06-10 00:00:00+02:00,584.0,592.0,580.0,588.0,94
2022-06-13 00:00:00+02:00,588.0,588.0,560.0,560.0,327
2022-06-14 00:00:00+02:00,560.0,566.0,560.0,564.0,21
2022-06-15 00:00:00+02:00,560.0,616.0,560.0,590.0,81
2022-06-17 00:00:00+02:00,594.0,598.0,578.0,598.0,64
2022-06-20 00:00:00+02:00,600.0,600.0,576.0,590.0,82
2022-06-21 00:00:00+02:00,600.0,618.0,598.0,612.0,22220
2022-06-22 00:00:00+02:00,614.0,620.0,604.0,620.0,300
2022-06-23 00:00:00+02:00,628.0,650.0,594.0,650.0,950
2022-06-24 00:00:00+02:00,642.0,678.0,632.0,636.0,347
2022-06-27 00:00:00+02:00,650.0,650.0,620.0,640.0,149
2022-06-28 00:00:00+02:00,630.0,638.0,620.0,620.0,64
2022-06-29 00:00:00+02:00,616.0,626.0,596.0,622.0,432
2022-06-30 00:00:00+02:00,620.0,620.0,610.0,614.0,30
2022-07-01 00:00:00+02:00,614.0,622.0,610.0,610.0,71
2022-07-04 00:00:00+02:00,622.0,622.0,602.0,610.0,76
2022-07-05 00:00:00+02:00,612.0,620.0,596.0,596.0,139
2022-07-06 00:00:00+02:00,596.0,610.0,590.0,590.0,325
2022-07-07 00:00:00+02:00,604.0,616.0,604.0,614.0,48
2022-07-08 00:00:00+02:00,616.0,616.0,572.0,586.0,9781
2022-07-11 00:00:00+02:00,578.0,596.0,568.0,572.0,275
2022-07-12 00:00:00+02:00,578.0,578.0,554.0,562.0,439
2022-07-13 00:00:00+02:00,562.0,574.0,554.0,574.0,160
2022-07-14 00:00:00+02:00,576.0,576.0,540.0,556.0,340
2022-07-15 00:00:00+02:00,556.0,564.0,540.0,564.0,165
2022-07-18 00:00:00+02:00,564.0,566.0,554.0,564.0,88
2022-07-19 00:00:00+02:00,552.0,576.0,550.0,576.0,100
2022-07-20 00:00:00+02:00,576.0,578.0,562.0,574.0,38
2022-07-21 00:00:00+02:00,576.0,582.0,568.0,570.0,1585
2022-07-22 00:00:00+02:00,570.0,578.0,564.0,578.0,118
2022-07-25 00:00:00+02:00,578.0,590.0,576.0,590.0,55
2022-07-26 00:00:00+02:00,588.0,588.0,572.0,576.0,398
2022-07-27 00:00:00+02:00,588.0,590.0,574.0,590.0,368
2022-07-28 00:00:00+02:00,590.0,590.0,560.0,562.0,166
2022-07-29 00:00:00+02:00,562.0,584.0,562.0,584.0,100
2022-08-01 00:00:00+02:00,584.0,590.0,580.0,580.0,64
2022-08-02 00:00:00+02:00,588.0,596.0,584.0,596.0,185
2022-08-03 00:00:00+02:00,596.0,600.0,586.0,600.0,3710
2022-08-04 00:00:00+02:00,598.0,600.0,586.0,586.0,133
2022-08-05 00:00:00+02:00,598.0,600.0,590.0,600.0,15
2022-08-08 00:00:00+02:00,590.0,598.0,586.0,588.0,96
2022-08-09 00:00:00+02:00,584.0,584.0,560.0,566.0,1424
2022-08-10 00:00:00+02:00,568.0,574.0,562.0,574.0,139
2022-08-11 00:00:00+02:00,574.0,574.0,550.0,560.0,384
2022-08-12 00:00:00+02:00,560.0,572.0,546.0,552.0,449
2022-08-16 00:00:00+02:00,564.0,572.0,554.0,560.0,259
2022-08-17 00:00:00+02:00,560.0,572.0,546.0,566.0,238
2022-08-18 00:00:00+02:00,562.0,566.0,558.0,564.0,54
2022-08-19 00:00:00+02:00,566.0,566.0,560.0,560.0,57
2022-08-22 00:00:00+02:00,560.0,560.0,536.0,552.0,240
2022-08-23 00:00:00+02:00,542.0,556.0,542.0,556.0,142
2022-08-24 00:00:00+02:00,552.0,570.0,550.0,568.0,380
2022-08-25 00:00:00+02:00,570.0,572.0,558.0,560.0,132
2022-08-26 00:00:00+02:00,560.0,568.0,552.0,562.0,68
2022-08-29 00:00:00+02:00,562.0,562.0,548.0,558.0,432
2022-08-30 00:00:00+02:00,558.0,558.0,550.0,554.0,17
2022-08-31 00:00:00+02:00,554.0,558.0,544.0,544.0,209
2022-09-01 00:00:00+02:00,544.0,546.0,534.0,534.0,247
2022-09-02 00:00:00+02:00,540.0,546.0,534.0,540.0,17
2022-09-05 00:00:00+02:00,540.0,540.0,536.0,536.0,108
2022-09-06 00:00:00+02:00,536.0,538.0,532.0,538.0,200
2022-09-07 00:00:00+02:00,538.0,548.0,532.0,548.0,70
2022-09-08 00:00:00+02:00,546.0,550.0,536.0,546.0,19
2022-09-09 00:00:00+02:00,540.0,550.0,540.0,550.0,52
2022-09-12 00:00:00+02:00,550.0,552.0,538.0,552.0,56
2022-09-13 00:00:00+02:00,552.0,552.0,532.0,544.0,96
2022-09-14 00:00:00+02:00,542.0,562.0,536.0,562.0,2722
2022-09-15 00:00:00+02:00,552.0,558.0,550.0,558.0,220
2022-09-16 00:00:00+02:00,558.0,562.0,550.0,560.0,155
2022-09-19 00:00:00+02:00,532.0,532.0,476.0,480.0,5807
2022-09-20 00:00:00+02:00,478.0,489.0,450.0,483.0,1795
2022-09-21 00:00:00+02:00,476.0,476.0,461.0,470.0,151
2022-09-22 00:00:00+02:00,469.0,469.0,450.0,467.0,366
2022-09-23 00:00:00+02:00,457.0,461.0,448.0,456.0,960
2022-09-26 00:00:00+02:00,437.0,440.0,424.0,436.0,918
2022-09-27 00:00:00+02:00,435.0,445.0,433.0,444.0,146
2022-09-28 00:00:00+02:00,444.0,444.0,431.0,440.0,121
2022-09-29 00:00:00+02:00,436.0,441.0,430.0,441.0,154
2022-09-30 00:00:00+02:00,441.0,441.0,432.0,441.0,26
2022-10-03 00:00:00+02:00,440.0,440.0,425.0,435.0,149
2022-10-04 00:00:00+02:00,435.0,439.0,425.0,439.0,128
2022-10-05 00:00:00+02:00,438.0,438.0,426.0,435.0,69
2022-10-06 00:00:00+02:00,427.0,441.0,421.0,440.0,245
2022-10-07 00:00:00+02:00,440.0,448.0,428.0,448.0,198
2022-10-10 00:00:00+02:00,447.0,447.0,440.0,440.0,8
2022-10-11 00:00:00+02:00,440.0,446.0,428.0,446.0,30
2022-10-12 00:00:00+02:00,440.0,447.0,440.0,446.0,221
2022-10-13 00:00:00+02:00,448.0,460.0,441.0,457.0,70
2022-10-14 00:00:00+02:00,457.0,457.0,433.0,457.0,65
2022-10-17 00:00:00+02:00,442.0,450.0,430.0,438.0,479
2022-10-18 00:00:00+02:00,438.0,438.0,425.0,431.0,216
2022-10-19 00:00:00+02:00,430.0,440.0,430.0,440.0,133
2022-10-20 00:00:00+02:00,425.0,440.0,424.0,440.0,1750
2022-10-21 00:00:00+02:00,430.0,440.0,430.0,439.0,222
2022-10-24 00:00:00+02:00,434.0,435.0,426.0,428.0,244
2022-10-25 00:00:00+02:00,427.0,430.0,402.0,428.0,206
2022-10-26 00:00:00+02:00,416.0,420.0,401.0,407.0,441
2022-10-27 00:00:00+02:00,410.0,425.0,410.0,420.0,83
2022-10-28 00:00:00+02:00,411.0,423.0,407.0,421.0,89
2022-10-31 00:00:00+01:00,423.0,423.0,411.0,423.0,159
2022-11-02 00:00:00+01:00,420.0,460.0,413.0,458.0,371
2022-11-03 00:00:00+01:00,438.0,455.0,435.0,446.0,56
2022-11-04 00:00:00+01:00,449.0,449.0,409.0,429.0,327
2022-11-07 00:00:00+01:00,429.0,443.0,418.0,435.0,649
2022-11-08 00:00:00+01:00,435.0,453.0,435.0,453.0,181
2022-11-09 00:00:00+01:00,452.0,460.0,446.0,446.0,253
2022-11-10 00:00:00+01:00,450.0,452.0,445.0,445.0,81
2022-11-14 00:00:00+01:00,445.0,450.0,437.0,441.0,99
2022-11-15 00:00:00+01:00,438.0,469.0,438.0,465.0,654
2022-11-16 00:00:00+01:00,467.0,467.0,458.0,465.0,60
2022-11-17 00:00:00+01:00,465.0,466.0,458.0,465.0,62
2022-11-18 00:00:00+01:00,466.0,466.0,458.0,458.0,7
2022-11-21 00:00:00+01:00,456.0,465.0,451.0,465.0,290
2022-11-22 00:00:00+01:00,465.0,467.0,460.0,460.0,1098
2022-11-23 00:00:00+01:00,467.0,482.0,467.0,482.0,346
2022-11-24 00:00:00+01:00,480.0,487.0,475.0,487.0,98
2022-11-25 00:00:00+01:00,487.0,487.0,471.0,477.0,165
2022-11-28 00:00:00+01:00,472.0,474.0,471.0,474.0,21
2022-11-29 00:00:00+01:00,472.0,474.0,471.0,474.0,18
2022-11-30 00:00:00+01:00,477.0,477.0,471.0,472.0,79
2022-12-01 00:00:00+01:00,473.0,486.0,473.0,486.0,94
2022-12-02 00:00:00+01:00,485.0,488.0,485.0,488.0,93
2022-12-05 00:00:00+01:00,488.0,510.0,488.0,510.0,479
2022-12-06 00:00:00+01:00,510.0,510.0,494.0,500.0,70
2022-12-07 00:00:00+01:00,504.0,504.0,497.0,504.0,25
2022-12-08 00:00:00+01:00,499.0,500.0,496.0,500.0,114
2022-12-09 00:00:00+01:00,500.0,504.0,489.0,502.0,532
2022-12-12 00:00:00+01:00,492.0,502.0,490.0,502.0,66
2022-12-13 00:00:00+01:00,502.0,502.0,473.0,473.0,369
2022-12-14 00:00:00+01:00,472.0,472.0,452.0,468.0,1229
2022-12-15 00:00:00+01:00,468.0,468.0,457.0,462.0,31
2022-12-16 00:00:00+01:00,458.0,458.0,443.0,452.0,233
2022-12-19 00:00:00+01:00,450.0,451.0,446.0,448.0,98
2022-12-20 00:00:00+01:00,447.0,447.0,441.0,442.0,141
2022-12-21 00:00:00+01:00,452.0,460.0,442.0,449.0,67
2022-12-22 00:00:00+01:00,451.0,451.0,428.0,441.0,145
2022-12-23 00:00:00+01:00,441.0,444.0,432.0,432.0,101
2022-12-27 00:00:00+01:00,439.0,439.0,429.0,434.0,1243
2022-12-28 00:00:00+01:00,431.0,440.0,431.0,435.0,202
2022-12-29 00:00:00+01:00,435.0,458.0,433.0,458.0,142
2022-12-30 00:00:00+01:00,451.0,455.0,450.0,452.0,69
2023-01-02 00:00:00+01:00,446.0,465.0,443.0,450.0,99
2023-01-03 00:00:00+01:00,452.0,458.0,452.0,456.0,109
2023-01-04 00:00:00+01:00,455.0,455.0,445.0,452.0,82
2023-01-05 00:00:00+01:00,454.0,454.0,449.0,454.0,112
2023-01-09 00:00:00+01:00,459.0,480.0,453.0,476.0,175
2023-01-10 00:00:00+01:00,474.0,478.0,470.0,470.0,115
2023-01-11 00:00:00+01:00,470.0,470.0,460.0,467.0,129
2023-01-12 00:00:00+01:00,461.0,469.0,461.0,466.0,95
2023-01-13 00:00:00+01:00,466.0,469.0,465.0,465.0,54
2023-01-16 00:00:00+01:00,463.0,506.0,463.0,500.0,316
2023-01-17 00:00:00+01:00,500.0,500.0,470.0,480.0,303
2023-01-18 00:00:00+01:00,466.0,479.0,447.0,455.0,1610
2023-01-19 00:00:00+01:00,459.0,468.0,445.0,447.0,318
2023-01-20 00:00:00+01:00,457.0,479.0,457.0,467.0,168
2023-01-23 00:00:00+01:00,460.0,468.0,451.0,451.0,294
2023-01-24 00:00:00+01:00,454.0,461.0,451.0,460.0,314
2023-01-25 00:00:00+01:00,460.0,460.0,452.0,456.0,184
2023-01-26 00:00:00+01:00,459.0,470.0,451.0,467.0,302
2023-01-27 00:00:00+01:00,467.0,467.0,452.0,460.0,179
2023-01-30 00:00:00+01:00,465.0,465.0,455.0,456.0,90
2023-01-31 00:00:00+01:00,456.0,459.0,453.0,457.0,100
2023-02-01 00:00:00+01:00,454.0,470.0,453.0,470.0,95
2023-02-02 00:00:00+01:00,464.0,475.0,458.0,472.0,1083
2023-02-03 00:00:00+01:00,474.0,500.0,460.0,473.0,278
2023-02-06 00:00:00+01:00,475.0,475.0,460.0,465.0,4282
2023-02-07 00:00:00+01:00,474.0,474.0,466.0,466.0,48
2023-02-08 00:00:00+01:00,462.0,482.0,462.0,480.0,79
2023-02-09 00:00:00+01:00,475.0,492.0,475.0,492.0,219
2023-02-10 00:00:00+01:00,495.0,495.0,478.0,495.0,245
2023-02-13 00:00:00+01:00,486.0,502.0,469.0,502.0,423
2023-02-14 00:00:00+01:00,496.0,502.0,486.0,496.0,421
2023-02-15 00:00:00+01:00,496.0,510.0,496.0,496.0,286
2023-02-16 00:00:00+01:00,496.0,514.0,478.0,484.0,499
2023-02-17 00:00:00+01:00,485.0,492.0,463.0,492.0,222
2023-02-20 00:00:00+01:00,493.0,498.0,493.0,498.0,28
2023-02-21 00:00:00+01:00,493.0,493.0,480.0,481.0,158
2023-02-22 00:00:00+01:00,487.0,487.0,470.0,473.0,79
2023-02-23 00:00:00+01:00,485.0,491.0,485.0,485.0,139
2023-02-24 00:00:00+01:00,491.0,491.0,485.0,490.0,116
2023-02-27 00:00:00+01:00,493.0,497.0,490.0,496.0,34
2023-02-28 00:00:00+01:00,496.0,508.0,496.0,508.0,201
2023-03-01 00:00:00+01:00,510.0,510.0,500.0,510.0,359
2023-03-02 00:00:00+01:00,506.0,516.0,500.0,502.0,234
2023-03-03 00:00:00+01:00,506.0,516.0,502.0,516.0,55
2023-03-06 00:00:00+01:00,518.0,556.0,512.0,556.0,704
2023-03-07 00:00:00+01:00,556.0,558.0,550.0,550.0,110
2023-03-08 00:00:00+01:00,548.0,554.0,528.0,550.0,276
2023-03-09 00:00:00+01:00,550.0,560.0,548.0,560.0,292
2023-03-10 00:00:00+01:00,550.0,562.0,546.0,550.0,761
2023-03-13 00:00:00+01:00,550.0,556.0,544.0,554.0,834
2023-03-14 00:00:00+01:00,554.0,556.0,518.0,546.0,1258
2023-03-15 00:00:00+01:00,556.0,556.0,540.0,548.0,249
2023-03-16 00:00:00+01:00,538.0,544.0,538.0,544.0,63
2023-03-17 00:00:00+01:00,548.0,552.0,536.0,546.0,76
2023-03-20 00:00:00+01:00,546.0,554.0,538.0,548.0,204
2023-03-21 00:00:00+01:00,552.0,554.0,542.0,542.0,181
2023-03-22 00:00:00+01:00,550.0,550.0,550.0,550.0,280
2023-03-23 00:00:00+01:00,550.0,556.0,542.0,552.0,170
2023-03-24 00:00:00+01:00,546.0,560.0,546.0,560.0,196
2023-03-27 00:00:00+02:00,560.0,566.0,550.0,566.0,305
2023-03-28 00:00:00+02:00,552.0,564.0,552.0,560.0,5301
2023-03-29 00:00:00+02:00,546.0,548.0,546.0,548.0,41
2023-03-30 00:00:00+02:00,544.0,556.0,544.0,546.0,108
2023-03-31 00:00:00+02:00,546.0,566.0,546.0,550.0,498
2023-04-03 00:00:00+02:00,558.0,560.0,550.0,550.0,312
2023-04-04 00:00:00+02:00,558.0,560.0,550.0,550.0,348
2023-04-05 00:00:00+02:00,552.0,552.0,514.0,520.0,722
2023-04-06 00:00:00+02:00,520.0,532.0,520.0,532.0,211
2023-04-11 00:00:00+02:00,532.0,532.0,516.0,532.0,253
2023-04-12 00:00:00+02:00,538.0,542.0,516.0,542.0,132
2023-04-13 00:00:00+02:00,524.0,536.0,524.0,524.0,77
2023-04-14 00:00:00+02:00,550.0,600.0,532.0,590.0,1854
2023-04-17 00:00:00+02:00,596.0,596.0,560.0,582.0,592
2023-04-18 00:00:00+02:00,586.0,586.0,554.0,562.0,524
2023-04-19 00:00:00+02:00,558.0,588.0,542.0,588.0,936
2023-04-20 00:00:00+02:00,594.0,600.0,586.0,588.0,573
2023-04-21 00:00:00+02:00,588.0,600.0,588.0,588.0,570
2023-04-24 00:00:00+02:00,588.0,590.0,570.0,588.0,477
2023-04-25 00:00:00+02:00,590.0,608.0,582.0,590.0,226
2023-04-26 00:00:00+02:00,600.0,614.0,590.0,614.0,258
2023-04-27 00:00:00+02:00,610.0,610.0,592.0,594.0,262
2023-04-28 00:00:00+02:00,600.0,608.0,596.0,600.0,125
2023-05-02 00:00:00+02:00,600.0,600.0,588.0,590.0,94
2023-05-04 00:00:00+02:00,588.0,622.0,588.0,600.0,685
2023-05-05 00:00:00+02:00,594.0,606.0,594.0,600.0,113
2023-05-08 00:00:00+02:00,598.0,600.0,598.0,600.0,12
2023-05-09 00:00:00+02:00,602.0,602.0,596.0,596.0,197
2023-05-10 00:00:00+02:00,600.0,610.0,600.0,600.0,450
2023-05-11 00:00:00+02:00,596.0,600.0,596.0,598.0,1033
2023-05-12 00:00:00+02:00,600.0,606.0,600.0,600.0,52
2023-05-15 00:00:00+02:00,600.0,600.0,600.0,600.0,40
2023-05-16 00:00:00+02:00,606.0,612.0,602.0,608.0,36
2023-05-17 00:00:00+02:00,608.0,610.0,602.0,610.0,16
2023-05-18 00:00:00+02:00,610.0,610.0,602.0,602.0,26
2023-05-19 00:00:00+02:00,604.0,610.0,602.0,608.0,23
2023-05-22 00:00:00+02:00,608.0,608.0,600.0,606.0,221
2023-05-23 00:00:00+02:00,606.0,608.0,600.0,608.0,133
2023-05-24 00:00:00+02:00,600.0,612.0,568.0,600.0,1220
2023-05-25 00:00:00+02:00,602.0,606.0,598.0,600.0,79
2023-05-26 00:00:00+02:00,606.0,616.0,606.0,612.0,109
2023-05-29 00:00:00+02:00,616.0,626.0,616.0,624.0,321
2023-05-30 00:00:00+02:00,628.0,648.0,628.0,640.0,159
2023-05-31 00:00:00+02:00,624.0,638.0,614.0,614.0,2334
2023-06-01 00:00:00+02:00,630.0,638.0,616.0,624.0,346
2023-06-02 00:00:00+02:00,626.0,650.0,626.0,650.0,174
2023-06-05 00:00:00+02:00,650.0,652.0,640.0,650.0,248
2023-06-06 00:00:00+02:00,650.0,652.0,640.0,652.0,338
2023-06-07 00:00:00+02:00,652.0,664.0,652.0,664.0,217
2023-06-09 00:00:00+02:00,664.0,664.0,650.0,650.0,377
2023-06-12 00:00:00+02:00,650.0,670.0,650.0,654.0,260
2023-06-13 00:00:00+02:00,710.0,730.0,698.0,700.0,3067
2023-06-14 00:00:00+02:00,668.0,674.0,630.0,662.0,1777
2023-06-15 00:00:00+02:00,662.0,662.0,652.0,660.0,130
2023-06-16 00:00:00+02:00,660.0,660.0,652.0,652.0,70
2023-06-19 00:00:00+02:00,668.0,668.0,654.0,660.0,198
2023-06-20 00:00:00+02:00,630.0,636.0,568.0,570.0,4141
2023-06-21 00:00:00+02:00,568.0,590.0,562.0,580.0,692
2023-06-22 00:00:00+02:00,578.0,582.0,566.0,572.0,531
2023-06-23 00:00:00+02:00,566.0,580.0,566.0,580.0,208
2023-06-26 00:00:00+02:00,582.0,582.0,570.0,572.0,248
2023-06-27 00:00:00+02:00,570.0,578.0,570.0,574.0,64
2023-06-28 00:00:00+02:00,574.0,588.0,572.0,586.0,150
2023-06-29 00:00:00+02:00,588.0,588.0,576.0,586.0,2322
2023-06-30 00:00:00+02:00,586.0,586.0,564.0,572.0,1406
2023-07-03 00:00:00+02:00,572.0,572.0,542.0,560.0,619
2023-07-04 00:00:00+02:00,552.0,562.0,550.0,558.0,117
2023-07-05 00:00:00+02:00,550.0,580.0,534.0,580.0,1193
2023-07-06 00:00:00+02:00,576.0,580.0,548.0,580.0,742
2023-07-07 00:00:00+02:00,566.0,578.0,550.0,554.0,277
2023-07-10 00:00:00+02:00,550.0,562.0,550.0,562.0,42
2023-07-11 00:00:00+02:00,566.0,568.0,556.0,558.0,72
2023-07-12 00:00:00+02:00,562.0,566.0,558.0,566.0,74
2023-07-13 00:00:00+02:00,568.0,568.0,552.0,556.0,150
2023-07-14 00:00:00+02:00,560.0,572.0,560.0,564.0,137
2023-07-17 00:00:00+02:00,558.0,558.0,534.0,544.0,805
2023-07-18 00:00:00+02:00,540.0,540.0,520.0,528.0,719
2023-07-19 00:00:00+02:00,528.0,530.0,522.0,530.0,261
2023-07-20 00:00:00+02:00,520.0,528.0,520.0,528.0,276
2023-07-21 00:00:00+02:00,520.0,528.0,520.0,526.0,213
2023-07-24 00:00:00+02:00,522.0,542.0,522.0,540.0,173
2023-07-25 00:00:00+02:00,534.0,542.0,526.0,538.0,172
2023-07-26 00:00:00+02:00,532.0,540.0,532.0,536.0,134
2023-07-27 00:00:00+02:00,538.0,564.0,538.0,560.0,220
2023-07-28 00:00:00+02:00,558.0,576.0,556.0,574.0,252
2023-07-31 00:00:00+02:00,574.0,580.0,568.0,576.0,145
2023-08-01 00:00:00+02:00,572.0,576.0,552.0,558.0,175
2023-08-02 00:00:00+02:00,550.0,552.0,542.0,548.0,341
2023-08-03 00:00:00+02:00,542.0,550.0,542.0,550.0,5
2023-08-04 00:00:00+02:00,532.0,548.0,528.0,548.0,305
2023-08-07 00:00:00+02:00,540.0,544.0,528.0,544.0,138
2023-08-08 00:00:00+02:00,544.0,544.0,536.0,538.0,20
2023-08-09 00:00:00+02:00,540.0,542.0,536.0,542.0,61
2023-08-10 00:00:00+02:00,536.0,540.0,536.0,536.0,49
2023-08-11 00:00:00+02:00,542.0,544.0,530.0,544.0,71
2023-08-14 00:00:00+02:00,544.0,544.0,544.0,544.0,3
2023-08-16 00:00:00+02:00,544.0,544.0,528.0,530.0,827
2023-08-17 00:00:00+02:00,526.0,544.0,524.0,544.0,1158
2023-08-18 00:00:00+02:00,544.0,544.0,534.0,544.0,44
2023-08-21 00:00:00+02:00,532.0,542.0,532.0,542.0,7
2023-08-22 00:00:00+02:00,542.0,544.0,542.0,544.0,50
2023-08-23 00:00:00+02:00,534.0,540.0,534.0,540.0,14
2023-08-24 00:00:00+02:00,540.0,540.0,530.0,534.0,113
2023-08-25 00:00:00+02:00,530.0,540.0,526.0,540.0,33
2023-08-28 00:00:00+02:00,540.0,540.0,540.0,540.0,3
2023-08-29 00:00:00+02:00,540.0,544.0,530.0,542.0,231
2023-08-30 00:00:00+02:00,544.0,544.0,530.0,536.0,44
2023-08-31 00:00:00+02:00,530.0,548.0,530.0,538.0,115
2023-09-01 00:00:00+02:00,542.0,548.0,530.0,546.0,61
2023-09-04 00:00:00+02:00,540.0,540.0,540.0,540.0,42
2023-09-05 00:00:00+02:00,538.0,548.0,538.0,548.0,381
2023-09-06 00:00:00+02:00,548.0,548.0,544.0,544.0,32
2023-09-07 00:00:00+02:00,544.0,550.0,532.0,550.0,234
2023-09-08 00:00:00+02:00,550.0,552.0,548.0,552.0,103
2023-09-11 00:00:00+02:00,552.0,556.0,536.0,552.0,92
2023-09-12 00:00:00+02:00,550.0,550.0,536.0,542.0,17
2023-09-13 00:00:00+02:00,542.0,542.0,530.0,540.0,22
2023-09-14 00:00:00+02:00,540.0,540.0,526.0,536.0,63
2023-09-15 00:00:00+02:00,528.0,536.0,526.0,536.0,50
2023-09-18 00:00:00+02:00,536.0,536.0,526.0,528.0,35
2023-09-19 00:00:00+02:00,528.0,536.0,524.0,536.0,6206
2023-09-20 00:00:00+02:00,536.0,542.0,532.0,540.0,529
2023-09-21 00:00:00+02:00,532.0,540.0,532.0,534.0,94
2023-09-22 00:00:00+02:00,532.0,544.0,532.0,544.0,220
2023-09-25 00:00:00+02:00,544.0,544.0,532.0,544.0,140
2023-09-26 00:00:00+02:00,538.0,538.0,534.0,538.0,38
2023-09-27 00:00:00+02:00,538.0,544.0,538.0,540.0,170
2023-09-28 00:00:00+02:00,540.0,540.0,532.0,534.0,189
2023-09-29 00:00:00+02:00,534.0,534.0,532.0,534.0,77
2023-10-02 00:00:00+02:00,536.0,536.0,532.0,532.0,65
2023-10-03 00:00:00+02:00,532.0,534.0,528.0,530.0,53
2023-10-04 00:00:00+02:00,526.0,532.0,510.0,528.0,181
2023-10-05 00:00:00+02:00,518.0,520.0,514.0,518.0,375
2023-10-06 00:00:00+02:00,518.0,520.0,518.0,518.0,310
2023-10-09 00:00:00+02:00,518.0,518.0,510.0,514.0,40
2023-10-10 00:00:00+02:00,512.0,514.0,510.0,514.0,108
2023-10-11 00:00:00+02:00,512.0,514.0,510.0,514.0,11
2023-10-12 00:00:00+02:00,514.0,516.0,510.0,510.0,92
2023-10-13 00:00:00+02:00,514.0,530.0,514.0,514.0,231
2023-10-16 00:00:00+02:00,516.0,530.0,516.0,530.0,109
2023-10-17 00:00:00+02:00,522.0,522.0,522.0,522.0,8
2023-10-18 00:00:00+02:00,522.0,524.0,520.0,520.0,47
2023-10-19 00:00:00+02:00,516.0,524.0,510.0,524.0,331
2023-10-20 00:00:00+02:00,522.0,522.0,510.0,514.0,127
2023-10-23 00:00:00+02:00,516.0,516.0,510.0,510.0,9
2023-10-24 00:00:00+02:00,510.0,520.0,510.0,520.0,162
2023-10-25 00:00:00+02:00,520.0,522.0,508.0,508.0,90
2023-10-26 00:00:00+02:00,499.0,500.0,467.0,490.0,455
2023-10-27 00:00:00+02:00,476.0,499.0,476.0,487.0,574
2023-10-30 00:00:00+01:00,490.0,490.0,477.0,478.0,163
2023-10-31 00:00:00+01:00,478.0,478.0,467.0,470.0,204
2023-11-02 00:00:00+01:00,465.0,470.0,451.0,456.0,585
2023-11-03 00:00:00+01:00,450.0,452.0,442.0,449.0,776
2023-11-06 00:00:00+01:00,449.0,455.0,435.0,437.0,1078
2023-11-07 00:00:00+01:00,434.0,439.0,432.0,432.0,499
2023-11-08 00:00:00+01:00,441.0,441.0,428.0,431.0,1136
2023-11-09 00:00:00+01:00,428.0,433.0,425.0,430.0,719
2023-11-10 00:00:00+01:00,433.0,433.0,428.0,430.0,703
2023-11-13 00:00:00+01:00,430.0,437.0,430.0,436.0,335
2023-11-14 00:00:00+01:00,430.0,447.0,416.0,419.0,1988
2023-11-15 00:00:00+01:00,430.0,447.0,422.0,430.0,1656
2023-11-16 00:00:00+01:00,430.0,430.0,423.0,429.0,2952
2023-11-17 00:00:00+01:00,431.0,438.0,428.0,433.0,859
2023-11-20 00:00:00+01:00,433.0,442.0,430.0,435.0,1181
2023-11-21 00:00:00+01:00,435.0,453.0,430.0,439.0,4100
2023-11-22 00:00:00+01:00,441.0,452.0,433.0,436.0,2364
2023-11-23 00:00:00+01:00,437.0,496.0,437.0,469.0,1179
2023-11-24 00:00:00+01:00,473.0,490.0,464.0,490.0,454
2023-11-27 00:00:00+01:00,488.0,488.0,480.0,485.0,255
2023-11-28 00:00:00+01:00,486.0,494.0,485.0,494.0,194
2023-11-29 00:00:00+01:00,492.0,492.0,480.0,492.0,136
2023-11-30 00:00:00+01:00,492.0,492.0,482.0,488.0,156
2023-12-01 00:00:00+01:00,483.0,485.0,475.0,475.0,106
2023-12-04 00:00:00+01:00,476.0,480.0,458.0,464.0,312
2023-12-05 00:00:00+01:00,468.0,471.0,460.0,460.0,229
2023-12-06 00:00:00+01:00,460.0,462.0,453.0,453.0,334
2023-12-07 00:00:00+01:00,453.0,459.0,450.0,452.0,6311
2023-12-08 00:00:00+01:00,451.0,464.0,435.0,464.0,545
2023-12-11 00:00:00+01:00,465.0,466.0,453.0,453.0,82
2023-12-12 00:00:00+01:00,454.0,458.0,453.0,456.0,1532
2023-12-13 00:00:00+01:00,453.0,480.0,448.0,480.0,1607
2023-12-14 00:00:00+01:00,470.0,504.0,464.0,500.0,1151
2023-12-15 00:00:00+01:00,500.0,520.0,499.0,500.0,563
2023-12-18 00:00:00+01:00,508.0,522.0,502.0,506.0,350
2023-12-19 00:00:00+01:00,506.0,518.0,506.0,512.0,55
2023-12-20 00:00:00+01:00,510.0,510.0,502.0,508.0,150
2023-12-21 00:00:00+01:00,508.0,512.0,486.0,512.0,156
2023-12-22 00:00:00+01:00,512.0,514.0,502.0,510.0,1596
2023-12-27 00:00:00+01:00,510.0,514.0,499.0,499.0,141
2023-12-28 00:00:00+01:00,499.0,499.0,490.0,490.0,151
2023-12-29 00:00:00+01:00,490.0,499.0,486.0,490.0,344
2024-01-02 00:00:00+01:00,524.0,524.0,490.0,520.0,172
2024-01-03 00:00:00+01:00,512.0,512.0,500.0,506.0,70
2024-01-04 00:00:00+01:00,510.0,510.0,490.0,495.0,284
2024-01-05 00:00:00+01:00,491.0,518.0,490.0,510.0,142
2024-01-08 00:00:00+01:00,510.0,516.0,494.0,514.0,312
2024-01-09 00:00:00+01:00,493.0,512.0,493.0,510.0,1484
2024-01-10 00:00:00+01:00,510.0,510.0,497.0,497.0,1616
2024-01-11 00:00:00+01:00,497.0,497.0,480.0,480.0,242
2024-01-12 00:00:00+01:00,490.0,495.0,483.0,487.0,83
2024-01-15 00:00:00+01:00,487.0,487.0,465.0,486.0,425
2024-01-16 00:00:00+01:00,486.0,500.0,485.0,486.0,2575
2024-01-17 00:00:00+01:00,487.0,487.0,470.0,471.0,119
2024-01-18 00:00:00+01:00,480.0,480.0,464.0,477.0,148
2024-01-19 00:00:00+01:00,480.0,480.0,467.0,477.0,254
2024-01-22 00:00:00+01:00,476.0,476.0,452.0,459.0,283
2024-01-23 00:00:00+01:00,459.0,460.0,444.0,448.0,508
2024-01-24 00:00:00+01:00,445.0,449.0,433.0,448.0,675
2024-01-25 00:00:00+01:00,448.0,455.0,447.0,455.0,318
2024-01-26 00:00:00+01:00,455.0,457.0,451.0,451.0,71
2024-01-29 00:00:00+01:00,456.0,456.0,449.0,449.0,182
2024-01-30 00:00:00+01:00,449.0,449.0,445.0,445.0,215
2024-01-31 00:00:00+01:00,445.0,448.0,442.0,442.0,648
2024-02-01 00:00:00+01:00,445.0,446.0,438.0,440.0,1091
2024-02-02 00:00:00+01:00,442.0,445.0,439.0,445.0,781
2024-02-05 00:00:00+01:00,445.0,448.0,440.0,448.0,608
2024-02-06 00:00:00+01:00,448.0,449.0,442.0,448.0,849
2024-02-07 00:00:00+01:00,448.0,449.0,438.0,446.0,640
2024-02-08 00:00:00+01:00,447.0,449.0,444.0,447.0,986
2024-02-09 00:00:00+01:00,449.0,449.0,446.0,447.0,192
2024-02-12 00:00:00+01:00,449.0,450.0,443.0,446.0,320
2024-02-13 00:00:00+01:00,446.0,447.0,434.0,442.0,5622
2024-02-14 00:00:00+01:00,442.0,459.0,442.0,455.0,2176
2024-02-15 00:00:00+01:00,456.0,478.0,456.0,476.0,540
2024-02-16 00:00:00+01:00,475.0,486.0,462.0,484.0,355
2024-02-19 00:00:00+01:00,490.0,506.0,486.0,500.0,2407
2024-02-20 00:00:00+01:00,504.0,510.0,504.0,510.0,546
2024-02-21 00:00:00+01:00,510.0,518.0,506.0,514.0,673
2024-02-22 00:00:00+01:00,514.0,516.0,502.0,502.0,179
2024-02-23 00:00:00+01:00,502.0,530.0,480.0,502.0,2659
2024-02-26 00:00:00+01:00,510.0,560.0,508.0,530.0,4711
2024-02-27 00:00:00+01:00,538.0,540.0,524.0,528.0,643
2024-02-28 00:00:00+01:00,536.0,536.0,508.0,518.0,754
2024-02-29 00:00:00+01:00,524.0,524.0,506.0,512.0,352
2024-03-01 00:00:00+01:00,516.0,522.0,492.0,500.0,596
2024-03-04 00:00:00+01:00,502.0,510.0,499.0,502.0,148
2024-03-05 00:00:00+01:00,500.0,502.0,500.0,500.0,264
2024-03-06 00:00:00+01:00,502.0,502.0,500.0,502.0,594
2024-03-07 00:00:00+01:00,500.0,514.0,500.0,512.0,95
2024-03-08 00:00:00+01:00,510.0,512.0,504.0,512.0,52
2024-03-11 00:00:00+01:00,512.0,512.0,502.0,502.0,96
2024-03-12 00:00:00+01:00,500.0,506.0,500.0,500.0,2111
2024-03-13 00:00:00+01:00,500.0,516.0,500.0,516.0,283
2024-03-14 00:00:00+01:00,510.0,516.0,502.0,506.0,97
2024-03-15 00:00:00+01:00,506.0,524.0,500.0,524.0,650
2024-03-18 00:00:00+01:00,526.0,528.0,506.0,510.0,182
2024-03-19 00:00:00+01:00,508.0,510.0,504.0,504.0,124
2024-03-20 00:00:00+01:00,504.0,508.0,500.0,504.0,131
2024-03-21 00:00:00+01:00,502.0,520.0,500.0,516.0,271
2024-03-22 00:00:00+01:00,516.0,530.0,516.0,530.0,537
2024-03-25 00:00:00+01:00,532.0,544.0,526.0,544.0,626
2024-03-26 00:00:00+01:00,546.0,554.0,536.0,554.0,658
2024-03-27 00:00:00+01:00,552.0,574.0,552.0,570.0,673
2024-03-28 00:00:00+01:00,570.0,586.0,568.0,568.0,814
2024-04-02 00:00:00+02:00,566.0,568.0,540.0,568.0,1439
2024-04-03 00:00:00+02:00,556.0,574.0,532.0,574.0,672
2024-04-04 00:00:00+02:00,560.0,580.0,554.0,580.0,1399
2024-04-05 00:00:00+02:00,560.0,586.0,560.0,586.0,3819
2024-04-08 00:00:00+02:00,584.0,586.0,560.0,562.0,802
2024-04-09 00:00:00+02:00,562.0,570.0,558.0,560.0,78
2024-04-10 00:00:00+02:00,566.0,566.0,550.0,550.0,193
2024-04-11 00:00:00+02:00,544.0,544.0,534.0,536.0,234
2024-04-12 00:00:00+02:00,540.0,546.0,536.0,536.0,378
2024-04-15 00:00:00+02:00,532.0,532.0,520.0,524.0,321
2024-04-16 00:00:00+02:00,524.0,524.0,494.0,506.0,1328
2024-04-17 00:00:00+02:00,504.0,504.0,485.0,490.0,519
2024-04-18 00:00:00+02:00,489.0,489.0,460.0,470.0,2052
2024-04-19 00:00:00+02:00,465.0,466.0,440.0,457.0,1183
2024-04-22 00:00:00+02:00,460.0,460.0,447.0,450.0,2536
2024-04-23 00:00:00+02:00,450.0,469.0,450.0,457.0,765
2024-04-24 00:00:00+02:00,458.0,474.0,444.0,473.0,526
2024-04-25 00:00:00+02:00,470.0,470.0,458.0,466.0,137
2024-04-26 00:00:00+02:00,464.0,466.0,459.0,459.0,226
2024-04-29 00:00:00+02:00,467.0,488.0,455.0,480.0,236
2024-04-30 00:00:00+02:00,472.0,483.0,463.0,467.0,166
2024-05-02 00:00:00+02:00,467.0,475.0,467.0,475.0,34
2024-05-06 00:00:00+02:00,474.0,475.0,454.0,460.0,205
2024-05-07 00:00:00+02:00,457.0,464.0,455.0,464.0,185
2024-05-08 00:00:00+02:00,464.0,465.0,458.0,465.0,97
2024-05-09 00:00:00+02:00,464.0,465.0,454.0,463.0,405
2024-05-10 00:00:00+02:00,453.0,468.0,453.0,468.0,511
2024-05-13 00:00:00+02:00,468.0,477.0,465.0,477.0,130
2024-05-14 00:00:00+02:00,475.0,492.0,475.0,480.0,114
2024-05-15 00:00:00+02:00,500.0,520.0,500.0,502.0,1587
2024-05-16 00:00:00+02:00,510.0,514.0,498.0,506.0,7590
2024-05-17 00:00:00+02:00,508.0,510.0,500.0,504.0,903
2024-05-20 00:00:00+02:00,512.0,516.0,500.0,516.0,2168
2024-05-21 00:00:00+02:00,514.0,524.0,510.0,524.0,454
2024-05-22 00:00:00+02:00,530.0,546.0,524.0,536.0,336
2024-05-23 00:00:00+02:00,542.0,548.0,538.0,540.0,247
2024-05-24 00:00:00+02:00,534.0,542.0,534.0,536.0,582
2024-05-27 00:00:00+02:00,536.0,550.0,536.0,540.0,459
2024-05-28 00:00:00+02:00,542.0,542.0,540.0,540.0,395
2024-05-29 00:00:00+02:00,532.0,532.0,514.0,520.0,519
2024-05-31 00:00:00+02:00,530.0,532.0,520.0,522.0,45
2024-06-03 00:00:00+02:00,526.0,550.0,524.0,524.0,144
2024-06-04 00:00:00+02:00,524.0,540.0,524.0,526.0,63
2024-06-05 00:00:00+02:00,530.0,530.0,520.0,522.0,536
2024-06-06 00:00:00+02:00,524.0,532.0,524.0,530.0,120
2024-06-07 00:00:00+02:00,526.0,538.0,526.0,528.0,66
2024-06-10 00:00:00+02:00,528.0,530.0,526.0,528.0,404
2024-06-11 00:00:00+02:00,524.0,528.0,520.0,528.0,207
2024-06-12 00:00:00+02:00,520.0,530.0,520.0,520.0,29
2024-06-13 00:00:00+02:00,512.0,524.0,492.0,524.0,231
2024-06-14 00:00:00+02:00,506.0,510.0,506.0,510.0,54
2024-06-17 00:00:00+02:00,510.0,516.0,510.0,516.0,77
2024-06-18 00:00:00+02:00,516.0,536.0,516.0,524.0,1805
2024-06-19 00:00:00+02:00,534.0,540.0,534.0,540.0,364
2024-06-20 00:00:00+02:00,540.0,542.0,530.0,540.0,142
2024-06-21 00:00:00+02:00,550.0,580.0,538.0,570.0,1018
2024-06-24 00:00:00+02:00,572.0,580.0,546.0,570.0,954
2024-06-25 00:00:00+02:00,570.0,576.0,560.0,576.0,411
2024-06-26 00:00:00+02:00,580.0,582.0,554.0,582.0,243
2024-06-27 00:00:00+02:00,582.0,598.0,570.0,584.0,906
2024-06-28 00:00:00+02:00,590.0,596.0,576.0,580.0,2853
2024-07-01 00:00:00+02:00,596.0,600.0,580.0,596.0,4826
2024-07-02 00:00:00+02:00,592.0,592.0,576.0,584.0,67
2024-07-03 00:00:00+02:00,574.0,588.0,570.0,580.0,460
2024-07-04 00:00:00+02:00,574.0,586.0,574.0,582.0,1147
2024-07-05 00:00:00+02:00,574.0,582.0,574.0,582.0,31
2024-07-08 00:00:00+02:00,582.0,604.0,578.0,604.0,635
2024-07-09 00:00:00+02:00,604.0,604.0,594.0,600.0,728
2024-07-10 00:00:00+02:00,592.0,600.0,584.0,584.0,19
2024-07-11 00:00:00+02:00,584.0,590.0,582.0,584.0,58
2024-07-12 00:00:00+02:00,578.0,584.0,578.0,580.0,76
2024-07-15 00:00:00+02:00,590.0,590.0,556.0,570.0,512
2024-07-16 00:00:00+02:00,564.0,564.0,544.0,552.0,185
2024-07-17 00:00:00+02:00,552.0,566.0,542.0,550.0,895
2024-07-18 00:00:00+02:00,550.0,566.0,550.0,566.0,118
2024-07-19 00:00:00+02:00,564.0,564.0,550.0,550.0,3
2024-07-22 00:00:00+02:00,550.0,550.0,548.0,548.0,52
2024-07-23 00:00:00+02:00,544.0,544.0,520.0,530.0,146
2024-07-24 00:00:00+02:00,536.0,540.0,536.0,540.0,43
2024-07-25 00:00:00+02:00,526.0,536.0,524.0,536.0,20
2024-07-26 00:00:00+02:00,530.0,540.0,504.0,520.0,191
2024-07-29 00:00:00+02:00,520.0,532.0,514.0,532.0,32
2024-07-30 00:00:00+02:00,532.0,534.0,532.0,532.0,16
2024-07-31 00:00:00+02:00,532.0,534.0,520.0,534.0,12
2024-08-01 00:00:00+02:00,520.0,532.0,510.0,530.0,117
2024-08-02 00:00:00+02:00,528.0,528.0,510.0,510.0,52
2024-08-05 00:00:00+02:00,498.0,498.0,475.0,495.0,395
2024-08-06 00:00:00+02:00,495.0,498.0,478.0,482.0,125
2024-08-07 00:00:00+02:00,488.0,518.0,488.0,510.0,93
2024-08-08 00:00:00+02:00,514.0,520.0,500.0,520.0,99
2024-08-09 00:00:00+02:00,502.0,510.0,472.0,497.0,128
2024-08-12 00:00:00+02:00,508.0,510.0,506.0,506.0,29
2024-08-13 00:00:00+02:00,500.0,512.0,500.0,512.0,20
2024-08-14 00:00:00+02:00,512.0,512.0,504.0,506.0,69
2024-08-16 00:00:00+02:00,510.0,520.0,500.0,520.0,71
2024-08-19 00:00:00+02:00,520.0,534.0,512.0,532.0,189
2024-08-20 00:00:00+02:00,534.0,534.0,524.0,530.0,46
2024-08-21 00:00:00+02:00,530.0,530.0,528.0,528.0,41
2024-08-22 00:00:00+02:00,534.0,536.0,530.0,530.0,33
2024-08-23 00:00:00+02:00,524.0,528.0,522.0,528.0,9
2024-08-26 00:00:00+02:00,526.0,530.0,516.0,530.0,37
2024-08-27 00:00:00+02:00,520.0,520.0,512.0,520.0,32
2024-08-28 00:00:00+02:00,520.0,520.0,510.0,510.0,12
2024-08-29 00:00:00+02:00,510.0,518.0,506.0,518.0,18
2024-08-30 00:00:00+02:00,518.0,520.0,506.0,518.0,21
2024-09-02 00:00:00+02:00,516.0,516.0,512.0,512.0,27
2024-09-03 00:00:00+02:00,510.0,518.0,506.0,518.0,43
2024-09-04 00:00:00+02:00,518.0,518.0,508.0,514.0,7
2024-09-05 00:00:00+02:00,510.0,516.0,508.0,514.0,53
2024-09-06 00:00:00+02:00,512.0,512.0,508.0,508.0,25
2024-09-09 00:00:00+02:00,506.0,506.0,490.0,504.0,101
2024-09-10 00:00:00+02:00,508.0,508.0,493.0,502.0,25
2024-09-11 00:00:00+02:00,508.0,508.0,494.0,504.0,7
2024-09-12 00:00:00+02:00,504.0,504.0,500.0,500.0,38
2024-09-13 00:00:00+02:00,500.0,500.0,481.0,497.0,75
2024-09-16 00:00:00+02:00,484.0,497.0,484.0,485.0,105
2024-09-17 00:00:00+02:00,486.0,492.0,480.0,490.0,109
2024-09-18 00:00:00+02:00,482.0,487.0,475.0,475.0,85
2024-09-19 00:00:00+02:00,475.0,484.0,464.0,484.0,198
2024-09-20 00:00:00+02:00,484.0,484.0,463.0,463.0,135
2024-09-23 00:00:00+02:00,468.0,475.0,459.0,475.0,129
2024-09-24 00:00:00+02:00,465.0,466.0,457.0,460.0,234
2024-09-25 00:00:00+02:00,459.0,465.0,440.0,465.0,375
2024-09-26 00:00:00+02:00,465.0,472.0,465.0,468.0,32
2024-09-27 00:00:00+02:00,468.0,468.0,460.0,468.0,313
2024-09-30 00:00:00+02:00,468.0,468.0,460.0,468.0,89
2024-10-01 00:00:00+02:00,468.0,468.0,466.0,468.0,30
2024-10-02 00:00:00+02:00,466.0,466.0,457.0,466.0,28
2024-10-03 00:00:00+02:00,466.0,466.0,450.0,459.0,80
2024-10-04 00:00:00+02:00,452.0,461.0,450.0,461.0,55
2024-10-07 00:00:00+02:00,453.0,453.0,450.0,451.0,262
2024-10-08 00:00:00+02:00,452.0,455.0,450.0,452.0,53
2024-10-09 00:00:00+02:00,449.0,460.0,447.0,460.0,41
2024-10-10 00:00:00+02:00,460.0,460.0,451.0,460.0,17
2024-10-11 00:00:00+02:00,451.0,459.0,451.0,459.0,17
2024-10-14 00:00:00+02:00,450.0,460.0,445.0,450.0,178
2024-10-15 00:00:00+02:00,456.0,456.0,443.0,445.0,169
2024-10-16 00:00:00+02:00,445.0,450.0,443.0,443.0,216
2024-10-17 00:00:00+02:00,445.0,445.0,441.0,443.0,74
2024-10-18 00:00:00+02:00,443.0,444.0,439.0,444.0,95
2024-10-21 00:00:00+02:00,445.0,453.0,445.0,446.0,36
2024-10-22 00:00:00+02:00,454.0,454.0,438.0,438.0,39
2024-10-23 00:00:00+02:00,441.0,452.0,438.0,445.0,15
2024-10-24 00:00:00+02:00,445.0,445.0,441.0,445.0,36
2024-10-25 00:00:00+02:00,445.0,445.0,425.0,426.0,327
2024-10-28 00:00:00+01:00,435.0,455.0,435.0,455.0,124
2024-10-29 00:00:00+01:00,454.0,463.0,450.0,463.0,100
2024-10-30 00:00:00+01:00,463.0,463.0,460.0,460.0,14
2024-10-31 00:00:00+01:00,454.0,465.0,448.0,465.0,230
2024-11-04 00:00:00+01:00,450.0,460.0,439.0,450.0,111
2024-11-05 00:00:00+01:00,454.0,460.0,450.0,460.0,31
2024-11-06 00:00:00+01:00,460.0,464.0,450.0,464.0,16
2024-11-07 00:00:00+01:00,452.0,461.0,447.0,450.0,57
2024-11-08 00:00:00+01:00,447.0,460.0,445.0,459.0,38
2024-11-12 00:00:00+01:00,459.0,459.0,446.0,446.0,37
2024-11-13 00:00:00+01:00,447.0,447.0,440.0,445.0,41
2024-11-14 00:00:00+01:00,440.0,445.0,439.0,445.0,11
2024-11-15 00:00:00+01:00,444.0,446.0,439.0,446.0,26
2024-11-18 00:00:00+01:00,439.0,440.0,432.0,440.0,119
2024-11-19 00:00:00+01:00,436.0,436.0,425.0,425.0,82
2024-11-20 00:00:00+01:00,425.0,431.0,408.0,425.0,91
2024-11-21 00:00:00+01:00,420.0,423.0,408.0,414.0,148
2024-11-22 00:00:00+01:00,414.0,419.0,410.0,418.0,31
2024-11-25 00:00:00+01:00,418.0,418.0,408.0,414.0,151
2024-11-26 00:00:00+01:00,411.0,414.0,410.0,410.0,85
2024-11-27 00:00:00+01:00,407.0,423.0,406.0,419.0,279
2024-11-28 00:00:00+01:00,422.0,437.0,422.0,435.0,84
2024-11-29 00:00:00+01:00,430.0,445.0,430.0,440.0,51
2024-12-02 00:00:00+01:00,435.0,440.0,431.0,440.0,56
2024-12-03 00:00:00+01:00,440.0,445.0,436.0,440.0,124
2024-12-04 00:00:00+01:00,436.0,440.0,435.0,440.0,35
2024-12-05 00:00:00+01:00,432.0,440.0,432.0,435.0,1023
2024-12-06 00:00:00+01:00,433.0,436.0,431.0,436.0,34
2024-12-09 00:00:00+01:00,421.0,428.0,418.0,426.0,171
2024-12-10 00:00:00+01:00,426.0,426.0,416.0,424.0,125
2024-12-11 00:00:00+01:00,420.0,420.0,414.0,420.0,94
2024-12-12 00:00:00+01:00,420.0,420.0,413.0,417.0,73
2024-12-13 00:00:00+01:00,419.0,419.0,407.0,409.0,178
2024-12-16 00:00:00+01:00,410.0,412.0,410.0,412.0,170
2024-12-17 00:00:00+01:00,410.0,414.0,410.0,414.0,178
2024-12-18 00:00:00+01:00,409.0,410.0,401.0,402.0,214
2024-12-19 00:00:00+01:00,401.0,413.0,400.0,404.0,262
2024-12-20 00:00:00+01:00,404.0,408.0,400.0,408.0,1357
2024-12-23 00:00:00+01:00,419.0,420.0,410.0,419.0,918
2024-12-27 00:00:00+01:00,420.0,452.0,415.0,450.0,2253
2024-12-30 00:00:00+01:00,462.0,475.0,449.0,475.0,501
2025-01-02 00:00:00+01:00,475.0,475.0,455.0,470.0,151
2025-01-03 00:00:00+01:00,477.0,477.0,465.0,475.0,158
2025-01-07 00:00:00+01:00,475.0,475.0,469.0,469.0,21
2025-01-08 00:00:00+01:00,468.0,468.0,451.0,451.0,132
2025-01-09 00:00:00+01:00,451.0,467.0,451.0,454.0,98
2025-01-10 00:00:00+01:00,447.0,455.0,444.0,447.0,76
2025-01-13 00:00:00+01:00,447.0,447.0,424.0,424.0,215
2025-01-14 00:00:00+01:00,425.0,438.0,425.0,434.0,58
2025-01-15 00:00:00+01:00,434.0,439.0,434.0,439.0,71
2025-01-16 00:00:00+01:00,444.0,450.0,441.0,441.0,767
2025-01-17 00:00:00+01:00,445.0,445.0,435.0,435.0,133
2025-01-20 00:00:00+01:00,440.0,440.0,424.0,434.0,914
2025-01-21 00:00:00+01:00,434.0,434.0,424.0,425.0,552
2025-01-22 00:00:00+01:00,425.0,430.0,425.0,427.0,66
2025-01-23 00:00:00+01:00,427.0,427.0,424.0,424.0,43
2025-01-24 00:00:00+01:00,424.0,450.0,422.0,440.0,179
2025-01-27 00:00:00+01:00,439.0,439.0,424.0,425.0,162
2025-01-28 00:00:00+01:00,425.0,436.0,423.0,423.0,125
2025-01-29 00:00:00+01:00,423.0,423.0,423.0,423.0,32
2025-01-30 00:00:00+01:00,425.0,437.0,425.0,437.0,64
2025-01-31 00:00:00+01:00,430.0,445.0,430.0,439.0,1463
2025-02-03 00:00:00+01:00,440.0,441.0,429.0,429.0,99
2025-02-04 00:00:00+01:00,441.0,444.0,435.0,442.0,93
2025-02-05 00:00:00+01:00,443.0,443.0,429.0,429.0,85
2025-02-06 00:00:00+01:00,440.0,440.0,426.0,430.0,131
2025-02-07 00:00:00+01:00,436.0,442.0,426.0,427.0,278
2025-02-10 00:00:00+01:00,435.0,437.0,427.0,430.0,166
2025-02-11 00:00:00+01:00,430.0,432.0,428.0,428.0,37
2025-02-12 00:00:00+01:00,432.0,466.0,432.0,444.0,670
2025-02-13 00:00:00+01:00,450.0,460.0,450.0,460.0,233
2025-02-14 00:00:00+01:00,460.0,468.0,458.0,468.0,191
2025-02-17 00:00:00+01:00,469.0,514.0,468.0,510.0,1255
2025-02-18 00:00:00+01:00,510.0,510.0,480.0,500.0,1053
2025-02-19 00:00:00+01:00,500.0,510.0,485.0,485.0,776
2025-02-20 00:00:00+01:00,483.0,495.0,483.0,495.0,29
2025-02-21 00:00:00+01:00,487.0,496.0,487.0,489.0,117
2025-02-24 00:00:00+01:00,490.0,497.0,486.0,490.0,125
2025-02-25 00:00:00+01:00,486.0,489.0,481.0,482.0,236
2025-02-26 00:00:00+01:00,481.0,482.0,470.0,480.0,121
2025-02-27 00:00:00+01:00,480.0,481.0,464.0,473.0,98
2025-02-28 00:00:00+01:00,471.0,471.0,465.0,465.0,70
2025-03-03 00:00:00+01:00,465.0,485.0,465.0,475.0,1870
2025-03-04 00:00:00+01:00,475.0,483.0,462.0,469.0,613
2025-03-05 00:00:00+01:00,468.0,476.0,467.0,475.0,2084
2025-03-06 00:00:00+01:00,475.0,494.0,466.0,475.0,2349
2025-03-07 00:00:00+01:00,471.0,483.0,465.0,470.0,696
2025-03-10 00:00:00+01:00,475.0,476.0,465.0,472.0,339
2025-03-11 00:00:00+01:00,475.0,476.0,454.0,466.0,526
2025-03-12 00:00:00+01:00,466.0,492.0,460.0,492.0,439
2025-03-13 00:00:00+01:00,479.0,514.0,475.0,484.0,1217
2025-03-14 00:00:00+01:00,498.0,506.0,475.0,478.0,1048
2025-03-17 00:00:00+01:00,480.0,480.0,471.0,471.0,231
2025-03-18 00:00:00+01:00,479.0,487.0,472.0,475.0,315
2025-03-19 00:00:00+01:00,479.0,486.0,478.0,478.0,40
2025-03-20 00:00:00+01:00,484.0,485.0,482.0,485.0,52
2025-03-21 00:00:00+01:00,485.0,485.0,479.0,483.0,120
2025-03-24 00:00:00+01:00,486.0,499.0,486.0,499.0,192
2025-03-25 00:00:00+01:00,498.0,499.0,491.0,492.0,132
2025-03-26 00:00:00+01:00,491.0,497.0,490.0,490.0,25
2025-03-27 00:00:00+01:00,495.0,495.0,495.0,495.0,5
2025-03-28 00:00:00+01:00,496.0,499.0,491.0,497.0,73
2025-03-31 00:00:00+02:00,498.0,498.0,472.0,496.0,240
2025-04-01 00:00:00+02:00,497.0,499.0,495.0,495.0,148
2025-04-02 00:00:00+02:00,495.0,495.0,492.0,495.0,14
2025-04-03 00:00:00+02:00,495.0,495.0,465.0,480.0,757
2025-04-04 00:00:00+02:00,483.0,485.0,459.0,460.0,1387
2025-04-07 00:00:00+02:00,458.0,510.0,420.0,500.0,3314
2025-04-08 00:00:00+02:00,508.0,514.0,487.0,490.0,1698
2025-04-09 00:00:00+02:00,486.0,486.0,471.0,475.0,499
2025-04-10 00:00:00+02:00,491.0,498.0,468.0,475.0,475
2025-04-11 00:00:00+02:00,479.0,480.0,468.0,469.0,370
2025-04-14 00:00:00+02:00,469.0,477.0,460.0,469.0,499
2025-04-15 00:00:00+02:00,469.0,470.0,438.0,460.0,1377
2025-04-16 00:00:00+02:00,489.0,495.0,472.0,472.0,1698
2025-04-17 00:00:00+02:00,475.0,489.0,474.0,479.0,1195
2025-04-22 00:00:00+02:00,489.0,510.0,484.0,490.0,1026
2025-04-23 00:00:00+02:00,490.0,491.0,485.0,487.0,490
2025-04-24 00:00:00+02:00,484.0,502.0,476.0,499.0,1640
2025-04-25 00:00:00+02:00,504.0,504.0,491.0,491.0,1985
2025-04-28 00:00:00+02:00,496.0,497.0,485.0,485.0,245
2025-04-29 00:00:00+02:00,488.0,493.0,485.0,491.0,241
2025-04-30 00:00:00+02:00,485.0,495.0,485.0,491.0,411
2025-05-02 00:00:00+02:00,493.0,500.0,488.0,498.0,445
2025-05-05 00:00:00+02:00,499.0,500.0,490.0,497.0,255
2025-05-06 00:00:00+02:00,500.0,530.0,500.0,518.0,2694
2025-05-07 00:00:00+02:00,522.0,530.0,514.0,516.0,1367
2025-05-08 00:00:00+02:00,528.0,528.0,516.0,518.0,559
2025-05-09 00:00:00+02:00,520.0,524.0,500.0,510.0,471
2025-05-12 00:00:00+02:00,512.0,516.0,502.0,508.0,433
2025-05-13 00:00:00+02:00,524.0,532.0,516.0,530.0,2556
2025-05-14 00:00:00+02:00,530.0,534.0,524.0,530.0,813
2025-05-15 00:00:00+02:00,524.0,530.0,516.0,520.0,777
2025-05-16 00:00:00+02:00,520.0,524.0,518.0,520.0,2038
2025-05-19 00:00:00+02:00,522.0,524.0,512.0,520.0,714
2025-05-20 00:00:00+02:00,516.0,520.0,514.0,516.0,92
2025-05-21 00:00:00+02:00,516.0,520.0,512.0,516.0,261
2025-05-22 00:00:00+02:00,514.0,516.0,512.0,514.0,246
2025-05-23 00:00:00+02:00,516.0,520.0,512.0,516.0,650
2025-05-26 00:00:00+02:00,518.0,520.0,516.0,518.0,973
2025-05-27 00:00:00+02:00,520.0,528.0,518.0,520.0,1042
2025-05-28 00:00:00+02:00,518.0,524.0,518.0,524.0,589
2025-05-29 00:00:00+02:00,524.0,530.0,520.0,528.0,516
2025-05-30 00:00:00+02:00,528.0,530.0,516.0,528.0,533
2025-06-02 00:00:00+02:00,528.0,528.0,516.0,522.0,115
2025-06-03 00:00:00+02:00,524.0,530.0,522.0,530.0,142
2025-06-04 00:00:00+02:00,530.0,540.0,526.0,526.0,402
2025-06-05 00:00:00+02:00,526.0,540.0,526.0,530.0,97
2025-06-06 00:00:00+02:00,532.0,532.0,520.0,530.0,243
2025-06-09 00:00:00+02:00,530.0,530.0,524.0,530.0,415
2025-06-10 00:00:00+02:00,526.0,528.0,522.0,528.0,94
2025-06-11 00:00:00+02:00,522.0,522.0,514.0,520.0,639
2025-06-12 00:00:00+02:00,514.0,520.0,514.0,516.0,165
2025-06-13 00:00:00+02:00,514.0,520.0,506.0,518.0,377
2025-06-16 00:00:00+02:00,514.0,520.0,514.0,520.0,80
2025-06-17 00:00:00+02:00,520.0,520.0,510.0,518.0,90
2025-06-18 00:00:00+02:00,518.0,520.0,510.0,518.0,146
2025-06-20 00:00:00+02:00,518.0,520.0,512.0,518.0,217
2025-06-23 00:00:00+02:00,518.0,520.0,508.0,512.0,747
2025-06-24 00:00:00+02:00,516.0,518.0,502.0,504.0,541
2025-06-25 00:00:00+02:00,510.0,518.0,502.0,504.0,116
2025-06-26 00:00:00+02:00,514.0,514.0,506.0,508.0,79
2025-06-27 00:00:00+02:00,510.0,520.0,508.0,520.0,268
2025-06-30 00:00:00+02:00,520.0,520.0,510.0,518.0,125
2025-07-01 00:00:00+02:00,510.0,510.0,504.0,506.0,131
2025-07-02 00:00:00+02:00,510.0,518.0,508.0,510.0,101
2025-07-03 00:00:00+02:00,510.0,518.0,508.0,516.0,72
2025-07-04 00:00:00+02:00,516.0,516.0,510.0,516.0,17
2025-07-07 00:00:00+02:00,512.0,512.0,508.0,508.0,96
2025-07-08 00:00:00+02:00,508.0,512.0,506.0,508.0,201
2025-07-09 00:00:00+02:00,506.0,512.0,502.0,510.0,363
2025-07-10 00:00:00+02:00,510.0,510.0,502.0,506.0,50
2025-07-11 00:00:00+02:00,504.0,516.0,504.0,504.0,242
2025-07-14 00:00:00+02:00,504.0,512.0,482.0,490.0,1075
2025-07-15 00:00:00+02:00,490.0,490.0,484.0,485.0,350
2025-07-16 00:00:00+02:00,486.0,489.0,461.0,474.0,1079
2025-07-17 00:00:00+02:00,474.0,476.0,458.0,468.0,503
2025-07-18 00:00:00+02:00,468.0,470.0,446.0,457.0,1485
2025-07-21 00:00:00+02:00,454.0,455.0,444.0,451.0,726
2025-07-22 00:00:00+02:00,451.0,455.0,449.0,453.0,2100
2025-07-23 00:00:00+02:00,453.0,460.0,448.0,458.0,1641
2025-07-24 00:00:00+02:00,460.0,460.0,454.0,454.0,1326
2025-07-25 00:00:00+02:00,455.0,472.0,450.0,455.0,894
2025-07-28 00:00:00+02:00,458.0,463.0,450.0,450.0,542
2025-07-29 00:00:00+02:00,453.0,460.0,449.0,454.0,248
2025-07-30 00:00:00+02:00,454.0,454.0,449.0,450.0,1220
2025-07-31 00:00:00+02:00,448.0,450.0,446.0,447.0,1167
2025-08-01 00:00:00+02:00,450.0,454.0,440.0,447.0,310
2025-08-04 00:00:00+02:00,449.0,455.0,443.0,445.0,157
2025-08-05 00:00:00+02:00,445.0,450.0,441.0,441.0,260
2025-08-06 00:00:00+02:00,448.0,452.0,444.0,447.0,158
2025-08-07 00:00:00+02:00,447.0,456.0,445.0,455.0,131
2025-08-08 00:00:00+02:00,454.0,457.0,449.0,449.0,239
2025-08-11 00:00:00+02:00,448.0,453.0,440.0,441.0,105
2025-08-12 00:00:00+02:00,441.0,450.0,439.0,440.0,1012
2025-08-13 00:00:00+02:00,439.0,450.0,439.0,442.0,1507
2025-08-14 00:00:00+02:00,446.0,454.0,446.0,450.0,115
2025-08-18 00:00:00+02:00,452.0,455.0,452.0,455.0,48
2025-08-19 00:00:00+02:00,455.0,474.0,455.0,467.0,148
2025-08-20 00:00:00+02:00,461.0,468.0,461.0,461.0,58
2025-08-21 00:00:00+02:00,468.0,474.0,466.0,467.0,76
2025-08-22 00:00:00+02:00,468.0,479.0,467.0,476.0,422
2025-08-25 00:00:00+02:00,471.0,478.0,469.0,477.0,84
2025-08-26 00:00:00+02:00,478.0,479.0,464.0,476.0,121
2025-08-27 00:00:00+02:00,470.0,483.0,470.0,472.0,268
2025-08-28 00:00:00+02:00,472.0,475.0,458.0,475.0,173
2025-08-29 00:00:00+02:00,465.0,470.0,465.0,465.0,52
2025-09-01 00:00:00+02:00,470.0,477.0,450.0,477.0,177
2025-09-02 00:00:00+02:00,470.0,477.0,460.0,477.0,124
2025-09-03 00:00:00+02:00,478.0,478.0,461.0,465.0,236
2025-09-04 00:00:00+02:00,470.0,470.0,461.0,468.0,126
2025-09-05 00:00:00+02:00,463.0,500.0,459.0,490.0,1286
2025-09-08 00:00:00+02:00,491.0,491.0,472.0,474.0,311
2025-09-09 00:00:00+02:00,475.0,490.0,475.0,490.0,92
2025-09-10 00:00:00+02:00,492.0,494.0,478.0,489.0,205
2025-09-11 00:00:00+02:00,491.0,494.0,490.0,494.0,127
2025-09-12 00:00:00+02:00,494.0,499.0,490.0,499.0,451
2025-09-15 00:00:00+02:00,499.0,499.0,493.0,497.0,111
2025-09-16 00:00:00+02:00,497.0,498.0,486.0,488.0,88
2025-09-17 00:00:00+02:00,487.0,491.0,482.0,491.0,71
2025-09-18 00:00:00+02:00,483.0,499.0,481.0,496.0,650
2025-09-19 00:00:00+02:00,496.0,497.0,493.0,494.0,62
2025-09-22 00:00:00+02:00,497.0,499.0,493.0,493.0,483
2025-09-23 00:00:00+02:00,498.0,498.0,493.0,497.0,55
2025-09-24 00:00:00+02:00,494.0,499.0,490.0,499.0,318
2025-09-25 00:00:00+02:00,498.0,499.0,490.0,498.0,403
2025-09-26 00:00:00+02:00,487.0,508.0,485.0,506.0,1874
2025-09-29 00:00:00+02:00,510.0,510.0,498.0,508.0,135
2025-09-30 00:00:00+02:00,502.0,522.0,502.0,518.0,1154
2025-10-01 00:00:00+02:00,520.0,520.0,512.0,514.0,88
2025-10-02 00:00:00+02:00,514.0,530.0,510.0,530.0,551
2025-10-03 00:00:00+02:00,534.0,534.0,524.0,530.0,279
2025-10-06 00:00:00+02:00,526.0,534.0,500.0,534.0,479
2025-10-07 00:00:00+02:00,534.0,540.0,524.0,536.0,312
2025-10-08 00:00:00+02:00,536.0,536.0,520.0,530.0,182
2025-10-09 00:00:00+02:00,526.0,530.0,520.0,530.0,236
2025-10-10 00:00:00+02:00,530.0,534.0,520.0,532.0,139
2025-10-13 00:00:00+02:00,520.0,520.0,510.0,520.0,333
2025-10-14 00:00:00+02:00,514.0,514.0,502.0,510.0,679
2025-10-15 00:00:00+02:00,520.0,530.0,520.0,522.0,363
2025-10-16 00:00:00+02:00,526.0,526.0,512.0,516.0,290
2025-10-17 00:00:00+02:00,520.0,520.0,485.0,516.0,683
2025-10-20 00:00:00+02:00,508.0,522.0,504.0,518.0,395
2025-10-21 00:00:00+02:00,520.0,520.0,504.0,508.0,245
2025-10-22 00:00:00+02:00,506.0,520.0,506.0,514.0,2177
2025-10-23 00:00:00+02:00,518.0,520.0,508.0,518.0,119
2025-10-24 00:00:00+02:00,518.0,520.0,506.0,510.0,57
2025-10-27 00:00:00+01:00,512.0,520.0,508.0,518.0,271
2025-10-28 00:00:00+01:00,520.0,524.0,512.0,518.0,357
2025-10-29 00:00:00+01:00,522.0,522.0,512.0,514.0,93
2025-10-30 00:00:00+01:00,516.0,520.0,510.0,520.0,287
2025-10-31 00:00:00+01:00,520.0,520.0,512.0,514.0,62
2025-11-03 00:00:00+01:00,520.0,520.0,508.0,508.0,135
2025-11-04 00:00:00+01:00,510.0,518.0,504.0,518.0,428
2025-11-05 00:00:00+01:00,518.0,518.0,508.0,518.0,31
2025-11-06 00:00:00+01:00,518.0,518.0,508.0,508.0,246
2025-11-07 00:00:00+01:00,510.0,510.0,502.0,504.0,183
2025-11-10 00:00:00+01:00,504.0,504.0,500.0,504.0,173
2025-11-12 00:00:00+01:00,504.0,504.0,495.0,500.0,255
2025-11-13 00:00:00+01:00,500.0,500.0,493.0,497.0,150
2025-11-14 00:00:00+01:00,494.0,495.0,480.0,489.0,438
2025-11-17 00:00:00+01:00,491.0,491.0,481.0,488.0,139
2025-11-18 00:00:00+01:00,488.0,488.0,472.0,472.0,123
2025-11-19 00:00:00+01:00,473.0,480.0,465.0,477.0,247
2025-11-20 00:00:00+01:00,476.0,476.0,465.0,465.0,253
2025-11-21 00:00:00+01:00,464.0,477.0,460.0,470.0,116
2025-11-24 00:00:00+01:00,480.0,480.0,466.0,468.0,47
2025-11-25 00:00:00+01:00,472.0,475.0,468.0,470.0,106
2025-11-26 00:00:00+01:00,470.0,475.0,468.0,475.0,120
2025-11-27 00:00:00+01:00,475.0,477.0,456.0,470.0,254
2025-11-28 00:00:00+01:00,462.0,475.0,460.0,467.0,715
2025-12-01 00:00:00+01:00,476.0,476.0,444.0,459.0,901
2025-12-02 00:00:00+01:00,459.0,467.0,458.0,467.0,146
2025-12-03 00:00:00+01:00,468.0,468.0,458.0,463.0,206
2025-12-04 00:00:00+01:00,463.0,469.0,459.0,463.0,393
2025-12-05 00:00:00+01:00,460.0,462.0,451.0,456.0,151
2025-12-08 00:00:00+01:00,458.0,475.0,458.0,470.0,499
2025-12-09 00:00:00+01:00,474.0,474.0,464.0,466.0,325
2025-12-10 00:00:00+01:00,467.0,473.0,460.0,469.0,137
2025-12-11 00:00:00+01:00,469.0,469.0,459.0,465.0,72
2025-12-12 00:00:00+01:00,466.0,469.0,455.0,458.0,741
2025-12-15 00:00:00+01:00,458.0,465.0,456.0,461.0,1060
2025-12-16 00:00:00+01:00,461.0,461.0,443.0,461.0,745
2025-12-17 00:00:00+01:00,459.0,459.0,454.0,456.0,799
2025-12-18 00:00:00+01:00,456.0,459.0,450.0,458.0,54
2025-12-19 00:00:00+01:00,452.0,455.0,434.0,449.0,1146
2025-12-22 00:00:00+01:00,451.0,455.0,439.0,442.0,1087
2025-12-23 00:00:00+01:00,435.0,451.0,428.0,442.0,1338
2025-12-29 00:00:00+01:00,452.0,457.0,442.0,445.0,187
2025-12-30 00:00:00+01:00,446.0,463.0,446.0,450.0,96
2026-01-02 00:00:00+01:00,460.0,488.0,460.0,472.0,569
2026-01-05 00:00:00+01:00,491.0,498.0,478.0,488.0,762
2026-01-07 00:00:00+01:00,489.0,490.0,482.0,488.0,451
2026-01-08 00:00:00+01:00,490.0,490.0,473.0,483.0,951
2026-01-09 00:00:00+01:00,488.0,491.0,480.0,490.0,1374
2026-01-12 00:00:00+01:00,490.0,504.0,485.0,500.0,337
2026-01-13 00:00:00+01:00,498.0,504.0,490.0,500.0,1458
2026-01-14 00:00:00+01:00,502.0,510.0,498.0,500.0,1997
2026-01-15 00:00:00+01:00,506.0,508.0,500.0,506.0,205
2026-01-16 00:00:00+01:00,506.0,512.0,506.0,506.0,394
2026-01-19 00:00:00+01:00,512.0,512.0,498.0,508.0,252
2026-01-20 00:00:00+01:00,502.0,502.0,480.0,487.0,324
2026-01-21 00:00:00+01:00,484.0,512.0,480.0,506.0,254
2026-01-22 00:00:00+01:00,506.0,508.0,498.0,506.0,479
2026-01-23 00:00:00+01:00,510.0,510.0,493.0,504.0,196
2026-01-26 00:00:00+01:00,508.0,508.0,494.0,500.0,131
2026-01-27 00:00:00+01:00,500.0,508.0,500.0,506.0,277
2026-01-28 00:00:00+01:00,510.0,512.0,500.0,500.0,264
2026-01-29 00:00:00+01:00,502.0,510.0,502.0,510.0,349
2026-01-30 00:00:00+01:00,510.0,514.0,500.0,510.0,600
2026-02-02 00:00:00+01:00,510.0,510.0,497.0,504.0,442
2026-02-03 00:00:00+01:00,506.0,510.0,500.0,502.0,290
2026-02-04 00:00:00+01:00,506.0,506.0,466.0,499.0,465
2026-02-05 00:00:00+01:00,502.0,502.0,484.0,498.0,118
2026-02-06 00:00:00+01:00,485.0,497.0,485.0,495.0,65
2026-02-09 00:00:00+01:00,495.0,495.0,486.0,492.0,579
2026-02-10 00:00:00+01:00,490.0,498.0,486.0,491.0,80
2026-02-11 00:00:00+01:00,491.0,498.0,488.0,491.0,58
2026-02-12 00:00:00+01:00,490.0,500.0,490.0,497.0,115
2026-02-13 00:00:00+01:00,496.0,510.0,496.0,508.0,278
2026-02-16 00:00:00+01:00,510.0,510.0,497.0,504.0,188
2026-02-17 00:00:00+01:00,502.0,502.0,496.0,502.0,136
2026-02-18 00:00:00+01:00,498.0,500.0,488.0,493.0,257
2026-02-19 00:00:00+01:00,497.0,510.0,497.0,499.0,454
2026-02-20 00:00:00+01:00,504.0,504.0,491.0,495.0,152
2026-02-23 00:00:00+01:00,498.0,504.0,495.0,500.0,159
2026-02-24 00:00:00+01:00,502.0,504.0,496.0,496.0,120
2026-02-25 00:00:00+01:00,499.0,500.0,493.0,495.0,130
2026-02-26 00:00:00+01:00,495.0,495.0,489.0,490.0,92
2026-02-27 00:00:00+01:00,494.0,495.0,490.0,494.0,93
2026-03-02 00:00:00+01:00,500.0,504.0,495.0,500.0,524
2026-03-03 00:00:00+01:00,506.0,506.0,473.0,488.0,321
2026-03-04 00:00:00+01:00,494.0,499.0,493.0,496.0,337
2026-03-05 00:00:00+01:00,497.0,502.0,490.0,500.0,103
2026-03-06 00:00:00+01:00,502.0,510.0,496.0,506.0,378
2026-03-09 00:00:00+01:00,500.0,500.0,487.0,499.0,792
2026-03-10 00:00:00+01:00,506.0,506.0,490.0,497.0,598
2026-03-11 00:00:00+01:00,499.0,504.0,495.0,496.0,158
2026-03-12 00:00:00+01:00,500.0,500.0,491.0,498.0,244
2026-03-13 00:00:00+01:00,499.0,500.0,490.0,497.0,420
2026-03-16 00:00:00+01:00,499.0,502.0,495.0,497.0,197
2026-03-17 00:00:00+01:00,497.0,500.0,492.0,500.0,90
2026-03-18 00:00:00+01:00,500.0,506.0,481.0,490.0,563
2026-03-19 00:00:00+01:00,495.0,495.0,483.0,495.0,191
2026-03-20 00:00:00+01:00,491.0,493.0,481.0,483.0,221
2026-03-23 00:00:00+01:00,480.0,482.0,435.0,468.0,790
2026-03-24 00:00:00+01:00,469.0,477.0,462.0,477.0,127
2026-03-25 00:00:00+01:00,496.0,506.0,492.0,502.0,1206
2026-03-26 00:00:00+01:00,500.0,504.0,496.0,496.0,384
2026-03-27 00:00:00+01:00,496.0,499.0,470.0,486.0,387
2026-03-30 00:00:00+02:00,486.0,493.0,480.0,486.0,656
2026-03-31 00:00:00+02:00,492.0,494.0,480.0,493.0,55
2026-04-01 00:00:00+02:00,494.0,495.0,489.0,495.0,90
2026-04-02 00:00:00+02:00,494.0,495.0,486.0,494.0,176
2026-04-07 00:00:00+02:00,493.0,499.0,489.0,498.0,387
2026-04-08 00:00:00+02:00,500.0,500.0,490.0,499.0,84
2026-04-09 00:00:00+02:00,500.0,502.0,489.0,502.0,192
2026-04-10 00:00:00+02:00,493.0,508.0,492.0,508.0,632
2026-04-13 00:00:00+02:00,514.0,536.0,506.0,530.0,1389
2026-04-14 00:00:00+02:00,530.0,532.0,514.0,528.0,2884
2026-04-15 00:00:00+02:00,528.0,604.0,528.0,584.0,7650
2026-04-16 00:00:00+02:00,594.0,612.0,586.0,606.0,11823
2026-04-17 00:00:00+02:00,600.0,670.0,590.0,640.0,8554
2026-04-20 00:00:00+02:00,638.0,670.0,614.0,666.0,6433
2026-04-21 00:00:00+02:00,666.0,674.0,650.0,664.0,5405
2026-04-22 00:00:00+02:00,650.0,668.0,570.0,586.0,7202
2026-04-23 00:00:00+02:00,586.0,622.0,580.0,596.0,5158
2026-04-24 00:00:00+02:00,576.0,598.0,538.0,546.0,4882
2026-04-27 00:00:00+02:00,558.0,572.0,524.0,538.0,3282
2026-04-28 00:00:00+02:00,534.0,534.0,486.0,492.0,6795
2026-04-29 00:00:00+02:00,499.0,514.0,495.0,506.0,1427
2026-04-30 00:00:00+02:00,510.0,518.0,500.0,512.0,552
2026-05-04 00:00:00+02:00,512.0,552.0,512.0,540.0,3073
2026-05-05 00:00:00+02:00,540.0,588.0,540.0,588.0,1667
2026-05-06 00:00:00+02:00,594.0,598.0,572.0,574.0,2663
2026-05-07 00:00:00+02:00,588.0,590.0,574.0,586.0,638
2026-05-08 00:00:00+02:00,586.0,590.0,552.0,560.0,1445
2026-05-11 00:00:00+02:00,560.0,570.0,534.0,534.0,1578
2026-05-12 00:00:00+02:00,534.0,544.0,524.0,528.0,632
2026-05-13 00:00:00+02:00,528.0,544.0,524.0,540.0,485
2026-05-14 00:00:00+02:00,548.0,568.0,544.0,554.0,636
2026-05-15 00:00:00+02:00,582.0,582.0,556.0,566.0,1217
2026-05-18 00:00:00+02:00,570.0,590.0,560.0,570.0,689
2026-05-19 00:00:00+02:00,588.0,598.0,558.0,584.0,830
2026-05-20 00:00:00+02:00,584.0,584.0,568.0,576.0,484
2026-05-21 00:00:00+02:00,578.0,590.0,572.0,582.0,584
2026-05-22 00:00:00+02:00,592.0,592.0,572.0,582.0,557
2026-05-25 00:00:00+02:00,590.0,616.0,584.0,610.0,1168
2026-05-26 00:00:00+02:00,610.0,616.0,592.0,612.0,459
2026-05-27 00:00:00+02:00,612.0,616.0,580.0,588.0,1641
2026-05-28 00:00:00+02:00,600.0,600.0,582.0,596.0,736
2026-05-29 00:00:00+02:00,596.0,598.0,580.0,586.0,879
2026-06-01 00:00:00+02:00,586.0,620.0,584.0,620.0,2394
2026-06-02 00:00:00+02:00,624.0,634.0,600.0,626.0,1353
2026-06-03 00:00:00+02:00,626.0,626.0,610.0,618.0,403
2026-06-05 00:00:00+02:00,616.0,618.0,580.0,586.0,929
2026-06-08 00:00:00+02:00,568.0,606.0,536.0,582.0,1145
2026-06-09 00:00:00+02:00,582.0,608.0,582.0,594.0,529
2026-06-10 00:00:00+02:00,590.0,600.0,574.0,580.0,486
2026-06-11 00:00:00+02:00,576.0,594.0,566.0,576.0,797
2026-06-12 00:00:00+02:00,576.0,588.0,558.0,578.0,1007
2026-06-15 00:00:00+02:00,578.0,586.0,552.0,552.0,689
2026-06-16 00:00:00+02:00,552.0,562.0,546.0,558.0,454
2026-06-17 00:00:00+02:00,552.0,554.0,524.0,548.0,1236
2026-06-18 00:00:00+02:00,538.0,540.0,504.0,510.0,4790
2026-06-19 00:00:00+02:00,530.0,540.0,510.0,510.0,4121
2026-06-22 00:00:00+02:00,524.0,532.0,508.0,524.0,290
2026-06-23 00:00:00+02:00,512.0,520.0,502.0,506.0,659
2026-06-24 00:00:00+02:00,522.0,566.0,510.0,564.0,2288
2026-06-25 00:00:00+02:00,564.0,582.0,544.0,550.0,1176
2026-06-26 00:00:00+02:00,550.0,550.0,522.0,530.0,416
2026-06-29 00:00:00+02:00,530.0,530.0,512.0,516.0,202
2026-06-30 00:00:00+02:00,528.0,546.0,526.0,538.0,475
2026-07-01 00:00:00+02:00,536.0,538.0,524.0,534.0,111
2026-07-02 00:00:00+02:00,536.0,544.0,528.0,534.0,281
2026-07-03 00:00:00+02:00,532.0,548.0,530.0,544.0,600
2026-07-06 00:00:00+02:00,544.0,548.0,538.0,538.0,191
2026-07-07 00:00:00+02:00,540.0,540.0,506.0,540.0,1586
2026-07-08 00:00:00+02:00,540.0,568.0,536.0,550.0,2722
2026-07-09 00:00:00+02:00,550.0,562.0,550.0,552.0,505
2026-07-10 00:00:00+02:00,564.0,564.0,542.0,544.0,932
2026-07-13 00:00:00+02:00,556.0,556.0,532.0,540.0,565
2026-07-14 00:00:00+02:00,536.0,546.0,530.0,540.0,661
2026-07-15 00:00:00+02:00,502.0,516.0,482.0,500.0,8460
2026-07-16 00:00:00+02:00,497.0,499.0,490.0,493.0,3449
2026-07-17 00:00:00+02:00,491.0,493.0,478.0,489.0,2636
2026-07-20 00:00:00+02:00,493.0,493.0,479.0,487.0,4299
2026-07-21 00:00:00+02:00,489.0,493.0,485.0,493.0,1430
2026-07-22 00:00:00+02:00,495.0,506.0,494.0,504.0,5476
2026-07-23 00:00:00+02:00,504.0,504.0,486.0,491.0,1345
2026-07-24 00:00:00+02:00,489.0,495.0,480.0,492.0,1684
2026-07-27 00:00:00+02:00,493.0,494.0,480.0,485.0,1542
2026-07-28 00:00:00+02:00,485.0,490.0,479.0,482.0,908
2026-07-29 00:00:00+02:00,487.0,487.0,479.0,484.0,1253
2026-07-30 00:00:00+02:00,481.0,482.0,471.0,480.0,1413
2026-07-31 00:00:00+02:00,478.0,480.0,472.0,477.0,333
2026-08-03 00:00:00+02:00,477.0,488.0,477.0,488.0,569
2026-08-04 00:00:00+02:00,489.0,496.0,481.0,485.0,886
2026-08-05 00:00:00+02:00,494.0,494.0,485.0,494.0,716
2026-08-06 00:00:00+02:00,493.0,494.0,485.0,488.0,326
2026-08-07 00:00:00+02:00,494.0,494.0,486.0,488.0,499
2026-08-10 00:00:00+02:00,495.0,495.0,480.0,494.0,2411
2026-08-11 00:00:00+02:00,494.0,494.0,490.0,492.0,494
2026-08-12 00:00:00+02:00,494.0,495.0,492.0,492.0,765
2026-08-13 00:00:00+02:00,495.0,495.0,488.0,493.0,510
2026-08-14 00:00:00+02:00,495.0,500.0,493.0,499.0,870
2026-08-17 00:00:00+02:00,500.0,500.0,492.0,498.0,217
2026-08-18 00:00:00+02:00,492.0,494.0,485.0,491.0,417
2026-08-19 00:00:00+02:00,493.0,493.0,488.0,493.0,561
2026-08-20 00:00:00+02:00,488.0,493.0,487.0,493.0,864
2026-08-21 00:00:00+02:00,493.0,499.0,488.0,492.0,1157
