Date,Open,High,Low,Close,Volume
2016-08-22 00:00:00+02:00,12.25600461449472,12.25600461449472,11.918240878611615,12.242218017578125,1225
2016-08-23 00:00:00+02:00,11.925133273583143,12.221538543701172,11.925133273583143,12.221538543701172,185
2016-08-24 00:00:00+02:00,12.214645573126717,12.269790649414062,12.214645573126717,12.269790649414062,470
2016-08-25 00:00:00+02:00,12.269790649414062,12.269790649414062,12.26289866529518,12.269790649414062,94
2016-08-26 00:00:00+02:00,12.269790649414062,12.269790649414062,12.26289866529518,12.269790649414062,170
2016-08-29 00:00:00+02:00,12.262896537780762,12.262896537780762,12.256003240095485,12.262896537780762,65
2016-08-30 00:00:00+02:00,12.262897912953019,12.262897912953019,12.062996201949126,12.242218017578125,256
2016-08-31 00:00:00+02:00,12.19396487569009,12.262896537780762,11.93202482269796,12.262896537780762,1822
2016-09-01 00:00:00+02:00,12.262898779656702,12.262898779656702,11.92513370513916,11.92513370513916,6168
2016-09-02 00:00:00+02:00,11.93202482269796,12.262896537780762,11.93202482269796,12.262896537780762,428
2016-09-05 00:00:00+02:00,12.262896537780762,12.262896537780762,12.062994849194025,12.262896537780762,97
2016-09-06 00:00:00+02:00,12.262896537780762,12.26978852070394,12.256003240095485,12.262896537780762,1644
2016-09-07 00:00:00+02:00,12.262897631796346,12.262897631796346,12.256004333496094,12.256004333496094,408
2016-09-08 00:00:00+02:00,12.24911112870115,12.710951600245831,12.207751338583911,12.462798118591309,7723
2016-09-09 00:00:00+02:00,12.449013187672831,12.53862476348877,11.994065953605087,12.53862476348877,11042
2016-09-12 00:00:00+02:00,12.552408376105786,13.055608638106513,12.552408376105786,13.014248847961426,2077
2016-09-13 00:00:00+02:00,13.055610939966082,13.055610939966082,13.041824340820312,13.041824340820312,470
2016-09-14 00:00:00+02:00,12.959103636133928,13.02114200592041,12.959103636133928,13.02114200592041,1807
2016-09-15 00:00:00+02:00,12.821242428274486,13.02114283212193,12.68337908338761,12.945319175720215,3581
2016-09-16 00:00:00+02:00,12.81040027947148,14.081497986284203,12.781995195577634,12.924017906188965,4909
2016-09-19 00:00:00+02:00,12.924015516935695,13.122845649719238,12.781992832579993,13.122845649719238,1213
2016-09-20 00:00:00+02:00,13.122845649719238,13.122845649719238,13.122845649719238,13.122845649719238,15
2016-09-21 00:00:00+02:00,13.101543527242782,13.101543527242782,12.92401584451282,13.06603717803955,440
2016-09-22 00:00:00+02:00,13.122846814724678,13.122846814724678,13.108644274142511,13.115745544433594,2001
2016-09-23 00:00:00+02:00,13.1086436599221,13.1086436599221,12.675477027893066,12.675477027893066,1507
2016-09-26 00:00:00+02:00,12.661273898741689,12.995025444679152,12.661273898741689,12.98792552947998,589
2016-09-27 00:00:00+02:00,12.909812977614385,13.122845649719238,12.909812977614385,13.122845649719238,866
2016-09-28 00:00:00+02:00,12.995025504684847,13.122845649719238,12.995025504684847,13.122845649719238,404
2016-09-29 00:00:00+02:00,13.122847392145093,13.634128040169498,13.06603858174559,13.619925498962402,5260
2016-09-30 00:00:00+02:00,13.619923261048685,13.619923261048685,12.853003769454856,13.058935165405273,21802
2016-10-03 00:00:00+02:00,13.03053392976406,13.492105695841268,13.03053392976406,13.485004425048828,417
2016-10-04 00:00:00+02:00,13.492104946038662,13.847160339355469,13.492104946038662,13.847160339355469,17323
2016-10-05 00:00:00+02:00,13.847159373417027,13.93237325781747,13.506306544672738,13.925271987915039,2636
2016-10-06 00:00:00+02:00,13.712238087730716,13.847159508334023,13.641226742443251,13.797451972961426,6618
2016-10-07 00:00:00+02:00,13.811653412467306,13.960776006703822,13.811653412467306,13.939472198486328,3170
2016-10-10 00:00:00+02:00,13.903968133170027,14.095698356628418,13.811654333594918,14.095698356628418,11140
2016-10-11 00:00:00+02:00,14.124103546142578,14.131204816758286,14.109902359340039,14.124103546142578,8120
2016-10-12 00:00:00+02:00,14.13120473196563,14.13120473196563,14.074395921809714,14.081497192382812,4558
2016-10-13 00:00:00+02:00,14.131203651428224,14.131203651428224,13.98918231411248,14.131203651428223,9509
2016-10-14 00:00:00+02:00,14.088598758722805,14.131205028626972,14.088598758722805,14.117002487182617,9893
2016-10-17 00:00:00+02:00,14.131204210592674,14.898123796616362,14.117001669970483,14.727697372436523,7578
2016-10-18 00:00:00+02:00,14.450755039579677,14.727697817945764,14.450755039579677,14.699294090270996,1280
2016-10-19 00:00:00+02:00,14.550169944763184,14.550169944763184,14.550169944763184,14.550169944763184,30
2016-10-20 00:00:00+02:00,14.486257553100586,14.486257553100586,14.28742743019392,14.486257553100586,1742
2016-10-21 00:00:00+02:00,14.48625873880802,14.48625873880802,14.29452851508741,14.464956283569336,1323
2016-10-24 00:00:00+02:00,14.557269648181544,14.557269648181544,14.301629357528,14.415246963500977,1510
2016-10-25 00:00:00+02:00,14.543069249510992,14.543069249510992,14.03889121809646,14.117002487182617,11197
2016-10-26 00:00:00+02:00,14.06019158687846,14.535965819146288,14.06019158687846,14.10990047454834,3046
2016-10-27 00:00:00+02:00,13.989182472229006,14.109901355247668,13.918171125554125,13.989182472229004,7980
2016-10-28 00:00:00+02:00,14.102799204881213,14.10990047454834,14.102799204881213,14.10990047454834,86
2016-10-31 00:00:00+01:00,14.08859770817299,14.52176570892334,14.08859770817299,14.52176570892334,6229
2016-11-02 00:00:00+01:00,14.131206033929953,14.216419934229359,13.918173314824932,14.024689674377441,4848
2016-11-03 00:00:00+01:00,14.024687270248426,14.024687270248426,13.847159583283258,13.918170928955078,15732
2016-11-04 00:00:00+01:00,13.861362880151063,13.882665336915615,13.818755257764282,13.847160339355469,10498
2016-11-07 00:00:00+01:00,14.10279913307082,14.202214199046967,13.9110689163208,13.9110689163208,2281
2016-11-08 00:00:00+01:00,14.159608731548634,14.166710001578736,14.003383499743917,14.131203651428223,4334
2016-11-09 00:00:00+01:00,14.188011295699942,14.19511256514868,14.06019115447998,14.06019115447998,3485
2016-11-10 00:00:00+01:00,13.960776091054969,14.131202494538698,13.960776091054969,14.06019115447998,5045
2016-11-14 00:00:00+01:00,14.024684791511593,14.13120111397914,13.882662125269178,13.9962797164917,4355
2016-11-15 00:00:00+01:00,13.91817135148644,14.010485155562156,13.776148655831236,13.903968811035156,10065
2016-11-16 00:00:00+01:00,13.903969148109006,13.903969148109006,13.790351530601933,13.847160339355469,190
2016-11-17 00:00:00+01:00,13.847160339355469,13.847160339355469,13.79745280099973,13.847160339355469,465
2016-11-18 00:00:00+01:00,13.790351530601933,13.847160339355469,13.790351530601933,13.847160339355469,496
2016-11-21 00:00:00+01:00,13.840056419372559,13.840056419372559,13.840056419372559,13.840056419372559,190
2016-11-22 00:00:00+01:00,13.840058537886536,13.840058537886536,13.776148461187564,13.83295726776123,150
2016-11-23 00:00:00+01:00,13.840057815471187,13.840057815471187,13.811654090881348,13.811654090881348,120
2016-11-24 00:00:00+01:00,13.804553256039151,13.804553256039151,13.634126839844686,13.719339370727539,812
2016-11-25 00:00:00+01:00,13.811655147571225,13.811655147571225,13.776148796081543,13.776148796081543,2890
2016-11-28 00:00:00+01:00,13.811653657535823,13.811653657535823,13.698036053883829,13.761944770812988,8275
2016-11-29 00:00:00+01:00,13.811653347619561,13.811653347619561,13.577316876041957,13.80455207824707,5623
2016-11-30 00:00:00+01:00,13.804551873214706,13.804551873214706,13.733540534973145,13.733540534973145,4865
2016-12-01 00:00:00+01:00,13.733541377944894,13.769046372030678,13.577317507767255,13.7051362991333,9422
2016-12-02 00:00:00+01:00,13.634124755859373,13.669629745895474,13.634124755859373,13.634124755859375,5580
2016-12-05 00:00:00+01:00,13.769046783447266,13.882664393231094,12.725184485647556,13.769046783447266,3753
2016-12-06 00:00:00+01:00,13.648327827453613,13.648327827453613,13.648327827453613,13.648327827453613,55
2016-12-07 00:00:00+01:00,13.563116073608398,13.627026151713753,13.563116073608398,13.563116073608398,7465
2016-12-08 00:00:00+01:00,13.556014803326825,13.669632418974384,13.527609722200527,13.563116073608398,22585
2016-12-09 00:00:00+01:00,13.563115542020661,13.563115542020661,13.499205466420175,13.54891300201416,7359
2016-12-12 00:00:00+01:00,13.527607309479137,13.527607309479137,13.39978853049441,13.456597328186035,4941
2016-12-13 00:00:00+01:00,13.421094342345793,13.485004425048828,13.413993071553355,13.485004425048828,2410
2016-12-14 00:00:00+01:00,13.4778995513916,13.4778995513916,13.4778995513916,13.477899551391602,15
2016-12-15 00:00:00+01:00,13.485001985121079,13.485001985121079,13.385586920872568,13.470799446105957,64
2016-12-16 00:00:00+01:00,13.485004425048828,13.485004425048828,13.485004425048828,13.485004425048828,30
2016-12-19 00:00:00+01:00,13.4778995513916,13.4778995513916,13.456597099137694,13.477899551391602,1160
2016-12-20 00:00:00+01:00,13.477899971702893,13.477899971702893,13.46369743347168,13.46369743347168,250
2016-12-21 00:00:00+01:00,13.477900946989573,13.477900946989573,13.215160742842697,13.44949722290039,1094
2016-12-22 00:00:00+01:00,13.449500296215543,13.449500296215543,13.19385994885364,13.442399024963379,4375
2016-12-23 00:00:00+01:00,13.41399097442627,13.41399097442627,13.41399097442627,13.41399097442627,2
2016-12-27 00:00:00+01:00,13.406891206854985,13.406891206854985,13.350082397460938,13.350082397460938,1368
2016-12-28 00:00:00+01:00,13.350080601536218,13.378485679626465,13.193856735325875,13.378485679626465,2656
2016-12-29 00:00:00+01:00,13.421092987060547,13.421092987060547,13.421092987060547,13.421092987060547,15
2016-12-30 00:00:00+01:00,13.406889915466309,13.406889915466309,13.350081111544242,13.406889915466309,127
2017-01-02 00:00:00+01:00,13.726440960993614,14.060192531191813,13.49210446395471,13.740643501281738,332
2017-01-03 00:00:00+01:00,13.740645326967181,13.740645326967181,13.698039054870605,13.698039054870605,95
2017-01-04 00:00:00+01:00,13.492103576660156,13.492103576660156,13.492103576660156,13.492103576660156,32
2017-01-05 00:00:00+01:00,13.15125051728399,13.669631004333496,13.15125051728399,13.669631004333496,2178
2017-01-09 00:00:00+01:00,13.314576782553385,13.314576782553385,13.243565435494007,13.293272972106934,4603
2017-01-10 00:00:00+01:00,13.23646328600099,13.492103576660156,13.23646328600099,13.492103576660156,1241
2017-01-11 00:00:00+01:00,13.371385063550614,13.371385063550614,13.151251115308154,13.342981338500977,1135
2017-01-12 00:00:00+01:00,13.35718238133809,13.66253021032997,13.172553429984191,13.406889915466309,2521
2017-01-13 00:00:00+01:00,13.669629980922489,13.669629980922489,13.229360782990957,13.456597328186035,695
2017-01-16 00:00:00+01:00,13.421092610252126,13.428193880128092,13.144149857233144,13.26486873626709,1527
2017-01-17 00:00:00+01:00,13.35718208139773,13.456598501850458,13.208059482361678,13.371384620666504,558
2017-01-18 00:00:00+01:00,13.243566281455141,13.371386443441047,13.172554929859762,13.328780174255371,1815
2017-01-19 00:00:00+01:00,13.342982843140158,13.719340707667966,13.208061409260754,13.279072761535645,1660
2017-01-20 00:00:00+01:00,13.328778598903245,13.328778598903245,13.271969795227053,13.27196979522705,55
2017-01-23 00:00:00+01:00,13.279072674717973,13.279072674717973,13.172554969787598,13.172554969787598,6570
2017-01-24 00:00:00+01:00,13.172554698800932,13.42109374781071,13.172554698800932,13.350082397460938,5777
2017-01-25 00:00:00+01:00,13.449498725310821,13.449498725310821,13.222263489498706,13.385588645935059,5647
2017-01-26 00:00:00+01:00,13.449498829722161,13.449498829722161,13.243566049150704,13.350082397460938,1184
2017-01-27 00:00:00+01:00,13.222263489498706,13.449498725310821,13.186757137385037,13.385588645935059,525
2017-01-30 00:00:00+01:00,13.378486721037282,13.421092987060547,13.300374104637317,13.421092987060547,27120
2017-01-31 00:00:00+01:00,13.413991716985207,13.421092987060547,13.385587991112622,13.421092987060547,9157
2017-02-01 00:00:00+01:00,13.413992477332847,13.413992477332847,13.300374858544751,13.350082397460938,463
2017-02-02 00:00:00+01:00,13.442397559244299,13.442397559244299,13.307476129022614,13.350082397460938,200
2017-02-03 00:00:00+01:00,13.442397559244299,13.442397559244299,13.300374858544751,13.350082397460938,605
2017-02-06 00:00:00+01:00,13.350079231177805,13.350079231177805,13.30037170405092,13.314574241638184,3365
2017-02-07 00:00:00+01:00,13.413990884044134,13.413990884044134,13.300373278751325,13.371384620666504,561
2017-02-08 00:00:00+01:00,13.350082397460938,13.456600100200024,13.328779940456203,13.350082397460938,651
2017-02-09 00:00:00+01:00,13.44949782689828,13.456599096846656,13.137048721313477,13.137048721313477,4980
2017-02-10 00:00:00+01:00,13.413991364879953,13.413991364879953,13.044734811656356,13.108643531799316,2145
2017-02-13 00:00:00+01:00,13.208061409260754,13.314577760458645,13.137050056985863,13.279072761535645,400
2017-02-14 00:00:00+01:00,13.371385275021767,13.371385275021767,13.108643703406432,13.335880279541016,200
2017-02-15 00:00:00+01:00,13.364281768765068,13.364281768765068,13.250664176924037,13.314574241638184,123
2017-02-16 00:00:00+01:00,13.364284938416663,13.364284938416663,13.342982481411928,13.350082397460938,172
2017-02-17 00:00:00+01:00,13.321675510431813,13.321675510431813,13.208057918590784,13.314574241638184,149
2017-02-20 00:00:00+01:00,13.307475090026855,13.307475090026855,13.300373820103433,13.307475090026855,303
2017-02-21 00:00:00+01:00,13.307472858321576,13.307472858321576,13.051832601665012,13.286169052124023,536
2017-02-22 00:00:00+01:00,13.279072761535645,13.300375219117889,13.208061409260754,13.279072761535645,299
2017-02-23 00:00:00+01:00,13.271970141475125,13.31457640673663,13.137048721313477,13.137048721313477,158
2017-02-24 00:00:00+01:00,13.264867670299841,13.314575201008358,13.236462593078613,13.236462593078613,1246
2017-02-27 00:00:00+01:00,13.115744911468347,13.271970141475125,13.05183483636171,13.137048721313477,1842
2017-02-28 00:00:00+01:00,13.236463791733243,13.236463791733243,13.073138646206841,13.137048721313477,322
2017-03-01 00:00:00+01:00,13.236463051491576,13.236463051491576,13.051834106445314,13.051834106445312,4829
2017-03-02 00:00:00+01:00,13.1299474513651,13.208060066368489,13.066037376258464,13.137048721313477,1518
2017-03-03 00:00:00+01:00,13.137047986631542,13.137047986631542,12.952419041585278,13.051834106445312,2581
2017-03-06 00:00:00+01:00,13.12284598233599,13.12284598233599,12.952419569446674,13.06603717803955,825
2017-03-07 00:00:00+01:00,13.030532094071825,13.030532094071825,12.853004412557027,13.023430824279785,1398
2017-03-08 00:00:00+01:00,12.874306867504421,13.023430824279785,12.874306867504421,13.023430824279785,15407
2017-03-09 00:00:00+01:00,13.023430824279785,13.023430824279785,13.016329554487747,13.023430824279785,80
2017-03-10 00:00:00+01:00,13.02343137001787,13.02343137001787,12.902712487352016,12.959521293640137,428
2017-03-13 00:00:00+01:00,12.781991958618164,13.023429692857462,12.781991958618164,12.781991958618164,12049
2017-03-14 00:00:00+01:00,12.774892942179482,13.023431989421494,12.725185403616848,13.01633071899414,5332
2017-03-15 00:00:00+01:00,12.987926694459162,12.987926694459162,12.710982571846149,12.980825424194336,981
2017-03-16 00:00:00+01:00,12.959519624710083,12.959519624710083,12.604464292526245,12.781991958618164,2033
2017-03-17 00:00:00+01:00,12.924014633263141,12.924014633263141,12.583160485000917,12.781991958618164,731
2017-03-20 00:00:00+01:00,12.583160485000917,12.781991958618164,12.583160485000917,12.781991958618164,461
2017-03-21 00:00:00+01:00,12.760689524433191,12.767790794372559,12.760689524433191,12.767790794372559,364
2017-03-22 00:00:00+01:00,12.767790794372559,12.767790794372559,12.767790794372559,12.767790794372559,10
2017-03-23 00:00:00+01:00,12.710982322692871,12.760689859143511,12.703881052567239,12.710982322692871,110
2017-03-24 00:00:00+01:00,12.75358944101246,12.75358944101246,12.63997182026977,12.746489524841309,170
2017-03-27 00:00:00+02:00,12.746489524841309,12.746489524841309,12.746489524841309,12.746489524841309,15
2017-03-28 00:00:00+02:00,12.73938825424128,12.746489524841309,12.703881901241143,12.746489524841309,626
2017-03-29 00:00:00+02:00,12.647071527479836,12.710981600550854,12.604465263575396,12.689679145812988,1096
2017-03-30 00:00:00+02:00,12.703881052567239,12.746488673321032,12.703881052567239,12.710982322692871,63
2017-03-31 00:00:00+02:00,12.703881901241143,12.746489524841309,12.703881901241143,12.746489524841309,92
2017-04-03 00:00:00+02:00,12.696779585112314,12.696779585112314,12.639970779418945,12.639970779418945,12258
2017-04-04 00:00:00+02:00,12.632872179532772,12.632872179532772,12.512153285558021,12.568962097167969,103480
2017-04-05 00:00:00+02:00,12.654173663438872,13.733542355383051,12.654173663438872,13.690936088562012,7822
2017-04-06 00:00:00+02:00,12.86010682451233,13.399791186780527,12.86010682451233,13.385588645935059,7138
2017-04-07 00:00:00+02:00,13.137048721313477,13.137048721313477,12.987926115683827,13.137048721313477,1358
2017-04-10 00:00:00+02:00,13.1299467086792,13.1299467086792,12.916914039992953,13.1299467086792,2633
2017-04-11 00:00:00+02:00,13.06603726689443,13.115744801688255,12.938217117751025,13.108643531799316,2571
2017-04-12 00:00:00+02:00,13.058935607519611,13.058935607519611,12.803296671286034,13.030531883239746,2163
2017-04-13 00:00:00+02:00,12.98792552947998,12.98792552947998,12.853004115407945,12.98792552947998,72
2017-04-18 00:00:00+02:00,12.980825424194334,12.980825424194334,12.980825424194334,12.980825424194336,10
2017-04-19 00:00:00+02:00,12.853004951153508,12.959521293640137,12.845903681063895,12.959521293640137,477
2017-04-20 00:00:00+02:00,12.945316314697266,12.945316314697266,12.945316314697266,12.945316314697266,15
2017-04-21 00:00:00+02:00,12.931116532340544,12.980825424194334,12.931116532340544,12.980825424194336,85
2017-04-24 00:00:00+02:00,12.959520102148426,13.058935165405273,12.959520102148426,13.058935165405273,291
2017-04-25 00:00:00+02:00,12.995025634765625,12.995025634765625,12.995025634765625,12.995025634765625,10
2017-04-26 00:00:00+02:00,12.98792552947998,12.98792552947998,12.98792552947998,12.98792552947998,15
2017-04-27 00:00:00+02:00,12.98792552947998,12.98792552947998,12.98792552947998,12.98792552947998,10
2017-04-28 00:00:00+02:00,12.973723333577572,12.973723333577572,12.73938684737104,12.853004455566406,1065
2017-05-02 00:00:00+02:00,12.774892611740807,12.774892611740807,12.639971185968683,12.70388126373291,1632
2017-05-04 00:00:00+02:00,12.696779483339348,12.767790828494048,12.618668222655058,12.675477027893066,1400
2017-05-05 00:00:00+02:00,12.675478150894754,12.767791959674406,12.675478150894754,12.760690689086914,150
2017-05-08 00:00:00+02:00,12.774890899658203,12.774890899658203,12.519250622862039,12.774890899658203,435
2017-05-09 00:00:00+02:00,12.774892064311926,12.774892064311926,12.526353034149068,12.767790794372559,195
2017-05-10 00:00:00+02:00,12.746489502340804,12.767791959674406,12.746489502340804,12.760690689086914,155
2017-05-11 00:00:00+02:00,12.739386558532715,12.739386558532715,12.568960150103722,12.739386558532715,125
2017-05-12 00:00:00+02:00,12.746489205553551,12.746489205553551,12.639971503650182,12.72518539428711,185
2017-05-15 00:00:00+02:00,12.710981479913535,12.739386558532715,12.710981479913535,12.739386558532715,54
2017-05-16 00:00:00+02:00,12.774890899658203,12.781992168950167,12.647070761260121,12.774890899658203,1976
2017-05-17 00:00:00+02:00,12.661275314916624,12.76779166239115,12.554758967442098,12.72518539428711,895
2017-05-18 00:00:00+02:00,12.682578596619127,12.710982322692871,12.576060899163428,12.710982322692871,442
2017-05-19 00:00:00+02:00,12.75358774341361,12.75358774341361,12.568960150103722,12.739386558532715,35
2017-05-22 00:00:00+02:00,12.73938719167601,12.73938719167601,12.583161960363569,12.718083381652832,203
2017-05-23 00:00:00+02:00,12.739386558532715,12.739386558532715,12.73228528887792,12.739386558532715,155
2017-05-24 00:00:00+02:00,12.70388126373291,12.70388126373291,12.70388126373291,12.70388126373291,15
2017-05-25 00:00:00+02:00,12.568962097167969,12.568962097167969,12.547658284903399,12.568962097167969,1179
2017-05-26 00:00:00+02:00,12.568960269393145,12.689679145812988,12.355926241013519,12.689679145812988,1100
2017-05-29 00:00:00+02:00,12.554758071899414,12.554758071899414,12.526352992236985,12.554758071899414,129
2017-05-30 00:00:00+02:00,12.54765796661377,12.54765796661377,12.54765796661377,12.54765796661377,30
2017-05-31 00:00:00+02:00,12.533454895019531,12.533454895019531,12.37723101227401,12.533454895019531,246
2017-06-01 00:00:00+02:00,12.533454895019531,12.533454895019531,12.434039820038636,12.533454895019531,7165
2017-06-02 00:00:00+02:00,12.384331202365138,12.739386558532715,12.384331202365138,12.739386558532715,1706
2017-06-05 00:00:00+02:00,12.710982322692871,12.710982322692871,12.710982322692871,12.710982322692871,15
2017-06-06 00:00:00+02:00,12.71098305062883,13.115745989968442,12.70388178009652,13.087342262268066,53787
2017-06-07 00:00:00+02:00,13.094442056581258,13.094442056581258,12.995025634765625,12.995025634765625,105
2017-06-08 00:00:00+02:00,13.00212853809943,13.22226386415525,13.00212853809943,13.172554969787598,10665
2017-06-09 00:00:00+02:00,13.208059100443997,13.215160369873047,13.208059100443997,13.215160369873047,30
2017-06-12 00:00:00+02:00,13.030533009798228,13.12994808501576,12.348825960571212,13.115745544433594,13578
2017-06-13 00:00:00+02:00,12.725184307739438,13.101543481404539,12.51215163098031,12.853004455566406,1624
2017-06-14 00:00:00+02:00,12.774890899658203,12.774890899658203,12.774890899658203,12.774890899658203,1
2017-06-15 00:00:00+02:00,12.774890899658203,12.774890899658203,12.774890899658203,12.774890899658203,0
2017-06-16 00:00:00+02:00,12.6328701417578,12.6328701417578,12.426937386372149,12.618667602539062,976
2017-06-19 00:00:00+02:00,12.632872201419456,12.632872201419456,12.448243224760033,12.490849494934082,172731
2017-06-20 00:00:00+02:00,12.419837209259903,12.419837209259903,12.07188309436553,12.412735939025879,1596
2017-06-21 00:00:00+02:00,12.39853286743164,12.39853286743164,12.39853286743164,12.39853286743164,50
2017-06-22 00:00:00+02:00,12.341724395751953,12.341724395751953,12.334624480059123,12.341724395751953,195
2017-06-23 00:00:00+02:00,12.341723266896226,12.341723266896226,12.064780529628155,12.178398132324219,1846
2017-06-26 00:00:00+02:00,12.334625000940667,12.334625000940667,12.015074604117526,12.06478214263916,1305
2017-06-27 00:00:00+02:00,12.284913406868121,12.284913406868121,12.000869424606096,12.213903427124023,549
2017-06-28 00:00:00+02:00,12.277814550504768,12.277814550504768,12.071881799100243,12.178398132324219,484
2017-06-29 00:00:00+02:00,12.164197201677162,12.164197201677162,12.000872045511015,12.142894744873047,485
2017-06-30 00:00:00+02:00,12.057680130004881,12.06478139998926,11.965366329065501,12.057680130004883,3222
2017-07-03 00:00:00+02:00,12.06478214263916,12.06478214263916,12.06478214263916,12.06478214263916,6
2017-07-04 00:00:00+02:00,12.057679597752466,12.057679597752466,11.667119246853249,12.043477058410645,1817
2017-07-05 00:00:00+02:00,11.510894232258666,12.043477277402918,11.297861555972455,11.574804306030273,4476
2017-07-06 00:00:00+02:00,11.489592838924684,12.036378474191958,11.432784029703983,11.894355773925781,5136
2017-07-07 00:00:00+02:00,11.936961191933678,11.94406246188403,11.47538948059082,11.47538948059082,60917
2017-07-10 00:00:00+02:00,11.944063117577441,11.944063117577441,11.446986383623546,11.823344230651855,1705
2017-07-11 00:00:00+02:00,11.823344230651855,11.823344230651855,11.823344230651855,11.823344230651855,35
2017-07-12 00:00:00+02:00,11.70972612253602,11.89435508034446,11.482490898903714,11.716827392578125,870
2017-07-13 00:00:00+02:00,11.823343734352173,11.823343734352173,11.716827392578125,11.716827392578125,29
2017-07-14 00:00:00+02:00,11.709725379943848,11.709725379943848,11.709725379943848,11.709725379943848,17
2017-07-17 00:00:00+02:00,11.709725379943848,11.709725379943848,11.709725379943848,11.709725379943848,197
2017-07-18 00:00:00+02:00,11.709725379943848,11.709725379943848,11.432782638008367,11.709725379943848,1568
2017-07-19 00:00:00+02:00,11.702625274658203,11.702625274658203,11.503795124021657,11.702625274658203,741
2017-07-20 00:00:00+02:00,11.688422734061644,11.702625274658203,11.645816466700786,11.702625274658203,535
2017-07-21 00:00:00+02:00,12.084632071940518,12.0919771194458,11.754048886530132,12.0919771194458,20564
2017-07-24 00:00:00+02:00,12.231555055783938,12.231555055783938,11.754047169751122,12.07728385925293,5107
2017-07-25 00:00:00+02:00,12.08463191986084,12.08463191986084,11.776088084424636,12.08463191986084,5008
2017-07-26 00:00:00+02:00,11.820165374860723,12.08463191986084,11.820165374860723,12.08463191986084,6810
2017-07-27 00:00:00+02:00,12.084630306877017,12.084630306877017,11.812817349552212,12.07728385925293,3189
2017-07-28 00:00:00+02:00,12.08463191986084,12.08463191986084,12.08463191986084,12.08463191986084,10
2017-07-31 00:00:00+02:00,12.069938659667969,12.069938659667969,12.069938659667969,12.069938659667969,85
2017-08-01 00:00:00+02:00,12.040554342656186,12.040554342656186,11.732011179258421,12.033207893371582,3103
2017-08-02 00:00:00+02:00,11.82751183123197,12.033206787529975,11.754048746329053,12.025861740112305,786
2017-08-03 00:00:00+02:00,12.025861740112305,12.025861740112305,12.018515291502833,12.025861740112305,63
2017-08-04 00:00:00+02:00,12.025862254311228,12.047900199890137,11.864243180375983,12.047900199890137,1170
2017-08-07 00:00:00+02:00,11.900975717230798,12.04055404663086,11.680586447686883,12.04055404663086,269
2017-08-08 00:00:00+02:00,12.04055404663086,12.04055404663086,11.687932896790869,12.04055404663086,202
2017-08-09 00:00:00+02:00,12.025861740112305,12.025861740112305,12.025861740112305,12.025861740112305,15
2017-08-10 00:00:00+02:00,12.018516100510794,12.04055404663086,12.018516100510794,12.04055404663086,27
2017-08-11 00:00:00+02:00,12.025862845278906,12.033207893371582,12.025862845278906,12.033207893371582,27
2017-08-14 00:00:00+02:00,11.754048347473145,12.025861332032832,11.746701899112963,11.754048347473145,1106
2017-08-15 00:00:00+02:00,11.754048347473145,11.754048347473145,11.754048347473145,11.754048347473145,0
2017-08-16 00:00:00+02:00,11.9744371995856,11.9744371995856,11.754049335030526,11.952399253845215,82
2017-08-17 00:00:00+02:00,11.959745111749427,11.96709156036377,11.959745111749427,11.96709156036377,19
2017-08-18 00:00:00+02:00,11.97443675994873,11.97443675994873,11.754048903485112,11.97443675994873,35
2017-08-21 00:00:00+02:00,12.047900495734847,12.047900495734847,12.04055404663086,12.04055404663086,82
2017-08-22 00:00:00+02:00,12.047900199890137,12.047900199890137,12.047900199890137,12.047900199890137,30
2017-08-23 00:00:00+02:00,12.025862549614782,12.04055404663086,12.025862549614782,12.04055404663086,18
2017-08-24 00:00:00+02:00,12.033207893371582,12.033207893371582,12.033207893371582,12.033207893371582,10
2017-08-25 00:00:00+02:00,12.033207893371582,12.062593690509997,11.695279633431365,12.033207893371582,1720
2017-08-28 00:00:00+02:00,12.069939191956966,12.069939191956966,11.56304544066046,11.97443675994873,5571
2017-08-29 00:00:00+02:00,11.937705993652344,11.937705993652344,11.937705993652344,11.937705993652344,20493
2017-08-30 00:00:00+02:00,11.959745263725155,11.97443675994873,11.959745263725155,11.97443675994873,54
2017-08-31 00:00:00+02:00,11.974436193511565,11.974436193511565,11.643854424453934,11.754048347473145,5213
2017-09-01 00:00:00+02:00,12.033207893371582,12.033207893371582,11.607124343804008,12.033207893371582,190
2017-09-04 00:00:00+02:00,12.069938659667969,12.069938659667969,12.011168473790004,12.069938659667969,123
2017-09-05 00:00:00+02:00,12.069938659667969,12.069938659667969,12.069938659667969,12.069938659667969,27
2017-09-06 00:00:00+02:00,11.680585265063087,12.069938621002166,11.651200172218239,11.754048347473145,1229
2017-09-07 00:00:00+02:00,11.754048642758606,11.754048642758606,11.746702194213867,11.746702194213867,35
2017-09-08 00:00:00+02:00,11.746701730115827,12.047899102591229,11.599776268005371,11.599776268005371,585
2017-09-11 00:00:00+02:00,11.599776283528252,11.599776283528252,11.39408063629835,11.423465728759766,1523
2017-09-12 00:00:00+02:00,11.379388226252669,11.379388226252669,11.298579393678068,11.335310935974121,326
2017-09-13 00:00:00+02:00,11.335311417904006,11.335311417904006,11.217771038036028,11.305926322937012,627
2017-09-14 00:00:00+02:00,11.305925968407411,11.305925968407411,11.129614703538259,11.232462882995605,935
2017-09-15 00:00:00+02:00,11.181039437806028,11.225116729736328,11.173692988952336,11.225116729736328,1276
2017-09-18 00:00:00+02:00,11.225116279256326,11.232462727815195,11.01207417522043,11.019420623779297,1119
2017-09-19 00:00:00+02:00,11.019420120292677,11.342656135559082,10.872494658807947,11.342656135559082,2775
2017-09-20 00:00:00+02:00,11.350004301364129,11.680586814880371,11.31327275528544,11.680586814880371,237
2017-09-21 00:00:00+02:00,11.680585112648174,11.680585112648174,11.129614103549754,11.423465728759766,933
2017-09-22 00:00:00+02:00,11.423467728658872,11.496930122375488,11.423467728658872,11.496930122375488,146
2017-09-25 00:00:00+02:00,11.496928259633819,11.754048347473145,11.496928259633819,11.754048347473145,129
2017-09-26 00:00:00+02:00,11.746701899112963,11.754048347473145,11.746701899112963,11.754048347473145,22
2017-09-27 00:00:00+02:00,11.746702194213867,11.746702194213867,11.746702194213867,11.746702194213867,10
2017-09-28 00:00:00+02:00,11.746702194213867,11.746702194213867,11.746702194213867,11.746702194213867,10
2017-09-29 00:00:00+02:00,11.746702194213867,11.746702194213867,11.746702194213867,11.746702194213867,10
2017-10-02 00:00:00+02:00,11.746702194213867,11.746702194213867,11.746702194213867,11.746702194213867,1010
2017-10-03 00:00:00+02:00,11.754048347473145,11.754048347473145,11.746701899112963,11.754048347473145,59
2017-10-04 00:00:00+02:00,11.754048347473145,11.754048347473145,11.754048347473145,11.754048347473145,21
2017-10-05 00:00:00+02:00,11.746702194213867,11.746702194213867,11.746702194213867,11.746702194213867,10
2017-10-06 00:00:00+02:00,11.754048347473145,11.754048347473145,11.754048347473145,11.754048347473145,75
2017-10-09 00:00:00+02:00,11.739355087280273,11.739355087280273,11.739355087280273,11.739355087280273,10
2017-10-10 00:00:00+02:00,11.746702194213867,11.746702194213867,11.746702194213867,11.746702194213867,18
2017-10-11 00:00:00+02:00,11.746703038919728,11.746703038919728,11.526314470900676,11.732010841369629,132
2017-10-12 00:00:00+02:00,11.732009702988478,11.754048347473145,11.732009702988478,11.754048347473145,36
2017-10-13 00:00:00+02:00,11.754048642758606,11.754048642758606,11.746702194213867,11.746702194213867,53
2017-10-16 00:00:00+02:00,11.754048347473145,11.754048347473145,11.754048347473145,11.754048347473145,28
2017-10-17 00:00:00+02:00,11.754048347473145,11.754048347473145,11.754048347473145,11.754048347473145,29
2017-10-18 00:00:00+02:00,11.754048347473145,11.754048347473145,11.754048347473145,11.754048347473145,41
2017-10-19 00:00:00+02:00,11.754047983545716,11.754047983545716,11.739355087280273,11.739355087280273,27
2017-10-20 00:00:00+02:00,11.732009997720285,11.754048642758606,11.732009997720285,11.746702194213867,43
2017-10-23 00:00:00+02:00,11.754047983545716,11.754047983545716,11.732009339743406,11.739355087280273,80098
2017-10-24 00:00:00+02:00,11.739355087280273,11.739355087280273,11.739355087280273,11.739355087280273,46
2017-10-25 00:00:00+02:00,11.732009702988478,11.754048347473145,11.732009702988478,11.754048347473145,117
2017-10-26 00:00:00+02:00,11.754048347473145,11.754048347473145,11.754048347473145,11.754048347473145,46
2017-10-27 00:00:00+02:00,11.754047983545716,11.754047983545716,11.643854063938317,11.739355087280273,43
2017-10-30 00:00:00+01:00,11.754048347473145,11.754048347473145,11.518967604714362,11.754048347473145,372
2017-10-31 00:00:00+01:00,11.754048347473145,11.754048347473145,11.754048347473145,11.754048347473145,27
2017-11-01 00:00:00+01:00,11.754048347473145,11.754048347473145,11.754048347473145,11.754048347473145,0
2017-11-02 00:00:00+01:00,11.680586814880371,11.680586814880371,11.680586814880371,11.680586814880371,37
2017-11-03 00:00:00+01:00,11.680585542092114,11.680585542092114,11.313271522521973,11.313271522521973,3364
2017-11-06 00:00:00+01:00,11.607123374938965,11.607123374938965,11.607123374938965,11.607123374938965,14
2017-11-07 00:00:00+01:00,11.636507808681952,11.636507808681952,11.599776268005371,11.599776268005371,236
2017-11-08 00:00:00+01:00,11.592429459105722,11.592429459105722,11.526312828063965,11.526312828063965,86
2017-11-09 00:00:00+01:00,11.563045375150162,11.6658935546875,11.563045375150162,11.6658935546875,184
2017-11-10 00:00:00+01:00,11.665894804555704,11.665894804555704,11.658548355102539,11.658548355102539,43
2017-11-13 00:00:00+01:00,11.665894804555704,11.665894804555704,11.658548355102539,11.658548355102539,38
2017-11-14 00:00:00+01:00,11.680586410105498,11.680586410105498,11.423466997656755,11.673240661621094,151
2017-11-15 00:00:00+01:00,11.67323979415359,11.67323979415359,11.313271522521973,11.313271522521973,3169
2017-11-16 00:00:00+01:00,11.350004301364129,11.680586814880371,11.29858055721155,11.680586814880371,3914
2017-11-17 00:00:00+01:00,11.680586410105498,11.680586410105498,11.665894212540744,11.673240661621094,2115
2017-11-20 00:00:00+01:00,11.68058575986509,11.68058575986509,11.59977692626758,11.607123374938965,111
2017-11-21 00:00:00+01:00,11.680585295340153,11.680585295340153,11.276540442825146,11.460197448730469,4133
2017-11-22 00:00:00+01:00,11.460199275815176,11.496930122375488,11.460199275815176,11.496930122375488,47
2017-11-23 00:00:00+01:00,11.430812177024086,11.430812177024086,11.423465728759766,11.423465728759766,219
2017-11-24 00:00:00+01:00,11.423465728759766,11.423465728759766,11.423465728759766,11.423465728759766,15
2017-11-27 00:00:00+01:00,11.416119280495444,11.430812177024086,11.416119280495444,11.423465728759766,824
2017-11-28 00:00:00+01:00,11.423466505687284,11.423466505687284,11.386734962463379,11.386734962463379,290
2017-11-29 00:00:00+01:00,11.386734844163431,11.43081283569336,11.166346287705602,11.43081283569336,4645
2017-11-30 00:00:00+01:00,11.203077830547892,11.43081283569336,11.203077830547892,11.43081283569336,1178
2017-12-01 00:00:00+01:00,11.533660888671875,11.533660888671875,11.533660888671875,11.533660888671875,54
2017-12-04 00:00:00+01:00,11.53366011276982,11.570391654968262,11.53366011276982,11.570391654968262,312
2017-12-05 00:00:00+01:00,11.533660272111378,11.57039181481728,11.07819096410754,11.232462882995605,6475
2017-12-06 00:00:00+01:00,11.313271522521973,11.350003064598166,11.056152129180411,11.313271522521973,3479
2017-12-07 00:00:00+01:00,11.305926322937012,11.313272071231815,11.239809684112291,11.305926322937012,129
2017-12-08 00:00:00+01:00,11.423465728759766,11.423465728759766,11.423465728759766,11.423465728759766,52
2017-12-11 00:00:00+01:00,11.063498013664018,11.4234655663475,11.063498013664018,11.151653289794922,3962
2017-12-12 00:00:00+01:00,11.386734962463379,11.386734962463379,11.12961486049197,11.386734962463379,11105
2017-12-13 00:00:00+01:00,11.386735410589903,11.533660888671875,11.379388961536819,11.533660888671875,144602
2017-12-14 00:00:00+01:00,11.460198021641876,11.563045501708984,11.460198021641876,11.563045501708984,32484
2017-12-15 00:00:00+01:00,11.592431079904664,11.592431079904664,11.496929344002396,11.533660888671875,4579
2017-12-18 00:00:00+01:00,11.5336596349067,11.60712271625986,11.49692809423012,11.599776268005371,11280
2017-12-19 00:00:00+01:00,11.59977656318753,11.59977656318753,11.57039147001767,11.592430114746094,956
2017-12-20 00:00:00+01:00,11.592431079904664,11.592431079904664,11.50427579305548,11.533660888671875,3576
2017-12-21 00:00:00+01:00,11.592430114746094,11.592430114746094,11.592430114746094,11.592430114746094,50
2017-12-22 00:00:00+01:00,11.585084366900542,11.592430114746094,11.511621283677949,11.592430114746094,100
2017-12-25 00:00:00+01:00,11.592430114746094,11.592430114746094,11.592430114746094,11.592430114746094,0
2017-12-26 00:00:00+01:00,11.592430114746094,11.592430114746094,11.592430114746094,11.592430114746094,0
2017-12-27 00:00:00+01:00,11.599776268005371,11.599776268005371,11.592429819750881,11.599776268005371,6392
2017-12-28 00:00:00+01:00,11.592429819750881,11.599776268005371,11.52631318665221,11.599776268005371,1695
2017-12-29 00:00:00+01:00,11.599778538256523,12.753145217895508,11.599778538256523,12.753145217895508,67759
2018-01-01 00:00:00+01:00,12.753145217895508,12.753145217895508,12.753145217895508,12.753145217895508,0
2018-01-02 00:00:00+01:00,12.753145217895508,12.753145217895508,12.753145217895508,12.753145217895508,0
2018-01-03 00:00:00+01:00,12.709065113782264,13.700813293457031,12.30502023374788,13.700813293457031,25251
2018-01-04 00:00:00+01:00,13.29676744403166,13.443692207336426,13.223304361783402,13.443692207336426,19244
2018-01-05 00:00:00+01:00,13.44369232481566,14.361977357964044,13.370230643117198,13.664081573486328,63805
2018-01-08 00:00:00+01:00,13.84774086267941,13.84774086267941,13.553889883873968,13.737546920776367,12818
2018-01-09 00:00:00+01:00,13.884469009372099,14.582366174353016,13.884469009372099,14.178319931030273,65542
2018-01-10 00:00:00+01:00,13.994664319349646,14.582367622209702,13.994664319349646,14.472173690795898,1150
2018-01-11 00:00:00+01:00,14.472173690795898,14.508904534203213,14.288516671375604,14.472173690795898,1211
2018-01-12 00:00:00+01:00,14.472173260658309,14.472173260658309,14.104859232734919,14.435441017150879,5609
2018-01-15 00:00:00+01:00,14.398709506084044,14.545634269714355,14.398709506084044,14.545634269714355,345
2018-01-16 00:00:00+01:00,14.545634269714355,14.545634269714355,14.545634269714355,14.545634269714355,166
2018-01-17 00:00:00+01:00,14.545635999656913,15.059876236502044,14.325248127404382,14.655831336975098,90263
2018-01-18 00:00:00+01:00,14.6925630569458,14.6925630569458,14.655832209780236,14.6925630569458,103
2018-01-19 00:00:00+01:00,14.692561739966983,15.867966959402716,14.655830896093816,15.427189826965332,46817
2018-01-22 00:00:00+01:00,15.794505730646895,15.794505730646895,15.280265448707155,15.72104263305664,983
2018-01-23 00:00:00+01:00,15.574114681436741,15.794502528332114,15.2802623506539,15.35372543334961,151653
2018-01-24 00:00:00+01:00,15.059876309779936,15.721041330946523,15.059876309779936,15.647578239440918,42644
2018-01-25 00:00:00+01:00,15.647577439733066,16.014891477296676,15.574115753173828,15.574115753173828,15164
2018-01-26 00:00:00+01:00,15.721039892542905,15.721039892542905,14.2885160446167,14.2885160446167,29304
2018-01-29 00:00:00+01:00,14.288515252694843,14.288515252694843,13.957932090084572,14.178319931030273,1448
2018-01-30 00:00:00+01:00,14.178319931030273,14.178319931030273,14.178319931030273,14.178319931030273,0
2018-01-31 00:00:00+01:00,13.66408181566233,13.66408181566233,13.002916860315658,13.517155647277832,11273
2018-02-01 00:00:00+01:00,13.700812383291698,13.957932472229004,13.44369229435439,13.957932472229004,11801
2018-02-02 00:00:00+01:00,14.031394668788687,14.031394668788687,13.884468512620392,13.9212007522583,771
2018-02-05 00:00:00+01:00,13.774276057738371,13.884469985961914,13.774276057738371,13.884469985961914,65
2018-02-06 00:00:00+01:00,13.076378311556304,13.811006338075012,12.819259623228167,13.664081573486328,8960
2018-02-07 00:00:00+01:00,13.370231501026677,13.811007224267149,12.96618521980044,13.700813293457031,7251
2018-02-08 00:00:00+01:00,13.77427537685771,13.77427537685771,13.443692207336426,13.443692207336426,2859
2018-02-09 00:00:00+01:00,13.443692207336426,13.77427537685771,13.443692207336426,13.443692207336426,55161
2018-02-12 00:00:00+01:00,13.664079961634805,13.847736946599811,13.55388605089412,13.774273872375488,572
2018-02-13 00:00:00+01:00,13.737546920776367,13.737546920776367,13.737546920776367,13.737546920776367,15
2018-02-14 00:00:00+01:00,13.700813607431114,14.325247764587402,13.700813607431114,14.325247764587402,8356
2018-02-15 00:00:00+01:00,14.325248980522154,15.059877133369445,14.325248980522154,14.6925630569458,5467
2018-02-16 00:00:00+01:00,14.619097014113393,14.619097014113393,13.921201250324197,14.178319931030273,14831
2018-02-19 00:00:00+01:00,14.215054191278117,14.655831336975098,14.215054191278117,14.655831336975098,837
2018-02-20 00:00:00+01:00,14.472174309700682,14.655831336975098,14.472174309700682,14.655831336975098,1288
2018-02-21 00:00:00+01:00,14.619097709655762,14.655829952355493,14.619097709655762,14.619097709655762,3040
2018-02-22 00:00:00+01:00,14.58236651151575,14.58236651151575,14.545634269714355,14.545634269714355,240
2018-02-23 00:00:00+01:00,14.619097785056764,14.619097785056764,14.54563470047019,14.582366943359375,1217
2018-02-26 00:00:00+01:00,14.582366628953489,14.839486718866919,14.545634386856277,14.766023635864258,441
2018-02-27 00:00:00+01:00,14.83948924799206,14.83948924799206,14.61909996142267,14.6925630569458,1164
2018-02-28 00:00:00+01:00,14.692560793863436,14.692560793863436,14.508903783940143,14.619097709655762,2432
2018-03-01 00:00:00+01:00,14.692560552861597,14.912948400677816,14.65582971195615,14.766023635864258,2585
2018-03-02 00:00:00+01:00,14.545635671516505,14.83948802947998,14.545635671516505,14.83948802947998,410
2018-03-05 00:00:00+01:00,14.582366628953489,14.839486718866919,14.28851569813461,14.766023635864258,5597
2018-03-06 00:00:00+01:00,14.325248127404382,14.655831336975098,14.251785036256232,14.655831336975098,329
2018-03-07 00:00:00+01:00,14.619097414359395,14.619097414359395,13.957932472229004,13.957932472229004,3669
2018-03-08 00:00:00+01:00,13.847738548739233,14.325246484656084,13.847738548739233,13.957932472229004,537
2018-03-09 00:00:00+01:00,14.2885160446167,14.2885160446167,13.957932863684299,14.2885160446167,1300
2018-03-12 00:00:00+01:00,14.398710250854492,14.655830351996718,13.994663977290475,14.398710250854492,1273
2018-03-13 00:00:00+01:00,14.031396220991837,14.398710250854492,13.95793313478094,14.398710250854492,2110
2018-03-14 00:00:00+01:00,14.104859307202734,14.398710250854492,14.104859307202734,14.398710250854492,4470
2018-03-15 00:00:00+01:00,14.251782196592849,14.325245273103503,14.104857444763182,14.104857444763184,5788
2018-03-16 00:00:00+01:00,14.031396808629115,14.325247764587402,13.957933719341572,14.325247764587402,3424
2018-03-19 00:00:00+01:00,14.141588787326228,14.361976623535156,14.141588787326228,14.361976623535156,719
2018-03-20 00:00:00+01:00,14.361976623535156,14.361976623535156,13.884468710954685,14.361976623535156,3223
2018-03-21 00:00:00+01:00,14.361978608635232,14.361978608635232,14.288516920539573,14.325247764587402,58
2018-03-22 00:00:00+01:00,14.2885160446167,14.2885160446167,14.2885160446167,14.2885160446167,10
2018-03-23 00:00:00+01:00,14.251784324645996,14.251784324645996,14.03139646339772,14.251784324645996,302
2018-03-26 00:00:00+02:00,14.398711022554654,15.280263900756836,14.25178484225834,15.280263900756836,7525
2018-03-27 00:00:00+02:00,14.912951540166741,15.280265631315597,14.912951540166741,15.133340835571289,484
2018-03-28 00:00:00+02:00,15.133339327650193,15.133339327650193,14.508905154678798,14.655831336975098,1634
2018-03-29 00:00:00+02:00,14.986411729502347,15.133337897917697,14.4721729424322,14.619097709655762,650
2018-03-30 00:00:00+02:00,14.619097709655762,14.619097709655762,14.619097709655762,14.619097709655762,0
2018-04-02 00:00:00+02:00,14.619097709655762,14.619097709655762,14.619097709655762,14.619097709655762,0
2018-04-03 00:00:00+02:00,14.582369114257107,14.83948924799206,14.54563686589954,14.6925630569458,163
2018-04-04 00:00:00+02:00,14.912948280577767,14.912948280577767,14.398709506084044,14.545634269714355,349
2018-04-05 00:00:00+02:00,14.766023516947454,14.839486599358487,13.957932412809601,14.545634269714355,24920
2018-04-06 00:00:00+02:00,14.545635377610528,14.545635377610528,14.32524751478292,14.472173690795898,190
2018-04-09 00:00:00+02:00,14.435441017150879,14.435441017150879,14.251784003189185,14.435441017150879,56
2018-04-10 00:00:00+02:00,14.435440408145855,14.435440408145855,13.847738548739233,13.957932472229004,6279
2018-04-11 00:00:00+02:00,14.325247489569463,14.325247489569463,13.737545588935664,14.21505355834961,15564
2018-04-12 00:00:00+02:00,14.215053870595428,14.98641280726983,14.215053870595428,14.83948802947998,4032
2018-04-13 00:00:00+02:00,14.766025072103538,15.280263900756836,14.69256198195538,15.280263900756836,11470
2018-04-16 00:00:00+02:00,15.133337586454237,15.42718851604532,15.133337586454237,15.35372543334961,7927
2018-04-17 00:00:00+02:00,15.353726738027122,15.427189826965332,15.059875783466158,15.427189826965332,4210
2018-04-18 00:00:00+02:00,15.42718851604532,15.42718851604532,15.059874503758527,15.35372543334961,1305
2018-04-19 00:00:00+02:00,15.35372872978378,15.35372872978378,14.986414638634924,15.133340835571289,12434
2018-04-20 00:00:00+02:00,15.13334083557129,15.13334083557129,14.692563645954252,15.133340835571289,6537
2018-04-23 00:00:00+02:00,15.133339534105934,15.133339534105934,14.692562382395675,15.059876441955566,970
2018-04-24 00:00:00+02:00,15.133337860476196,15.133337860476196,14.692560757512465,14.912948608398438,410
2018-04-25 00:00:00+02:00,14.91294801356981,14.986411094665527,14.54563400928295,14.986411094665527,1107
2018-04-26 00:00:00+02:00,14.545635999656913,14.655831336975098,14.472174309700682,14.655831336975098,3191
2018-04-27 00:00:00+02:00,14.472172906626492,14.91294860839844,14.43544066401764,14.912948608398438,3521
2018-04-30 00:00:00+02:00,15.206800669149947,15.35372543334961,15.206800669149947,15.35372543334961,2653
2018-05-01 00:00:00+02:00,15.35372543334961,15.35372543334961,15.35372543334961,15.35372543334961,0
2018-05-02 00:00:00+02:00,15.427191828251964,15.427191828251964,14.986414638634924,15.133340835571289,2507
2018-05-03 00:00:00+02:00,15.13334083557129,15.13334083557129,15.13334083557129,15.133340835571289,0
2018-05-04 00:00:00+02:00,14.912948645294673,15.20680098212537,14.251783689809177,14.619097709655762,18704
2018-05-07 00:00:00+02:00,14.545634269714355,14.58236651151575,14.141589418241306,14.545634269714355,2718
2018-05-08 00:00:00+02:00,14.104859955431827,14.508904846373056,13.590619729514001,14.031396865844727,11557
2018-05-09 00:00:00+02:00,14.361978587670453,14.361978587670453,13.73754583261756,14.068127632141113,5550
2018-05-10 00:00:00+02:00,14.068126083948378,14.986411094665527,14.068126083948378,14.986411094665527,3446
2018-05-11 00:00:00+02:00,14.912949717778961,14.98641280726983,14.545635671516505,14.83948802947998,7614
2018-05-14 00:00:00+02:00,14.986411483680477,14.986411483680477,14.508903545950828,14.766023635864258,2636
2018-05-15 00:00:00+02:00,14.508906018733978,14.6925630569458,14.472175171568415,14.6925630569458,1603
2018-05-16 00:00:00+02:00,14.619098465617018,14.692561553623506,14.10485965195531,14.472173690795898,7056
2018-05-17 00:00:00+02:00,14.619098439886363,14.986412478080451,14.06812738259523,14.21505355834961,2711
2018-05-18 00:00:00+02:00,14.215053235923165,14.54563502208446,14.215053235923165,14.398710250854492,585
2018-05-21 00:00:00+02:00,14.325248980522154,15.35372811426996,14.325248980522154,14.6925630569458,81333
2018-05-22 00:00:00+02:00,14.912949364605845,15.574115753173828,14.398710552731904,15.574115753173828,16007
2018-05-23 00:00:00+02:00,15.574115703049722,15.867966651916504,14.986412404124312,15.867966651916504,33567
2018-05-24 00:00:00+02:00,15.794503797199706,17.337223052978516,15.794503797199706,17.337223052978516,36446
2018-05-25 00:00:00+02:00,17.107080120355516,18.181068420410156,17.030367924515623,18.181068420410156,17467
2018-05-28 00:00:00+02:00,18.181070755243482,18.181070755243482,17.413936992797623,17.874216079711914,2070
2018-05-29 00:00:00+02:00,17.797500610351562,18.794773733376676,17.49064599109036,17.797500610351562,33839
2018-05-30 00:00:00+02:00,17.87421512175594,18.64134884308781,17.413936059509986,18.257781982421875,66434
2018-05-31 00:00:00+02:00,18.257781982421875,18.257781982421875,18.257781982421875,18.257781982421875,0
2018-06-01 00:00:00+02:00,18.564638357518866,18.564638357518866,18.411211013793945,18.411211013793945,1236
2018-06-04 00:00:00+02:00,18.71806125191867,18.871488571166992,18.334494416989227,18.871488571166992,42911
2018-06-05 00:00:00+02:00,18.564638494354867,19.101631274966962,18.564638494354867,19.024917602539062,8505
2018-06-06 00:00:00+02:00,18.79477491154283,19.101628086848116,18.564635395861707,18.871488571166992,3549
2018-06-07 00:00:00+02:00,19.024916244286903,19.024916244286903,18.564637168963564,18.948204040527344,1599
2018-06-08 00:00:00+02:00,19.024914468792694,19.638622283935547,18.718061292816945,19.638622283935547,10293
2018-06-11 00:00:00+02:00,19.792048140327744,19.792048140327744,19.255055448168022,19.638622283935547,848
2018-06-12 00:00:00+02:00,19.3317710894988,19.638624296927517,19.101630086533632,19.56191062927246,3312
2018-06-13 00:00:00+02:00,19.561908624143772,19.638622283935547,19.561908624143772,19.638622283935547,1006
2018-06-14 00:00:00+02:00,19.561908624143772,19.638622283935547,19.10162812858447,19.638622283935547,2675
2018-06-15 00:00:00+02:00,19.56191062927246,19.638624296927517,19.485196961617405,19.56191062927246,1620
2018-06-18 00:00:00+02:00,19.715335943727325,19.715335943727325,19.3317691079598,19.638622283935547,1275
2018-06-19 00:00:00+02:00,19.3317710894988,19.638624296927517,18.718063211449856,19.56191062927246,4538
2018-06-20 00:00:00+02:00,19.561908624143772,19.715335943727325,19.561908624143772,19.638622283935547,8350
2018-06-21 00:00:00+02:00,19.63862248103551,19.63862248103551,19.33176930198008,19.48519515991211,1088
2018-06-22 00:00:00+02:00,19.40848245564052,19.40848245564052,18.334495544433594,18.334495544433594,9269
2018-06-25 00:00:00+02:00,18.411209835061452,18.948204040527344,18.411209835061452,18.948204040527344,32022
2018-06-26 00:00:00+02:00,18.871490752200778,19.48519717373921,18.411210204451194,19.408483505249023,13200
2018-06-27 00:00:00+02:00,19.408483505249023,19.48519717373921,19.178343962969993,19.408483505249023,2955
2018-06-28 00:00:00+02:00,19.178342819213867,19.178342819213867,19.101629155298724,19.178342819213867,5455
2018-06-29 00:00:00+02:00,19.10162925720215,19.561909779957077,18.564636533314275,19.10162925720215,255337
2018-07-02 00:00:00+02:00,19.485193445398217,20.405754364755175,19.485193445398217,20.175613403320312,233
2018-07-03 00:00:00+02:00,19.178342819213867,19.945476531982422,19.178342819213867,19.945476531982422,2260
2018-07-04 00:00:00+02:00,19.56190977592777,19.868762969970703,19.56190977592777,19.868762969970703,375
2018-07-05 00:00:00+02:00,19.792048140327744,19.86876180011952,19.485194964351994,19.638622283935547,4628
2018-07-06 00:00:00+02:00,19.945476737369177,19.945476737369177,19.638623541740248,19.792049407958984,3280
2018-07-09 00:00:00+02:00,19.792049305662108,19.868762969970703,19.792049305662108,19.868762969970703,40
2018-07-10 00:00:00+02:00,19.56190882047381,19.715336141597216,18.794775141239544,19.48519515991211,937
2018-07-11 00:00:00+02:00,19.56191062927246,19.56191062927246,19.56191062927246,19.56191062927246,10
2018-07-12 00:00:00+02:00,19.48519515991211,19.48519515991211,19.40848149935041,19.48519515991211,60
2018-07-13 00:00:00+02:00,19.485196011683,19.485196011683,19.178342819213867,19.178342819213867,22
2018-07-16 00:00:00+02:00,19.17834198085668,19.48519515991211,19.101628320294978,19.48519515991211,262
2018-07-17 00:00:00+02:00,19.485196212330056,19.792049407958984,19.408482547624963,19.792049407958984,2648
2018-07-18 00:00:00+02:00,19.792049204152136,20.712610244750977,19.792049204152136,20.712610244750977,7651
2018-07-19 00:00:00+02:00,20.712610244750977,20.712610244750977,20.635896580835833,20.712610244750977,1685
2018-07-20 00:00:00+02:00,20.55918291692069,21.633171285349817,20.55918291692069,20.712610244750977,5008
2018-07-23 00:00:00+02:00,21.40302848815918,21.40302848815918,21.096175321574542,21.40302848815918,171
2018-07-24 00:00:00+02:00,21.403032412353983,21.403032412353983,20.71261229515384,21.326318740844727,1220
2018-07-25 00:00:00+02:00,20.86603841200766,21.17289161682129,20.635897411003818,21.17289161682129,1170
2018-07-26 00:00:00+02:00,21.249605178833008,21.249605178833008,20.712610975668706,21.249605178833008,1996
2018-07-27 00:00:00+02:00,21.403031261150318,21.403031261150318,20.635897513702698,21.09617805480957,6044
2018-07-30 00:00:00+02:00,21.47974318842467,21.47974318842467,20.32904266047335,20.9427490234375,265
2018-07-31 00:00:00+02:00,20.86603672702764,21.01946258544922,20.40575622538015,21.01946258544922,5400
2018-08-01 00:00:00+02:00,21.47974214560317,21.47974214560317,21.40302848815918,21.40302848815918,930
2018-08-02 00:00:00+02:00,21.0961762462557,21.0961762462557,20.94274892464274,21.01946258544922,185
2018-08-03 00:00:00+02:00,21.01946258544922,21.01946258544922,20.329042564573673,21.01946258544922,1910
2018-08-06 00:00:00+02:00,20.942750720043446,21.09617805480957,20.789324848468823,21.09617805480957,130
2018-08-07 00:00:00+02:00,21.096175321574542,21.40302848815918,21.096175321574542,21.40302848815918,215
2018-08-08 00:00:00+02:00,21.40302848815918,21.40302848815918,21.40302848815918,21.40302848815918,124
2018-08-09 00:00:00+02:00,21.403031261150318,21.403031261150318,20.71261118108576,21.09617805480957,1145
2018-08-10 00:00:00+02:00,21.096175321574542,21.40302848815918,20.022188506932647,21.40302848815918,6301
2018-08-13 00:00:00+02:00,21.403032412353983,21.403032412353983,21.326318740844727,21.326318740844727,28
2018-08-14 00:00:00+02:00,21.326317593767254,21.326317593767254,21.09617805480957,21.09617805480957,730
2018-08-15 00:00:00+02:00,21.09617805480957,21.09617805480957,21.09617805480957,21.09617805480957,0
2018-08-16 00:00:00+02:00,21.019464387426506,21.09617805480957,21.019464387426506,21.09617805480957,185
2018-08-17 00:00:00+02:00,21.0961762462557,21.0961762462557,20.78932306622116,21.01946258544922,2254
2018-08-20 00:00:00+02:00,21.019461664130553,21.40302848815918,21.019461664130553,21.40302848815918,50
2018-08-21 00:00:00+02:00,21.17289161682129,21.17289161682129,21.17289161682129,21.17289161682129,333
2018-08-22 00:00:00+02:00,21.09617805480957,21.09617805480957,21.09617805480957,21.09617805480957,10
2018-08-23 00:00:00+02:00,21.096177101135254,21.096177101135254,19.945476531982422,20.712610244750977,1010
2018-08-24 00:00:00+02:00,20.71260843259405,20.71260843259405,20.40575526697166,20.635894775390625,270
2018-08-27 00:00:00+02:00,20.63589754890522,20.63589754890522,19.945477467662883,20.329044342041016,537
2018-08-28 00:00:00+02:00,20.482473373413086,20.482473373413086,20.098906467268208,20.482473373413086,20
2018-08-29 00:00:00+02:00,20.482471642128075,21.09617805480957,19.94547743363814,21.09617805480957,24299
2018-08-30 00:00:00+02:00,21.24960442896554,22.246877670288086,19.945476531982422,22.246877670288086,72842
2018-08-31 00:00:00+02:00,22.630446577639024,22.78387391937422,21.47974590419975,22.170166015625,22289
2018-09-03 00:00:00+02:00,22.707160360386283,22.783874031631854,21.019465445750004,22.09345245361328,6083
2018-09-04 00:00:00+02:00,21.479745711165435,21.633173051521812,20.866039276123047,20.866039276123047,4317
2018-09-05 00:00:00+02:00,20.63589754890522,20.63589754890522,19.945477467662883,20.329044342041016,2462
2018-09-06 00:00:00+02:00,19.945476531982422,19.945476531982422,19.25505648312901,19.945476531982422,1478
2018-09-07 00:00:00+02:00,19.945476531982422,20.252329724451556,19.86876286806728,19.945476531982422,585
2018-09-10 00:00:00+02:00,19.7920484021197,21.172889907062174,19.7920484021197,21.01946258544922,2835
2018-09-11 00:00:00+02:00,20.71261110933044,21.17289164884275,20.25233056981813,20.405757904052734,900
2018-09-12 00:00:00+02:00,21.096177101135254,21.47974395751953,20.022190195897565,20.712610244750977,6503
2018-09-13 00:00:00+02:00,20.712611324319134,20.712611324319134,20.175617112115738,20.252330780029297,2513
2018-09-14 00:00:00+02:00,20.559180209187172,20.635893862998795,19.485193445398217,20.175613403320312,4306
2018-09-17 00:00:00+02:00,19.868761221733966,20.559181213378906,19.868761221733966,20.559181213378906,4366
2018-09-18 00:00:00+02:00,20.405757904052734,20.405757904052734,19.561910492145415,20.405757904052734,2100
2018-09-19 00:00:00+02:00,21.40302848815918,21.40302848815918,21.40302848815918,21.40302848815918,500
2018-09-20 00:00:00+02:00,20.09890121269994,20.559180209187172,20.09890121269994,20.175613403320312,1021
2018-09-21 00:00:00+02:00,20.71261110933044,20.71261110933044,20.098904698775026,20.405757904052734,1710
2018-09-24 00:00:00+02:00,20.712612043534,20.789325714111328,20.712612043534,20.789325714111328,2000
2018-09-25 00:00:00+02:00,20.022188536851203,20.559181213378906,19.945474879292586,20.559181213378906,675
2018-09-26 00:00:00+02:00,20.022188536851203,20.559181213378906,20.022188536851203,20.559181213378906,34
2018-09-27 00:00:00+02:00,20.559181213378906,20.559181213378906,20.559181213378906,20.559181213378906,10
2018-09-28 00:00:00+02:00,20.635897586868726,20.635897586868726,19.101630086533632,19.56191062927246,10326
2018-10-01 00:00:00+02:00,19.868762649943427,19.868762649943427,18.56463623046875,18.56463623046875,6156
2018-10-02 00:00:00+02:00,18.794776916503906,18.794776916503906,18.257782705041475,18.794776916503906,1147
2018-10-03 00:00:00+02:00,18.641350566189736,18.871491581777114,18.33449734193149,18.411211013793945,200
2018-10-04 00:00:00+02:00,18.411209106445312,19.178342819213867,18.411209106445312,19.178342819213867,900
2018-10-05 00:00:00+02:00,19.17834375418869,19.56191062927246,19.17834375418869,19.56191062927246,3545
2018-10-08 00:00:00+02:00,19.56191062927246,19.56191062927246,19.56191062927246,19.56191062927246,2879
2018-10-09 00:00:00+02:00,18.794775141239544,19.56190882047381,18.794775141239544,19.48519515991211,1396
2018-10-10 00:00:00+02:00,19.56191062927246,19.56191062927246,19.255057421843745,19.56191062927246,75
2018-10-11 00:00:00+02:00,19.331771850585938,19.331771850585938,19.331771850585938,19.331771850585938,40
2018-10-12 00:00:00+02:00,19.02491549138358,19.178342819213867,18.79477596282959,19.178342819213867,4504
2018-10-15 00:00:00+02:00,19.178342819213867,19.178342819213867,19.178342819213867,19.178342819213867,590
2018-10-16 00:00:00+02:00,19.101631274966962,19.178344947394862,19.024917602539062,19.024917602539062,634
2018-10-17 00:00:00+02:00,18.794777129837385,19.024916672681233,18.48792391831508,18.64134979248047,265
2018-10-18 00:00:00+02:00,18.64134979248047,18.794777129837385,18.64134979248047,18.64134979248047,1251
2018-10-19 00:00:00+02:00,18.64134979248047,18.64134979248047,18.564637586993538,18.64134979248047,315
2018-10-22 00:00:00+02:00,18.641348634999304,19.178342819213867,18.10435591397618,19.178342819213867,49036
2018-10-23 00:00:00+02:00,19.178342819213867,19.178342819213867,19.178342819213867,19.178342819213867,75
2018-10-24 00:00:00+02:00,19.178342819213867,19.178342819213867,18.5646364342756,19.178342819213867,282
2018-10-25 00:00:00+02:00,19.10162925720215,19.10162925720215,19.10162925720215,19.10162925720215,10
2018-10-26 00:00:00+02:00,18.79477510756782,19.178341946497778,18.411208268637864,18.718061447143555,940
2018-10-29 00:00:00+01:00,18.718064376019065,19.024917602539062,18.718064376019065,19.024917602539062,140
2018-10-30 00:00:00+01:00,19.10162925720215,19.10162925720215,19.10162925720215,19.10162925720215,10
2018-10-31 00:00:00+01:00,19.10162925720215,19.10162925720215,19.024915592877754,19.10162925720215,352
2018-11-01 00:00:00+01:00,19.10162925720215,19.10162925720215,19.10162925720215,19.10162925720215,0
2018-11-02 00:00:00+01:00,19.178342819213867,19.178342819213867,18.5646364342756,19.178342819213867,142
2018-11-05 00:00:00+01:00,19.178342921526546,19.178342921526546,19.10162925720215,19.10162925720215,20
2018-11-06 00:00:00+01:00,19.10162925720215,19.10162925720215,19.10162925720215,19.10162925720215,0
2018-11-07 00:00:00+01:00,19.10162926146589,19.10162926146589,18.334495544433594,18.334495544433594,1550
2018-11-08 00:00:00+01:00,18.104356010559346,19.10162925720215,17.26050862937389,19.10162925720215,15025
2018-11-09 00:00:00+01:00,19.101628086848116,19.101628086848116,18.871488571166992,18.871488571166992,30
2018-11-12 00:00:00+01:00,18.871488571166992,18.871488571166992,18.871488571166992,18.871488571166992,0
2018-11-13 00:00:00+01:00,19.024914427223955,19.101628086848116,18.871488571166992,18.871488571166992,80
2018-11-14 00:00:00+01:00,18.871491581777114,18.871491581777114,18.411211013793945,18.411211013793945,185
2018-11-15 00:00:00+01:00,18.794777909914654,18.794777909914654,18.181071461398158,18.411211013793945,880
2018-11-16 00:00:00+01:00,18.25778061625005,18.25778061625005,18.181068420410156,18.181068420410156,20
2018-11-19 00:00:00+01:00,18.181070647002162,18.181070647002162,17.720790099636627,17.950929641723633,875
2018-11-20 00:00:00+01:00,17.644074270382834,18.181068420410156,17.41393475648047,18.181068420410156,16112
2018-11-21 00:00:00+01:00,18.181069378295355,18.56463623046875,18.181069378295355,18.56463623046875,100
2018-11-22 00:00:00+01:00,18.641348634999304,19.178342819213867,18.641348634999304,19.178342819213867,24781
2018-11-23 00:00:00+01:00,19.178341946497778,19.178341946497778,18.718061447143555,18.718061447143555,120
2018-11-26 00:00:00+01:00,18.9482033959743,19.10162926146589,18.334495544433594,18.334495544433594,5816
2018-11-27 00:00:00+01:00,18.411211013793945,18.411211013793945,18.411211013793945,18.411211013793945,45
2018-11-28 00:00:00+01:00,18.411211013793945,18.411211013793945,18.411211013793945,18.411211013793945,10
2018-11-29 00:00:00+01:00,18.411210298700627,18.411210298700627,17.874216079711914,17.874216079711914,5445
2018-11-30 00:00:00+01:00,18.41121024963662,18.64134979248047,18.10435703811432,18.64134979248047,1365
2018-12-03 00:00:00+01:00,18.64134778671929,18.871488767992087,18.64134778671929,18.718061447143555,390
2018-12-04 00:00:00+01:00,18.794776916503906,18.794776916503906,18.794776916503906,18.794776916503906,254
2018-12-05 00:00:00+01:00,18.871491720874864,19.024917602539062,18.871491720874864,19.024917602539062,40
2018-12-06 00:00:00+01:00,19.024917602539062,19.024917602539062,18.948205393302764,19.024917602539062,123
2018-12-07 00:00:00+01:00,18.718063039674178,19.024916244286903,18.718063039674178,18.948204040527344,114
2018-12-10 00:00:00+01:00,18.718063039674178,18.948204040527344,18.718063039674178,18.948204040527344,46
2018-12-11 00:00:00+01:00,18.948204040527344,18.948204040527344,18.948204040527344,18.948204040527344,120
2018-12-12 00:00:00+01:00,19.024916244286903,19.024916244286903,18.411209835061452,18.948204040527344,50120
2018-12-13 00:00:00+01:00,18.718063039674178,18.948204040527344,18.411209835061452,18.948204040527344,100
2018-12-14 00:00:00+01:00,19.024914625649245,19.024914625649245,18.718061447143555,18.718061447143555,340
2018-12-17 00:00:00+01:00,18.718061447143555,18.718061447143555,18.718061447143555,18.718061447143555,106
2018-12-18 00:00:00+01:00,18.718064238052193,18.718064238052193,18.411211013793945,18.411211013793945,402
2018-12-19 00:00:00+01:00,18.257783670069028,18.411211013793945,18.02764411767324,18.411211013793945,5176
2018-12-20 00:00:00+01:00,18.411207934312525,18.411207934312525,18.02764110234768,18.181068420410156,160
2018-12-21 00:00:00+01:00,17.95092848291905,18.181069473341054,17.644075292214474,17.720788955688477,817
2018-12-24 00:00:00+01:00,17.720788955688477,17.720788955688477,17.720788955688477,17.720788955688477,0
2018-12-25 00:00:00+01:00,17.720788955688477,17.720788955688477,17.720788955688477,17.720788955688477,0
2018-12-26 00:00:00+01:00,17.720788955688477,17.720788955688477,17.720788955688477,17.720788955688477,0
2018-12-27 00:00:00+01:00,17.644073486328125,17.644073486328125,17.33722032703024,17.644073486328125,732
2018-12-28 00:00:00+01:00,17.644075599271392,17.644075599271392,16.87694187756394,17.49064826965332,13808
2018-12-31 00:00:00+01:00,17.49064826965332,17.49064826965332,17.49064826965332,17.49064826965332,0
2019-01-01 00:00:00+01:00,17.49064826965332,17.49064826965332,17.49064826965332,17.49064826965332,0
2019-01-02 00:00:00+01:00,17.49064695232036,18.181068420410156,17.49064695232036,18.181068420410156,442
2019-01-03 00:00:00+01:00,18.18106875055644,18.718061447143555,18.18106875055644,18.718061447143555,95
2019-01-04 00:00:00+01:00,18.25778386683329,18.25778386683329,17.03037095657246,17.567363739013672,4710
2019-01-07 00:00:00+01:00,17.56735964590566,17.9509264567909,17.56735964590566,17.797500610351562,185
2019-01-08 00:00:00+01:00,17.797500610351562,17.8742128019756,17.56735964590566,17.797500610351562,40057
2019-01-09 00:00:00+01:00,17.79750158844531,18.181068420410156,17.79750158844531,18.181068420410156,1522
2019-01-10 00:00:00+01:00,18.181069780841852,18.257781982421875,18.181069780841852,18.257781982421875,1540
2019-01-11 00:00:00+01:00,18.257781982421875,18.257781982421875,18.257781982421875,18.257781982421875,32
2019-01-14 00:00:00+01:00,18.02764110234768,18.181068420410156,18.02764110234768,18.181068420410156,45
2019-01-15 00:00:00+01:00,18.0276403012483,18.257779804923896,17.644073486328125,17.644073486328125,837
2019-01-16 00:00:00+01:00,17.644073486328125,17.644073486328125,17.644073486328125,17.644073486328125,440
2019-01-17 00:00:00+01:00,17.644073486328125,17.644073486328125,17.490646175083544,17.644073486328125,738
2019-01-18 00:00:00+01:00,17.49064826965332,17.644075599271392,16.87694187756394,17.49064826965332,1052
2019-01-21 00:00:00+01:00,17.260509314804803,17.260509314804803,15.802955487526255,16.64680290222168,4819
2019-01-22 00:00:00+01:00,16.33994848758448,16.33994848758448,15.726242065429688,15.726242065429688,1843
2019-01-23 00:00:00+01:00,15.496102333068848,15.649528205132084,15.189247662559358,15.496102333068848,2924
2019-01-24 00:00:00+01:00,15.342674153974654,15.72624100782402,15.342674153974654,15.419387817382812,4033
2019-01-25 00:00:00+01:00,15.879669564461802,16.57008966222285,15.802955895112452,16.339948654174805,5218
2019-01-28 00:00:00+01:00,16.49337655217237,16.49337655217237,16.10980965561022,16.26323699951172,921
2019-01-29 00:00:00+01:00,16.41666227137548,17.10708236694336,16.263236396355694,17.10708236694336,217
2019-01-30 00:00:00+01:00,17.10708236694336,17.10708236694336,17.10708236694336,17.10708236694336,5
2019-01-31 00:00:00+01:00,16.723514353077917,16.876941680908203,16.723514353077917,16.876941680908203,310
2019-02-01 00:00:00+01:00,16.953655242919922,16.953655242919922,16.723514252557802,16.953655242919922,207
2019-02-04 00:00:00+01:00,16.953654408103223,17.260507583618164,16.953654408103223,17.260507583618164,173
2019-02-05 00:00:00+01:00,17.26050667140795,17.644073486328125,17.26050667140795,17.644073486328125,232
2019-02-06 00:00:00+01:00,17.413933799466324,17.797500610351562,17.413933799466324,17.797500610351562,1861
2019-02-07 00:00:00+01:00,17.720786955536262,17.797500610351562,17.720786955536262,17.797500610351562,2937
2019-02-08 00:00:00+01:00,17.797500610351562,17.797500610351562,17.797500610351562,17.797500610351562,23
2019-02-11 00:00:00+01:00,17.79750261916248,17.79750261916248,17.644075292214474,17.720788955688477,952
2019-02-12 00:00:00+01:00,17.644075292214474,17.79750261916248,16.723514256909322,17.720788955688477,2012
2019-02-13 00:00:00+01:00,17.720788955688477,17.79750261916248,17.2605084380359,17.720788955688477,1820
2019-02-14 00:00:00+01:00,17.720788955688477,17.720788955688477,17.720788955688477,17.720788955688477,60
2019-02-15 00:00:00+01:00,17.720788955688477,17.720788955688477,17.720788955688477,17.720788955688477,140
2019-02-18 00:00:00+01:00,17.720788845522616,17.720788845522616,16.800227815940367,17.03036880493164,1935
2019-02-19 00:00:00+01:00,17.030370161029236,17.10708236694336,17.030370161029236,17.10708236694336,690
2019-02-20 00:00:00+01:00,17.10708204992635,17.490648925155117,17.10708204992635,17.337223052978516,289
2019-02-21 00:00:00+01:00,17.260509385294462,17.337223052978516,17.260509385294462,17.337223052978516,45
2019-02-22 00:00:00+01:00,17.260507583618164,17.413934902971313,17.260507583618164,17.260507583618164,180
2019-02-25 00:00:00+01:00,17.26050549946569,17.41393280029297,16.876938710588675,17.41393280029297,818
2019-02-26 00:00:00+01:00,17.413937043366005,17.413937043366005,16.876942822817913,17.10708236694336,10107
2019-02-27 00:00:00+01:00,17.260507437732354,17.260507437732354,16.570087432861328,16.570087432861328,1797
2019-02-28 00:00:00+01:00,16.493373773833138,16.570087432861328,16.339946455776754,16.570087432861328,222
2019-03-01 00:00:00+01:00,16.64680290222168,16.64680290222168,16.64680290222168,16.64680290222168,3846
2019-03-04 00:00:00+01:00,16.800225060175034,17.797499589169984,16.723511409761397,17.41393280029297,7658
2019-03-05 00:00:00+01:00,17.720790099636627,18.181070647002162,17.337223220697272,17.950929641723633,38188
2019-03-06 00:00:00+01:00,18.257782705041475,19.331771127966338,18.18107050042528,18.794776916503906,56519
2019-03-07 00:00:00+01:00,18.948205393302764,19.331772292250662,18.794778048446965,19.024917602539062,6355
2019-03-08 00:00:00+01:00,18.871491289725974,19.331771850585938,18.41121072886601,19.331771850585938,3067
2019-03-11 00:00:00+01:00,19.331770147044153,19.331770147044153,19.178342819213867,19.178342819213867,638
2019-03-12 00:00:00+01:00,19.17834081796683,19.485193978416042,19.17834081796683,19.255054473876953,10083
2019-03-13 00:00:00+01:00,19.25505564141838,19.48519515991211,19.17834198085668,19.48519515991211,1220
2019-03-14 00:00:00+01:00,19.408483505249023,19.48519717373921,19.178343962969993,19.408483505249023,1774
2019-03-15 00:00:00+01:00,19.178344947394862,19.178344947394862,18.871491720874864,19.024917602539062,767
2019-03-18 00:00:00+01:00,19.10162925720215,19.10162925720215,19.024915592877754,19.10162925720215,531
2019-03-19 00:00:00+01:00,19.101628961604437,20.09890365600586,19.101628961604437,20.09890365600586,299073
2019-03-20 00:00:00+01:00,19.945477571566574,20.329044447942856,19.945477571566574,20.252330780029297,2938
2019-03-21 00:00:00+01:00,19.945476531982422,21.01946343722011,19.945476531982422,20.712610244750977,90606
2019-03-22 00:00:00+01:00,20.712608528496148,20.712608528496148,20.098902194409824,20.559181213378906,3849
2019-03-25 00:00:00+01:00,20.482470716196985,20.712610244750977,20.252329724451556,20.712610244750977,183011
2019-03-26 00:00:00+01:00,20.712610244750977,20.712610244750977,20.712610244750977,20.712610244750977,6817
2019-03-27 00:00:00+01:00,20.78932390866612,20.78932390866612,20.098903859812708,20.712610244750977,620
2019-03-28 00:00:00+01:00,20.329044600748194,20.329044600748194,19.408483505249023,19.408483505249023,17996
2019-03-29 00:00:00+01:00,19.86876286806728,20.712610244750977,19.86876286806728,19.945476531982422,1139
2019-04-01 00:00:00+02:00,19.561908624143772,19.945475459911297,19.024914468792694,19.638622283935547,16158
2019-04-02 00:00:00+02:00,19.792050235739456,20.252330780029297,19.715338031017414,20.252330780029297,5182
2019-04-03 00:00:00+02:00,20.25232795256481,20.635894775390625,20.25232795256481,20.635894775390625,6817
2019-04-04 00:00:00+02:00,20.635894870937527,20.635894870937527,20.559181213378906,20.559181213378906,1917
2019-04-05 00:00:00+02:00,20.63589744221314,20.63589744221314,20.25233056981813,20.405757904052734,4380
2019-04-08 00:00:00+02:00,21.019465262651746,21.019465262651746,20.63589837295667,20.789325714111328,130
2019-04-09 00:00:00+02:00,20.712608528496148,20.712608528496148,20.098902194409824,20.559181213378906,134
2019-04-10 00:00:00+02:00,20.559181213378906,20.559181213378906,19.945474879292586,20.559181213378906,770
2019-04-11 00:00:00+02:00,20.559181213378906,20.559181213378906,19.792047564175345,20.559181213378906,630
2019-04-12 00:00:00+02:00,20.63589925795606,20.63589925795606,20.098906467268208,20.482473373413086,315
2019-04-15 00:00:00+02:00,20.63589925795606,20.63589925795606,20.329046025678483,20.482473373413086,129
2019-04-16 00:00:00+02:00,19.945476634279295,20.48247082124801,19.56190977592777,19.868762969970703,1369
2019-04-17 00:00:00+02:00,19.715334946146417,19.792047138865254,19.255054473876953,19.255054473876953,388
2019-04-18 00:00:00+02:00,19.715335845947266,19.715335845947266,19.40848120830203,19.715335845947266,130
2019-04-19 00:00:00+02:00,19.715335845947266,19.715335845947266,19.715335845947266,19.715335845947266,0
2019-04-22 00:00:00+02:00,19.715335845947266,19.715335845947266,19.715335845947266,19.715335845947266,0
2019-04-23 00:00:00+02:00,19.715338031017414,20.329044447942856,19.715338031017414,20.252330780029297,565
2019-04-24 00:00:00+02:00,20.252327057131936,20.252327057131936,19.945473905076696,20.175613403320312,90
2019-04-25 00:00:00+02:00,19.7920484021197,21.01946258544922,19.40848156127869,21.01946258544922,2125
2019-04-26 00:00:00+02:00,20.9427490234375,20.9427490234375,20.9427490234375,20.9427490234375,10
2019-04-29 00:00:00+02:00,20.71260950312379,20.9427490234375,20.71260950312379,20.9427490234375,50
2019-04-30 00:00:00+02:00,20.78932560594486,20.866039276123047,20.78932560594486,20.866039276123047,110
2019-05-01 00:00:00+02:00,20.866039276123047,20.866039276123047,20.866039276123047,20.866039276123047,0
2019-05-02 00:00:00+02:00,20.866039276123047,20.866039276123047,20.866039276123047,20.866039276123047,11
2019-05-03 00:00:00+02:00,20.866039276123047,20.866039276123047,20.866039276123047,20.866039276123047,0
2019-05-06 00:00:00+02:00,20.866037572581263,20.866037572581263,20.712610244750977,20.712610244750977,80
2019-05-07 00:00:00+02:00,20.942747941013014,20.942747941013014,20.559181118187198,20.635894775390625,306
2019-05-08 00:00:00+02:00,20.482470716196985,20.712610244750977,20.482470716196985,20.712610244750977,110
2019-05-09 00:00:00+02:00,20.712610244750977,20.712610244750977,20.482470716196985,20.712610244750977,50
2019-05-10 00:00:00+02:00,20.635896580835833,20.942749773304968,20.482470716196985,20.712610244750977,314
2019-05-13 00:00:00+02:00,20.712611324319134,20.712611324319134,20.022191239480133,20.252330780029297,12177
2019-05-14 00:00:00+02:00,20.48247180823758,21.709884643554688,20.48247180823758,21.709884643554688,12653
2019-05-15 00:00:00+02:00,21.709883486073522,21.709883486073522,21.326316629689245,21.47974395751953,202
2019-05-16 00:00:00+02:00,21.479745102730607,21.709884643554688,21.479745102730607,21.709884643554688,50
2019-05-17 00:00:00+02:00,21.172890565579866,21.63317108154297,21.172890565579866,21.63317108154297,184
2019-05-20 00:00:00+02:00,21.47974395751953,21.47974395751953,21.326316629689245,21.47974395751953,60
2019-05-21 00:00:00+02:00,21.47974395751953,21.633171285349817,21.326316629689245,21.47974395751953,289
2019-05-22 00:00:00+02:00,21.479743855978754,21.55645751953125,21.479743855978754,21.55645751953125,935
2019-05-23 00:00:00+02:00,21.55645751953125,21.55645751953125,21.55645751953125,21.55645751953125,0
2019-05-24 00:00:00+02:00,21.403030293604388,21.556457621434674,21.403030293604388,21.47974395751953,20157
2019-05-27 00:00:00+02:00,21.863313686128393,22.630447499676755,21.786600012135228,22.553733825683594,12933
2019-05-28 00:00:00+02:00,22.01673650107464,22.937296009883106,22.01673650107464,22.86058235168457,1143
2019-05-29 00:00:00+02:00,22.860584912752422,22.860584912752422,22.246878504793344,22.7071590423584,458
2019-05-30 00:00:00+02:00,22.630445375565643,22.860584912752422,22.477018041980124,22.7071590423584,1989
2019-05-31 00:00:00+02:00,22.55373188232175,22.630445549704813,21.09617805480957,21.09617805480957,1458
2019-06-03 00:00:00+02:00,21.249605178833008,22.093451122103357,21.249605178833008,21.249605178833008,1030
2019-06-04 00:00:00+02:00,21.47974395751953,21.47974395751953,20.3290433883667,21.47974395751953,5551
2019-06-05 00:00:00+02:00,21.326317457634342,21.940025329589844,21.326317457634342,21.940025329589844,304
2019-06-06 00:00:00+02:00,21.940025329589844,22.093451200185097,21.47974479142109,21.940025329589844,4985
2019-06-07 00:00:00+02:00,22.170166015625,22.170166015625,21.47974590419975,22.170166015625,1691
2019-06-10 00:00:00+02:00,22.170164006372943,22.246877670288086,21.24960442896554,22.246877670288086,1675
2019-06-11 00:00:00+02:00,22.246876732777743,22.630443572998047,22.246876732777743,22.630443572998047,986
2019-06-12 00:00:00+02:00,22.630443572998047,22.630443572998047,22.400304054142417,22.630443572998047,204
2019-06-13 00:00:00+02:00,22.630445375565643,22.783872709151158,22.246878504793344,22.7071590423584,1880
2019-06-14 00:00:00+02:00,22.707157233680384,22.707157233680384,22.630443572998047,22.630443572998047,273
2019-06-17 00:00:00+02:00,22.40030425081014,22.707157433042184,22.246876928098423,22.47701644897461,1278
2019-06-18 00:00:00+02:00,22.246877670288086,22.246877670288086,21.24960442896554,21.47974395751953,1498
2019-06-19 00:00:00+02:00,21.47974395751953,21.709883486073522,20.405757052281842,21.47974395751953,4558
2019-06-20 00:00:00+02:00,21.47974395751953,21.47974395751953,21.47974395751953,21.47974395751953,0
2019-06-21 00:00:00+02:00,21.47974677935421,22.553733825683594,21.47974677935421,22.553733825683594,180
2019-06-24 00:00:00+02:00,22.55373086275722,22.630444526672363,21.709883486073522,22.246877670288086,1785
2019-06-25 00:00:00+02:00,21.940023520798395,21.940023520798395,21.786596199660586,21.863309860229492,1338
2019-06-26 00:00:00+02:00,22.093451122103357,22.093451122103357,21.17289151221075,21.249605178833008,11633
2019-06-27 00:00:00+02:00,21.70988234472456,22.01673698425293,21.40302916838755,22.01673698425293,2110
2019-06-28 00:00:00+02:00,21.78659813487413,21.78659813487413,21.09617805480957,21.09617805480957,510
2019-07-01 00:00:00+02:00,21.09617805480957,21.249605389575695,21.09617805480957,21.09617805480957,329
2019-07-02 00:00:00+02:00,21.096177001407703,22.170163901568355,20.866037473941645,21.55645751953125,3239
2019-07-03 00:00:00+02:00,21.172890765050397,22.400304998118372,21.172890765050397,22.246877670288086,13336
2019-07-04 00:00:00+02:00,21.786597149988665,21.86331081390381,21.47974395751953,21.47974395751953,669
2019-07-05 00:00:00+02:00,21.633172263299507,21.709884467491065,21.09617805480957,21.09617805480957,302
2019-07-08 00:00:00+02:00,21.09617911699558,22.09345245361328,21.09617911699558,22.09345245361328,127
2019-07-09 00:00:00+02:00,20.942750889885737,21.786598311559885,20.942750889885737,21.709884643554688,447
2019-07-10 00:00:00+02:00,21.633172438741006,21.709884643554688,21.479745102730607,21.709884643554688,170
2019-07-11 00:00:00+02:00,21.786597149988665,21.786597149988665,21.47974395751953,21.47974395751953,262
2019-07-12 00:00:00+02:00,21.096177845588496,21.479744715508286,21.096177845588496,21.249605178833008,191
2019-07-15 00:00:00+02:00,21.403030293604388,21.47974395751953,21.172890765050397,21.47974395751953,43
2019-07-16 00:00:00+02:00,21.47974395751953,21.47974395751953,21.47974395751953,21.47974395751953,23
2019-07-17 00:00:00+02:00,21.47974395751953,21.47974395751953,21.47974395751953,21.47974395751953,10
2019-07-18 00:00:00+02:00,21.47974214560317,21.47974214560317,21.40302848815918,21.40302848815918,55
2019-07-19 00:00:00+02:00,21.403030293604388,21.47974395751953,21.403030293604388,21.47974395751953,75
2019-07-22 00:00:00+02:00,21.47974193312392,22.40030288696289,21.47974193312392,22.40030288696289,2173
2019-07-23 00:00:00+02:00,22.78387089436272,23.39757725343866,22.630443572998047,22.630443572998047,2888
2019-07-24 00:00:00+02:00,22.630443572998047,22.630443572998047,22.630443572998047,22.630443572998047,200
2019-07-25 00:00:00+02:00,22.707158937930156,22.783872604370117,22.6304452714902,22.783872604370117,167
2019-07-26 00:00:00+02:00,22.783872604370117,22.783872604370117,22.6304452714902,22.783872604370117,143
2019-07-29 00:00:00+02:00,22.783872709151158,22.783872709151158,22.7071590423584,22.7071590423584,68
2019-07-30 00:00:00+02:00,22.7071590423584,22.7071590423584,22.246878504793344,22.7071590423584,271
2019-07-31 00:00:00+02:00,22.246876500707845,22.707156996809037,22.01673698425293,22.01673698425293,6311
2019-08-01 00:00:00+02:00,22.246879796104427,22.246879796104427,21.940026574313716,22.09345245361328,295
2019-08-02 00:00:00+02:00,22.093449180943658,22.093449180943658,22.01673698425293,22.01673698425293,32
2019-08-05 00:00:00+02:00,21.863309664488742,22.01673698425293,21.78659600460665,22.01673698425293,125
2019-08-06 00:00:00+02:00,21.863309860229492,21.863309860229492,21.863309860229492,21.863309860229492,80
2019-08-07 00:00:00+02:00,21.863309664488742,22.01673698425293,21.863309664488742,22.01673698425293,441
2019-08-08 00:00:00+02:00,22.016741034114716,22.630447499676755,22.016741034114716,22.553733825683594,980
2019-08-09 00:00:00+02:00,22.78387089436272,22.78387089436272,22.400304054142417,22.630443572998047,22
2019-08-12 00:00:00+02:00,22.630443572998047,22.630443572998047,22.400304054142417,22.630443572998047,163
2019-08-13 00:00:00+02:00,22.630444526672363,22.630444526672363,22.246877670288086,22.246877670288086,538
2019-08-14 00:00:00+02:00,22.477016251633376,22.630443572998047,22.170163072095406,22.630443572998047,1872
2019-08-15 00:00:00+02:00,22.630443572998047,22.630443572998047,22.630443572998047,22.630443572998047,0
2019-08-16 00:00:00+02:00,23.41628074645996,23.41628074645996,23.41628074645996,23.41628074645996,16
2019-08-19 00:00:00+02:00,23.41628074645996,23.81316686080674,23.41628074645996,23.41628074645996,478
2019-08-20 00:00:00+02:00,23.813165700380267,24.368806838989258,23.416279605373926,24.368806838989258,8411
2019-08-21 00:00:00+02:00,24.210051057574265,24.448182101720796,23.813164974663213,23.971920013427734,1084
2019-08-22 00:00:00+02:00,24.36880680244867,24.36880680244867,23.733788142990548,23.81316566467285,114309
2019-08-23 00:00:00+02:00,23.892541885375977,23.892541885375977,23.892541885375977,23.892541885375977,62
2019-08-26 00:00:00+02:00,23.416279570261636,23.81316566467285,23.416279570261636,23.81316566467285,374
2019-08-27 00:00:00+02:00,23.733788142990548,23.81316566467285,23.416279570261636,23.81316566467285,435
2019-08-28 00:00:00+02:00,23.73378933513731,23.81316686080674,23.41628074645996,23.41628074645996,165
2019-08-29 00:00:00+02:00,23.41627761951849,25.241952896118164,23.41627761951849,25.241952896118164,25625
2019-08-30 00:00:00+02:00,25.400710928718922,25.400710928718922,24.130675079482906,24.52756118774414,362
2019-09-02 00:00:00+02:00,24.606936399249808,25.321331024169922,24.527558882258635,25.321331024169922,5320
2019-09-03 00:00:00+02:00,25.321333049665807,25.63884162902832,25.321333049665807,25.63884162902832,2324
2019-09-04 00:00:00+02:00,25.55946610929277,25.55946610929277,25.400711059570312,25.400711059570312,113
2019-09-05 00:00:00+02:00,25.400711763822116,25.797597885131836,25.400711763822116,25.797597885131836,2399
2019-09-06 00:00:00+02:00,25.797596675709745,25.797596675709745,25.63884162902832,25.63884162902832,1215
2019-09-09 00:00:00+02:00,25.797596675709745,25.797596675709745,25.480086582346896,25.63884162902832,1240
2019-09-10 00:00:00+02:00,25.241956009847854,25.63884212015364,25.241956009847854,25.400711059570312,610
2019-09-11 00:00:00+02:00,25.400709367352036,25.480085372924805,25.400709367352036,25.480085372924805,480
2019-09-12 00:00:00+02:00,25.559466329323254,26.035728454589844,25.40071127823414,26.035728454589844,8438
2019-09-13 00:00:00+02:00,26.03572895231751,26.43261507362723,25.797597885131836,25.797597885131836,1600
2019-09-16 00:00:00+02:00,25.797596491545402,26.1151065826416,25.797596491545402,26.1151065826416,225
2019-09-17 00:00:00+02:00,26.194484006441556,26.194484006441556,25.797597885131836,25.797597885131836,4556
2019-09-18 00:00:00+02:00,26.115104680081416,26.115104680081416,25.321331024169922,25.321331024169922,554
2019-09-19 00:00:00+02:00,25.241952896118164,25.241952896118164,24.924444349839984,25.241952896118164,1030
2019-09-20 00:00:00+02:00,25.241952896118164,25.321330411187756,25.241952896118164,25.241952896118164,1086
2019-09-23 00:00:00+02:00,25.241956606252156,25.241956606252156,24.924448013305664,24.924448013305664,257
2019-09-24 00:00:00+02:00,25.003825540042385,25.003825540042385,24.924448013305664,24.924448013305664,157
2019-09-25 00:00:00+02:00,24.924448013305664,24.924448013305664,24.686316947095893,24.924448013305664,371
2019-09-26 00:00:00+02:00,25.00382103492856,25.08319854736328,24.845066010059124,25.08319854736328,156
2019-09-27 00:00:00+02:00,25.16257750418779,25.40070854116109,25.16257750418779,25.321331024169922,386
2019-09-30 00:00:00+02:00,25.40070854116109,25.559463575143432,25.321331024169922,25.321331024169922,884
2019-10-01 00:00:00+02:00,25.003822733144293,25.003822733144293,24.051295547233945,24.210050582885742,4910
2019-10-02 00:00:00+02:00,24.210051884275384,24.210051884275384,23.813165787811855,24.130674362182617,9150
2019-10-03 00:00:00+02:00,24.130673754223753,24.130673754223753,24.05129623413086,24.05129623413086,280
2019-10-04 00:00:00+02:00,23.813166125067347,23.813166125067347,22.225621716729524,23.019393920898438,2053
2019-10-07 00:00:00+02:00,22.781263461768823,23.17814957424563,22.781263461768823,23.098772048950195,1272
2019-10-08 00:00:00+02:00,23.098768871620717,25.32133019016835,22.94001384286725,25.16257667541504,3471
2019-10-09 00:00:00+02:00,25.162578052792437,25.241954057513983,24.60693693574014,24.845067977905273,1257
2019-10-10 00:00:00+02:00,25.003824722979015,25.24195578140725,24.60693861626506,24.76569366455078,1320
2019-10-11 00:00:00+02:00,24.686313774518478,25.003822326660156,24.60693625798301,25.003822326660156,115
2019-10-14 00:00:00+02:00,24.924444349839984,25.321330411187756,24.924444349839984,25.241952896118164,531
2019-10-15 00:00:00+02:00,25.24195454241999,25.32133206266665,24.606937408447266,24.606937408447266,1053
2019-10-16 00:00:00+02:00,24.368806361707563,24.606937408447266,24.05129628072093,24.606937408447266,133
2019-10-17 00:00:00+02:00,25.16257912138798,25.16257912138798,24.130674362182617,24.130674362182617,1375
2019-10-18 00:00:00+02:00,25.16257667541504,25.16257667541504,24.05129450214106,25.16257667541504,116
2019-10-21 00:00:00+02:00,25.241952058232595,25.241952058232595,25.08319854736328,25.08319854736328,880
2019-10-22 00:00:00+02:00,24.765690617531522,25.32133019016835,24.765690617531522,25.16257667541504,540
2019-10-23 00:00:00+02:00,24.924445975433628,25.083201015926946,24.606937408447266,24.606937408447266,907
2019-10-24 00:00:00+02:00,24.606937408447266,24.606937408447266,24.606937408447266,24.606937408447266,33
2019-10-25 00:00:00+02:00,24.606936184943464,24.606936184943464,24.44818115234375,24.44818115234375,580
2019-10-28 00:00:00+01:00,24.60693651361641,24.60693651361641,23.892541885375977,23.892541885375977,210
2019-10-29 00:00:00+01:00,23.892543186355155,24.210051759084067,23.49565709194394,23.81316566467285,852
2019-10-30 00:00:00+01:00,23.81316566467285,24.448182810130675,23.733788142990548,23.81316566467285,5465
2019-10-31 00:00:00+01:00,23.81316686080674,23.81316686080674,23.41628074645996,23.41628074645996,275
2019-11-01 00:00:00+01:00,23.41628074645996,23.41628074645996,23.41628074645996,23.41628074645996,0
2019-11-04 00:00:00+01:00,23.41628074645996,23.41628074645996,23.2575256951211,23.41628074645996,184
2019-11-05 00:00:00+01:00,23.416277090171853,23.73378562927246,23.416277090171853,23.73378562927246,708
2019-11-06 00:00:00+01:00,23.733787713734568,24.606937408447266,23.65441019348791,24.606937408447266,35686
2019-11-07 00:00:00+01:00,24.606937408447266,24.765692448940584,24.606937408447266,24.606937408447266,324
2019-11-08 00:00:00+01:00,24.686316947095893,24.924448013305664,24.686316947095893,24.924448013305664,246
2019-11-11 00:00:00+01:00,24.924448013305664,24.924448013305664,24.924448013305664,24.924448013305664,0
2019-11-12 00:00:00+01:00,24.924444132284833,25.16257667541504,24.924444132284833,25.16257667541504,721
2019-11-13 00:00:00+01:00,25.16258059351583,25.16258059351583,24.924448013305664,24.924448013305664,162
2019-11-14 00:00:00+01:00,24.924448013305664,24.924448013305664,24.924448013305664,24.924448013305664,32
2019-11-15 00:00:00+01:00,24.92444811545037,25.797597885131836,24.92444811545037,25.797597885131836,950
2019-11-18 00:00:00+01:00,26.03572895231751,26.03572895231751,25.63884283100779,25.797597885131836,228
2019-11-19 00:00:00+01:00,25.797594612116733,25.797594612116733,25.321331024169922,25.321331024169922,607
2019-11-20 00:00:00+01:00,25.321331024169922,25.321331024169922,25.321331024169922,25.321331024169922,10
2019-11-21 00:00:00+01:00,25.321333049665807,25.876972685050124,25.321333049665807,25.63884162902832,735
2019-11-22 00:00:00+01:00,25.876970227633826,26.98825242086979,25.63883919422623,26.908876419067383,2664
2019-11-25 00:00:00+01:00,26.98825454711914,26.98825454711914,26.511992442781988,26.98825454711914,710
2019-11-26 00:00:00+01:00,26.829498663665483,26.829498663665483,25.480085372924805,25.480085372924805,2500
2019-11-27 00:00:00+01:00,25.956352939255886,25.956352939255886,25.797597885131836,25.797597885131836,311
2019-11-28 00:00:00+01:00,25.400711763822116,25.87697389819346,25.400711763822116,25.797597885131836,2341
2019-11-29 00:00:00+01:00,25.7975971698761,25.7975971698761,25.400711059570312,25.400711059570312,459
2019-12-02 00:00:00+01:00,25.87697177014803,25.95635080468256,25.559464716011576,25.718219757080078,446
2019-12-03 00:00:00+01:00,25.559466817946166,25.956352939255886,25.559466817946166,25.797597885131836,313
2019-12-04 00:00:00+01:00,25.797595763614055,25.87697177014803,25.718219757080078,25.718219757080078,50
2019-12-05 00:00:00+01:00,25.718217762052024,25.718217762052024,24.686313103154784,25.16257667541504,2009
2019-12-06 00:00:00+01:00,25.003822326660156,25.003822326660156,24.845067293589217,25.003822326660156,3898
2019-12-09 00:00:00+01:00,25.003823015348853,25.003823015348853,24.60693693574014,24.845067977905273,717
2019-12-10 00:00:00+01:00,24.845067977905273,24.845067977905273,24.845067977905273,24.845067977905273,90
2019-12-11 00:00:00+01:00,24.60693693574014,24.845067977905273,24.28942837485322,24.845067977905273,590
2019-12-12 00:00:00+01:00,24.845069771553057,24.845069771553057,24.368807652839855,24.52756118774414,5742
2019-12-13 00:00:00+01:00,24.52756118774414,24.52756118774414,24.130675079482906,24.52756118774414,1123
2019-12-16 00:00:00+01:00,24.368805618537543,24.368805618537543,24.210050582885742,24.210050582885742,4516
2019-12-17 00:00:00+01:00,24.130673065059845,24.210050582885742,23.97191954340827,24.210050582885742,1767
2019-12-18 00:00:00+01:00,24.210049530894533,25.16257667541504,24.1306720165178,25.16257667541504,1055
2019-12-19 00:00:00+01:00,25.40070854116109,25.40070854116109,25.16257750418779,25.321331024169922,1212
2019-12-20 00:00:00+01:00,25.32133087880183,25.32133087880183,25.003822326660156,25.003822326660156,3518
2019-12-23 00:00:00+01:00,25.400707926257343,25.400707926257343,25.08319937997916,25.241952896118164,1670
2019-12-24 00:00:00+01:00,25.241952896118164,25.241952896118164,25.241952896118164,25.241952896118164,0
2019-12-25 00:00:00+01:00,25.241952896118164,25.241952896118164,25.241952896118164,25.241952896118164,0
2019-12-26 00:00:00+01:00,25.241952896118164,25.241952896118164,25.241952896118164,25.241952896118164,0
2019-12-27 00:00:00+01:00,25.63884072254555,25.718219757080078,25.559464716011576,25.718219757080078,774
2019-12-30 00:00:00+01:00,25.718220666369362,25.718220666369362,25.55946561968794,25.63884162902832,633
2019-12-31 00:00:00+01:00,25.63884162902832,25.63884162902832,25.63884162902832,25.63884162902832,0
2020-01-01 00:00:00+01:00,25.63884162902832,25.63884162902832,25.63884162902832,25.63884162902832,0
2020-01-02 00:00:00+01:00,25.638841445997304,26.194482591415333,25.559465437223572,26.1151065826416,912
2020-01-03 00:00:00+01:00,26.115107494134776,26.115107494134776,25.956352443045663,26.035728454589844,537
2020-01-06 00:00:00+01:00,26.035728454589844,26.035728454589844,26.035728454589844,26.035728454589844,0
2020-01-07 00:00:00+01:00,26.035728454589844,26.035728454589844,26.035728454589844,26.035728454589844,356
2020-01-08 00:00:00+01:00,26.03572557354118,26.03572557354118,25.559463500976562,25.559463500976562,270
2020-01-09 00:00:00+01:00,25.876973194981435,25.95635223388672,25.876973194981435,25.95635223388672,100
2020-01-10 00:00:00+01:00,25.95635174709627,26.35323785017725,25.95635174709627,26.194482803344727,12936
2020-01-13 00:00:00+01:00,26.8295014102217,26.8295014102217,25.87697410583496,25.87697410583496,5407
2020-01-14 00:00:00+01:00,25.87697340350073,26.035728454589844,25.87697340350073,26.035728454589844,338
2020-01-15 00:00:00+01:00,25.876973180736968,26.035728230459426,25.400711059570312,25.400711059570312,1522
2020-01-16 00:00:00+01:00,25.559464716011576,25.797595763614055,25.083201106806335,25.718219757080078,3438
2020-01-17 00:00:00+01:00,25.79759453725887,25.79759453725887,25.559463500976562,25.559463500976562,1022
2020-01-20 00:00:00+01:00,25.559463500976562,25.559463500976562,25.16257743117258,25.559463500976562,787
2020-01-21 00:00:00+01:00,25.63884041207086,25.63884041207086,25.32133184777901,25.480085372924805,445
2020-01-22 00:00:00+01:00,25.480087070431182,25.480087070431182,25.400711059570312,25.400711059570312,99
2020-01-23 00:00:00+01:00,25.400711059570312,25.400711059570312,25.321333534709083,25.400711059570312,215
2020-01-24 00:00:00+01:00,25.480084544152053,25.480084544152053,25.321331024169922,25.321331024169922,307
2020-01-27 00:00:00+01:00,25.321330411187756,25.48008392732676,25.241952896118164,25.241952896118164,2469
2020-01-28 00:00:00+01:00,25.241954057513983,25.241954057513983,24.845067977905273,24.845067977905273,1265
2020-01-29 00:00:00+01:00,25.003825540042385,25.003825540042385,24.845070486568943,24.924448013305664,471
2020-01-30 00:00:00+01:00,24.924448013305664,24.924448013305664,24.765694473832617,24.924448013305664,243
2020-01-31 00:00:00+01:00,25.003824722979015,25.003824722979015,24.76569366455078,24.76569366455078,633
2020-02-03 00:00:00+01:00,24.76569143323215,25.321331024169922,24.686313916240977,25.321331024169922,634
2020-02-04 00:00:00+01:00,25.48008447021552,25.79759453725887,25.48008447021552,25.559463500976562,392
2020-02-05 00:00:00+01:00,25.876972685050124,25.956351722391165,25.480086582346896,25.63884162902832,4352
2020-02-06 00:00:00+01:00,25.797596675709745,25.797596675709745,25.63884162902832,25.63884162902832,44992
2020-02-07 00:00:00+01:00,25.718221380412366,26.115107494134776,25.718221380412366,26.035728454589844,322
2020-02-10 00:00:00+01:00,26.115106346500827,26.98825454711914,26.115106346500827,26.98825454711914,8677
2020-02-11 00:00:00+01:00,26.98825310979887,26.98825310979887,26.7501220703125,26.7501220703125,3928
2020-02-12 00:00:00+01:00,26.750124188251032,26.829500198364258,26.750124188251032,26.829500198364258,471
2020-02-13 00:00:00+01:00,26.75012138746219,26.98825242086979,26.75012138746219,26.908876419067383,462
2020-02-14 00:00:00+01:00,26.908876419067383,26.908876419067383,26.75012138746219,26.908876419067383,815
2020-02-17 00:00:00+01:00,26.82949807414114,26.90887710597023,26.273856963339306,26.7501220703125,553
2020-02-18 00:00:00+01:00,26.273858116785703,26.35323715209961,26.273858116785703,26.35323715209961,264
2020-02-19 00:00:00+01:00,26.51198959350586,26.51198959350586,26.51198959350586,26.51198959350586,150
2020-02-20 00:00:00+01:00,26.591366355857,26.908876419067383,26.591366355857,26.908876419067383,1200
2020-02-21 00:00:00+01:00,26.908878539063153,27.702650731625482,26.908878539063153,26.98825454711914,4668
2020-02-24 00:00:00+01:00,27.067631256704633,27.14701029481855,26.670745150137112,26.829500198364258,1871
2020-02-25 00:00:00+01:00,26.829499503006552,26.98825454711914,26.670744458893964,26.98825454711914,3183
2020-02-26 00:00:00+01:00,26.75012346062043,26.988254512483397,26.353237364848614,26.432613372802734,1846
2020-02-27 00:00:00+01:00,26.432613834434775,26.432613834434775,25.480086582346896,25.63884162902832,612
2020-02-28 00:00:00+01:00,25.480086049999713,25.480086049999713,23.81316566467285,23.81316566467285,4112
2020-03-02 00:00:00+01:00,23.098769499809897,25.4007083953373,23.098769499809897,25.003822326660156,3986
2020-03-03 00:00:00+01:00,25.32133206266665,25.400709582913308,24.606937408447266,24.606937408447266,1255
2020-03-04 00:00:00+01:00,25.003822326660156,25.003822326660156,25.003822326660156,25.003822326660156,258
2020-03-05 00:00:00+01:00,25.00382103492856,25.08319854736328,25.00382103492856,25.08319854736328,5498
2020-03-06 00:00:00+01:00,25.083203066779106,25.241956606252156,24.924448013305664,24.924448013305664,19258
2020-03-09 00:00:00+01:00,24.765693402771145,24.765693402771145,22.701885366873494,23.575035095214844,2268
2020-03-10 00:00:00+01:00,23.178146064346432,23.813163142547648,23.178146064346432,23.73378562927246,1964
2020-03-11 00:00:00+01:00,23.733788601850392,23.733788601850392,22.543130295597024,23.019393920898438,2610
2020-03-12 00:00:00+01:00,20.796830732507487,21.59060287475586,19.288662451035407,21.59060287475586,4856
2020-03-13 00:00:00+01:00,20.082436159873332,23.019393920898438,20.082436159873332,23.019393920898438,2798
2020-03-16 00:00:00+01:00,22.305000506404603,22.940017700195312,21.431850729442065,22.940017700195312,3485
2020-03-17 00:00:00+01:00,22.94001483861414,23.01939235643638,21.669979095458984,21.669979095458984,5560
2020-03-18 00:00:00+01:00,22.543128684621063,22.543128684621063,21.828734054721142,21.908111572265625,1055
2020-03-19 00:00:00+01:00,21.43184745918849,22.384374618530273,21.43184745918849,22.384374618530273,3015
2020-03-20 00:00:00+01:00,21.66997841356497,22.384374537484838,21.66997841356497,21.828733444213867,1030
2020-03-23 00:00:00+01:00,21.82873460981581,21.90811212937883,21.431848526000977,21.431848526000977,302
2020-03-24 00:00:00+01:00,22.06686447618704,22.225619506835937,21.828733444213867,21.828733444213867,925
2020-03-25 00:00:00+01:00,21.828733911830287,22.146242465929596,21.4318478407061,21.59060287475586,2012
2020-03-26 00:00:00+01:00,21.511226045563998,21.669979570689772,21.431848526000977,21.431848526000977,9237
2020-03-27 00:00:00+01:00,21.431848526000977,21.669979570689772,20.79683139749735,21.431848526000977,4527
2020-03-30 00:00:00+02:00,21.66998273640858,21.66998273640858,21.03496551513672,21.03496551513672,11492
2020-03-31 00:00:00+02:00,21.35247100643796,21.511226045563998,21.19371748131218,21.431848526000977,1455
2020-04-01 00:00:00+02:00,21.431850431372652,21.431850431372652,20.79683324641362,20.876209259033203,11098
2020-04-02 00:00:00+02:00,20.717456218104417,20.955587289691653,20.638078689575195,20.638078689575195,3445
2020-04-03 00:00:00+02:00,20.638078689575195,20.638078689575195,20.003061489342286,20.638078689575195,3456
2020-04-06 00:00:00+02:00,20.717456218104417,21.828737075512226,20.32057008945874,20.638078689575195,5111
2020-04-07 00:00:00+02:00,20.955583506596554,21.590602106190484,20.638074963799667,21.193716049194336,8437
2020-04-08 00:00:00+02:00,21.03496551513672,21.03496551513672,20.876210452818516,21.03496551513672,5782
2020-04-09 00:00:00+02:00,21.034962442186146,21.431848526000977,21.034962442186146,21.431848526000977,1549
2020-04-10 00:00:00+02:00,21.431848526000977,21.431848526000977,21.431848526000977,21.431848526000977,0
2020-04-13 00:00:00+02:00,21.431848526000977,21.431848526000977,21.431848526000977,21.431848526000977,0
2020-04-14 00:00:00+02:00,21.27309348687494,21.431848526000977,21.114339961749163,21.431848526000977,1864
2020-04-15 00:00:00+02:00,21.431849221524175,21.431849221524175,21.273094177246094,21.273094177246094,2864
2020-04-16 00:00:00+02:00,21.35247100643796,21.431848526000977,21.35247100643796,21.431848526000977,1827
2020-04-17 00:00:00+02:00,21.431847381591798,21.98748847486277,21.35246986626735,21.828733444213867,23517
2020-04-20 00:00:00+02:00,22.066865093354377,22.225620128443346,21.828734054721142,21.908111572265625,2145
2020-04-21 00:00:00+02:00,21.431848055992493,21.828734131103463,21.03496198088152,21.669979095458984,4963
2020-04-22 00:00:00+02:00,21.431848703406818,22.30499839782715,21.431848703406818,22.30499839782715,19633
2020-04-23 00:00:00+02:00,22.304999701985253,22.304999701985253,21.51122748137368,22.225622177124023,1370
2020-04-24 00:00:00+02:00,22.14624344154222,22.14624344154222,21.828734873455648,22.066865921020508,139
2020-04-27 00:00:00+02:00,22.066863446169254,22.94001304598173,22.066863446169254,22.781259536743164,6779
2020-04-28 00:00:00+02:00,22.78126152290451,22.78126152290451,22.543128967285156,22.543128967285156,750
2020-04-29 00:00:00+02:00,22.701885315959423,23.019393894462286,22.225621691204967,22.46375274658203,5288
2020-04-30 00:00:00+02:00,22.54313026970783,22.701885315959423,22.46375274658203,22.46375274658203,1311
2020-05-01 00:00:00+02:00,22.46375274658203,22.46375274658203,22.46375274658203,22.46375274658203,0
2020-05-04 00:00:00+02:00,22.701882701974235,22.701882701974235,21.908110590114998,22.62250518798828,2701
2020-05-05 00:00:00+02:00,22.701883166977474,22.701883166977474,22.06686455608289,22.384374618530273,10821
2020-05-06 00:00:00+02:00,22.384377226846482,22.384377226846482,22.146244652262794,22.225622177124023,311
2020-05-07 00:00:00+02:00,21.90811118270997,22.70188331604004,21.90811118270997,22.70188331604004,3549
2020-05-08 00:00:00+02:00,22.701884004364725,22.701884004364725,22.543128967285156,22.543128967285156,205
2020-05-11 00:00:00+02:00,22.543130148568185,22.543130148568185,21.987490517674086,22.146244049072266,624
2020-05-12 00:00:00+02:00,21.828733444213867,21.828733444213867,21.66997841356497,21.828733444213867,744
2020-05-13 00:00:00+02:00,21.511224896916247,21.828733444213867,21.511224896916247,21.828733444213867,274
2020-05-14 00:00:00+02:00,21.51122748137368,22.225622177124023,20.955586321345436,22.225622177124023,8454
2020-05-15 00:00:00+02:00,21.66997841356497,21.828733444213867,21.66997841356497,21.828733444213867,58
2020-05-18 00:00:00+02:00,21.669979019632173,21.908111572265625,21.27309294590997,21.908111572265625,706
2020-05-19 00:00:00+02:00,21.908111648925704,21.908111648925704,21.431848055992493,21.669979095458984,361
2020-05-20 00:00:00+02:00,21.669979095458984,21.749356613281225,21.431848055992493,21.669979095458984,608
2020-05-21 00:00:00+02:00,21.66998018366918,21.74935770547755,21.511226654052734,21.511226654052734,340
2020-05-22 00:00:00+02:00,21.431848055992493,21.669979095458984,21.431848055992493,21.669979095458984,314
2020-05-25 00:00:00+02:00,21.828734873455648,22.14624344154222,21.669979832412224,22.066865921020508,3283
2020-05-26 00:00:00+02:00,22.146244049072266,22.146244049072266,22.066866526373015,22.146244049072266,1665
2020-05-27 00:00:00+02:00,22.14624261089886,22.14624261089886,21.908111572265625,21.908111572265625,2999
2020-05-28 00:00:00+02:00,22.146244049072266,22.146244049072266,21.90811299497484,22.146244049072266,1960
2020-05-29 00:00:00+02:00,22.146244049072266,22.146244049072266,22.066866526373015,22.146244049072266,194
2020-06-01 00:00:00+02:00,21.828735472275593,22.146244049072266,21.431849372779674,22.146244049072266,1316
2020-06-02 00:00:00+02:00,21.90811299497484,22.146244049072266,21.431849372779674,22.146244049072266,1300
2020-06-03 00:00:00+02:00,22.066865921020508,22.066865921020508,22.066865921020508,22.066865921020508,39178
2020-06-04 00:00:00+02:00,21.828733076129044,22.701882701974235,21.828733076129044,22.62250518798828,10499
2020-06-05 00:00:00+02:00,22.70188435005327,22.70188435005327,21.828734660820402,21.987489700317383,5430
2020-06-08 00:00:00+02:00,22.146244049072266,22.146244049072266,21.51122689547892,22.146244049072266,29804
2020-06-09 00:00:00+02:00,22.14624419351257,23.019393920898438,21.908113137862024,23.019393920898438,4251
2020-06-10 00:00:00+02:00,23.019391243917898,23.019391243917898,22.62250518798828,22.62250518798828,1306
2020-06-11 00:00:00+02:00,22.62250518798828,22.62250518798828,22.62250518798828,22.62250518798828,0
2020-06-12 00:00:00+02:00,22.622504513504495,22.781259536743164,22.622504513504495,22.781259536743164,1035
2020-06-15 00:00:00+02:00,22.70188331604004,22.70188331604004,22.622505799906993,22.70188331604004,3205
2020-06-16 00:00:00+02:00,22.781262865247893,23.17814896733235,22.781262865247893,23.019393920898438,1070
2020-06-17 00:00:00+02:00,23.098769739775445,23.971919402736074,22.940014705055255,23.892541885375977,1022
2020-06-18 00:00:00+02:00,24.051293666652104,24.051293666652104,22.622504513504495,22.781259536743164,14685
2020-06-19 00:00:00+02:00,23.495657546199848,23.575035069416806,23.019393920898438,23.019393920898438,1890
2020-06-22 00:00:00+02:00,23.178148482799152,24.051296677931752,23.09877096124156,23.257524490356445,1876
2020-06-23 00:00:00+02:00,23.654410621308248,23.81316566467285,23.257524526897033,23.81316566467285,36529
2020-06-24 00:00:00+02:00,23.813166363944404,23.813166363944404,23.65441131591797,23.65441131591797,11693
2020-06-25 00:00:00+02:00,23.813166363944404,23.813166363944404,23.65441131591797,23.65441131591797,11685
2020-06-26 00:00:00+02:00,22.38437591804723,23.813165226007573,22.30499839782715,22.30499839782715,12606
2020-06-29 00:00:00+02:00,22.46375200962879,22.46375200962879,21.511226305369075,22.066865921020508,2514
2020-06-30 00:00:00+02:00,22.225620407126257,22.622506485824943,22.225620407126257,22.543128967285156,1071
2020-07-01 00:00:00+02:00,22.622506282368647,24.210050582885742,22.622506282368647,24.210050582885742,22952
2020-07-02 00:00:00+02:00,24.606937980738916,24.92444655510968,23.813165787811855,24.130674362182617,10293
2020-07-03 00:00:00+02:00,24.130674237401763,24.36880680244867,23.81316566467285,23.81316566467285,1409
2020-07-06 00:00:00+02:00,23.813164049945286,24.527558668643607,23.813164049945286,24.44818115234375,2312
2020-07-07 00:00:00+02:00,24.606937408447266,25.400709582913308,24.52755988820061,24.606937408447266,3519
2020-07-08 00:00:00+02:00,24.606937890392942,24.606937890392942,24.368806838989258,24.368806838989258,650
2020-07-09 00:00:00+02:00,23.971919221760633,26.194480607062854,23.971919221760633,25.559463500976562,40914
2020-07-10 00:00:00+02:00,25.400711659725598,25.55946671319904,24.686316947095893,24.924448013305664,917
2020-07-13 00:00:00+02:00,25.40071144103117,25.40071144103117,24.289430618286133,24.289430618286133,439
2020-07-14 00:00:00+02:00,24.368806838989258,24.368806838989258,23.813165700380267,24.368806838989258,1755
2020-07-15 00:00:00+02:00,24.28943012838754,24.68631623664877,24.28943012838754,24.52756118774414,7314
2020-07-16 00:00:00+02:00,24.36880589357501,24.845067977905273,24.13067333740964,24.845067977905273,347
2020-07-17 00:00:00+02:00,24.845067697492492,24.845067697492492,23.81316450775647,24.210050582885742,4404
2020-07-20 00:00:00+02:00,24.21005085613143,25.400709094957566,23.89254229524451,24.845067977905273,12365
2020-07-21 00:00:00+02:00,24.52756118774414,25.48008693917089,24.210052603935225,24.52756118774414,45826
2020-07-22 00:00:00+02:00,24.448181365267466,25.956349646099074,24.368805362276504,25.321331024169922,13578
2020-07-23 00:00:00+02:00,25.797594884366568,26.7501220703125,25.797594884366568,26.7501220703125,37048
2020-07-24 00:00:00+02:00,26.194482803344727,26.908879000090757,26.194482803344727,26.194482803344727,13457
2020-07-27 00:00:00+02:00,26.273860394114863,30.004590593219003,26.273860394114863,28.734556198120117,13236
2020-07-28 00:00:00+02:00,29.36956787109375,29.84582992266813,28.575795766469593,29.36956787109375,3749
2020-07-29 00:00:00+02:00,29.369568267425933,30.957112498097604,28.972682209758016,30.560226440429688,2841
2020-07-30 00:00:00+02:00,30.639605162018025,30.71898419740184,27.86140251159668,27.86140251159668,8633
2020-07-31 00:00:00+02:00,27.14700692655343,29.290192241702446,27.14700692655343,28.575796127319336,1675
2020-08-03 00:00:00+02:00,28.575796127319336,29.21081321343748,28.41704109878972,28.575796127319336,458
2020-08-04 00:00:00+02:00,29.52832845205713,31.750890157480605,28.734556198120117,28.734556198120117,5782
2020-08-05 00:00:00+02:00,29.369572375194135,34.13220573333373,29.290196363758774,32.94154739379883,34778
2020-08-06 00:00:00+02:00,32.94154262799129,33.02091862794295,31.35399840495556,31.433374404907227,7554
2020-08-07 00:00:00+02:00,30.95711587054687,30.95711587054687,30.48085376066179,30.79836082458496,890
2020-08-10 00:00:00+02:00,30.798363404257,32.46528698447764,30.798363404257,31.750890731811523,3595
2020-08-11 00:00:00+02:00,32.147769959565196,32.147769959565196,30.56022576403111,30.71898078918457,1032
2020-08-12 00:00:00+02:00,31.59213091353817,31.59213091353817,30.56022772579957,31.27462387084961,812
2020-08-13 00:00:00+02:00,31.195244300898757,31.195244300898757,30.79835823338605,30.95711326599121,955
2020-08-14 00:00:00+02:00,30.95711587054687,31.592133026393853,30.79836082458496,30.79836082458496,382
2020-08-17 00:00:00+02:00,31.35400274433798,31.35400274433798,29.528327240774143,29.687082290649414,2110
2020-08-18 00:00:00+02:00,29.528323209508432,30.00458526611328,29.528323209508432,30.00458526611328,657
2020-08-19 00:00:00+02:00,29.92521237651109,30.16334342956543,29.687081323456752,30.16334342956543,790
2020-08-20 00:00:00+02:00,30.16334342956543,32.54466001611007,30.083967421214194,30.16334342956543,21467
2020-08-21 00:00:00+02:00,30.08396372124029,35.719744405060915,29.448943620527896,35.56098937988281,52606
2020-08-24 00:00:00+02:00,34.37033827503952,34.925979463005696,30.957118160391413,32.62403869628906,11904
2020-08-25 00:00:00+02:00,33.687420077440215,34.255642240227445,33.038024647066955,33.28154754638672,1271
2020-08-26 00:00:00+02:00,33.2815474997164,34.66151472267551,32.95684823670426,34.01211929321289,3264
2020-08-27 00:00:00+02:00,34.09329605102539,34.58034189884382,33.768596754771785,34.09329605102539,13663
2020-08-28 00:00:00+02:00,34.2556456991522,34.2556456991522,32.71332868679054,34.09329605102539,1601
2020-08-31 00:00:00+02:00,33.687424126095905,34.58034256310255,32.71332931518555,32.71332931518555,6698
2020-09-01 00:00:00+02:00,33.11919849127409,33.11919849127409,31.65805797335468,32.06393051147461,4523
2020-09-02 00:00:00+02:00,32.38862914902602,33.44389710824807,32.22627951763148,33.119197845458984,12687
2020-09-03 00:00:00+02:00,33.20037434749085,33.76859341489203,33.20037434749085,33.44389724731445,1896
2020-09-04 00:00:00+02:00,33.606250558603314,33.68742383524416,32.956851959228516,32.956851959228516,349
2020-09-07 00:00:00+02:00,32.63215179864784,34.49916480402386,32.63215179864784,33.36272048950195,10792
2020-09-08 00:00:00+02:00,34.093295891439766,34.093295891439766,30.6839656829834,30.6839656829834,13442
2020-09-09 00:00:00+02:00,31.65806145707445,32.46980662264046,30.927489569440212,32.307456970214844,8229
2020-09-10 00:00:00+02:00,32.388629452242334,32.469802720418706,32.145103454589844,32.145103454589844,1275
2020-09-11 00:00:00+02:00,32.38862586853011,32.63214874267578,31.982753379433554,32.63214874267578,572
2020-09-14 00:00:00+02:00,32.22627625357922,32.63214874267578,31.982753379433554,32.63214874267578,741
2020-09-15 00:00:00+02:00,32.55097665026769,32.55097665026769,31.90158120197122,31.982757568359375,656
2020-09-16 00:00:00+02:00,32.30745721105275,32.30745721105275,31.901584625244144,31.90158462524414,288
2020-09-17 00:00:00+02:00,31.90157914952877,32.14510203990227,31.00866085263876,31.658056259155273,5177
2020-09-18 00:00:00+02:00,31.08983411724274,31.658056259155273,30.927484491473223,31.658056259155273,301
2020-09-21 00:00:00+02:00,31.65806047062264,31.82041011798951,30.52161603561653,30.6839656829834,665
2020-09-22 00:00:00+02:00,30.602792407580946,31.90158339339196,30.602792407580946,30.6839656829834,422
2020-09-23 00:00:00+02:00,31.495709265624697,31.495709265624697,30.52161452615964,30.765140533447266,970
2020-09-24 00:00:00+02:00,30.765140617352824,30.846313888962204,29.95339551501171,30.034568786621094,2028
2020-09-25 00:00:00+02:00,30.03456537163317,30.03456537163317,29.385169982910156,29.385169982910156,4616
2020-09-28 00:00:00+02:00,29.4663463960685,30.440441131591797,29.4663463960685,30.440441131591797,422
2020-09-29 00:00:00+02:00,30.846312897114817,32.06393051147461,30.846312897114817,32.06393051147461,924
2020-09-30 00:00:00+02:00,32.06393051147461,32.06393051147461,31.820407607914998,32.06393051147461,127
2020-10-01 00:00:00+02:00,32.14510358925618,33.281547927856444,32.14510358925618,32.46980285644531,2664
2020-10-02 00:00:00+02:00,33.03802483406868,33.28154773476683,32.22627976736705,32.875675201416016,7220
2020-10-05 00:00:00+02:00,32.87567501533322,33.687420077440215,32.87567501533322,33.28154754638672,3830
2020-10-06 00:00:00+02:00,33.281546584697665,33.281546584697665,31.171010722829273,31.414533615112305,6455
2020-10-07 00:00:00+02:00,31.49570803379869,33.03802490234375,31.49570803379869,33.03802490234375,940
2020-10-08 00:00:00+02:00,33.11919734501059,35.31090959431487,33.11919734501059,35.229736328125,16119
2020-10-09 00:00:00+02:00,35.22973897525335,38.72024232523828,35.067389334113194,36.93440246582031,22767
2020-10-12 00:00:00+02:00,38.07084259523138,38.31436548139845,36.772048708071225,37.01557159423828,9596
2020-10-13 00:00:00+02:00,37.015572436357616,37.17792206301635,35.47325872450363,35.71678161621094,5148
2020-10-14 00:00:00+02:00,36.36618063357717,37.17792575082917,35.06738968459872,35.96030807495117,6187
2020-10-15 00:00:00+02:00,35.960305013518685,36.12265464246004,34.58033781235957,35.229736328125,3156
2020-10-16 00:00:00+02:00,34.90503578537509,37.096747954001636,34.90503578537509,37.01557159423828,2090
2020-10-19 00:00:00+02:00,37.98966623546803,38.963760876697776,37.01557159423828,37.01557159423828,7459
2020-10-20 00:00:00+02:00,37.98966623546803,37.98966623546803,36.934398331036434,37.01557159423828,3929
2020-10-21 00:00:00+02:00,37.17792121720349,37.746143349300965,35.2297350313055,37.01557159423828,3100
2020-10-22 00:00:00+02:00,37.015572436357616,37.015572436357616,35.39208236289348,35.71678161621094,3730
2020-10-23 00:00:00+02:00,35.71678576104198,35.879135406540925,33.68742293371005,34.58034133911133,5838
2020-10-26 00:00:00+01:00,34.499164834421805,34.499164834421805,33.52507014919639,34.25564193725586,4208
2020-10-27 00:00:00+01:00,34.09329209303093,34.09329209303093,33.200373776838106,33.768592834472656,10401
2020-10-28 00:00:00+01:00,33.60624630175514,34.01211882667217,33.443896672476,33.768592834472656,3709
2020-10-29 00:00:00+01:00,33.68742003020075,34.01211929321289,31.252184847294668,34.01211929321289,7609
2020-10-30 00:00:00+01:00,34.01212180091115,37.17792591416535,33.68742251395908,35.392086029052734,15502
2020-11-02 00:00:00+01:00,35.63561173429803,37.17792559257457,35.63561173429803,36.52853012084961,1645
2020-11-03 00:00:00+01:00,36.93440267774794,37.34027523464627,35.716785007052955,36.52853012084961,5497
2020-11-04 00:00:00+01:00,36.44736048752014,37.25910568237305,36.04148789009369,37.25910568237305,13758
2020-11-05 00:00:00+01:00,37.25910196189135,37.25910196189135,36.2038308367062,36.52853012084961,922
2020-11-06 00:00:00+01:00,36.528534233749795,36.528534233749795,35.879138688906686,36.285011291503906,418
2020-11-09 00:00:00+01:00,35.87913159933821,36.36617738759175,32.87567431427712,34.90503692626953,6800
2020-11-10 00:00:00+01:00,34.58033817225295,34.90503743351496,33.20037405329354,34.417991638183594,2554
2020-11-11 00:00:00+01:00,34.417991638183594,34.417991638183594,34.417991638183594,34.417991638183594,0
2020-11-12 00:00:00+01:00,34.33681858196596,35.71678593040774,34.09329566084375,35.06739044189453,2276
2020-11-13 00:00:00+01:00,34.66151328644906,36.85322547956158,34.66151328644906,36.36617660522461,35837
2020-11-16 00:00:00+01:00,37.09675253746217,37.09675253746217,35.63561194336821,36.122657775878906,2095
2020-11-17 00:00:00+01:00,36.122658559573885,36.122658559573885,34.174468994140625,34.174468994140625,5394
2020-11-18 00:00:00+01:00,34.1744650758599,34.7426872253418,34.1744650758599,34.7426872253418,3616
2020-11-19 00:00:00+01:00,34.74269076564935,35.55443589146621,34.417994573259755,34.98621368408203,3057
2020-11-20 00:00:00+01:00,35.47326262525541,36.12265810673832,34.90504041774714,36.04148483276367,3660
2020-11-23 00:00:00+01:00,36.04148483276367,36.04148483276367,35.39208625471885,36.04148483276367,2177
2020-11-24 00:00:00+01:00,36.20382881108542,36.28500517586035,32.95684853756882,33.03802490234375,14905
2020-11-25 00:00:00+01:00,33.36272146354153,33.36272146354153,31.33335876876256,32.226280212402344,8319
2020-11-26 00:00:00+01:00,32.22627840106781,32.46980129144131,31.33335700761624,31.658056259155273,14275
2020-11-27 00:00:00+01:00,31.90158055349904,32.469802720418706,31.65805765240824,32.145103454589844,4431
2020-11-30 00:00:00+01:00,32.22628027810442,32.46980318266204,32.22628027810442,32.38862991333008,2098
2020-12-01 00:00:00+01:00,32.14510358925618,32.713325758556316,31.576884516517747,32.46980285644531,14222
2020-12-02 00:00:00+01:00,32.46980285644531,32.63215249003988,32.06393032073975,32.46980285644531,7016
2020-12-03 00:00:00+01:00,32.38862958792888,32.46980285644531,32.30745322285075,32.46980285644531,2974
2020-12-04 00:00:00+01:00,32.46980241644246,33.119197845458984,32.38862914902602,33.119197845458984,958
2020-12-07 00:00:00+01:00,33.03802876599451,33.20037841796875,32.956852391726365,33.20037841796875,4993
2020-12-08 00:00:00+01:00,33.20037841796875,33.20037841796875,32.87567911402027,33.20037841796875,3334
2020-12-09 00:00:00+01:00,33.20037427880069,33.84976970917395,32.79450174774719,33.28154754638672,23641
2020-12-10 00:00:00+01:00,33.36272418273577,34.09329605102539,33.11920125882656,34.09329605102539,7108
2020-12-11 00:00:00+01:00,34.17446920760941,34.82386779785156,34.09329593211013,34.82386779785156,4228
2020-12-14 00:00:00+01:00,34.905040965360755,34.905040965360755,33.76859653251492,34.499168395996094,2959
2020-12-15 00:00:00+01:00,34.49916490521827,34.66151453584928,34.09329237692159,34.417991638183594,288
2020-12-16 00:00:00+01:00,34.58034189884382,34.74269154697062,34.01212277524298,34.09329605102539,3162
2020-12-17 00:00:00+01:00,34.09329274888733,34.41799201369189,33.44389731583991,33.60624694824219,2706
2020-12-18 00:00:00+01:00,34.01211934090768,34.336815507813476,33.20037427880069,33.28154754638672,3144
2020-12-21 00:00:00+01:00,33.20037798227507,33.20037798227507,32.71332903274397,32.956851959228516,665
2020-12-22 00:00:00+01:00,32.63215204783701,33.119197845458984,32.63215204783701,33.119197845458984,747
2020-12-23 00:00:00+01:00,33.200374209437086,33.200374209437086,32.63215204783701,33.119197845458984,2357
2020-12-28 00:00:00+01:00,33.20037499289663,33.20037499289663,32.38862991333008,32.38862991333008,6893
2020-12-29 00:00:00+01:00,32.38863305982224,32.956852193470816,32.38863305982224,32.55097961425781,11577
2020-12-30 00:00:00+01:00,32.38863310925679,32.95685224377262,32.38863310925679,32.71332931518555,1033
2021-01-04 00:00:00+01:00,33.20037434749085,33.60624687938408,33.20037434749085,33.44389724731445,1696
2021-01-05 00:00:00+01:00,33.4439007289226,33.76859693030201,33.4439007289226,33.52507400512695,1890
2021-01-07 00:00:00+01:00,33.52507405683359,33.68742370605469,33.200377854953395,33.68742370605469,1474
2021-01-08 00:00:00+01:00,33.76859670222349,34.17446927362791,33.68742342656739,33.930946350097656,4461
2021-01-11 00:00:00+01:00,33.93094640289859,34.58034189884382,33.525073830862574,34.09329605102539,30238
2021-01-12 00:00:00+01:00,34.66151749169243,35.71678553594197,34.17446855826517,34.98621368408203,6531
2021-01-13 00:00:00+01:00,35.06738613288598,35.716781541602806,35.06738613288598,35.5544319152832,1385
2021-01-14 00:00:00+01:00,35.635608852197585,35.635608852197585,34.98621033643216,35.229736328125,1563
2021-01-15 00:00:00+01:00,35.229736328125,35.31090959431487,34.823863804052415,35.229736328125,19261
2021-01-18 00:00:00+01:00,35.22973618281296,35.22973618281296,34.580337669726106,34.90503692626953,1999
2021-01-19 00:00:00+01:00,34.90503692626953,34.90503692626953,34.41799113801599,34.90503692626953,1803
2021-01-20 00:00:00+01:00,34.98621019212459,35.31090944866801,34.90503692626953,34.90503692626953,13862
2021-01-21 00:00:00+01:00,35.39208624699046,35.47326261750929,34.90504041012511,34.98621368408203,1287
2021-01-22 00:00:00+01:00,34.580337597409596,34.7426872253418,34.580337597409596,34.7426872253418,257
2021-01-25 00:00:00+01:00,35.473262243224724,36.52853027633995,35.392085873562394,35.96030807495117,10634
2021-01-26 00:00:00+01:00,36.528529970122655,37.25910180814985,36.528529970122655,37.09675216674805,8825
2021-01-27 00:00:00+01:00,37.17792592882171,37.17792592882171,36.285007534194335,36.447357177734375,7907
2021-01-28 00:00:00+01:00,36.36618015133094,36.609703063964844,36.12265723869704,36.609703063964844,3816
2021-01-29 00:00:00+01:00,36.77205229525712,37.66497376039125,36.60970265645438,37.42144775390625,4091
2021-02-01 00:00:00+01:00,37.90849667031445,37.90849667031445,37.42144775390625,37.42144775390625,2075
2021-02-02 00:00:00+01:00,37.746143349300965,37.82731661250282,36.934398331036434,37.01557159423828,2389
2021-02-03 00:00:00+01:00,37.01557567792594,37.34027495967831,36.52852985185922,36.77205276489258,2446
2021-02-04 00:00:00+01:00,36.77205303567624,37.17792559257457,36.52853012084961,36.52853012084961,2431
2021-02-05 00:00:00+01:00,37.58379778368364,37.746147424175255,36.93440231827901,37.50262451171875,3823
2021-02-08 00:00:00+01:00,37.58379388327771,37.58379388327771,37.01557174880746,37.34027099609375,1107
2021-02-09 00:00:00+01:00,37.58379814947289,37.58379814947289,36.52853012084961,36.52853012084961,2305
2021-02-10 00:00:00+01:00,36.93440279571927,36.93440279571927,36.528530237524556,36.85322952270508,4173
2021-02-11 00:00:00+01:00,36.93440246582031,37.096752106960466,36.44735663896171,36.93440246582031,14631
2021-02-12 00:00:00+01:00,37.177925379249615,37.177925379249615,36.77205282468016,36.93440246582031,40160
2021-02-15 00:00:00+01:00,37.01557964666743,37.50262862151648,36.69088342666358,37.25910568237305,6572
2021-02-16 00:00:00+01:00,37.42144716190314,38.96376406128712,37.177924255832444,38.63906478881836,10027
2021-02-17 00:00:00+01:00,38.55788811346019,38.55788811346019,37.827316363212134,37.98966598510742,6581
2021-02-18 00:00:00+01:00,38.31436539352382,38.31436539352382,37.2590974915125,37.58379364013672,1822
2021-02-19 00:00:00+01:00,37.664974241430684,37.664974241430684,36.28500693882586,36.77205276489258,4646
2021-02-22 00:00:00+01:00,36.52853017944521,36.772053094662475,36.28500726422796,36.690879821777344,1422
2021-02-23 00:00:00+01:00,36.44735690656009,36.690879821777344,36.44735690656009,36.690879821777344,4654
2021-02-24 00:00:00+01:00,36.77205276489258,36.77205276489258,36.447356579702046,36.77205276489258,2222
2021-02-25 00:00:00+01:00,36.93440246582031,37.34027502038977,36.69087955239101,36.93440246582031,1499
2021-02-26 00:00:00+01:00,36.52853083615282,36.52853083615282,34.58034128626657,35.473262786865234,8301
2021-03-01 00:00:00+01:00,35.47326218558733,35.87913474355387,35.0673896276208,35.79795837402344,1607
2021-03-02 00:00:00+01:00,35.79795848983052,36.122657775878906,35.71678521659936,36.122657775878906,1080
2021-03-03 00:00:00+01:00,36.20383089478096,36.934402736994606,36.20383089478096,36.690879821777344,3043
2021-03-04 00:00:00+01:00,35.55443510316393,36.77205276489258,35.55443510316393,36.77205276489258,3427
2021-03-05 00:00:00+01:00,36.77205282468016,37.34027502038977,36.20383062897056,36.93440246582031,1352
2021-03-08 00:00:00+01:00,37.01557964666743,37.340278963233466,36.853233084946595,37.25910568237305,2662
2021-03-09 00:00:00+01:00,37.2590974915125,38.07084250791529,37.09674786891964,37.58379364013672,3229
2021-03-10 00:00:00+01:00,37.66497008609912,37.66497008609912,36.69087544486937,37.01557159423828,4820
2021-03-11 00:00:00+01:00,36.93440246582031,37.177925379249615,36.85322919353116,36.93440246582031,4377
2021-03-12 00:00:00+01:00,36.93440234518461,36.93440234518461,36.52852979194082,36.609703063964844,7461
2021-03-15 00:00:00+01:00,36.69087976292132,37.01557595050286,36.366180478777906,36.52853012084961,19337
2021-03-16 00:00:00+01:00,36.5285262300036,36.69087585478259,36.28500334111588,36.36617660522461,8342
2021-03-17 00:00:00+01:00,36.36618063357717,36.36618063357717,35.797958432188395,35.96030807495117,1826
2021-03-18 00:00:00+01:00,35.960308405682945,36.04148477609186,35.79795876142702,35.87913513183594,787
2021-03-19 00:00:00+01:00,35.87913518825246,36.04148483276367,35.71678554374126,36.04148483276367,738
2021-03-22 00:00:00+01:00,36.04148450264775,36.20383104911006,35.71678521659936,36.122657775878906,3129
2021-03-23 00:00:00+01:00,36.12265771771395,36.12265771771395,35.879134801850725,35.96030807495117,967
2021-03-24 00:00:00+01:00,35.879134801850725,36.0414844446135,35.879134801850725,35.96030807495117,539
2021-03-25 00:00:00+01:00,35.960303689806686,37.3402708401687,35.71678080363962,37.01557159423828,84165
2021-03-26 00:00:00+01:00,36.85322506783458,37.259097576966845,36.85322506783458,37.01557159423828,1380
2021-03-29 00:00:00+02:00,37.01557546989949,37.74614730145562,37.01557546989949,37.17792510986328,6938
2021-03-30 00:00:00+02:00,37.25910229887267,37.34027557236174,34.74269056540681,36.447357177734375,11828
2021-03-31 00:00:00+02:00,36.52852657663923,36.85322582927843,35.5544319152832,35.5544319152832,34174
2021-04-01 00:00:00+02:00,35.71678161621094,36.12265413457697,35.71678161621094,35.71678161621094,5403
2021-04-06 00:00:00+02:00,35.960308016522426,36.2850073015204,35.63561182808632,35.79795837402344,6827
2021-04-07 00:00:00+02:00,35.71678161621094,35.797954881259514,35.63560835116236,35.71678161621094,3102
2021-04-08 00:00:00+02:00,35.79795858946188,35.79795858946188,35.31091275559566,35.392086029052734,7865
2021-04-09 00:00:00+02:00,35.55443490334906,37.17792510986328,35.55443490334906,37.17792510986328,127526
2021-04-12 00:00:00+02:00,37.01557579776622,37.17792543916802,36.528529970122655,37.09675216674805,25948
2021-04-13 00:00:00+02:00,37.09675602409003,37.340278963233466,36.60970704924098,37.25910568237305,10166
2021-04-14 00:00:00+02:00,36.93439848526664,37.34027099609375,36.772048861623496,37.34027099609375,5207
2021-04-15 00:00:00+02:00,37.34027099609375,37.66497024338004,37.01557174880746,37.34027099609375,1706
2021-04-16 00:00:00+02:00,37.340275080569825,37.340275080569825,36.77205288394443,37.09675216674805,1711
2021-04-19 00:00:00+02:00,37.25910168752114,37.34027495967831,36.36618021098303,36.77205276489258,14115
2021-04-20 00:00:00+02:00,36.528530451223446,36.60970372471252,36.20383116414337,36.447357177734375,6771
2021-04-21 00:00:00+02:00,36.44735694401939,36.44735694401939,35.22973927011979,35.79795837402344,15172
2021-04-22 00:00:00+02:00,35.797958432188395,35.96030807495117,35.55443551632517,35.96030807495117,10922
2021-04-23 00:00:00+02:00,35.8791311679224,35.8791311679224,35.39208228896361,35.5544319152832,11356
2021-04-26 00:00:00+02:00,35.39208636015397,35.473262730932355,34.98621379594779,35.3109130859375,4885
2021-04-27 00:00:00+02:00,35.22973618281296,35.31090944866801,34.74268729799782,34.90503692626953,10300
2021-04-28 00:00:00+02:00,34.90504052173132,35.71678565014368,34.90504052173132,35.3109130859375,6553
2021-04-29 00:00:00+02:00,35.148563440942645,35.3109130859375,34.74269087673647,35.3109130859375,3376
2021-04-30 00:00:00+02:00,35.310909097844906,35.71678161621094,35.0673862061376,35.71678161621094,2024
2021-05-04 00:00:00+02:00,35.71678515908795,36.12265771771395,35.71678515908795,35.96030807495117,12472
2021-05-05 00:00:00+02:00,35.716789028555354,36.285011291503906,35.6356157466608,36.285011291503906,8179
2021-05-06 00:00:00+02:00,36.28500334111588,36.36617660522461,36.12265371633689,36.36617660522461,2875
2021-05-07 00:00:00+02:00,36.2850076941948,36.36618096804181,35.310912925221146,35.87913513183594,4706
2021-05-10 00:00:00+02:00,35.63560835116236,35.71678161621094,35.310909097844906,35.71678161621094,3163
2021-05-11 00:00:00+02:00,35.71678161621094,35.71678161621094,35.310909097844906,35.71678161621094,1872
2021-05-12 00:00:00+02:00,35.392086471255254,35.63561248779297,35.392086471255254,35.63561248779297,1673
2021-05-13 00:00:00+02:00,35.31091319678397,35.63561248779297,35.0673902768082,35.63561248779297,4610
2021-05-14 00:00:00+02:00,35.31090902408459,35.5544319152832,35.229735759205575,35.5544319152832,3466
2021-05-17 00:00:00+02:00,35.55443611675975,35.63561248779297,35.392086471255254,35.63561248779297,7187
2021-05-18 00:00:00+02:00,35.47326284228847,35.63561248779297,35.392086471255254,35.63561248779297,4700
2021-05-19 00:00:00+02:00,35.6356157466608,36.285011291503906,35.6356157466608,36.285011291503906,3561
2021-05-20 00:00:00+02:00,35.71678521659936,36.122657775878906,35.71678521659936,36.122657775878906,1401
2021-05-21 00:00:00+02:00,36.122657775878906,36.122657775878906,35.96030813285471,36.122657775878906,7518
2021-05-24 00:00:00+02:00,36.28500659485105,37.74614715576172,36.28500659485105,37.74614715576172,12265
2021-05-25 00:00:00+02:00,38.233189033946644,39.20728367294229,36.77204862373393,37.58379364013672,38887
2021-05-26 00:00:00+02:00,37.82732484152034,37.82732484152034,36.69088342666358,37.25910568237305,9607
2021-05-27 00:00:00+02:00,37.259097576966845,37.3402708401687,36.772048708071225,37.01557159423828,3541
2021-05-28 00:00:00+02:00,37.015572007779035,37.015572007779035,35.87913082744918,36.36617660522461,11941
2021-05-31 00:00:00+02:00,36.28500791655752,36.44735756180836,35.39208641595885,35.473262786865234,14686
2021-06-01 00:00:00+02:00,35.39208228896361,36.041480794242,35.229735759205575,35.5544319152832,13815
2021-06-02 00:00:00+02:00,35.63561194336821,36.122657775878906,35.47326230034402,36.122657775878906,9618
2021-06-04 00:00:00+02:00,36.12265767932984,37.015576068733466,36.12265767932984,36.85322952270508,19585
2021-06-07 00:00:00+02:00,36.77205229525712,37.74614703151172,36.77205229525712,37.42144775390625,36291
2021-06-08 00:00:00+02:00,37.74614703151172,37.74614703151172,36.77205229525712,37.42144775390625,2350
2021-06-09 00:00:00+02:00,37.25910121166532,37.50262412158852,37.25910121166532,37.42144775390625,1377
2021-06-10 00:00:00+02:00,37.50262472197163,37.50262472197163,36.93440252534624,37.09675216674805,2553
2021-06-11 00:00:00+02:00,37.17792510986328,37.17792510986328,36.69087928653374,37.17792510986328,139696
2021-06-14 00:00:00+02:00,37.17792543916802,37.17792543916802,36.77205288394443,37.09675216674805,5253
2021-06-15 00:00:00+02:00,37.0967518381623,37.17792510986328,36.85322892649753,37.17792510986328,23474
2021-06-16 00:00:00+02:00,37.177921372450605,37.34027099609375,37.01557174880746,37.34027099609375,2239
2021-06-17 00:00:00+02:00,37.0967518381623,37.34027474982707,37.0967518381623,37.17792510986328,1464
2021-06-18 00:00:00+02:00,37.25909773255293,37.42144425963456,37.096748108909786,37.34027099609375,3889
2021-06-21 00:00:00+02:00,37.42145199327041,37.66497802734375,37.09675577544289,37.66497802734375,2122
2021-06-22 00:00:00+02:00,37.664973037112325,39.531986106087075,37.664973037112325,39.2072868347168,22107
2021-06-23 00:00:00+02:00,39.53198948720541,40.749607214142564,39.53198948720541,40.01903533935547,61343
2021-06-24 00:00:00+02:00,40.18138155226589,40.18138155226589,38.31436848329114,39.2072868347168,11508
2021-06-25 00:00:00+02:00,39.12611794772242,39.36964088024658,38.720245361328125,38.720245361328125,6835
2021-06-28 00:00:00+02:00,38.72024456138936,39.613162994384766,38.72024456138936,39.613162994384766,49147
2021-06-29 00:00:00+02:00,39.85668275345999,40.343731666290154,37.90849639182469,38.557891845703125,27001
2021-06-30 00:00:00+02:00,38.55789204861256,38.55789204861256,37.74614695285229,38.15201950073242,4182
2021-07-01 00:00:00+02:00,37.989669924201976,38.476718840389246,37.989669924201976,38.314369201660156,620
2021-07-02 00:00:00+02:00,38.3143688106647,38.5578917179923,38.15201917359238,38.233192443847656,905
2021-07-05 00:00:00+02:00,38.23319639971772,38.801418639982145,38.23319639971772,38.720245361328125,4505
2021-07-06 00:00:00+02:00,38.720245361328125,38.88259501519826,38.639068986112015,38.720245361328125,1080
2021-07-07 00:00:00+02:00,38.8014186869415,38.96376834100812,38.72024540818924,38.88259506225586,749
2021-07-08 00:00:00+02:00,38.88259112092323,38.96376439144737,37.90849639182469,38.557891845703125,3160
2021-07-09 00:00:00+02:00,38.55789211147289,38.55789211147289,38.314369201660156,38.314369201660156,368
2021-07-12 00:00:00+02:00,38.15201916592516,39.12611389160156,38.15201916592516,39.12611389160156,15618
2021-07-13 00:00:00+02:00,38.963763929243086,40.18138155203193,38.963763929243086,40.1002082824707,4711
2021-07-14 00:00:00+02:00,40.10021186494916,40.58725771895177,40.10021186494916,40.50608444213867,26005
2021-07-15 00:00:00+02:00,40.50607665851752,41.398994918127066,40.4249003007412,40.911949157714844,16131
2021-07-16 00:00:00+02:00,40.91195617713719,41.399002021113745,40.91195617713719,41.23665237426758,7831
2021-07-19 00:00:00+02:00,41.398998503500366,41.398998503500366,39.61315873305664,40.26255416870117,3742
2021-07-20 00:00:00+02:00,39.69433928775964,40.50608444213867,39.69433928775964,40.50608444213867,2898
2021-07-21 00:00:00+02:00,40.34373451181043,40.74960708618164,40.26255813899899,40.74960708618164,1593
2021-07-22 00:00:00+02:00,40.58725357055664,41.236649008373206,40.424903936962075,40.58725357055664,6912
2021-07-23 00:00:00+02:00,40.58725357055664,40.74960320415121,40.424903936962075,40.58725357055664,11047
2021-07-26 00:00:00+02:00,40.749606096392945,42.21074670932647,40.58725645127546,42.048397064208984,3117
2021-07-27 00:00:00+02:00,41.8860474190915,42.37309635444396,41.23665193518348,42.048397064208984,3257
2021-07-28 00:00:00+02:00,42.04839282016243,42.86013786725653,42.04839282016243,42.69778823852539,4563
2021-07-29 00:00:00+02:00,42.69778926503558,42.69778926503558,41.39899839708504,41.723697662353516,3872
2021-07-30 00:00:00+02:00,42.90615013048705,42.90615013048705,41.38585409387335,42.14600372314453,929
2021-08-02 00:00:00+02:00,42.14600447351607,43.075073395229936,42.14600447351607,42.73722839355469,2497
2021-08-03 00:00:00+02:00,43.243995818943816,43.243995818943816,42.14600439835055,42.906150817871094,3427
2021-08-04 00:00:00+02:00,42.56830596923828,43.075070212377206,42.23046099252667,42.56830596923828,5174
2021-08-05 00:00:00+02:00,42.56830903872709,42.906150817871094,42.23046403765437,42.906150817871094,4654
2021-08-06 00:00:00+02:00,42.90614772402141,43.075070212377206,42.56830596923828,42.56830596923828,12732
2021-08-09 00:00:00+02:00,42.73723002698521,44.7642936706543,42.56831074162015,44.7642936706543,9298
2021-08-10 00:00:00+02:00,44.93321315956262,44.93321315956262,43.919681405812,44.25752639770508,6609
2021-08-11 00:00:00+02:00,44.595368167669534,44.93321315956262,43.919681405812,44.25752639770508,3572
2021-08-12 00:00:00+02:00,44.25752566725212,44.595367431640625,43.075071437070896,44.595367431640625,4632
2021-08-13 00:00:00+02:00,44.595367431640625,44.595367431640625,43.58183569461795,44.595367431640625,5385
2021-08-16 00:00:00+02:00,44.595371329946396,44.595371329946396,43.919684520175615,44.426448822021484,5109
2021-08-17 00:00:00+02:00,44.426444938482085,44.595367431640625,43.91968068093503,44.595367431640625,4889
2021-08-18 00:00:00+02:00,44.42644480235065,44.93321228027344,43.919680546356425,44.93321228027344,7484
2021-08-19 00:00:00+02:00,44.76428992479917,44.76428992479917,43.91968068093503,44.595367431640625,4527
2021-08-20 00:00:00+02:00,44.595367294991576,44.93321228027344,44.088603038997356,44.93321228027344,5298
2021-08-23 00:00:00+02:00,45.10213398110323,45.60889822820073,44.595366512077234,45.43997573852539,14027
2021-08-24 00:00:00+02:00,45.439977425473614,45.608899921420154,43.919681405812,44.25752639770508,28140
2021-08-25 00:00:00+02:00,44.25752654206735,44.595368313133804,42.2304630279541,43.919681549072266,38661
2021-08-26 00:00:00+02:00,44.08860411830833,44.08860411830833,43.24399485635579,43.75075912475586,8547
2021-08-27 00:00:00+02:00,43.91968162153209,43.91968162153209,42.90614986280332,43.75075912475586,10166
2021-08-30 00:00:00+02:00,43.75075919749654,43.75075919749654,42.73722743708265,43.58183670043945,3822
2021-08-31 00:00:00+02:00,43.075072288513184,44.08860404556981,43.075072288513184,43.919681549072266,66381
2021-09-01 00:00:00+02:00,43.919684520175615,44.426448822021484,43.919684520175615,44.426448822021484,2928
2021-09-02 00:00:00+02:00,44.426444938482085,44.595367431640625,43.91968068093503,44.595367431640625,3117
2021-09-03 00:00:00+02:00,44.595367294991576,44.93321228027344,44.595367294991576,44.93321228027344,8233
2021-09-06 00:00:00+02:00,44.93321518522054,45.777824481100886,44.76429268165871,45.60890197753906,9087
2021-09-07 00:00:00+02:00,45.60889822820073,45.60889822820073,44.595366512077234,45.43997573852539,4365
2021-09-08 00:00:00+02:00,44.764289001752566,45.43997573852539,44.764289001752566,45.43997573852539,3714
2021-09-09 00:00:00+02:00,45.43997573852539,45.43997573852539,45.10213398110323,45.43997573852539,1223
2021-09-10 00:00:00+02:00,45.102139605032754,46.96027755737305,45.102139605032754,46.96027755737305,17557
2021-09-13 00:00:00+02:00,46.284587936310686,46.284587936310686,44.764291875491075,46.115665435791016,17081
2021-09-14 00:00:00+02:00,45.94674320755139,45.94674320755139,44.764289001752566,45.43997573852539,14557
2021-09-15 00:00:00+02:00,45.102134704589844,45.43997646743135,44.42644473504972,45.102134704589844,13810
2021-09-16 00:00:00+02:00,45.102134704589844,45.102134704589844,44.088602972208214,45.102134704589844,25673
2021-09-17 00:00:00+02:00,44.42644480235065,44.93321228027344,44.088603038997356,44.93321228027344,4703
2021-09-20 00:00:00+02:00,44.08860411830833,44.257526615084565,42.73722736602708,43.75075912475586,8345
2021-09-21 00:00:00+02:00,43.075072217991384,44.76429073634399,43.075072217991384,44.08860397338867,5822
2021-09-22 00:00:00+02:00,44.426444938482085,44.595367431640625,43.91968068093503,44.595367431640625,1713
2021-09-23 00:00:00+02:00,44.25752639770508,44.595368167669534,44.08860390175854,44.25752639770508,5978
2021-09-24 00:00:00+02:00,44.25752639770508,44.25752639770508,44.08860390175854,44.25752639770508,5111
2021-09-27 00:00:00+02:00,43.91967956542969,44.42644381010555,41.38585189819336,42.23046112060547,42282
2021-09-28 00:00:00+02:00,42.2304630279541,42.2304630279541,39.95001738005885,40.54124450683594,13802
2021-09-29 00:00:00+02:00,40.54124267578125,42.23046112060547,40.1189380645752,42.23046112060547,11452
2021-09-30 00:00:00+02:00,42.39938360947359,42.73722536528133,41.301392264723546,42.23046112060547,6889
2021-10-01 00:00:00+02:00,41.55478044079763,41.97708511352539,41.38585792732073,41.97708511352539,5368
2021-10-04 00:00:00+02:00,41.470315356384496,42.06154251098633,41.21693321067765,42.06154251098633,8900
2021-10-05 00:00:00+02:00,41.385855794286904,41.89262008666992,41.385855794286904,41.89262008666992,5577
2021-10-06 00:00:00+02:00,41.892619339519264,41.892619339519264,41.04801005265856,41.301395416259766,5316
2021-10-07 00:00:00+02:00,41.132472914501875,41.47031469608891,40.7946279109861,41.301395416259766,7631
2021-10-08 00:00:00+02:00,41.38585423941564,41.80815887451172,40.794627105895394,41.80815887451172,4424
2021-10-11 00:00:00+02:00,41.80815638260141,42.737225235665605,41.554774261031945,42.56830596923828,3052
2021-10-12 00:00:00+02:00,42.23046403765437,42.906150817871094,42.23046403765437,42.906150817871094,1698
2021-10-13 00:00:00+02:00,43.0750732421875,43.24399574242496,42.90615074195004,43.0750732421875,1644
2021-10-14 00:00:00+02:00,43.0750732421875,43.0750732421875,42.737228241712586,43.0750732421875,1489
2021-10-15 00:00:00+02:00,43.075073395229936,43.075073395229936,42.0615416121329,42.73722839355469,4041
2021-10-18 00:00:00+02:00,42.56831002432881,42.56831002432881,41.892620006538834,42.06154251098633,5296
2021-10-19 00:00:00+02:00,42.14600241947883,42.14600241947883,41.04800782851074,41.3858528137207,6949
2021-10-20 00:00:00+02:00,41.301395416259766,41.301395416259766,40.96355041274399,41.301395416259766,7952
2021-10-21 00:00:00+02:00,41.30139474877969,41.554776886357196,40.87909011217429,41.470314025878906,6627
2021-10-22 00:00:00+02:00,40.96354716275088,42.56830596923828,40.96354716275088,42.56830596923828,24402
2021-10-25 00:00:00+02:00,42.737225235665605,42.90614772402141,42.23046099252667,42.56830596923828,1847
2021-10-26 00:00:00+02:00,42.73722722554941,44.08860397338867,42.568307951257054,44.08860397338867,5303
2021-10-27 00:00:00+02:00,44.08860686340755,45.102138685242096,43.75076184881976,44.7642936706543,11828
2021-10-28 00:00:00+02:00,45.102138853721115,45.102138853721115,43.5818395043258,44.426448822021484,1108
2021-10-29 00:00:00+02:00,44.426448822021484,44.93321634579621,44.25752953602543,44.426448822021484,5523
2021-11-02 00:00:00+01:00,44.76428978763251,45.271054043626734,44.76428978763251,44.93321228027344,1844
2021-11-03 00:00:00+01:00,44.7642936706543,45.27105797060715,44.7642936706543,44.7642936706543,3168
2021-11-04 00:00:00+01:00,44.76428992479917,45.10213491111625,44.595367431640625,44.595367431640625,1206
2021-11-05 00:00:00+01:00,44.7642938378713,44.7642938378713,44.426448822021484,44.426448822021484,434
2021-11-08 00:00:00+01:00,44.42644581663626,44.93321330612889,43.919681549072266,43.919681549072266,3055
2021-11-09 00:00:00+01:00,43.919681477167686,44.595368240122994,43.919681477167686,44.08860397338867,533
2021-11-10 00:00:00+01:00,44.08860419161072,44.426445963796255,43.412917425311015,43.58183670043945,1209
2021-11-12 00:00:00+01:00,43.58183662797962,43.75075912475586,42.90614986280332,43.75075912475586,2570
2021-11-15 00:00:00+01:00,43.91968162153209,44.257526615084565,43.58183662797962,43.75075912475586,1088
2021-11-16 00:00:00+01:00,44.08860686340755,44.7642936706543,42.73723002698521,44.7642936706543,17934
2021-11-17 00:00:00+01:00,44.76429080963135,44.76429080963135,43.919681549072266,43.919681549072266,5062
2021-11-18 00:00:00+01:00,43.91968162153209,44.764290883484634,43.41291735313202,43.75075912475586,8583
2021-11-19 00:00:00+01:00,43.75076111160368,44.08860612049867,41.892620006538834,42.06154251098633,2972
2021-11-22 00:00:00+01:00,42.73722778295162,42.73722778295162,41.30139460116789,41.80815887451172,1846
2021-11-23 00:00:00+01:00,41.80815977831831,41.80815977831831,40.541245845642,41.13247299194336,3911
2021-11-24 00:00:00+01:00,41.1324722497518,41.8081590239347,41.1324722497518,41.470314025878906,1546
2021-11-25 00:00:00+01:00,41.808158727484305,42.14600372314453,41.808158727484305,42.14600372314453,921
2021-11-26 00:00:00+01:00,41.80816137295334,42.14600638999118,41.132474560806536,41.21693420410156,2307
2021-11-29 00:00:00+01:00,41.38585654490003,41.72370156056872,40.79462937844426,41.554779052734375,3343
2021-11-30 00:00:00+01:00,41.55477530632568,41.80815743426887,41.21693032111572,41.3858528137207,4410
2021-12-01 00:00:00+01:00,41.216935590356286,41.63924026489258,41.216935590356286,41.63924026489258,1653
2021-12-02 00:00:00+01:00,41.5547776361688,41.63923727624239,41.13247299194336,41.13247299194336,1257
2021-12-03 00:00:00+01:00,40.794627987791515,41.38585513409288,40.794627987791515,41.13247299194336,2877
2021-12-06 00:00:00+01:00,41.38585505617434,41.38585505617434,40.96355041274399,41.301395416259766,1963
2021-12-07 00:00:00+01:00,41.30139317838249,41.80815743426887,41.30139317838249,41.3858528137207,2312
2021-12-08 00:00:00+01:00,41.723697798930665,41.723697798930665,41.30139317838249,41.3858528137207,2381
2021-12-09 00:00:00+01:00,41.3858528137207,41.639234941663894,41.04800782851074,41.3858528137207,1898
2021-12-10 00:00:00+01:00,41.47031485288795,41.639237355284536,40.96355056762695,40.96355056762695,3730
2021-12-13 00:00:00+01:00,41.30139474877969,41.723699385385096,40.9635497507239,41.470314025878906,3210
2021-12-14 00:00:00+01:00,41.554777557932226,41.554777557932226,40.96355041274399,41.301395416259766,3454
2021-12-15 00:00:00+01:00,41.048008701619786,41.048008701619786,39.78109481302746,40.710166931152344,5239
2021-12-16 00:00:00+01:00,40.71016842499645,40.96355056762695,40.28786377996937,40.96355056762695,590
2021-12-17 00:00:00+01:00,40.96355048986744,41.30139549401929,40.96355048986744,41.13247299194336,419
2021-12-20 00:00:00+01:00,41.21693263201695,41.21693263201695,40.541245845642,41.13247299194336,1170
2021-12-21 00:00:00+01:00,40.794630018183014,40.87909288438915,39.02095171292984,39.44325637817383,3316
2021-12-22 00:00:00+01:00,39.52770990093098,39.78109201645117,39.27432778541078,39.696632385253906,1341
2021-12-23 00:00:00+01:00,39.78109201645117,39.86555486957684,39.612172754056644,39.696632385253906,1091
2021-12-27 00:00:00+01:00,39.69663635373869,39.69663635373869,39.02094957082676,39.35879135131836,1385
2021-12-28 00:00:00+01:00,39.35879202386709,39.52771452796374,38.93648737458985,39.18987274169922,1766
2021-12-29 00:00:00+01:00,38.936487454197405,39.10540995863943,38.936487454197405,39.02095031738281,3020
2021-12-30 00:00:00+01:00,39.02094896638844,39.02094896638844,38.26079933368185,38.42972183227539,4068
2022-01-03 00:00:00+01:00,38.85202873828136,38.85202873828136,38.26080156961739,38.34526443481445,5826
2022-01-04 00:00:00+01:00,38.345262193942965,38.59864433086893,38.26079933368185,38.42972183227539,4364
2022-01-05 00:00:00+01:00,38.598644405801934,38.68310404429833,38.260799407958984,38.260799407958984,3625
2022-01-07 00:00:00+01:00,38.26080331450885,38.514185477797845,37.58511647176185,38.091880798339844,6611
2022-01-10 00:00:00+01:00,38.42972281809603,38.42972281809603,37.585113525390625,37.585113525390625,4224
2022-01-11 00:00:00+01:00,37.50065158397195,38.007415839730264,37.50065158397195,37.83849334716797,3659
2022-01-12 00:00:00+01:00,37.92295837402344,38.09187765432121,37.75403587179692,37.92295837402344,18745
2022-01-13 00:00:00+01:00,38.00741809260532,38.00741809260532,37.75403594970703,37.75403594970703,3463
2022-01-14 00:00:00+01:00,37.92295701454996,37.92295701454996,37.331729888916016,37.331729888916016,3954
2022-01-17 00:00:00+01:00,37.416192583551286,37.838497247523485,37.416192583551286,37.66957473754883,4371
2022-01-18 00:00:00+01:00,37.83849559003021,38.091877732928495,37.75403594970703,37.75403594970703,1623
2022-01-19 00:00:00+01:00,37.92296011347526,37.92296011347526,37.58511509352594,37.66957473754883,1708
2022-01-20 00:00:00+01:00,37.92296257521563,37.92296257521563,37.24727249145508,37.24727249145508,2948
2022-01-21 00:00:00+01:00,37.50065788382983,37.50065788382983,37.16281284194956,37.24727249145508,2305
2022-01-24 00:00:00+01:00,37.247266607095405,37.247266607095405,35.64251096650773,35.89589309692383,9775
2022-01-25 00:00:00+01:00,35.89589309692383,36.14927522733993,35.64251096650773,35.89589309692383,7207
2022-01-26 00:00:00+01:00,35.98035423210716,36.48712173598099,35.811434952744605,36.14927673339844,8200
2022-01-27 00:00:00+01:00,36.14927658087416,36.48712158203125,35.89589444097069,36.48712158203125,1494
2022-01-28 00:00:00+01:00,36.14927486540218,37.83849334716797,36.064815230085316,37.83849334716797,4580
2022-01-31 00:00:00+01:00,37.83849551194581,37.92295837402344,37.75403587179692,37.92295837402344,8555
2022-02-01 00:00:00+01:00,37.922956204413396,37.922956204413396,37.83849334716797,37.83849334716797,1359
2022-02-02 00:00:00+01:00,37.92295837402344,37.92295837402344,37.75403587179692,37.92295837402344,5617
2022-02-03 00:00:00+01:00,37.83849408299832,37.83849408299832,37.50065231323242,37.50065231323242,958
2022-02-04 00:00:00+01:00,37.585113525390625,37.75403602831746,37.50065388489159,37.585113525390625,1130
2022-02-07 00:00:00+01:00,37.585113447131924,37.83849559003021,37.50065380680875,37.75403594970703,1516
2022-02-08 00:00:00+01:00,37.66957158715106,37.754034446039,37.416189454344476,37.50065231323242,1369
2022-02-09 00:00:00+01:00,37.58510823683305,37.66956786544787,36.993881170744395,37.162803649902344,1652
2022-02-10 00:00:00+01:00,37.33173010744607,37.41618974506162,36.8249626159668,36.8249626159668,4328
2022-02-11 00:00:00+01:00,36.74050290600682,36.9938850402832,36.571580409179674,36.9938850402832,424
2022-02-14 00:00:00+01:00,36.824959570660425,36.824959570660425,35.89589074600575,36.31819534301758,2137
2022-02-15 00:00:00+01:00,36.064813229196155,36.31819534301758,36.064813229196155,36.31819534301758,2328
2022-02-16 00:00:00+01:00,35.98035571026,36.487123234952975,35.98035571026,36.40266036987305,2160
2022-02-17 00:00:00+01:00,36.48712173598099,36.57158137566227,36.06481709371716,36.14927673339844,1330
2022-02-18 00:00:00+01:00,36.318199081452704,36.48712158203125,36.318199081452704,36.48712158203125,161
2022-02-21 00:00:00+01:00,36.31819869811277,36.31819869811277,34.29113515642337,35.05128479003906,6026
2022-02-22 00:00:00+01:00,35.05128155198208,36.31819534301758,34.62897695497025,36.31819534301758,2341
2022-02-23 00:00:00+01:00,36.23373801516625,36.23373801516625,35.47358840346346,36.064815521240234,768
2022-02-24 00:00:00+01:00,35.05128690707543,35.05128690707543,33.193145751953125,33.193145751953125,3589
2022-02-25 00:00:00+01:00,33.78436577029345,35.642506532045225,33.78436577029345,34.62897491455078,3637
2022-02-28 00:00:00+01:00,34.54451528889633,34.62897491455078,34.54451528889633,34.62897491455078,3188
2022-03-01 00:00:00+01:00,34.54451896086263,34.96682357788086,34.29113361310886,34.96682357788086,1522
2022-03-02 00:00:00+01:00,34.6289795364161,34.6289795364161,34.122215270996094,34.122215270996094,942
2022-03-03 00:00:00+01:00,34.206671190261844,34.2911308180097,33.61544413024203,33.784366607666016,2894
2022-03-04 00:00:00+01:00,33.699909340081106,33.699909340081106,32.939759749400466,33.362064361572266,1855
2022-03-07 00:00:00+01:00,33.36206930896708,33.36206930896708,31.92623277027131,32.34853744506836,3099
2022-03-08 00:00:00+01:00,32.26407788910495,32.34853753552895,32.17961502075195,32.17961502075195,12560
2022-03-09 00:00:00+01:00,32.09515143060065,32.93976067877435,32.09515143060065,32.5174560546875,1313
2022-03-10 00:00:00+01:00,32.939762115478516,33.27760711825491,32.60191711270212,32.939762115478516,2235
2022-03-11 00:00:00+01:00,32.93976053900788,32.93976053900788,32.60191555240047,32.85530090332031,5191
2022-03-14 00:00:00+01:00,33.02422183287596,33.02422183287596,32.60191718937663,32.77083969116211,926
2022-03-15 00:00:00+01:00,32.85530247574878,32.939762115478516,32.68637997436058,32.939762115478516,1122
2022-03-16 00:00:00+01:00,32.939762115478516,33.10868461686672,32.85530247574878,32.939762115478516,1931
2022-03-17 00:00:00+01:00,33.024220174695444,33.10868303231158,32.85530090332031,32.85530090332031,2945
2022-03-18 00:00:00+01:00,32.85530090332031,33.024220174695444,32.68637841001661,32.85530090332031,3969
2022-03-21 00:00:00+01:00,32.77083659222388,32.77083659222388,32.4329948425293,32.4329948425293,2504
2022-03-22 00:00:00+01:00,32.43299790951989,32.77083969116211,32.43299790951989,32.77083969116211,2648
2022-03-23 00:00:00+01:00,32.68638144688744,33.78437292248234,32.68638144688744,33.193145751953125,25288
2022-03-24 00:00:00+01:00,33.024221602238356,33.27760696411133,33.024221602238356,33.27760696411133,1874
2022-03-25 00:00:00+01:00,33.19314035489956,33.36206283643172,33.108680725097656,33.108680725097656,2509
2022-03-28 00:00:00+02:00,33.10868410871179,35.47358942606363,33.02422124834967,35.05128479003906,9615
2022-03-29 00:00:00+02:00,35.13574834589953,35.30467086352895,34.79790653256973,34.88236618041992,4586
2022-03-30 00:00:00+02:00,35.30466850855884,36.06481817622152,35.05128635998089,35.135746002197266,10665
2022-03-31 00:00:00+02:00,35.0512824285598,35.47358703613281,35.0512824285598,35.47358703613281,1672
2022-04-01 00:00:00+02:00,35.304666927268066,35.38912978763019,35.05128479003906,35.05128479003906,4519
2022-04-04 00:00:00+02:00,35.55804936583582,36.82496328464605,35.22020758731031,36.656044006347656,9605
2022-04-05 00:00:00+02:00,36.909425475511,37.585112242221385,36.14927584925641,36.8249626159668,5440
2022-04-06 00:00:00+02:00,36.824964944990114,36.824964944990114,36.149278135545394,36.57158279418945,3957
2022-04-07 00:00:00+02:00,36.57158122135616,36.57158122135616,36.14927658087416,36.48712158203125,728
2022-04-08 00:00:00+02:00,36.48712181404002,36.48712181404002,35.55804966591474,35.98035430908203,1565
2022-04-11 00:00:00+02:00,36.14927515723895,36.14927515723895,35.30466590953744,36.064815521240234,5899
2022-04-12 00:00:00+02:00,36.57158238838805,36.824964536377166,35.30466842651367,35.30466842651367,8378
2022-04-13 00:00:00+02:00,35.30466677866527,35.98035354907477,35.30466677866527,35.389129638671875,4463
2022-04-14 00:00:00+02:00,35.72697148774184,35.72697148774184,34.544520442530754,35.22020721435547,4089
2022-04-19 00:00:00+02:00,35.22021121567876,35.38913373330818,34.79790653256973,34.88236618041992,646
2022-04-20 00:00:00+02:00,35.05128869804934,35.05128869804934,34.628984014940315,34.88236618041992,1544
2022-04-21 00:00:00+02:00,34.882360788359,35.1357429146712,34.62897866204681,34.79790115356445,2228
2022-04-22 00:00:00+02:00,34.71343690069985,34.966822238749664,34.20667266845703,34.20667266845703,2311
2022-04-25 00:00:00+02:00,34.20667266845703,34.291132299854695,33.4465230981644,34.20667266845703,4899
2022-04-26 00:00:00+02:00,33.95329449766203,34.037754138873794,33.868831634521484,33.868831634521484,1352
2022-04-27 00:00:00+02:00,33.69991327894768,33.69991327894768,32.26407678535641,33.193145751953125,4397
2022-04-28 00:00:00+02:00,33.277604663462,34.037751030742,33.10868217453473,33.53098678588867,1994
2022-04-29 00:00:00+02:00,33.53098843330812,33.868830205832765,33.44652557373047,33.44652557373047,1482
2022-05-02 00:00:00+02:00,33.277608702748175,33.277608702748175,33.02422332763672,33.02422332763672,526
2022-05-04 00:00:00+02:00,33.10868317279481,33.10868317279481,32.09515143060065,32.5174560546875,2117
2022-05-05 00:00:00+02:00,32.43299738252147,32.85530201915884,31.672847747802734,31.672847747802734,9983
2022-05-06 00:00:00+02:00,31.67284874066915,31.75730838187275,30.82823944091797,30.82823944091797,5172
2022-05-09 00:00:00+02:00,30.405932399204797,30.659314524812466,29.392400674845597,29.561323165893555,10132
2022-05-10 00:00:00+02:00,29.645782357793774,32.5174549969447,29.645782357793774,31.841768264770508,2728
2022-05-11 00:00:00+02:00,32.43299768301133,33.78437124399984,32.43299768301133,33.27760696411133,2657
2022-05-12 00:00:00+02:00,33.27760711825491,33.36206675798465,32.26407533185444,32.939762115478516,2217
2022-05-13 00:00:00+02:00,32.93976053900788,33.024220174695444,31.672846672122958,32.85530090332031,1571
2022-05-16 00:00:00+02:00,32.93976227121945,33.108684773406324,32.34853512452976,32.6019172668457,2700
2022-05-17 00:00:00+02:00,32.43299790951989,32.77083969116211,32.43299790951989,32.77083969116211,2375
2022-05-18 00:00:00+02:00,32.60191410641237,32.60191410641237,32.4329948425293,32.4329948425293,3724
2022-05-19 00:00:00+02:00,32.095149870906276,32.4329948425293,31.84176775315323,32.4329948425293,1168
2022-05-20 00:00:00+02:00,32.4329948425293,32.4329948425293,32.26407235671779,32.4329948425293,843
2022-05-23 00:00:00+02:00,32.348531988659325,32.77083659222388,31.92622738509477,32.4329948425293,2434
2022-05-24 00:00:00+02:00,32.095155284575924,32.433000313185154,31.92623277027131,32.34853744506836,1178
2022-05-25 00:00:00+02:00,32.51745447447083,32.686376960282345,32.348531988659325,32.4329948425293,1197
2022-05-26 00:00:00+02:00,32.432996418641565,32.5174560546875,32.179611066646586,32.5174560546875,236
2022-05-27 00:00:00+02:00,32.0106902999769,32.26407241821289,31.757304959812465,32.26407241821289,1077
2022-05-30 00:00:00+02:00,32.43300040388194,32.43300040388194,32.095155374327945,32.17961502075195,3574
2022-05-31 00:00:00+02:00,32.17960950284782,32.4329948425293,31.92622738509477,32.4329948425293,1005
2022-06-01 00:00:00+02:00,31.841769912209344,32.095152047143166,30.99716064781084,31.757307052612305,5038
2022-06-02 00:00:00+02:00,31.841768264770508,32.010690753296174,31.588386142946245,31.841768264770508,745
2022-06-03 00:00:00+02:00,31.84177225017189,31.84177225017189,31.503927230834964,31.50392723083496,447
2022-06-06 00:00:00+02:00,31.841768264770508,31.841768264770508,31.419463654420575,31.841768264770508,631
2022-06-07 00:00:00+02:00,31.84176775315323,32.60191410641237,31.84176775315323,32.4329948425293,7487
2022-06-08 00:00:00+02:00,32.43299798658757,32.77083976903258,32.43299798658757,32.6019172668457,2830
2022-06-09 00:00:00+02:00,32.6019172668457,32.6019172668457,32.2640754844007,32.6019172668457,161
2022-06-10 00:00:00+02:00,32.6019172668457,32.68638012890351,32.095152982213826,32.6019172668457,1358
2022-06-13 00:00:00+02:00,32.601919605560795,32.601919605560795,32.34853744506836,32.34853744506836,1707
2022-06-14 00:00:00+02:00,32.51745995937298,32.51745995937298,32.095155284575924,32.34853744506836,923
2022-06-15 00:00:00+02:00,32.4329948425293,32.4329948425293,32.4329948425293,32.4329948425293,310
2022-06-17 00:00:00+02:00,32.348531988659325,32.4329948425293,32.095149870906276,32.4329948425293,1004
2022-06-20 00:00:00+02:00,32.43299496681414,32.43299496681414,32.095149993896484,32.095149993896484,1469
2022-06-21 00:00:00+02:00,32.2640754844007,32.6019172668457,31.92623048002695,32.6019172668457,2989
2022-06-22 00:00:00+02:00,32.770837196680176,33.699909274815944,32.770837196680176,33.53098678588867,3175
2022-06-23 00:00:00+02:00,33.530983671401884,34.62897491455078,33.530983671401884,34.62897491455078,4975
2022-06-24 00:00:00+02:00,34.6289778209868,35.72696915629093,34.20667321341379,35.47358703613281,10139
2022-06-27 00:00:00+02:00,35.55804891482775,36.31819854524386,35.13574428058073,35.389129638671875,11026
2022-06-28 00:00:00+02:00,35.38913062379238,35.72697240743724,34.29113596664252,34.54452133178711,2527
2022-06-29 00:00:00+02:00,36.45859398009812,36.45859398009812,34.63566428109322,35.91171646118164,4916
2022-06-30 00:00:00+02:00,35.911718676093074,35.911718676093074,34.726811517088905,35.364837646484375,431
2022-07-01 00:00:00+02:00,35.00025552922216,35.82057189941406,35.00025552922216,35.82057189941406,5288
2022-07-04 00:00:00+02:00,35.45598751281739,35.54713261591924,34.63566767704951,35.091400146484375,4786
2022-07-05 00:00:00+02:00,35.09140165199427,35.09140165199427,34.17993667402039,34.72681427001953,6278
2022-07-06 00:00:00+02:00,34.81795718633349,35.27368960113638,34.27107620239258,34.27107620239258,5266
2022-07-07 00:00:00+02:00,34.81795810390186,35.09139686459713,34.72680953236178,35.00025177001953,5685
2022-07-08 00:00:00+02:00,34.90910227850911,34.90910227850911,32.99502752712191,34.27107620239258,2019
2022-07-11 00:00:00+02:00,34.271079078388446,34.54452133178711,33.7242015255165,34.54452133178711,575
2022-07-12 00:00:00+02:00,34.27107620239258,34.36222477153059,34.27107620239258,34.27107620239258,265
2022-07-13 00:00:00+02:00,34.54452282429751,35.091400400797525,34.08879035155987,34.179935455322266,1447
2022-07-14 00:00:00+02:00,34.7268117333481,34.81796031066518,34.088789076942064,34.453372955322266,223
2022-07-15 00:00:00+02:00,34.453369863706214,34.453369863706214,33.72419869541407,34.27107620239258,752
2022-07-18 00:00:00+02:00,34.179935455322266,34.27108055908466,34.179935455322266,34.179935455322266,467
2022-07-19 00:00:00+02:00,34.17993310809825,34.17993310809825,33.724200666656934,33.815345764160156,275
2022-07-20 00:00:00+02:00,33.724200666656934,33.9976394361292,33.63305556915371,33.815345764160156,1581
2022-07-21 00:00:00+02:00,33.81534706957553,33.81534706957553,32.63044337147835,32.72159194946289,2584
2022-07-22 00:00:00+02:00,32.72159022087098,32.72159022087098,31.53668310840646,31.81012535095215,7788
2022-07-25 00:00:00+02:00,31.99241897160444,32.26586124345161,31.445541381835938,31.445541381835938,1961
2022-07-26 00:00:00+02:00,31.44553958668428,31.44553958668428,30.078342213350183,30.98980712890625,1511
2022-07-27 00:00:00+02:00,30.98980712890625,31.172100807410004,30.534074671128216,30.98980712890625,810
2022-07-28 00:00:00+02:00,30.625220306131688,30.989807669499143,30.625220306131688,30.898662567138672,1617
2022-07-29 00:00:00+02:00,30.898662141672382,30.898662141672382,30.534074783325195,30.534074783325195,2134
2022-08-01 00:00:00+02:00,31.08095201105295,31.90127182006836,30.989806910923548,31.90127182006836,1942
2022-08-02 00:00:00+02:00,31.71898017672019,31.901273865630664,31.445541381835938,31.445541381835938,489
2022-08-03 00:00:00+02:00,31.445541381835938,31.810128759656887,31.263247692925464,31.445541381835938,1387
2022-08-04 00:00:00+02:00,31.62783354771528,32.63044357299805,31.62783354771528,32.63044357299805,827
2022-08-05 00:00:00+02:00,32.63044562527778,32.63044562527778,31.901274335850925,32.174713134765625,1034
2022-08-08 00:00:00+02:00,32.265859490428376,33.1773244084974,32.265859490428376,32.72159194946289,597
2022-08-09 00:00:00+02:00,32.72159215154551,32.99503093326238,32.63044357299805,32.63044357299805,342
2022-08-10 00:00:00+02:00,32.63044048293755,32.63044048293755,31.627830552600646,32.44814682006836,1234
2022-08-11 00:00:00+02:00,32.448151178193164,32.448151178193164,31.627834800548413,32.35700607299805,917
2022-08-12 00:00:00+02:00,31.901272858664612,32.53929901123047,31.901272858664612,32.53929901123047,1624
2022-08-16 00:00:00+02:00,32.539299497598535,33.45076445004128,32.265860707258284,33.268470764160156,2760
2022-08-17 00:00:00+02:00,33.45076370239258,33.45076370239258,32.99503123635716,33.45076370239258,114
2022-08-18 00:00:00+02:00,33.26846748316555,33.26846748316555,32.81273505188931,33.17732238769531,1015
2022-08-19 00:00:00+02:00,33.17732386325143,33.17732386325143,32.81273651123047,32.81273651123047,1819
2022-08-22 00:00:00+02:00,32.448149692472,32.99503072949105,32.35700459145019,32.72159194946289,199
2022-08-23 00:00:00+02:00,32.81273651123047,32.81273651123047,32.44814915920951,32.81273651123047,99
2022-08-24 00:00:00+02:00,32.81273725313021,32.81273725313021,32.35700479128118,32.63044357299805,808
2022-08-25 00:00:00+02:00,32.81273651123047,33.17732386325143,32.63044283521999,32.81273651123047,19312
2022-08-26 00:00:00+02:00,32.81273931687524,32.81273931687524,32.08356802744838,32.174713134765625,443
2022-08-29 00:00:00+02:00,31.90127044715901,31.90127044715901,31.172099246616458,31.81012535095215,1039
2022-08-30 00:00:00+02:00,31.81012554822197,31.81012554822197,31.35439311043634,31.718976974487305,410
2022-08-31 00:00:00+02:00,31.536686487809718,31.536686487809718,31.172102586951688,31.445541381835938,542
2022-09-01 00:00:00+02:00,31.445536188944608,31.445536188944608,30.98980378040918,31.35439109802246,1323
2022-09-02 00:00:00+02:00,31.26324253013797,31.35439109802246,30.98980378040918,31.35439109802246,605
2022-09-05 00:00:00+02:00,31.354395531674108,31.62783432006836,30.98980816250654,31.62783432006836,522
2022-09-06 00:00:00+02:00,31.62783069924467,31.62783069924467,30.989804614725482,31.53668212890625,201
2022-09-07 00:00:00+02:00,31.536682008868695,31.536682008868695,30.989804496769498,31.17209815979004,789
2022-09-08 00:00:00+02:00,30.98980712890625,31.536684687454798,30.898662028135732,30.98980712890625,274
2022-09-09 00:00:00+02:00,30.98980378040918,31.53668127986676,30.898658689487032,31.35439109802246,682
2022-09-12 00:00:00+02:00,31.627833042717455,31.90127182006836,31.627833042717455,31.90127182006836,220
2022-09-13 00:00:00+02:00,31.445541381835938,31.810128759656887,31.445541381835938,31.445541381835938,226
2022-09-14 00:00:00+02:00,31.445541381835938,31.810128759656887,31.263247692925464,31.445541381835938,270
2022-09-15 00:00:00+02:00,31.35439627586216,31.445541381835938,31.172102586951688,31.445541381835938,218
2022-09-16 00:00:00+02:00,31.17209815979004,31.35439182281058,30.989804496769498,31.17209815979004,339
2022-09-19 00:00:00+02:00,31.35439109802246,31.445536188944608,30.98980378040918,31.35439109802246,412
2022-09-20 00:00:00+02:00,31.44553820720844,31.718976974487305,31.080950866194907,31.718976974487305,426
2022-09-21 00:00:00+02:00,31.718976974487305,31.718976974487305,31.718976974487305,31.718976974487305,23
2022-09-22 00:00:00+02:00,31.62783271670114,31.62783271670114,31.080951690673828,31.080951690673828,943
2022-09-23 00:00:00+02:00,31.080951690673828,31.080951690673828,30.716367816951614,31.080951690673828,322
2022-09-26 00:00:00+02:00,31.080951594147567,31.080951594147567,30.078341598321895,30.716367721557617,1467
2022-09-27 00:00:00+02:00,30.16948689366602,30.71636792155573,30.16948689366602,30.625219345092773,176
2022-09-28 00:00:00+02:00,30.53407628311555,30.53407628311555,30.16948890686035,30.16948890686035,382
2022-09-29 00:00:00+02:00,30.169487424978012,30.534074783325195,29.622609864419967,30.534074783325195,427
2022-09-30 00:00:00+02:00,30.26063674176233,30.351781845092773,29.713755690891208,30.351781845092773,831
2022-10-03 00:00:00+02:00,30.53407628311555,30.53407628311555,29.62261131944046,30.16948890686035,1036
2022-10-04 00:00:00+02:00,30.16948816146907,30.351781845092773,30.16948816146907,30.351781845092773,115
2022-10-05 00:00:00+02:00,30.442929682219766,30.534074783325195,30.442929682219766,30.534074783325195,136
2022-10-06 00:00:00+02:00,30.534074245592493,30.71636792155573,30.078341794165738,30.625219345092773,133
2022-10-07 00:00:00+02:00,30.625217287296675,31.53668212890625,30.625217287296675,31.53668212890625,477
2022-10-10 00:00:00+02:00,31.44553703553027,31.53668212890625,31.080949708101464,31.53668212890625,184
2022-10-11 00:00:00+02:00,31.53668127986676,31.53668127986676,30.98980378040918,31.35439109802246,456
2022-10-12 00:00:00+02:00,31.35439109802246,31.35439109802246,31.26324253013797,31.35439109802246,277
2022-10-13 00:00:00+02:00,31.44553958668428,31.536684687454798,30.98980712890625,30.98980712890625,189
2022-10-14 00:00:00+02:00,30.989808898041215,31.445541381835938,30.989808898041215,31.445541381835938,255
2022-10-17 00:00:00+02:00,31.445536188944608,31.53668127986676,31.080948871331326,31.35439109802246,50
2022-10-18 00:00:00+02:00,31.35439182281058,31.536682008868695,31.17209815979004,31.17209815979004,330
2022-10-19 00:00:00+02:00,31.35439627586216,31.445541381835938,30.989808898041215,31.445541381835938,310
2022-10-20 00:00:00+02:00,31.536684687454798,31.901272044462313,30.98980712890625,30.98980712890625,1945
2022-10-21 00:00:00+02:00,31.080952771859618,31.080952771859618,30.898662567138672,30.898662567138672,418
2022-10-24 00:00:00+02:00,30.898661396333917,30.898661396333917,30.53407404678132,30.716367721557617,164
2022-10-25 00:00:00+02:00,30.716368349631974,30.98980712890625,30.716368349631974,30.98980712890625,968
2022-10-26 00:00:00+02:00,30.98980712890625,30.98980712890625,30.98980712890625,30.98980712890625,1583
2022-10-27 00:00:00+02:00,30.989805954923142,30.989805954923142,30.807512283325195,30.807512283325195,1055
2022-10-28 00:00:00+02:00,30.807510833748957,31.17209815979004,30.716365740719898,31.17209815979004,1565
2022-10-31 00:00:00+01:00,31.17209815979004,31.17209815979004,30.534072077699356,31.17209815979004,583
2022-11-02 00:00:00+01:00,31.172097439215822,31.445536188944608,30.80751012160254,31.35439109802246,710
2022-11-03 00:00:00+01:00,31.263244342823324,31.90127044715901,31.263244342823324,31.81012535095215,369
2022-11-04 00:00:00+01:00,32.17470895271007,33.17732238769531,32.17470895271007,33.17732238769531,2032
2022-11-07 00:00:00+01:00,33.268466418676596,33.541905173300634,32.90387909453627,33.35961151123047,2270
2022-11-08 00:00:00+01:00,33.4507629628485,33.99764051921529,33.17732418466511,33.633056640625,1497
2022-11-09 00:00:00+01:00,33.906494338625976,33.906494338625976,33.63305556915371,33.815345764160156,986
2022-11-10 00:00:00+01:00,33.90649562189691,33.90649562189691,33.08617580547058,33.541908264160156,744
2022-11-14 00:00:00+01:00,33.63305481897155,33.815345009912036,33.17732238769531,33.17732238769531,1114
2022-11-15 00:00:00+01:00,33.45076370239258,33.45076370239258,33.17732491816388,33.45076370239258,536
2022-11-16 00:00:00+01:00,33.45076370239258,33.45076370239258,32.721592452128455,33.45076370239258,965
2022-11-17 00:00:00+01:00,32.81273702564938,33.541908264160156,32.81273702564938,33.541908264160156,214
2022-11-18 00:00:00+01:00,33.35961458529178,33.541908264160156,33.35961458529178,33.541908264160156,210
2022-11-21 00:00:00+01:00,33.26846731589956,34.27107726888139,33.26846731589956,34.08878707885742,919
2022-11-22 00:00:00+01:00,33.906494338625976,33.906494338625976,33.35961332271885,33.815345764160156,732
2022-11-23 00:00:00+01:00,33.90649562189691,33.99764072284973,33.541908264160156,33.541908264160156,1433
2022-11-24 00:00:00+01:00,33.72419883537079,33.72419883537079,33.35961151123047,33.35961151123047,3052
2022-11-25 00:00:00+01:00,33.72420273817979,35.54713261591924,33.72420273817979,35.091400146484375,76392
2022-11-28 00:00:00+01:00,35.45598548682308,35.820569355360554,35.09139814132299,35.5471305847168,3528
2022-11-29 00:00:00+01:00,35.45598548682308,35.5471305847168,34.81795937067923,35.5471305847168,1626
2022-11-30 00:00:00+01:00,35.36483815965107,36.09400939941406,35.18254448046964,36.09400939941406,3452
2022-12-01 00:00:00+01:00,35.45598673772315,36.09400939941406,35.45598673772315,36.09400939941406,841
2022-12-02 00:00:00+01:00,35.82056773602483,37.096619910626195,35.82056773602483,36.82318115234375,2125
2022-12-05 00:00:00+01:00,37.8257932761093,39.192990623438554,37.370060826999556,38.919551849365234,22049
2022-12-06 00:00:00+01:00,38.919551849365234,39.192990623438554,38.919551849365234,38.919551849365234,3383
2022-12-07 00:00:00+01:00,38.91955258963657,39.10184626814033,38.55496523262905,38.73725891113281,1953
2022-12-08 00:00:00+01:00,39.01069714887361,39.192990824846824,38.82840347290039,38.82840347290039,4724
2022-12-09 00:00:00+01:00,38.82840201114426,39.192989349365234,38.82840201114426,39.192989349365234,5846
2022-12-12 00:00:00+01:00,39.192991680620196,39.64872414202276,39.192991680620196,39.557579040527344,2612
2022-12-13 00:00:00+01:00,39.55757850204024,39.831017279766975,39.19299114709613,39.64872360229492,1446
2022-12-14 00:00:00+01:00,39.4664306640625,39.4664306640625,39.10184677925212,39.4664306640625,903
2022-12-15 00:00:00+01:00,39.55757687092825,39.55757687092825,37.552353455344154,38.281524658203125,1921
2022-12-16 00:00:00+01:00,38.37266975469954,38.46381832815851,38.281524658203125,38.281524658203125,377
2022-12-19 00:00:00+01:00,38.28152539342717,38.28152539342717,37.91693804651424,38.0992317199707,257
2022-12-20 00:00:00+01:00,38.28152539342717,38.28152539342717,37.82579294826732,38.0992317199707,1237
2022-12-21 00:00:00+01:00,38.09923532729311,38.19038391113281,38.09923532729311,38.19038391113281,2084
2022-12-22 00:00:00+01:00,38.19038282609358,38.55496672020521,38.09923424484353,38.37267303466797,1508
2022-12-23 00:00:00+01:00,38.46382013185853,38.73725891113281,38.28152645335478,38.73725891113281,933
2022-12-27 00:00:00+01:00,38.00808589175133,38.281524658203125,37.643498551840565,38.281524658203125,2668
2022-12-28 00:00:00+01:00,38.46382242792665,39.10184860229492,37.91694135976974,39.10184860229492,2807
2022-12-29 00:00:00+01:00,39.1929891759699,40.104454040527344,39.101844080299166,40.104454040527344,4608
2022-12-30 00:00:00+01:00,40.104454040527344,40.104454040527344,38.919550411995175,40.104454040527344,4722
2023-01-02 00:00:00+01:00,39.648723915075216,40.83362761254699,39.55757881410152,40.46904373168945,799
2023-01-03 00:00:00+01:00,40.37789692391356,41.38051046339235,40.37789692391356,40.92477798461914,2487
2023-01-04 00:00:00+01:00,40.3778946169703,40.92477564643048,40.3778946169703,40.56018829345703,1263
2023-01-05 00:00:00+01:00,40.5601908808405,40.5601908808405,39.73987102280239,40.01331329345703,1387
2023-01-09 00:00:00+01:00,39.28413772583008,39.55757999081066,38.73726014979458,39.28413772583008,2943
2023-01-10 00:00:00+01:00,39.73986924351817,40.013311501929905,39.28413678211561,39.557579040527344,1977
2023-01-11 00:00:00+01:00,39.55757742871027,40.28674864185093,39.01069641113281,39.01069641113281,5950
2023-01-12 00:00:00+01:00,38.91955333690813,39.101847018912004,36.73203610678725,38.55496597290039,6589
2023-01-13 00:00:00+01:00,38.646113810362294,39.010697690407085,38.55496523262905,38.73725891113281,739
2023-01-16 00:00:00+01:00,38.82840432071305,39.922162923471745,38.82840432071305,39.557579040527344,1757
2023-01-17 00:00:00+01:00,39.64872414202276,39.922162923471745,39.192991680620196,39.557579040527344,1219
2023-01-18 00:00:00+01:00,39.55757850204024,39.7398687025496,39.01069746962407,39.64872360229492,1052
2023-01-19 00:00:00+01:00,39.648724344949066,39.648724344949066,38.91955309836555,39.4664306640625,1049
2023-01-20 00:00:00+01:00,39.466429397511874,39.557577973511414,38.919551849365234,38.919551849365234,800
2023-01-23 00:00:00+01:00,39.46642919234975,39.831016540527344,38.828403071520285,39.831016540527344,2552
2023-01-24 00:00:00+01:00,39.922163630699195,40.469044680248,39.922163630699195,40.19560241699219,1338
2023-01-25 00:00:00+01:00,40.46904286407019,40.46904286407019,39.7398681640625,39.7398681640625,723
2023-01-26 00:00:00+01:00,39.7398687025496,40.19560115774839,39.64872360229492,39.64872360229492,510
2023-01-27 00:00:00+01:00,39.64872414202276,40.195601704920726,38.82840432071305,39.557579040527344,2234
2023-01-30 00:00:00+01:00,39.64872104770659,39.64872104770659,39.19298862187088,39.375282287597656,509
2023-01-31 00:00:00+01:00,39.3752850474146,39.46643014818512,38.46382013185853,38.73725891113281,1267
2023-02-01 00:00:00+01:00,38.28152392994806,38.828401452448034,38.28152392994806,38.46381759643555,1311
2023-02-02 00:00:00+01:00,38.64611611731229,39.10184860229492,38.46382242792665,39.10184860229492,493
2023-02-03 00:00:00+01:00,39.101843527488725,39.466427381979805,39.101843527488725,39.375282287597656,9222
2023-02-06 00:00:00+01:00,39.73986653591855,41.83623849710825,39.375282677814376,41.01591873168945,44502
2023-02-07 00:00:00+01:00,41.28935823194866,42.7477041212994,40.83362579345703,40.83362579345703,13340
2023-02-08 00:00:00+01:00,41.47165447232247,41.47165447232247,40.65133464142548,41.1070671081543,2084
2023-02-09 00:00:00+01:00,41.19821474493891,42.10967965753949,40.92477596655127,41.38050842285156,6578
2023-02-10 00:00:00+01:00,41.74509197517672,41.92738565166345,39.46642971149936,40.56018829345703,11389
2023-02-13 00:00:00+01:00,40.65133285522461,41.10706530192875,40.28674898403887,40.65133285522461,617
2023-02-14 00:00:00+01:00,40.83362652929879,40.83362652929879,40.10445530996469,40.65133285522461,1252
2023-02-15 00:00:00+01:00,40.651333393219055,40.83362706970578,40.56018829345703,40.56018829345703,466
2023-02-16 00:00:00+01:00,40.92477363640403,41.01591873168945,40.74247996887069,41.01591873168945,1740
2023-02-17 00:00:00+01:00,40.65133646277943,40.74248504638672,40.013313762343174,40.74248504638672,1130
2023-02-20 00:00:00+01:00,40.651333393219055,40.74248196994375,40.01331074095954,40.56018829345703,1724
2023-02-21 00:00:00+01:00,40.651332858482974,40.651332858482974,37.734647980912776,39.831016540527344,10526
2023-02-22 00:00:00+01:00,39.28413444543921,39.46642811454969,38.73725691507029,39.192989349365234,1338
2023-02-23 00:00:00+01:00,39.01069622106918,39.92216110229492,39.01069622106918,39.92216110229492,1552
2023-02-24 00:00:00+01:00,40.013308379160144,40.10445347354229,39.375282287597656,39.375282287597656,1161
2023-02-27 00:00:00+01:00,39.375282287597656,39.92215980781552,38.91954986176195,39.375282287597656,1257
2023-02-28 00:00:00+01:00,39.46642885396605,39.648722526491866,37.916937852940514,39.01069641113281,2596
2023-03-01 00:00:00+01:00,39.10184552440167,39.466429397511874,38.828403273365694,38.919551849365234,8748
2023-03-02 00:00:00+01:00,39.19298989270685,40.01330967659505,38.919551123731644,39.92216110229492,940
2023-03-03 00:00:00+01:00,40.104456573976414,40.560189035044324,40.013311472547926,40.37789535522461,1513
2023-03-06 00:00:00+01:00,40.46904319369501,40.83362706970578,40.3778946169703,40.56018829345703,2192
2023-03-07 00:00:00+01:00,40.651331941715405,41.74509048461914,40.651331941715405,41.74509048461914,10066
2023-03-08 00:00:00+01:00,41.74509484357363,41.74509484357363,41.380510942511506,41.65394973754883,2982
2023-03-09 00:00:00+01:00,41.653947949101735,41.836241630287326,41.01592180343355,41.19821548461914,3198
2023-03-10 00:00:00+01:00,40.9247743673329,41.015919464246196,39.73986724568462,40.83362579345703,8325
2023-03-13 00:00:00+01:00,40.377895896106445,40.46904447571866,39.37528585911168,40.28675079345703,1874
2023-03-14 00:00:00+01:00,40.286748445570254,40.56018721454546,39.831016004957384,39.92216110229492,2921
2023-03-15 00:00:00+01:00,39.92215980781552,39.92215980781552,39.19298862187088,39.375282287597656,1877
2023-03-16 00:00:00+01:00,38.463820668319,39.192991915541164,38.28152698727277,38.646114349365234,5340
2023-03-17 00:00:00+01:00,38.73725691507029,39.192989349365234,38.554963245959804,39.192989349365234,4132
2023-03-20 00:00:00+01:00,38.46381759643555,39.10184369066051,38.28152392994806,38.46381759643555,1401
2023-03-21 00:00:00+01:00,38.3726715541253,39.192991368910846,38.28152645335478,38.73725891113281,2914
2023-03-22 00:00:00+01:00,38.37266975469954,38.646111998113895,37.82579222179595,38.281524658203125,6315
2023-03-23 00:00:00+01:00,38.28152351449179,38.372668608265116,36.09400649430727,36.82318115234375,12602
2023-03-24 00:00:00+01:00,36.640891486855175,37.37006274751162,36.09401043364072,36.73203659057617,4587
2023-03-27 00:00:00+02:00,36.823182431479104,37.46120506398047,36.27630141895462,37.370059967041016,3407
2023-03-28 00:00:00+02:00,37.278915931047734,38.28152593376606,37.278915931047734,38.008087158203125,1930
2023-03-29 00:00:00+02:00,37.37006205900437,39.192991915541164,37.37006205900437,38.646114349365234,5293
2023-03-30 00:00:00+02:00,38.646112740340094,38.82840293683393,38.0992317199707,38.0992317199707,2202
2023-03-31 00:00:00+02:00,38.190381035706444,38.55496491272617,37.91693878173828,37.91693878173828,697
2023-04-03 00:00:00+02:00,38.2815261357207,38.2815261357207,37.91693878173828,37.91693878173828,1761
2023-04-04 00:00:00+02:00,37.91693731829236,38.37266975469954,37.91693731829236,38.281524658203125,897
2023-04-05 00:00:00+02:00,38.28152592194341,38.82840347290039,38.28152592194341,38.82840347290039,821
2023-04-06 00:00:00+02:00,39.01069641113281,39.19299008365863,38.28152519799215,39.01069641113281,545
2023-04-11 00:00:00+02:00,39.10184479536931,39.92216110229492,38.28152501148111,39.92216110229492,3190
2023-04-12 00:00:00+02:00,40.01330894485661,40.56018647280606,39.1929891759699,40.104454040527344,5237
2023-04-13 00:00:00+02:00,40.195599314029096,40.195599314029096,39.192989349365234,39.192989349365234,4159
2023-04-14 00:00:00+02:00,39.284135181440234,39.648722526491866,39.01069641113281,39.01069641113281,4279
2023-04-17 00:00:00+02:00,39.19299008365863,39.19299008365863,38.73725764082539,39.01069641113281,5680
2023-04-18 00:00:00+02:00,39.01070030391239,39.101848887752084,38.19038391113281,38.19038391113281,1440
2023-04-19 00:00:00+02:00,38.28152392994806,38.646111262923036,38.09923026346057,38.46381759643555,4863
2023-04-20 00:00:00+02:00,38.463819597916626,39.192990824846824,38.28152592194341,38.82840347290039,2788
2023-04-21 00:00:00+02:00,39.101843527488725,39.64872104770659,38.554962530308394,39.375282287597656,2972
2023-04-24 00:00:00+02:00,39.01069746962407,40.013310957239035,39.01069746962407,39.64872360229492,3686
2023-04-25 00:00:00+02:00,39.55757924298717,39.55757924298717,38.82840451944088,39.4664306640625,574
2023-04-26 00:00:00+02:00,39.46642992482286,39.64872360229492,38.73725869189734,39.64872360229492,1691
2023-04-27 00:00:00+02:00,39.83101832628436,40.560189578368075,39.28413727949947,40.28675079345703,3013
2023-04-28 00:00:00+02:00,40.377894835220445,41.0159209678913,39.64872360229492,39.64872360229492,2258
2023-05-02 00:00:00+02:00,39.64872591722611,40.83362967453224,39.64872591722611,40.01331329345703,1258
2023-05-04 00:00:00+02:00,39.922161296799295,39.922161296799295,39.01069641113281,39.01069641113281,928
2023-05-05 00:00:00+02:00,39.01069641113281,39.10184498587702,38.46381887051797,39.01069641113281,800
2023-05-08 00:00:00+02:00,39.01069550766591,40.104454040527344,38.55496307538719,40.104454040527344,3087
2023-05-09 00:00:00+02:00,40.104456057493714,40.46904341243783,39.55757850204024,39.64872360229492,964
2023-05-10 00:00:00+02:00,40.286747708831335,40.286747708831335,39.64872160824862,40.104454040527344,1002
2023-05-11 00:00:00+02:00,40.104458596386756,42.018533638610954,39.92216490737423,41.65394973754883,19782
2023-05-12 00:00:00+02:00,41.92738597962683,42.4742635364021,40.65133371120093,41.38050842285156,7043
2023-05-15 00:00:00+02:00,41.47165116204156,42.47426111803119,41.01591873168945,41.01591873168945,6879
2023-05-16 00:00:00+02:00,41.10706382697487,41.10706382697487,40.651331396622766,41.01591873168945,3100
2023-05-17 00:00:00+02:00,41.01592033140121,42.47426277462153,40.56018788327453,42.38311767578125,6368
2023-05-18 00:00:00+02:00,42.383119225502014,44.47948786814504,42.383119225502014,43.75031661987305,10255
2023-05-19 00:00:00+02:00,44.11490576694295,45.11751583925228,43.1122922176707,44.206050872802734,5887
2023-05-22 00:00:00+02:00,44.206051153885696,46.48471358449836,42.8388536955181,43.294586181640625,9184
2023-05-23 00:00:00+02:00,43.38572949871787,43.65917176068413,42.47426456406445,42.83885192871094,3584
2023-05-24 00:00:00+02:00,43.38572949871787,43.47687807836089,42.65655824638769,42.83885192871094,1511
2023-05-25 00:00:00+02:00,43.841462264707744,44.11490452853679,42.83885222054397,43.65917205810547,5713
2023-05-26 00:00:00+02:00,43.75031866776316,45.29980981597236,43.294586181640625,43.294586181640625,5340
2023-05-29 00:00:00+02:00,43.29458385053125,43.56802263208942,42.656557708920346,42.929996490478516,9718
2023-05-30 00:00:00+02:00,43.750313364096364,45.39094941985748,43.750313364096364,44.47948455810547,5883
2023-05-31 00:00:00+02:00,44.114903672168516,44.114903672168516,42.38311892736217,42.929996490478516,3208
2023-06-01 00:00:00+02:00,42.747703748862996,43.75031371402437,42.65655517578125,42.65655517578125,3340
2023-06-02 00:00:00+02:00,43.294584690975285,44.20604963183793,43.1122910074102,43.65917205810547,10526
2023-06-05 00:00:00+02:00,44.02375285223681,44.479485290618065,43.38572674311054,44.29719161987305,5305
2023-06-06 00:00:00+02:00,44.297190890362565,45.02636556133418,43.750313364096364,44.47948455810547,4204
2023-06-07 00:00:00+02:00,44.29719260710311,47.94305219540667,44.29719260710311,47.578468322753906,20027
2023-06-09 00:00:00+02:00,47.94305294048088,48.672227651043684,46.84929782856209,47.396175384521484,8395
2023-06-12 00:00:00+02:00,47.396176628901166,48.854519134389925,47.031589264047575,47.94305419921875,2597
2023-06-13 00:00:00+02:00,47.943053691308585,48.12534737180415,47.031588765793494,47.21388244628906,2293
2023-06-14 00:00:00+02:00,47.03158825190793,47.03158825190793,45.75553945630706,46.484710693359375,3689
2023-06-15 00:00:00+02:00,46.1201259115616,46.484713288926585,44.206050872802734,44.206050872802734,3466
2023-06-16 00:00:00+02:00,44.297193950364054,46.12012379979406,44.297193950364054,44.661781311035156,2279
2023-06-19 00:00:00+02:00,44.75292369805748,46.120121002197266,44.75292369805748,46.120121002197266,1636
2023-06-20 00:00:00+02:00,46.12012431651377,46.3024179988917,44.844075493793845,45.390953063964844,3726
2023-06-21 00:00:00+02:00,44.844076029291784,45.299808502197266,44.66178234473703,45.299808502197266,787
2023-06-22 00:00:00+02:00,45.29980722157663,45.573246002197266,45.20865864339459,45.573246002197266,527
2023-06-23 00:00:00+02:00,45.48209963483517,45.48209963483517,45.0263671875,45.0263671875,230
2023-06-26 00:00:00+02:00,45.026370458661184,45.29980925153506,44.66178308352075,45.117515563964844,516
2023-06-27 00:00:00+02:00,45.11751228618198,45.11751228618198,44.75292493752878,45.0263671875,639
2023-06-28 00:00:00+02:00,44.93521698898147,44.93521698898147,44.47948455810547,44.47948455810547,1580
2023-06-29 00:00:00+02:00,44.388343811035156,44.93522139087395,43.38573027871357,44.388343811035156,6469
2023-06-30 00:00:00+02:00,44.20604739151163,45.0263671875,44.20604739151163,45.0263671875,855
2023-07-03 00:00:00+02:00,45.02637073339248,45.02637073339248,44.206050872802734,44.206050872802734,1241
2023-07-04 00:00:00+02:00,44.114904281389435,45.02636921714572,43.93261059884562,44.57063674926758,1234
2023-07-05 00:00:00+02:00,44.388344561485226,44.479489667345014,44.206050872802734,44.206050872802734,849
2023-07-06 00:00:00+02:00,44.11490502111576,44.479488915354004,43.84146275423351,44.388343811035156,604
2023-07-07 00:00:00+02:00,44.388341270607874,44.388341270607874,44.11490249633789,44.11490249633789,1072
2023-07-10 00:00:00+02:00,44.93521736733529,47.21387954090161,44.93521736733529,46.120121002197266,7858
2023-07-11 00:00:00+02:00,46.12012187885274,47.39617411109021,45.755538010329616,46.84929656982422,4021
2023-07-12 00:00:00+02:00,47.39617507454047,47.39617507454047,45.29980648778987,45.75553894042969,6968
2023-07-13 00:00:00+02:00,46.120126374749226,46.849301136802346,45.573248780172335,46.66700744628906,2937
2023-07-14 00:00:00+02:00,46.66700183314818,47.031585693359375,45.75553696717639,47.031585693359375,2933
2023-07-17 00:00:00+02:00,47.213881706880784,48.489933973402984,46.667004150921386,47.396175384521484,13081
2023-07-18 00:00:00+02:00,46.84929856226068,47.39617612678463,46.84929856226068,47.21388244628906,1207
2023-07-19 00:00:00+02:00,47.21388097313849,48.85451709248256,47.21388097313849,47.578468322753906,9427
2023-07-20 00:00:00+02:00,47.94305219540667,48.307639545022084,46.84929710048572,47.578468322753906,1642
2023-07-21 00:00:00+02:00,47.578470311327955,48.854519134389925,47.031589264047575,47.94305419921875,3324
2023-07-24 00:00:00+02:00,48.30764156407234,48.672228928925925,47.94305419921875,47.94305419921875,14078
2023-07-25 00:00:00+02:00,48.489934496666905,48.489934496666905,47.39617589598245,48.12534713745117,2397
2023-07-26 00:00:00+02:00,48.12534566584883,48.489933013916016,47.396174446677094,48.489933013916016,1376
2023-07-27 00:00:00+02:00,48.48993524649914,48.48993524649914,47.578470311327955,47.94305419921875,1471
2023-07-28 00:00:00+02:00,47.94305145602007,47.94305145602007,47.39617391699365,47.76076126098633,1351
2023-07-31 00:00:00+02:00,47.76076126098633,47.76076126098633,47.57846758898999,47.76076126098633,375
2023-08-01 00:00:00+02:00,47.76076179474428,49.58369158115494,47.76076179474428,48.489933013916016,3303
2023-08-02 00:00:00+02:00,48.48993500431102,49.21910625341348,48.30764132279471,48.85451889038086,4715
2023-08-03 00:00:00+02:00,48.85451865530985,49.948277262182145,48.672228451633444,49.76598358154297,6761
2023-08-04 00:00:00+02:00,49.94827578276798,52.6826704804775,49.765982107528146,50.13056945800781,6707
2023-08-07 00:00:00+02:00,50.31286546547994,51.04203672327705,50.13057178178995,50.49515914916992,12314
2023-08-08 00:00:00+02:00,51.04203435724432,51.22432803248415,47.94305230905513,50.13056945800781,33097
2023-08-09 00:00:00+02:00,50.13056945800781,50.49515680848748,49.03681088353147,50.13056945800781,4145
2023-08-10 00:00:00+02:00,50.13057019770504,50.13057019770504,48.67222772819325,49.94827651977539,2583
2023-08-11 00:00:00+02:00,49.94827659125031,53.229552367791335,49.219105355450985,52.5003776550293,9258
2023-08-14 00:00:00+02:00,53.41184127664402,53.59413495042368,51.95349884033203,51.95349884033203,6369
2023-08-16 00:00:00+02:00,51.95349884033203,51.95349884033203,50.859740274616726,51.95349884033203,3017
2023-08-17 00:00:00+02:00,51.042038434552985,52.68267468884246,50.67745105494958,51.771209716796875,3099
2023-08-18 00:00:00+02:00,51.771209716796875,52.318090786201985,50.67745105494958,51.771209716796875,1497
2023-08-21 00:00:00+02:00,51.77120664284507,51.953500321822965,50.13057048596953,51.58891296386719,1957
2023-08-22 00:00:00+02:00,51.588916026995165,51.771209716796875,50.85974474475128,51.771209716796875,251
2023-08-23 00:00:00+02:00,51.77120462606936,51.77120462606936,50.67744607177272,51.224327087402344,815
2023-08-24 00:00:00+02:00,52.8649666007528,53.95872522581612,52.13579534303154,53.04726028442383,14388
2023-08-25 00:00:00+02:00,52.6826711134341,54.32330725637872,52.6826711134341,53.411842346191406,4211
2023-08-28 00:00:00+02:00,53.41184392026894,53.41184392026894,51.40662384033203,51.40662384033203,3736
2023-08-29 00:00:00+02:00,51.953500931792036,53.41184342681162,51.953500931792036,53.22955322265625,1489
2023-08-30 00:00:00+02:00,53.22955087766881,53.41184107379352,51.406621100720734,52.86496353149414,12939
2023-08-31 00:00:00+02:00,52.68266985840681,53.22955087766881,51.953498643020104,52.86496353149414,2145
2023-09-01 00:00:00+02:00,52.86496353149414,53.22955087766881,52.50037618531948,52.86496353149414,2886
2023-09-04 00:00:00+02:00,53.22955346425911,53.22955346425911,52.31808853149414,52.31808853149414,5343
2023-09-05 00:00:00+02:00,52.50037618531948,53.04725720458148,52.31808598919477,52.86496353149414,1256
2023-09-06 00:00:00+02:00,53.04725740604734,53.04725740604734,48.85451681696577,51.95349884033203,7862
2023-09-07 00:00:00+02:00,51.95349884033203,52.86496373226768,51.77120516655238,51.95349884033203,2539
2023-09-08 00:00:00+02:00,51.953500931792036,53.41184342681162,50.67744864092783,53.22955322265625,2732
2023-09-11 00:00:00+02:00,53.411842346191406,54.14101705591141,53.2295521457241,53.411842346191406,5275
2023-09-12 00:00:00+02:00,51.95349988067679,53.411842346191406,51.95349988067679,53.411842346191406,1007
2023-09-13 00:00:00+02:00,53.411842346191406,53.411842346191406,52.8649647908641,53.411842346191406,952
2023-09-14 00:00:00+02:00,52.86496610036801,53.411843669241875,52.135794849548596,52.31808853149414,1121
2023-09-15 00:00:00+02:00,52.31808723553679,53.411842346191406,52.13579355810679,53.411842346191406,1593
2023-09-18 00:00:00+02:00,53.41184127664402,53.41184127664402,51.04203394839639,51.95349884033203,2048
2023-09-19 00:00:00+02:00,51.588910954192826,52.50037583661293,51.0420334155258,51.224327087402344,26716
2023-09-20 00:00:00+02:00,51.04203671796822,53.04726028442383,51.04203671796822,53.04726028442383,889
2023-09-21 00:00:00+02:00,53.047257944521895,53.047257944521895,51.40662181777641,52.68267059326172,3651
2023-09-22 00:00:00+02:00,52.68267059326172,53.047257944521895,51.95349936770402,52.68267059326172,3871
2023-09-25 00:00:00+02:00,52.682671560771794,52.682671560771794,51.224329082874135,51.58891296386719,4379
2023-09-26 00:00:00+02:00,51.58891296386719,52.31808767977874,50.677448045940466,51.58891296386719,1622
2023-09-27 00:00:00+02:00,51.771209716796875,52.13579709640028,50.85974474475128,51.771209716796875,1296
2023-09-28 00:00:00+02:00,51.74277721273297,51.74277721273297,49.278836817869085,50.03697204589844,2360
2023-09-29 00:00:00+02:00,50.03697292706978,51.55324702490462,50.03697292706978,51.363712310791016,1610
2023-10-02 00:00:00+02:00,51.55324602257,51.93231182835316,47.57303156386644,48.141632080078125,7322
2023-10-03 00:00:00+02:00,48.71023939431664,49.65790939331055,48.331169948689414,49.65790939331055,2940
2023-10-04 00:00:00+02:00,49.278837631067184,50.22650758551078,49.089302917163664,49.4683723449707,2378
2023-10-05 00:00:00+02:00,49.278837631067184,49.84743815770375,49.089302917163664,49.4683723449707,2398
2023-10-06 00:00:00+02:00,49.27883760215584,49.46837231594816,48.52070236206055,48.52070236206055,2245
2023-10-09 00:00:00+02:00,49.278837631067184,49.84743815770375,48.5207023905271,49.4683723449707,786
2023-10-10 00:00:00+02:00,49.27883450696922,50.22650440133401,49.27883450696922,49.847434997558594,960
2023-10-11 00:00:00+02:00,49.847434997558594,50.0369696994463,48.8997651031938,49.847434997558594,3484
2023-10-12 00:00:00+02:00,49.84743733512262,50.03697204589844,49.4683715286449,50.03697204589844,2212
2023-10-13 00:00:00+02:00,50.03697287160727,50.60557701331782,49.4683723449707,49.4683723449707,3159
2023-10-16 00:00:00+02:00,50.22650535018356,51.17417526245117,49.65790484885252,51.17417526245117,7679
2023-10-17 00:00:00+02:00,51.174176863202604,53.82765197753906,50.98464215180558,53.82765197753906,8008
2023-10-18 00:00:00+02:00,54.0171860223544,54.0171860223544,52.6904466740214,53.448585510253906,2614
2023-10-19 00:00:00+02:00,53.44858848216245,53.63811958668521,52.8799843233719,53.06951904296875,3019
2023-10-20 00:00:00+02:00,53.0695150869864,53.0695150869864,50.22650535018356,51.17417526245117,6773
2023-10-23 00:00:00+02:00,51.17417756884901,51.17417756884901,50.03697289985979,50.41604232788086,887
2023-10-24 00:00:00+02:00,50.98464288256381,51.55324702490462,50.60557706941059,51.363712310791016,620
2023-10-25 00:00:00+02:00,53.06951515891335,53.06951515891335,51.55324474325965,52.12184524536133,702
2023-10-26 00:00:00+02:00,51.55324474325965,52.3113799510865,51.1741753318093,52.12184524536133,1249
2023-10-27 00:00:00+02:00,52.50091849925229,52.69044960377505,49.468373830924975,50.22650909423828,2402
2023-10-30 00:00:00+01:00,51.174176231704166,54.77532124351301,51.174176231704166,53.448585510253906,19551
2023-10-31 00:00:00+01:00,53.827649220521934,56.67065890063831,53.827649220521934,56.10205841064453,26292
2023-11-02 00:00:00+01:00,55.912528157394924,56.48112869262695,55.154392905394204,56.48112869262695,6075
2023-11-03 00:00:00+01:00,56.67066126309124,56.67066126309124,55.72299133021322,56.291595458984375,5045
2023-11-06 00:00:00+01:00,56.291595458984375,56.48112655350086,55.72299133021322,56.291595458984375,5651
2023-11-07 00:00:00+01:00,55.912524302421396,56.102059006122325,55.34392380639239,55.53345489501953,5774
2023-11-08 00:00:00+01:00,55.91252984314671,56.10206456562983,54.964859845805236,55.343929290771484,6726
2023-11-09 00:00:00+01:00,55.343926956922104,55.72299277082902,54.01718757056289,55.15439224243164,2017
2023-11-10 00:00:00+01:00,54.77532129657363,55.53345651846664,53.25905085278759,54.39625549316406,2866
2023-11-13 00:00:00+01:00,54.206720783922336,54.585786587331896,53.63811665619715,54.39625549316406,3093
2023-11-14 00:00:00+01:00,54.58578499158866,56.102059006122325,54.58578499158866,55.53345489501953,2561
2023-11-15 00:00:00+01:00,55.72299133021322,56.291595458984375,55.34392552610635,56.291595458984375,4722
2023-11-16 00:00:00+01:00,56.29159370982326,56.29159370982326,55.34392380639239,55.53345489501953,1431
2023-11-17 00:00:00+01:00,55.91252899169922,56.29159843089292,55.72299427210237,55.91252899169922,1430
2023-11-20 00:00:00+01:00,55.91252899169922,55.91252899169922,55.15439372838591,55.91252899169922,3582
2023-11-21 00:00:00+01:00,55.9125266550353,56.29159607838715,55.53345723168346,55.722991943359375,2773
2023-11-22 00:00:00+01:00,55.72298959872046,55.912524302421396,55.34392380639239,55.53345489501953,753
2023-11-23 00:00:00+01:00,56.86019464877089,61.598544202835136,56.86019464877089,61.21947479248047,56474
2023-11-24 00:00:00+01:00,60.84040270021894,63.49388122558594,60.84040270021894,63.49388122558594,20302
2023-11-27 00:00:00+01:00,64.25202023665813,67.2845609360847,63.87295084169297,65.38922119140625,20183
2023-11-28 00:00:00+01:00,65.38923051127809,65.38923051127809,62.5462204890486,65.19969940185547,2471
2023-11-29 00:00:00+01:00,65.19969311232606,66.14736302831831,64.82062369989961,65.95782470703125,7273
2023-11-30 00:00:00+01:00,65.9578247730013,67.09503301141804,65.38922426886678,66.9054946899414,9066
2023-12-01 00:00:00+01:00,67.09503768209834,69.5589781916351,66.9054993474274,68.23223876953125,14332
2023-12-04 00:00:00+01:00,68.04270598876928,68.42176818847656,67.09503602920508,68.42176818847656,4762
2023-12-05 00:00:00+01:00,67.47409822891235,68.80083761833185,67.09503602920508,68.42176818847656,68337
2023-12-06 00:00:00+01:00,67.85316770382343,70.50664648442438,67.85316770382343,70.31710815429688,20929
2023-12-07 00:00:00+01:00,70.12757577942108,70.50664520263672,69.55897525967157,70.50664520263672,1519
2023-12-08 00:00:00+01:00,70.12757705431738,70.31710815429688,69.5589765242309,70.31710815429688,2759
2023-12-11 00:00:00+01:00,70.3171082197986,73.16011810302734,68.23223719749005,73.16011810302734,14054
2023-12-12 00:00:00+01:00,73.53918182728594,75.81359100341797,73.16011242623937,75.81359100341797,7826
2023-12-13 00:00:00+01:00,75.81359571201791,77.70893560481836,75.43452628742824,77.14033508300781,12822
2023-12-14 00:00:00+01:00,77.32987084089525,77.5194091796875,76.00313138994285,77.5194091796875,8152
2023-12-15 00:00:00+01:00,77.14033973225133,77.5194091796875,75.81360028129895,77.5194091796875,4404
2023-12-18 00:00:00+01:00,78.08800344719423,79.22520446777344,77.32986461337623,79.22520446777344,3548
2023-12-19 00:00:00+01:00,79.0356674194336,79.0356674194336,76.38218893114532,79.0356674194336,3246
2023-12-20 00:00:00+01:00,78.84614279238214,78.84614279238214,75.05546271139937,75.43453216552734,5286
2023-12-21 00:00:00+01:00,75.05545378043682,75.81359259848067,72.97058287603764,74.6763916015625,16283
2023-12-22 00:00:00+01:00,72.97058412140484,74.86592396871404,72.97058412140484,74.48685455322266,23644
2023-12-27 00:00:00+01:00,74.67638993529968,75.43452150627965,74.1077822193804,74.86592102050781,4868
2023-12-28 00:00:00+01:00,73.91825404505944,74.86592396871404,69.5589738422778,74.48685455322266,9638
2023-12-29 00:00:00+01:00,74.48685455322266,74.86592396871404,72.97058412140484,74.48685455322266,1765
2024-01-02 00:00:00+01:00,74.86592414081656,78.46707275104153,74.48685472445376,77.32986450195312,14805
2024-01-03 00:00:00+01:00,77.32986614317383,77.32986614317383,75.24499515415154,76.19266510009766,4073
2024-01-04 00:00:00+01:00,76.19266030740707,76.3821913926152,74.29732053473597,74.86592102050781,3955
2024-01-05 00:00:00+01:00,75.43452447687727,75.62406279969683,73.91825404505944,74.48685455322266,1941
2024-01-08 00:00:00+01:00,74.48685921070864,74.48685921070864,70.88571761373896,72.97058868408203,5970
2024-01-09 00:00:00+01:00,72.97058423462262,76.38219451904297,72.97058423462262,76.38219451904297,20010
2024-01-10 00:00:00+01:00,77.70894028833142,77.70894028833142,76.76127028481518,77.5194091796875,2618
2024-01-11 00:00:00+01:00,77.8984603881836,78.46706809405505,76.95079051859427,77.8984603881836,15789
2024-01-12 00:00:00+01:00,77.8984603881836,78.08799870018986,76.38219004287014,77.8984603881836,4784
2024-01-15 00:00:00+01:00,78.65660262336905,78.65660262336905,77.70893271224412,78.46707153320312,2249
2024-01-16 00:00:00+01:00,78.65660858154297,79.03567802073667,77.89846970315557,78.65660858154297,957
2024-01-17 00:00:00+01:00,78.65661031301478,78.8461414217097,76.19266974923917,76.57173919677734,2699
2024-01-18 00:00:00+01:00,76.95079508559033,77.70893391831592,76.38219457612,77.32986450195312,790
2024-01-19 00:00:00+01:00,76.95080139345909,77.70894028833142,76.95080139345909,77.5194091796875,1042
2024-01-22 00:00:00+01:00,77.70894028833142,77.70894028833142,76.76127028481518,77.5194091796875,1286
2024-01-23 00:00:00+01:00,77.70893556758186,77.70893556758186,72.97058583785126,76.19266510009766,3404
2024-01-24 00:00:00+01:00,76.19266638222523,77.3298674444376,75.62406585111904,76.00312805175781,1054
2024-01-25 00:00:00+01:00,76.76126565841814,78.27753612662892,76.19266513660759,77.14033508300781,3189
2024-01-26 00:00:00+01:00,77.70893859863281,79.03567802073667,76.76126861572266,78.65660858154297,2465
2024-01-29 00:00:00+01:00,78.84613014166094,78.84613014166094,76.76125932369361,76.95079040527344,814
2024-01-30 00:00:00+01:00,76.5717329552085,78.46707280825676,75.81359412193011,78.27753448486328,2073
2024-01-31 00:00:00+01:00,78.27754084441149,78.65661029184766,77.32987084089525,77.5194091796875,871
2024-02-01 00:00:00+01:00,78.65659917591398,78.84613025777291,77.51939822446572,77.8984603881836,2450
2024-02-02 00:00:00+01:00,77.32985991245947,78.08799870018986,76.95079051859427,77.8984603881836,3305
2024-02-05 00:00:00+01:00,77.70893403028522,79.22520446777344,77.32986461337623,79.22520446777344,4144
2024-02-06 00:00:00+01:00,79.22520912525943,80.36241744284052,76.95079972024541,78.65660858154297,3625
2024-02-07 00:00:00+01:00,78.65660395748382,80.36241271850041,77.89846512366584,79.22520446777344,9087
2024-02-08 00:00:00+01:00,79.60427267671,80.36241149902344,78.65660276389202,80.36241149902344,3295
2024-02-09 00:00:00+01:00,80.3624115682987,81.4996125726015,79.41474165466379,81.3100814819336,10119
2024-02-12 00:00:00+01:00,81.31008450824773,83.39495550378314,81.12054618037764,82.82635498046875,12313
2024-02-13 00:00:00+01:00,83.39495387014821,84.1530927064814,83.39495387014821,83.96355438232422,5503
2024-02-14 00:00:00+01:00,84.34261792513414,84.72168731689453,84.15308684432758,84.72168731689453,10603
2024-02-15 00:00:00+01:00,84.7216979181976,84.91122902272036,84.3426284790039,84.3426284790039,3282
2024-02-16 00:00:00+01:00,84.72169501131988,87.18563543631663,84.15309448711263,86.61703491210938,8470
2024-02-19 00:00:00+01:00,85.1007673573913,86.23796844482422,84.3426284790039,85.29029846191406,5166
2024-02-20 00:00:00+01:00,86.04843272349198,86.80656433105469,85.29029388578147,86.80656433105469,2205
2024-02-21 00:00:00+01:00,86.80656727680125,88.51237610446195,85.29029678007399,85.47982788085938,6340
2024-02-22 00:00:00+01:00,85.66936499352624,87.94377432134777,85.66936499352624,87.56470489501953,2727
2024-02-23 00:00:00+01:00,87.5647031687652,87.5647031687652,85.85889439899046,86.80656433105469,3286
2024-02-26 00:00:00+01:00,86.80656130884257,89.08097051264166,86.23796081542969,86.23796081542969,3980
2024-02-27 00:00:00+01:00,86.2379625528053,88.13330238913069,85.66936204793723,86.99610137939453,4535
2024-02-28 00:00:00+01:00,87.18564009878092,88.51237954631378,86.80657065232178,87.94377899169922,4028
2024-02-29 00:00:00+01:00,87.37516188627721,87.75423129229951,86.99609971040248,87.18563079833984,4306
2024-03-01 00:00:00+01:00,87.18563384986345,88.89144262159381,87.18563384986345,88.701904296875,20564
2024-03-04 00:00:00+01:00,88.70190159238865,92.30305012062279,88.32283218465649,91.92398071289062,15791
2024-03-05 00:00:00+01:00,92.87165061714722,94.00885161019612,91.92398071289062,91.92398071289062,5312
2024-03-06 00:00:00+01:00,90.40771487457893,91.92398535187931,90.02864544771684,91.35538482666016,9928
2024-03-07 00:00:00+01:00,90.976318359375,91.3553877985687,89.83911727194209,90.02864837646484,11432
2024-03-08 00:00:00+01:00,90.21817357439731,93.25072165925758,90.21817357439731,90.78678131103516,7294
2024-03-11 00:00:00+01:00,90.78678725485224,91.3553877985687,90.02864837646484,90.02864837646484,5170
2024-03-12 00:00:00+01:00,90.976318359375,91.7344572377624,86.04843734030146,89.08097839355469,6208
2024-03-13 00:00:00+01:00,89.08096909835942,92.4925792348203,89.08096909835942,89.27050018310547,6259
2024-03-14 00:00:00+01:00,89.46004783274839,91.16584946389776,88.13330841064453,89.08097839355469,9912
2024-03-15 00:00:00+01:00,89.27050653246546,90.59724591049435,88.13330548281095,89.46004486083984,3707
2024-03-18 00:00:00+01:00,89.46004008850262,89.46004008850262,88.13330078125,88.13330078125,1618
2024-03-19 00:00:00+01:00,88.13329911566146,89.2705000831594,88.13329911566146,88.32283020019531,4858
2024-03-20 00:00:00+01:00,88.51237487792969,89.0809754025547,88.1333054514637,88.51237487792969,13705
2024-03-21 00:00:00+01:00,88.13330541943793,88.70190594385633,85.66936499352624,87.56470489501953,7782
2024-03-22 00:00:00+01:00,87.56470028675531,89.08097068212365,87.56470028675531,88.13330078125,27243
2024-03-25 00:00:00+01:00,88.1333054514637,90.4077147801117,88.1333054514637,88.51237487792969,8975
2024-03-26 00:00:00+01:00,90.02863898238452,90.21817006713057,88.7018996987199,89.27050018310547,1260
2024-03-27 00:00:00+01:00,90.21817344845722,90.21817344845722,86.42749377028426,88.89144134521484,2122
2024-03-28 00:00:00+01:00,88.89143959400795,88.89143959400795,87.56470028675531,88.13330078125,1720
2024-04-02 00:00:00+02:00,90.78678091389817,90.78678091389817,83.96355317542083,85.10076141357422,5204
2024-04-03 00:00:00+02:00,85.29029056943696,85.47982165642115,79.41474011115697,82.44728088378906,6325
2024-04-04 00:00:00+02:00,82.82635335797222,86.0484325671666,82.82635335797222,83.96355438232422,4660
2024-04-05 00:00:00+02:00,85.29028946676915,89.83910779705582,84.1530884992712,88.32283020019531,25308
2024-04-08 00:00:00+02:00,88.51237484576617,90.02864532093122,86.42749661603479,87.56470489501953,21685
2024-04-09 00:00:00+02:00,87.75423129229951,88.51237010434409,87.18563079833984,87.18563079833984,14388
2024-04-10 00:00:00+02:00,86.23796381784571,86.80656433105469,83.39495402165299,86.80656433105469,2784
2024-04-11 00:00:00+02:00,86.23796844482422,86.23796844482422,83.77402793528745,84.3426284790039,10833
2024-04-12 00:00:00+02:00,84.34262390376925,86.80656427964756,83.77402339089699,85.85889434814453,6325
2024-04-15 00:00:00+02:00,86.23796683361044,90.7867855586513,86.23796683361044,90.21817779541016,10387
2024-04-16 00:00:00+02:00,89.08097533710612,89.08097533710612,86.61703491210938,86.61703491210938,2258
2024-04-17 00:00:00+02:00,86.8065629255828,87.75423284230347,84.15309149685356,85.10076141357422,3533
2024-04-18 00:00:00+02:00,85.1007689884781,90.02865010200205,84.53216120371522,87.94377899169922,9798
2024-04-19 00:00:00+02:00,90.02864354610266,90.02864354610266,86.80656433105469,86.80656433105469,17322
2024-04-22 00:00:00+02:00,86.80656299235545,87.18563240536484,85.29029257046561,86.04843139648438,1360
2024-04-23 00:00:00+02:00,86.04843272349198,86.99610265555621,85.66936330463672,86.80656433105469,2250
2024-04-24 00:00:00+02:00,87.18563670852008,87.18563670852008,85.29029678007399,85.47982788085938,2648
2024-04-25 00:00:00+02:00,86.42749658394166,88.32283648473116,86.23796548592189,86.61703491210938,4480
2024-04-26 00:00:00+02:00,86.23796545319067,87.18563540322573,85.47982660110344,85.66936492919922,1324
2024-04-29 00:00:00+02:00,86.61703621306579,87.75423727856065,86.23796678118482,87.37516784667969,12397
2024-04-30 00:00:00+02:00,88.70190127574467,88.89143959400795,87.56470028675531,88.13330078125,27035
2024-05-02 00:00:00+02:00,86.80657065232178,88.70191065446919,86.80657065232178,87.94377899169922,39165
2024-05-06 00:00:00+02:00,86.99609979226064,88.3228318693657,86.99609979226064,88.13330078125,19087
2024-05-07 00:00:00+02:00,87.56469872994874,89.64956958274499,87.56469872994874,89.27050018310547,19006
2024-05-08 00:00:00+02:00,89.27050653246546,89.46004486083984,88.70190600763821,89.46004486083984,15694
2024-05-09 00:00:00+02:00,89.27050177023936,89.46004008850262,88.13330078125,88.13330078125,8449
2024-05-10 00:00:00+02:00,88.13329911566146,89.2705000831594,87.3751603172312,88.32283020019531,7084
2024-05-13 00:00:00+02:00,88.32284120801005,88.89144899277292,87.18564009878092,87.94377899169922,3171
2024-05-14 00:00:00+02:00,88.13330238913069,90.59724273032417,85.29029263464261,86.99610137939453,8100
2024-05-15 00:00:00+02:00,86.99609962674523,87.18563071450035,86.04842972767457,86.23796081542969,4117
2024-05-16 00:00:00+02:00,85.29029846191406,86.61703788401792,84.7216979181976,85.29029846191406,8453
2024-05-17 00:00:00+02:00,85.29029099837594,87.18563079833984,84.53215218633134,87.18563079833984,10577
2024-05-20 00:00:00+02:00,90.976318359375,92.11351944680791,87.18563842773438,89.08097839355469,31404
2024-05-21 00:00:00+02:00,88.13330541943793,88.89144427209442,87.18563546869129,87.56470489501953,3353
2024-05-22 00:00:00+02:00,87.94376961038444,87.94376961038444,86.23796089835788,87.18563079833984,2962
2024-05-23 00:00:00+02:00,86.23796554928168,90.02864535364571,86.23796554928168,88.51237487792969,6903
2024-05-24 00:00:00+02:00,89.64957595906628,90.40771481226793,87.37516662960931,89.46004486083984,4917
2024-05-27 00:00:00+02:00,89.64957117661834,90.21817167111301,88.13330078125,88.13330078125,2046
2024-05-28 00:00:00+02:00,88.13330257968491,90.78678124833667,88.13330257968491,89.839111328125,41431
2024-05-29 00:00:00+02:00,89.83910789763847,90.59723946677009,88.89143801361337,89.27050018310547,32564
2024-05-31 00:00:00+02:00,89.08096899862556,89.2705000831594,88.13329911566146,88.32283020019531,9192
2024-06-03 00:00:00+02:00,88.32283654962272,90.02864535364571,87.94377435330468,88.51237487792969,5072
2024-06-04 00:00:00+02:00,89.27050949807744,89.27050949807744,88.51237784983823,89.08097839355469,3001
2024-06-05 00:00:00+02:00,89.8391067373137,92.87164743496801,89.08096794782647,90.40770721435547,24645
2024-06-06 00:00:00+02:00,91.92398380638005,94.38792419433594,91.16584496540233,94.38792419433594,4768
2024-06-07 00:00:00+02:00,94.7669921507089,96.66233199372309,90.02864254317346,91.73445129394531,11296
2024-06-10 00:00:00+02:00,91.73445116854833,92.87165218074324,88.13330257968491,89.839111328125,4522
2024-06-11 00:00:00+02:00,89.8391125547445,89.8391125547445,88.13330378301414,88.701904296875,2686
2024-06-12 00:00:00+02:00,89.080976656227,89.080976656227,86.42749786376953,86.42749786376953,8294
2024-06-13 00:00:00+02:00,86.42749786376953,88.13330669179905,86.42749786376953,86.42749786376953,2194
2024-06-14 00:00:00+02:00,86.23796844482422,86.23796844482422,84.3426284790039,85.29029846191406,9995
2024-06-17 00:00:00+02:00,84.3426284790039,84.3426284790039,82.4472885131836,83.39495849609375,17264
2024-06-18 00:00:00+02:00,83.58448506650771,86.0484326725338,83.39495397226622,85.85889434814453,3771
2024-06-19 00:00:00+02:00,86.0484326725338,87.18563369827832,85.85889434814453,85.85889434814453,3036
2024-06-20 00:00:00+02:00,87.18563550037268,89.0809754025547,86.8065660739067,88.51237487792969,4874
2024-06-21 00:00:00+02:00,89.0809737656087,90.0286436992854,87.18563389825533,89.64957427978516,9150
2024-06-24 00:00:00+02:00,89.64956958274499,90.21817006713057,88.13329921433431,89.27050018310547,3198
2024-06-25 00:00:00+02:00,88.32283020019531,89.08096899862556,87.9437680311276,88.32283020019531,1278
2024-06-26 00:00:00+02:00,88.70190895436099,90.02864837646484,88.32283951516729,89.08097839355469,51151
2024-06-27 00:00:00+02:00,89.08097243706442,90.21817344845722,87.94377142567161,88.89144134521484,7233
2024-06-28 00:00:00+02:00,88.89144562824228,90.4077161265399,88.13330676401945,90.21817779541016,15441
2024-07-01 00:00:00+02:00,89.83911139016902,92.11351341612958,89.64957306790717,90.78678131103516,8884
2024-07-02 00:00:00+02:00,90.78678725485224,91.3553877985687,89.08097839355469,90.02864837646484,2727
2024-07-03 00:00:00+02:00,90.97631363296209,90.97631363296209,88.89144267093249,89.64957427978516,3142
2024-07-04 00:00:00+02:00,89.64956958274499,90.21817006713057,87.18562933030923,89.27050018310547,15984
2024-07-05 00:00:00+02:00,89.64956842486822,90.40770721435547,89.08096794782647,90.40770721435547,18627
2024-07-08 00:00:00+02:00,89.64956842486822,90.97630769139724,88.89143686552832,90.40770721435547,12443
2024-07-09 00:00:00+02:00,89.46004185091125,90.40771177045448,88.51237193136801,88.89144134521484,11374
2024-07-10 00:00:00+02:00,88.89144134521484,88.89144134521484,88.13330251752117,88.89144134521484,1049
2024-07-11 00:00:00+02:00,88.70190127574467,88.70190127574467,87.75423137487103,88.13330078125,1088
2024-07-12 00:00:00+02:00,87.5647032195013,87.94377263857619,87.18563380042642,87.75423431396484,2803
2024-07-15 00:00:00+02:00,87.18563543631663,87.18563543631663,85.47982663354692,86.61703491210938,4718
2024-07-16 00:00:00+02:00,86.61703788401792,87.18563842773438,83.77402793528745,85.29029846191406,5164
2024-07-17 00:00:00+02:00,85.29029378363565,85.29029378363565,83.77402334017835,84.91122436523438,7862
2024-07-18 00:00:00+02:00,85.10076274103079,86.80656427964756,85.10076274103079,85.85889434814453,865
2024-07-19 00:00:00+02:00,86.04843146123184,86.99610137939453,85.85889313951068,86.99610137939453,1785
2024-07-22 00:00:00+02:00,87.18564009878092,88.51237954631378,86.99610899062552,87.94377899169922,895
2024-07-23 00:00:00+02:00,87.94377129755723,87.94377129755723,85.47982372621607,86.99610137939453,1771
2024-07-24 00:00:00+02:00,85.47982492951375,86.61703318540607,85.47982492951375,85.85889434814453,474
2024-07-25 00:00:00+02:00,85.2902968165564,87.37516784667969,84.53215795279446,87.37516784667969,4239
2024-07-26 00:00:00+02:00,87.185632470968,87.185632470968,86.2379625528053,86.99610137939453,571
2024-07-29 00:00:00+02:00,86.99610137939453,87.185632470968,85.66936204793723,86.99610137939453,789
2024-07-30 00:00:00+02:00,86.99610437060113,87.56470489501953,85.47982666528814,87.56470489501953,627
2024-07-31 00:00:00+02:00,87.56470028675531,88.3228318693657,86.61703038588166,88.13330078125,1068
2024-08-01 00:00:00+02:00,85.47982956643682,86.99610732321162,83.39495849609375,85.29029846191406,3740
2024-08-02 00:00:00+02:00,85.29029679851521,87.37516782819748,84.53215793491364,86.42749786376953,1854
2024-08-05 00:00:00+02:00,85.1007673573913,85.29029846191406,80.55194854736328,85.29029846191406,25585
2024-08-06 00:00:00+02:00,84.34262681585093,86.23796674429703,83.77402628334673,85.47982788085938,3750
2024-08-07 00:00:00+02:00,85.85890065124808,88.32284120801005,85.85890065124808,87.94377899169922,3003
2024-08-08 00:00:00+02:00,88.13330232281446,88.13330232281446,85.29029257046561,86.04843139648438,11642
2024-08-09 00:00:00+02:00,86.6170319009246,87.3751634967957,86.04843139648438,86.04843139648438,694
2024-08-12 00:00:00+02:00,86.23796081542969,87.18563071450035,86.04842972767457,86.23796081542969,496
2024-08-13 00:00:00+02:00,86.42749786376953,86.99610562654473,85.669366230316,86.42749786376953,3590
2024-08-14 00:00:00+02:00,86.61703209228153,88.89144134521484,86.61703209228153,88.89144134521484,16492
2024-08-16 00:00:00+02:00,89.46004313545467,89.46004313545467,86.80656443057362,88.701904296875,3293
2024-08-19 00:00:00+02:00,88.70190609839969,92.30305480957031,87.56470504758157,92.30305480957031,19488
2024-08-20 00:00:00+02:00,91.73444648088449,91.73444648088449,90.02863781961184,90.40770721435547,2642
2024-08-21 00:00:00+02:00,90.40771781565854,91.16584946389776,90.02864837646484,90.976318359375,3245
2024-08-22 00:00:00+02:00,90.976318359375,91.16584946389776,90.2181794809876,90.976318359375,2027
2024-08-23 00:00:00+02:00,90.976318359375,91.3553877985687,90.40771781565854,90.976318359375,792
2024-08-26 00:00:00+02:00,91.16584349526345,92.87165224488157,90.02864248228316,90.78678131103516,6943
2024-08-27 00:00:00+02:00,91.92398244708843,94.57746112112532,90.59724311006998,92.68212127685547,16271
2024-08-28 00:00:00+02:00,91.54491598554719,93.44025589096286,91.54491598554719,93.25072479248047,12059
2024-08-29 00:00:00+02:00,93.25072190395221,96.66233218199301,93.25072190395221,94.57746124267578,7572
2024-08-30 00:00:00+02:00,94.57745949544642,94.57745949544642,93.81932067871094,93.81932067871094,58857
2024-09-02 00:00:00+02:00,94.57745949544642,95.24082553747928,93.81932067871094,93.81932067871094,18341
2024-09-03 00:00:00+02:00,94.57745949544642,95.24082553747928,93.62978958960086,93.81932067871094,3527
2024-09-04 00:00:00+02:00,93.81932465926461,99.50534433558367,93.25072413766229,98.0838394165039,16456
2024-09-05 00:00:00+02:00,99.50534444459727,101.40068433878008,98.08383952396017,100.92684936523438,24450
2024-09-06 00:00:00+02:00,100.45301818847656,101.8745231628418,100.45301818847656,100.45301818847656,8644
2024-09-09 00:00:00+02:00,99.5053482055664,101.40068817138672,99.5053482055664,101.40068817138672,2044
2024-09-10 00:00:00+02:00,101.40068433878008,102.34835428587148,99.50534444459727,100.92684936523438,2916
2024-09-11 00:00:00+02:00,101.40068817138672,101.40068817138672,99.97918319702148,100.45301818847656,1637
2024-09-12 00:00:00+02:00,99.97917941814298,101.40068433878008,99.97917941814298,100.92684936523438,4887
2024-09-13 00:00:00+02:00,101.40068817138672,101.40068817138672,100.45301818847656,101.40068817138672,1627
2024-09-16 00:00:00+02:00,101.40068817138672,102.34835815429688,100.45301818847656,101.40068817138672,4083
2024-09-17 00:00:00+02:00,102.34835442590497,105.191364271069,101.87451945171097,104.717529296875,5062
2024-09-18 00:00:00+02:00,105.19136047363281,105.19136047363281,101.87451577401376,105.19136047363281,3455
2024-09-19 00:00:00+02:00,105.94953021296749,106.92154425161856,104.00550213566532,104.9775161743164,1733
2024-09-20 00:00:00+02:00,104.97752186949825,106.4355430065746,103.51950073242188,103.51950073242188,1310
2024-09-23 00:00:00+02:00,103.51950073242188,106.4355430065746,103.51950073242188,103.51950073242188,577
2024-09-24 00:00:00+02:00,106.43553723229302,106.43553723229302,103.51949511633978,104.9775161743164,246
2024-09-25 00:00:00+02:00,104.49151611328125,104.49151611328125,103.0334949582122,104.49151611328125,3019
2024-09-26 00:00:00+02:00,104.49151611328125,104.97752316497093,103.0334949582122,104.49151611328125,839
2024-09-27 00:00:00+02:00,104.4915141699449,104.4915141699449,102.06147895669038,103.03349304199219,1604
2024-09-30 00:00:00+02:00,103.0334906838157,106.92154693603516,103.0334906838157,106.92154693603516,1753
2024-10-01 00:00:00+02:00,106.92155015733506,109.3515853881836,105.46352901882595,109.3515853881836,3350
2024-10-02 00:00:00+02:00,109.83759112849899,109.83759112849899,106.92154888614945,108.37957000732422,1661
2024-10-03 00:00:00+02:00,108.37956530959518,109.83758636757179,104.9775161743164,104.9775161743164,5490
2024-10-04 00:00:00+02:00,104.00550213566532,108.37956530959518,104.00550213566532,104.9775161743164,2371
2024-10-07 00:00:00+02:00,104.97751988002233,104.97751988002233,102.06147766113281,102.06147766113281,2553
2024-10-08 00:00:00+02:00,102.06147700405577,104.97751920417166,97.20140667052931,101.57546997070312,2859
2024-10-09 00:00:00+02:00,101.57546931046706,104.4915114916288,100.60345525007982,101.08946228027344,1219
2024-10-10 00:00:00+02:00,102.06148085483285,105.46353021666062,102.06148085483285,104.49151611328125,26796
2024-10-11 00:00:00+02:00,104.49151482380613,105.46352891519037,103.03349368672976,103.51950073242188,21255
2024-10-14 00:00:00+02:00,103.51950073242188,103.51950073242188,102.06147959534552,103.51950073242188,3604
2024-10-15 00:00:00+02:00,103.51950200990188,105.46353021666062,103.51950200990188,104.49151611328125,31233
2024-10-16 00:00:00+02:00,104.97751750421087,105.94953155517578,104.97751750421087,105.94953155517578,66125
2024-10-17 00:00:00+02:00,105.94953021296749,106.43553723229302,104.49150915499087,104.9775161743164,66446
2024-10-18 00:00:00+02:00,104.97751880992543,106.92154693603516,104.00550474687056,106.92154693603516,1275
2024-10-21 00:00:00+02:00,106.92155071508104,107.40755776378596,102.54748727673682,104.00550842285156,2690
2024-10-22 00:00:00+02:00,103.51949877057757,104.97751988002233,101.08946358816965,102.06147766113281,41609
2024-10-23 00:00:00+02:00,101.57547127240078,103.03349239114337,101.0894642328199,102.5474853515625,1107
2024-10-24 00:00:00+02:00,102.5474830174555,106.43553924560547,102.5474830174555,106.43553924560547,650
2024-10-25 00:00:00+02:00,106.43553924560547,107.40755330264297,105.46352518856798,106.43553924560547,1824
2024-10-28 00:00:00+01:00,107.40755263162316,107.40755263162316,105.94953155517578,105.94953155517578,2288
2024-10-29 00:00:00+01:00,105.94953352293817,107.40755462646484,105.94953352293817,107.40755462646484,12592
2024-10-30 00:00:00+01:00,107.40755396756259,107.40755396756259,106.43553990450772,106.92154693603516,3093
2024-10-31 00:00:00+01:00,106.92154627412421,109.35158141671795,105.94953221708673,106.43553924560547,1857
2024-11-04 00:00:00+01:00,107.89355804846676,110.32359313964844,106.43553699375775,110.32359313964844,6657
2024-11-05 00:00:00+01:00,110.32359578186299,112.75363093124324,110.32359578186299,112.26762390136719,2148
2024-11-06 00:00:00+01:00,111.78161554461484,112.75362959282887,110.80960149640079,111.29560852050781,1317
2024-11-07 00:00:00+01:00,111.78161687149114,112.75363093124324,110.80960281173904,112.26762390136719,2358
2024-11-08 00:00:00+01:00,112.26762776435176,123.44578983612703,112.26762776435176,115.18367004394531,14743
2024-11-12 00:00:00+01:00,115.1836676461356,119.55773097446986,115.1836676461356,119.07172393798828,5866
2024-11-13 00:00:00+01:00,119.07172328136006,121.5017584503674,118.5857162475586,118.5857162475586,11490
2024-11-14 00:00:00+01:00,120.52974097599046,120.52974097599046,112.26762163489434,116.15567779541016,4631
2024-11-15 00:00:00+01:00,116.15567806310821,116.15567806310821,110.80960083007812,110.80960083007812,3974
2024-11-18 00:00:00+01:00,110.32359833412983,115.66967578644449,110.32359833412983,114.21165466308594,2096
2024-11-19 00:00:00+01:00,114.21165202087138,115.18366608062348,110.80960281173904,112.26762390136719,8098
2024-11-20 00:00:00+01:00,112.26762585762219,114.21165401100093,110.80960474258815,113.72564697265625,2508
2024-11-21 00:00:00+01:00,113.7256459095439,120.52974438276448,112.26762480813949,118.5857162475586,9394
2024-11-22 00:00:00+01:00,119.55773162841797,119.55773162841797,116.6416893935785,119.55773162841797,754
2024-11-25 00:00:00+01:00,119.55773097446986,119.55773097446986,118.09970986502512,119.07172393798828,719
2024-11-26 00:00:00+01:00,119.5577321154006,119.5577321154006,114.21165466308594,114.21165466308594,839
2024-11-27 00:00:00+01:00,113.72564295718544,113.72564295718544,107.40755168178626,110.80960083007812,6041
2024-11-28 00:00:00+01:00,112.26762766520183,112.26762766520183,102.54748674180773,109.3515853881836,15135
2024-11-29 00:00:00+01:00,107.89356488253163,110.80960717665411,107.89356488253163,109.83759307861328,1475
2024-12-02 00:00:00+01:00,109.8375861214121,110.80960015788477,108.86557208493943,110.32359313964844,9531
2024-12-03 00:00:00+01:00,110.32359770424345,114.69766104934563,109.83759066589877,113.72564697265625,3241
2024-12-04 00:00:00+01:00,113.72564762196643,116.15568282756401,113.72564762196643,114.21165466308594,6379
2024-12-05 00:00:00+01:00,114.69765869645047,118.099707895074,113.72564463970089,117.61370086669922,3516
2024-12-06 00:00:00+01:00,119.07172714233398,121.50176239013672,119.07172714233398,121.50176239013672,7228
2024-12-09 00:00:00+01:00,120.5297457066978,120.5297457066978,118.58571755013814,119.55773162841797,11276
2024-12-10 00:00:00+01:00,119.0717258761006,121.98776814245409,119.0717258761006,120.52974700927734,9041
2024-12-11 00:00:00+01:00,120.52974504743304,121.01575208391462,117.61370282854352,119.07172393798828,1784
2024-12-12 00:00:00+01:00,119.55773227707095,120.04373931884766,118.09971115174082,120.04373931884766,7257
2024-12-13 00:00:00+01:00,121.01575340240107,121.01575340240107,118.58571819351752,120.04373931884766,677
2024-12-16 00:00:00+01:00,119.5577299230239,124.41780024509804,119.5577299230239,123.93179321289062,6289
2024-12-17 00:00:00+01:00,123.93179121471587,125.87581931220161,122.47377014160156,122.47377014160156,4969
2024-12-18 00:00:00+01:00,123.93179430280414,123.93179430280414,114.21165357317244,119.07172393798828,17936
2024-12-19 00:00:00+01:00,119.0717258761006,122.47377518684632,115.66967656535486,120.52974700927734,10834
2024-12-20 00:00:00+01:00,120.52974619763964,121.98776732099817,114.21165466308594,114.21165466308594,42887
2024-12-23 00:00:00+01:00,114.69766123701886,121.0157527458377,114.69766123701886,119.55773162841797,6435
2024-12-27 00:00:00+01:00,119.55773292049285,121.01575405366958,117.61370474292386,120.52974700927734,1512
2024-12-30 00:00:00+01:00,121.5017560928587,123.44578419034444,118.5857139466301,122.47377014160156,3213
2025-01-02 00:00:00+01:00,120.04373501974439,122.47377014160156,119.55772799537296,122.47377014160156,6072
2025-01-03 00:00:00+01:00,123.44578927563083,125.38981745319981,120.52974700927734,120.52974700927734,4071
2025-01-07 00:00:00+01:00,120.0437343643006,125.38981160319659,120.0437343643006,121.98776245117188,3511
2025-01-08 00:00:00+01:00,123.44578861128464,124.41780269483806,120.04373931884766,120.04373931884766,6474
2025-01-09 00:00:00+01:00,124.41780024509804,124.41780024509804,122.95977914847579,123.93179321289062,1812
2025-01-10 00:00:00+01:00,124.41780155642023,125.38981563107976,123.93179451909046,124.90380859375,7534
2025-01-13 00:00:00+01:00,124.41780065317623,124.41780065317623,118.5857162475586,118.5857162475586,4710
2025-01-14 00:00:00+01:00,119.55773227707095,121.50176044417779,118.58571819351752,120.04373931884766,1943
2025-01-15 00:00:00+01:00,121.01574840773624,123.44578351632532,121.01574840773624,121.98776245117188,1429
2025-01-16 00:00:00+01:00,121.98776311723013,123.44578419034444,121.98776311723013,122.47377014160156,1656
2025-01-17 00:00:00+01:00,123.93179092117136,128.30585413015388,122.47376985151051,127.8198471069336,25463
2025-01-20 00:00:00+01:00,127.81984682848854,134.6239451387503,127.81984682848854,133.16592407226562,13775
2025-01-21 00:00:00+01:00,133.16592204526782,133.65192906003156,131.70790100097656,131.70790100097656,2893
2025-01-22 00:00:00+01:00,132.679921594803,138.02599902169985,132.1939145559942,136.56797790527344,5864
2025-01-23 00:00:00+01:00,137.05398624271893,137.5399932861328,134.13794398223556,137.5399932861328,7922
2025-01-24 00:00:00+01:00,137.5399913242885,138.99801243373327,134.623949105399,136.08197021484375,4255
2025-01-27 00:00:00+01:00,135.10995743122507,137.05398559570312,135.10995743122507,137.05398559570312,6244
2025-01-28 00:00:00+01:00,137.05397886388442,138.02599289838005,129.76387360516716,132.19390869140625,4128
2025-01-29 00:00:00+01:00,134.137937440977,135.10995148040436,132.19390936212227,132.67991638183594,18199
2025-01-30 00:00:00+01:00,134.13794461102555,138.0260009765625,132.67992347394917,138.0260009765625,11774
2025-01-31 00:00:00+01:00,137.5399860963983,143.3720703125,136.56797206038135,143.3720703125,10782
2025-02-03 00:00:00+01:00,142.8860740661621,142.8860740661621,137.53999646504718,139.97003173828125,2000
2025-02-04 00:00:00+01:00,139.97002052774235,143.37206963779164,139.97002052774235,142.8860626220703,1594
2025-02-05 00:00:00+01:00,144.83009271589594,145.31609973843248,142.88606462574967,144.34408569335938,2314
2025-02-06 00:00:00+01:00,144.83009204349003,145.3160990637702,140.94203588124867,143.8580780029297,2636
2025-02-07 00:00:00+01:00,143.8580780029297,149.20415522601152,140.94203588124867,143.8580780029297,6213
2025-02-10 00:00:00+01:00,142.8860626220703,143.85807665351297,141.42804157490633,142.8860626220703,2146
2025-02-11 00:00:00+01:00,142.8860626220703,142.8860626220703,139.48401351202102,142.8860626220703,2857
2025-02-12 00:00:00+01:00,144.83009204349003,147.74613416517101,143.8580780029297,143.8580780029297,1444
2025-02-13 00:00:00+01:00,144.83010228474933,145.31610933939615,138.9980176289876,139.97003173828125,3068
2025-02-14 00:00:00+01:00,142.88607209858142,143.85808619449014,138.02600161903783,138.5120086669922,5565
2025-02-17 00:00:00+01:00,138.5120026961617,138.5120026961617,134.137939453125,134.137939453125,5581
2025-02-18 00:00:00+01:00,136.08196245435997,144.83008861214026,134.13793441929766,141.42803955078125,2865
2025-02-19 00:00:00+01:00,143.37208241429823,144.34409653236128,136.08197652882544,140.94204711914062,3372
2025-02-20 00:00:00+01:00,137.05398878569386,139.9700311002831,137.05398878569386,139.48402404785156,2121
2025-02-21 00:00:00+01:00,138.9980144163745,139.97002850320231,137.5399932861328,137.5399932861328,1496
2025-02-24 00:00:00+01:00,137.5399939308704,138.99801506794674,137.05398688517826,138.0260009765625,2575
2025-02-25 00:00:00+01:00,137.05398559570312,138.02599967794217,136.56797855458362,137.05398559570312,1974
2025-02-26 00:00:00+01:00,137.53999457108347,138.5120086669922,135.59596637926603,138.5120086669922,1374
2025-02-27 00:00:00+01:00,138.5120086669922,138.5120086669922,137.0539875231291,138.5120086669922,904
2025-02-28 00:00:00+01:00,138.5120026961617,138.5120026961617,134.137939453125,134.137939453125,1579
2025-03-03 00:00:00+01:00,134.13794398223556,138.02600032954672,134.13794398223556,137.5399932861328,2723
2025-03-04 00:00:00+01:00,134.1379484018885,135.10996252074278,127.81985662933579,129.2778778076172,9611
2025-03-05 00:00:00+01:00,130.24988451621516,136.08196889753822,130.24988451621516,135.10995483398438,2183
2025-03-06 00:00:00+01:00,135.10995549027638,141.4280469340663,134.6239484561387,135.59596252441406,3832
2025-03-07 00:00:00+01:00,135.59596120235292,135.59596120235292,134.13794011415558,134.6239471435547,1235
2025-03-10 00:00:00+01:00,135.10995283647017,136.0819668856534,131.22189663973722,133.6519317626953,2441
2025-03-11 00:00:00+01:00,132.19391951650942,133.16593363060142,126.84784188900353,128.7918701171875,12809
2025-03-12 00:00:00+01:00,127.3338394165039,128.30585345785127,124.41779729246183,127.3338394165039,11753
2025-03-13 00:00:00+01:00,127.33384831746419,130.73589769999185,125.38982009887695,128.3058624267578,5434
2025-03-14 00:00:00+01:00,125.87581617567274,132.67991434733074,125.87581617567274,131.22189331054688,4555
2025-03-17 00:00:00+01:00,129.76387360516716,132.19390869140625,128.79185957067153,132.19390869140625,21093
2025-03-18 00:00:00+01:00,131.22190540241746,133.16593363060142,128.7918701171875,128.7918701171875,14376
2025-03-19 00:00:00+01:00,128.7918701171875,130.24989128832547,128.30586306014152,128.7918701171875,1146
2025-03-20 00:00:00+01:00,131.22190668341818,131.22190668341818,127.81985725088512,129.76388549804688,2110
2025-03-21 00:00:00+01:00,127.33384107506794,134.137939453125,127.33384107506794,134.137939453125,8889
2025-03-24 00:00:00+01:00,134.13794206891743,137.0539842878069,133.65193503243583,136.08197021484375,3992
2025-03-25 00:00:00+01:00,137.0539795592591,137.0539795592591,132.67991638183594,132.67991638183594,4428
2025-03-26 00:00:00+01:00,132.1939080157403,136.0819641338503,131.22189398621282,131.70790100097656,2503
2025-03-27 00:00:00+01:00,134.13794206891743,136.08197021484375,131.2218998500279,136.08197021484375,2488
2025-03-28 00:00:00+01:00,134.13794461102555,139.97002915933098,134.13794461102555,138.0260009765625,8506
2025-03-31 00:00:00+02:00,138.0260009765625,139.97002915933098,134.62395165671765,138.0260009765625,5020
2025-04-01 00:00:00+02:00,132.193917654611,138.99801635742188,132.193917654611,138.99801635742188,7374
2025-04-02 00:00:00+02:00,136.859587033253,139.38681477179725,136.47077249764453,138.0260009765625,1879
2025-04-03 00:00:00+02:00,137.05398296109206,137.05398296109206,135.10995483398438,135.10995483398438,2110
2025-04-04 00:00:00+02:00,134.52673644149291,134.52673644149291,131.22189465691062,132.19390869140625,23912
2025-04-07 00:00:00+02:00,127.52824401855469,129.66667202298663,117.6137033930919,127.52824401855469,5076
2025-04-08 00:00:00+02:00,128.3058608299888,132.19391721877633,128.3058608299888,129.47227478027344,2644
2025-04-09 00:00:00+02:00,129.4722637518156,130.2498779296875,127.72263555954306,130.2498779296875,1775
2025-04-10 00:00:00+02:00,133.16593356362927,135.1099617908355,130.24989122281985,133.5547332763672,1858
2025-04-11 00:00:00+02:00,132.9715340605931,132.9715340605931,130.44429142580623,131.4163055419922,5182
2025-04-14 00:00:00+02:00,131.416299698269,137.44278398428912,131.416299698269,136.08197021484375,2362
2025-04-15 00:00:00+02:00,136.0819772437853,137.44279108351975,134.52674871401007,136.66519165039062,3906
2025-04-16 00:00:00+02:00,132.19392069530687,134.91556320538547,131.61070628894774,134.52674865722656,10053
2025-04-17 00:00:00+02:00,134.137939453125,135.3043533515833,134.137939453125,134.137939453125,1286
2025-04-22 00:00:00+02:00,133.7491397642247,135.49875319603345,133.55472508801714,134.137939453125,5040
2025-04-23 00:00:00+02:00,133.74914614795674,138.99801635742188,133.55473146246993,138.99801635742188,12040
2025-04-24 00:00:00+02:00,138.99801924252938,139.581233647579,137.44279071690258,138.80361938476562,2836
2025-04-25 00:00:00+02:00,138.22039507803746,139.77562349225252,138.22039507803746,138.414794921875,5686
2025-04-28 00:00:00+02:00,138.4148019644777,138.99801635742188,137.24838801034747,138.99801635742188,1914
2025-04-29 00:00:00+02:00,138.609212224143,141.9140541272807,138.02599784982098,140.35882568359375,4253
2025-04-30 00:00:00+02:00,138.99801477012718,141.91405703803196,138.99801477012718,140.1644287109375,3347
2025-05-02 00:00:00+02:00,140.16442728847642,143.8580837566889,140.16442728847642,143.4692840576172,4342
2025-05-05 00:00:00+02:00,143.46927985654517,144.2468792319189,142.69166564941406,142.69166564941406,2820
2025-05-06 00:00:00+02:00,142.88607243490242,142.88607243490242,140.94204423850917,141.13644409179688,8632
2025-05-07 00:00:00+02:00,142.49727315249282,150.6621856689453,142.49727315249282,150.6621856689453,17114
2025-05-08 00:00:00+02:00,150.66218213337223,160.18792306686603,150.66218213337223,159.41030883789062,13335
2025-05-09 00:00:00+02:00,160.38231891134512,161.54873280980343,154.55023458729622,156.4942626953125,9463
2025-05-12 00:00:00+02:00,156.49426660305116,160.38232291617044,156.49426660305116,159.41030883789062,6831
2025-05-13 00:00:00+02:00,159.4103057351591,161.74313354492188,159.02150604411784,161.74313354492188,3973
2025-05-14 00:00:00+02:00,161.74313615652966,163.8815789870579,159.4103083090996,163.68716430664062,5813
2025-05-15 00:00:00+02:00,161.35433959960938,163.29836778755646,159.9935258007496,161.35433959960938,1440
2025-05-16 00:00:00+02:00,159.41030332749665,161.9375457763672,157.46627523813694,161.9375457763672,4973
2025-05-19 00:00:00+02:00,161.354335412759,161.93754978671302,160.38232134400747,160.57672119140625,5090
2025-05-20 00:00:00+02:00,160.38231913795144,160.38231913795144,153.38382090555598,154.3558349609375,2519
2025-05-21 00:00:00+02:00,154.3558392713964,154.3558392713964,150.85658264160156,150.85658264160156,1075
2025-05-22 00:00:00+02:00,150.6621856689453,151.63419977003528,150.6621856689453,150.6621856689453,1388
2025-05-23 00:00:00+02:00,149.69017028808594,150.46778452866135,146.57972815754223,149.69017028808594,4585
2025-05-26 00:00:00+02:00,148.13493088773035,150.4677734375,148.13493088773035,150.4677734375,2865
2025-05-27 00:00:00+02:00,150.46777630642524,150.46777630642524,147.55173418743155,150.27337646484375,1553
2025-05-28 00:00:00+02:00,148.91255284375967,157.2718797945238,148.91255284375967,156.29986572265625,1343
2025-05-29 00:00:00+02:00,156.68866516416034,160.38232159760832,156.68866516416034,158.43829345703125,1722
2025-05-30 00:00:00+02:00,158.43828808286653,158.43828808286653,154.55023193359375,154.55023193359375,2409
2025-06-02 00:00:00+02:00,147.16292206695866,150.27337890990037,141.33083773407907,150.07896423339844,5134
2025-06-03 00:00:00+02:00,150.07895907747542,150.66217342343018,145.60770347493101,148.329345703125,4970
2025-06-04 00:00:00+02:00,148.71815308156332,154.16143781986608,148.71815308156332,152.0229949951172,1615
2025-06-05 00:00:00+02:00,153.7726259053977,158.43829649870503,153.7726259053977,153.96702575683594,790
2025-06-06 00:00:00+02:00,155.52224731445312,160.18791770023816,153.57821922302244,155.52224731445312,2617
2025-06-09 00:00:00+02:00,156.49426687319786,157.4662809531556,156.49426687319786,157.27188110351562,2704
2025-06-10 00:00:00+02:00,157.4662847895523,160.18792724609375,156.6886705402893,160.18792724609375,1954
2025-06-11 00:00:00+02:00,161.35434120410915,162.13195545337217,160.18792724609375,160.18792724609375,1029
2025-06-12 00:00:00+02:00,160.38231869084825,160.38231869084825,158.43829058550463,158.6326904296875,1417
2025-06-13 00:00:00+02:00,158.4383004128571,158.4383004128571,155.52225807397014,156.88307189941406,959
2025-06-16 00:00:00+02:00,156.88306944590073,157.07748413085938,156.29986988629906,157.07748413085938,396
2025-06-17 00:00:00+02:00,157.07747572030055,157.07747572030055,155.52224731445312,155.52224731445312,1097
2025-06-18 00:00:00+02:00,155.52225617439515,156.88306998321787,150.6621856689453,150.6621856689453,829
2025-06-20 00:00:00+02:00,151.05097851486116,151.05097851486116,147.94053649902344,147.94053649902344,5593
2025-06-23 00:00:00+02:00,147.7461440149986,150.6621863310841,145.80211580427493,146.3853302001953,3293
2025-06-24 00:00:00+02:00,148.3293539045691,149.69016767802992,146.3853257529064,147.7461395263672,1302
2025-06-25 00:00:00+02:00,147.74614494837363,154.355843872942,147.74614494837363,149.4957733154297,4043
2025-06-26 00:00:00+02:00,149.4957742213589,153.18943083380307,149.4957742213589,152.60621643066406,750
2025-06-27 00:00:00+02:00,151.6341911315918,155.52224731445312,151.0509767714597,155.52224731445312,452
2025-06-30 00:00:00+02:00,155.52225680923488,158.24389926974814,154.93904241349696,155.9110565185547,442
2025-07-01 00:00:00+02:00,154.74463443174636,156.8830623842128,154.55023458729622,156.4942626953125,2430
2025-07-02 00:00:00+02:00,156.49426787405304,160.38232421875,155.52225378787878,160.38232421875,6279
2025-07-03 00:00:00+02:00,160.38231469332337,160.38231469332337,159.410300664879,159.99351501464844,2007
2025-07-04 00:00:00+02:00,160.18792724609375,160.38232710046995,159.99352739171752,160.18792724609375,939
2025-07-07 00:00:00+02:00,160.18792306686603,160.38232291617044,159.02150913928182,159.41030883789062,1236
2025-07-08 00:00:00+02:00,159.9935290060248,160.38232871870014,159.02151489257812,159.02151489257812,6539
2025-07-09 00:00:00+02:00,160.38232421875,160.38232421875,159.02151043080923,160.38232421875,1791
2025-07-10 00:00:00+02:00,160.38231847621705,165.2423887330721,160.38231847621705,160.7711181640625,9839
2025-07-11 00:00:00+02:00,163.1039685957945,167.1864248406685,162.52075420434474,166.60321044921875,15087
2025-07-14 00:00:00+02:00,166.99202070142408,170.1024627685547,166.99202070142408,170.1024627685547,21886
2025-07-15 00:00:00+02:00,171.07446963484117,179.43379624288283,169.13044157080887,175.93453979492188,9703
2025-07-16 00:00:00+02:00,175.93455217263855,176.90656627303986,174.57373836477996,176.1289520263672,1895
2025-07-17 00:00:00+02:00,176.9065645057537,181.57223510742188,176.9065645057537,181.57223510742188,14957
2025-07-18 00:00:00+02:00,181.37782396530002,181.37782396530002,178.65618171442947,180.21139526367188,2928
2025-07-21 00:00:00+02:00,180.01700116424394,180.40581568777057,178.85058725717906,179.82260131835938,1581
2025-07-22 00:00:00+02:00,180.79460995500258,180.79460995500258,169.7136559227214,175.93453979492188,2263
2025-07-23 00:00:00+02:00,175.93453988012402,176.9065539126109,169.5192413330078,169.5192413330078,2657
2025-07-24 00:00:00+02:00,167.18641528748628,171.07447145696273,163.29835911800987,166.2144012451172,5321
2025-07-25 00:00:00+02:00,166.2143985364564,166.2143985364564,163.29835645686944,164.27037048339844,2538
2025-07-28 00:00:00+02:00,164.27037958665326,173.79612054086994,160.38232326507568,171.07447814941406,8002
2025-07-29 00:00:00+02:00,171.07447684151785,171.07447684151785,165.43679225197994,170.1024627685547,8550
2025-07-30 00:00:00+02:00,173.01849920222332,174.96252728314718,170.49125676431944,174.76812744140625,1803
2025-07-31 00:00:00+02:00,174.76813886968617,174.76813886968617,171.8520965576172,171.8520965576172,553
2025-08-01 00:00:00+02:00,171.46327473100644,174.96253128949945,170.10246097590223,173.4073028564453,1396
2025-08-04 00:00:00+02:00,173.40730989797498,173.9905242919922,171.0744819854225,173.9905242919922,1289
2025-08-05 00:00:00+02:00,174.18491461824894,174.18491461824894,172.04648667675377,173.60171508789062,542
2025-08-06 00:00:00+02:00,172.62971234971954,173.60172646242796,164.27038504772378,168.5472412109375,4699
2025-08-07 00:00:00+02:00,169.13044173596202,173.79611206054688,168.54722738348,173.79611206054688,1003
2025-08-08 00:00:00+02:00,173.79612443790583,173.9905242919922,173.79612443790583,173.9905242919922,1503
2025-08-11 00:00:00+02:00,174.18492414607854,174.96253839418208,173.79612443790583,173.9905242919922,1730
2025-08-12 00:00:00+02:00,174.5737390152332,174.5737390152332,170.29686805847712,171.8520965576172,1587
2025-08-13 00:00:00+02:00,173.99051343245932,174.76812763202847,172.43528503332104,172.62969970703125,2136
2025-08-14 00:00:00+02:00,172.82410646047555,173.40730600965747,165.24239366704768,171.07447814941406,2131
2025-08-18 00:00:00+02:00,171.07447684151785,172.04649091448104,169.32484854383262,170.1024627685547,1713
2025-08-19 00:00:00+02:00,170.10246406901967,173.99052039059725,170.10246406901967,171.07447814941406,1578
2025-08-20 00:00:00+02:00,171.07448383668273,172.43529766177122,168.35284135474748,168.5472412109375,1343
2025-08-21 00:00:00+02:00,168.54724027270385,169.71366906686757,165.24239824059524,165.43679809570312,1329
2025-08-22 00:00:00+02:00,166.9920266000826,167.18642645519049,164.27038413329763,165.43679809570312,1581
2025-08-25 00:00:00+02:00,166.99201810377585,168.74164637424474,165.4367896785241,168.15843200683594,734
2025-08-26 00:00:00+02:00,168.15843332224878,169.90806160640406,168.15843332224878,169.1304473876953,572
2025-08-27 00:00:00+02:00,168.93605516158277,168.93605516158277,163.29837036132812,163.29837036132812,2553
2025-08-28 00:00:00+02:00,163.29836216906483,165.82560465914622,161.35433404800455,163.88157653808594,2266
2025-08-29 00:00:00+02:00,160.57671553232734,166.21439989875344,148.52374743728433,165.2423858642578,10055
2025-09-01 00:00:00+02:00,165.2423858642578,165.2423858642578,158.63268746333608,165.2423858642578,5938
2025-09-02 00:00:00+02:00,166.21440975836774,166.21440975836774,161.54873914967598,163.49276733398438,943
2025-09-03 00:00:00+02:00,163.49275781139576,165.24238604171833,162.32634393509977,163.1039581298828,1613
2025-09-04 00:00:00+02:00,162.90956808267026,165.82561036459091,161.35433959960938,161.35433959960938,914
2025-09-05 00:00:00+02:00,165.24239536490984,166.21440945529164,163.49276703587094,165.63119506835938,1931
2025-09-08 00:00:00+02:00,166.21440257582552,169.1304447262786,166.21440257582552,167.18641662597656,4525
2025-09-09 00:00:00+02:00,167.18642054966517,170.1024627685547,166.99202070142408,170.1024627685547,3129
2025-09-10 00:00:00+02:00,166.9920183316302,167.7696325453171,164.27037599960477,166.02000427246094,2395
2025-09-11 00:00:00+02:00,167.18641393324907,168.3528278082924,164.27037182976218,165.2423858642578,1754
2025-09-12 00:00:00+02:00,165.24239857991535,165.24239857991535,163.29837036132812,163.29837036132812,988
2025-09-15 00:00:00+02:00,161.35432972627527,166.21439989875344,158.43828762278838,165.2423858642578,3474
2025-09-16 00:00:00+02:00,168.15843088968353,168.15843088968353,164.65917437199295,165.04798889160156,995
2025-09-17 00:00:00+02:00,166.21439989875344,166.21439989875344,164.27037182976218,165.2423858642578,9057
2025-09-18 00:00:00+02:00,165.04799838548738,166.02001249278499,164.8535985303795,165.43679809570312,720
2025-09-19 00:00:00+02:00,165.43679277034653,170.10246330154033,165.2423929214963,165.8256072998047,2875
2025-09-22 00:00:00+02:00,165.8255987014627,170.102454481436,165.8255987014627,166.40879821777344,1055
2025-09-23 00:00:00+02:00,169.13044629545107,169.13044629545107,165.4367899042564,166.02000427246094,829
2025-09-24 00:00:00+02:00,170.1999969482422,172.1999969482422,167.0,169.39999389648438,1765
2025-09-25 00:00:00+02:00,170.0,170.8000030517578,166.0,166.8000030517578,1620
2025-09-26 00:00:00+02:00,169.39999389648438,170.0,166.8000030517578,168.39999389648438,769
2025-09-29 00:00:00+02:00,167.1999969482422,167.1999969482422,160.39999389648438,162.1999969482422,4541
2025-09-30 00:00:00+02:00,162.0,162.0,159.1999969482422,161.8000030517578,3458
2025-10-01 00:00:00+02:00,161.8000030517578,164.60000610351562,160.0,162.0,2846
2025-10-02 00:00:00+02:00,164.0,167.8000030517578,162.1999969482422,167.0,2621
2025-10-03 00:00:00+02:00,167.0,169.60000610351562,165.8000030517578,169.60000610351562,61472
2025-10-06 00:00:00+02:00,170.8000030517578,172.39999389648438,169.0,170.0,8992
2025-10-07 00:00:00+02:00,172.1999969482422,175.0,171.1999969482422,173.0,17353
2025-10-08 00:00:00+02:00,170.0,173.0,169.1999969482422,171.0,1729
2025-10-09 00:00:00+02:00,170.0,173.0,169.60000610351562,173.0,2702
2025-10-10 00:00:00+02:00,173.0,176.0,170.1999969482422,176.0,10186
2025-10-13 00:00:00+02:00,172.60000610351562,176.0,171.39999389648438,176.0,21041
2025-10-14 00:00:00+02:00,175.0,175.0,172.39999389648438,175.0,64931
2025-10-15 00:00:00+02:00,174.39999389648438,175.39999389648438,173.0,174.8000030517578,22007
2025-10-16 00:00:00+02:00,173.0,173.8000030517578,172.0,172.0,770
2025-10-17 00:00:00+02:00,172.0,172.0,165.1999969482422,166.0,2097
2025-10-20 00:00:00+02:00,166.1999969482422,167.8000030517578,164.0,165.1999969482422,1879
2025-10-21 00:00:00+02:00,165.0,165.0,160.0,161.0,3108
2025-10-22 00:00:00+02:00,161.0,161.0,155.0,158.1999969482422,5792
2025-10-23 00:00:00+02:00,158.1999969482422,159.0,157.8000030517578,158.1999969482422,1364
2025-10-24 00:00:00+02:00,158.0,163.0,158.0,162.39999389648438,898
2025-10-27 00:00:00+01:00,161.8000030517578,163.1999969482422,158.39999389648438,159.0,1242
2025-10-28 00:00:00+01:00,160.39999389648438,160.39999389648438,156.1999969482422,156.39999389648438,1930
2025-10-29 00:00:00+01:00,156.39999389648438,157.8000030517578,155.1999969482422,156.0,1963
2025-10-30 00:00:00+01:00,155.39999389648438,156.0,155.0,155.1999969482422,1379
2025-10-31 00:00:00+01:00,155.1999969482422,155.1999969482422,151.39999389648438,152.1999969482422,6914
2025-11-03 00:00:00+01:00,152.1999969482422,157.0,151.60000610351562,152.1999969482422,2966
2025-11-04 00:00:00+01:00,152.0,153.0,151.0,151.60000610351562,4006
2025-11-05 00:00:00+01:00,151.60000610351562,155.39999389648438,151.1999969482422,155.39999389648438,1160
2025-11-06 00:00:00+01:00,155.39999389648438,155.39999389648438,153.60000610351562,154.0,2742
2025-11-07 00:00:00+01:00,156.0,156.8000030517578,152.60000610351562,154.0,3868
2025-11-10 00:00:00+01:00,154.8000030517578,158.60000610351562,154.8000030517578,158.0,982
2025-11-12 00:00:00+01:00,158.1999969482422,160.39999389648438,157.0,158.8000030517578,2323
2025-11-13 00:00:00+01:00,157.8000030517578,158.0,155.0,158.0,878
2025-11-14 00:00:00+01:00,158.0,158.1999969482422,152.60000610351562,155.0,1132
2025-11-17 00:00:00+01:00,155.39999389648438,156.0,151.1999969482422,153.39999389648438,657
2025-11-18 00:00:00+01:00,154.39999389648438,155.60000610351562,150.1999969482422,150.1999969482422,871
2025-11-19 00:00:00+01:00,150.60000610351562,151.0,143.60000610351562,144.60000610351562,8446
2025-11-20 00:00:00+01:00,144.60000610351562,148.8000030517578,139.1999969482422,148.0,4595
2025-11-21 00:00:00+01:00,147.1999969482422,147.1999969482422,142.39999389648438,144.0,7584
2025-11-24 00:00:00+01:00,144.0,144.0,137.1999969482422,140.0,6213
2025-11-25 00:00:00+01:00,139.8000030517578,143.0,139.60000610351562,143.0,3007
2025-11-26 00:00:00+01:00,143.0,143.0,140.1999969482422,141.0,3622
2025-11-27 00:00:00+01:00,141.1999969482422,143.0,140.60000610351562,141.1999969482422,1857
2025-11-28 00:00:00+01:00,142.0,144.39999389648438,140.1999969482422,140.1999969482422,3535
2025-12-01 00:00:00+01:00,141.0,143.0,138.0,139.0,2905
2025-12-02 00:00:00+01:00,139.0,139.60000610351562,132.1999969482422,132.1999969482422,4913
2025-12-03 00:00:00+01:00,134.8000030517578,135.39999389648438,133.0,133.60000610351562,1915
2025-12-04 00:00:00+01:00,133.8000030517578,134.60000610351562,132.0,133.1999969482422,2460
2025-12-05 00:00:00+01:00,131.60000610351562,133.1999969482422,130.8000030517578,133.1999969482422,1825
2025-12-08 00:00:00+01:00,132.60000610351562,132.60000610351562,124.19999694824219,125.5999984741211,6591
2025-12-09 00:00:00+01:00,126.80000305175781,127.4000015258789,122.4000015258789,123.4000015258789,6749
2025-12-10 00:00:00+01:00,123.4000015258789,125.80000305175781,121.4000015258789,122.0,6866
2025-12-11 00:00:00+01:00,121.80000305175781,122.0,119.0,120.80000305175781,7897
2025-12-12 00:00:00+01:00,120.4000015258789,121.80000305175781,119.0,121.0,11619
2025-12-15 00:00:00+01:00,123.0,124.0,121.4000015258789,123.0,6171
2025-12-16 00:00:00+01:00,123.80000305175781,124.0,119.0,121.80000305175781,5038
2025-12-17 00:00:00+01:00,122.80000305175781,123.80000305175781,119.80000305175781,121.19999694824219,13984
2025-12-18 00:00:00+01:00,122.5999984741211,122.5999984741211,119.0,119.80000305175781,2925
2025-12-19 00:00:00+01:00,119.80000305175781,119.80000305175781,116.19999694824219,117.19999694824219,10829
2025-12-22 00:00:00+01:00,117.19999694824219,121.5999984741211,117.19999694824219,119.5999984741211,13372
2025-12-23 00:00:00+01:00,119.19999694824219,121.5999984741211,118.80000305175781,120.80000305175781,9772
2025-12-29 00:00:00+01:00,120.80000305175781,123.0,119.4000015258789,120.0,5506
2025-12-30 00:00:00+01:00,119.5999984741211,121.4000015258789,119.19999694824219,119.80000305175781,10197
2026-01-02 00:00:00+01:00,123.0,123.0,120.5999984741211,121.5999984741211,12768
2026-01-05 00:00:00+01:00,121.5999984741211,128.8000030517578,121.5999984741211,128.8000030517578,8598
2026-01-07 00:00:00+01:00,129.8000030517578,133.39999389648438,129.8000030517578,133.1999969482422,14426
2026-01-08 00:00:00+01:00,134.39999389648438,134.60000610351562,128.8000030517578,129.1999969482422,15169
2026-01-09 00:00:00+01:00,130.8000030517578,140.8000030517578,130.0,139.39999389648438,11405
2026-01-12 00:00:00+01:00,144.8000030517578,145.0,139.1999969482422,140.0,11381
2026-01-13 00:00:00+01:00,140.0,141.0,135.60000610351562,137.1999969482422,9679
2026-01-14 00:00:00+01:00,139.1999969482422,139.1999969482422,137.0,138.1999969482422,4668
2026-01-15 00:00:00+01:00,138.1999969482422,138.1999969482422,136.39999389648438,137.60000610351562,5754
2026-01-16 00:00:00+01:00,137.60000610351562,142.39999389648438,136.60000610351562,142.0,12604
2026-01-19 00:00:00+01:00,142.0,142.60000610351562,139.8000030517578,141.1999969482422,5898
2026-01-20 00:00:00+01:00,142.8000030517578,142.8000030517578,138.1999969482422,139.60000610351562,7006
2026-01-21 00:00:00+01:00,140.0,140.60000610351562,138.0,140.60000610351562,2897
2026-01-22 00:00:00+01:00,140.8000030517578,141.39999389648438,140.60000610351562,141.1999969482422,5294
2026-01-23 00:00:00+01:00,141.1999969482422,141.39999389648438,139.0,139.0,2462
2026-01-26 00:00:00+01:00,139.0,140.39999389648438,137.60000610351562,137.60000610351562,2381
2026-01-27 00:00:00+01:00,138.39999389648438,138.39999389648438,135.60000610351562,138.1999969482422,3683
2026-01-28 00:00:00+01:00,137.1999969482422,138.1999969482422,135.39999389648438,136.60000610351562,2961
2026-01-29 00:00:00+01:00,136.60000610351562,138.8000030517578,133.0,138.8000030517578,4220
2026-01-30 00:00:00+01:00,138.8000030517578,138.8000030517578,136.60000610351562,138.0,1285
2026-02-02 00:00:00+01:00,140.0,140.0,138.0,138.39999389648438,1930
2026-02-03 00:00:00+01:00,139.0,140.0,138.39999389648438,138.8000030517578,2158
2026-02-04 00:00:00+01:00,138.8000030517578,139.39999389648438,137.60000610351562,138.1999969482422,2188
2026-02-05 00:00:00+01:00,138.0,138.39999389648438,135.0,136.1999969482422,2730
2026-02-06 00:00:00+01:00,135.39999389648438,137.1999969482422,134.0,137.1999969482422,8180
2026-02-09 00:00:00+01:00,137.8000030517578,138.8000030517578,137.0,137.0,3209
2026-02-10 00:00:00+01:00,137.1999969482422,138.8000030517578,137.0,137.39999389648438,1325
2026-02-11 00:00:00+01:00,137.39999389648438,143.8000030517578,137.39999389648438,142.0,9418
2026-02-12 00:00:00+01:00,143.1999969482422,143.39999389648438,140.60000610351562,142.1999969482422,2153
2026-02-13 00:00:00+01:00,142.1999969482422,142.8000030517578,140.39999389648438,142.0,4871
2026-02-16 00:00:00+01:00,142.0,142.0,139.39999389648438,139.8000030517578,7652
2026-02-17 00:00:00+01:00,139.8000030517578,141.0,138.1999969482422,141.0,1126
2026-02-18 00:00:00+01:00,141.0,141.0,138.39999389648438,139.60000610351562,875
2026-02-19 00:00:00+01:00,139.1999969482422,141.39999389648438,138.1999969482422,138.60000610351562,2221
2026-02-20 00:00:00+01:00,138.60000610351562,140.39999389648438,138.39999389648438,140.1999969482422,1466
2026-02-23 00:00:00+01:00,140.1999969482422,140.1999969482422,138.8000030517578,139.60000610351562,2517
2026-02-24 00:00:00+01:00,138.60000610351562,139.39999389648438,136.1999969482422,137.0,2492
2026-02-25 00:00:00+01:00,136.60000610351562,136.8000030517578,134.8000030517578,135.60000610351562,2251
2026-02-26 00:00:00+01:00,136.1999969482422,136.8000030517578,135.39999389648438,136.0,1776
2026-02-27 00:00:00+01:00,136.0,136.1999969482422,135.0,136.1999969482422,2033
2026-03-02 00:00:00+01:00,134.8000030517578,135.1999969482422,130.1999969482422,132.0,5293
2026-03-03 00:00:00+01:00,130.60000610351562,130.60000610351562,125.80000305175781,128.39999389648438,8991
2026-03-04 00:00:00+01:00,127.0,132.1999969482422,126.4000015258789,132.1999969482422,2729
2026-03-05 00:00:00+01:00,132.1999969482422,133.39999389648438,126.80000305175781,127.5999984741211,2942
2026-03-06 00:00:00+01:00,127.4000015258789,127.4000015258789,120.19999694824219,121.0,15052
2026-03-09 00:00:00+01:00,121.0,124.80000305175781,118.19999694824219,124.5999984741211,2787
2026-03-10 00:00:00+01:00,124.4000015258789,127.80000305175781,124.4000015258789,126.4000015258789,2098
2026-03-11 00:00:00+01:00,127.4000015258789,127.80000305175781,125.0,126.0,2000
2026-03-12 00:00:00+01:00,125.80000305175781,126.0,123.19999694824219,124.0,1744
2026-03-13 00:00:00+01:00,123.4000015258789,123.5999984741211,119.80000305175781,120.0,5177
2026-03-16 00:00:00+01:00,120.19999694824219,121.0,117.19999694824219,118.0,7089
2026-03-17 00:00:00+01:00,118.4000015258789,120.0,117.80000305175781,119.19999694824219,7387
2026-03-18 00:00:00+01:00,119.19999694824219,121.0,118.4000015258789,119.0,2908
2026-03-19 00:00:00+01:00,119.0,119.0,116.19999694824219,117.0,3387
2026-03-20 00:00:00+01:00,117.0,117.4000015258789,112.4000015258789,115.4000015258789,5986
2026-03-23 00:00:00+01:00,114.4000015258789,114.5999984741211,108.0,113.19999694824219,6917
2026-03-24 00:00:00+01:00,113.0,113.4000015258789,111.80000305175781,113.0,2740
2026-03-25 00:00:00+01:00,112.19999694824219,113.5999984741211,110.4000015258789,110.5999984741211,3020
2026-03-26 00:00:00+01:00,110.5999984741211,111.4000015258789,110.19999694824219,111.4000015258789,2459
2026-03-27 00:00:00+01:00,111.4000015258789,111.80000305175781,109.4000015258789,110.0,2369
2026-03-30 00:00:00+02:00,110.0,110.0,105.5999984741211,107.0,5567
2026-03-31 00:00:00+02:00,106.0,107.0,102.0,104.5999984741211,9721
2026-04-01 00:00:00+02:00,104.0,104.0,95.69999694824219,95.9000015258789,46467
2026-04-02 00:00:00+02:00,96.80000305175781,96.80000305175781,93.80000305175781,94.0,42539
2026-04-07 00:00:00+02:00,94.80000305175781,98.69999694824219,94.69999694824219,98.5,49750
2026-04-08 00:00:00+02:00,101.4000015258789,102.80000305175781,98.5999984741211,101.5999984741211,25556
2026-04-09 00:00:00+02:00,101.4000015258789,101.5999984741211,97.9000015258789,99.0999984741211,38560
2026-04-10 00:00:00+02:00,99.5,100.5999984741211,98.19999694824219,99.80000305175781,14285
2026-04-13 00:00:00+02:00,99.30000305175781,100.5999984741211,99.0,100.4000015258789,6555
2026-04-14 00:00:00+02:00,100.4000015258789,100.4000015258789,99.0999984741211,100.0,8125
2026-04-15 00:00:00+02:00,100.19999694824219,105.0,100.19999694824219,105.0,18146
2026-04-16 00:00:00+02:00,107.0,107.0,104.80000305175781,106.4000015258789,17372
2026-04-17 00:00:00+02:00,107.0,109.19999694824219,105.80000305175781,109.0,16502
2026-04-20 00:00:00+02:00,109.0,109.0,107.19999694824219,107.80000305175781,6537
2026-04-21 00:00:00+02:00,107.0,107.0,100.5999984741211,101.0,25265
2026-04-22 00:00:00+02:00,101.19999694824219,102.5999984741211,101.0,101.5999984741211,5002
2026-04-23 00:00:00+02:00,101.80000305175781,101.80000305175781,100.19999694824219,100.4000015258789,4822
2026-04-24 00:00:00+02:00,100.4000015258789,100.4000015258789,99.30000305175781,99.69999694824219,4783
2026-04-27 00:00:00+02:00,100.19999694824219,102.0,99.69999694824219,101.0,4085
2026-04-28 00:00:00+02:00,101.19999694824219,102.80000305175781,101.0,101.4000015258789,9823
2026-04-29 00:00:00+02:00,102.0,102.0,100.80000305175781,100.80000305175781,4012
2026-04-30 00:00:00+02:00,100.5999984741211,100.80000305175781,99.5,99.9000015258789,4705
2026-05-04 00:00:00+02:00,100.0,101.0,97.5,98.9000015258789,15127
2026-05-05 00:00:00+02:00,98.9000015258789,99.0,97.4000015258789,97.5999984741211,4885
2026-05-06 00:00:00+02:00,99.0,100.0,98.19999694824219,100.0,35493
2026-05-07 00:00:00+02:00,101.0,101.0,99.4000015258789,100.0,70238
2026-05-08 00:00:00+02:00,100.0,103.4000015258789,100.0,100.80000305175781,10928
2026-05-11 00:00:00+02:00,101.5999984741211,101.5999984741211,97.69999694824219,98.80000305175781,6122
2026-05-12 00:00:00+02:00,99.0,99.0999984741211,96.5,99.0,8107
2026-05-13 00:00:00+02:00,99.19999694824219,100.5999984741211,99.0999984741211,100.5999984741211,6021
2026-05-14 00:00:00+02:00,100.80000305175781,100.80000305175781,99.19999694824219,99.19999694824219,10007
2026-05-15 00:00:00+02:00,99.19999694824219,99.80000305175781,97.80000305175781,97.80000305175781,8633
2026-05-18 00:00:00+02:00,99.0,99.0,96.0999984741211,97.0,10585
2026-05-19 00:00:00+02:00,96.19999694824219,97.4000015258789,94.69999694824219,95.5999984741211,8882
2026-05-20 00:00:00+02:00,95.69999694824219,95.9000015258789,94.4000015258789,95.9000015258789,6921
2026-05-21 00:00:00+02:00,96.19999694824219,96.9000015258789,94.0,95.0,7076
2026-05-22 00:00:00+02:00,95.5,96.5,94.0,94.30000305175781,10220
2026-05-25 00:00:00+02:00,95.0,98.0999984741211,95.0,98.0999984741211,9020
2026-05-26 00:00:00+02:00,98.5,98.5,96.19999694824219,97.0999984741211,9858
2026-05-27 00:00:00+02:00,97.30000305175781,98.0,94.19999694824219,94.9000015258789,12978
2026-05-28 00:00:00+02:00,94.30000305175781,97.4000015258789,94.30000305175781,97.30000305175781,3166
2026-05-29 00:00:00+02:00,102.80000305175781,117.0,102.80000305175781,113.0,86487
2026-06-01 00:00:00+02:00,113.5999984741211,115.80000305175781,111.0,114.19999694824219,26459
2026-06-02 00:00:00+02:00,115.5999984741211,118.5999984741211,115.0,116.4000015258789,18315
2026-06-03 00:00:00+02:00,116.4000015258789,116.80000305175781,111.4000015258789,113.4000015258789,6533
2026-06-05 00:00:00+02:00,115.80000305175781,117.0,113.0,113.80000305175781,6110
2026-06-08 00:00:00+02:00,113.5999984741211,117.0,110.4000015258789,116.80000305175781,8191
2026-06-09 00:00:00+02:00,116.4000015258789,121.0,115.80000305175781,118.4000015258789,11171
2026-06-10 00:00:00+02:00,118.5999984741211,119.5999984741211,117.19999694824219,117.80000305175781,4085
2026-06-11 00:00:00+02:00,118.80000305175781,119.0,117.0,117.5999984741211,3182
2026-06-12 00:00:00+02:00,118.19999694824219,120.5999984741211,117.19999694824219,117.5999984741211,2565
2026-06-15 00:00:00+02:00,118.19999694824219,120.80000305175781,114.5999984741211,115.0,8758
2026-06-16 00:00:00+02:00,116.0,120.5999984741211,116.0,117.80000305175781,6226
2026-06-17 00:00:00+02:00,117.80000305175781,120.0,117.80000305175781,119.5999984741211,5317
2026-06-18 00:00:00+02:00,120.0,120.80000305175781,118.0,118.0,5600
2026-06-19 00:00:00+02:00,118.0,120.0,117.0,118.80000305175781,3728
2026-06-22 00:00:00+02:00,120.0,123.0,116.4000015258789,119.5999984741211,18069
2026-06-23 00:00:00+02:00,119.80000305175781,119.80000305175781,115.0,115.5999984741211,7229
2026-06-24 00:00:00+02:00,116.0,116.5999984741211,112.19999694824219,112.5999984741211,16179
2026-06-25 00:00:00+02:00,112.5999984741211,114.5999984741211,110.0,111.0,34682
2026-06-26 00:00:00+02:00,111.80000305175781,114.80000305175781,110.4000015258789,113.19999694824219,4134
2026-06-29 00:00:00+02:00,113.0,113.0,110.19999694824219,110.4000015258789,2665
2026-06-30 00:00:00+02:00,111.0,115.4000015258789,109.19999694824219,111.80000305175781,21041
2026-07-01 00:00:00+02:00,113.5999984741211,115.19999694824219,112.0,113.4000015258789,4873
2026-07-02 00:00:00+02:00,114.5999984741211,117.4000015258789,114.19999694824219,115.0,4940
2026-07-03 00:00:00+02:00,117.0,117.5999984741211,115.0,115.0,2650
2026-07-06 00:00:00+02:00,115.0,116.80000305175781,112.5999984741211,113.0,6204
2026-07-07 00:00:00+02:00,114.5999984741211,114.5999984741211,111.19999694824219,112.0,7419
2026-07-08 00:00:00+02:00,112.19999694824219,112.5999984741211,110.5999984741211,110.80000305175781,5339
2026-07-09 00:00:00+02:00,110.80000305175781,114.0,110.0,111.0,9003
2026-07-10 00:00:00+02:00,111.0,114.0,110.80000305175781,112.0,9857
2026-07-13 00:00:00+02:00,113.80000305175781,113.80000305175781,111.4000015258789,112.4000015258789,3993
2026-07-14 00:00:00+02:00,112.80000305175781,112.80000305175781,110.0,111.0,6610
2026-07-15 00:00:00+02:00,110.80000305175781,111.19999694824219,110.4000015258789,110.80000305175781,1912
2026-07-16 00:00:00+02:00,111.0,111.0,110.0,110.19999694824219,7298
2026-07-17 00:00:00+02:00,110.5999984741211,110.5999984741211,105.19999694824219,110.0,6886
2026-07-20 00:00:00+02:00,112.19999694824219,113.4000015258789,110.19999694824219,112.80000305175781,8323
2026-07-21 00:00:00+02:00,113.4000015258789,114.4000015258789,111.4000015258789,112.5999984741211,44919
2026-07-22 00:00:00+02:00,112.5999984741211,123.80000305175781,112.19999694824219,123.4000015258789,139788
2026-07-23 00:00:00+02:00,123.4000015258789,123.4000015258789,118.0,118.5999984741211,6557
2026-07-24 00:00:00+02:00,121.19999694824219,122.0,118.4000015258789,119.80000305175781,7322
2026-07-27 00:00:00+02:00,121.5999984741211,126.80000305175781,120.0,124.80000305175781,37622
2026-07-28 00:00:00+02:00,125.5999984741211,127.0,123.19999694824219,127.0,35406
2026-07-29 00:00:00+02:00,127.0,127.80000305175781,123.19999694824219,125.5999984741211,18739
2026-07-30 00:00:00+02:00,125.0,126.4000015258789,123.19999694824219,125.5999984741211,6968
2026-07-31 00:00:00+02:00,125.5999984741211,129.0,123.4000015258789,125.0,14495
2026-08-03 00:00:00+02:00,124.0,126.0,123.80000305175781,126.0,7403
2026-08-04 00:00:00+02:00,126.19999694824219,129.8000030517578,125.80000305175781,128.60000610351562,27561
2026-08-05 00:00:00+02:00,129.8000030517578,130.0,126.19999694824219,128.0,15515
2026-08-06 00:00:00+02:00,127.80000305175781,129.1999969482422,122.80000305175781,127.80000305175781,8841
2026-08-07 00:00:00+02:00,128.8000030517578,131.60000610351562,128.0,131.39999389648438,7051
2026-08-10 00:00:00+02:00,132.0,132.0,127.5999984741211,130.0,8833
2026-08-11 00:00:00+02:00,130.0,131.1999969482422,125.80000305175781,130.1999969482422,14059
2026-08-12 00:00:00+02:00,130.1999969482422,130.8000030517578,126.5999984741211,126.5999984741211,10510
2026-08-13 00:00:00+02:00,126.4000015258789,129.8000030517578,126.0,129.60000610351562,5601
2026-08-14 00:00:00+02:00,129.39999389648438,130.8000030517578,127.5999984741211,128.60000610351562,3633
2026-08-17 00:00:00+02:00,128.8000030517578,130.60000610351562,128.60000610351562,129.0,5219
2026-08-18 00:00:00+02:00,129.0,130.0,127.0,127.19999694824219,4749
2026-08-19 00:00:00+02:00,128.1999969482422,128.60000610351562,127.19999694824219,128.1999969482422,11566
2026-08-20 00:00:00+02:00,129.0,133.8000030517578,128.39999389648438,133.60000610351562,9977
2026-08-21 00:00:00+02:00,134.0,135.39999389648438,132.8000030517578,134.8000030517578,8471
