Date,Open,High,Low,Close,Volume
2016-08-22 00:00:00+02:00,7.94758939743042,7.956135387903876,7.802310819343707,7.94758939743042,10691
2016-08-23 00:00:00+02:00,7.827947733406034,8.186871172273165,7.827947733406034,8.152688026428223,14856
2016-08-24 00:00:00+02:00,8.135597566297111,8.374879607955686,8.12705157534738,8.221055030822754,16752
2016-08-25 00:00:00+02:00,8.272330751080862,8.297967910766602,8.118506162985199,8.297967910766602,14250
2016-08-26 00:00:00+02:00,8.246692058697668,8.477428920760211,8.246692058697668,8.451791763305664,40917
2016-08-29 00:00:00+02:00,8.460336789900873,8.69107364789352,8.246691913236806,8.673981666564941,127496
2016-08-30 00:00:00+02:00,8.716709503324589,8.793621777837666,8.56288576928884,8.699618339538574,125257
2016-08-31 00:00:00+02:00,8.708163513936379,8.793621777837666,8.597068911851274,8.699618339538574,26106
2016-09-01 00:00:00+02:00,8.708163513936379,8.716709503324589,8.588522922463065,8.699618339538574,79043
2016-09-02 00:00:00+02:00,8.588523262359173,8.631252396000848,8.127050412008046,8.511610984802246,35747
2016-09-05 00:00:00+02:00,8.537248613894265,8.879080887052398,8.537248613894265,8.870534896850586,45178
2016-09-06 00:00:00+02:00,8.955991983077752,9.01581309702308,8.802168240766564,8.887625694274902,64223
2016-09-07 00:00:00+02:00,8.93035399374029,8.9816291130446,8.673980027199487,8.776530265808105,19020
2016-09-08 00:00:00+02:00,9.20382071744756,9.725113868713379,8.973083883532736,9.725113868713379,199514
2016-09-09 00:00:00+02:00,9.67383861541748,9.708021759058903,9.57128918449321,9.67383861541748,61878
2016-09-12 00:00:00+02:00,9.673840029651693,9.827664606021175,9.579836574642872,9.810572624206543,91992
2016-09-13 00:00:00+02:00,9.742205618425881,10.519873619634042,9.742205618425881,10.297682762145996,208750
2016-09-14 00:00:00+02:00,10.340412733275455,10.340412733275455,10.049855560027797,10.246408462524414,66103
2016-09-15 00:00:00+02:00,10.246408594975225,10.246408594975225,10.101130006473444,10.186588287353516,25441
2016-09-16 00:00:00+02:00,10.254953723506521,10.68224346198596,10.254953723506521,10.673697471618652,131935
2016-09-19 00:00:00+02:00,10.81042994133779,10.81042994133779,10.25495361328125,10.682243347167969,28301
2016-09-20 00:00:00+02:00,10.682244026176976,11.459911260884173,10.425870006550621,11.194992065429688,249124
2016-09-21 00:00:00+02:00,11.425726640910817,11.425726640910817,11.066803222663111,11.109532356262207,70145
2016-09-22 00:00:00+02:00,11.280449028464641,11.357361312441277,11.194991569038772,11.271903038024902,85511
2016-09-23 00:00:00+02:00,11.28044927294826,11.28044927294826,11.109533535401724,11.203536987304688,32333
2016-09-26 00:00:00+02:00,11.280448798840919,11.408636207856109,10.810429929099529,11.400090217590332,40986
2016-09-27 00:00:00+02:00,11.425726523651612,11.51972996461254,11.11807823187822,11.280447959899902,40284
2016-09-28 00:00:00+02:00,11.280448075668152,11.280448075668152,11.032620078781921,11.109532356262207,39188
2016-09-29 00:00:00+02:00,11.109533068546124,11.160808195150613,10.853159065504654,10.955708503723145,44676
2016-09-30 00:00:00+02:00,10.95570851563301,11.08389592478834,10.938617350073258,11.01552963256836,21564
2016-10-03 00:00:00+02:00,11.02407431599388,11.152261719429898,11.02407431599388,11.092440605163574,36298
2016-10-04 00:00:00+02:00,11.09244145115057,11.09244145115057,10.76770196032285,10.878796577453613,31921
2016-10-05 00:00:00+02:00,10.767702098492272,10.767702098492272,10.30622919798492,10.596785545349121,153998
2016-10-06 00:00:00+02:00,10.340411647958865,11.152261960652055,10.331865657880192,11.02407455444336,105403
2016-10-07 00:00:00+02:00,11.169354332919715,11.263358603963468,11.024075745843511,11.066804885864258,19224
2016-10-10 00:00:00+02:00,11.152261489861303,11.152261489861303,11.109532356262207,11.109532356262207,15510
2016-10-11 00:00:00+02:00,11.109533302854691,11.519731064380037,11.075350156060912,11.442819595336914,90568
2016-10-12 00:00:00+02:00,11.545369022586096,11.613735316095891,11.365907298375257,11.494093894958496,38236
2016-10-13 00:00:00+02:00,11.553915023803711,11.699192786404708,11.53682304291506,11.553915023803711,59750
2016-10-14 00:00:00+02:00,11.665009511094615,11.699192657504785,11.365907183753253,11.61373519897461,402214
2016-10-17 00:00:00+02:00,11.622281062386515,11.622281062386515,11.041166764770043,11.451364517211914,89795
2016-10-18 00:00:00+02:00,11.451364644522886,11.579552054828966,11.365907185975997,11.391544342041016,343176
2016-10-19 00:00:00+02:00,11.52827752757947,11.52827752757947,11.374453768194691,11.468457221984863,274495
2016-10-20 00:00:00+02:00,11.468456751684622,11.485547917586258,11.246265890029807,11.442819595336914,9728
2016-10-21 00:00:00+02:00,11.451364163526476,11.536822433474324,11.280448438621246,11.528276443481445,36031
2016-10-24 00:00:00+02:00,11.536823047675515,11.536823047675515,11.280449039173515,11.331724166870117,107403
2016-10-25 00:00:00+02:00,11.331724292716181,11.451364900352763,10.853159417198308,10.98989200592041,31784
2016-10-26 00:00:00+02:00,11.066804411306167,11.254812130341117,10.938617811731286,11.152262687683105,159941
2016-10-27 00:00:00+02:00,11.109533068511293,11.280448798874907,10.904434192074955,11.177899360656738,14747
2016-10-28 00:00:00+02:00,11.024074211652493,11.083895325352616,10.425868779584375,11.049712181091309,30615
2016-10-31 00:00:00+01:00,10.76770114862147,11.109532594772123,10.724972014105026,11.041166305541992,13199
2016-11-02 00:00:00+01:00,11.041167037307648,11.05825820325269,10.682243587566184,10.72497272491455,17929
2016-11-03 00:00:00+01:00,10.912980194662232,10.921525369947194,10.596785074394429,10.682243347167969,25521
2016-11-04 00:00:00+01:00,10.682243476150582,10.682243476150582,10.42586946972487,10.511327743530273,185333
2016-11-07 00:00:00+01:00,10.477145285573917,11.10953394532548,10.477145285573917,10.630969047546387,31148
2016-11-08 00:00:00+01:00,10.682243335157764,11.015529620611263,10.682243335157764,10.844613075256348,13654
2016-11-09 00:00:00+01:00,10.588240132279974,11.00698388511267,10.511327848088152,10.947163581848145,20057
2016-11-10 00:00:00+01:00,11.118078345980113,11.194990623460399,10.947162626574167,11.109532356262207,43397
2016-11-14 00:00:00+01:00,11.237720015956135,11.365907429003133,11.07535027075189,11.3231782913208,27605
2016-11-15 00:00:00+01:00,11.152262843326554,11.152262843326554,10.62242364137035,10.64806079864502,422661
2016-11-16 00:00:00+01:00,10.682242616493467,10.878795489441538,9.998578926039798,10.229315757751465,116681
2016-11-17 00:00:00+01:00,10.306228279953684,10.656605715704194,9.665293707729935,10.545510292053223,800883
2016-11-18 00:00:00+01:00,10.562602309320955,10.562602309320955,10.169495707364533,10.220770835876465,28874
2016-11-21 00:00:00+01:00,10.25495433807373,10.306229468359941,10.203679207787522,10.25495433807373,24915
2016-11-22 00:00:00+01:00,10.357503783655602,10.357503783655602,10.2293171804259,10.25495433807373,11985
2016-11-23 00:00:00+01:00,10.263499615719901,10.44296133676462,10.254953625434322,10.408778190612793,7406
2016-11-24 00:00:00+01:00,10.42586946972487,10.613877183102458,10.42586946972487,10.511327743530273,18435
2016-11-25 00:00:00+01:00,10.596784357206626,10.596784357206626,10.3318651965212,10.340411186218262,14908
2016-11-28 00:00:00+01:00,10.340412493968895,10.425869956776,10.254954216171253,10.374595642089844,12088
2016-11-29 00:00:00+01:00,10.25495433807373,10.383140941303434,10.22077118954644,10.25495433807373,14780
2016-11-30 00:00:00+01:00,10.25495433807373,10.383140941303434,10.212225198666982,10.25495433807373,12509
2016-12-01 00:00:00+01:00,10.246408594975225,10.297683726501381,10.135313155827358,10.186588287353516,9143
2016-12-02 00:00:00+01:00,10.178042164700326,10.254954453500066,10.126767848827537,10.246408462524414,6993
2016-12-05 00:00:00+01:00,10.229316226779114,10.340411652883368,10.109674810592113,10.143857955932617,49102
2016-12-06 00:00:00+01:00,10.229315765127767,10.340411186218262,10.084037200239461,10.340411186218262,24834
2016-12-07 00:00:00+01:00,10.297682646535424,10.408778074032195,10.178041228848791,10.195133209228516,25134
2016-12-08 00:00:00+01:00,10.14385901578828,10.28913760241211,10.14385901578828,10.246408462524414,16398
2016-12-09 00:00:00+01:00,10.331864841614982,10.49423456532947,10.19513227112059,10.468597412109375,28972
2016-12-12 00:00:00+01:00,10.417324089830725,10.417324089830725,10.22077118954644,10.25495433807373,13865
2016-12-13 00:00:00+01:00,10.254953854608186,10.391686442271148,10.254953854608186,10.280591011047363,30148
2016-12-14 00:00:00+01:00,10.272044545771287,10.733517378685065,10.272044545771287,10.468597412109375,134917
2016-12-15 00:00:00+01:00,10.511326905207316,10.55405603870219,10.297682052723388,10.340411186218262,16331
2016-12-16 00:00:00+01:00,10.417323482351264,10.417323482351264,10.1694954662327,10.28913688659668,18961
2016-12-19 00:00:00+01:00,10.254954453500066,10.331866742299804,10.195134146651625,10.246408462524414,14751
2016-12-20 00:00:00+01:00,10.272046182884687,10.425869941711426,10.169495923679477,10.425869941711426,18012
2016-12-21 00:00:00+01:00,10.425871092038776,10.750611442043718,10.383141948487221,10.690791130065918,66338
2016-12-22 00:00:00+01:00,10.801885344894632,10.981347075343509,10.801885344894632,10.921525955200195,56697
2016-12-23 00:00:00+01:00,10.981345770455356,11.109532356262207,10.981345770455356,11.109532356262207,44132
2016-12-27 00:00:00+01:00,10.95570826379491,11.109532825249158,10.878795983067787,11.02407455444336,20483
2016-12-28 00:00:00+01:00,11.024074089064015,11.109532356262207,10.895887503257164,11.109532356262207,30373
2016-12-29 00:00:00+01:00,11.092442043880483,11.100988034882743,10.981347420813325,11.066804885864258,7824
2016-12-30 00:00:00+01:00,11.06680428021732,11.3231782913208,11.032621133069558,11.3231782913208,51166
2017-01-02 00:00:00+01:00,11.331723082690681,11.331723082690681,10.690788530253297,11.280447959899902,41643
2017-01-03 00:00:00+01:00,11.263358361997977,11.263358361997977,11.109533787224056,11.194992065429688,12632
2017-01-04 00:00:00+01:00,11.237719173396789,11.28044830787546,11.092440605163574,11.092440605163574,27829
2017-01-05 00:00:00+01:00,11.152261719429898,11.152261719429898,10.989891171409033,11.092440605163574,18608
2017-01-09 00:00:00+01:00,11.100987434387207,11.109533424927182,11.06680428721782,11.100987434387207,11768
2017-01-10 00:00:00+01:00,11.109533196417887,11.126625177146277,11.006983757019043,11.006983757019043,10104
2017-01-11 00:00:00+01:00,11.02407456302381,11.02407456302381,10.690789099600828,10.86170482635498,57723
2017-01-12 00:00:00+01:00,10.870250107306395,10.904433250427246,10.699334391702134,10.904433250427246,65482
2017-01-13 00:00:00+01:00,10.861704939811734,10.981346357284602,10.724972356980162,10.742063522338867,19537
2017-01-16 00:00:00+01:00,10.904434318917458,10.904434318917458,10.682243459364948,10.895888328552246,25254
2017-01-17 00:00:00+01:00,10.733518586565719,10.981346602223365,10.733518586565719,10.895888328552246,86820
2017-01-18 00:00:00+01:00,10.938616995371541,11.075349575377736,10.89588786037199,10.981346130371094,55056
2017-01-19 00:00:00+01:00,11.100987434387207,11.109533424927182,11.015529973959,11.100987434387207,187788
2017-01-20 00:00:00+01:00,11.1009878036208,11.1009878036208,10.938618052913212,11.08389663696289,12701
2017-01-23 00:00:00+01:00,11.0838960403158,11.0838960403158,10.93861746408648,11.006983757019043,16363
2017-01-24 00:00:00+01:00,10.938617811731286,11.186445835235777,10.77624724961321,11.152262687683105,47879
2017-01-25 00:00:00+01:00,11.152261375408596,11.579551077033521,11.066803109087441,11.280447959899902,130095
2017-01-26 00:00:00+01:00,11.47700238459745,11.536822685875405,11.2633575200442,11.408636093139648,58964
2017-01-27 00:00:00+01:00,11.451364529204017,11.468456509735573,11.23771966250252,11.400090217590332,59181
2017-01-30 00:00:00+01:00,11.408635963891204,11.964112279440466,11.400089973808177,11.85301685333252,63300
2017-01-31 00:00:00+01:00,11.887200001017845,12.117936843362259,11.887200001017845,11.964112281799316,104561
2017-02-01 00:00:00+01:00,12.100844010955692,12.135027153896624,11.647917163240741,11.793195724487305,189800
2017-02-02 00:00:00+01:00,11.79319655505742,12.032478572496075,11.639371993494478,11.964112281799316,35484
2017-02-03 00:00:00+01:00,12.135028732650442,12.220487008616004,11.801743249363886,11.92138385772705,43486
2017-02-06 00:00:00+01:00,12.032478687768297,12.083753813777323,11.921383260574142,11.95556640625,15662
2017-02-07 00:00:00+01:00,11.955566763798942,12.006841891341425,11.690647580635872,11.878654479980469,18802
2017-02-08 00:00:00+01:00,11.895746346855535,11.904292337195823,11.707738634321675,11.776104927062988,10435
2017-02-09 00:00:00+01:00,11.89574681948614,12.083754539489746,11.639372804024955,12.083754539489746,54152
2017-02-10 00:00:00+01:00,12.117936497668637,12.382855662813494,12.117936497668637,12.263215065002441,33585
2017-02-13 00:00:00+01:00,12.280306580019442,12.305943735283108,11.861562845754179,11.964112281799316,49556
2017-02-14 00:00:00+01:00,11.998295669288717,12.075207951622376,11.835925929354705,12.006841659545898,43256
2017-02-15 00:00:00+01:00,12.041025412043311,12.041025412043311,11.750468248588813,11.861563682556152,30717
2017-02-16 00:00:00+01:00,11.835925332820173,12.09229850769043,11.750467064536457,12.09229850769043,63366
2017-02-17 00:00:00+01:00,12.083753456250896,12.305943489074707,11.904291743014827,12.305943489074707,247355
2017-02-20 00:00:00+01:00,12.399947988648076,12.775962587250213,12.399947988648076,12.733233451843262,54661
2017-02-21 00:00:00+01:00,12.775963292126452,13.040883294273357,12.733234154362044,13.023791313171387,59741
2017-02-22 00:00:00+01:00,13.160523067914998,13.24598133802749,12.989607342680477,13.075065612792969,35428
2017-02-23 00:00:00+01:00,13.117795346130874,13.20325280515048,12.775963065080948,13.151978492736816,36450
2017-02-24 00:00:00+01:00,13.151977772162237,13.245981216430664,12.605046641442083,13.245981216430664,106752
2017-02-27 00:00:00+01:00,13.203252202971244,13.203252202971244,12.502497322014479,13.075065612792969,46088
2017-02-28 00:00:00+01:00,13.075066640058424,13.673272132873535,12.767417495474831,13.673272132873535,72977
2017-03-01 00:00:00+01:00,13.647634736188387,13.758730168116168,13.425443872332826,13.630542755126953,49043
2017-03-02 00:00:00+01:00,13.656179439140667,13.656179439140667,13.365623106065948,13.38271427154541,33105
2017-03-03 00:00:00+01:00,13.391259430354337,13.416896584477032,13.092156310624642,13.322893142700195,29584
2017-03-06 00:00:00+01:00,13.100703962636366,13.24598254608297,12.998154518142975,13.117795944213867,23608
2017-03-07 00:00:00+01:00,13.109249596328116,13.109249596328116,12.690505838972417,12.801600456237793,39597
2017-03-08 00:00:00+01:00,12.801600473985117,12.801600473985117,12.613593571436517,12.639230728149414,21871
2017-03-09 00:00:00+01:00,12.605047844216498,12.83578470442473,11.425728015907888,12.237578392028809,71951
2017-03-10 00:00:00+01:00,12.254668845277392,12.724687682834992,12.254668845277392,12.605046272277832,19068
2017-03-13 00:00:00+01:00,12.647776906601896,13.245982400395862,12.647776906601896,13.228890419006348,27156
2017-03-14 00:00:00+01:00,13.382713317722235,13.545083860652184,13.160522477392005,13.220343589782715,14621
2017-03-15 00:00:00+01:00,13.331440219774658,13.331440219774658,12.84432936176998,12.929787635803223,11539
2017-03-16 00:00:00+01:00,12.92978750738563,13.314348106734792,12.92978750738563,13.211798667907715,9747
2017-03-17 00:00:00+01:00,13.151977417579563,13.151977417579563,12.94687773972004,13.04942798614502,14972
2017-03-20 00:00:00+01:00,13.075066687444,13.075066687444,12.955425262451172,12.955425262451172,7136
2017-03-21 00:00:00+01:00,13.066519967004048,13.476718533363506,13.066519967004048,13.160523414611816,17597
2017-03-22 00:00:00+01:00,13.117795346130874,13.151978492736816,12.818692202086,13.151978492736816,73321
2017-03-23 00:00:00+01:00,13.280164362504502,13.280164362504502,12.921240935275424,12.972516059875488,11628
2017-03-24 00:00:00+01:00,12.972516177652258,13.220344182989928,12.92124105258667,13.075065612792969,11717
2017-03-27 00:00:00+02:00,13.117795944213867,13.203253407129758,13.075066805260652,13.117795944213867,21789
2017-03-28 00:00:00+02:00,13.160523297241133,13.160523297241133,12.835783821132093,12.946878433227539,72479
2017-03-29 00:00:00+02:00,12.989607811668462,13.032336948267439,12.835784060898842,12.878512382507324,8813
2017-03-30 00:00:00+02:00,12.904150481381535,12.904150481381535,12.647776474236707,12.818692207336426,37698
2017-03-31 00:00:00+02:00,12.77596366108292,12.895605087280273,12.647777059078322,12.895605087280273,8821
2017-04-03 00:00:00+02:00,12.681959990793413,12.801600599957919,12.528135419021304,12.690505981445312,29243
2017-04-04 00:00:00+02:00,12.690504907783385,12.861420631408691,12.570863493750444,12.861420631408691,19524
2017-04-05 00:00:00+02:00,12.861420631408691,12.861420631408691,12.733233227446869,12.861420631408691,10174
2017-04-06 00:00:00+02:00,12.818692051561104,14.100561256717215,12.818692051561104,14.092015266418457,335704
2017-04-07 00:00:00+02:00,14.143290519560681,14.647492570878585,13.929645637815165,14.485123634338379,139841
2017-04-10 00:00:00+02:00,14.527851104736328,14.844046228325169,14.459484811795631,14.527851104736328,96301
2017-04-11 00:00:00+02:00,14.485122299643681,14.485122299643681,13.980920294784188,14.442392349243164,76642
2017-04-12 00:00:00+02:00,14.46803009207358,14.46803009207358,14.186018943786621,14.186018943786621,24765
2017-04-13 00:00:00+02:00,14.271477559145366,14.356934200712416,14.083469035743564,14.160381317138672,18019
2017-04-18 00:00:00+02:00,14.160382040732431,14.356934934350003,14.100561736586304,14.177474021911621,15565
2017-04-19 00:00:00+02:00,14.442393695877378,14.442393695877378,13.938191644005197,14.262932777404785,33654
2017-04-20 00:00:00+02:00,14.26293180013856,14.26293180013856,14.015102971631109,14.143289566040039,6302
2017-04-21 00:00:00+02:00,14.134744999414428,14.134744999414428,13.929644495376671,14.057832717895508,29644
2017-04-24 00:00:00+02:00,13.946736234071377,14.433846255264315,13.715999393512323,14.399663925170898,33962
2017-04-25 00:00:00+02:00,14.399663442074266,14.613308295428538,14.203110568183742,14.58767032623291,97181
2017-04-26 00:00:00+02:00,14.638946051749903,14.955141182514726,14.314206560406953,14.946595191955566,66201
2017-04-27 00:00:00+02:00,14.963686332970028,15.02350663354464,14.741495480849368,14.938048362731934,11982
2017-04-28 00:00:00+02:00,14.903866652997394,14.912412643432617,14.570579545947746,14.912412643432617,39432
2017-05-02 00:00:00+02:00,14.946594820468231,15.296972274780273,14.71585797104879,15.296972274780273,23602
2017-05-04 00:00:00+02:00,15.11751136744137,15.570437445952503,14.912412489062199,15.296972274780273,77046
2017-05-05 00:00:00+02:00,15.408069495256958,15.621714377515191,15.083328361435031,15.41661548614502,16500
2017-05-08 00:00:00+02:00,15.373886610802089,15.373886610802089,15.126059377577647,15.237154006958008,123839
2017-05-09 00:00:00+02:00,15.237151754546783,15.237151754546783,15.04059886932373,15.04059886932373,22159
2017-05-10 00:00:00+02:00,15.040599342458258,15.211514262383988,14.886774773538388,14.955141067504883,14421
2017-05-11 00:00:00+02:00,15.117512842390404,15.117512842390404,14.553490464323257,14.886775970458984,44393
2017-05-12 00:00:00+02:00,14.886774522309958,14.886774522309958,14.74149594633524,14.852590560913086,9133
2017-05-15 00:00:00+02:00,14.698767169631537,15.544800628246776,14.698767169631537,15.382430076599121,29848
2017-05-16 00:00:00+02:00,15.459343709806584,15.459343709806584,14.997869984746766,15.202970504760742,12626
2017-05-17 00:00:00+02:00,15.202970175023074,15.202970175023074,14.613309860229492,14.613309860229492,33640
2017-05-18 00:00:00+02:00,14.553489555681645,14.912413012949775,14.083469849983757,14.613309860229492,35919
2017-05-19 00:00:00+02:00,14.630401841523463,14.74149645997217,14.579125897641552,14.613309860229492,18038
2017-05-22 00:00:00+02:00,14.630401369061273,14.946594862883583,14.613309388319257,14.69876766204834,94195
2017-05-23 00:00:00+02:00,14.707311404003708,15.399521925119297,14.664583083926368,15.220059394836426,117656
2017-05-24 00:00:00+02:00,15.382429133459851,16.023363680687343,15.25424255001052,15.65589427947998,365844
2017-05-25 00:00:00+02:00,16.02336478559938,16.151551377887984,15.51061678646401,15.596075057983398,65038
2017-05-26 00:00:00+02:00,15.62171363635469,15.62171363635469,15.228606224060059,15.228606224060059,33048
2017-05-29 00:00:00+02:00,15.373883026854397,15.519161588319157,15.006413628444657,15.339700698852539,119602
2017-05-30 00:00:00+02:00,15.801175280156654,15.801175280156654,15.356793534315853,15.467889785766602,60169
2017-05-31 00:00:00+02:00,15.55334745252322,15.561891813085259,15.322610597803415,15.442251205444336,15931
2017-06-01 00:00:00+02:00,15.442251681710845,15.553347932216134,15.040599893685071,15.356793403625488,17140
2017-06-02 00:00:00+02:00,15.382430076599121,15.467888347465305,15.296971805732937,15.382430076599121,3910
2017-06-05 00:00:00+02:00,15.467889654130778,15.54480194140949,15.049145884491715,15.356793403625488,52460
2017-06-06 00:00:00+02:00,15.382430779402638,15.382430779402638,15.13460194556582,15.27988052368164,7223
2017-06-07 00:00:00+02:00,15.467888600668264,15.467888600668264,15.04059886932373,15.04059886932373,20873
2017-06-08 00:00:00+02:00,15.04914448454614,15.254243354883041,15.04914448454614,15.220059394836426,24258
2017-06-09 00:00:00+02:00,15.480086067675549,15.55809334990134,15.306736184243347,15.34140682220459,7597
2017-06-12 00:00:00+02:00,15.28939983241622,15.324070468035357,15.098716296071672,15.150720596313477,20377
2017-06-13 00:00:00+02:00,15.15072084334104,15.15072084334104,14.734683128249447,15.064045906066895,18806
2017-06-14 00:00:00+02:00,14.864693641662598,15.064044825867384,14.847358324813449,14.864693641662598,7544
2017-06-15 00:00:00+02:00,14.864693641662598,14.864693641662598,14.864693641662598,14.864693641662598,0
2017-06-16 00:00:00+02:00,14.873361288717645,15.081380131187991,14.778018699307017,14.994705200195312,12231
2017-06-19 00:00:00+02:00,15.038043748830006,15.038043748830006,14.760685287471217,14.778018951416016,11929
2017-06-20 00:00:00+02:00,14.778019415200529,14.951369285583496,14.778019415200529,14.951369285583496,5077
2017-06-21 00:00:00+02:00,14.864693641662598,14.864693641662598,14.821357002726533,14.864693641662598,6532
2017-06-22 00:00:00+02:00,14.83002492036143,15.254730271468045,14.83002492036143,15.133384704589844,8927
2017-06-23 00:00:00+02:00,15.150721060321334,15.150721060321334,14.882030238791671,14.968705177307129,19252
2017-06-26 00:00:00+02:00,14.864693411641925,15.159387180770043,14.821356773376465,14.821356773376465,22105
2017-06-27 00:00:00+02:00,14.95136762315818,14.95136762315818,14.474658012390137,14.474658012390137,37161
2017-06-28 00:00:00+02:00,14.40532103206521,14.717348506555007,14.396653372608966,14.570001602172852,16227
2017-06-29 00:00:00+02:00,14.71734771881957,14.890697592292032,14.604671458293309,14.7346830368042,18910
2017-06-30 00:00:00+02:00,14.7346830368042,14.7346830368042,14.561333163331737,14.7346830368042,52802
2017-07-03 00:00:00+02:00,14.648008120105425,14.665343438113768,14.439989263566064,14.604671478271484,7861
2017-07-04 00:00:00+02:00,14.474660744107899,14.596004670872285,14.387985802196047,14.40532112121582,10180
2017-07-05 00:00:00+02:00,14.431321584820846,14.7346830368042,14.387984943046188,14.7346830368042,22111
2017-07-06 00:00:00+02:00,14.717346994642135,14.778018951416016,14.674010354999886,14.778018951416016,61372
2017-07-07 00:00:00+02:00,14.951368969189241,14.951368969189241,14.717347145080566,14.717347145080566,11508
2017-07-10 00:00:00+02:00,14.95136984296836,14.95136984296836,14.708680346022152,14.743350982666016,8384
2017-07-11 00:00:00+02:00,14.821357244245098,14.821357244245098,14.700011677510503,14.778018951416016,9107
2017-07-12 00:00:00+02:00,14.769354498819375,14.769354498819375,14.544000311975942,14.66534423828125,12102
2017-07-13 00:00:00+02:00,14.734683766112031,14.734683766112031,14.60467218116609,14.691347122192383,15638
2017-07-14 00:00:00+02:00,14.691345108793861,14.691345108793861,14.613337837879525,14.630671501159668,36806
2017-07-17 00:00:00+02:00,14.62200650891114,14.62200650891114,14.543999232593606,14.596003532409668,9696
2017-07-18 00:00:00+02:00,14.596001916253995,14.596001916253995,14.474658012390137,14.474658012390137,7788
2017-07-19 00:00:00+02:00,14.561331763929488,14.561331763929488,14.301308631896973,14.301308631896973,14990
2017-07-20 00:00:00+02:00,14.301309114061093,14.439988342912194,14.032618314810433,14.127959251403809,42041
2017-07-21 00:00:00+02:00,14.214635184575627,14.214635184575627,13.737925508449962,13.867937088012695,49091
2017-07-24 00:00:00+02:00,13.867938362807779,13.867938362807779,13.347890343565071,13.521240234375,74575
2017-07-25 00:00:00+02:00,13.512571093026715,13.963279437168179,13.495235775208913,13.954611778259277,195295
2017-07-26 00:00:00+02:00,14.127959401687754,14.301309266189019,14.023950805536456,14.06728744506836,103860
2017-07-27 00:00:00+02:00,14.067288286888015,14.075955945950454,13.755259999981376,13.867937088012695,68828
2017-07-28 00:00:00+02:00,13.902606508620844,14.214633941650392,13.677251525669744,14.21463394165039,34029
2017-07-31 00:00:00+02:00,14.29264098897267,14.448655529633182,13.911272295489944,14.041285514831543,65690
2017-08-01 00:00:00+02:00,14.04128744015774,14.127960727354344,13.685920845859822,13.755260467529297,38620
2017-08-02 00:00:00+02:00,13.867937902176545,13.867937902176545,13.261215784275024,13.34788990020752,77081
2017-08-03 00:00:00+02:00,13.425896427484941,13.443231745651827,13.070530670998409,13.096532821655273,22380
2017-08-04 00:00:00+02:00,13.12253586522013,13.278549596543199,13.096532887838393,13.131202697753906,29868
2017-08-07 00:00:00+02:00,13.191874595807139,13.278548701456616,13.139869471142722,13.165871620178223,13913
2017-08-08 00:00:00+02:00,13.139869124656524,13.139869124656524,12.394467868078175,12.992522239685059,118723
2017-08-09 00:00:00+02:00,13.001190667545446,13.001190667545446,12.559149986466474,12.758502006530762,32508
2017-08-10 00:00:00+02:00,12.758502121985915,13.087865721068779,12.654492694895554,12.957853317260742,12026
2017-08-11 00:00:00+02:00,13.001190185546875,13.001190185546875,12.923182912178648,13.001190185546875,2728
2017-08-14 00:00:00+02:00,12.879845482059332,13.001190221702181,12.801839035067587,12.810505867004395,5186
2017-08-15 00:00:00+02:00,12.810505867004395,12.810505867004395,12.810505867004395,12.810505867004395,0
2017-08-16 00:00:00+02:00,12.706496421609286,12.957852732380516,12.576484850263046,12.87117862701416,15000
2017-08-17 00:00:00+02:00,12.99252361153889,13.070530891418457,12.879846521334345,13.070530891418457,7969
2017-08-18 00:00:00+02:00,13.061862498399256,13.122535283004598,12.914515606147392,13.044528007507324,7619
2017-08-21 00:00:00+02:00,13.04452858626186,13.131202697753906,12.8711795366843,13.131202697753906,9967
2017-08-22 00:00:00+02:00,13.131201857477944,13.261214256286621,13.001190285262684,13.261214256286621,9245
2017-08-23 00:00:00+02:00,13.269883443846327,13.434564842733527,13.269883443846327,13.34788990020752,14935
2017-08-24 00:00:00+02:00,13.347888072876279,13.356555731260976,13.209208845094716,13.252546310424805,11295
2017-08-25 00:00:00+02:00,13.235212547407276,13.28721684738584,12.9145157823012,12.92318344116211,79968
2017-08-28 00:00:00+02:00,12.931850812636865,12.99252277012802,12.827841388397706,12.914515495300293,19234
2017-08-29 00:00:00+02:00,12.914515253672532,13.027192334471813,12.914515253672532,13.001190185546875,7656
2017-08-30 00:00:00+02:00,13.00119107291994,13.113868161409796,12.914516135129753,12.966521263122559,9605
2017-08-31 00:00:00+02:00,12.836509929741442,12.966521512332008,12.784504800749128,12.879846572875977,51449
2017-09-01 00:00:00+02:00,12.983856004267123,13.001191322795723,12.810506951948543,12.879846572875977,22803
2017-09-04 00:00:00+02:00,12.8711788017412,12.8711788017412,12.741166402036622,12.749834060668945,30861
2017-09-05 00:00:00+02:00,12.862511211687549,12.871178870366085,12.749834128646862,12.784503936767578,35185
2017-09-06 00:00:00+02:00,12.90584989512309,12.90584989512309,12.697830200195312,12.697830200195312,26553
2017-09-07 00:00:00+02:00,12.663159455633862,12.663159455633862,12.567817687988281,12.567817687988281,49112
2017-09-08 00:00:00+02:00,12.567817568254931,12.567817568254931,12.056437272877885,12.082439422607422,77687
2017-09-11 00:00:00+02:00,12.05643776218293,12.13444504113087,11.640400043251882,11.839751243591309,113706
2017-09-12 00:00:00+02:00,11.969763005414546,12.559149742126465,11.969763005414546,12.559149742126465,85117
2017-09-13 00:00:00+02:00,12.559150275799022,13.122535713661097,12.4811429977417,12.4811429977417,101401
2017-09-14 00:00:00+02:00,12.576484737472587,12.888513001861226,12.567817079035661,12.741166114807129,14243
2017-09-15 00:00:00+02:00,12.810505831379366,13.131201756764979,12.810505831379366,13.001190185546875,33458
2017-09-18 00:00:00+02:00,13.0011901983604,13.053195322854943,12.775836036539735,12.87117862701416,9538
2017-09-19 00:00:00+02:00,12.940519046077199,13.001191006263186,12.862511767784666,12.931851387023926,8980
2017-09-20 00:00:00+02:00,12.992522731229014,13.044527856489607,12.333795553093111,12.61982250213623,32094
2017-09-21 00:00:00+02:00,12.697830070065532,12.801840329760255,12.611155955777923,12.628490447998047,7799
2017-09-22 00:00:00+02:00,12.567818058263768,12.836509704589844,12.489810779440278,12.836509704589844,10112
2017-09-25 00:00:00+02:00,12.810505488505457,12.827840805053711,12.524479378206404,12.827840805053711,9048
2017-09-26 00:00:00+02:00,12.82784166754121,12.82784166754121,12.567817687988281,12.567817687988281,7162
2017-09-27 00:00:00+02:00,12.732498570559851,12.914515266400633,12.567817191748386,12.87117862701416,19666
2017-09-28 00:00:00+02:00,12.784503786254426,12.845175743103027,12.567817281402656,12.845175743103027,14347
2017-09-29 00:00:00+02:00,12.84517563881042,13.001190185546875,12.61115464529915,13.001190185546875,34196
2017-10-02 00:00:00+02:00,13.11386859329965,13.391227080813174,13.070531122977286,13.269883155822754,18881
2017-10-03 00:00:00+02:00,13.304552721835709,13.477901773340445,13.304552721835709,13.425896644592285,21008
2017-10-04 00:00:00+02:00,13.43456403770653,13.477901506372662,13.269882648687378,13.287217140197754,15618
2017-10-05 00:00:00+02:00,13.287215687945018,13.347887641490264,13.087864511100138,13.174538612365723,6040
2017-10-06 00:00:00+02:00,13.183207825923908,13.425896495332493,13.131202697753906,13.131202697753906,19031
2017-10-09 00:00:00+02:00,13.174539323747503,13.347888362232322,13.174539323747503,13.261214256286621,3131
2017-10-10 00:00:00+02:00,13.261214856230657,13.304552324460824,13.131202451540153,13.217877388000488,9792
2017-10-11 00:00:00+02:00,13.261214475604204,13.261214475604204,13.08786543425249,13.235212326049805,9120
2017-10-12 00:00:00+02:00,13.451898077861468,13.451898077861468,13.174538800703811,13.339221000671387,15489
2017-10-13 00:00:00+02:00,13.339221637626082,13.347888469675022,13.105199813842773,13.105199813842773,4669
2017-10-16 00:00:00+02:00,13.105199257078638,13.113866915352764,12.177781313175245,12.827840805053711,26216
2017-10-17 00:00:00+02:00,12.86251111254438,12.86251111254438,12.481142399562621,12.524479866027832,23558
2017-10-18 00:00:00+02:00,12.498479333045495,12.567818957719222,12.221120834350586,12.221120834350586,22128
2017-10-19 00:00:00+02:00,12.307793617248535,12.394468551988496,12.238454000093942,12.307793617248535,12329
2017-10-20 00:00:00+02:00,12.264455457540247,12.264455457540247,11.787745823161414,11.961094856262207,21187
2017-10-23 00:00:00+02:00,11.874420109356393,12.949184957732887,11.874420109356393,12.741166114807129,23674
2017-10-24 00:00:00+02:00,12.74116715687105,12.827842095142383,12.333796269545342,12.645825386047363,8120
2017-10-25 00:00:00+02:00,12.567817755067708,12.645825032009286,12.437806177894041,12.602487564086914,4198
2017-10-26 00:00:00+02:00,12.602487545636306,12.732499122619629,12.437806159684534,12.732499122619629,9189
2017-10-27 00:00:00+02:00,12.741166114807129,12.784503580398345,12.567817079035661,12.741166114807129,5524
2017-10-30 00:00:00+01:00,12.749833875023372,13.001190185546875,12.749833875023372,13.001190185546875,9276
2017-10-31 00:00:00+01:00,13.00119145459275,13.00119145459275,12.576486065458491,12.949186325073242,10998
2017-11-01 00:00:00+01:00,12.949186325073242,12.949186325073242,12.949186325073242,12.949186325073242,0
2017-11-02 00:00:00+01:00,12.91451535852812,13.001190291106196,12.741166319965389,12.845175743103027,2940
2017-11-03 00:00:00+01:00,12.836508463327837,12.871178269830953,12.749833533773351,12.827840805053711,1722
2017-11-06 00:00:00+01:00,12.957853262718377,12.957853262718377,12.39446866170197,12.437806129455566,10811
2017-11-07 00:00:00+01:00,12.429138101079102,12.784503838225683,12.429138101079102,12.524479866027832,7181
2017-11-08 00:00:00+01:00,12.879846348745119,12.879846348745119,11.302368760206566,11.614397048950195,90374
2017-11-09 00:00:00+01:00,11.61439619782101,12.047769202614234,11.61439619782101,11.874420166015625,30369
2017-11-10 00:00:00+01:00,11.701072441800275,11.831084027182877,11.52772338575897,11.787747383117676,17373
2017-11-13 00:00:00+01:00,11.527723286645857,11.67507018966248,11.337038913343138,11.657734870910645,9416
2017-11-14 00:00:00+01:00,11.61439740062455,11.701072341196738,11.553725438180114,11.657734870910645,4269
2017-11-15 00:00:00+01:00,11.657733208724029,11.657733208724029,11.363039444708901,11.441046714782715,16247
2017-11-16 00:00:00+01:00,11.380376481475487,11.787747383117676,11.380376481475487,11.787747383117676,9682
2017-11-17 00:00:00+01:00,11.787746592931967,12.437806129455566,11.64039969852581,12.437806129455566,12812
2017-11-20 00:00:00+01:00,12.394469181257591,12.394469181257591,11.978430630614248,12.134445190429688,26891
2017-11-21 00:00:00+01:00,12.134443949239714,12.134443949239714,11.961094915283539,12.125776290893555,4259
2017-11-22 00:00:00+01:00,12.117109451708565,12.117109451708565,11.969763382829727,12.056437492370605,4193
2017-11-23 00:00:00+01:00,12.03910306777539,12.125777177796289,12.03910306777539,12.091107368469238,7136
2017-11-24 00:00:00+01:00,12.00443394802368,12.117110214864011,11.865753876155765,11.952428817749023,12477
2017-11-27 00:00:00+01:00,11.87442039996187,11.883088058610921,11.536389978583165,11.718406677246094,13528
2017-11-28 00:00:00+01:00,11.701071164481657,11.701071164481657,11.571059593291448,11.683735847473145,6613
2017-11-29 00:00:00+01:00,11.579726219177246,11.614396025984021,11.52772192226378,11.579726219177246,10856
2017-11-30 00:00:00+01:00,11.579726470176432,11.779078483581543,11.571059638231926,11.779078483581543,9385
2017-12-01 00:00:00+01:00,11.709739511645262,11.709739511645262,11.4410478683652,11.54505729675293,10330
2017-12-04 00:00:00+01:00,11.597062857123442,11.597062857123442,10.842993853220413,11.267699241638184,15476
2017-12-05 00:00:00+01:00,11.26769916305691,11.26769916305691,10.921001057907937,11.007675170898438,28874
2017-12-06 00:00:00+01:00,10.990340162061235,10.990340162061235,10.106258795619539,10.314277648925781,77441
2017-12-07 00:00:00+01:00,10.314278951334392,10.57430296409777,10.314278951334392,10.357616424560547,20429
2017-12-08 00:00:00+01:00,10.400952097965206,10.591636451207387,10.400952097965206,10.487627029418945,16201
2017-12-11 00:00:00+01:00,10.574301806617884,10.808323640466586,10.444290227764244,10.478960037231445,90184
2017-12-12 00:00:00+01:00,10.41828855608686,10.669644892923568,10.409620896673372,10.59163761138916,93640
2017-12-13 00:00:00+01:00,10.756317454429952,10.756317454429952,10.487626664149616,10.574300765991211,10311
2017-12-14 00:00:00+01:00,10.487628492389359,10.574302609340286,10.487628492389359,10.539632797241211,1661
2017-12-15 00:00:00+01:00,10.513629913330078,10.539632063946906,10.400952825199203,10.513629913330078,20798
2017-12-18 00:00:00+01:00,10.556967565808803,10.574302057657205,9.898240343700001,10.392285346984863,46582
2017-12-19 00:00:00+01:00,10.400952963086258,10.400952963086258,10.140928973690405,10.227603912353516,40137
2017-12-20 00:00:00+01:00,10.201601631903756,10.201601631903756,9.794230747907434,9.802898406982422,73281
2017-12-21 00:00:00+01:00,9.837567983414004,10.314277648925781,9.256848064655662,10.314277648925781,122184
2017-12-22 00:00:00+01:00,10.010916906038727,10.695646243119477,10.010916906038727,10.600303649902344,97757
2017-12-25 00:00:00+01:00,10.600303649902344,10.600303649902344,10.600303649902344,10.600303649902344,0
2017-12-26 00:00:00+01:00,10.600303649902344,10.600303649902344,10.600303649902344,10.600303649902344,0
2017-12-27 00:00:00+01:00,10.76498586161977,10.999006862127972,10.747650544089232,10.886330604553223,61631
2017-12-28 00:00:00+01:00,10.756318800741248,11.614397227956415,10.756318800741248,11.423713684082031,82374
2017-12-29 00:00:00+01:00,11.397710107956716,11.397710107956716,11.181023597717285,11.181023597717285,36671
2018-01-01 00:00:00+01:00,11.181023597717285,11.181023597717285,11.181023597717285,11.181023597717285,0
2018-01-02 00:00:00+01:00,11.181023597717285,11.181023597717285,11.181023597717285,11.181023597717285,0
2018-01-03 00:00:00+01:00,11.35437357234756,11.441047681290044,10.660976567840464,10.955670356750488,25257
2018-01-04 00:00:00+01:00,10.955669850774944,11.267698116425406,10.955669850774944,10.973004341125488,22601
2018-01-05 00:00:00+01:00,11.007674285596208,11.233028449115467,10.97300447786966,11.042344093322754,42717
2018-01-08 00:00:00+01:00,11.181023972187583,11.215693781923303,11.059680051409302,11.09434986114502,17301
2018-01-09 00:00:00+01:00,11.111684151429271,11.129019469279838,10.990340232849121,10.990340232849121,9446
2018-01-10 00:00:00+01:00,11.007674589060985,11.007674589060985,10.903665163013965,10.921000480651855,9934
2018-01-11 00:00:00+01:00,10.921000413020861,10.921000413020861,10.79965567008741,10.886330604553223,12168
2018-01-12 00:00:00+01:00,10.921000860843924,11.094349910290413,10.834325922823943,10.903665542602539,26949
2018-01-15 00:00:00+01:00,11.00767470146253,11.025010019277435,10.747650720393104,10.764986038208008,15412
2018-01-16 00:00:00+01:00,10.903665776142493,10.903665776142493,10.43562291931547,10.522297859191895,34795
2018-01-17 00:00:00+01:00,10.522297505215247,10.90366540933639,10.522297505215247,10.834325790405273,26193
2018-01-18 00:00:00+01:00,10.868995684566116,11.25036359165902,10.834325874830398,11.09434986114502,39605
2018-01-19 00:00:00+01:00,11.198359271742627,11.215693763284946,10.868995666503906,10.868995666503906,20692
2018-01-22 00:00:00+01:00,10.955670289334195,10.973004780378645,10.764985928284604,10.921000480651855,13235
2018-01-23 00:00:00+01:00,10.955670868422834,11.181024223472924,10.938335549868643,11.007675170898438,61100
2018-01-24 00:00:00+01:00,11.00767348490468,11.00767348490468,10.851659774780273,10.851659774780273,6811
2018-01-25 00:00:00+01:00,10.834325656280729,10.921000592168355,10.678311102320382,10.764986038208008,16968
2018-01-26 00:00:00+01:00,10.764985970929057,10.816990270861856,10.643641226763451,10.730316162109375,10772
2018-01-29 00:00:00+01:00,10.834326486456742,10.834326486456742,10.574302485463079,10.695647239685059,11479
2018-01-30 00:00:00+01:00,10.695647239685059,10.695647239685059,10.695647239685059,10.695647239685059,0
2018-01-31 00:00:00+01:00,10.57430216184296,10.57430216184296,10.504962540579214,10.522297859191895,20787
2018-02-01 00:00:00+01:00,10.522297285135192,10.574301584949099,10.504961967468262,10.504961967468262,5539
2018-02-02 00:00:00+01:00,10.574300765991211,10.574300765991211,10.504961153880584,10.574300765991211,2339
2018-02-05 00:00:00+01:00,10.53963312158929,10.556968441469067,10.1929349899292,10.1929349899292,46313
2018-02-06 00:00:00+01:00,9.7942306407168,9.967579687352057,9.378192102198724,9.67288589477539,48211
2018-02-07 00:00:00+01:00,9.724891125654967,10.192933969852614,9.724891125654967,10.15826416015625,30873
2018-02-08 00:00:00+01:00,10.40095329284668,10.435623104092429,10.279608540189807,10.40095329284668,33738
2018-02-09 00:00:00+01:00,10.019583631220952,10.14092753623691,9.880903583698863,9.98491382598877,40715
2018-02-12 00:00:00+01:00,10.22760396387435,10.314278076380598,9.967579973168645,10.036919593811035,5199
2018-02-13 00:00:00+01:00,10.106258764408253,10.158263890870929,9.967579529299044,10.019584655761719,31159
2018-02-14 00:00:00+01:00,10.036918750043746,10.799655339583028,10.036918750043746,10.782320022583008,111089
2018-02-15 00:00:00+01:00,10.816990472375764,11.025010155762574,10.816990472375764,10.834325790405273,36372
2018-02-16 00:00:00+01:00,11.025009602756189,11.111683708775846,10.7476503143504,11.042344093322754,22268
2018-02-19 00:00:00+01:00,11.059679965228133,11.059679965228133,10.747650853444647,10.834325790405273,7167
2018-02-20 00:00:00+01:00,10.886331167797808,10.886331167797808,10.730316608324726,10.747651100158691,3342
2018-02-21 00:00:00+01:00,10.834325588568419,10.990340141553707,10.730316162109375,10.730316162109375,14457
2018-02-22 00:00:00+01:00,10.799655201087498,10.799655201087498,10.695645780201431,10.712980270385742,14417
2018-02-23 00:00:00+01:00,10.712980801964374,10.990340098016535,10.712980801964374,10.921000480651855,46055
2018-02-26 00:00:00+01:00,11.007674972270433,11.007674972270433,10.903665542602539,10.903665542602539,3721
2018-02-27 00:00:00+01:00,10.921000480651855,11.094349524063555,10.712980801964374,10.921000480651855,19422
2018-02-28 00:00:00+01:00,10.973004914998556,11.007674724106234,10.747650742501916,10.990340232849121,8898
2018-03-01 00:00:00+01:00,10.990340431937865,11.09434986114502,10.816990556665806,11.09434986114502,163448
2018-03-02 00:00:00+01:00,11.094350198884294,11.493053436279297,11.094350198884294,11.493053436279297,26290
2018-03-05 00:00:00+01:00,11.44104842730444,11.44104842730444,11.33703899383545,11.33703899383545,20078
2018-03-06 00:00:00+01:00,11.35437297821045,11.44104708261756,11.35437297821045,11.35437297821045,10547
2018-03-07 00:00:00+01:00,11.285033001228465,11.441046714782715,11.285033001228465,11.441046714782715,10074
2018-03-08 00:00:00+01:00,11.510387353615606,11.510387353615606,11.423713244262476,11.475717544555664,20950
2018-03-09 00:00:00+01:00,11.545056849466587,11.545056849466587,11.37170780886971,11.527722358703613,20181
2018-03-12 00:00:00+01:00,11.614396759182405,11.891756057739258,11.614396759182405,11.891756057739258,24909
2018-03-13 00:00:00+01:00,12.082440061626714,12.134445190429688,12.047770251289226,12.134445190429688,26279
2018-03-14 00:00:00+01:00,12.117110109399157,12.134445428204327,11.666402566180185,11.753077507019043,54002
2018-03-15 00:00:00+01:00,11.874419926415115,12.134443889363,11.805080313174797,11.961094856262207,19584
2018-03-16 00:00:00+01:00,12.047769716739602,12.047769716739602,11.805081055145077,11.857086181640625,9697
2018-03-19 00:00:00+01:00,11.961095303649769,12.013099602228456,11.891755687815902,11.978429794311523,11387
2018-03-20 00:00:00+01:00,12.01309915289575,12.01309915289575,11.85708543640173,11.961094856262207,12904
2018-03-21 00:00:00+01:00,11.80508112195397,11.943760357935671,11.80508112195397,11.891756057739258,2571
2018-03-22 00:00:00+01:00,11.857086544566489,11.943760655920762,11.49305312773552,11.614397048950195,8511
2018-03-23 00:00:00+01:00,11.441046714782715,11.510386326716466,11.371707102848964,11.441046714782715,15469
2018-03-26 00:00:00+02:00,11.354373915166356,11.354373915166356,10.938335369263408,11.129019737243652,11449
2018-03-27 00:00:00+02:00,11.181023972187583,11.267698909823613,11.00767492350899,11.09434986114502,13226
2018-03-28 00:00:00+02:00,11.527723499758375,11.874421615269533,11.31970463045168,11.406378746032715,37276
2018-03-29 00:00:00+02:00,11.423712661600705,11.49305227618395,11.319703239725836,11.389042854309082,13615
2018-03-30 00:00:00+02:00,11.389042854309082,11.389042854309082,11.389042854309082,11.389042854309082,0
2018-04-02 00:00:00+02:00,11.389042854309082,11.389042854309082,11.389042854309082,11.389042854309082,0
2018-04-03 00:00:00+02:00,11.423713651640474,11.909090995788574,11.267699092010416,11.909090995788574,46261
2018-04-04 00:00:00+02:00,11.96109523536911,12.099774466245181,11.701071264179765,11.94375991821289,18872
2018-04-05 00:00:00+02:00,11.943760255219722,12.117109298706055,11.943760255219722,12.117109298706055,18198
2018-04-06 00:00:00+02:00,12.047770816085245,12.047770816085245,11.80508213234565,11.926426887512207,5443
2018-04-09 00:00:00+02:00,11.943760188591973,12.307793591179246,11.943760188591973,12.082439422607422,49496
2018-04-10 00:00:00+02:00,12.151780508895172,12.359799370920102,12.117109871964203,12.134445190429688,28767
2018-04-11 00:00:00+02:00,12.20378551371063,12.20378551371063,11.995766639709473,11.995766639709473,8514
2018-04-12 00:00:00+02:00,12.0304355439469,12.0304355439469,11.701071938343064,11.805081367492676,15469
2018-04-13 00:00:00+02:00,11.805081367492676,11.805081367492676,11.787746875931141,11.805081367492676,3865
2018-04-16 00:00:00+02:00,12.030434629596892,12.030434629596892,11.007674080801793,11.35437297821045,80950
2018-04-17 00:00:00+02:00,11.35437360348023,11.614396757614088,11.233028858715903,11.25036334991455,23078
2018-04-18 00:00:00+02:00,11.31970423896998,11.52772310108253,11.198359489440918,11.198359489440918,6534
2018-04-19 00:00:00+02:00,11.337038863151555,11.337038863151555,11.198359620124812,11.267699241638184,6607
2018-04-20 00:00:00+02:00,11.441048175982665,11.441048175982665,11.181024184725302,11.423713684082031,102952
2018-04-23 00:00:00+02:00,11.40637772470655,11.40637772470655,11.285033808439524,11.371707916259766,5007
2018-04-24 00:00:00+02:00,11.406377449923117,11.406377449923117,11.181023287151161,11.233028411865234,13906
2018-04-25 00:00:00+02:00,11.233028758792916,11.233028758792916,10.678310993282034,10.921000480651855,52078
2018-04-26 00:00:00+02:00,10.921000659984136,11.111684197571476,10.088924411351123,10.79965591430664,59137
2018-04-27 00:00:00+02:00,10.7823209104201,10.886331167797808,10.608971859113053,10.747651100158691,53322
2018-04-30 00:00:00+02:00,10.730316295803343,10.79965591430664,10.158264029854418,10.79965591430664,21702
2018-05-01 00:00:00+02:00,10.79965591430664,10.79965591430664,10.79965591430664,10.79965591430664,0
2018-05-02 00:00:00+02:00,10.574301761215848,11.025010108947754,10.574301761215848,11.025010108947754,15110
2018-05-03 00:00:00+02:00,11.025010108947754,11.025010108947754,11.025010108947754,11.025010108947754,0
2018-05-04 00:00:00+02:00,11.094349774693692,11.094349774693692,10.747650853444647,10.834325790405273,4643
2018-05-07 00:00:00+02:00,11.07701471093882,11.094350029366264,10.730316608324726,10.747651100158691,7315
2018-05-08 00:00:00+02:00,10.747651100158691,10.747651100158691,10.574302048851644,10.747651100158691,36144
2018-05-09 00:00:00+02:00,10.834326039108955,10.903665659631773,10.574302048851644,10.747651100158691,7252
2018-05-10 00:00:00+02:00,10.66097583474098,10.74764993772334,10.574300905165233,10.643640518188477,4909
2018-05-11 00:00:00+02:00,10.643641507987212,11.09434986114502,10.574301888515775,11.09434986114502,15917
2018-05-14 00:00:00+02:00,11.094350187854756,11.267699241638184,10.764986572369498,11.267699241638184,17637
2018-05-15 00:00:00+02:00,11.371707513620697,11.683735778593737,11.354373023307785,11.649065971374512,19563
2018-05-16 00:00:00+02:00,11.666401357058042,11.753076288913789,11.441047195507828,11.683735847473145,22583
2018-05-17 00:00:00+02:00,11.527722225584673,11.94375991821289,11.441047292990419,11.94375991821289,21101
2018-05-18 00:00:00+02:00,11.943759539655431,11.961094856262207,11.49305205359337,11.961094856262207,7388
2018-05-21 00:00:00+02:00,11.562391666833687,11.961094856262207,11.562391666833687,11.961094856262207,12895
2018-05-22 00:00:00+02:00,12.013099533650928,12.4984776683106,11.631731648741727,11.94375991821289,42395
2018-05-23 00:00:00+02:00,11.961095303649769,12.117109025979255,11.70107133097606,11.978429794311523,26870
2018-05-24 00:00:00+02:00,11.995765179650018,12.047769478523863,11.787746330967787,12.013099670410156,15095
2018-05-25 00:00:00+02:00,12.013099670410156,12.047769478523863,11.805080821727925,12.013099670410156,19397
2018-05-28 00:00:00+02:00,12.030435055650832,12.134444480578868,12.013099738199443,12.047769546508789,13722
2018-05-29 00:00:00+02:00,12.233120143483836,12.268424930727978,11.91537705828657,12.180163383483887,14747
2018-05-30 00:00:00+02:00,12.091900825500488,12.109553639742089,12.056596038749797,12.091900825500488,14413
2018-05-31 00:00:00+02:00,12.091900825500488,12.091900825500488,12.091900825500488,12.091900825500488,0
2018-06-01 00:00:00+02:00,12.056594848632812,12.250771577460513,11.88007093230419,12.056594848632812,26305
2018-06-04 00:00:00+02:00,12.162510165722779,12.162510165722779,11.59763358854616,11.915376663208008,9999
2018-06-05 00:00:00+02:00,11.809462696554148,12.180163383483887,11.685895520333393,12.180163383483887,16524
2018-06-06 00:00:00+02:00,12.180162734108537,12.268424276647035,12.02129077911377,12.02129077911377,2172
2018-06-07 00:00:00+02:00,12.003638632856696,12.003638632856696,11.703547540775409,11.79180908203125,5080
2018-06-08 00:00:00+02:00,11.756503704182991,12.038942810459835,11.685894138046887,11.96833324432373,4165
2018-06-11 00:00:00+02:00,11.756504472737298,11.80946207166757,11.685894901985256,11.738852500915527,7848
2018-06-12 00:00:00+02:00,11.668242930163485,11.738852500915527,11.668242930163485,11.738852500915527,3348
2018-06-13 00:00:00+02:00,11.73885274332498,11.77415752943005,11.597633598904693,11.632938385009766,2100
2018-06-14 00:00:00+02:00,11.562330158922311,12.144859618342144,11.297543811440772,12.127206802368164,17813
2018-06-15 00:00:00+02:00,12.091901004428165,12.091901004428165,11.721200317194281,12.038944244384766,17484
2018-06-18 00:00:00+02:00,11.968334985062665,12.021291746500847,11.827114990518236,11.880072593688965,7080
2018-06-19 00:00:00+02:00,11.880073270860603,12.127206802368164,11.474067762517599,12.127206802368164,16695
2018-06-20 00:00:00+02:00,12.127206111109759,12.127206111109759,11.685895837706353,11.880072593688965,5588
2018-06-21 00:00:00+02:00,11.82711483530468,11.915377225520066,11.579981321127152,11.650590896606445,18009
2018-06-22 00:00:00+02:00,11.63293677754393,11.65058874729103,11.579979184837876,11.615283966064453,897
2018-06-25 00:00:00+02:00,11.562327738137288,11.562327738137288,11.10336471969725,11.35049819946289,8028
2018-06-26 00:00:00+02:00,11.121019196556299,11.279890322176215,10.944494414283545,11.032756805419922,13395
2018-06-27 00:00:00+02:00,11.015103592981673,11.032756407264904,10.679708538925432,10.767970085144043,15400
2018-06-28 00:00:00+02:00,10.732665083596657,10.82092746978204,9.903002188730548,10.1677885055542,33674
2018-06-29 00:00:00+02:00,10.167787619428102,10.538487420595605,10.167787619428102,10.256049156188965,5850
2018-07-02 00:00:00+02:00,10.256050255185553,10.767970085144043,10.256050255185553,10.767970085144043,7315
2018-07-03 00:00:00+02:00,10.767969676951497,10.856232061556767,10.361964222885716,10.503183364868164,6438
2018-07-04 00:00:00+02:00,10.503183536801467,10.66205549499864,10.503183536801467,10.591445922851562,13225
2018-07-05 00:00:00+02:00,10.591445922851562,10.66205549499864,10.573793108948545,10.591445922851562,7306
2018-07-06 00:00:00+02:00,10.679708308901656,10.679708308901656,10.344312420336792,10.591445922851562,1436
2018-07-09 00:00:00+02:00,10.591446244666049,10.591446244666049,10.29135513305664,10.29135513305664,5755
2018-07-10 00:00:00+02:00,10.256049570825967,10.379616737365723,10.238397599453121,10.379616737365723,9054
2018-07-11 00:00:00+02:00,10.361964392507312,10.591445922851562,10.361964392507312,10.591445922851562,39140
2018-07-12 00:00:00+02:00,10.520836651496781,10.591446225662597,10.23839835483352,10.573793411254883,11862
2018-07-13 00:00:00+02:00,10.36196517944336,10.55614193846076,10.344313205932265,10.36196517944336,8281
2018-07-16 00:00:00+02:00,10.361963505341453,10.538487420595605,10.256049156188965,10.256049156188965,5102
2018-07-17 00:00:00+02:00,10.414921285914701,10.591445204306659,10.256049338495721,10.485530853271484,5444
2018-07-18 00:00:00+02:00,10.5914459281168,10.5914459281168,10.326659611567381,10.450226783752441,3074
2018-07-19 00:00:00+02:00,10.326658722290624,10.45022588383474,10.256049156188965,10.256049156188965,9119
2018-07-20 00:00:00+02:00,10.256050039385201,10.538488328113917,10.150135681111934,10.450226783752441,35808
2018-07-23 00:00:00+02:00,10.556140899658203,10.644403283725683,10.450226543816713,10.556140899658203,8430
2018-07-24 00:00:00+02:00,10.414921992483869,10.591445922851562,10.414921992483869,10.591445922851562,5098
2018-07-25 00:00:00+02:00,10.679708538925432,11.191628368883922,10.626750937808254,10.767970085144043,34031
2018-07-26 00:00:00+02:00,10.715013972485362,11.015104257820203,10.715013972485362,10.785623550415039,77564
2018-07-27 00:00:00+02:00,10.715013089788707,10.732665061950684,10.397269173548162,10.732665061950684,14923
2018-07-30 00:00:00+02:00,10.767969858572247,10.767969858572247,10.39726918374956,10.450226783752441,25543
2018-07-31 00:00:00+02:00,10.450225890765665,10.48553067383991,10.379616324617176,10.397268295288086,15610
2018-08-01 00:00:00+02:00,10.39726989910705,10.467879476147338,10.39726989910705,10.414922714233398,118946
2018-08-02 00:00:00+02:00,10.432573969840648,10.520836355934621,10.432573969840648,10.450226783752441,8269
2018-08-03 00:00:00+02:00,10.556141447921553,10.556141447921553,10.379617512350794,10.432574272155762,7214
2018-08-06 00:00:00+02:00,10.520836910859149,10.520836910859149,10.309008183139644,10.32666015625,7727
2018-08-07 00:00:00+02:00,10.32666073500394,10.32666073500394,10.00891762561689,10.061874389648438,25155
2018-08-08 00:00:00+02:00,10.061872160663816,10.45022560561615,9.532300429000268,9.797086715698242,352163
2018-08-09 00:00:00+02:00,9.814739702148609,10.008916444730687,9.673520559082549,9.88534927368164,34210
2018-08-10 00:00:00+02:00,9.885349444854175,10.026568590365555,9.761783113397968,9.973611831665039,17576
2018-08-13 00:00:00+02:00,9.973612077503484,9.973612077503484,9.69117293778641,9.867697715759277,9723
2018-08-14 00:00:00+02:00,9.885349755947018,9.938307358046618,9.638216243524788,9.814740180969238,32117
2018-08-15 00:00:00+02:00,9.814740180969238,9.814740180969238,9.814740180969238,9.814740180969238,0
2018-08-16 00:00:00+02:00,9.708825676749104,9.832392852022345,9.267515418715053,9.302820205688477,29641
2018-08-17 00:00:00+02:00,9.355778019628316,9.70882589738569,9.302820417098442,9.620563507080078,8533
2018-08-20 00:00:00+02:00,9.691171637057176,9.867696391337253,9.532300536630482,9.549952507019043,100366
2018-08-21 00:00:00+02:00,9.744129894658917,10.150135342008559,9.708825109747316,10.132482528686523,86234
2018-08-22 00:00:00+02:00,10.06187382573435,10.414922546999398,10.008917064670745,10.32666015625,1015201
2018-08-23 00:00:00+02:00,10.361964159749233,10.556140899658203,10.326659374468736,10.556140899658203,20297
2018-08-24 00:00:00+02:00,10.556141136778024,10.626750708925101,10.414921992483869,10.591445922851562,100298
2018-08-27 00:00:00+02:00,10.503183237513184,10.644403219515771,10.503183237513184,10.609098434448242,120246
2018-08-28 00:00:00+02:00,10.66205551134135,10.66205551134135,9.814739802545166,10.1677885055542,16839
2018-08-29 00:00:00+02:00,10.291355066603,10.432574214276125,10.220745492766437,10.34431266784668,181908
2018-08-30 00:00:00+02:00,10.379617521788534,10.379617521788534,10.061873595739739,10.29135513305664,16187
2018-08-31 00:00:00+02:00,10.150136785344468,10.2383991810405,9.973612835684994,10.061874389648438,67507
2018-09-03 00:00:00+02:00,10.220746365208257,10.2383991810405,9.9383080457531,10.061874389648438,11483
2018-09-04 00:00:00+02:00,10.044220738502075,10.044220738502075,9.53230094909668,9.53230094909668,29224
2018-09-05 00:00:00+02:00,9.691172615377582,9.691172615377582,9.232210396421578,9.267515182495117,25654
2018-09-06 00:00:00+02:00,9.267515587154946,9.479344312845537,8.579071807794259,8.773247718811035,52003
2018-09-07 00:00:00+02:00,8.782073345224088,8.932118889678966,8.579071044921875,8.579071044921875,25044
2018-09-10 00:00:00+02:00,8.649680524726788,8.720290092950481,8.384894223021718,8.534939765930176,144924
2018-09-11 00:00:00+02:00,8.45550529940406,8.684986857928557,8.384895718586153,8.508462905883789,32261
2018-09-12 00:00:00+02:00,8.66733258524492,8.67615899179696,8.499635069418416,8.579071044921875,4471
2018-09-13 00:00:00+02:00,8.676158754516983,8.879161890999821,8.587896374875326,8.684985160827637,17994
2018-09-14 00:00:00+02:00,8.967424471560344,8.967424471560344,8.693812577976463,8.773247718811035,7864
2018-09-17 00:00:00+02:00,8.879162473586156,9.620562975945184,8.826204873979982,9.320472717285156,92607
2018-09-18 00:00:00+02:00,9.549953979545947,10.503184096016254,9.143948497217297,10.32666015625,250114
2018-09-19 00:00:00+02:00,10.467879578774108,10.485532394073525,9.885350141614339,10.079526901245117,56870
2018-09-20 00:00:00+02:00,10.079527205480678,10.150136785344468,9.85004565005707,10.061874389648438,10527
2018-09-21 00:00:00+02:00,10.06187252692501,10.06187252692501,9.585257530212402,9.585257530212402,20424
2018-09-24 00:00:00+02:00,9.285168444076842,9.673521109609952,9.285168444076842,9.620563507080078,53844
2018-09-25 00:00:00+02:00,9.708825667707954,9.708825667707954,9.408734557847051,9.444039344787598,30348
2018-09-26 00:00:00+02:00,9.461691752211694,9.461691752211694,8.82620477287929,9.038033485412598,81335
2018-09-27 00:00:00+02:00,9.108642568170035,9.179252135230854,8.826204299926758,8.826204299926758,125661
2018-09-28 00:00:00+02:00,9.03803365729566,9.161600829489633,9.002728871202024,9.126296043395996,33481
2018-10-01 00:00:00+02:00,9.179252965134289,9.444039286418118,9.179252965134289,9.355777740478516,24641
2018-10-02 00:00:00+02:00,9.426387772209281,9.797088471682628,9.302820591807315,9.567606925964355,65561
2018-10-03 00:00:00+02:00,9.620562313608431,9.850043826548836,9.461691209192516,9.585257530212402,99188
2018-10-04 00:00:00+02:00,9.355776859004429,9.70882469296472,9.355776859004429,9.585257530212402,5005
2018-10-05 00:00:00+02:00,9.532301498912904,9.532301498912904,9.090991252127424,9.267515182495117,8732
2018-10-08 00:00:00+02:00,9.179253039226753,9.267515427611297,9.055686705567414,9.161601066589355,9757
2018-10-09 00:00:00+02:00,9.655868084691749,9.655868084691749,9.055686705567414,9.161601066589355,13804
2018-10-10 00:00:00+02:00,9.58525746290743,9.58525746290743,9.249861602133993,9.49699592590332,26495
2018-10-11 00:00:00+02:00,9.26751525438289,9.26751525438289,8.967424149563767,9.073338508605957,23735
2018-10-12 00:00:00+02:00,9.07333820674997,9.090991020202637,9.020381449856915,9.090991020202637,7254
2018-10-15 00:00:00+02:00,9.532301320366773,9.532301320366773,9.108643053687205,9.179252624511719,12086
2018-10-16 00:00:00+02:00,9.355777328251696,9.355777328251696,9.196905374134985,9.232210159301758,13116
2018-10-17 00:00:00+02:00,9.426386833190918,9.426386833190918,9.179252497005505,9.426386833190918,18073
2018-10-18 00:00:00+02:00,9.267515495359893,9.355777884389664,9.108643531799316,9.108643531799316,5102
2018-10-19 00:00:00+02:00,9.179252624511719,9.179252624511719,9.002728697450433,9.179252624511719,5937
2018-10-22 00:00:00+02:00,9.338124336902602,9.355777150015925,9.126295629937497,9.14394760131836,7209
2018-10-23 00:00:00+02:00,9.161600477432147,9.179252448934395,8.649680677879987,8.808551788330078,27734
2018-10-24 00:00:00+02:00,8.74676904354263,8.808552209352243,8.49963553857167,8.649681091308594,22429
2018-10-25 00:00:00+02:00,8.490809298575078,8.6408548542639,8.164239807291327,8.358416557312012,24719
2018-10-26 00:00:00+02:00,8.508461538471622,8.61437589267677,8.173065662622417,8.384894371032715,30175
2018-10-29 00:00:00+01:00,8.481982168896183,8.67615890237756,8.437851820055712,8.534939765930176,11670
2018-10-30 00:00:00+01:00,8.534940474383166,8.73794278944362,8.534940474383166,8.640854835510254,3332
2018-10-31 00:00:00+01:00,8.73794254965954,8.73794254965954,8.570245026243356,8.605549812316895,10243
2018-11-01 00:00:00+01:00,8.605549812316895,8.605549812316895,8.605549812316895,8.605549812316895,0
2018-11-02 00:00:00+01:00,8.737942306608174,8.782073498405683,8.649680764745625,8.711463928222656,9932
2018-11-05 00:00:00+01:00,8.808551812756924,8.817378219398758,8.649680701866272,8.764421463012695,2836
2018-11-06 00:00:00+01:00,8.773247482280944,8.78207388937989,8.658507556924706,8.737942695617676,6386
2018-11-07 00:00:00+01:00,8.737943110999826,8.817379095201515,8.658507968530689,8.720291137695312,2780
2018-11-08 00:00:00+01:00,8.693812045819987,8.702637610884143,8.614376068115234,8.614376068115234,2147
2018-11-09 00:00:00+01:00,8.640855410203296,8.640855410203296,8.296633082347054,8.376069068908691,15019
2018-11-12 00:00:00+01:00,8.376069068908691,8.376069068908691,8.376069068908691,8.376069068908691,0
2018-11-13 00:00:00+01:00,8.3848946084912,8.464330586827788,8.296632223287771,8.420199394226074,1863
2018-11-14 00:00:00+01:00,9.090991492210378,9.090991492210378,8.649681233770384,8.782073974609375,10440
2018-11-15 00:00:00+01:00,8.729116412679845,8.729116412679845,8.596722842276536,8.632027626037598,3503
2018-11-16 00:00:00+01:00,8.649682067519603,8.649682067519603,8.446678891368672,8.508462905883789,8063
2018-11-19 00:00:00+01:00,8.51728822647046,8.826205764936258,8.34076427951825,8.376069068908691,55375
2018-11-20 00:00:00+01:00,8.605550620812853,8.80855294937475,8.349590687299004,8.376069068908691,26560
2018-11-21 00:00:00+01:00,8.429025626299609,8.455504004618557,8.305458457923727,8.331936836242676,374174
2018-11-22 00:00:00+01:00,8.384895089272888,8.384895089272888,8.323111921127394,8.349590301513672,8484
2018-11-23 00:00:00+01:00,8.384895523366843,8.384895523366843,7.731756495141456,7.85532283782959,203661
2018-11-26 00:00:00+01:00,8.005367368293593,8.005367368293593,7.749407466470288,7.767060279846191,57080
2018-11-27 00:00:00+01:00,7.7935390554174315,7.82001743509843,7.590536741642256,7.65231990814209,39288
2018-11-28 00:00:00+01:00,7.63466739654541,7.669972184763917,7.617015423302431,7.63466739654541,18901
2018-11-29 00:00:00+01:00,7.599362668638391,7.899453791743604,7.572884287697506,7.890627384185791,73326
2018-11-30 00:00:00+01:00,7.987716256239749,8.323112170882952,7.987716256239749,8.24367618560791,77173
2018-12-03 00:00:00+01:00,8.340764045715332,8.552592776120138,8.340764045715332,8.340764045715332,31276
2018-12-04 00:00:00+01:00,8.490810089813014,8.508462905883789,8.384895718586153,8.508462905883789,8513
2018-12-05 00:00:00+01:00,8.42019964151989,8.755595536717717,8.358416475102466,8.693812370300293,40784
2018-12-06 00:00:00+01:00,8.746768803134836,8.755595209931471,8.55259206227127,8.614376068115234,10866
2018-12-07 00:00:00+01:00,8.746768868783263,8.808552033358456,8.561418533325195,8.561418533325195,10734
2018-12-10 00:00:00+01:00,8.561417992606936,8.561417992606936,8.411372452344414,8.543766021728516,16367
2018-12-11 00:00:00+01:00,8.56141817381258,9.408733837221332,8.56141817381258,8.914466857910156,61787
2018-12-12 00:00:00+01:00,9.090991188545878,9.514648618465323,9.090991188545878,9.320472717285156,89316
2018-12-13 00:00:00+01:00,9.514648690425988,9.514648690425988,9.108643229482931,9.126296043395996,42702
2018-12-14 00:00:00+01:00,9.126296115420518,9.126296115420518,8.843857824442438,8.932119369506836,11675
2018-12-17 00:00:00+01:00,8.949771458020173,8.949771458020173,8.667332348206331,8.684985160827637,45954
2018-12-18 00:00:00+01:00,8.684985165805118,8.896813866987577,8.64968038227471,8.826204299926758,32308
2018-12-19 00:00:00+01:00,8.649680529929395,8.826204450594801,8.649680529929395,8.817378044128418,18387
2018-12-20 00:00:00+01:00,8.773246698736859,8.773246698736859,8.59672278118598,8.684985160827637,18102
2018-12-21 00:00:00+01:00,8.68498579141548,8.764421770514065,8.473157074974248,8.605549812316895,15594
2018-12-24 00:00:00+01:00,8.605549812316895,8.605549812316895,8.605549812316895,8.605549812316895,0
2018-12-25 00:00:00+01:00,8.605549812316895,8.605549812316895,8.605549812316895,8.605549812316895,0
2018-12-26 00:00:00+01:00,8.605549812316895,8.605549812316895,8.605549812316895,8.605549812316895,0
2018-12-27 00:00:00+01:00,8.561418863368068,8.693812446217601,8.473157316534236,8.499635696411133,7433
2018-12-28 00:00:00+01:00,8.579071984329,8.808552687682983,8.296632835863825,8.720291137695312,27628
2018-12-31 00:00:00+01:00,8.720291137695312,8.720291137695312,8.720291137695312,8.720291137695312,0
2019-01-01 00:00:00+01:00,8.720291137695312,8.720291137695312,8.720291137695312,8.720291137695312,0
2019-01-02 00:00:00+01:00,8.331937005285209,8.711464083064225,8.331937005285209,8.561418533325195,2423
2019-01-03 00:00:00+01:00,8.49963626433655,8.632029014299729,8.47315788269043,8.47315788269043,3962
2019-01-04 00:00:00+01:00,8.429025881949201,8.640854598390433,8.331937088947598,8.605549812316895,4609
2019-01-07 00:00:00+01:00,8.59672364127417,8.640854835510254,8.59672364127417,8.640854835510254,6226
2019-01-08 00:00:00+01:00,8.649680918489032,8.676159297345189,8.49080896188712,8.561418533325195,7849
2019-01-09 00:00:00+01:00,8.826203908572385,8.932118254467365,8.68498478071241,8.799725532531738,107556
2019-01-10 00:00:00+01:00,8.826204299926758,8.826204299926758,8.64968038227471,8.826204299926758,11026
2019-01-11 00:00:00+01:00,8.808552296009077,8.817378703135141,8.649681176402485,8.693812370300293,10593
2019-01-14 00:00:00+01:00,8.737941915226683,8.737941915226683,8.614375593807285,8.684985160827637,18761
2019-01-15 00:00:00+01:00,8.605549725907114,8.63202810476327,8.473156989893845,8.561418533325195,39122
2019-01-16 00:00:00+01:00,8.649681005341941,8.693812198366988,8.48198264019326,8.605549812316895,6105
2019-01-17 00:00:00+01:00,8.605549187496631,9.002728212419221,8.446677240834623,8.684985160827637,114091
2019-01-18 00:00:00+01:00,8.684985639023353,8.817378374042955,8.614376068115234,8.614376068115234,5000
2019-01-21 00:00:00+01:00,8.614376045375227,8.614376045375227,8.473156903931777,8.517287254333496,6789
2019-01-22 00:00:00+01:00,8.526113683613847,8.676159232226718,8.481982491363151,8.614376068115234,7386
2019-01-23 00:00:00+01:00,8.649681020584854,9.179252812621174,8.649681020584854,8.843857765197754,165989
2019-01-24 00:00:00+01:00,8.826204710539944,9.26751494606694,8.826204710539944,9.090991020202637,93933
2019-01-25 00:00:00+01:00,9.179252796445022,9.267515182495117,9.126296038200962,9.267515182495117,33333
2019-01-28 00:00:00+01:00,9.355777426251818,10.150135521691178,9.355777426251818,9.93830680847168,133763
2019-01-29 00:00:00+01:00,9.973611173469617,9.973611173469617,9.444038571017888,9.6735200881958,30819
2019-01-30 00:00:00+01:00,9.726477682167417,9.885348789468523,9.496996165059496,9.53230094909668,11391
2019-01-31 00:00:00+01:00,9.70882535287045,9.70882535287045,9.461691852300662,9.602910995483398,10274
2019-02-01 00:00:00+01:00,9.69117313135895,10.32666015625,9.532302006435593,10.32666015625,93861
2019-02-04 00:00:00+01:00,10.591445922851562,10.803274639292795,10.591445922851562,10.591445922851562,130896
2019-02-05 00:00:00+01:00,10.679708716606997,10.767970264294043,10.591446327187423,10.71501350402832,209660
2019-02-06 00:00:00+01:00,10.750317705069932,10.785622490565544,10.414921821995375,10.503183364868164,22632
2019-02-07 00:00:00+01:00,10.361964726990122,10.414922328676143,9.903002493218882,10.008916854858398,30812
2019-02-08 00:00:00+01:00,9.991263559952726,10.326659443216515,9.973611588061202,10.220745086669922,7950
2019-02-11 00:00:00+01:00,10.29135560193386,10.467879545707607,10.29135560193386,10.36196517944336,19736
2019-02-12 00:00:00+01:00,10.361964222885716,10.767969676951497,10.326659437390104,10.503183364868164,112300
2019-02-13 00:00:00+01:00,10.538488883969503,10.59144648676565,10.238398607233144,10.32666015625,16274
2019-02-14 00:00:00+01:00,10.309007465508538,10.503183364868164,10.150135509912042,10.503183364868164,24964
2019-02-15 00:00:00+01:00,10.485532578371922,10.556142157345532,10.39727018378862,10.53848934173584,7393
2019-02-18 00:00:00+01:00,10.556141063765427,11.032756093327894,10.538488249984509,10.926841735839844,52205
2019-02-19 00:00:00+01:00,10.90918898708961,11.032756159095173,10.803274628970195,10.873884201049805,14440
2019-02-20 00:00:00+01:00,10.873884683550129,10.944494258762854,10.76797032073104,10.803275108337402,6833
2019-02-21 00:00:00+01:00,10.838579420120032,10.838579420120032,10.732665061950684,10.732665061950684,6946
2019-02-22 00:00:00+01:00,10.679709119968663,10.909189826008253,10.06187405416171,10.36196517944336,30426
2019-02-25 00:00:00+01:00,10.008917064670745,10.414922546999398,10.008917064670745,10.32666015625,19121
2019-02-26 00:00:00+01:00,10.326659378535322,10.326659378535322,10.150135452063324,10.273702621459961,7536
2019-02-27 00:00:00+01:00,10.30900716721472,10.414921520636897,10.150135216215224,10.238397598266602,8244
2019-02-28 00:00:00+01:00,10.23839834577316,11.474066734313965,10.23839834577316,11.474066734313965,328849
2019-03-01 00:00:00+01:00,11.385804117010695,11.438761717390221,11.209280185299773,11.297542572021484,26597
2019-03-04 00:00:00+01:00,11.385803701161102,11.474066084659162,11.156323019184597,11.173974990844727,61744
2019-03-05 00:00:00+01:00,11.209279952888211,11.209279952888211,10.873884068725259,11.121018409729004,20205
2019-03-06 00:00:00+01:00,11.173974990844727,11.191627804237326,11.05040866402641,11.173974990844727,8318
2019-03-07 00:00:00+01:00,11.121018057961967,11.156322842455427,10.873883724775286,10.944493293762207,19405
2019-03-08 00:00:00+01:00,10.89153677662366,10.909188748391081,10.750317635554387,10.838579177856445,9332
2019-03-11 00:00:00+01:00,11.156323678433475,11.297542826989307,10.891537354025031,11.050409317016602,14769
2019-03-12 00:00:00+01:00,10.997452284204066,10.997452284204066,10.697361157136662,10.785623550415039,18275
2019-03-13 00:00:00+01:00,10.891537025342888,11.10336574178412,10.273702848189714,10.591445922851562,40299
2019-03-14 00:00:00+01:00,10.591445621048242,11.032755855258586,10.591445621048242,10.609098434448242,5717
2019-03-15 00:00:00+01:00,11.244584382822849,11.244584382822849,10.856231753394786,10.944493293762207,29620
2019-03-18 00:00:00+01:00,10.962146521669194,11.032756093327894,10.856232164181145,10.926841735839844,13930
2019-03-19 00:00:00+01:00,10.944493054289817,10.944493054289817,10.76796913568497,10.909188270568848,19221
2019-03-20 00:00:00+01:00,10.909189890925688,10.909189890925688,10.626751579206985,10.785623550415039,7478
2019-03-21 00:00:00+01:00,10.803274394578786,10.803274394578786,10.679708066986652,10.697360038757324,9508
2019-03-22 00:00:00+01:00,10.767969853219256,10.838579425366333,10.591445922851562,10.591445922851562,10423
2019-03-25 00:00:00+01:00,10.414921992483869,10.591445922851562,10.344312420336792,10.591445922851562,34268
2019-03-26 00:00:00+01:00,10.591445922851562,10.94449378358695,10.573793108948545,10.591445922851562,75576
2019-03-27 00:00:00+01:00,10.785623158623265,10.785623158623265,10.503184015431705,10.52083683013916,8937
2019-03-28 00:00:00+01:00,10.503183364868164,10.503183364868164,10.379617036499763,10.503183364868164,17556
2019-03-29 00:00:00+01:00,10.57379311960548,10.57379311960548,10.30900764465332,10.30900764465332,19997
2019-04-01 00:00:00+02:00,10.273703408010448,10.361964957137477,9.973612289166963,10.185441017150879,25884
2019-04-02 00:00:00+02:00,10.32666015625,10.32666015625,10.150136216483748,10.32666015625,6718
2019-04-03 00:00:00+02:00,10.467878515590723,10.556140899658203,10.467878515590723,10.556140899658203,17648
2019-04-04 00:00:00+02:00,10.591445922851562,10.697360281072179,10.591445922851562,10.591445922851562,9289
2019-04-05 00:00:00+02:00,10.626750534969048,10.66205532046466,10.503183364868164,10.503183364868164,8607
2019-04-08 00:00:00+02:00,10.238398771632674,10.450227502753544,10.150136379466035,10.414922714233398,12128
2019-04-09 00:00:00+02:00,10.414921285914701,10.50318282424446,10.326658905852504,10.485530853271484,5507
2019-04-10 00:00:00+02:00,10.50318330087122,10.5914456849387,10.256049803907743,10.556140899658203,39875
2019-04-11 00:00:00+02:00,10.55614186831398,10.55614186831398,10.414922714233398,10.414922714233398,63530
2019-04-12 00:00:00+02:00,10.679708480834961,10.944493959783053,10.609098907551136,10.679708480834961,63818
2019-04-15 00:00:00+02:00,10.697360689451395,10.926842228556263,10.538488725189175,10.71501350402832,15158
2019-04-16 00:00:00+02:00,10.644403348583095,10.679708134078707,10.503183364868164,10.503183364868164,12195
2019-04-17 00:00:00+02:00,10.679708614236127,11.05040929947292,10.291355114591621,10.573793411254883,55231
2019-04-18 00:00:00+02:00,10.591445689109555,10.750317643800592,10.079525881474526,10.273702621459961,40226
2019-04-19 00:00:00+02:00,10.273702621459961,10.273702621459961,10.273702621459961,10.273702621459961,0
2019-04-22 00:00:00+02:00,10.273702621459961,10.273702621459961,10.273702621459961,10.273702621459961,0
2019-04-23 00:00:00+02:00,10.220745092764345,10.220745092764345,9.70882528161765,9.93830680847168,23648
2019-04-24 00:00:00+02:00,9.938306205905123,9.938306205905123,9.532300775984575,9.585257530212402,44159
2019-04-25 00:00:00+02:00,9.673520085245416,9.708824869282601,9.46169138102231,9.53230094909668,10143
2019-04-26 00:00:00+02:00,9.479343180024316,9.70882469296472,8.96742339991568,9.585257530212402,23746
2019-04-29 00:00:00+02:00,9.602911714403124,9.70882607971943,9.46169256064805,9.567606925964355,11052
2019-04-30 00:00:00+02:00,9.585259151985221,9.585259151985221,9.461692810058594,9.461692810058594,5243
2019-05-01 00:00:00+02:00,9.461692810058594,9.461692810058594,9.461692810058594,9.461692810058594,0
2019-05-02 00:00:00+02:00,9.461691926765827,9.655867829304043,9.232210396421578,9.267515182495117,12985
2019-05-03 00:00:00+02:00,9.267515182495117,9.267515182495117,9.267515182495117,9.267515182495117,0
2019-05-06 00:00:00+02:00,9.232211417234296,9.391083392998066,9.108644231447744,9.214558601379395,12422
2019-05-07 00:00:00+02:00,9.249862018246871,9.28516764471568,8.473156754047295,8.667332649230957,86789
2019-05-08 00:00:00+02:00,8.649680372196336,8.667332343074754,8.481982019322961,8.543766021728516,35254
2019-05-09 00:00:00+02:00,8.54376656133192,8.649680918489032,8.508461775612883,8.561418533325195,21343
2019-05-10 00:00:00+02:00,8.561417992606936,9.179252124535438,8.534939615423088,8.543766021728516,41880
2019-05-13 00:00:00+02:00,8.73794253338396,8.73794253338396,8.278980315282835,8.367241859436035,194506
2019-05-14 00:00:00+02:00,8.384894434613045,8.490808789621314,8.29663205123992,8.331936836242676,20548
2019-05-15 00:00:00+02:00,8.605549551313388,8.605549551313388,8.226022481234407,8.331936836242676,22066
2019-05-16 00:00:00+02:00,8.075977179481317,8.323111523728585,7.943584442138672,7.943584442138672,87131
2019-05-17 00:00:00+02:00,7.961237335147012,8.376068365199858,7.961237335147012,8.128934860229492,10582
2019-05-20 00:00:00+02:00,7.970062518619238,8.208370446865901,7.943584140502653,7.961236953735352,22113
2019-05-21 00:00:00+02:00,8.164239740298775,8.164239740298775,7.511100763090676,8.03184700012207,37242
2019-05-22 00:00:00+02:00,8.093629915745367,8.47315699369463,8.093629915745367,8.420199394226074,47048
2019-05-23 00:00:00+02:00,8.534940154469039,8.737942461920381,8.49080896188712,8.561418533325195,37590
2019-05-24 00:00:00+02:00,8.437852845116948,8.632028760455078,8.173066511244665,8.340764045715332,35986
2019-05-27 00:00:00+02:00,8.340764325949976,8.340764325949976,7.767061284728434,7.85532283782959,65925
2019-05-28 00:00:00+02:00,7.855322609564111,8.12010894463839,7.767061059027721,7.987716197967529,41450
2019-05-29 00:00:00+02:00,7.943585232663326,7.987716430080193,7.678798889894699,7.85532283782959,25483
2019-05-30 00:00:00+02:00,7.917105498955141,8.287806147182634,7.7317551748413935,7.8994526863098145,45299
2019-05-31 00:00:00+02:00,7.943585001833056,8.031847394102002,7.749408243880911,7.987716197967529,33492
2019-06-03 00:00:00+02:00,7.98771555200295,7.98771555200295,7.590536502377579,7.758234024047852,60006
2019-06-04 00:00:00+02:00,7.705277311460684,7.846497312270782,7.5905373760096415,7.7405829429626465,59759
2019-06-05 00:00:00+02:00,7.749407952028014,7.837670340972882,7.581710423111795,7.6258416175842285,30685
2019-06-06 00:00:00+02:00,7.669971489743665,7.793538658177576,7.572883541373607,7.767060279846191,48470
2019-06-07 00:00:00+02:00,7.634666239761265,7.837669372558594,7.590535892474055,7.837669372558594,44111
2019-06-10 00:00:00+02:00,7.855322280450594,8.164239798716665,7.855322280450594,8.120108604431152,53684
2019-06-11 00:00:00+02:00,8.278980104215249,8.499635221571522,8.252501725817588,8.287806510925293,39616
2019-06-12 00:00:00+02:00,8.28780674800104,8.473157085551623,8.25250196188343,8.323111534118652,10953
2019-06-13 00:00:00+02:00,8.28780738206433,8.28780738206433,7.94358505978333,8.24367618560791,34589
2019-06-14 00:00:00+02:00,8.270154583298893,8.270154583298893,8.075977823542539,8.102457046508789,18629
2019-06-17 00:00:00+02:00,8.24894252203547,8.303873946379392,8.148233455539534,8.212321281433105,10178
2019-06-18 00:00:00+02:00,8.331340236343188,8.422892898044136,8.111611927398636,8.285563468933105,6951
2019-06-19 00:00:00+02:00,8.331339644500193,8.331339644500193,8.24894164363929,8.303873062133789,6156
2019-06-20 00:00:00+02:00,8.303873062133789,8.303873062133789,8.303873062133789,8.303873062133789,0
2019-06-21 00:00:00+02:00,8.377115279562977,8.377115279562977,8.129922157652807,8.313028335571289,17029
2019-06-24 00:00:00+02:00,8.468668575565893,8.468668575565893,8.194008879572367,8.258096694946289,4799
2019-06-25 00:00:00+02:00,8.276406822792886,8.276406822792886,8.194008827209473,8.194008827209473,10701
2019-06-26 00:00:00+02:00,8.148232619400611,8.313028621760168,8.148232619400611,8.239786148071289,6660
2019-06-27 00:00:00+02:00,8.23978600561001,8.331339532697779,8.166543533187452,8.276407241821289,6082
2019-06-28 00:00:00+02:00,8.239785701511394,8.331339225220276,8.05667952721274,8.221474647521973,15610
2019-07-01 00:00:00+02:00,8.221475609430607,8.349650382995605,8.093301708984821,8.349650382995605,13130
2019-07-02 00:00:00+02:00,8.358805480070956,8.496134901501765,8.285563005558634,8.459513664245605,17356
2019-07-03 00:00:00+02:00,8.486979850220697,8.514445558598874,8.432047560345216,8.505290031433105,18654
2019-07-04 00:00:00+02:00,8.505289330732788,8.551066089671226,8.422891339267412,8.496133804321289,3948
2019-07-05 00:00:00+02:00,8.514445537421352,8.560222300017207,8.377115249633789,8.377115249633789,4983
2019-07-08 00:00:00+02:00,8.377115270469735,8.514445558598874,8.377115270469735,8.505290031433105,16172
2019-07-09 00:00:00+02:00,8.514446023845627,8.514446023845627,8.157388302942454,8.331339836120605,10263
2019-07-10 00:00:00+02:00,8.331339110888194,8.331339110888194,8.148232065983231,8.194008827209473,23906
2019-07-11 00:00:00+02:00,8.230631202670414,8.230631202670414,8.010903766064125,8.093301773071289,31039
2019-07-12 00:00:00+02:00,8.102456323748806,8.102456323748806,7.928504802581172,7.965126037597656,21313
2019-07-15 00:00:00+02:00,7.946816586242045,8.056680301378027,7.873574109484725,7.9559712409973145,23449
2019-07-16 00:00:00+02:00,7.965126104413272,7.965126104413272,7.5165157534183935,7.64469051361084,73632
2019-07-17 00:00:00+02:00,7.653845755133487,7.791176052978501,7.598914334490833,7.672156810760498,27366
2019-07-18 00:00:00+02:00,7.644690989860067,7.644690989860067,7.1411483179503845,7.260167121887207,100159
2019-07-19 00:00:00+02:00,7.269322756306801,7.278477847562713,7.02212918056285,7.177769660949707,61144
2019-07-22 00:00:00+02:00,7.141148679760497,7.351720588378839,7.104527440299949,7.232701778411865,36989
2019-07-23 00:00:00+02:00,7.205234722236979,7.278477191925049,7.159458396961712,7.278477191925049,21362
2019-07-24 00:00:00+02:00,7.315098670100511,7.461583614349365,7.287632961333635,7.461583614349365,33499
2019-07-25 00:00:00+02:00,7.4798947493120265,7.5348261674360195,7.4798947493120265,7.507360458374023,15867
2019-07-26 00:00:00+02:00,7.534826247416882,7.553137302398682,7.507360538063343,7.553137302398682,10162
2019-07-29 00:00:00+02:00,7.562292985760513,7.736243646077211,7.553137458080903,7.69046688079834,19687
2019-07-30 00:00:00+02:00,7.736243646077211,7.736243646077211,7.598914223359774,7.69046688079834,5870
2019-07-31 00:00:00+02:00,7.681312148467221,7.681312148467221,7.553137381607943,7.59891414642334,6534
2019-08-01 00:00:00+02:00,7.598913904307328,7.598913904307328,7.370030960642163,7.415807723999023,4406
2019-08-02 00:00:00+02:00,7.4341183050845805,7.4341183050845805,7.351720301236829,7.370031356811523,8913
2019-08-05 00:00:00+02:00,7.415807841398223,7.415807841398223,7.168613839229344,7.186924457550049,14763
2019-08-06 00:00:00+02:00,7.278478109457744,7.589759081432007,7.232701778411865,7.232701778411865,15610
2019-08-07 00:00:00+02:00,7.241856869997196,7.4066528841292705,7.186925010806376,7.232701778411865,5533
2019-08-08 00:00:00+02:00,7.232701198611082,7.324254289923207,7.1503031981503815,7.315098762512207,5666
2019-08-09 00:00:00+02:00,7.324254289923207,7.397496762972907,7.177769343823807,7.315098762512207,8954
2019-08-12 00:00:00+02:00,7.315099348918292,7.315099348918292,7.15945929949077,7.232701778411865,3073
2019-08-13 00:00:00+02:00,7.223545671200082,7.315098762512207,7.141148107298957,7.315098762512207,8511
2019-08-14 00:00:00+02:00,7.177769164440993,7.315098579697333,7.177769164440993,7.305943489074707,4352
2019-08-15 00:00:00+02:00,7.305943489074707,7.305943489074707,7.305943489074707,7.305943489074707,0
2019-08-16 00:00:00+02:00,7.278477825176424,7.58060325720539,7.278477825176424,7.370031356811523,8007
2019-08-19 00:00:00+02:00,7.370031149801253,7.489050388336182,7.324254385269486,7.489050388336182,2529
2019-08-20 00:00:00+02:00,7.507360629922351,8.111611481808708,7.507360629922351,7.772864818572998,53576
2019-08-21 00:00:00+02:00,7.827797176634953,7.937660889432737,7.69046688079834,7.69046688079834,6950
2019-08-22 00:00:00+02:00,7.690466770009823,7.690466770009823,7.608069641437876,7.66300106048584,8149
2019-08-23 00:00:00+02:00,7.598913832335096,7.873573536755715,7.589758305126612,7.73624324798584,21827
2019-08-26 00:00:00+02:00,7.690466802934966,7.763709277391935,7.507360616792547,7.59891414642334,5875
2019-08-27 00:00:00+02:00,7.525671625337763,7.534826279748787,7.29678823923851,7.489050388336182,8659
2019-08-28 00:00:00+02:00,7.324254276095466,7.507360458374023,7.269322421411899,7.507360458374023,2185
2019-08-29 00:00:00+02:00,7.507360377593606,7.516515904888807,7.333409724580502,7.415807723999023,2794
2019-08-30 00:00:00+02:00,7.415808056880662,7.598914245408259,7.177769575235198,7.452429294586182,7392
2019-09-02 00:00:00+02:00,7.342565393481102,7.424962521369558,7.324254338537563,7.379186630249023,7194
2019-09-03 00:00:00+02:00,7.37918677398025,7.406652483811377,7.122837675052073,7.342565536499023,16606
2019-09-04 00:00:00+02:00,7.2784773440877,7.388341050916598,7.232701017855442,7.305943489074707,2003
2019-09-05 00:00:00+02:00,7.305943336337853,7.32425395375987,7.141147779539695,7.278477191925049,3778
2019-09-06 00:00:00+02:00,7.232701078559081,7.305943550393065,6.820711519653565,7.223545551300049,29499
2019-09-09 00:00:00+02:00,7.23270118145754,7.324254272552532,7.141148090362549,7.141148090362549,13996
2019-09-10 00:00:00+02:00,7.141148679760497,7.296788729188018,7.113682531885281,7.232701778411865,6450
2019-09-11 00:00:00+02:00,7.287633036114536,7.287633036114536,7.077060708316267,7.141148090362549,13684
2019-09-12 00:00:00+02:00,7.131992503983673,7.131992503983673,6.967196941375732,6.967196941375732,33501
2019-09-13 00:00:00+02:00,6.967197274079025,7.0312842220959935,6.8481780326766675,7.003818511962891,41905
2019-09-16 00:00:00+02:00,6.866488314390756,6.958041404604051,6.793245842220118,6.903109550476074,24090
2019-09-17 00:00:00+02:00,6.903109612918502,7.031283940376524,6.820711612701416,6.820711612701416,18399
2019-09-18 00:00:00+02:00,7.06790522018568,7.479894787240902,7.0495946018649756,7.186924457550049,108052
2019-09-19 00:00:00+02:00,7.342565522193873,7.342565522193873,7.141148279879947,7.214390754699707,23241
2019-09-20 00:00:00+02:00,7.278477958665901,7.278477958665901,7.077061145805743,7.205235481262207,13369
2019-09-23 00:00:00+02:00,7.177769660949707,7.177769660949707,6.930576085205755,7.177769660949707,13531
2019-09-24 00:00:00+02:00,7.159458708581547,7.177769326800545,7.049594562707982,7.141148090362549,2882
2019-09-25 00:00:00+02:00,7.049594562707982,7.1686137994112595,7.049594562707982,7.141148090362549,21046
2019-09-26 00:00:00+02:00,7.168614391076102,7.287633637602686,7.086216384010066,7.232701778411865,7503
2019-09-27 00:00:00+02:00,7.23270118145754,7.23270118145754,7.049594562707982,7.141148090362549,10946
2019-09-30 00:00:00+02:00,7.14114785622235,7.14114785622235,7.003818005802774,7.067904949188232,5074
2019-10-01 00:00:00+02:00,7.095371606672553,7.141148372307181,6.784090648100108,7.003818511962891,11429
2019-10-02 00:00:00+02:00,6.866488062208364,7.012973001169752,6.866488062208364,6.912264823913574,4709
2019-10-03 00:00:00+02:00,6.921419956139455,7.086215513466743,6.8939542481980185,6.958041191101074,6255
2019-10-04 00:00:00+02:00,7.049594879150391,7.049594879150391,6.9580417839457605,7.049594879150391,5045
2019-10-07 00:00:00+02:00,7.003818511962891,7.003818511962891,6.884799270560533,7.003818511962891,1871
2019-10-08 00:00:00+02:00,7.00381855571219,7.113682270050049,6.921420551678999,7.113682270050049,6334
2019-10-09 00:00:00+02:00,7.122837472143551,7.23270118145754,7.049594562707982,7.141148090362549,21293
2019-10-10 00:00:00+02:00,7.141148265463903,7.232701358803781,6.866488548884681,7.086215972900391,12586
2019-10-11 00:00:00+02:00,7.012973331224617,7.067905185920422,6.738314057745597,6.884799003601074,38590
2019-10-14 00:00:00+02:00,6.948886940465066,6.948886940465066,6.774935835094311,6.866488933563232,10830
2019-10-15 00:00:00+02:00,6.8573330934425405,6.958041715456131,6.225616524468933,6.637605667114258,44196
2019-10-16 00:00:00+02:00,6.68338215501229,6.774935245513916,6.637605391481691,6.774935245513916,13382
2019-10-17 00:00:00+02:00,6.820711684226719,6.912265212787812,6.683382264504237,6.802401065826416,28871
2019-10-18 00:00:00+02:00,6.848177846349152,6.939730938567808,6.738314135686766,6.930575847625732,7517
2019-10-21 00:00:00+02:00,6.921420792644585,6.921420792644585,6.774935835094311,6.866488933563232,3514
2019-10-22 00:00:00+02:00,6.857332726658316,6.857332726658316,6.683382075065806,6.729158401489258,5429
2019-10-23 00:00:00+02:00,6.738314071693638,6.84817778131266,6.692537307739258,6.692537307739258,5300
2019-10-24 00:00:00+02:00,6.848178092018072,6.857333183288574,6.72915884958438,6.857333183288574,3502
2019-10-25 00:00:00+02:00,6.820711541559112,6.839022159576416,6.683382124709125,6.839022159576416,3140
2019-10-28 00:00:00+01:00,6.857333174081249,6.857333174081249,6.674226983321112,6.683382511138916,5594
2019-10-29 00:00:00+01:00,6.683382288376902,6.683382288376902,6.527741813138599,6.674226760864258,11838
2019-10-30 00:00:00+01:00,6.683382511138916,6.683382511138916,6.591828979199253,6.683382511138916,8241
2019-10-31 00:00:00+01:00,6.683382021851233,6.683382021851233,6.143218143814615,6.362945556640625,119074
2019-11-01 00:00:00+01:00,6.362945556640625,6.362945556640625,6.362945556640625,6.362945556640625,0
2019-11-04 00:00:00+01:00,6.362945638862874,6.362945638862874,6.134062695931697,6.152373313903809,117510
2019-11-05 00:00:00+01:00,6.179839690156833,6.280548311047925,6.143218452843634,6.225616455078125,18309
2019-11-06 00:00:00+01:00,6.271392568408953,6.3080138044664995,6.225616241616806,6.280548095703125,8225
2019-11-07 00:00:00+01:00,6.308014252905001,6.408722877502441,6.308014252905001,6.408722877502441,14914
2019-11-08 00:00:00+01:00,6.408722726983217,6.500275821485345,6.381256580352783,6.381256580352783,16976
2019-11-11 00:00:00+01:00,6.381256580352783,6.381256580352783,6.381256580352783,6.381256580352783,0
2019-11-12 00:00:00+01:00,6.3904116242369495,6.6925370314985395,6.3904116242369495,6.573517799377441,11228
2019-11-13 00:00:00+01:00,6.59182851803264,6.59182851803264,6.463654193467664,6.491120338439941,145826
2019-11-14 00:00:00+01:00,6.481964953706223,6.481964953706223,6.134062771396447,6.454499244689941,19153
2019-11-15 00:00:00+01:00,6.262237922858601,6.445344116163402,6.262237922858601,6.408722877502441,9360
2019-11-18 00:00:00+01:00,6.317169331760671,6.353790567818217,6.015043916006131,6.280548095703125,39310
2019-11-19 00:00:00+01:00,6.207305836421526,6.317169548361124,6.1249078341870336,6.225616455078125,38423
2019-11-20 00:00:00+01:00,6.372101239984819,6.390411858169161,6.088286439847741,6.134062767028809,14638
2019-11-21 00:00:00+01:00,6.134062963211133,6.271392822265625,6.042509869361335,6.271392822265625,5429
2019-11-22 00:00:00+01:00,6.298858968700358,6.3080140598055445,6.179839728415827,6.271392822265625,3943
2019-11-25 00:00:00+01:00,6.179839690156833,6.308014020753032,6.143218452843634,6.225616455078125,3748
2019-11-26 00:00:00+01:00,6.225616048827714,6.225616048827714,6.097441290035929,6.207305431365967,3651
2019-11-27 00:00:00+01:00,6.198150157928467,6.225616303524536,6.08828644866334,6.198150157928467,14224
2019-11-28 00:00:00+01:00,6.225616161062325,6.28054801443787,6.161528780511074,6.234771251678467,6900
2019-11-29 00:00:00+01:00,6.2347713228042005,6.2347713228042005,6.088286378798327,6.216460704803467,7310
2019-12-02 00:00:00+01:00,6.262237837653495,6.262237837653495,6.097441829361817,6.188995361328125,32163
2019-12-03 00:00:00+01:00,6.207305676325747,6.207305676325747,6.005888439738419,6.134062767028809,14533
2019-12-04 00:00:00+01:00,6.0425098430779025,6.060820461768215,5.868558747240136,5.96926736831665,22390
2019-12-05 00:00:00+01:00,5.96926723415329,6.069975852966309,5.960112143293693,6.069975852966309,7694
2019-12-06 00:00:00+01:00,6.069975587942051,6.069975587942051,5.950956356046821,6.01504373550415,9798
2019-12-09 00:00:00+01:00,5.950956923404611,5.950956923404611,5.749540111929448,5.804471969604492,25855
2019-12-10 00:00:00+01:00,5.813626806049493,5.813626806049493,5.264307816823323,5.493190765380859,63920
2019-12-11 00:00:00+01:00,5.4931907168565335,5.4931907168565335,5.346705770772757,5.383327007293701,50725
2019-12-12 00:00:00+01:00,5.419948291691981,5.731229241429294,5.401637673269761,5.493190765380859,27307
2019-12-13 00:00:00+01:00,5.6671418586717355,5.676296949603056,5.44741400104552,5.493190765380859,18043
2019-12-16 00:00:00+01:00,5.493190441400155,5.63052028974707,5.493190441400155,5.520656585693359,30714
2019-12-17 00:00:00+01:00,5.520657167043913,5.520657167043913,5.419948542776488,5.484035491943359,12544
2019-12-18 00:00:00+01:00,5.474880505547344,5.484035597078297,5.310084928953737,5.337550640106201,23920
2019-12-19 00:00:00+01:00,5.310084669011577,5.310084669011577,5.218531138826188,5.282618522644043,40512
2019-12-20 00:00:00+01:00,5.245997285193722,5.355860997544685,5.2276866664685615,5.282618522644043,47580
2019-12-23 00:00:00+01:00,5.236842228954966,5.273463906261439,5.0903572659675795,5.218531608581543,52677
2019-12-24 00:00:00+01:00,5.218531608581543,5.218531608581543,5.218531608581543,5.218531608581543,0
2019-12-25 00:00:00+01:00,5.218531608581543,5.218531608581543,5.218531608581543,5.218531608581543,0
2019-12-26 00:00:00+01:00,5.218531608581543,5.218531608581543,5.218531608581543,5.218531608581543,0
2019-12-27 00:00:00+01:00,5.1910653431344445,5.5481226206475185,5.181909815643545,5.493190765380859,55113
2019-12-30 00:00:00+01:00,5.538967448687557,5.667141775768054,5.401637594250095,5.447413921356201,59376
2019-12-31 00:00:00+01:00,5.447413921356201,5.447413921356201,5.447413921356201,5.447413921356201,0
2020-01-01 00:00:00+01:00,5.447413921356201,5.447413921356201,5.447413921356201,5.447413921356201,0
2020-01-02 00:00:00+01:00,5.447413840176181,5.813626634365406,5.447413840176181,5.657986164093018,53194
2020-01-03 00:00:00+01:00,5.749539916357251,5.795316244582894,5.49319081936723,5.667141914367676,122718
2020-01-06 00:00:00+01:00,5.667141914367676,5.667141914367676,5.667141914367676,5.667141914367676,0
2020-01-07 00:00:00+01:00,5.758695228176546,5.758695228176546,5.612210273742676,5.612210273742676,37013
2020-01-08 00:00:00+01:00,5.630520350362258,5.630520350362258,5.438258647918701,5.438258647918701,89599
2020-01-09 00:00:00+01:00,5.493190765380859,5.621365094336397,5.47488014695864,5.493190765380859,44969
2020-01-10 00:00:00+01:00,5.538967453604894,5.9875778170646825,5.538967453604894,5.767850399017334,117629
2020-01-13 00:00:00+01:00,5.813626634365406,5.914335250993345,5.630520455550577,5.657986164093018,91342
2020-01-14 00:00:00+01:00,5.74953929417666,6.033354070077421,5.676296391134287,5.896024227142334,87660
2020-01-15 00:00:00+01:00,5.9509567755115365,6.335480206240278,5.9509567755115365,6.271392822265625,241583
2020-01-16 00:00:00+01:00,6.335480124485067,6.582673692969446,6.32632459693844,6.5460524559021,145984
2020-01-17 00:00:00+01:00,6.59182851803264,6.65591589859491,6.2805480155177,6.491120338439941,134202
2020-01-20 00:00:00+01:00,6.5643631206759805,6.674226832651914,6.472810027362703,6.655916213989258,111711
2020-01-21 00:00:00+01:00,6.729158883768614,6.829867507613309,6.637605787800526,6.793246269226074,90609
2020-01-22 00:00:00+01:00,6.811556832505546,6.811556832505546,6.546052638097741,6.5552077293396,61852
2020-01-23 00:00:00+01:00,6.555207593064861,6.674226832651914,6.326324641501874,6.655916213989258,51922
2020-01-24 00:00:00+01:00,6.646761194824397,6.756624907988539,6.381256566505005,6.637605667114258,56716
2020-01-27 00:00:00+01:00,6.683382021851233,6.683382021851233,6.353790466052656,6.362945556640625,49969
2020-01-28 00:00:00+01:00,6.417878047762314,6.500275611877441,6.362945756272794,6.500275611877441,33701
2020-01-29 00:00:00+01:00,6.5460524559021,6.628450021023839,6.5460524559021,6.5460524559021,31531
2020-01-30 00:00:00+01:00,6.509431502099883,6.555207832146283,6.408722877502441,6.408722877502441,31219
2020-01-31 00:00:00+01:00,6.427033396036424,6.665071880159059,6.4087227769931125,6.5552077293396,38979
2020-02-03 00:00:00+01:00,6.546052375932183,6.600984230862127,6.408722520327535,6.500275611877441,14725
2020-02-04 00:00:00+01:00,6.500275691288126,6.637605548570465,6.40872259861976,6.5460524559021,31285
2020-02-05 00:00:00+01:00,6.591828675330544,6.948886385692633,6.555207438866675,6.884799003601074,118454
2020-02-06 00:00:00+01:00,7.00381855571219,7.214390893139549,7.00381855571219,7.113682270050049,112127
2020-02-07 00:00:00+01:00,7.205235285234543,7.4615839491731775,7.113682190970745,7.452429294586182,99274
2020-02-10 00:00:00+01:00,7.507360522377171,7.78202023469616,7.324254338537563,7.379186630249023,106152
2020-02-11 00:00:00+01:00,7.3700312446724565,7.507360666916377,7.168614002011425,7.388341426849365,47588
2020-02-12 00:00:00+01:00,7.415808133088096,7.4982052639328725,7.049594879150391,7.049594879150391,94810
2020-02-13 00:00:00+01:00,7.049594504399917,7.086215740535016,6.8939544691055366,6.967196941375732,61744
2020-02-14 00:00:00+01:00,7.1319927902693125,7.315098978294876,7.049594787378015,7.260167121887207,30433
2020-02-17 00:00:00+01:00,7.342565222869626,7.4615835847605,7.196079842642089,7.223545551300049,68245
2020-02-18 00:00:00+01:00,7.278477416543807,7.278477416543807,6.967196910763182,7.031283855438232,40004
2020-02-19 00:00:00+01:00,7.095371040486926,7.095371040486926,6.939730573620265,6.958041191101074,41856
2020-02-20 00:00:00+01:00,7.003817894221883,7.1319922155103574,6.985507276894958,7.040439128875732,40042
2020-02-21 00:00:00+01:00,7.0495946838579036,7.0495946838579036,6.427033217153433,6.5460524559021,100837
2020-02-24 00:00:00+01:00,6.546052670382213,6.546052670382213,5.859403798032182,5.93264627456665,182438
2020-02-25 00:00:00+01:00,5.905179996469012,6.1981503326614265,5.6030545691928655,5.712918281555176,77972
2020-02-26 00:00:00+01:00,5.667141771834382,5.722073626259323,5.31008449979248,5.703763008117676,145234
2020-02-27 00:00:00+01:00,5.703762524486701,5.923489923555434,5.310084049542122,5.319239139556885,88816
2020-02-28 00:00:00+01:00,5.053735805735414,5.255152621095476,4.724144216768433,5.035425186157227,170921
2020-03-02 00:00:00+01:00,5.218530471381587,5.392481545302244,5.1269773894653285,5.209375381469727,66350
2020-03-03 00:00:00+01:00,5.401637389957046,5.859403263062566,5.355860628022672,5.758694648742676,111298
2020-03-04 00:00:00+01:00,5.859403263062566,5.859403263062566,5.657986034422786,5.758694648742676,33368
2020-03-05 00:00:00+01:00,5.859403578969584,6.042509763460053,5.493190773429063,5.557278156280518,46355
2020-03-06 00:00:00+01:00,5.429103139082184,5.429103139082184,5.126977730388645,5.310084342956543,106222
2020-03-09 00:00:00+01:00,4.834007729927998,5.126977604338481,4.394552481752726,4.577658653259277,168777
2020-03-10 00:00:00+01:00,4.486105990888021,4.8523188050224775,4.467795372009277,4.467795372009277,63691
2020-03-11 00:00:00+01:00,4.531882128461677,4.531882128461677,3.891010058204727,4.1382036209106445,130747
2020-03-12 00:00:00+01:00,3.680437573360198,3.707903717616719,3.2959141731262207,3.2959141731262207,201854
2020-03-13 00:00:00+01:00,3.295914475633315,3.5705741971692553,3.1219635951482956,3.1585848331451416,358355
2020-03-16 00:00:00+01:00,3.1082307551660904,3.1082307551660904,2.5222904666569166,2.6092658042907715,349486
2020-03-17 00:00:00+01:00,2.7282846676088957,2.929701681397179,2.5634888893676133,2.5817995071411133,611874
2020-03-18 00:00:00+01:00,2.655042334182921,2.7099741903517223,2.426159381866455,2.426159381866455,500229
2020-03-19 00:00:00+01:00,2.563488913853273,2.920546400406592,2.5451782959048757,2.7649059295654297,864221
2020-03-20 00:00:00+01:00,2.9297017929483946,3.222671906759297,2.8930805560070056,2.993788957595825,663586
2020-03-23 00:00:00+01:00,2.856459191056415,2.8839253379102394,2.572644377511668,2.783216714859009,263147
2020-03-24 00:00:00+01:00,2.929701817825279,2.9937889830168913,2.7649060319099132,2.865614652633667,110661
2020-03-25 00:00:00+01:00,2.993788957595825,3.1494294328765187,2.8839252467716583,2.993788957595825,196937
2020-03-26 00:00:00+01:00,3.0212548492857403,3.030410158411948,2.9297017580236644,3.002944231033325,61283
2020-03-27 00:00:00+01:00,3.030410194537214,3.0807645044715195,2.970900575367562,2.993788957595825,50964
2020-03-30 00:00:00+02:00,2.9709005877050023,2.9709005877050023,2.7191294735475124,2.929701805114746,127557
2020-03-31 00:00:00+02:00,2.929701805114746,3.030410207121784,2.8839252587479107,2.929701805114746,69150
2020-04-01 00:00:00+02:00,2.883925199508667,2.929701744935198,2.8381484358023497,2.883925199508667,35824
2020-04-02 00:00:00+02:00,2.865614729269138,3.460710287094116,2.865614729269138,3.460710287094116,301123
2020-04-03 00:00:00+02:00,3.4332440580808923,3.6163504515011624,3.112808033305254,3.2867588996887207,340970
2020-04-06 00:00:00+02:00,3.2135167121887207,3.433244359957172,3.1585848548165574,3.2135167121887207,229922
2020-04-07 00:00:00+02:00,3.295914461301427,3.433244321472235,3.21351667616682,3.2226719856262207,462074
2020-04-08 00:00:00+02:00,3.3050696685564325,3.3050696685564325,2.98463362910662,3.1540069580078125,186404
2020-04-09 00:00:00+02:00,3.222672058081701,3.231827367746941,3.11280834209882,3.2043614387512207,358573
2020-04-10 00:00:00+02:00,3.2043614387512207,3.2043614387512207,3.2043614387512207,3.2043614387512207,0
2020-04-13 00:00:00+02:00,3.2043614387512207,3.2043614387512207,3.2043614387512207,3.2043614387512207,0
2020-04-14 00:00:00+02:00,3.2318271715702305,3.771990845590256,3.2318271715702305,3.5705740451812744,704073
2020-04-15 00:00:00+02:00,3.6621270948840725,3.744525094218026,3.479020696483912,3.5476856231689453,444651
2020-04-16 00:00:00+02:00,3.5110644973461898,3.6529719005334025,3.492753878759439,3.5522634983062744,142287
2020-04-17 00:00:00+02:00,3.616350747959234,3.8269228666328976,3.616350747959234,3.6850156784057617,161477
2020-04-20 00:00:00+02:00,3.689593372353586,3.689593372353586,3.4973314397802557,3.5431079864501953,350487
2020-04-21 00:00:00+02:00,3.6438167280760125,3.75368044372222,3.2959145253034223,3.332535982131958,345083
2020-04-22 00:00:00+02:00,3.3416910669820816,3.5202197020379016,3.2043612133823527,3.451554775238037,183755
2020-04-23 00:00:00+02:00,3.607195136195984,3.607195136195984,3.414933434367703,3.479020595550537,105797
2020-04-24 00:00:00+02:00,3.538530190122568,3.538530190122568,3.4195109589366632,3.456132411956787,177407
2020-04-27 00:00:00+02:00,3.5339525564300036,3.5659962471445494,3.451554775238037,3.451554775238037,119658
2020-04-28 00:00:00+02:00,3.433244350949526,3.433244350949526,3.31422510867564,3.341691255569458,153996
2020-04-29 00:00:00+02:00,3.410355770779556,3.5476856241891133,3.369156989380517,3.419511079788208,414851
2020-04-30 00:00:00+02:00,3.6438165541369054,3.6621271725372084,3.378312369052724,3.401200532913208,637602
2020-05-01 00:00:00+02:00,3.401200532913208,3.401200532913208,3.401200532913208,3.401200532913208,0
2020-05-04 00:00:00+02:00,3.4607099780697275,3.497331213031347,3.405778125627298,3.479020595550537,202386
2020-05-05 00:00:00+02:00,3.524797453999619,3.524797453999619,3.4469774318971216,3.460710287094116,115663
2020-05-06 00:00:00+02:00,3.474443167873396,3.474443167873396,3.3508463865563076,3.387467622756958,125381
2020-05-07 00:00:00+02:00,3.3600019640259324,3.4607103716229837,3.295914577275279,3.314225196838379,101553
2020-05-08 00:00:00+02:00,3.318802893900263,3.4881762305811246,3.318802893900263,3.396623134613037,90837
2020-05-11 00:00:00+02:00,3.469865399415993,3.469865399415993,3.3142249274984064,3.355423927307129,90014
2020-05-12 00:00:00+02:00,3.3554242239431304,3.442399776628508,3.3554242239431304,3.433244466781616,56669
2020-05-13 00:00:00+02:00,3.3874676782528756,3.4378219879936034,3.3508464414522696,3.401200532913208,65921
2020-05-14 00:00:00+02:00,3.4057781433161116,3.419510997358155,3.3416909818004235,3.350846290588379,73007
2020-05-15 00:00:00+02:00,3.369157040172784,3.4240888950528268,3.3508464218794365,3.378312349319458,52984
2020-05-18 00:00:00+02:00,3.387467516778256,3.424088751833192,3.360001590487054,3.414933443069458,110079
2020-05-19 00:00:00+02:00,3.4332441795989728,3.6346611976623535,3.4240888705179007,3.6346611976623535,248313
2020-05-20 00:00:00+02:00,3.698748777657248,4.357931978828422,3.671283065601562,4.202291488647461,1126377
2020-05-21 00:00:00+02:00,4.220602075480825,4.504416904982104,4.202291455402021,4.394553184509277,750379
2020-05-22 00:00:00+02:00,4.389975298890844,4.389975298890844,4.046650854492411,4.174825191497803,281724
2020-05-25 00:00:00+02:00,4.211446239610404,4.257223004744264,4.0100294334525115,4.1015825271606445,206371
2020-05-26 00:00:00+02:00,4.174825160409047,4.302999496459961,4.119893302101513,4.302999496459961,231875
2020-05-27 00:00:00+02:00,4.385397308741277,4.44948469221935,4.229756832122803,4.229756832122803,329623
2020-05-28 00:00:00+02:00,4.367086724557826,4.367086724557826,4.064961296531748,4.165669918060303,192616
2020-05-29 00:00:00+02:00,4.110737554544313,4.211446174342291,4.028339989763767,4.183980464935303,97168
2020-06-01 00:00:00+02:00,4.211446220773889,4.348776079001648,4.202291129723817,4.293844223022461,109032
2020-06-02 00:00:00+02:00,4.312154476223632,4.376241854381019,4.266377715174135,4.321309566497803,133854
2020-06-03 00:00:00+02:00,4.339620244828807,4.751609790407962,4.293843919693048,4.6875224113464355,346233
2020-06-04 00:00:00+02:00,4.724143996112787,4.85231876373291,4.632590902498118,4.85231876373291,184180
2020-06-05 00:00:00+02:00,4.943871776154689,4.998803631421348,4.5868144986416155,4.806541919708252,336170
2020-06-08 00:00:00+02:00,4.779075725407018,4.797386343643843,4.577658924801945,4.696678161621094,214263
2020-06-09 00:00:00+02:00,4.751609819635857,4.760764910095501,4.577658735307042,4.6234354972839355,169161
2020-06-10 00:00:00+02:00,4.614280130757813,4.8431630754841315,4.486105803947755,4.760765075683594,218674
2020-06-11 00:00:00+02:00,4.760765075683594,4.760765075683594,4.760765075683594,4.760765075683594,0
2020-06-12 00:00:00+02:00,4.412863427982459,4.7607651797888755,4.412863427982459,4.678367614746094,194846
2020-06-15 00:00:00+02:00,4.660057249832097,4.751610347395088,4.623436010806901,4.669212341308594,110098
2020-06-16 00:00:00+02:00,4.669212315087998,4.898095275989955,4.669212315087998,4.86147403717041,151182
2020-06-17 00:00:00+02:00,4.953027204537996,4.980493352322396,4.70583362071683,4.779076099395752,97553
2020-06-18 00:00:00+02:00,4.742454672953245,4.769920819654029,4.577659102427314,4.705833435058594,126270
2020-06-19 00:00:00+02:00,4.705833181236464,4.760765035115539,4.641746236657327,4.714988708496094,34668
2020-06-22 00:00:00+02:00,4.75161042160555,4.75161042160555,4.440329448470202,4.650901794433594,85945
2020-06-23 00:00:00+02:00,4.6325905877435805,4.714988584678165,4.568503208287841,4.6234354972839355,68019
2020-06-24 00:00:00+02:00,4.577659085281737,4.660057088515877,4.422018606532624,4.467795372009277,140168
2020-06-25 00:00:00+02:00,4.412863365752538,4.449484602268362,4.293844128796323,4.440329074859619,145016
2020-06-26 00:00:00+02:00,4.394552851303012,4.440329179749336,4.284688702600748,4.357931613922119,94241
2020-06-29 00:00:00+02:00,4.302999547282624,4.330465695040595,4.119893350761512,4.142781734466553,150771
2020-06-30 00:00:00+02:00,4.202290800756341,4.486105586044087,4.151936275964296,4.257222652435303,127180
2020-07-01 00:00:00+02:00,4.362508773803711,4.486105772642011,4.312154683476757,4.362508773803711,50905
2020-07-02 00:00:00+02:00,4.385397220085883,4.467795220526274,4.348775983570059,4.440329074859619,130434
2020-07-03 00:00:00+02:00,4.486105918884277,4.531882247066613,4.403707916972658,4.486105918884277,59892
2020-07-06 00:00:00+02:00,4.4861055675060015,4.669211739012553,4.367086337746969,4.577658653259277,167677
2020-07-07 00:00:00+02:00,4.577658805489789,4.724143747566401,4.467795098932329,4.6051249504089355,188668
2020-07-08 00:00:00+02:00,4.623435618697635,4.733299326455786,4.577658855518622,4.714988708496094,67720
2020-07-09 00:00:00+02:00,4.641746662646913,4.669212373827293,4.531882508246571,4.5410380363464355,118648
2020-07-10 00:00:00+02:00,4.5776590512076885,4.5776590512076885,4.440329192359541,4.531882286071777,40145
2020-07-13 00:00:00+02:00,4.531882166149179,4.568503402665002,4.422018456601707,4.440329074859619,103941
2020-07-14 00:00:00+02:00,4.4403295164264796,4.449485044745691,4.3762425644304725,4.394553184509277,53994
2020-07-15 00:00:00+02:00,4.422018544401046,4.440329163022516,4.348776069915165,4.389975070953369,71975
2020-07-16 00:00:00+02:00,4.357931606611304,4.376242225271033,4.211446220773889,4.293844223022461,83758
2020-07-17 00:00:00+02:00,4.293844249467817,4.380819579497305,4.055805768865703,4.165669918060303,273215
2020-07-20 00:00:00+02:00,4.193135956474444,4.193135956474444,3.9184766533671618,4.0741167068481445,293596
2020-07-21 00:00:00+02:00,4.083271573814646,4.1290483351973215,3.89100987450269,4.064960956573486,456086
2020-07-22 00:00:00+02:00,4.11989341434803,4.660057357261627,4.083272174478594,4.5227274894714355,523102
2020-07-23 00:00:00+02:00,4.522727215004725,4.53188230613669,4.229756877268856,4.339620590209961,199474
2020-07-24 00:00:00+02:00,4.3945525728469,4.3945525728469,4.161091871917004,4.238912105560303,128368
2020-07-27 00:00:00+02:00,4.2297568654842665,4.339620578119279,4.142781535454779,4.165669918060303,131224
2020-07-28 00:00:00+02:00,4.1198930740356445,4.229756784568963,4.0741163097003055,4.1198930740356445,115226
2020-07-29 00:00:00+02:00,4.119892652166203,4.119892652166203,3.9917183363354796,4.037494659423828,92126
2020-07-30 00:00:00+02:00,4.046650749040229,4.074116459402991,3.717059168769911,3.9001657962799072,157353
2020-07-31 00:00:00+02:00,3.8818547565589303,4.119893242331112,3.753680422367538,3.891010284423828,193609
2020-08-03 00:00:00+02:00,3.9367871862110415,4.064961524816724,3.9367871862110415,4.0146074295043945,83110
2020-08-04 00:00:00+02:00,4.019184738680053,4.092427217548816,3.9825634992456718,4.0466508865356445,78626
2020-08-05 00:00:00+02:00,4.042072933792959,4.042072933792959,3.950519839480466,3.9734082221984863,34007
2020-08-06 00:00:00+02:00,3.982563380274822,4.014607291242368,3.8452335182185324,3.891010284423828,46286
2020-08-07 00:00:00+02:00,3.84523344039917,3.8681218230386056,3.753680346401016,3.84523344039917,102373
2020-08-10 00:00:00+02:00,3.8452331692072357,4.0237620173322615,3.8452331692072357,3.982563018798828,54421
2020-08-11 00:00:00+02:00,4.028339569429972,4.037494659423828,3.927630960140351,4.037494659423828,52435
2020-08-12 00:00:00+02:00,4.028340337170194,4.028340337170194,3.8452337002408656,3.9642529487609863,52669
2020-08-13 00:00:00+02:00,3.895587626000093,4.019184182858806,3.895587626000093,4.000873565673828,65345
2020-08-14 00:00:00+02:00,3.9962964246857817,4.019184808871899,3.9459423287240156,3.9642529487609863,19226
2020-08-17 00:00:00+02:00,3.99629587279012,4.028339780849211,3.904742785248911,3.982563018798828,37271
2020-08-18 00:00:00+02:00,3.9642529487609863,3.9917190970962517,3.8452337002408656,3.9642529487609863,97091
2020-08-19 00:00:00+02:00,3.895588069614478,4.010029549192626,3.895588069614478,3.9459421634674072,22248
2020-08-20 00:00:00+02:00,3.97340836568616,3.9917189852098915,3.900165887591234,3.9596750736236572,18096
2020-08-21 00:00:00+02:00,3.959674835639256,3.982563217808184,3.9001656531834543,3.9367868900299072,22271
2020-08-24 00:00:00+02:00,3.909320744115278,3.968830363130659,3.909320744115278,3.9367868900299072,18490
2020-08-25 00:00:00+02:00,3.9184765979713614,3.932209453792678,3.8452336816185717,3.9093210697174072,43213
2020-08-26 00:00:00+02:00,3.891010300470404,3.891010300470404,3.845233534076325,3.881854772567749,26300
2020-08-27 00:00:00+02:00,3.891010284423828,3.900165812288726,3.8086122798781346,3.891010284423828,39821
2020-08-28 00:00:00+02:00,3.8955878408852387,3.9093206953916053,3.8452333134292735,3.84981107711792,11816
2020-08-31 00:00:00+02:00,3.8086122027999085,3.891010205678041,3.799457111679887,3.84523344039917,22683
2020-09-01 00:00:00+02:00,3.7994570920315156,3.8360783294413956,3.524797374897831,3.6071953773498535,183742
2020-09-02 00:00:00+02:00,3.6071952445501596,3.7079038619995117,3.6071952445501596,3.7079038619995117,43924
2020-09-03 00:00:00+02:00,3.707904021722186,3.744525259361353,3.634661328164057,3.6621272563934326,56117
2020-09-04 00:00:00+02:00,3.616350553565575,3.9367868056646773,3.611772789917975,3.7079038619995117,122070
2020-09-07 00:00:00+02:00,3.7994571227041294,3.7994571227041294,3.6621272630286374,3.726214647293091,50197
2020-09-08 00:00:00+02:00,3.707903900103549,3.749102463676615,3.552263426962276,3.5705740451812744,123896
2020-09-09 00:00:00+02:00,3.570574023392601,3.7262144955841108,3.533952568898292,3.6987483501434326,15557
2020-09-10 00:00:00+02:00,3.698748445156763,3.753680300889636,3.698748445156763,3.7353696823120117,27621
2020-09-11 00:00:00+02:00,3.7857241135726043,3.7857241135726043,3.6987483501434326,3.6987483501434326,46502
2020-09-14 00:00:00+02:00,3.703326245333844,3.936786961912471,3.662127243989429,3.9184763431549072,153579
2020-09-15 00:00:00+02:00,3.9322091260679977,4.211446166146743,3.8177676517892296,4.1198930740356445,327405
2020-09-16 00:00:00+02:00,4.183980737823705,4.293844455736373,4.028340252500955,4.142781734466553,188356
2020-09-17 00:00:00+02:00,4.211446344064318,4.257223110333551,3.89101028985848,3.9550976753234863,109417
2020-09-18 00:00:00+02:00,3.9596746208247087,4.119892850755697,3.8910099146026025,4.110737323760986,43348
2020-09-21 00:00:00+02:00,4.110737697593072,4.110737697593072,3.781146553882349,3.9001657962799072,103132
2020-09-22 00:00:00+02:00,3.8772773182431584,3.886432409286499,3.7994570798566327,3.886432409286499,44455
2020-09-23 00:00:00+02:00,3.8910100681088187,3.936786831769222,3.762835741043091,3.762835741043091,95015
2020-09-24 00:00:00+02:00,3.753680188796803,3.7628357160920034,3.6438164806118203,3.7079038619995117,52226
2020-09-25 00:00:00+02:00,3.662127138047733,3.7948792293395806,3.616350592478094,3.7536802291870117,46269
2020-09-28 00:00:00+02:00,3.799457350027646,3.9093210697174072,3.753680581877104,3.9093210697174072,35048
2020-09-29 00:00:00+02:00,3.936786970956912,3.936786970956912,3.799457111679887,3.84523344039917,44279
2020-09-30 00:00:00+02:00,3.8910100771965923,3.8910100771965923,3.735369604259197,3.84981107711792,19105
2020-10-01 00:00:00+02:00,3.9047433055904297,3.9093210697174072,3.808612441721985,3.9093210697174072,12809
2020-10-02 00:00:00+02:00,3.9093208244776716,3.9093208244776716,3.753680346401016,3.84523344039917,14979
2020-10-05 00:00:00+02:00,3.8360783492791484,3.84523344039917,3.7628358740806256,3.84523344039917,33005
2020-10-06 00:00:00+02:00,3.8910100363959095,3.8910100363959095,3.7994569463808605,3.826922655105591,37145
2020-10-07 00:00:00+02:00,3.8269228215995392,3.8635440591988006,3.8269228215995392,3.84523344039917,19154
2020-10-08 00:00:00+02:00,3.863543913108788,3.886432294882758,3.524797259844661,3.6987483501434326,162471
2020-10-09 00:00:00+02:00,3.671282616354185,3.671282616354185,3.5705739991677268,3.6438164710998535,64486
2020-10-12 00:00:00+02:00,3.6346611976623535,3.6392387430629967,3.570574034094846,3.6346611976623535,39461
2020-10-13 00:00:00+02:00,3.643816506743426,3.6941705975494314,3.5751515794954893,3.6346611976623535,32841
2020-10-14 00:00:00+02:00,3.6255059242248535,3.689593306702212,3.442399522523437,3.6255059242248535,82483
2020-10-15 00:00:00+02:00,3.5476859490076698,3.5476859490076698,3.3874679175471556,3.433244466781616,67109
2020-10-16 00:00:00+02:00,3.387467508146488,3.479020595550537,3.3416909644444637,3.479020595550537,59885
2020-10-19 00:00:00+02:00,3.552263586416381,3.556841132036714,3.4790208919728802,3.5247974395751953,10543
2020-10-20 00:00:00+02:00,3.479020595550537,3.479020595550537,3.401200362117206,3.479020595550537,31686
2020-10-21 00:00:00+02:00,3.5614186015689806,3.5705739103327145,3.39662282554199,3.414933443069458,35086
2020-10-22 00:00:00+02:00,3.433244466781616,3.474443470232533,3.392045463330699,3.433244466781616,73518
2020-10-23 00:00:00+02:00,3.4744431883595057,3.4973313519799736,3.405778260938529,3.410355806350708,11278
2020-10-26 00:00:00+01:00,3.405778251996848,3.4149335610769556,3.2959143247557696,3.323380470275879,57080
2020-10-27 00:00:00+01:00,3.3233804548157098,3.4332441632659223,3.295914309423371,3.355423927307129,90404
2020-10-28 00:00:00+01:00,3.295914376214482,3.295914376214482,3.0487208089123854,3.1219635009765625,211587
2020-10-29 00:00:00+01:00,3.1173858145746896,3.2043613634916084,3.048720884558196,3.1906282901763916,99084
2020-10-30 00:00:00+01:00,3.1906282348172907,3.1906282348172907,3.094497596397872,3.1768953800201416,15259
2020-11-02 00:00:00+01:00,3.112808403860587,3.474443470232533,3.112808403860587,3.433244466781616,106699
2020-11-03 00:00:00+01:00,3.4835986616742964,3.6392389237813565,3.4698655882308334,3.5888848304748535,85241
2020-11-04 00:00:00+01:00,3.5888846634002727,3.7353696091522597,3.414933572040001,3.5705740451812744,67671
2020-11-05 00:00:00+01:00,3.506486663134993,3.7307918454576163,3.4790207358064955,3.5705740451812744,40595
2020-11-06 00:00:00+01:00,3.616350579500209,3.662127124905571,3.5247972704096977,3.6346611976623535,43968
2020-11-09 00:00:00+01:00,3.7079039801404603,3.9276314035113638,3.5385304305390344,3.79945707321167,256415
2020-11-10 00:00:00+01:00,3.9367866667273317,3.9550972841119427,3.662126969398614,3.927631139755249,188646
2020-11-11 00:00:00+01:00,3.927631139755249,3.927631139755249,3.927631139755249,3.927631139755249,0
2020-11-12 00:00:00+01:00,3.936787217919655,3.9734084578162423,3.87269982982082,3.9093210697174072,56585
2020-11-13 00:00:00+01:00,3.9367868056646773,3.9367868056646773,3.584306862871729,3.7079038619995117,148320
2020-11-16 00:00:00+01:00,3.831500467672079,3.9550974681903273,3.7079039037134054,3.913898468017578,181928
2020-11-17 00:00:00+01:00,3.9367866393926,3.9642523469990336,3.771990647515794,3.87269926071167,245169
2020-11-18 00:00:00+01:00,4.055805745713101,4.852318749169009,4.055805745713101,4.724143981933594,1526371
2020-11-19 00:00:00+01:00,4.669211853808238,5.4016374309607125,4.531882003522204,5.310084342956543,921683
2020-11-20 00:00:00+01:00,5.3375503143827485,5.365016460418701,5.0445804183170155,5.365016460418701,283457
2020-11-23 00:00:00+01:00,5.365016195759045,5.484034991884686,5.310084342956543,5.310084342956543,138867
2020-11-24 00:00:00+01:00,5.264307857373198,5.264307857373198,4.980493051362836,5.172754764556885,116786
2020-11-25 00:00:00+01:00,5.172754732327062,5.264307824572937,5.1269779679243355,5.236841678619385,49508
2020-11-26 00:00:00+01:00,5.236841418425662,5.447413738408626,5.1086670956498095,5.438258647918701,213999
2020-11-27 00:00:00+01:00,5.419948499950487,5.419948499950487,5.310084785195716,5.374171733856201,66986
2020-11-30 00:00:00+01:00,5.291774057295461,5.374171623388027,5.191065435893895,5.346705913543701,82251
2020-12-01 00:00:00+01:00,5.3467054951359625,5.383326729768985,5.200220120044318,5.264307498931885,54227
2020-12-02 00:00:00+01:00,5.310084342956543,5.365016195759045,5.2459969630738446,5.310084342956543,63473
2020-12-03 00:00:00+01:00,5.264307580674679,5.310084342956543,5.227686345473011,5.310084342956543,35169
2020-12-04 00:00:00+01:00,5.346706168196761,5.355861259727713,5.236842013908082,5.337550640106201,35993
2020-12-07 00:00:00+01:00,5.337550495604611,5.383327261698897,5.273463546944126,5.374171733856201,66338
2020-12-08 00:00:00+01:00,5.383327151042527,5.383327151042527,5.2643079108915485,5.346705913543701,64082
2020-12-09 00:00:00+01:00,5.374171580173306,5.831937481787242,5.355860961571133,5.667141914367676,505172
2020-12-10 00:00:00+01:00,5.667142205032947,5.731229591707362,5.493191101110624,5.593899726867676,228699
2020-12-11 00:00:00+01:00,5.603054766793885,5.6579866249123025,5.355861186981201,5.355861186981201,172855
2020-12-14 00:00:00+01:00,5.355861263638848,5.401638031005859,5.273463693561676,5.401638031005859,131281
2020-12-15 00:00:00+01:00,5.3558605975884515,5.392481832304031,5.273463037758173,5.328394889831543,33131
2020-12-16 00:00:00+01:00,5.273463456776869,5.603054595405732,5.273463456776869,5.584743976593018,203445
2020-12-17 00:00:00+01:00,5.584743622705868,5.722073473378873,5.566433005053438,5.676296710968018,160458
2020-12-18 00:00:00+01:00,5.621365078663796,5.694607552148471,5.54812260517912,5.685452461242676,65819
2020-12-21 00:00:00+01:00,5.447414072233805,5.621365167797922,5.401637743859828,5.474880218505859,150737
2020-12-22 00:00:00+01:00,5.4931906940713375,5.630520548735036,5.4931906940713375,5.511501312255859,24139
2020-12-23 00:00:00+01:00,5.511501321126755,5.621365030410713,5.493190702912763,5.575588703155518,49554
2020-12-28 00:00:00+01:00,5.584744167753997,5.767850798708314,5.575589076314063,5.722074031829834,119733
2020-12-29 00:00:00+01:00,5.758695104593383,6.005888678175499,5.749540013417537,5.95095682144165,91880
2020-12-30 00:00:00+01:00,6.262237612233244,6.262237612233244,5.99673342683127,6.179839611053467,81704
2021-01-04 00:00:00+01:00,6.408722450096512,6.683382158295906,6.362945686543423,6.518586158752441,115441
2021-01-05 00:00:00+01:00,6.628449838994604,7.424962378175085,6.500275512778791,7.415807723999023,392704
2021-01-07 00:00:00+01:00,7.379186488048739,7.543981613769131,7.14114801708478,7.461583614349365,191444
2021-01-08 00:00:00+01:00,7.461583690915233,7.461583690915233,7.141148090362549,7.141148090362549,104855
2021-01-11 00:00:00+01:00,7.131992275448546,7.214390272391968,6.866488103697026,6.958041191101074,106707
2021-01-12 00:00:00+01:00,6.9580417839457605,7.324254601323873,6.884799307782057,7.049594879150391,115055
2021-01-13 00:00:00+01:00,6.875644475391724,7.278478109457744,6.875644475391724,7.232701778411865,81139
2021-01-14 00:00:00+01:00,7.232701418688947,7.388341460375614,7.232701418688947,7.324254512786865,49775
2021-01-15 00:00:00+01:00,7.324254147681758,7.415807673775434,7.305943529774937,7.351719856262207,91273
2021-01-18 00:00:00+01:00,7.324254512786865,7.3700312781156185,6.958041699835604,7.324254512786865,53918
2021-01-19 00:00:00+01:00,7.324254258852204,7.37003102259386,7.232701167928466,7.333409786224365,29000
2021-01-20 00:00:00+01:00,7.324253971165211,7.3608752060962725,7.150302886962891,7.150302886962891,124270
2021-01-21 00:00:00+01:00,7.150302892929355,7.2327008898727785,6.720003163850547,6.958041191101074,74383
2021-01-22 00:00:00+01:00,6.774935327054404,7.186924457550049,6.59182870728778,7.186924457550049,98276
2021-01-25 00:00:00+01:00,7.186924608362504,7.305943848224406,6.912265327788405,7.214390754699707,46165
2021-01-26 00:00:00+01:00,7.214390563238542,7.23270118145754,7.012973326269986,7.141148090362549,31486
2021-01-27 00:00:00+01:00,7.150302892929355,7.2327008898727785,6.866488103697026,6.958041191101074,43982
2021-01-28 00:00:00+01:00,6.857333194612439,7.031284294635184,6.600984526780726,6.985507965087891,75430
2021-01-29 00:00:00+01:00,6.903109917244213,6.958041774290767,6.747469437332513,6.875644207000732,36828
2021-02-01 00:00:00+01:00,6.8756438301934395,7.095371246337891,6.8756438301934395,7.095371246337891,26326
2021-02-02 00:00:00+01:00,7.141148009647769,7.205234954410116,6.985507538265665,7.095371246337891,53789
2021-02-03 00:00:00+01:00,7.05875067269446,7.30594425733296,7.022129433233912,7.232701778411865,68084
2021-02-04 00:00:00+01:00,7.287632961223641,7.415807723999023,7.122837398946166,7.415807723999023,81496
2021-02-05 00:00:00+01:00,7.415807553240674,7.736243143121988,7.415807553240674,7.516515731811523,144856
2021-02-08 00:00:00+01:00,7.562292664123421,8.102456550577829,7.562292664123421,7.9742817878723145,139918
2021-02-09 00:00:00+01:00,8.038368507630622,8.322183733847707,7.873573386616004,7.965126037597656,148236
2021-02-10 00:00:00+01:00,7.965126593215869,8.194009546314712,7.84610735283017,8.010903358459473,178174
2021-02-11 00:00:00+01:00,8.19400922994523,8.532755882678257,8.056679812635863,8.468668937683105,233536
2021-02-12 00:00:00+01:00,8.46866890698278,8.532755851745605,8.340494144337988,8.532755851745605,88964
2021-02-15 00:00:00+01:00,8.532756043258335,8.560222625732422,8.468669097057115,8.560222625732422,51736
2021-02-16 00:00:00+01:00,8.560222208286346,8.642619332332972,8.340493924804665,8.477824211120605,103757
2021-02-17 00:00:00+01:00,8.432047402804757,8.432047402804757,8.148232177802512,8.221474647521973,141975
2021-02-18 00:00:00+01:00,8.148232491148734,8.441203254412095,7.983437364502184,8.084145545959473,122070
2021-02-19 00:00:00+01:00,8.10245672818443,8.239786148071289,8.010903199513752,8.239786148071289,214311
2021-02-22 00:00:00+01:00,8.422892750728536,8.422892750728536,8.11161178552731,8.322184562683105,20716
2021-02-23 00:00:00+01:00,8.322183892941924,8.322183892941924,7.9651261898660435,8.248941421508789,130158
2021-02-24 00:00:00+01:00,8.23978583496535,8.43204753937264,8.23978583496535,8.377115249633789,56854
2021-02-25 00:00:00+01:00,8.377115924823057,8.605998883131,8.377115924823057,8.578533172607422,62428
2021-02-26 00:00:00+01:00,8.377115817267535,8.578533062465862,8.377115817267535,8.551067352294922,64155
2021-03-01 00:00:00+01:00,8.569376966464533,8.734172962800873,8.56022231242739,8.697551727294922,80774
2021-03-02 00:00:00+01:00,8.697552249110045,8.82572701763036,8.67008653911254,8.807415962219238,161909
2021-03-03 00:00:00+01:00,8.825726211269572,8.825726211269572,8.129921885364196,8.194008827209473,152217
2021-03-04 00:00:00+01:00,8.14823289299419,8.221475369142334,7.543982028212403,8.038369178771973,158132
2021-03-05 00:00:00+01:00,7.928506011925351,8.285563762637834,7.928506011925351,8.212321281433105,44545
2021-03-08 00:00:00+01:00,8.212321281433105,8.3313405316706,8.148233455539534,8.212321281433105,46034
2021-03-09 00:00:00+01:00,8.221475325595465,8.505290574005626,8.148232849835265,8.422892570495605,86309
2021-03-10 00:00:00+01:00,8.514446023845627,8.541911733724586,8.14823277527641,8.331339836120605,49588
2021-03-11 00:00:00+01:00,8.413737064507892,8.468669358029715,8.148232870910647,8.230630874633789,47493
2021-03-12 00:00:00+01:00,8.184853300340405,8.30387253028099,8.166543119721368,8.194008827209473,17176
2021-03-15 00:00:00+01:00,7.983436947935505,8.331339110888194,7.983436947935505,8.194008827209473,52368
2021-03-16 00:00:00+01:00,8.148232870910647,8.331339933903934,8.148232870910647,8.230630874633789,20915
2021-03-17 00:00:00+01:00,8.23063089694065,8.23063089694065,7.690466980508692,8.038369178771973,131687
2021-03-18 00:00:00+01:00,8.038368141035702,8.038368141035702,7.827796267573966,7.992591381072998,24075
2021-03-19 00:00:00+01:00,7.8186406871862095,8.093300371954436,7.8186406871862095,8.074989318847656,21014
2021-03-22 00:00:00+01:00,8.020058886132029,8.148232781071108,7.9285053556448215,8.010903358459473,13167
2021-03-23 00:00:00+01:00,8.148233085533066,8.194009852487138,7.965126890835992,8.065835952758789,22324
2021-03-24 00:00:00+01:00,8.102456695823685,8.139077932521861,7.818641456573452,7.9376606941223145,20904
2021-03-25 00:00:00+01:00,7.873574057061671,7.873574057061671,7.608069862304339,7.672156810760498,59905
2021-03-26 00:00:00+01:00,7.461583299093185,7.846106698059664,7.360875122456861,7.74539852142334,49091
2021-03-29 00:00:00+02:00,7.745399597256788,8.065836098610413,7.717933885835377,8.029214859008789,38610
2021-03-30 00:00:00+02:00,8.020058645801603,8.029214173199803,7.782020172163307,7.827796936035156,20346
2021-03-31 00:00:00+02:00,7.782020536905179,8.010903493872979,7.598914345954778,7.8003315925598145,20456
2021-04-01 00:00:00+02:00,7.6996227129625385,7.9193501472473145,7.6996227129625385,7.9193501472473145,18099
2021-04-06 00:00:00+02:00,7.919349436701235,8.056679725646973,7.873573546838455,8.056679725646973,31482
2021-04-07 00:00:00+02:00,8.111611993273025,8.148233232874647,8.029214859008789,8.029214859008789,27169
2021-04-08 00:00:00+02:00,8.139077433451256,8.514445304870605,8.056679437653036,8.514445304870605,81625
2021-04-09 00:00:00+02:00,8.532756275714599,8.834881706207039,8.46866932776747,8.743329048156738,104488
2021-04-12 00:00:00+02:00,8.789104600709583,8.834880486857365,8.74332784144274,8.752483367919922,63195
2021-04-13 00:00:00+02:00,8.789106223218445,8.825727462768555,8.605999152348677,8.825727462768555,55982
2021-04-14 00:00:00+02:00,8.789105239877356,8.789105239877356,8.377115249633789,8.377115249633789,121895
2021-04-15 00:00:00+02:00,8.496135046255805,8.496135046255805,8.047524663944786,8.422892570495605,93447
2021-04-16 00:00:00+02:00,8.468669258634577,8.496134968513537,8.14823277527641,8.331339836120605,63140
2021-04-19 00:00:00+02:00,8.560222625732422,8.596843862578714,8.42289233271946,8.560222625732422,130606
2021-04-20 00:00:00+02:00,8.569377137465523,8.651775137277935,8.42289219251863,8.596843719482422,39501
2021-04-21 00:00:00+02:00,8.432047029748297,8.51444502281696,8.331338856619416,8.395425796508789,32437
2021-04-22 00:00:00+02:00,8.496134806412044,8.605998516950917,8.42289233271946,8.560222625732422,181825
2021-04-23 00:00:00+02:00,8.596843300668825,8.605997954442659,8.441202835965322,8.514445304870605,24956
2021-04-26 00:00:00+02:00,8.578533583272876,8.789106369018555,8.39542738248483,8.789106369018555,85018
2021-04-27 00:00:00+02:00,8.789105384588833,8.972211564867948,8.679240803302227,8.853192329406738,93739
2021-04-28 00:00:00+02:00,8.953900553220215,9.521530151367188,8.74332866316919,9.521530151367188,482743
2021-04-29 00:00:00+02:00,9.649704533554834,10.162402693661642,9.576462063985163,9.88774299621582,204172
2021-04-30 00:00:00+02:00,10.01591628725384,10.070848572732036,9.759567658966724,9.906052589416504,158699
2021-05-04 00:00:00+02:00,9.97929645051539,10.162403512309139,9.79619026184082,9.79619026184082,80329
2021-05-05 00:00:00+02:00,9.81450154715754,10.253956410270064,9.155318379369557,9.979296684265137,100260
2021-05-06 00:00:00+02:00,10.217335328939953,10.345510102546871,9.90605435955116,10.070850372314453,86570
2021-05-07 00:00:00+02:00,10.327198603913423,10.437062316675153,10.015917647862272,10.180713653564453,97816
2021-05-10 00:00:00+02:00,10.41875195426835,10.62016919407464,10.400440899231794,10.601858139038086,133850
2021-05-11 00:00:00+02:00,10.52861499786377,10.52861499786377,10.38213005933168,10.52861499786377,94058
2021-05-12 00:00:00+02:00,10.4370621853705,10.528615714746396,10.327198473990924,10.34550952911377,23698
2021-05-13 00:00:00+02:00,10.345508800801358,10.473682685161315,10.162402628059205,10.400440216064453,49361
2021-05-14 00:00:00+02:00,10.437061978189618,10.51030445098877,10.253955796191741,10.51030445098877,18364
2021-05-17 00:00:00+02:00,10.528614461238963,10.620167979714752,10.29057601169716,10.418750762939453,36320
2021-05-18 00:00:00+02:00,10.41875126989822,10.58354726192571,10.382130035349789,10.400440216064453,31314
2021-05-19 00:00:00+02:00,10.491994315262955,10.52861555182279,10.253955841064453,10.253955841064453,59106
2021-05-20 00:00:00+02:00,10.528615041509997,10.54692609546197,9.777879291861312,9.88774299621582,530530
2021-05-21 00:00:00+02:00,9.887743093136718,9.887743093136718,9.393355982135837,9.594772338867188,139857
2021-05-24 00:00:00+02:00,9.796189612942566,9.979295789488209,9.594772382182802,9.85112190246582,214802
2021-05-25 00:00:00+02:00,9.887743260169495,9.94267467725359,9.558151265188394,9.686326026916504,61342
2021-05-26 00:00:00+02:00,9.686326616151312,9.796190330121822,9.521530608635956,9.66801643371582,39286
2021-05-27 00:00:00+02:00,9.6863264721833,9.70463752746582,9.613083997291564,9.70463752746582,39493
2021-05-28 00:00:00+02:00,9.70463752746582,9.70463752746582,9.576462759845697,9.70463752746582,56736
2021-05-31 00:00:00+02:00,9.576462157854847,9.777879387705314,9.484908633435783,9.594772338867188,37734
2021-06-01 00:00:00+02:00,9.448288263858842,9.64970551216134,9.393356842670379,9.503220558166504,38757
2021-06-02 00:00:00+02:00,9.539841639308058,9.70463764639358,9.411666870117188,9.411666870117188,163365
2021-06-04 00:00:00+02:00,9.503220128883186,9.613083839416504,9.484909073901386,9.613083839416504,27098
2021-06-07 00:00:00+02:00,9.61308444630016,10.327199046409078,9.558152151005991,10.070850372314453,247991
2021-06-08 00:00:00+02:00,9.997607595543169,10.070850071669412,9.74125892910132,10.015917778015137,91829
2021-06-09 00:00:00+02:00,10.070850071669412,10.29057750004814,9.924365119416926,10.015917778015137,83577
2021-06-10 00:00:00+02:00,10.034228978713802,10.070850217306512,9.85112278575025,9.979296684265137,30325
2021-06-11 00:00:00+02:00,9.997607894001703,10.070850372314453,9.851122937376203,10.070850372314453,32067
2021-06-14 00:00:00+02:00,10.05253975276157,10.437063217163086,9.979297271267876,10.437063217163086,74937
2021-06-15 00:00:00+02:00,10.510304643888036,10.528615698983465,10.217334747314453,10.217334747314453,38377
2021-06-16 00:00:00+02:00,10.180713367944783,10.52861555182279,10.107470894825113,10.253955841064453,54038
2021-06-17 00:00:00+02:00,10.437062623964138,10.491994918521911,9.979296704086426,10.23564624786377,39873
2021-06-18 00:00:00+02:00,10.253955576115908,10.253955576115908,9.777879513139226,9.94267463684082,122013
2021-06-21 00:00:00+02:00,9.979296224543019,9.979296224543019,9.484909089757053,9.74125862121582,82801
2021-06-22 00:00:00+02:00,9.704637604063127,9.92436503047261,9.704637604063127,9.79619026184082,21089
2021-06-23 00:00:00+02:00,9.741258277525635,9.94267463684082,9.741258277525635,9.94267463684082,34119
2021-06-24 00:00:00+02:00,9.979296269788836,10.235645802409884,9.777879902454082,10.217334747314453,68420
2021-06-25 00:00:00+02:00,10.253955905140243,10.253955905140243,9.979296192665588,10.125782012939453,29283
2021-06-28 00:00:00+02:00,10.144091784938846,10.199024074462098,9.796189612942566,9.85112190246582,17351
2021-06-29 00:00:00+02:00,9.759568660221499,9.887743424074305,9.539841242004528,9.77787971496582,23787
2021-06-30 00:00:00+02:00,9.741258790174664,9.83281144746718,8.990522110908659,9.191939353942871,147944
2021-07-01 00:00:00+02:00,9.19193908607754,9.521530214340386,9.19193908607754,9.393356323242188,53848
2021-07-02 00:00:00+02:00,9.338424031972139,9.613083742084084,9.338424031972139,9.393356323242188,44087
2021-07-05 00:00:00+02:00,9.393356323242188,9.429977559715837,9.265181559024839,9.393356323242188,26990
2021-07-06 00:00:00+02:00,9.429977925624105,9.503220401413406,9.375045632222536,9.411666870117188,29193
2021-07-07 00:00:00+02:00,9.429977703556697,9.484909122545496,9.33842417441648,9.356735229492188,34624
2021-07-08 00:00:00+02:00,9.33842420946557,9.393356501779706,8.898969363429151,8.972211837768555,101793
2021-07-09 00:00:00+02:00,9.063764823062801,9.52153074085626,8.981367691280104,9.503220558166504,72338
2021-07-12 00:00:00+02:00,9.52153043853909,9.52153043853909,9.338424251859333,9.448287963867188,23260
2021-07-13 00:00:00+02:00,9.41166688255623,9.70463765921983,9.393356700144295,9.539841651916504,17901
2021-07-14 00:00:00+02:00,9.57646246056373,9.777879696780932,9.57646246056373,9.649704933166504,21006
2021-07-15 00:00:00+02:00,9.613083332275709,9.704636856116457,9.356734687888375,9.631394386291504,20471
2021-07-16 00:00:00+02:00,9.558151103723386,9.631394447130107,9.46659845242344,9.594772338867188,13973
2021-07-19 00:00:00+02:00,9.448287180929038,9.594772118134278,9.082074837915934,9.155317306518555,44850
2021-07-20 00:00:00+02:00,9.063763508122808,9.393355479914302,9.063763508122808,9.228559494018555,37062
2021-07-21 00:00:00+02:00,9.338424031972139,9.411666504919436,9.06376432186019,9.393356323242188,23129
2021-07-22 00:00:00+02:00,9.338424828464333,9.411667307658625,9.283493405628228,9.301803588867188,9733
2021-07-23 00:00:00+02:00,9.301803156433234,9.411666870117188,9.301803156433234,9.411666870117188,9385
2021-07-26 00:00:00+02:00,9.283492172421353,9.4116660574253,9.265181118495583,9.375044822692871,6441
2021-07-27 00:00:00+02:00,9.375045921642384,9.375045921642384,9.173629543563408,9.338424682617188,11689
2021-07-28 00:00:00+02:00,9.320114499664195,9.338424682617188,9.191939726516402,9.338424682617188,6541
2021-07-29 00:00:00+02:00,9.33842417441648,9.429977703556697,9.191939226287461,9.356735229492188,21621
2021-07-30 00:00:00+02:00,9.375045126553545,9.558151306150462,9.375045126553545,9.429977416992188,19284
2021-08-02 00:00:00+02:00,9.576462745666504,9.576462745666504,9.44828797823616,9.576462745666504,14399
2021-08-03 00:00:00+02:00,9.613083332275709,9.649704567188186,9.484908573522485,9.631394386291504,20675
2021-08-04 00:00:00+02:00,9.631394447130107,9.668015682273909,9.539840922711045,9.594772338867188,16729
2021-08-05 00:00:00+02:00,9.613083839416504,9.686326313105383,9.539841365727625,9.613083839416504,54144
2021-08-06 00:00:00+02:00,9.613083983058148,9.613083983058148,9.44828797823616,9.576462745666504,37536
2021-08-09 00:00:00+02:00,9.613083968438554,9.75956891778236,9.283492832414991,9.448287963867188,75887
2021-08-10 00:00:00+02:00,9.521530151367188,9.576462442273927,9.375045206441408,9.521530151367188,15111
2021-08-11 00:00:00+02:00,9.594772623830078,9.594772623830078,9.448287678904297,9.521530151367188,89953
2021-08-12 00:00:00+02:00,9.521530310745826,9.613083839416504,9.466598892038746,9.613083839416504,98773
2021-08-13 00:00:00+02:00,9.613083983058148,9.613083983058148,9.484909215627805,9.576462745666504,61213
2021-08-16 00:00:00+02:00,9.576462505610435,9.576462505610435,9.393356323242188,9.393356323242188,30871
2021-08-17 00:00:00+02:00,9.429977796099923,9.576462745666504,9.375045503452869,9.576462745666504,13176
2021-08-18 00:00:00+02:00,9.52153043853909,9.576462731102602,9.429977781758796,9.448287963867188,27052
2021-08-19 00:00:00+02:00,9.429977497348148,9.521530151367188,9.338423970209963,9.521530151367188,24544
2021-08-20 00:00:00+02:00,9.356735884822518,9.521531026450061,9.100386334523275,9.301803588867188,49281
2021-08-23 00:00:00+02:00,9.301802243723795,9.484908415230347,9.091230364771036,9.155317306518555,67757
2021-08-24 00:00:00+02:00,9.283493260638998,9.503220694790176,9.210250782588606,9.338424682617188,35894
2021-08-25 00:00:00+02:00,9.46659945576498,9.46659945576498,9.210250782588606,9.338424682617188,55880
2021-08-26 00:00:00+02:00,9.246870994567871,9.338423645402544,9.191938705571777,9.246870994567871,16458
2021-08-27 00:00:00+02:00,9.338424126523629,9.686326313105383,9.30180288967919,9.613083839416504,515243
2021-08-30 00:00:00+02:00,9.704637980750704,10.345510102546871,9.704637980750704,10.070850372314453,269487
2021-08-31 00:00:00+02:00,10.290577077624288,10.327198314184123,10.107470894825113,10.253955841064453,109962
2021-09-01 00:00:00+02:00,10.2539566490433,10.29057788848877,9.997607972925001,10.29057788848877,110693
2021-09-02 00:00:00+02:00,10.29057788848877,10.437062846270655,10.107471691261415,10.29057788848877,90814
2021-09-03 00:00:00+02:00,10.29057715759821,11.499079719703028,10.29057715759821,10.986381530761719,348287
2021-09-06 00:00:00+02:00,11.169487561503276,11.590632215986933,10.986381379797152,11.535700798034668,269513
2021-09-07 00:00:00+02:00,11.444148063659668,11.535701597416628,11.279352052144823,11.444148063659668,103557
2021-09-08 00:00:00+02:00,11.352594010777942,11.444147540348396,11.096245350347504,11.334283828735352,116308
2021-09-09 00:00:00+02:00,11.151177064318865,11.627253123282046,11.023002304192296,11.352593421936035,216170
2021-09-10 00:00:00+02:00,11.352593883984166,11.627253596508767,11.261041228555403,11.499079704284668,66419
2021-09-13 00:00:00+02:00,11.49907911658307,11.517389297485352,11.352593303769249,11.517389297485352,53190
2021-09-14 00:00:00+02:00,11.572321054836157,11.792048454284668,11.261040135724565,11.792048454284668,96735
2021-09-15 00:00:00+02:00,11.737116707027415,11.737116707027415,11.444146827637997,11.517389297485352,92356
2021-09-16 00:00:00+02:00,11.773739064737763,11.773739064737763,11.261041726913597,11.480769157409668,269578
2021-09-17 00:00:00+02:00,11.07793487176335,11.352593706884127,10.876517635971524,11.279351234436035,177019
2021-09-20 00:00:00+02:00,11.279351948044432,11.279351948044432,10.583548415766293,10.968070983886719,254671
2021-09-21 00:00:00+02:00,10.89482832093241,11.40752652487803,10.876518138533914,11.389215469360352,122136
2021-09-22 00:00:00+02:00,11.407526680577645,11.535701451593283,11.242730671145994,11.480769157409668,96777
2021-09-23 00:00:00+02:00,11.82867099686229,11.82867099686229,11.603004991369765,11.772254943847656,49154
2021-09-24 00:00:00+02:00,11.791059442781616,11.809865390715563,11.28331050588545,11.565393447875977,35777
2021-09-27 00:00:00+02:00,11.565393913795237,11.734642968434297,11.377338910464621,11.65942096710205,70917
2021-09-28 00:00:00+02:00,11.508976964437558,11.809865866483532,11.433754963105311,11.65942096710205,62361
2021-09-29 00:00:00+02:00,11.56539444395206,11.86628246307373,11.377339432001017,11.86628246307373,156137
2021-09-30 00:00:00+02:00,11.772254970605736,11.941504026751332,11.69703207188692,11.922698974609375,92946
2021-10-01 00:00:00+02:00,11.903892525360373,12.035531471688502,11.697031580192442,11.941503524780273,85151
2021-10-04 00:00:00+02:00,12.016726125317982,12.562086092572114,11.922699070418616,12.48686408996582,133000
2021-10-05 00:00:00+02:00,12.411641630112914,12.67491862953578,12.242392578842413,12.430447578430176,64059
2021-10-06 00:00:00+02:00,12.505669986537091,12.599697041042182,12.129559078365729,12.185976028442383,84246
2021-10-07 00:00:00+02:00,12.110754089249951,12.599697106688074,11.941504134855176,12.56208610534668,38645
2021-10-08 00:00:00+02:00,12.355225208146855,12.975807136537972,12.355225208146855,12.750141143798828,119048
2021-10-11 00:00:00+02:00,12.750141178985931,13.069834221223516,12.712530180092278,12.900585174560547,138835
2021-10-12 00:00:00+02:00,12.825364539611687,12.975808551172662,12.524475619772696,12.65611457824707,153785
2021-10-13 00:00:00+02:00,12.674919063568494,12.693725012529736,12.280003999269432,12.298809051513672,178881
2021-10-14 00:00:00+02:00,12.22358618310363,12.693724113223,12.22358618310363,12.637307167053223,45795
2021-10-15 00:00:00+02:00,12.430447609149889,12.6937246092234,12.317614609118385,12.580891609191895,72932
2021-10-18 00:00:00+02:00,12.392836060751781,12.543280054136584,12.22358611983541,12.374030113220215,27231
2021-10-19 00:00:00+02:00,12.336420059204102,12.411642061654607,11.96031004695157,12.336420059204102,39762
2021-10-20 00:00:00+02:00,12.35522600817523,12.35522600817523,11.584199137982035,12.336420059204102,110719
2021-10-21 00:00:00+02:00,12.317614933477428,12.317614933477428,11.903893025750422,11.922698974609375,44043
2021-10-22 00:00:00+02:00,11.809865951538086,11.941504006459079,11.734643052947096,11.809865951538086,77606
2021-10-25 00:00:00+02:00,11.903892557927996,12.091947555541992,11.903892557927996,12.091947555541992,20995
2021-10-26 00:00:00+02:00,12.035531818551403,12.035531818551403,11.320921912261353,11.396143913269043,113438
2021-10-27 00:00:00+02:00,11.37733847707969,11.734642521438959,10.926005589561369,11.678226470947266,88487
2021-10-28 00:00:00+02:00,11.697032065303246,12.035531970837907,11.508977060404543,11.885087966918945,70663
2021-10-29 00:00:00+02:00,11.941504046663105,12.035531997680664,11.69703209139105,12.035531997680664,51975
2021-11-02 00:00:00+01:00,12.035531479997983,12.035531479997983,11.7534485357955,11.979114532470703,18102
2021-11-03 00:00:00+01:00,11.979115054301925,12.204781060807534,11.791060048880583,12.073143005371094,19236
2021-11-04 00:00:00+01:00,12.185975527172609,12.204780578613281,12.129558579416663,12.204780578613281,17447
2021-11-05 00:00:00+01:00,12.204780529145905,12.204780529145905,11.885087482214514,11.979114532470703,16273
2021-11-08 00:00:00+01:00,11.979115014224547,12.054337016141421,11.8286710103908,11.847476959228516,14916
2021-11-09 00:00:00+01:00,11.979115454038402,12.148365412923887,11.490172423627156,11.753449440002441,76200
2021-11-10 00:00:00+01:00,11.565393892687997,11.621809945225726,11.396143941640835,11.546587944030762,55788
2021-11-12 00:00:00+01:00,11.546588054844026,11.847476959228516,11.39614405101028,11.847476959228516,37910
2021-11-15 00:00:00+01:00,11.847476415856255,11.847476415856255,11.47136552680483,11.678226470947266,32115
2021-11-16 00:00:00+01:00,11.659420931404755,11.659420931404755,11.377338875630969,11.471365928649902,59086
2021-11-17 00:00:00+01:00,11.396143891493693,11.471365892357653,10.982422886741915,11.283310890197754,66169
2021-11-18 00:00:00+01:00,11.283311719503292,11.283311719503292,10.437063699227366,10.719145774841309,176917
2021-11-19 00:00:00+01:00,9.402759258563702,9.57200921216729,8.575316336204056,9.16769027709961,1087959
2021-11-22 00:00:00+01:00,9.064260902578601,9.12067696004211,8.612927959285207,8.782177925109863,270370
2021-11-23 00:00:00+01:00,8.782177704539409,9.402759701354048,8.697552723752494,9.036051750183105,220840
2021-11-24 00:00:00+01:00,9.308731171427878,9.70364712626101,9.214704118244791,9.496787071228027,233779
2021-11-25 00:00:00+01:00,9.496786533703055,9.5720085306787,9.365147590637207,9.365147590637207,47761
2021-11-26 00:00:00+01:00,9.346341716095091,9.346341716095091,8.744565735585851,8.84799575805664,164028
2021-11-29 00:00:00+01:00,8.838592819183352,9.158286758453366,8.565912852756037,8.99843978881836,124698
2021-11-30 00:00:00+01:00,9.054856753055999,9.120675777132691,8.866801758039058,9.073661804199219,47337
2021-12-01 00:00:00+01:00,9.111272803202606,9.572008661890301,8.622329816158558,9.073661804199219,131500
2021-12-02 00:00:00+01:00,9.073662027755697,9.195898001707592,8.791579976638834,8.932621002197266,32504
2021-12-03 00:00:00+01:00,9.026649475097656,9.167690508854767,8.979635498272945,9.026649475097656,45298
2021-12-06 00:00:00+01:00,9.261717924122902,9.280522975729438,8.932621002197266,8.932621002197266,20112
2021-12-07 00:00:00+01:00,8.942023976359021,9.139481950171007,8.932621002197266,8.932621002197266,34250
2021-12-08 00:00:00+01:00,9.101871506859444,9.233509566306353,9.101871506859444,9.214704513549805,64672
2021-12-09 00:00:00+01:00,9.252315253901402,9.261718228372047,8.98903824574238,9.16769027709961,39198
2021-12-10 00:00:00+01:00,9.16769027709961,9.16769027709961,8.951427244576804,9.16769027709961,11067
2021-12-13 00:00:00+01:00,9.167690514492437,9.30873154833628,9.054857508073956,9.064260482788086,35743
2021-12-14 00:00:00+01:00,9.06426066043694,9.18649664396523,8.763371740706901,8.923218727111816,37384
2021-12-15 00:00:00+01:00,8.92321867685548,8.93262165170094,8.471886644877927,8.54710865020752,88788
2021-12-16 00:00:00+01:00,8.716357938101991,8.91381501432084,8.716357938101991,8.744565963745117,25886
2021-12-17 00:00:00+01:00,8.838593482971191,9.017246413847085,8.838593482971191,8.838593482971191,61114
2021-12-20 00:00:00+01:00,8.556511875040497,8.782177897622345,8.490691945916327,8.518900871276855,63106
2021-12-21 00:00:00+01:00,8.556511588715537,8.688149649124771,8.274428621568985,8.283831596374512,81529
2021-12-22 00:00:00+01:00,8.28383081437715,8.490690860268845,8.105177896805204,8.180399894714355,124924
2021-12-23 00:00:00+01:00,8.180400826121032,8.443677848779343,7.992345809936523,7.992345809936523,324692
2021-12-27 00:00:00+01:00,8.340247068251049,8.340247068251049,7.907720121345813,7.926526069641113,142049
2021-12-28 00:00:00+01:00,7.926526045128993,8.086373018276852,7.879512071253099,7.94533109664917,129618
2021-12-29 00:00:00+01:00,7.954734191422021,8.697552120433619,7.954734191422021,8.4154691696167,97650
2021-12-30 00:00:00+01:00,8.453080431514739,8.650538413524979,8.424872404575277,8.462483406066895,51394
2022-01-03 00:00:00+01:00,9.02664863782529,9.036050714944517,8.462482761692357,8.697551727294922,59693
2022-01-04 00:00:00+01:00,8.88560742886313,8.88560742886313,8.603524468306823,8.650538444519043,43469
2022-01-05 00:00:00+01:00,8.65053775483102,8.782176698386555,8.55651070662016,8.697551727294922,34001
2022-01-07 00:00:00+01:00,8.725760471820696,8.847996451622556,8.697552444702426,8.800982475280762,24766
2022-01-10 00:00:00+01:00,8.932621687368457,9.148884729375302,8.603524740199644,8.810385704040527,87946
2022-01-11 00:00:00+01:00,8.838593573234103,9.073662560785191,8.838593573234103,9.064260482788086,58664
2022-01-12 00:00:00+01:00,9.04545408460348,9.346342086791992,8.97023208405635,9.346342086791992,95559
2022-01-13 00:00:00+01:00,9.35574522620886,10.060952166325865,9.35574522620886,9.948119163513184,198224
2022-01-14 00:00:00+01:00,9.966925056527272,9.985730108532248,9.53439809980891,9.647231101989746,96438
2022-01-17 00:00:00+01:00,9.816480156902502,9.83528610562447,9.515592151086944,9.647231101989746,44573
2022-01-18 00:00:00+01:00,9.647231080852068,9.647231080852068,9.402759128304085,9.534398078918457,65104
2022-01-19 00:00:00+01:00,9.402759291351918,9.402759291351918,8.97023232808105,9.355745315551758,93524
2022-01-20 00:00:00+01:00,9.393356038677402,9.534397961901124,9.120676063171912,9.233509063720703,29463
2022-01-21 00:00:00+01:00,9.10187064452391,9.214703640524172,8.669343711497767,8.735162734985352,97896
2022-01-24 00:00:00+01:00,8.744566298578857,8.989038254758809,7.992345377795846,8.086373329162598,195652
2022-01-25 00:00:00+01:00,8.039359137692347,8.462483114051528,8.039359137692347,8.26502513885498,91061
2022-01-26 00:00:00+01:00,8.406066963268868,8.697552914974885,8.406066963268868,8.518900871276855,72978
2022-01-27 00:00:00+01:00,8.462483406066895,8.594122359646057,8.340247427039888,8.462483406066895,33208
2022-01-28 00:00:00+01:00,8.462482707376529,8.69755167147032,8.462482707376529,8.471885681152344,29394
2022-01-31 00:00:00+01:00,8.575316940267156,8.791580884741041,8.575316940267156,8.631733894348145,14459
2022-02-01 00:00:00+01:00,8.594121705247892,8.895009694269755,8.453079787856188,8.697551727294922,27702
2022-02-02 00:00:00+01:00,8.697552236042098,8.744566211255995,8.631733208772838,8.716358184814453,24123
2022-02-03 00:00:00+01:00,8.697552236042098,8.735163236869816,8.631733208772838,8.716358184814453,15222
2022-02-04 00:00:00+01:00,8.669343684279134,8.697551709011401,8.462482743902985,8.622329711914062,12475
2022-02-07 00:00:00+01:00,8.650538182858996,8.650538182858996,8.453080206113958,8.603524208068848,32846
2022-02-08 00:00:00+01:00,8.47188570869778,8.594121678030021,8.368454790261378,8.584718704223633,16731
2022-02-09 00:00:00+01:00,8.556510964929334,8.91381501432084,8.518899965166177,8.744565963745117,57810
2022-02-10 00:00:00+01:00,8.735163236869816,8.735163236869816,8.612927260000482,8.716358184814453,9313
2022-02-11 00:00:00+01:00,8.716357905941894,8.716357905941894,8.490691011478614,8.594121932983398,17954
2022-02-14 00:00:00+01:00,8.443676914079369,8.46248286197456,8.12398387031368,8.293232917785645,74977
2022-02-15 00:00:00+01:00,8.29323332394475,9.017246212462847,8.29323332394475,8.829191207885742,83550
2022-02-16 00:00:00+01:00,9.101871506859444,9.51559253139077,9.026649502399202,9.214704513549805,218072
2022-02-17 00:00:00+01:00,9.496786542997688,9.891702475864804,9.402758598327637,9.402758598327637,525224
2022-02-18 00:00:00+01:00,9.393356582562317,9.703647576216904,9.12067659126838,9.440370559692383,58270
2022-02-21 00:00:00+01:00,9.496786542997688,9.64723053709622,9.026648613081306,9.402758598327637,130994
2022-02-22 00:00:00+01:00,9.120676575633631,9.383953591706838,8.66934454807956,9.327537536621094,58526
2022-02-23 00:00:00+01:00,9.308731531018758,9.365148482481555,8.932621510323523,8.951427459716797,34734
2022-02-24 00:00:00+01:00,8.086373201391122,8.462483207481272,7.070874839872235,7.710262298583984,449889
2022-02-25 00:00:00+01:00,8.27442878257181,8.27442878257181,7.898317853485745,7.992345809936523,195466
2022-02-28 00:00:00+01:00,7.710262357632819,8.086373263320391,7.663248382332247,7.879512310028076,109849
2022-03-01 00:00:00+01:00,7.973539571647327,8.3120394852568,7.75727653503418,7.75727653503418,101749
2022-03-02 00:00:00+01:00,7.710262738401399,7.973539757682645,7.240124755612081,7.42818021774292,184202
2022-03-03 00:00:00+01:00,7.240124647476529,7.493999136456654,6.864014625549316,6.864014625549316,229178
2022-03-04 00:00:00+01:00,6.81700030517579,6.901625280025103,6.281042878394292,6.53491735458374,356287
2022-03-07 00:00:00+01:00,6.271640352499085,6.779389304877982,5.923738375565117,6.53491735458374,197636
2022-03-08 00:00:00+01:00,6.628945311142828,6.892222313523611,6.487903835688163,6.57252836227417,119673
2022-03-09 00:00:00+01:00,6.309251130044567,6.7699860916054035,6.299848156122848,6.506709098815918,221034
2022-03-10 00:00:00+01:00,6.544320589239565,6.845209051953036,6.544320589239565,6.5819315910339355,145875
2022-03-11 00:00:00+01:00,6.67595911026001,6.84520906706688,6.525515102750356,6.67595911026001,178003
2022-03-14 00:00:00+01:00,6.713569709923524,7.061472128984323,6.713569709923524,6.901625156402588,125168
2022-03-15 00:00:00+01:00,6.901625140092191,7.005055164634837,6.68536166858537,6.8264031410217285,119301
2022-03-16 00:00:00+01:00,6.920431171319381,7.240124691919946,6.845209166472189,7.164902687072754,111821
2022-03-17 00:00:00+01:00,7.240124297974919,7.5222072491618865,7.240124297974919,7.465790748596191,144399
2022-03-18 00:00:00+01:00,7.522207724629079,7.700859763533523,7.343555237366116,7.42818021774292,125240
2022-03-21 00:00:00+01:00,7.522207313088336,7.757276291622346,7.522207313088336,7.653846263885498,69593
2022-03-22 00:00:00+01:00,7.710262357632819,7.973539363912224,7.541013301954555,7.879512310028076,81719
2022-03-23 00:00:00+01:00,7.907720238738875,7.973539265315594,7.503401759915846,7.522207260131836,142498
2022-03-24 00:00:00+01:00,7.625637503417722,7.635040477971649,7.334152465982069,7.456387996673584,88223
2022-03-25 00:00:00+01:00,7.522207451220293,7.522207451220293,7.296541442895766,7.32474946975708,58871
2022-03-28 00:00:00+02:00,7.371763513307126,7.663248552554787,7.371763513307126,7.569221496582031,56217
2022-03-29 00:00:00+02:00,7.569221270479424,7.832498274742529,7.569221270479424,7.710262298583984,77295
2022-03-30 00:00:00+02:00,7.729068507805729,7.766679509682668,7.61623550217491,7.75727653503418,20577
2022-03-31 00:00:00+02:00,7.785484310816589,7.785484310816589,7.569221281188039,7.616235256195068,27908
2022-04-01 00:00:00+02:00,7.569221458885523,7.606832460430717,7.1272915181917424,7.5128045082092285,93861
2022-04-04 00:00:00+02:00,7.522207245468301,7.644443220813199,7.390568744212983,7.446985244750977,45095
2022-04-05 00:00:00+02:00,7.475193240795599,7.475193240795599,7.230721739446902,7.296541213989258,65842
2022-04-06 00:00:00+02:00,7.296541166187237,7.465790666012142,7.1649022179649355,7.202513217926025,58328
2022-04-07 00:00:00+02:00,7.240124664592035,7.240124664592035,6.958042147479788,6.9768476486206055,80753
2022-04-08 00:00:00+02:00,7.0896804038609575,7.0896804038609575,6.958041900546941,7.0050554275512695,38702
2022-04-11 00:00:00+02:00,6.967444177482807,7.052069150766721,6.722972680069304,6.882819652557373,154059
2022-04-12 00:00:00+02:00,6.9204309469581915,7.193110929868202,6.77938946826303,7.117888927459717,60794
2022-04-13 00:00:00+02:00,7.117888738824426,7.390568714507987,7.089680264489563,7.296541213989258,251983
2022-04-14 00:00:00+02:00,7.3811654689944985,7.390568442880026,7.164902001570577,7.230721473693848,38188
2022-04-19 00:00:00+02:00,7.2871384361902685,7.2871384361902685,7.0238609792824285,7.136694431304932,34413
2022-04-20 00:00:00+02:00,7.0050549413601235,7.136693883896138,6.958041417618804,6.967443943023682,18958
2022-04-21 00:00:00+02:00,7.052069653183871,7.052069653183871,6.929833671589307,6.9768476486206055,28286
2022-04-22 00:00:00+02:00,7.0990836411048805,7.0990836411048805,6.882820153474495,7.052069664001465,24748
2022-04-25 00:00:00+02:00,6.958041866131492,6.958041866131492,6.694764412447166,6.817000389099121,54062
2022-04-26 00:00:00+02:00,6.882820068944293,6.9204310708217065,6.67595911026001,6.67595911026001,32253
2022-04-27 00:00:00+02:00,6.675959098501488,6.76058407675587,6.497306615719184,6.60073709487915,68438
2022-04-28 00:00:00+02:00,6.619542592828306,6.704167571044893,6.56312609013675,6.5819315910339355,31258
2022-04-29 00:00:00+02:00,6.666556569250523,6.807597601800158,6.497306612817348,6.5819315910339355,43057
2022-05-02 00:00:00+02:00,6.525514836028275,6.675958837388722,6.487903835688163,6.57252836227417,8897
2022-05-04 00:00:00+02:00,6.5725288321188495,6.628945785020537,6.450293296454585,6.516112327575684,26547
2022-05-05 00:00:00+02:00,6.544320513719309,6.619542516440002,6.262237555158208,6.299848556518555,57046
2022-05-06 00:00:00+02:00,6.205821288724838,6.2528352663894315,6.074182778965903,6.196418762207031,65567
2022-05-09 00:00:00+02:00,6.092988234511567,6.196418715580268,6.036571730753688,6.064779758453369,47590
2022-05-10 00:00:00+02:00,6.045974028777365,6.140001979846534,6.017766002143413,6.036571502685547,42122
2022-05-11 00:00:00+02:00,6.064779714806527,6.102390717041101,5.763891696929932,5.763891696929932,69054
2022-05-12 00:00:00+02:00,5.829710450996516,6.045973927798304,5.453600446435574,5.660460948944092,67577
2022-05-13 00:00:00+02:00,5.904933282429033,6.328057289123535,5.735683321064416,6.328057289123535,46050
2022-05-16 00:00:00+02:00,6.5631261214871275,6.958042090572937,6.1117936494402745,6.788792133331299,75546
2022-05-17 00:00:00+02:00,6.864014320931785,6.9392363219789575,6.591334342956543,6.591334342956543,25319
2022-05-18 00:00:00+02:00,6.7699860916054035,6.7699860916054035,6.506709098815918,6.506709098815918,30853
2022-05-19 00:00:00+02:00,6.581931310248986,6.581931310248986,6.215223834218347,6.440889835357666,32365
2022-05-20 00:00:00+02:00,6.506709572662322,6.704167555813407,6.487904071807861,6.487904071807861,25973
2022-05-23 00:00:00+02:00,6.4785011119201625,6.666556569250523,6.3938765820620835,6.5819315910339355,15957
2022-05-24 00:00:00+02:00,6.581931336538442,6.647750811312884,6.328056860063443,6.57252836227417,13983
2022-05-25 00:00:00+02:00,6.553722605576603,6.572528105010568,6.393876084567126,6.431487083435059,22658
2022-05-26 00:00:00+02:00,6.393876250898376,6.393876250898376,6.092987803769088,6.158807277679443,102120
2022-05-27 00:00:00+02:00,6.177612769686244,6.187015295456541,6.0835848218323765,6.121196269989014,20984
2022-05-30 00:00:00+02:00,6.187015523690006,6.290446001129627,6.130599021911621,6.130599021911621,61499
2022-05-31 00:00:00+02:00,6.1211964892595185,6.196418491550391,6.0741825136484735,6.092988014221191,15918
2022-06-01 00:00:00+02:00,6.18701550702262,6.281043009733291,6.017766002143413,6.036571502685547,30857
2022-06-02 00:00:00+02:00,6.036571264188841,6.1400017372634315,6.036571264188841,6.102390289306641,7015
2022-06-03 00:00:00+02:00,6.205820993810602,6.281042995812421,5.9613494873046875,5.9613494873046875,35583
2022-06-06 00:00:00+02:00,6.243431736674195,6.243431736674195,5.90493274166139,5.989557266235352,29009
2022-06-07 00:00:00+02:00,6.017765978580035,6.09298798045403,5.904932975769043,5.904932975769043,28264
2022-06-08 00:00:00+02:00,5.933141002292542,6.017765978580035,5.904932975769043,5.904932975769043,18037
2022-06-09 00:00:00+02:00,5.942543707544851,6.055376705245193,5.829710261486032,5.839113235473633,22472
2022-06-10 00:00:00+02:00,5.829710443496035,5.876724418184911,5.61344696697249,5.622849941253662,68090
2022-06-13 00:00:00+02:00,5.641655441457514,5.735682942476775,5.547627940438254,5.622849941253662,32813
2022-06-14 00:00:00+02:00,5.716877431053589,5.820307906151039,5.547627929551071,5.566433429718018,30428
2022-06-15 00:00:00+02:00,5.566433444234917,5.782696920898047,5.5382249697316865,5.641655445098877,50350
2022-06-17 00:00:00+02:00,5.6228496818322515,5.641655181168474,5.54762768448736,5.594641208648682,14514
2022-06-20 00:00:00+02:00,5.688669408728798,5.688669408728798,5.54762793320457,5.585238933563232,21838
2022-06-21 00:00:00+02:00,5.641655441457514,5.660460941661366,5.594641466768638,5.622849941253662,19006
2022-06-22 00:00:00+02:00,5.64165565611181,5.64165565611181,5.4724061478375186,5.55703067779541,28672
2022-06-23 00:00:00+02:00,5.5570302099762365,5.632252207321128,5.500613711967568,5.594641208648682,28677
2022-06-24 00:00:00+02:00,5.5570301964033275,5.6228496680985804,5.510016672356835,5.538224697113037,26524
2022-06-27 00:00:00+02:00,5.6322529364996265,5.6604614133352005,5.547628402709961,5.547628402709961,15558
2022-06-28 00:00:00+02:00,5.547628402709961,5.6322529364996265,5.491211897397341,5.547628402709961,29183
2022-06-29 00:00:00+02:00,5.500613711967568,5.594641208648682,5.453600187806247,5.594641208648682,57073
2022-06-30 00:00:00+02:00,5.585239156284496,5.585239156284496,5.481808676994457,5.575836181640625,10449
2022-07-01 00:00:00+02:00,5.575835709312459,5.632252207321128,5.491211186478692,5.594641208648682,17885
2022-07-04 00:00:00+02:00,5.585239156284496,5.585239156284496,5.453600649779861,5.575836181640625,15032
2022-07-05 00:00:00+02:00,5.585239110136375,5.585239110136375,5.274948123188549,5.293753623962402,35250
2022-07-06 00:00:00+02:00,5.28435037906912,5.444197351648964,5.209128379821777,5.209128379821777,46577
2022-07-07 00:00:00+02:00,5.209128158059528,5.4536000935642495,5.209128158059528,5.218531131744385,44607
2022-07-08 00:00:00+02:00,5.312558641405931,5.444197134846586,5.218531146091177,5.274947643280029,71038
2022-07-11 00:00:00+02:00,5.171517359808782,5.265544858497245,5.077489861120318,5.115100860595703,94098
2022-07-12 00:00:00+02:00,5.086892594812177,5.227934072791276,5.002268066711515,5.030476093292236,81402
2022-07-13 00:00:00+02:00,5.133906782045968,5.162114809790348,4.90824031829834,4.90824031829834,34100
2022-07-14 00:00:00+02:00,5.0492818557031836,5.0962958335876465,4.983462824695161,5.0962958335876465,39831
2022-07-15 00:00:00+02:00,5.209128637136353,5.265545139358658,5.171517635654817,5.237337112426758,18425
2022-07-18 00:00:00+02:00,5.23733666387976,5.350169658660889,5.1997256656193835,5.350169658660889,17972
2022-07-19 00:00:00+02:00,5.359572673730342,5.425392150878906,5.265545169488468,5.425392150878906,24678
2022-07-20 00:00:00+02:00,5.641655181168474,5.669863654352044,5.425391714622677,5.594641208648682,40688
2022-07-21 00:00:00+02:00,5.622849793576821,6.375070678691782,5.594641319832656,5.970751762390137,193571
2022-07-22 00:00:00+02:00,6.017765735844251,6.375070678691782,5.9237382372945016,5.970751762390137,53469
2022-07-25 00:00:00+02:00,6.092987917917666,6.092987917917666,5.70747493809097,5.735682964324951,23073
2022-07-26 00:00:00+02:00,5.679266438174978,5.848515939899673,5.510016936450284,5.604044437408447,64778
2022-07-27 00:00:00+02:00,5.604044407373483,5.792099408281927,5.4536004066467285,5.4536004066467285,42298
2022-07-28 00:00:00+02:00,5.641655462947524,5.904932915162812,5.557030487528594,5.735682964324951,26402
2022-07-29 00:00:00+02:00,6.017765998840332,6.036571499372144,5.876724520672492,6.017765998840332,36780
2022-08-01 00:00:00+02:00,6.064779542430188,6.1964184948682,5.980155013986895,6.111793518066406,30710
2022-08-02 00:00:00+02:00,6.140002184735022,6.140002184735022,5.876724720001221,5.876724720001221,36931
2022-08-03 00:00:00+02:00,6.017765748230692,6.083584773171754,5.895529775685177,6.027168273925781,20451
2022-08-04 00:00:00+02:00,6.07418273325894,6.083585259705995,5.9707522521902385,6.064779758453369,12442
2022-08-05 00:00:00+02:00,6.017766205683978,6.111793711574967,5.8955302238464355,5.8955302238464355,19226
2022-08-08 00:00:00+02:00,5.923738723237932,6.111793735764192,5.923738723237932,6.064779758453369,12171
2022-08-09 00:00:00+02:00,6.092988234511567,6.111793735764192,5.998960728248436,6.064779758453369,4637
2022-08-10 00:00:00+02:00,6.0647797610379435,6.083585262298584,5.951946753474102,6.083585262298584,10725
2022-08-11 00:00:00+02:00,6.092988017483619,6.187015520397556,6.083585043012975,6.111793518066406,21126
2022-08-12 00:00:00+02:00,6.177612616897279,6.440889608972805,6.140001618029347,6.431487083435059,79794
2022-08-16 00:00:00+02:00,6.487903809774269,6.638347810533815,6.440889835357666,6.440889835357666,89075
2022-08-17 00:00:00+02:00,6.487903770861676,6.581931270772443,6.2058208227708915,6.252834796905518,41130
2022-08-18 00:00:00+02:00,6.299848168678873,6.5631256103515625,6.252834644052001,6.5631256103515625,25079
2022-08-19 00:00:00+02:00,6.581931410164668,7.005055392903285,6.581931410164668,6.817000389099121,167354
2022-08-22 00:00:00+02:00,6.845208820669993,6.845208820669993,6.422084392241914,6.591334342956543,28994
2022-08-23 00:00:00+02:00,6.469098790966316,6.5819317999305085,6.309251804087784,6.459695816040039,38520
2022-08-24 00:00:00+02:00,6.440890019374457,6.440890019374457,6.140002009258968,6.2058210372924805,38089
2022-08-25 00:00:00+02:00,6.412681995915447,6.487903998483147,6.2058210404957705,6.224626541137695,37116
2022-08-26 00:00:00+02:00,6.23402946170061,6.384473465534357,5.923738479614258,5.923738479614258,72097
2022-08-29 00:00:00+02:00,5.980154897345187,5.980154897345187,5.491211443370958,5.641655445098877,55338
2022-08-30 00:00:00+02:00,5.660460752518195,5.923738194933251,5.651058226909698,5.782696723937988,15143
2022-08-31 00:00:00+02:00,5.857918932955112,5.857918932955112,5.6416554558787535,5.6980719566345215,17828
2022-09-01 00:00:00+02:00,5.782696697809699,5.8579186957716995,5.547627729999212,5.669863700866699,25892
2022-09-02 00:00:00+02:00,5.669864180467857,5.923738669243521,5.632252729946914,5.688669681549072,38502
2022-09-05 00:00:00+02:00,5.688669213335536,5.839113209602766,5.641655240322789,5.726280212402344,9979
2022-09-06 00:00:00+02:00,5.904933179488842,5.97075220922009,5.754488722192032,5.763891696929932,24594
2022-09-07 00:00:00+02:00,5.848516227778467,5.857919202516367,5.7074751935780705,5.763891696929932,11520
2022-09-08 00:00:00+02:00,5.773293979062419,5.914335455654382,5.763891453080819,5.8109049797058105,9381
2022-09-09 00:00:00+02:00,5.8673212898061715,5.989557262100086,5.839113264420486,5.970751762390137,23570
2022-09-12 00:00:00+02:00,6.064779040571965,6.092987513291155,5.8579185512789325,5.998960018157959,17401
2022-09-13 00:00:00+02:00,5.923738224868983,6.140001695259019,5.735682779805465,5.914335250854492,30623
2022-09-14 00:00:00+02:00,5.876724738319747,6.0929882266242545,5.848516262298065,6.008363246917725,42798
2022-09-15 00:00:00+02:00,6.3092515083760015,6.769986497564604,6.158807503474988,6.168210029602051,114656
2022-09-16 00:00:00+02:00,6.177612987649453,6.187015513751496,6.017766008688216,6.074182510375977,28382
2022-09-19 00:00:00+02:00,6.149404711140597,6.149404711140597,5.8485162440674685,5.876724720001221,16668
2022-09-20 00:00:00+02:00,5.895529933458957,5.923738408016088,5.651058430183961,5.6980719566345215,71053
2022-09-21 00:00:00+02:00,5.735682964324951,5.801502439468396,5.651058437264513,5.735682964324951,28151
2022-09-22 00:00:00+02:00,5.86951529729692,5.86951529729692,5.659207127588259,5.7548017501831055,56057
2022-09-23 00:00:00+02:00,5.754801889306123,5.812158664249637,5.697445114362608,5.735682964324951,9623
2022-09-26 00:00:00+02:00,5.697444976626198,5.840837138434025,5.582731429512383,5.7548017501831055,25919
2022-09-27 00:00:00+02:00,5.840837138434025,5.965109919891766,5.735682825664137,5.7548017501831055,13385
2022-09-28 00:00:00+02:00,5.859956060864336,5.859956060864336,5.544493578498227,5.687885284423828,25718
2022-09-29 00:00:00+02:00,5.687885621474045,5.859956408111048,5.6114099188936635,5.707004547119141,37426
2022-09-30 00:00:00+02:00,5.601850489456751,5.793039739268465,5.5636126394944085,5.735682964324951,21092
2022-10-03 00:00:00+02:00,5.735682904256157,5.735682904256157,5.544493656446734,5.67832612991333,14303
2022-10-04 00:00:00+02:00,5.726123059086055,5.888634143244483,5.726123059086055,5.831277370452881,24431
2022-10-05 00:00:00+02:00,5.831277509313876,5.907753208190471,5.812158584594727,5.812158584594727,9106
2022-10-06 00:00:00+02:00,5.697444978610249,5.831277450289638,5.697444978610249,5.821718215942383,9296
2022-10-07 00:00:00+02:00,5.8408372800492705,5.8790751300143125,5.745242655136666,5.8025994300842285,5978
2022-10-10 00:00:00+02:00,5.917313122323125,5.917313122323125,5.707004486625192,5.783480644226074,12086
2022-10-11 00:00:00+02:00,5.831277589230808,5.831277589230808,5.735682964324951,5.735682964324951,11891
2022-10-12 00:00:00+02:00,5.745242735596983,5.745242735596983,5.6400884188049005,5.659207344055176,29122
2022-10-13 00:00:00+02:00,5.659207483919812,5.678326409642603,5.592291015974472,5.6400885581970215,11152
2022-10-14 00:00:00+02:00,5.649647770183854,5.773921014792546,5.640088535276878,5.707004547119141,7795
2022-10-17 00:00:00+02:00,5.563612855305858,5.735683186810975,5.563612855305858,5.6400885581970215,17871
2022-10-18 00:00:00+02:00,5.659207486139622,5.7261234982800655,5.563612857488172,5.573172092437744,22847
2022-10-19 00:00:00+02:00,5.726123090303371,5.726123090303371,5.506255687985792,5.563612461090088,53024
2022-10-20 00:00:00+02:00,5.620969494089608,5.620969494089608,5.5253748678291315,5.592290878295898,21693
2022-10-21 00:00:00+02:00,5.592290601401311,5.697444912996831,5.525374594247799,5.630528450012207,28789
2022-10-24 00:00:00+02:00,5.620969234194384,5.726123090303371,5.534933846622383,5.563612461090088,33554
2022-10-25 00:00:00+02:00,5.5636124428586955,5.649647374317655,5.534933828484967,5.630528450012207,12985
2022-10-26 00:00:00+02:00,5.630528728800089,5.668766579304279,5.573171953043803,5.592290878295898,55972
2022-10-27 00:00:00+02:00,5.5922910181680345,5.640088560409333,5.563612857488172,5.573172092437744,40930
2022-10-28 00:00:00+02:00,5.630528867420054,5.6400885581970215,5.573172090251681,5.6400885581970215,28062
2022-10-31 00:00:00+01:00,5.69744530847789,6.003348574430063,5.592290989583216,5.840837478637695,54792
2022-11-02 00:00:00+01:00,6.022467356411927,6.165859067320342,5.831277648815488,5.85995626449585,37164
2022-11-03 00:00:00+01:00,5.831277731145589,5.926872358377915,5.687885562381529,5.716564178466797,54827
2022-11-04 00:00:00+01:00,5.793039914208628,5.974669934930244,5.783480679344933,5.9077534675598145,40487
2022-11-07 00:00:00+01:00,5.965110064520093,6.165859004752129,5.783480505101708,5.8025994300842285,35313
2022-11-08 00:00:00+01:00,5.802599211972635,5.898193833291971,5.802599211972635,5.831277370452881,16540
2022-11-09 00:00:00+01:00,5.8790749090281045,5.917312757555839,5.831277370452881,5.831277370452881,50050
2022-11-10 00:00:00+01:00,5.869515360076711,5.917312899800931,5.812158585906322,5.879075050354004,46144
2022-11-14 00:00:00+01:00,5.926871982710012,6.156299529356736,5.926871982710012,6.098942756652832,96524
2022-11-15 00:00:00+01:00,6.156299892940734,6.261454210357073,5.926872332744283,5.984229564666748,104392
2022-11-16 00:00:00+01:00,5.840837478637695,5.917313181167953,5.812158862273277,5.840837478637695,112393
2022-11-17 00:00:00+01:00,6.213656302060639,6.357048461735953,5.984229211245025,6.098942756652832,274342
2022-11-18 00:00:00+01:00,6.12762137109724,6.280573232187864,6.060705359211789,6.165859222412109,115347
2022-11-21 00:00:00+01:00,6.309250972628781,6.443083443318993,6.271013123860148,6.357048511505127,69638
2022-11-22 00:00:00+01:00,6.433524469312437,6.519559860438002,6.385726928502427,6.452643394470215,77415
2022-11-23 00:00:00+01:00,6.471762259567479,6.481321949973215,6.261454084783668,6.328370094299316,50620
2022-11-24 00:00:00+01:00,6.376167452291717,6.376167452291717,6.1371806689574315,6.2232160568237305,54036
2022-11-25 00:00:00+01:00,6.357048768888901,6.443083704186143,6.271013377760526,6.3857269287109375,46187
2022-11-28 00:00:00+01:00,6.452643430342072,6.729868074586574,6.4430837397944725,6.71074914932251,392819
2022-11-29 00:00:00+01:00,6.739427684916606,6.863700469738274,6.6916301444098,6.787224769592285,122195
2022-11-30 00:00:00+01:00,6.825462640771451,6.835022331234825,6.605594774256279,6.653392314910889,40567
2022-12-01 00:00:00+01:00,6.710749010312639,6.758546550398265,6.691630085444614,6.729867935180664,50390
2022-12-02 00:00:00+01:00,6.739427503668042,6.777665352712677,6.548237802613753,6.615154266357422,61396
2022-12-05 00:00:00+01:00,6.672511007012074,6.9688545635618295,6.653392082584061,6.882819175720215,105875
2022-12-06 00:00:00+01:00,6.882819273867591,6.882819273867591,6.701189717127032,6.73942756652832,52324
2022-12-07 00:00:00+01:00,6.8350225338476776,6.8350225338476776,6.615154660814889,6.6916303634643555,21621
2022-12-08 00:00:00+01:00,6.691630365458879,6.691630365458879,6.48132218311016,6.624713897705078,51368
2022-12-09 00:00:00+01:00,6.624713639352286,6.624713639352286,6.462203005426947,6.52911901473999,31301
2022-12-12 00:00:00+01:00,6.615154486015323,6.691630186643987,6.519559860229492,6.519559860229492,27045
2022-12-13 00:00:00+01:00,6.615154660814889,6.6916303634643555,6.576916809490155,6.6916303634643555,23528
2022-12-14 00:00:00+01:00,6.60559462027924,6.95929541005007,6.60559462027924,6.873260021209717,83473
2022-12-15 00:00:00+01:00,6.882819394774771,6.901938319811268,6.653392294336805,6.787224769592285,47810
2022-12-16 00:00:00+01:00,6.815903324178221,6.815903324178221,6.596035460306951,6.662951469421387,25293
2022-12-19 00:00:00+01:00,6.739427503668042,6.739427503668042,6.596035341835105,6.615154266357422,13731
2022-12-20 00:00:00+01:00,6.605594833031763,6.691630224643137,6.5960355983144625,6.643832683563232,56369
2022-12-21 00:00:00+01:00,6.643832564894309,6.643832564894309,6.557797630650783,6.596035480499268,69510
2022-12-22 00:00:00+01:00,6.586476011506676,6.596035702205681,6.500441074371338,6.500441074371338,37336
2022-12-23 00:00:00+01:00,6.548237940273099,6.634273330347751,6.452643315651889,6.596035480499268,51435
2022-12-27 00:00:00+01:00,6.653392048209172,6.653392048209172,6.404845576098011,6.423964500427246,60415
2022-12-28 00:00:00+01:00,6.433524190507419,6.60559450947053,6.318810644532012,6.423964500427246,69177
2022-12-29 00:00:00+01:00,6.395286540879163,6.643832564894309,6.395286540879163,6.596035480499268,22051
2022-12-30 00:00:00+01:00,6.634273176319156,6.835022111278452,6.605594561683064,6.815903186798096,93183
2023-01-02 00:00:00+01:00,6.8350220925657394,6.978414253691393,6.8350220925657394,6.882819175720215,96547
2023-01-03 00:00:00+01:00,6.882819315663914,6.9784143955787625,6.825462541213679,6.930616855621338,83964
2023-01-04 00:00:00+01:00,6.997533164320052,7.274757795895099,6.930616701038411,7.083568096160889,117880
2023-01-05 00:00:00+01:00,7.121805993145597,7.418150006947878,7.121805993145597,7.408590316772461,249893
2023-01-09 00:00:00+01:00,7.475506921554034,7.6093393957171855,7.408590456556896,7.456387996673584,109349
2023-01-10 00:00:00+01:00,7.475506780507027,7.551982478585893,7.360792777557611,7.408590316772461,50029
2023-01-11 00:00:00+01:00,7.379912002905167,7.418150309334427,7.1696038246154785,7.1696038246154785,73682
2023-01-12 00:00:00+01:00,7.179163573308013,7.322555286296412,7.169603882665512,7.2269606590271,27953
2023-01-13 00:00:00+01:00,7.207841574284532,7.4181502054604715,7.169603724221839,7.37991189956665,30768
2023-01-16 00:00:00+01:00,7.360793169960686,7.504185339418339,7.293877158489951,7.4850664138793945,52322
2023-01-17 00:00:00+01:00,7.494626009802594,7.494626009802594,7.035771346838534,7.236520290374756,114712
2023-01-18 00:00:00+01:00,7.408590573822198,7.504185199737549,7.322555182582817,7.504185199737549,129944
2023-01-19 00:00:00+01:00,7.504185100320014,7.504185100320014,7.16960368613335,7.25563907623291,106099
2023-01-20 00:00:00+01:00,7.1982820874692175,7.408590255445199,7.188722397372935,7.35123348236084,47123
2023-01-23 00:00:00+01:00,7.4563881965038075,7.4563881965038075,7.360793113708496,7.360793113708496,33635
2023-01-24 00:00:00+01:00,7.389471331083746,7.475506718625839,7.236519936192123,7.35123348236084,60546
2023-01-25 00:00:00+01:00,7.265198567832496,7.351233960976078,7.179163630520057,7.284317493438721,38899
2023-01-26 00:00:00+01:00,7.23652040733873,7.43726935411966,7.23652040733873,7.284317493438721,45904
2023-01-27 00:00:00+01:00,7.389471331083746,7.399030565348916,7.2460791704572936,7.35123348236084,40200
2023-01-30 00:00:00+01:00,7.265198110772477,7.351233498503497,7.188722413158732,7.217401027679443,45958
2023-01-31 00:00:00+01:00,7.2938767866553444,7.399030643843329,7.198282163833942,7.2747578620910645,31736
2023-02-01 00:00:00+01:00,7.265198110772477,7.609339205865443,7.217401027679443,7.217401027679443,89791
2023-02-02 00:00:00+01:00,7.341674188315661,7.4181503457181375,7.255639251963473,7.360793113708496,36987
2023-02-03 00:00:00+01:00,7.341673792264557,7.408590255445199,7.2843170191801985,7.35123348236084,33079
2023-02-06 00:00:00+01:00,7.351233700881797,7.351233700881797,7.226960460922681,7.25563907623291,67954
2023-02-07 00:00:00+01:00,7.2174014496294,7.312996077235317,6.921057420304347,7.026211738586426,82671
2023-02-08 00:00:00+01:00,6.997533166744691,7.169603486317101,6.997533166744691,7.150484561920166,77890
2023-02-09 00:00:00+01:00,7.169603564679899,7.246079263103506,6.9784143186208825,7.074008941650391,98488
2023-02-10 00:00:00+01:00,7.074008957949794,7.074008957949794,6.691630009119594,6.873260021209717,189789
2023-02-13 00:00:00+01:00,6.844581743738216,6.844581743738216,6.701190029710305,6.825462818145752,46019
2023-02-14 00:00:00+01:00,6.854141434450019,6.873260360042484,6.796784657672626,6.825462818145752,20526
2023-02-15 00:00:00+01:00,6.825462619665279,6.873260160172086,6.6916301444098,6.787224769592285,29310
2023-02-16 00:00:00+01:00,6.882819255619134,6.978414334700024,6.710748933769548,6.873260021209717,43360
2023-02-17 00:00:00+01:00,6.863700449334694,6.949735839658739,6.796784439821438,6.921057224273682,21532
2023-02-20 00:00:00+01:00,6.882819314676062,6.921057164304064,6.787224690606057,6.8637003898620605,16245
2023-02-21 00:00:00+01:00,6.835022171909809,6.873260021209717,6.739427548660038,6.873260021209717,10965
2023-02-22 00:00:00+01:00,6.739427871872767,6.854141425273979,6.4239649162727215,6.500441074371338,111419
2023-02-23 00:00:00+01:00,6.4908810270488475,6.672511037870513,6.4908810270488475,6.5482378005981445,53267
2023-02-24 00:00:00+01:00,6.6916299454290895,6.777665333450563,6.576916398621201,6.682070255279541,29525
2023-02-27 00:00:00+01:00,6.691630246612134,6.691630246612134,6.529119153404286,6.576916694641113,24505
2023-02-28 00:00:00+01:00,6.596035296292435,7.169603483832839,6.548237757401104,7.083568096160889,228606
2023-03-01 00:00:00+01:00,7.188722531866812,7.3512336198951385,7.188722531866812,7.265198230743408,121492
2023-03-02 00:00:00+01:00,7.360792974766602,7.465947290357875,7.265198349606865,7.446828365325928,185314
2023-03-03 00:00:00+01:00,7.456387858006844,7.571101405156212,7.322554930501463,7.475506782531738,107380
2023-03-06 00:00:00+01:00,7.456388171939794,7.628458499908447,7.446828481359302,7.628458499908447,100951
2023-03-07 00:00:00+01:00,7.647577461347084,7.8387667155483065,7.628458535926962,7.7527313232421875,135261
2023-03-08 00:00:00+01:00,7.62845836078543,7.714493295285138,7.5519826608607445,7.647577285766602,52505
2023-03-09 00:00:00+01:00,7.647577225849114,7.724052925174625,7.551982601692225,7.5902204513549805,34549
2023-03-10 00:00:00+01:00,7.485066014851327,7.504184939371044,7.2651981549590285,7.408590316772461,45076
2023-03-13 00:00:00+01:00,7.389471347310369,7.4085902717138055,6.930616705796786,7.217401027679443,142882
2023-03-14 00:00:00+01:00,7.131365894415269,7.341674070357445,7.131365894415269,7.312995910644531,33525
2023-03-15 00:00:00+01:00,7.3321150027565,7.513745023123312,6.968854962022876,7.026211738586426,97577
2023-03-16 00:00:00+01:00,7.074009001756957,7.236520090203507,6.978414377915199,7.131365776062012,49184
2023-03-17 00:00:00+01:00,7.150484877373737,7.47550706229154,7.150484877373737,7.303436279296875,26258
2023-03-20 00:00:00+01:00,7.1696036855454235,7.207841535401842,6.978414436263329,7.188722610473633,96335
2023-03-21 00:00:00+01:00,7.093128182083239,7.30343636211229,7.03577140571168,7.160044193267822,30796
2023-03-22 00:00:00+01:00,7.160043858874263,7.341673870150488,7.121806009745702,7.2747578620910645,28716
2023-03-23 00:00:00+01:00,7.303436336516031,7.427709579467773,7.150484933394587,7.427709579467773,27374
2023-03-24 00:00:00+01:00,7.4372692711109725,7.4372692711109725,7.236520326570638,7.360793113708496,56455
2023-03-27 00:00:00+02:00,7.408590455792785,7.437269071026066,7.2174012070080025,7.389471530914307,103441
2023-03-28 00:00:00+02:00,7.408590595043112,7.44682844551878,7.351233819329611,7.43726921081543,43928
2023-03-29 00:00:00+02:00,7.446828403128922,7.733612735895087,7.446828403128922,7.638017654418945,97849
2023-03-30 00:00:00+02:00,7.638017516592789,7.743172286651506,7.609339357332341,7.724052906036377,72423
2023-03-31 00:00:00+02:00,7.752730947231439,7.762290637393419,7.657136780598323,7.7431721687316895,38891
2023-04-03 00:00:00+02:00,7.743172447377098,7.743172447377098,7.6571370561476675,7.704934597015381,51114
2023-04-04 00:00:00+02:00,7.5615418954357665,7.704934516541243,7.360792955217903,7.647577285766602,89856
2023-04-05 00:00:00+02:00,7.7336124552721195,7.7336124552721195,7.551982445221685,7.676255226135254,64531
2023-04-06 00:00:00+02:00,7.676255424828466,7.714493274688721,7.609339415488585,7.714493274688721,9974
2023-04-11 00:00:00+02:00,7.743172462924732,8.17334850827338,7.647577380997358,7.963039875030518,97187
2023-04-12 00:00:00+02:00,7.9439211480399,7.982158997238433,7.8387663789972555,7.934361457824707,58042
2023-04-13 00:00:00+02:00,7.934361863277778,8.488811160820493,7.934361863277778,8.268942832946777,95860
2023-04-14 00:00:00+02:00,8.268942671141568,8.603524545925811,8.221146041882905,8.555727005004883,90370
2023-04-17 00:00:00+02:00,8.555726727556891,8.746915973378394,8.41233502110632,8.593964576721191,123062
2023-04-18 00:00:00+02:00,8.651321965121864,8.651321965121864,8.230704704930524,8.307180404663086,73116
2023-04-19 00:00:00+02:00,8.278502186415883,8.412335115829011,8.22114586785472,8.316740036010742,52110
2023-04-20 00:00:00+02:00,8.517488881917927,8.9667842935311,8.517488881917927,8.727797508239746,202072
2023-04-21 00:00:00+02:00,8.699119641414367,9.129295687053041,8.622643940485814,9.081498146057129,173185
2023-04-24 00:00:00+02:00,9.177092950674888,9.387400666040804,8.852070775721076,9.253568649291992,150566
2023-04-25 00:00:00+02:00,9.177093342632103,9.406520448282336,8.985903176261298,9.330044746398926,109086
2023-04-26 00:00:00+02:00,9.272687470436061,9.463876724243164,8.87118958161001,9.463876724243164,138432
2023-04-27 00:00:00+02:00,9.368282773480487,9.941850548390132,9.224890146006354,9.827136993408203,335451
2023-04-28 00:00:00+02:00,9.846255579283104,9.884493427853316,9.511673720547076,9.80801773071289,210813
2023-05-02 00:00:00+02:00,9.808018006717285,9.808018006717285,9.463876448238768,9.635947227478027,69226
2023-05-04 00:00:00+02:00,9.578590604298308,10.419823269769726,9.463876147344532,9.941849708557129,286168
2023-05-05 00:00:00+02:00,9.941849903185386,10.113920680322401,9.65506649017334,9.65506649017334,128277
2023-05-08 00:00:00+02:00,9.655066726841431,9.92273167765614,9.492555635931222,9.75066089630127,79129
2023-05-09 00:00:00+02:00,9.635947227478027,9.750660776416783,9.50211429788502,9.635947227478027,90200
2023-05-10 00:00:00+02:00,9.63594746167098,9.92273179681903,9.511674219384751,9.865374565124512,48599
2023-05-11 00:00:00+02:00,9.865374047737099,9.922731276423528,9.674184804886035,9.80801773071289,14982
2023-05-12 00:00:00+02:00,9.788898588344082,9.960969366920311,9.731542269926836,9.90361213684082,36355
2023-05-15 00:00:00+02:00,9.750661058775886,9.865374611036511,9.511674263650681,9.597709655761719,45403
2023-05-16 00:00:00+02:00,9.492555399696753,9.559471407819574,9.119735686593385,9.521233558654785,88642
2023-05-17 00:00:00+02:00,9.559471247769185,9.788898338916713,9.425638322102017,9.540351867675781,22958
2023-05-18 00:00:00+02:00,9.521234178007415,9.635947732963855,9.406520623050977,9.435198783874512,20054
2023-05-19 00:00:00+02:00,9.435197896276804,9.655066206339688,9.368281890096114,9.559471130371094,34610
2023-05-22 00:00:00+02:00,9.61682919813508,9.731542752318155,9.46387688089536,9.578591346740723,16040
2023-05-23 00:00:00+02:00,9.693304536850713,10.171278117159012,9.6741851560405,10.018325805664062,155828
2023-05-24 00:00:00+02:00,9.88449394624344,9.999207497970206,9.693304693365498,9.865374565124512,103715
2023-05-25 00:00:00+02:00,9.253569214784555,9.253569214784555,8.07775368128269,8.125551223754883,998763
2023-05-26 00:00:00+02:00,8.221146083603786,8.689559981349033,8.16378885187514,8.421895027160645,202034
2023-05-29 00:00:00+02:00,8.469691093310393,8.622643397192586,8.268942163106113,8.364537239074707,63024
2023-05-30 00:00:00+02:00,8.364537613641874,8.364537613641874,7.84832618595218,7.9152421951293945,259619
2023-05-31 00:00:00+02:00,7.877004446447039,7.953480146963048,7.571101644383003,7.638017654418945,188039
2023-06-01 00:00:00+02:00,7.571101547223682,8.077753284555989,7.5328636974563805,7.9152421951293945,148006
2023-06-02 00:00:00+02:00,7.915241986888357,8.259383537402346,7.915241986888357,8.211585998535156,117478
2023-06-05 00:00:00+02:00,8.0299556483576,8.354977823322088,8.001277489290803,8.192466735839844,76931
2023-06-06 00:00:00+02:00,8.18290857713472,8.18290857713472,7.9439217729290155,8.10643196105957,83112
2023-06-07 00:00:00+02:00,8.09687268734041,8.163788696700017,7.98215913772583,7.98215913772583,36230
2023-06-09 00:00:00+02:00,7.9821590539723,8.029955682063507,7.752731045488184,7.790968894958496,100572
2023-06-12 00:00:00+02:00,7.762290976399583,7.829206987131441,7.676255584508753,7.695374965667725,47071
2023-06-13 00:00:00+02:00,7.695374766781677,7.752731085451682,7.638017536449425,7.657136917114258,31425
2023-06-14 00:00:00+02:00,7.647577090436342,7.943921103822133,7.599779551288669,7.7431721687316895,72309
2023-06-15 00:00:00+02:00,7.685815216003389,7.781410297738816,7.628458440460813,7.704934597015381,59046
2023-06-16 00:00:00+02:00,7.695375000614149,8.154229210565973,7.695375000614149,7.886564254760742,110683
2023-06-19 00:00:00+02:00,7.886564136708332,8.001277687479163,7.762290895457698,7.7718505859375,26353
2023-06-20 00:00:00+02:00,7.790968894958496,7.8292067444288085,7.695374727113837,7.790968894958496,32471
2023-06-21 00:00:00+02:00,7.790968974409228,7.819648045551109,7.647577265348839,7.714493274688721,47527
2023-06-22 00:00:00+02:00,7.724053186608054,7.724053186608054,7.618898868560791,7.618898868560791,42030
2023-06-23 00:00:00+02:00,7.6284585229400665,7.6284585229400665,7.456388194451904,7.494626045227051,76341
2023-06-26 00:00:00+02:00,7.465947349371408,7.618898750835969,7.360793032948957,7.504185199737549,56153
2023-06-27 00:00:00+02:00,7.504184941403522,7.628458178730897,7.389471394254153,7.475506782531738,40914
2023-06-28 00:00:00+02:00,7.475506921554034,7.485066156078696,7.360792916440207,7.456387996673584,82452
2023-06-29 00:00:00+02:00,7.45638788701192,7.982158997238433,7.45638788701192,7.934361457824707,145116
2023-06-30 00:00:00+02:00,7.953480207331018,7.953480207331018,7.724053104041609,7.762290954589844,57311
2023-07-03 00:00:00+02:00,7.743172426160357,7.87700444622853,7.647577344686867,7.7718505859375,53513
2023-07-04 00:00:00+02:00,7.7814101767749655,7.924801885486783,7.7049344772403625,7.9152421951293945,33709
2023-07-05 00:00:00+02:00,7.93436173665067,7.963039896641807,7.838766654463857,7.896123886108398,53246
2023-07-06 00:00:00+02:00,7.934361474001177,7.934361474001177,7.685814997872858,7.733612537384033,43508
2023-07-07 00:00:00+02:00,7.657136976172751,7.781410216465929,7.647577285766602,7.647577285766602,36885
2023-07-10 00:00:00+02:00,7.695374625298589,7.714493093949673,7.609339237213135,7.609339237213135,40259
2023-07-11 00:00:00+02:00,7.609339318570947,7.685815017317409,7.561541778938847,7.666696548461914,54044
2023-07-12 00:00:00+02:00,7.6666964707603045,7.886563874512477,7.618898475781514,7.7431721687316895,70924
2023-07-13 00:00:00+02:00,7.848326025526785,7.8961235646744585,7.724052788407727,7.7431721687316895,59294
2023-07-14 00:00:00+02:00,7.829206543302902,8.278501946783722,7.810088074890006,8.221145629882812,223395
2023-07-17 00:00:00+02:00,8.202026465684154,8.488810792723497,8.058634757995605,8.058634757995605,98281
2023-07-18 00:00:00+02:00,8.087312977882034,8.19246683686515,8.029955747378903,8.182908058166504,50274
2023-07-19 00:00:00+02:00,8.221145926210644,8.412335175542047,7.934361596382411,8.307180404663086,77237
2023-07-20 00:00:00+02:00,8.412335395812988,8.48881109754801,8.221146141475431,8.412335395812988,120494
2023-07-21 00:00:00+02:00,8.41233545192005,8.54616747501781,8.221146196307336,8.536608695983887,81583
2023-07-24 00:00:00+02:00,8.546167076140454,8.651321845566248,8.460132598876953,8.460132598876953,55966
2023-07-25 00:00:00+02:00,8.4696918858044,8.699119907263757,8.4696918858044,8.651322364807129,34564
2023-07-26 00:00:00+02:00,8.689559937251033,8.689559937251033,8.450573144308649,8.555727005004883,49438
2023-07-27 00:00:00+02:00,8.593964796042082,8.660881717534028,8.507929405311193,8.565286636352539,29900
2023-07-28 00:00:00+02:00,8.603524426051141,8.632202585539215,8.259383777207507,8.44101333618164,51990
2023-07-31 00:00:00+02:00,8.536608593109818,8.794713857161005,8.507929521366808,8.680000305175781,150639
2023-08-01 00:00:00+02:00,8.770000457763672,8.899999618530273,8.630000114440918,8.699999809265137,41473
2023-08-02 00:00:00+02:00,8.649999618530273,8.699999809265137,8.5,8.550000190734863,18275
2023-08-03 00:00:00+02:00,8.5,8.600000381469727,8.279999732971191,8.399999618530273,28982
2023-08-04 00:00:00+02:00,8.380000114440918,8.489999771118164,8.140000343322754,8.149999618530273,77916
2023-08-07 00:00:00+02:00,8.1899995803833,8.329999923706055,8.149999618530273,8.199999809265137,73506
2023-08-08 00:00:00+02:00,8.270000457763672,8.289999961853027,8.100000381469727,8.279999732971191,24144
2023-08-09 00:00:00+02:00,8.260000228881836,8.279999732971191,8.199999809265137,8.279999732971191,12086
2023-08-10 00:00:00+02:00,8.25,8.319999694824219,8.119999885559082,8.220000267028809,18562
2023-08-11 00:00:00+02:00,8.300000190734863,8.3100004196167,8.119999885559082,8.170000076293945,14194
2023-08-14 00:00:00+02:00,8.15999984741211,8.270000457763672,8.020000457763672,8.15999984741211,13115
2023-08-16 00:00:00+02:00,8.239999771118164,8.239999771118164,8.0600004196167,8.170000076293945,9960
2023-08-17 00:00:00+02:00,8.029999732971191,8.170000076293945,7.949999809265137,8.0600004196167,46875
2023-08-18 00:00:00+02:00,8.0,8.100000381469727,7.949999809265137,7.960000038146973,22158
2023-08-21 00:00:00+02:00,7.949999809265137,8.09000015258789,7.940000057220459,7.980000019073486,43182
2023-08-22 00:00:00+02:00,8.100000381469727,8.199999809265137,7.960000038146973,7.96999979019165,30630
2023-08-23 00:00:00+02:00,8.0,8.0600004196167,7.960000038146973,7.96999979019165,18713
2023-08-24 00:00:00+02:00,7.96999979019165,8.0,7.880000114440918,7.880000114440918,26445
2023-08-25 00:00:00+02:00,7.880000114440918,7.96999979019165,7.820000171661377,7.960000038146973,14737
2023-08-28 00:00:00+02:00,7.980000019073486,8.0,7.949999809265137,8.0,14389
2023-08-29 00:00:00+02:00,8.0,8.079999923706055,7.900000095367432,7.96999979019165,20920
2023-08-30 00:00:00+02:00,7.96999979019165,8.100000381469727,7.949999809265137,8.09000015258789,15190
2023-08-31 00:00:00+02:00,8.069999694824219,8.130000114440918,8.0,8.130000114440918,18143
2023-09-01 00:00:00+02:00,8.130000114440918,8.140000343322754,8.020000457763672,8.020000457763672,5662
2023-09-04 00:00:00+02:00,8.050000190734863,8.100000381469727,7.960000038146973,7.96999979019165,16059
2023-09-05 00:00:00+02:00,7.940000057220459,8.039999961853027,7.920000076293945,7.949999809265137,5510
2023-09-06 00:00:00+02:00,7.920000076293945,7.989999771118164,7.800000190734863,7.800000190734863,43028
2023-09-07 00:00:00+02:00,7.809999942779541,7.809999942779541,7.699999809265137,7.730000019073486,76736
2023-09-08 00:00:00+02:00,7.800000190734863,7.800000190734863,7.46999979019165,7.800000190734863,28816
2023-09-11 00:00:00+02:00,7.75,7.949999809265137,7.75,7.929999828338623,9986
2023-09-12 00:00:00+02:00,7.980000019073486,8.010000228881836,7.909999847412109,8.010000228881836,7390
2023-09-13 00:00:00+02:00,8.039999961853027,8.079999923706055,7.929999828338623,7.929999828338623,9925
2023-09-14 00:00:00+02:00,8.4399995803833,8.59000015258789,8.300000190734863,8.510000228881836,317025
2023-09-15 00:00:00+02:00,8.5600004196167,8.600000381469727,8.470000267028809,8.520000457763672,82243
2023-09-18 00:00:00+02:00,8.539999961853027,8.550000190734863,8.239999771118164,8.430000305175781,64600
2023-09-19 00:00:00+02:00,8.430000305175781,8.430000305175781,8.3100004196167,8.369999885559082,9202
2023-09-20 00:00:00+02:00,8.369999885559082,8.399999618530273,8.3100004196167,8.319999694824219,16904
2023-09-21 00:00:00+02:00,8.319999694824219,8.329999923706055,8.270000457763672,8.329999923706055,12318
2023-09-22 00:00:00+02:00,8.300000190734863,8.319999694824219,8.260000228881836,8.279999732971191,6996
2023-09-25 00:00:00+02:00,8.199999809265137,8.289999961853027,8.149999618530273,8.210000038146973,17328
2023-09-26 00:00:00+02:00,8.149999618530273,8.220000267028809,8.0600004196167,8.069999694824219,7363
2023-09-27 00:00:00+02:00,8.069999694824219,8.149999618530273,8.069999694824219,8.079999923706055,10128
2023-09-28 00:00:00+02:00,8.079999923706055,8.079999923706055,7.900000095367432,7.900000095367432,34720
2023-09-29 00:00:00+02:00,7.900000095367432,8.149999618530273,7.900000095367432,8.0600004196167,22520
2023-10-02 00:00:00+02:00,8.050000190734863,8.079999923706055,7.900000095367432,7.960000038146973,6079
2023-10-03 00:00:00+02:00,7.920000076293945,8.0,7.909999847412109,7.980000019073486,9550
2023-10-04 00:00:00+02:00,7.980000019073486,8.029999732971191,7.949999809265137,7.960000038146973,7118
2023-10-05 00:00:00+02:00,8.0,8.0,7.949999809265137,7.949999809265137,5433
2023-10-06 00:00:00+02:00,7.949999809265137,7.949999809265137,7.75,7.809999942779541,27043
2023-10-09 00:00:00+02:00,7.789999961853027,7.920000076293945,7.769999980926514,7.800000190734863,13930
2023-10-10 00:00:00+02:00,7.809999942779541,8.140000343322754,7.78000020980835,8.140000343322754,64104
2023-10-11 00:00:00+02:00,8.050000190734863,8.100000381469727,8.039999961853027,8.039999961853027,9333
2023-10-12 00:00:00+02:00,8.100000381469727,8.220000267028809,7.960000038146973,8.199999809265137,13018
2023-10-13 00:00:00+02:00,8.199999809265137,8.550000190734863,8.050000190734863,8.430000305175781,53056
2023-10-16 00:00:00+02:00,8.34000015258789,8.430000305175781,8.149999618530273,8.149999618530273,26253
2023-10-17 00:00:00+02:00,8.210000038146973,8.359999656677246,8.210000038146973,8.359999656677246,18762
2023-10-18 00:00:00+02:00,8.399999618530273,8.59000015258789,8.399999618530273,8.460000038146973,37815
2023-10-19 00:00:00+02:00,8.5,8.5600004196167,8.40999984741211,8.460000038146973,36410
2023-10-20 00:00:00+02:00,8.399999618530273,8.479999542236328,8.260000228881836,8.369999885559082,31176
2023-10-23 00:00:00+02:00,8.369999885559082,8.460000038146973,8.210000038146973,8.300000190734863,8277
2023-10-24 00:00:00+02:00,8.390000343322754,8.449999809265137,8.350000381469727,8.430000305175781,11549
2023-10-25 00:00:00+02:00,8.399999618530273,8.399999618530273,8.220000267028809,8.380000114440918,9240
2023-10-26 00:00:00+02:00,8.380000114440918,8.729999542236328,8.300000190734863,8.710000038146973,42998
2023-10-27 00:00:00+02:00,8.710000038146973,8.779999732971191,8.619999885559082,8.779999732971191,75493
2023-10-30 00:00:00+01:00,8.779999732971191,9.079999923706055,8.720000267028809,8.960000038146973,344798
2023-10-31 00:00:00+01:00,9.029999732971191,9.079999923706055,8.989999771118164,9.0,116410
2023-11-02 00:00:00+01:00,9.039999961853027,9.140000343322754,9.0,9.0,42128
2023-11-03 00:00:00+01:00,9.050000190734863,9.09000015258789,8.75,9.029999732971191,49323
2023-11-06 00:00:00+01:00,9.050000190734863,9.149999618530273,9.050000190734863,9.069999694824219,23407
2023-11-07 00:00:00+01:00,9.100000381469727,9.100000381469727,9.0,9.0600004196167,19705
2023-11-08 00:00:00+01:00,9.050000190734863,9.079999923706055,8.779999732971191,8.949999809265137,26420
2023-11-09 00:00:00+01:00,8.949999809265137,9.020000457763672,8.880000114440918,8.899999618530273,12692
2023-11-10 00:00:00+01:00,8.819999694824219,8.899999618530273,8.529999732971191,8.539999961853027,39276
2023-11-13 00:00:00+01:00,8.539999961853027,8.84000015258789,8.539999961853027,8.649999618530273,22099
2023-11-14 00:00:00+01:00,8.649999618530273,8.859999656677246,8.649999618530273,8.819999694824219,17605
2023-11-15 00:00:00+01:00,8.819999694824219,9.0,8.600000381469727,8.600000381469727,36914
2023-11-16 00:00:00+01:00,9.0600004196167,9.130000114440918,8.819999694824219,8.90999984741211,73975
2023-11-17 00:00:00+01:00,8.930000305175781,8.989999771118164,8.899999618530273,8.960000038146973,10901
2023-11-20 00:00:00+01:00,8.989999771118164,9.199999809265137,8.890000343322754,9.0,372242
2023-11-21 00:00:00+01:00,9.010000228881836,9.520000457763672,8.949999809265137,9.359999656677246,213492
2023-11-22 00:00:00+01:00,9.380000114440918,9.5,8.699999809265137,8.899999618530273,223538
2023-11-23 00:00:00+01:00,8.899999618530273,9.15999984741211,8.899999618530273,9.0600004196167,43956
2023-11-24 00:00:00+01:00,9.140000343322754,9.1899995803833,9.079999923706055,9.170000076293945,18701
2023-11-27 00:00:00+01:00,9.149999618530273,9.260000228881836,9.100000381469727,9.260000228881836,50684
2023-11-28 00:00:00+01:00,9.260000228881836,9.260000228881836,9.220000267028809,9.25,20028
2023-11-29 00:00:00+01:00,9.25,9.300000190734863,9.050000190734863,9.149999618530273,28446
2023-11-30 00:00:00+01:00,9.100000381469727,9.300000190734863,9.100000381469727,9.15999984741211,36826
2023-12-01 00:00:00+01:00,9.260000228881836,9.270000457763672,9.15999984741211,9.220000267028809,27365
2023-12-04 00:00:00+01:00,9.220000267028809,9.40999984741211,9.119999885559082,9.369999885559082,65939
2023-12-05 00:00:00+01:00,9.300000190734863,9.449999809265137,9.300000190734863,9.350000381469727,29159
2023-12-06 00:00:00+01:00,9.479999542236328,9.479999542236328,9.300000190734863,9.369999885559082,44143
2023-12-07 00:00:00+01:00,9.399999618530273,9.449999809265137,9.199999809265137,9.329999923706055,34447
2023-12-08 00:00:00+01:00,9.350000381469727,9.5600004196167,9.329999923706055,9.489999771118164,72416
2023-12-11 00:00:00+01:00,9.489999771118164,9.59000015258789,9.489999771118164,9.550000190734863,23763
2023-12-12 00:00:00+01:00,9.579999923706055,9.739999771118164,9.5,9.5,145118
2023-12-13 00:00:00+01:00,9.5,9.5,9.399999618530273,9.420000076293945,23499
2023-12-14 00:00:00+01:00,9.420000076293945,9.420000076293945,9.270000457763672,9.34000015258789,41603
2023-12-15 00:00:00+01:00,9.34000015258789,9.34000015258789,9.220000267028809,9.300000190734863,57205
2023-12-18 00:00:00+01:00,9.399999618530273,9.489999771118164,9.34000015258789,9.40999984741211,33638
2023-12-19 00:00:00+01:00,9.40999984741211,9.600000381469727,9.34000015258789,9.5,66425
2023-12-20 00:00:00+01:00,9.520000457763672,9.550000190734863,9.399999618530273,9.479999542236328,41154
2023-12-21 00:00:00+01:00,9.4399995803833,9.470000267028809,9.369999885559082,9.470000267028809,23092
2023-12-22 00:00:00+01:00,9.40999984741211,9.59000015258789,9.40999984741211,9.59000015258789,24345
2023-12-27 00:00:00+01:00,9.59000015258789,9.600000381469727,9.449999809265137,9.5,43988
2023-12-28 00:00:00+01:00,9.460000038146973,9.569999694824219,9.4399995803833,9.510000228881836,14187
2023-12-29 00:00:00+01:00,9.5,9.569999694824219,9.399999618530273,9.5,35743
2024-01-02 00:00:00+01:00,9.5,9.699999809265137,9.40999984741211,9.609999656677246,39967
2024-01-03 00:00:00+01:00,9.609999656677246,9.699999809265137,9.600000381469727,9.65999984741211,58924
2024-01-04 00:00:00+01:00,9.699999809265137,9.739999771118164,9.609999656677246,9.720000267028809,46361
2024-01-05 00:00:00+01:00,9.6899995803833,9.729999542236328,8.850000381469727,9.489999771118164,90510
2024-01-08 00:00:00+01:00,9.489999771118164,9.489999771118164,9.25,9.359999656677246,36231
2024-01-09 00:00:00+01:00,9.369999885559082,9.5,9.3100004196167,9.420000076293945,11570
2024-01-10 00:00:00+01:00,9.420000076293945,9.550000190734863,9.399999618530273,9.5,16310
2024-01-11 00:00:00+01:00,9.630000114440918,9.630000114440918,9.40999984741211,9.5,11761
2024-01-12 00:00:00+01:00,9.430000305175781,9.470000267028809,9.369999885559082,9.460000038146973,6791
2024-01-15 00:00:00+01:00,9.359999656677246,9.5,9.289999961853027,9.5,22980
2024-01-16 00:00:00+01:00,9.5,9.5,9.300000190734863,9.420000076293945,14346
2024-01-17 00:00:00+01:00,9.34000015258789,9.390000343322754,8.90999984741211,9.1899995803833,66609
2024-01-18 00:00:00+01:00,9.180000305175781,9.300000190734863,9.069999694824219,9.199999809265137,12661
2024-01-19 00:00:00+01:00,9.100000381469727,9.390000343322754,9.100000381469727,9.380000114440918,18650
2024-01-22 00:00:00+01:00,9.380000114440918,9.380000114440918,9.199999809265137,9.329999923706055,11680
2024-01-23 00:00:00+01:00,9.210000038146973,9.329999923706055,9.1899995803833,9.279999732971191,12686
2024-01-24 00:00:00+01:00,9.279999732971191,9.399999618530273,9.239999771118164,9.399999618530273,78889
2024-01-25 00:00:00+01:00,9.329999923706055,9.390000343322754,9.260000228881836,9.270000457763672,7694
2024-01-26 00:00:00+01:00,9.260000228881836,9.319999694824219,9.25,9.3100004196167,3224
2024-01-29 00:00:00+01:00,9.3100004196167,9.390000343322754,9.220000267028809,9.390000343322754,18771
2024-01-30 00:00:00+01:00,9.350000381469727,9.390000343322754,9.260000228881836,9.289999961853027,16416
2024-01-31 00:00:00+01:00,9.329999923706055,9.369999885559082,9.260000228881836,9.300000190734863,8972
2024-02-01 00:00:00+01:00,9.300000190734863,9.550000190734863,9.289999961853027,9.390000343322754,72254
2024-02-02 00:00:00+01:00,9.4399995803833,9.600000381469727,9.4399995803833,9.600000381469727,65467
2024-02-05 00:00:00+01:00,9.600000381469727,9.880000114440918,9.600000381469727,9.699999809265137,77193
2024-02-06 00:00:00+01:00,9.699999809265137,9.800000190734863,9.600000381469727,9.739999771118164,29069
2024-02-07 00:00:00+01:00,9.75,9.800000190734863,9.430000305175781,9.649999618530273,116786
2024-02-08 00:00:00+01:00,9.649999618530273,9.649999618530273,9.300000190734863,9.479999542236328,57192
2024-02-09 00:00:00+01:00,9.479999542236328,9.529999732971191,9.380000114440918,9.460000038146973,16085
2024-02-12 00:00:00+01:00,9.569999694824219,9.579999923706055,9.399999618530273,9.550000190734863,16637
2024-02-13 00:00:00+01:00,9.550000190734863,9.550000190734863,9.350000381469727,9.350000381469727,14095
2024-02-14 00:00:00+01:00,9.350000381469727,9.550000190734863,9.34000015258789,9.550000190734863,5659
2024-02-15 00:00:00+01:00,9.5,9.579999923706055,9.380000114440918,9.430000305175781,16994
2024-02-16 00:00:00+01:00,9.430000305175781,9.5,9.399999618530273,9.479999542236328,13935
2024-02-19 00:00:00+01:00,9.4399995803833,9.470000267028809,9.3100004196167,9.4399995803833,24230
2024-02-20 00:00:00+01:00,9.4399995803833,9.479999542236328,9.039999961853027,9.350000381469727,94774
2024-02-21 00:00:00+01:00,9.300000190734863,9.359999656677246,9.270000457763672,9.329999923706055,12334
2024-02-22 00:00:00+01:00,9.300000190734863,9.359999656677246,9.100000381469727,9.119999885559082,28433
2024-02-23 00:00:00+01:00,9.15999984741211,9.350000381469727,9.100000381469727,9.119999885559082,35003
2024-02-26 00:00:00+01:00,9.100000381469727,9.1899995803833,9.039999961853027,9.039999961853027,18415
2024-02-27 00:00:00+01:00,9.039999961853027,9.079999923706055,8.630000114440918,8.890000343322754,76485
2024-02-28 00:00:00+01:00,8.789999961853027,8.850000381469727,8.420000076293945,8.479999542236328,79845
2024-02-29 00:00:00+01:00,8.479999542236328,8.75,8.479999542236328,8.609999656677246,55885
2024-03-01 00:00:00+01:00,8.619999885559082,8.819999694824219,8.600000381469727,8.75,19384
2024-03-04 00:00:00+01:00,8.789999961853027,8.789999961853027,8.609999656677246,8.649999618530273,26727
2024-03-05 00:00:00+01:00,8.699999809265137,8.789999961853027,8.279999732971191,8.399999618530273,43176
2024-03-06 00:00:00+01:00,8.380000114440918,8.479999542236328,8.25,8.289999961853027,28192
2024-03-07 00:00:00+01:00,8.289999961853027,8.329999923706055,8.25,8.319999694824219,17866
2024-03-08 00:00:00+01:00,8.319999694824219,8.479999542236328,8.239999771118164,8.380000114440918,16993
2024-03-11 00:00:00+01:00,8.380000114440918,8.489999771118164,8.260000228881836,8.260000228881836,10986
2024-03-12 00:00:00+01:00,8.25,8.279999732971191,8.15999984741211,8.199999809265137,30520
2024-03-13 00:00:00+01:00,8.199999809265137,8.270000457763672,8.020000457763672,8.100000381469727,42038
2024-03-14 00:00:00+01:00,8.100000381469727,8.229999542236328,8.100000381469727,8.109999656677246,27767
2024-03-15 00:00:00+01:00,8.199999809265137,8.199999809265137,7.920000076293945,8.079999923706055,27157
2024-03-18 00:00:00+01:00,8.079999923706055,8.140000343322754,7.800000190734863,7.869999885559082,41887
2024-03-19 00:00:00+01:00,7.900000095367432,8.079999923706055,7.809999942779541,8.0,139374
2024-03-20 00:00:00+01:00,8.069999694824219,8.100000381469727,7.96999979019165,7.980000019073486,16217
2024-03-21 00:00:00+01:00,8.079999923706055,8.270000457763672,7.980000019073486,8.220000267028809,37271
2024-03-22 00:00:00+01:00,8.220000267028809,8.329999923706055,8.100000381469727,8.170000076293945,30457
2024-03-25 00:00:00+01:00,8.149999618530273,8.239999771118164,7.980000019073486,7.980000019073486,20322
2024-03-26 00:00:00+01:00,7.980000019073486,8.100000381469727,7.96999979019165,8.0,8589
2024-03-27 00:00:00+01:00,8.0,8.180000305175781,7.949999809265137,8.149999618530273,8266
2024-03-28 00:00:00+01:00,8.149999618530273,8.199999809265137,8.050000190734863,8.130000114440918,16191
2024-04-02 00:00:00+02:00,8.130000114440918,8.279999732971191,8.029999732971191,8.279999732971191,17249
2024-04-03 00:00:00+02:00,8.270000457763672,8.34000015258789,8.170000076293945,8.3100004196167,11176
2024-04-04 00:00:00+02:00,8.34000015258789,8.479999542236328,8.34000015258789,8.359999656677246,23479
2024-04-05 00:00:00+02:00,8.4399995803833,8.4399995803833,8.199999809265137,8.25,10602
2024-04-08 00:00:00+02:00,8.390000343322754,8.600000381469727,8.350000381469727,8.600000381469727,16930
2024-04-09 00:00:00+02:00,8.649999618530273,8.960000038146973,8.649999618530273,8.9399995803833,70755
2024-04-10 00:00:00+02:00,8.970000267028809,8.979999542236328,8.449999809265137,8.729999542236328,27433
2024-04-11 00:00:00+02:00,8.699999809265137,9.0,8.630000114440918,8.6899995803833,17295
2024-04-12 00:00:00+02:00,8.739999771118164,8.75,8.40999984741211,8.4399995803833,12249
2024-04-15 00:00:00+02:00,8.4399995803833,8.4399995803833,8.100000381469727,8.220000267028809,46583
2024-04-16 00:00:00+02:00,8.260000228881836,8.359999656677246,8.109999656677246,8.109999656677246,13416
2024-04-17 00:00:00+02:00,8.119999885559082,8.239999771118164,8.020000457763672,8.100000381469727,23058
2024-04-18 00:00:00+02:00,8.140000343322754,8.180000305175781,7.900000095367432,7.989999771118164,609946
2024-04-19 00:00:00+02:00,8.020000457763672,8.079999923706055,7.920000076293945,8.079999923706055,20653
2024-04-22 00:00:00+02:00,8.079999923706055,8.079999923706055,7.960000038146973,8.0,14988
2024-04-23 00:00:00+02:00,8.050000190734863,8.050000190734863,7.869999885559082,7.929999828338623,40336
2024-04-24 00:00:00+02:00,7.980000019073486,7.980000019073486,7.800000190734863,7.849999904632568,54132
2024-04-25 00:00:00+02:00,7.889999866485596,7.900000095367432,7.699999809265137,7.800000190734863,69011
2024-04-26 00:00:00+02:00,7.900000095367432,7.900000095367432,7.809999942779541,7.860000133514404,24947
2024-04-29 00:00:00+02:00,7.880000114440918,7.920000076293945,7.880000114440918,7.889999866485596,21669
2024-04-30 00:00:00+02:00,7.929999828338623,7.940000057220459,7.800000190734863,7.800000190734863,11624
2024-05-02 00:00:00+02:00,7.760000228881836,7.900000095367432,7.760000228881836,7.78000020980835,8884
2024-05-06 00:00:00+02:00,7.769999980926514,7.840000152587891,7.710000038146973,7.829999923706055,21965
2024-05-07 00:00:00+02:00,7.840000152587891,7.909999847412109,7.840000152587891,7.849999904632568,35128
2024-05-08 00:00:00+02:00,7.909999847412109,7.909999847412109,7.860000133514404,7.880000114440918,6897
2024-05-09 00:00:00+02:00,7.909999847412109,7.909999847412109,7.820000171661377,7.889999866485596,26357
2024-05-10 00:00:00+02:00,7.900000095367432,7.900000095367432,7.849999904632568,7.880000114440918,36145
2024-05-13 00:00:00+02:00,7.840000152587891,8.119999885559082,7.809999942779541,8.020000457763672,52808
2024-05-14 00:00:00+02:00,8.199999809265137,8.390000343322754,8.069999694824219,8.25,43289
2024-05-15 00:00:00+02:00,8.25,8.369999885559082,8.100000381469727,8.279999732971191,31234
2024-05-16 00:00:00+02:00,8.289999961853027,8.489999771118164,8.149999618530273,8.329999923706055,53605
2024-05-17 00:00:00+02:00,8.319999694824219,8.319999694824219,8.100000381469727,8.15999984741211,20853
2024-05-20 00:00:00+02:00,7.949999809265137,8.380000114440918,7.900000095367432,8.289999961853027,44416
2024-05-21 00:00:00+02:00,8.170000076293945,8.279999732971191,8.130000114440918,8.1899995803833,9195
2024-05-22 00:00:00+02:00,8.1899995803833,8.199999809265137,8.100000381469727,8.119999885559082,7764
2024-05-23 00:00:00+02:00,8.199999809265137,8.270000457763672,8.100000381469727,8.140000343322754,25966
2024-05-24 00:00:00+02:00,8.170000076293945,8.170000076293945,7.989999771118164,8.029999732971191,30862
2024-05-27 00:00:00+02:00,8.0,8.0,7.909999847412109,7.949999809265137,32939
2024-05-28 00:00:00+02:00,7.960000038146973,8.109999656677246,7.949999809265137,8.0600004196167,4795
2024-05-29 00:00:00+02:00,7.710000038146973,8.140000343322754,7.539999961853027,7.880000114440918,136459
2024-05-31 00:00:00+02:00,7.849999904632568,7.880000114440918,7.619999885559082,7.639999866485596,39816
2024-06-03 00:00:00+02:00,7.599999904632568,7.599999904632568,7.420000076293945,7.449999809265137,125891
2024-06-04 00:00:00+02:00,7.449999809265137,7.5,7.400000095367432,7.440000057220459,42913
2024-06-05 00:00:00+02:00,7.429999828338623,7.460000038146973,7.369999885559082,7.369999885559082,57013
2024-06-06 00:00:00+02:00,7.369999885559082,7.5,7.349999904632568,7.380000114440918,30012
2024-06-07 00:00:00+02:00,7.449999809265137,7.480000019073486,7.349999904632568,7.400000095367432,13662
2024-06-10 00:00:00+02:00,7.409999847412109,7.480000019073486,7.320000171661377,7.329999923706055,32084
2024-06-11 00:00:00+02:00,7.360000133514404,7.449999809265137,7.28000020980835,7.309999942779541,64581
2024-06-12 00:00:00+02:00,7.369999885559082,7.369999885559082,7.139999866485596,7.190000057220459,65082
2024-06-13 00:00:00+02:00,7.190000057220459,7.25,6.960000038146973,6.96999979019165,79850
2024-06-14 00:00:00+02:00,7.0,7.0,6.610000133514404,6.869999885559082,108589
2024-06-17 00:00:00+02:00,6.900000095367432,7.0,6.900000095367432,7.0,76841
2024-06-18 00:00:00+02:00,7.079999923706055,7.130000114440918,7.0,7.090000152587891,36912
2024-06-19 00:00:00+02:00,7.090000152587891,7.099999904632568,6.989999771118164,7.059999942779541,23960
2024-06-20 00:00:00+02:00,7.070000171661377,7.079999923706055,6.949999809265137,6.949999809265137,22110
2024-06-21 00:00:00+02:00,7.0,7.070000171661377,6.949999809265137,7.070000171661377,23763
2024-06-24 00:00:00+02:00,7.070000171661377,7.070000171661377,6.960000038146973,7.059999942779541,39910
2024-06-25 00:00:00+02:00,7.059999942779541,7.059999942779541,6.960000038146973,7.0,13788
2024-06-26 00:00:00+02:00,7.0,7.070000171661377,6.949999809265137,7.03000020980835,21925
2024-06-27 00:00:00+02:00,7.03000020980835,7.03000020980835,6.960000038146973,7.0,9543
2024-06-28 00:00:00+02:00,7.0,7.039999961853027,6.949999809265137,6.980000019073486,25387
2024-07-01 00:00:00+02:00,7.099999904632568,7.260000228881836,7.039999961853027,7.099999904632568,14832
2024-07-02 00:00:00+02:00,7.090000152587891,7.099999904632568,6.980000019073486,6.989999771118164,31014
2024-07-03 00:00:00+02:00,7.050000190734863,7.050000190734863,6.960000038146973,7.010000228881836,35168
2024-07-04 00:00:00+02:00,7.039999961853027,7.050000190734863,6.980000019073486,6.989999771118164,16888
2024-07-05 00:00:00+02:00,7.0,7.050000190734863,6.949999809265137,6.949999809265137,21220
2024-07-08 00:00:00+02:00,7.0,7.0,6.900000095367432,6.900000095367432,40790
2024-07-09 00:00:00+02:00,6.949999809265137,6.949999809265137,6.800000190734863,6.860000133514404,41429
2024-07-10 00:00:00+02:00,6.900000095367432,7.0,6.800000190734863,6.860000133514404,7524
2024-07-11 00:00:00+02:00,6.860000133514404,6.900000095367432,6.789999961853027,6.789999961853027,22858
2024-07-12 00:00:00+02:00,6.800000190734863,6.840000152587891,6.769999980926514,6.769999980926514,23461
2024-07-15 00:00:00+02:00,7.0,7.0,6.78000020980835,6.789999961853027,28449
2024-07-16 00:00:00+02:00,6.840000152587891,6.840000152587891,6.710000038146973,6.739999771118164,42308
2024-07-17 00:00:00+02:00,6.800000190734863,6.800000190734863,6.679999828338623,6.690000057220459,33599
2024-07-18 00:00:00+02:00,6.699999809265137,6.769999980926514,6.670000076293945,6.679999828338623,27776
2024-07-19 00:00:00+02:00,6.679999828338623,6.75,6.679999828338623,6.730000019073486,11798
2024-07-22 00:00:00+02:00,6.769999980926514,6.820000171661377,6.559999942779541,6.639999866485596,55971
2024-07-23 00:00:00+02:00,6.639999866485596,6.659999847412109,6.5,6.550000190734863,38816
2024-07-24 00:00:00+02:00,6.619999885559082,6.650000095367432,6.429999828338623,6.480000019073486,29540
2024-07-25 00:00:00+02:00,6.409999847412109,6.480000019073486,6.329999923706055,6.400000095367432,37427
2024-07-26 00:00:00+02:00,6.440000057220459,6.789999961853027,6.440000057220459,6.639999866485596,58458
2024-07-29 00:00:00+02:00,6.739999771118164,6.880000114440918,6.570000171661377,6.590000152587891,91783
2024-07-30 00:00:00+02:00,6.599999904632568,6.599999904632568,6.559999942779541,6.559999942779541,18935
2024-07-31 00:00:00+02:00,6.599999904632568,6.78000020980835,6.599999904632568,6.670000076293945,16175
2024-08-01 00:00:00+02:00,6.71999979019165,6.769999980926514,6.670000076293945,6.670000076293945,11272
2024-08-02 00:00:00+02:00,6.71999979019165,6.71999979019165,6.510000228881836,6.610000133514404,41042
2024-08-05 00:00:00+02:00,6.510000228881836,6.610000133514404,6.110000133514404,6.429999828338623,101910
2024-08-06 00:00:00+02:00,6.400000095367432,6.579999923706055,6.400000095367432,6.449999809265137,16397
2024-08-07 00:00:00+02:00,6.449999809265137,6.579999923706055,6.349999904632568,6.5,26007
2024-08-08 00:00:00+02:00,6.46999979019165,6.78000020980835,6.380000114440918,6.5,20995
2024-08-09 00:00:00+02:00,6.619999885559082,6.75,6.53000020980835,6.599999904632568,41421
2024-08-12 00:00:00+02:00,6.619999885559082,6.619999885559082,6.449999809265137,6.510000228881836,16141
2024-08-13 00:00:00+02:00,6.510000228881836,6.559999942779541,6.420000076293945,6.420000076293945,27670
2024-08-14 00:00:00+02:00,6.519999980926514,6.519999980926514,6.400000095367432,6.420000076293945,15140
2024-08-16 00:00:00+02:00,6.579999923706055,6.789999961853027,6.5,6.699999809265137,31906
2024-08-19 00:00:00+02:00,6.699999809265137,6.699999809265137,6.46999979019165,6.5,45596
2024-08-20 00:00:00+02:00,6.5,6.5,6.440000057220459,6.449999809265137,19064
2024-08-21 00:00:00+02:00,6.440000057220459,6.5,6.28000020980835,6.440000057220459,68641
2024-08-22 00:00:00+02:00,6.400000095367432,6.429999828338623,6.25,6.269999980926514,41458
2024-08-23 00:00:00+02:00,6.300000190734863,6.449999809265137,6.269999980926514,6.409999847412109,15085
2024-08-26 00:00:00+02:00,6.409999847412109,6.409999847412109,6.300000190734863,6.300000190734863,22763
2024-08-27 00:00:00+02:00,6.300000190734863,6.480000019073486,6.300000190734863,6.389999866485596,44655
2024-08-28 00:00:00+02:00,6.440000057220459,6.480000019073486,6.389999866485596,6.460000038146973,30890
2024-08-29 00:00:00+02:00,6.449999809265137,6.510000228881836,6.429999828338623,6.510000228881836,5150
2024-08-30 00:00:00+02:00,6.5,6.590000152587891,6.5,6.559999942779541,7501
2024-09-02 00:00:00+02:00,6.550000190734863,6.730000019073486,6.46999979019165,6.650000095367432,141171
2024-09-03 00:00:00+02:00,6.820000171661377,7.050000190734863,6.71999979019165,6.920000076293945,158738
2024-09-04 00:00:00+02:00,7.0,7.03000020980835,6.809999942779541,6.860000133514404,51710
2024-09-05 00:00:00+02:00,6.949999809265137,7.300000190734863,6.900000095367432,6.909999847412109,109608
2024-09-06 00:00:00+02:00,6.909999847412109,6.949999809265137,6.820000171661377,6.900000095367432,21411
2024-09-09 00:00:00+02:00,6.800000190734863,6.820000171661377,6.510000228881836,6.559999942779541,72477
2024-09-10 00:00:00+02:00,6.5,6.639999866485596,6.25,6.300000190734863,71263
2024-09-11 00:00:00+02:00,6.349999904632568,6.360000133514404,6.239999771118164,6.300000190734863,35285
2024-09-12 00:00:00+02:00,6.360000133514404,6.579999923706055,6.25,6.579999923706055,29139
2024-09-13 00:00:00+02:00,6.5,6.599999904632568,6.409999847412109,6.489999771118164,12851
2024-09-16 00:00:00+02:00,6.320000171661377,6.53000020980835,6.320000171661377,6.460000038146973,9221
2024-09-17 00:00:00+02:00,6.449999809265137,6.460000038146973,6.309999942779541,6.380000114440918,15293
2024-09-18 00:00:00+02:00,6.429999828338623,6.559999942779541,6.380000114440918,6.489999771118164,39443
2024-09-19 00:00:00+02:00,6.519999980926514,6.539999961853027,6.309999942779541,6.539999961853027,18949
2024-09-20 00:00:00+02:00,6.539999961853027,6.559999942779541,6.460000038146973,6.510000228881836,3359
2024-09-23 00:00:00+02:00,6.559999942779541,6.559999942779541,6.320000171661377,6.320000171661377,14632
2024-09-24 00:00:00+02:00,6.389999866485596,6.46999979019165,6.309999942779541,6.329999923706055,60164
2024-09-25 00:00:00+02:00,6.329999923706055,6.550000190734863,6.309999942779541,6.449999809265137,18332
2024-09-26 00:00:00+02:00,6.320000171661377,6.329999923706055,6.119999885559082,6.320000171661377,96795
2024-09-27 00:00:00+02:00,6.489999771118164,6.599999904632568,6.340000152587891,6.460000038146973,44371
2024-09-30 00:00:00+02:00,6.449999809265137,6.449999809265137,6.320000171661377,6.400000095367432,36659
2024-10-01 00:00:00+02:00,6.300000190734863,6.380000114440918,6.25,6.300000190734863,14280
2024-10-02 00:00:00+02:00,6.289999961853027,6.329999923706055,6.28000020980835,6.300000190734863,14653
2024-10-03 00:00:00+02:00,6.329999923706055,6.369999885559082,6.25,6.289999961853027,29217
2024-10-04 00:00:00+02:00,6.28000020980835,6.300000190734863,6.199999809265137,6.25,35485
2024-10-07 00:00:00+02:00,6.25,6.28000020980835,6.150000095367432,6.150000095367432,14457
2024-10-08 00:00:00+02:00,6.150000095367432,6.179999828338623,6.0,6.090000152587891,35840
2024-10-09 00:00:00+02:00,6.090000152587891,6.239999771118164,6.090000152587891,6.21999979019165,7718
2024-10-10 00:00:00+02:00,6.21999979019165,6.260000228881836,6.110000133514404,6.190000057220459,4565
2024-10-11 00:00:00+02:00,6.210000038146973,6.260000228881836,6.150000095367432,6.150000095367432,15163
2024-10-14 00:00:00+02:00,6.150000095367432,6.28000020980835,6.090000152587891,6.210000038146973,13492
2024-10-15 00:00:00+02:00,6.139999866485596,6.28000020980835,6.110000133514404,6.28000020980835,18173
2024-10-16 00:00:00+02:00,6.25,6.25,6.099999904632568,6.199999809265137,25927
2024-10-17 00:00:00+02:00,6.110000133514404,6.289999961853027,6.099999904632568,6.28000020980835,41280
2024-10-18 00:00:00+02:00,6.21999979019165,6.320000171661377,6.159999847412109,6.199999809265137,6064
2024-10-21 00:00:00+02:00,6.380000114440918,6.380000114440918,6.199999809265137,6.199999809265137,13171
2024-10-22 00:00:00+02:00,6.25,6.25,6.159999847412109,6.25,4959
2024-10-23 00:00:00+02:00,6.25,6.25,6.119999885559082,6.139999866485596,14688
2024-10-24 00:00:00+02:00,6.21999979019165,6.21999979019165,6.150000095367432,6.159999847412109,5371
2024-10-25 00:00:00+02:00,6.130000114440918,6.199999809265137,6.019999980926514,6.050000190734863,30102
2024-10-28 00:00:00+01:00,6.050000190734863,6.090000152587891,5.989999771118164,6.0,29562
2024-10-29 00:00:00+01:00,6.0,6.03000020980835,5.949999809265137,6.0,34470
2024-10-30 00:00:00+01:00,6.0,6.0,5.710000038146973,5.789999961853027,40358
2024-10-31 00:00:00+01:00,5.849999904632568,5.849999904632568,5.730000019073486,5.849999904632568,47674
2024-11-04 00:00:00+01:00,5.849999904632568,5.849999904632568,5.610000133514404,5.670000076293945,38819
2024-11-05 00:00:00+01:00,5.650000095367432,5.789999961853027,5.610000133514404,5.699999809265137,7096
2024-11-06 00:00:00+01:00,5.619999885559082,5.78000020980835,5.599999904632568,5.599999904632568,34367
2024-11-07 00:00:00+01:00,5.659999847412109,5.730000019073486,5.650000095367432,5.699999809265137,10902
2024-11-08 00:00:00+01:00,5.769999980926514,5.889999866485596,5.699999809265137,5.800000190734863,12873
2024-11-12 00:00:00+01:00,5.849999904632568,5.900000095367432,5.820000171661377,5.880000114440918,7846
2024-11-13 00:00:00+01:00,5.96999979019165,6.119999885559082,5.849999904632568,5.889999866485596,17034
2024-11-14 00:00:00+01:00,5.889999866485596,5.889999866485596,5.599999904632568,5.800000190734863,28349
2024-11-15 00:00:00+01:00,5.699999809265137,5.739999771118164,5.619999885559082,5.619999885559082,22683
2024-11-18 00:00:00+01:00,5.619999885559082,5.650000095367432,5.519999980926514,5.539999961853027,31136
2024-11-19 00:00:00+01:00,5.53000020980835,5.539999961853027,5.449999809265137,5.5,22351
2024-11-20 00:00:00+01:00,5.5,5.539999961853027,5.5,5.53000020980835,19401
2024-11-21 00:00:00+01:00,5.53000020980835,5.539999961853027,5.400000095367432,5.400000095367432,27850
2024-11-22 00:00:00+01:00,5.449999809265137,5.480000019073486,5.400000095367432,5.46999979019165,16022
2024-11-25 00:00:00+01:00,5.46999979019165,5.480000019073486,5.329999923706055,5.460000038146973,44445
2024-11-26 00:00:00+01:00,5.460000038146973,5.75,5.449999809265137,5.690000057220459,39241
2024-11-27 00:00:00+01:00,5.510000228881836,5.550000190734863,5.449999809265137,5.53000020980835,33092
2024-11-28 00:00:00+01:00,5.489999771118164,5.630000114440918,5.46999979019165,5.599999904632568,16157
2024-11-29 00:00:00+01:00,5.599999904632568,5.599999904632568,5.449999809265137,5.480000019073486,20142
2024-12-02 00:00:00+01:00,5.409999847412109,5.550000190734863,5.409999847412109,5.449999809265137,12149
2024-12-03 00:00:00+01:00,5.46999979019165,5.46999979019165,5.409999847412109,5.46999979019165,8592
2024-12-04 00:00:00+01:00,5.420000076293945,5.46999979019165,5.400000095367432,5.420000076293945,21430
2024-12-05 00:00:00+01:00,5.420000076293945,5.460000038146973,5.340000152587891,5.460000038146973,72583
2024-12-06 00:00:00+01:00,5.460000038146973,5.460000038146973,5.400000095367432,5.449999809265137,27657
2024-12-09 00:00:00+01:00,5.400000095367432,5.449999809265137,5.380000114440918,5.429999828338623,17206
2024-12-10 00:00:00+01:00,5.429999828338623,5.440000057220459,5.349999904632568,5.369999885559082,27654
2024-12-11 00:00:00+01:00,5.369999885559082,5.400000095367432,5.309999942779541,5.349999904632568,26563
2024-12-12 00:00:00+01:00,5.309999942779541,5.400000095367432,5.25,5.300000190734863,73670
2024-12-13 00:00:00+01:00,5.300000190734863,5.329999923706055,5.210000038146973,5.260000228881836,31731
2024-12-16 00:00:00+01:00,5.199999809265137,5.21999979019165,5.010000228881836,5.079999923706055,56766
2024-12-17 00:00:00+01:00,5.059999942779541,5.099999904632568,4.980000019073486,5.0,84982
2024-12-18 00:00:00+01:00,4.980000019073486,4.980000019073486,4.860000133514404,4.909999847412109,53627
2024-12-19 00:00:00+01:00,4.900000095367432,5.0,4.900000095367432,4.909999847412109,289190
2024-12-20 00:00:00+01:00,4.84499979019165,4.949999809265137,4.840000152587891,4.869999885559082,155954
2024-12-23 00:00:00+01:00,4.869999885559082,4.869999885559082,4.605000019073486,4.625,249321
2024-12-27 00:00:00+01:00,4.625,4.715000152587891,4.599999904632568,4.715000152587891,22224
2024-12-30 00:00:00+01:00,4.71999979019165,4.71999979019165,4.590000152587891,4.659999847412109,54080
2025-01-02 00:00:00+01:00,4.679999828338623,5.199999809265137,4.679999828338623,5.199999809265137,53082
2025-01-03 00:00:00+01:00,5.199999809265137,5.28000020980835,5.059999942779541,5.190000057220459,32584
2025-01-07 00:00:00+01:00,5.199999809265137,5.429999828338623,5.190000057220459,5.400000095367432,36874
2025-01-08 00:00:00+01:00,5.400000095367432,5.599999904632568,5.309999942779541,5.53000020980835,37956
2025-01-09 00:00:00+01:00,5.570000171661377,5.650000095367432,5.53000020980835,5.590000152587891,26175
2025-01-10 00:00:00+01:00,5.590000152587891,5.650000095367432,5.400000095367432,5.550000190734863,37366
2025-01-13 00:00:00+01:00,5.550000190734863,5.599999904632568,5.409999847412109,5.449999809265137,13383
2025-01-14 00:00:00+01:00,5.449999809265137,5.449999809265137,5.300000190734863,5.380000114440918,25170
2025-01-15 00:00:00+01:00,5.329999923706055,5.440000057220459,5.320000171661377,5.429999828338623,7785
2025-01-16 00:00:00+01:00,5.460000038146973,5.460000038146973,5.099999904632568,5.360000133514404,9635
2025-01-17 00:00:00+01:00,5.289999961853027,5.300000190734863,5.199999809265137,5.28000020980835,8165
2025-01-20 00:00:00+01:00,5.369999885559082,5.5,5.309999942779541,5.389999866485596,27081
2025-01-21 00:00:00+01:00,5.460000038146973,5.460000038146973,5.380000114440918,5.400000095367432,3340
2025-01-22 00:00:00+01:00,5.5,5.5,5.400000095367432,5.449999809265137,46169
2025-01-23 00:00:00+01:00,5.5,5.570000171661377,5.5,5.53000020980835,14484
2025-01-24 00:00:00+01:00,5.550000190734863,5.650000095367432,5.510000228881836,5.559999942779541,18611
2025-01-27 00:00:00+01:00,5.559999942779541,5.650000095367432,5.449999809265137,5.650000095367432,13656
2025-01-28 00:00:00+01:00,5.650000095367432,6.079999923706055,5.599999904632568,6.03000020980835,52843
2025-01-29 00:00:00+01:00,6.03000020980835,6.03000020980835,5.800000190734863,6.0,25964
2025-01-30 00:00:00+01:00,6.0,6.010000228881836,5.920000076293945,6.0,17122
2025-01-31 00:00:00+01:00,5.980000019073486,5.989999771118164,5.849999904632568,5.900000095367432,12978
2025-02-03 00:00:00+01:00,5.900000095367432,5.949999809265137,5.800000190734863,5.949999809265137,6864
2025-02-04 00:00:00+01:00,5.949999809265137,5.949999809265137,5.860000133514404,5.949999809265137,8973
2025-02-05 00:00:00+01:00,5.960000038146973,6.0,5.900000095367432,5.96999979019165,15359
2025-02-06 00:00:00+01:00,6.0,6.050000190734863,5.840000152587891,5.96999979019165,40483
2025-02-07 00:00:00+01:00,5.929999828338623,6.0,5.820000171661377,5.869999885559082,21099
2025-02-10 00:00:00+01:00,5.900000095367432,6.070000171661377,5.900000095367432,6.03000020980835,27518
2025-02-11 00:00:00+01:00,6.0,6.050000190734863,5.989999771118164,6.050000190734863,11848
2025-02-12 00:00:00+01:00,6.050000190734863,6.050000190734863,5.900000095367432,6.019999980926514,11292
2025-02-13 00:00:00+01:00,6.03000020980835,6.03000020980835,5.909999847412109,6.0,13523
2025-02-14 00:00:00+01:00,6.0,6.019999980926514,5.929999828338623,6.0,11847
2025-02-17 00:00:00+01:00,6.0,6.039999961853027,5.949999809265137,6.0,19057
2025-02-18 00:00:00+01:00,6.019999980926514,6.019999980926514,5.929999828338623,5.949999809265137,27281
2025-02-19 00:00:00+01:00,5.900000095367432,5.949999809265137,5.869999885559082,5.949999809265137,37734
2025-02-20 00:00:00+01:00,5.900000095367432,5.949999809265137,5.889999866485596,5.949999809265137,17341
2025-02-21 00:00:00+01:00,5.869999885559082,5.900000095367432,5.610000133514404,5.679999828338623,64508
2025-02-24 00:00:00+01:00,5.630000114440918,5.659999847412109,5.449999809265137,5.510000228881836,32447
2025-02-25 00:00:00+01:00,5.510000228881836,5.510000228881836,5.25,5.46999979019165,60062
2025-02-26 00:00:00+01:00,5.5,5.900000095367432,5.5,5.860000133514404,60242
2025-02-27 00:00:00+01:00,5.860000133514404,5.960000038146973,5.699999809265137,5.889999866485596,52264
2025-02-28 00:00:00+01:00,5.800000190734863,5.989999771118164,5.739999771118164,5.96999979019165,23893
2025-03-03 00:00:00+01:00,5.949999809265137,6.0,5.800000190734863,5.949999809265137,37534
2025-03-04 00:00:00+01:00,6.0,6.0,5.699999809265137,5.820000171661377,25246
2025-03-05 00:00:00+01:00,5.980000019073486,6.269999980926514,5.920000076293945,6.010000228881836,134373
2025-03-06 00:00:00+01:00,6.099999904632568,6.170000076293945,5.880000114440918,6.0,66505
2025-03-07 00:00:00+01:00,6.0,6.0,5.800000190734863,5.889999866485596,18393
2025-03-10 00:00:00+01:00,5.949999809265137,5.980000019073486,5.860000133514404,5.96999979019165,9266
2025-03-11 00:00:00+01:00,5.980000019073486,5.980000019073486,5.869999885559082,5.96999979019165,11365
2025-03-12 00:00:00+01:00,5.980000019073486,6.0,5.900000095367432,6.0,15127
2025-03-13 00:00:00+01:00,6.0,6.050000190734863,5.96999979019165,6.019999980926514,18912
2025-03-14 00:00:00+01:00,6.010000228881836,6.099999904632568,5.949999809265137,6.039999961853027,32509
2025-03-17 00:00:00+01:00,6.050000190734863,6.119999885559082,6.019999980926514,6.070000171661377,26253
2025-03-18 00:00:00+01:00,6.059999942779541,6.150000095367432,6.039999961853027,6.079999923706055,51520
2025-03-19 00:00:00+01:00,6.079999923706055,6.079999923706055,5.949999809265137,6.0,19986
2025-03-20 00:00:00+01:00,6.0,6.0,5.849999904632568,5.849999904632568,42622
2025-03-21 00:00:00+01:00,5.900000095367432,5.96999979019165,5.829999923706055,5.929999828338623,9272
2025-03-24 00:00:00+01:00,5.940000057220459,5.96999979019165,5.900000095367432,5.960000038146973,11335
2025-03-25 00:00:00+01:00,5.960000038146973,5.960000038146973,5.849999904632568,5.929999828338623,17834
2025-03-26 00:00:00+01:00,5.929999828338623,5.980000019073486,5.860000133514404,5.900000095367432,4083
2025-03-27 00:00:00+01:00,5.900000095367432,5.949999809265137,5.849999904632568,5.949999809265137,9200
2025-03-28 00:00:00+01:00,5.900000095367432,6.070000171661377,5.840000152587891,6.070000171661377,118375
2025-03-31 00:00:00+02:00,6.340000152587891,7.0,6.25,6.369999885559082,616152
2025-04-01 00:00:00+02:00,6.5,6.599999904632568,6.25,6.420000076293945,122635
2025-04-02 00:00:00+02:00,6.420000076293945,6.420000076293945,5.860000133514404,5.989999771118164,239486
2025-04-03 00:00:00+02:00,5.96999979019165,6.130000114440918,5.900000095367432,6.0,68090
2025-04-04 00:00:00+02:00,6.0,6.0,5.510000228881836,5.699999809265137,152194
2025-04-07 00:00:00+02:00,5.679999828338623,5.690000057220459,5.260000228881836,5.599999904632568,115181
2025-04-08 00:00:00+02:00,5.599999904632568,5.800000190734863,5.599999904632568,5.690000057220459,45587
2025-04-09 00:00:00+02:00,5.670000076293945,5.699999809265137,5.539999961853027,5.599999904632568,28692
2025-04-10 00:00:00+02:00,5.800000190734863,5.960000038146973,5.699999809265137,5.789999961853027,55675
2025-04-11 00:00:00+02:00,5.800000190734863,6.0,5.75,5.820000171661377,76754
2025-04-14 00:00:00+02:00,5.960000038146973,6.059999942779541,5.840000152587891,6.0,64676
2025-04-15 00:00:00+02:00,6.0,6.0,5.860000133514404,5.889999866485596,30515
2025-04-16 00:00:00+02:00,5.869999885559082,6.0,5.849999904632568,5.960000038146973,17882
2025-04-17 00:00:00+02:00,5.989999771118164,6.0,5.78000020980835,5.849999904632568,96525
2025-04-22 00:00:00+02:00,6.019999980926514,6.619999885559082,6.019999980926514,6.510000228881836,466947
2025-04-23 00:00:00+02:00,6.699999809265137,6.71999979019165,6.139999866485596,6.300000190734863,292850
2025-04-24 00:00:00+02:00,6.300000190734863,6.380000114440918,6.199999809265137,6.199999809265137,41585
2025-04-25 00:00:00+02:00,6.199999809265137,6.340000152587891,6.199999809265137,6.269999980926514,32017
2025-04-28 00:00:00+02:00,6.300000190734863,6.360000133514404,6.179999828338623,6.179999828338623,34170
2025-04-29 00:00:00+02:00,6.179999828338623,6.340000152587891,6.119999885559082,6.150000095367432,76295
2025-04-30 00:00:00+02:00,6.150000095367432,6.300000190734863,6.070000171661377,6.070000171661377,43241
2025-05-02 00:00:00+02:00,6.039999961853027,6.070000171661377,5.909999847412109,6.03000020980835,100069
2025-05-05 00:00:00+02:00,6.039999961853027,6.300000190734863,6.03000020980835,6.289999961853027,121075
2025-05-06 00:00:00+02:00,6.360000133514404,7.269999980926514,6.320000171661377,6.71999979019165,1405745
2025-05-07 00:00:00+02:00,6.869999885559082,6.980000019073486,6.579999923706055,6.639999866485596,624837
2025-05-08 00:00:00+02:00,6.739999771118164,6.900000095367432,6.550000190734863,6.869999885559082,332830
2025-05-09 00:00:00+02:00,6.900000095367432,7.199999809265137,6.820000171661377,6.880000114440918,482215
2025-05-12 00:00:00+02:00,7.0,7.139999866485596,6.789999961853027,6.909999847412109,512790
2025-05-13 00:00:00+02:00,7.0,7.039999961853027,6.880000114440918,6.980000019073486,309825
2025-05-14 00:00:00+02:00,7.0,7.0,6.849999904632568,6.900000095367432,188130
2025-05-15 00:00:00+02:00,6.869999885559082,6.900000095367432,6.699999809265137,6.840000152587891,138056
2025-05-16 00:00:00+02:00,6.050000190734863,6.539999961853027,5.920000076293945,6.489999771118164,806366
2025-05-19 00:00:00+02:00,6.400000095367432,6.590000152587891,6.119999885559082,6.179999828338623,259947
2025-05-20 00:00:00+02:00,6.170000076293945,6.239999771118164,6.150000095367432,6.159999847412109,149845
2025-05-21 00:00:00+02:00,6.210000038146973,6.25,6.099999904632568,6.139999866485596,160317
2025-05-22 00:00:00+02:00,6.099999904632568,6.170000076293945,6.059999942779541,6.059999942779541,131959
2025-05-23 00:00:00+02:00,6.059999942779541,6.119999885559082,6.0,6.099999904632568,156261
2025-05-26 00:00:00+02:00,6.099999904632568,6.110000133514404,6.010000228881836,6.099999904632568,98000
2025-05-27 00:00:00+02:00,6.099999904632568,6.099999904632568,5.949999809265137,6.019999980926514,141372
2025-05-28 00:00:00+02:00,6.050000190734863,6.150000095367432,5.949999809265137,6.099999904632568,108791
2025-05-29 00:00:00+02:00,6.070000171661377,6.5,6.070000171661377,6.25,284466
2025-05-30 00:00:00+02:00,6.25,6.329999923706055,6.150000095367432,6.289999961853027,171955
2025-06-02 00:00:00+02:00,6.360000133514404,6.5,6.320000171661377,6.429999828338623,141324
2025-06-03 00:00:00+02:00,6.460000038146973,6.5,6.340000152587891,6.409999847412109,129127
2025-06-04 00:00:00+02:00,6.489999771118164,6.679999828338623,6.409999847412109,6.5,307100
2025-06-05 00:00:00+02:00,6.489999771118164,6.78000020980835,6.320000171661377,6.519999980926514,299945
2025-06-06 00:00:00+02:00,6.639999866485596,6.639999866485596,6.400000095367432,6.489999771118164,394740
2025-06-09 00:00:00+02:00,6.5,6.75,6.369999885559082,6.46999979019165,168515
2025-06-10 00:00:00+02:00,6.409999847412109,6.46999979019165,6.340000152587891,6.369999885559082,292206
2025-06-11 00:00:00+02:00,6.369999885559082,6.400000095367432,6.210000038146973,6.300000190734863,127117
2025-06-12 00:00:00+02:00,6.239999771118164,6.309999942779541,6.150000095367432,6.170000076293945,105847
2025-06-13 00:00:00+02:00,6.179999828338623,6.199999809265137,6.050000190734863,6.119999885559082,91885
2025-06-16 00:00:00+02:00,6.159999847412109,6.340000152587891,6.090000152587891,6.239999771118164,35223
2025-06-17 00:00:00+02:00,6.300000190734863,6.300000190734863,6.019999980926514,6.079999923706055,116319
2025-06-18 00:00:00+02:00,6.039999961853027,6.179999828338623,5.909999847412109,6.059999942779541,149869
2025-06-20 00:00:00+02:00,6.010000228881836,6.199999809265137,6.010000228881836,6.150000095367432,45452
2025-06-23 00:00:00+02:00,6.099999904632568,6.099999904632568,6.0,6.03000020980835,54018
2025-06-24 00:00:00+02:00,6.039999961853027,6.190000057220459,6.010000228881836,6.130000114440918,52937
2025-06-25 00:00:00+02:00,6.130000114440918,6.139999866485596,6.03000020980835,6.059999942779541,56380
2025-06-26 00:00:00+02:00,6.070000171661377,6.190000057220459,6.050000190734863,6.150000095367432,53252
2025-06-27 00:00:00+02:00,6.159999847412109,6.199999809265137,6.059999942779541,6.110000133514404,78806
2025-06-30 00:00:00+02:00,6.110000133514404,6.239999771118164,6.110000133514404,6.119999885559082,133754
2025-07-01 00:00:00+02:00,6.119999885559082,6.139999866485596,5.980000019073486,6.050000190734863,102745
2025-07-02 00:00:00+02:00,6.050000190734863,6.119999885559082,5.980000019073486,6.010000228881836,117512
2025-07-03 00:00:00+02:00,6.010000228881836,6.090000152587891,5.96999979019165,5.980000019073486,109511
2025-07-04 00:00:00+02:00,5.960000038146973,6.0,5.860000133514404,5.900000095367432,207156
2025-07-07 00:00:00+02:00,5.940000057220459,5.940000057220459,5.849999904632568,5.900000095367432,626375
2025-07-08 00:00:00+02:00,5.949999809265137,5.989999771118164,5.880000114440918,5.989999771118164,226637
2025-07-09 00:00:00+02:00,5.989999771118164,6.079999923706055,5.900000095367432,6.059999942779541,161572
2025-07-10 00:00:00+02:00,6.070000171661377,6.099999904632568,5.989999771118164,6.070000171661377,156016
2025-07-11 00:00:00+02:00,6.110000133514404,6.380000114440918,6.110000133514404,6.329999923706055,208996
2025-07-14 00:00:00+02:00,6.329999923706055,6.420000076293945,6.239999771118164,6.320000171661377,125851
2025-07-15 00:00:00+02:00,6.329999923706055,6.380000114440918,6.260000228881836,6.329999923706055,34479
2025-07-16 00:00:00+02:00,6.260000228881836,6.440000057220459,6.260000228881836,6.400000095367432,249056
2025-07-17 00:00:00+02:00,6.340000152587891,6.440000057220459,6.329999923706055,6.389999866485596,52857
2025-07-18 00:00:00+02:00,6.340000152587891,6.400000095367432,6.300000190734863,6.380000114440918,450111
2025-07-21 00:00:00+02:00,6.380000114440918,6.429999828338623,6.360000133514404,6.409999847412109,98581
2025-07-22 00:00:00+02:00,6.420000076293945,6.489999771118164,6.360000133514404,6.409999847412109,99939
2025-07-23 00:00:00+02:00,6.440000057220459,6.440000057220459,6.360000133514404,6.409999847412109,48380
2025-07-24 00:00:00+02:00,6.380000114440918,6.590000152587891,6.360000133514404,6.440000057220459,142434
2025-07-25 00:00:00+02:00,6.420000076293945,6.5,6.369999885559082,6.400000095367432,130045
2025-07-28 00:00:00+02:00,6.400000095367432,6.449999809265137,6.369999885559082,6.389999866485596,98018
2025-07-29 00:00:00+02:00,6.369999885559082,6.420000076293945,6.230000019073486,6.400000095367432,97066
2025-07-30 00:00:00+02:00,6.369999885559082,6.639999866485596,6.369999885559082,6.639999866485596,260327
2025-07-31 00:00:00+02:00,6.699999809265137,6.699999809265137,6.510000228881836,6.550000190734863,245424
2025-08-01 00:00:00+02:00,6.800000190734863,6.949999809265137,6.449999809265137,6.539999961853027,322342
2025-08-04 00:00:00+02:00,6.599999904632568,6.880000114440918,6.599999904632568,6.829999923706055,613993
2025-08-05 00:00:00+02:00,6.849999904632568,6.920000076293945,6.699999809265137,6.75,227262
2025-08-06 00:00:00+02:00,6.75,6.78000020980835,6.659999847412109,6.699999809265137,101160
2025-08-07 00:00:00+02:00,6.710000038146973,6.820000171661377,6.599999904632568,6.71999979019165,178290
2025-08-08 00:00:00+02:00,6.760000228881836,6.789999961853027,6.630000114440918,6.71999979019165,66160
2025-08-11 00:00:00+02:00,6.71999979019165,6.75,6.670000076293945,6.699999809265137,51814
2025-08-12 00:00:00+02:00,6.71999979019165,6.769999980926514,6.679999828338623,6.699999809265137,34248
2025-08-13 00:00:00+02:00,6.699999809265137,6.769999980926514,6.630000114440918,6.650000095367432,100258
2025-08-14 00:00:00+02:00,6.639999866485596,6.730000019073486,6.630000114440918,6.670000076293945,36229
2025-08-18 00:00:00+02:00,6.670000076293945,6.71999979019165,6.599999904632568,6.659999847412109,43666
2025-08-19 00:00:00+02:00,6.659999847412109,6.710000038146973,6.619999885559082,6.710000038146973,22194
2025-08-20 00:00:00+02:00,6.659999847412109,6.71999979019165,6.619999885559082,6.710000038146973,43582
2025-08-21 00:00:00+02:00,6.71999979019165,6.71999979019165,6.659999847412109,6.670000076293945,34013
2025-08-22 00:00:00+02:00,6.690000057220459,6.690000057220459,6.599999904632568,6.690000057220459,51663
2025-08-25 00:00:00+02:00,6.630000114440918,6.690000057220459,6.619999885559082,6.670000076293945,47358
2025-08-26 00:00:00+02:00,6.690000057220459,6.699999809265137,6.590000152587891,6.619999885559082,47516
2025-08-27 00:00:00+02:00,6.619999885559082,6.690000057220459,6.579999923706055,6.690000057220459,65737
2025-08-28 00:00:00+02:00,6.679999828338623,6.699999809265137,6.610000133514404,6.699999809265137,72903
2025-08-29 00:00:00+02:00,6.670000076293945,6.710000038146973,6.619999885559082,6.679999828338623,139390
2025-09-01 00:00:00+02:00,6.670000076293945,6.820000171661377,6.639999866485596,6.730000019073486,71323
2025-09-02 00:00:00+02:00,6.730000019073486,6.769999980926514,6.679999828338623,6.75,37950
2025-09-03 00:00:00+02:00,6.75,6.75,6.599999904632568,6.699999809265137,66922
2025-09-04 00:00:00+02:00,6.699999809265137,6.789999961853027,6.679999828338623,6.730000019073486,30720
2025-09-05 00:00:00+02:00,6.730000019073486,6.739999771118164,6.659999847412109,6.739999771118164,28177
2025-09-08 00:00:00+02:00,6.75,7.050000190734863,6.75,6.989999771118164,436390
2025-09-09 00:00:00+02:00,6.989999771118164,7.590000152587891,6.949999809265137,7.420000076293945,1073489
2025-09-10 00:00:00+02:00,7.440000057220459,7.510000228881836,7.130000114440918,7.400000095367432,252490
2025-09-11 00:00:00+02:00,7.440000057220459,7.449999809265137,7.079999923706055,7.110000133514404,166953
2025-09-12 00:00:00+02:00,7.099999904632568,7.179999828338623,6.800000190734863,6.949999809265137,339892
2025-09-15 00:00:00+02:00,6.949999809265137,7.21999979019165,6.909999847412109,7.21999979019165,200245
2025-09-16 00:00:00+02:00,7.239999771118164,7.300000190734863,7.170000076293945,7.25,103082
2025-09-17 00:00:00+02:00,7.130000114440918,7.380000114440918,7.110000133514404,7.320000171661377,121125
2025-09-18 00:00:00+02:00,7.320000171661377,7.340000152587891,7.210000038146973,7.340000152587891,86920
2025-09-19 00:00:00+02:00,7.349999904632568,7.5,7.239999771118164,7.5,289917
2025-09-22 00:00:00+02:00,7.5,7.739999771118164,7.400000095367432,7.699999809265137,453339
2025-09-23 00:00:00+02:00,7.699999809265137,7.739999771118164,7.349999904632568,7.420000076293945,272888
2025-09-24 00:00:00+02:00,7.420000076293945,7.420000076293945,7.25,7.360000133514404,131115
2025-09-25 00:00:00+02:00,7.360000133514404,7.440000057220459,7.329999923706055,7.349999904632568,38743
2025-09-26 00:00:00+02:00,7.389999866485596,7.389999866485596,7.150000095367432,7.269999980926514,115494
2025-09-29 00:00:00+02:00,7.25,7.349999904632568,7.230000019073486,7.289999961853027,85304
2025-09-30 00:00:00+02:00,7.289999961853027,7.320000171661377,7.019999980926514,7.099999904632568,75416
2025-10-01 00:00:00+02:00,6.699999809265137,7.369999885559082,6.5,6.980000019073486,490363
2025-10-02 00:00:00+02:00,6.949999809265137,6.980000019073486,6.739999771118164,6.920000076293945,227595
2025-10-03 00:00:00+02:00,6.889999866485596,6.900000095367432,6.75,6.880000114440918,90633
2025-10-06 00:00:00+02:00,6.900000095367432,6.980000019073486,6.75,6.880000114440918,80053
2025-10-07 00:00:00+02:00,6.900000095367432,6.900000095367432,6.809999942779541,6.849999904632568,18333
2025-10-08 00:00:00+02:00,6.900000095367432,7.170000076293945,6.900000095367432,7.059999942779541,109069
2025-10-09 00:00:00+02:00,7.079999923706055,7.130000114440918,6.989999771118164,7.050000190734863,82827
2025-10-10 00:00:00+02:00,7.059999942779541,7.059999942779541,6.900000095367432,7.050000190734863,28220
2025-10-13 00:00:00+02:00,6.920000076293945,7.050000190734863,6.840000152587891,7.0,243480
2025-10-14 00:00:00+02:00,6.960000038146973,6.989999771118164,6.869999885559082,6.900000095367432,60476
2025-10-15 00:00:00+02:00,6.929999828338623,6.980000019073486,6.829999923706055,6.980000019073486,46874
2025-10-16 00:00:00+02:00,6.960000038146973,7.090000152587891,6.760000228881836,6.920000076293945,49099
2025-10-17 00:00:00+02:00,6.889999866485596,6.889999866485596,6.679999828338623,6.760000228881836,77462
2025-10-20 00:00:00+02:00,6.760000228881836,6.949999809265137,6.760000228881836,6.929999828338623,35132
2025-10-21 00:00:00+02:00,6.929999828338623,7.0,6.800000190734863,7.0,51144
2025-10-22 00:00:00+02:00,7.0,7.150000095367432,6.800000190734863,7.0,93387
2025-10-23 00:00:00+02:00,7.0,7.099999904632568,6.900000095367432,6.900000095367432,61803
2025-10-24 00:00:00+02:00,6.880000114440918,7.059999942779541,6.849999904632568,7.059999942779541,42231
2025-10-27 00:00:00+01:00,7.019999980926514,7.070000171661377,6.909999847412109,7.050000190734863,39303
2025-10-28 00:00:00+01:00,7.050000190734863,7.050000190734863,6.949999809265137,7.0,38033
2025-10-29 00:00:00+01:00,7.0,7.190000057220459,6.949999809265137,7.190000057220459,73114
2025-10-30 00:00:00+01:00,7.190000057220459,7.190000057220459,6.96999979019165,7.079999923706055,42374
2025-10-31 00:00:00+01:00,6.989999771118164,7.110000133514404,6.980000019073486,7.039999961853027,12733
2025-11-03 00:00:00+01:00,7.090000152587891,7.090000152587891,6.800000190734863,6.920000076293945,44355
2025-11-04 00:00:00+01:00,6.809999942779541,6.96999979019165,6.809999942779541,6.940000057220459,31201
2025-11-05 00:00:00+01:00,6.940000057220459,7.03000020980835,6.860000133514404,7.03000020980835,137096
2025-11-06 00:00:00+01:00,6.730000019073486,7.0,6.730000019073486,6.889999866485596,103147
2025-11-07 00:00:00+01:00,6.889999866485596,6.900000095367432,6.699999809265137,6.710000038146973,62607
2025-11-10 00:00:00+01:00,6.800000190734863,6.800000190734863,6.710000038146973,6.730000019073486,16805
2025-11-12 00:00:00+01:00,6.710000038146973,6.769999980926514,6.679999828338623,6.679999828338623,27343
2025-11-13 00:00:00+01:00,6.679999828338623,6.730000019073486,6.619999885559082,6.690000057220459,21773
2025-11-14 00:00:00+01:00,6.630000114440918,6.690000057220459,6.510000228881836,6.599999904632568,43272
2025-11-17 00:00:00+01:00,6.53000020980835,6.630000114440918,6.300000190734863,6.300000190734863,65164
2025-11-18 00:00:00+01:00,6.260000228881836,6.28000020980835,6.039999961853027,6.119999885559082,95883
2025-11-19 00:00:00+01:00,6.019999980926514,6.5,6.010000228881836,6.5,51165
2025-11-20 00:00:00+01:00,6.5,6.519999980926514,6.400000095367432,6.5,18997
2025-11-21 00:00:00+01:00,6.199999809265137,6.460000038146973,6.199999809265137,6.389999866485596,20797
2025-11-24 00:00:00+01:00,6.400000095367432,6.400000095367432,6.099999904632568,6.239999771118164,30086
2025-11-25 00:00:00+01:00,6.300000190734863,6.429999828338623,6.210000038146973,6.289999961853027,12527
2025-11-26 00:00:00+01:00,6.28000020980835,6.329999923706055,6.190000057220459,6.199999809265137,37631
2025-11-27 00:00:00+01:00,6.190000057220459,6.21999979019165,5.639999866485596,6.150000095367432,89869
2025-11-28 00:00:00+01:00,6.150000095367432,6.150000095367432,6.0,6.019999980926514,29446
2025-12-01 00:00:00+01:00,6.0,6.019999980926514,5.900000095367432,5.980000019073486,61532
2025-12-02 00:00:00+01:00,5.980000019073486,6.0,5.940000057220459,6.0,22391
2025-12-03 00:00:00+01:00,6.0,6.079999923706055,5.980000019073486,6.070000171661377,18425
2025-12-04 00:00:00+01:00,6.050000190734863,6.050000190734863,5.920000076293945,5.960000038146973,64321
2025-12-05 00:00:00+01:00,5.929999828338623,5.989999771118164,5.860000133514404,5.960000038146973,63029
2025-12-08 00:00:00+01:00,5.949999809265137,5.949999809265137,5.71999979019165,5.769999980926514,168304
2025-12-09 00:00:00+01:00,5.769999980926514,5.769999980926514,5.599999904632568,5.639999866485596,140767
2025-12-10 00:00:00+01:00,5.639999866485596,5.809999942779541,5.639999866485596,5.809999942779541,44147
2025-12-11 00:00:00+01:00,5.869999885559082,5.96999979019165,5.75,5.820000171661377,61811
2025-12-12 00:00:00+01:00,5.849999904632568,5.869999885559082,5.670000076293945,5.730000019073486,56476
2025-12-15 00:00:00+01:00,5.730000019073486,5.75,5.639999866485596,5.699999809265137,79742
2025-12-16 00:00:00+01:00,5.699999809265137,5.699999809265137,5.550000190734863,5.599999904632568,112480
2025-12-17 00:00:00+01:00,5.639999866485596,5.739999771118164,5.599999904632568,5.679999828338623,104317
2025-12-18 00:00:00+01:00,5.699999809265137,5.739999771118164,5.659999847412109,5.679999828338623,68972
2025-12-19 00:00:00+01:00,5.659999847412109,5.699999809265137,5.550000190734863,5.550000190734863,128178
2025-12-22 00:00:00+01:00,5.559999942779541,5.599999904632568,5.5,5.510000228881836,367354
2025-12-23 00:00:00+01:00,5.510000228881836,5.570000171661377,5.5,5.539999961853027,227624
2025-12-29 00:00:00+01:00,5.539999961853027,5.639999866485596,5.519999980926514,5.579999923706055,109379
2025-12-30 00:00:00+01:00,5.639999866485596,5.980000019073486,5.639999866485596,5.96999979019165,146402
2026-01-02 00:00:00+01:00,6.0,6.139999866485596,5.96999979019165,6.139999866485596,87990
2026-01-05 00:00:00+01:00,6.199999809265137,6.199999809265137,6.0,6.150000095367432,78694
2026-01-07 00:00:00+01:00,6.150000095367432,6.199999809265137,6.070000171661377,6.199999809265137,62808
2026-01-08 00:00:00+01:00,6.21999979019165,6.21999979019165,6.099999904632568,6.179999828338623,53936
2026-01-09 00:00:00+01:00,6.179999828338623,6.210000038146973,6.070000171661377,6.119999885559082,60655
2026-01-12 00:00:00+01:00,6.130000114440918,6.239999771118164,6.010000228881836,6.230000019073486,76458
2026-01-13 00:00:00+01:00,6.239999771118164,6.460000038146973,6.159999847412109,6.340000152587891,114803
2026-01-14 00:00:00+01:00,6.320000171661377,6.340000152587891,6.079999923706055,6.110000133514404,104501
2026-01-15 00:00:00+01:00,6.150000095367432,6.389999866485596,6.130000114440918,6.25,39239
2026-01-16 00:00:00+01:00,6.25,6.309999942779541,6.150000095367432,6.239999771118164,70872
2026-01-19 00:00:00+01:00,6.309999942779541,6.309999942779541,6.179999828338623,6.230000019073486,32962
2026-01-20 00:00:00+01:00,6.170000076293945,6.21999979019165,6.03000020980835,6.090000152587891,39860
2026-01-21 00:00:00+01:00,6.0,6.059999942779541,5.880000114440918,5.96999979019165,247846
2026-01-22 00:00:00+01:00,5.96999979019165,6.239999771118164,5.920000076293945,6.199999809265137,55207
2026-01-23 00:00:00+01:00,6.239999771118164,6.269999980926514,6.090000152587891,6.159999847412109,19719
2026-01-26 00:00:00+01:00,6.130000114440918,6.150000095367432,6.019999980926514,6.070000171661377,29621
2026-01-27 00:00:00+01:00,6.050000190734863,6.090000152587891,5.949999809265137,6.0,29932
2026-01-28 00:00:00+01:00,6.050000190734863,6.050000190734863,5.889999866485596,6.0,41411
2026-01-29 00:00:00+01:00,5.980000019073486,6.019999980926514,5.860000133514404,5.989999771118164,48333
2026-01-30 00:00:00+01:00,5.929999828338623,6.010000228881836,5.909999847412109,5.949999809265137,30352
2026-02-02 00:00:00+01:00,5.900000095367432,5.980000019073486,5.71999979019165,5.980000019073486,76879
2026-02-03 00:00:00+01:00,5.989999771118164,6.070000171661377,5.900000095367432,5.949999809265137,28599
2026-02-04 00:00:00+01:00,6.090000152587891,6.099999904632568,5.949999809265137,6.079999923706055,65695
2026-02-05 00:00:00+01:00,6.110000133514404,6.139999866485596,5.920000076293945,6.0,14051
2026-02-06 00:00:00+01:00,6.0,6.0,5.840000152587891,5.960000038146973,17770
2026-02-09 00:00:00+01:00,5.909999847412109,6.0,5.909999847412109,5.980000019073486,9710
2026-02-10 00:00:00+01:00,6.0,6.239999771118164,5.989999771118164,6.159999847412109,84756
2026-02-11 00:00:00+01:00,6.170000076293945,6.199999809265137,6.059999942779541,6.139999866485596,53350
2026-02-12 00:00:00+01:00,6.139999866485596,6.150000095367432,6.019999980926514,6.090000152587891,36571
2026-02-13 00:00:00+01:00,6.090000152587891,6.090000152587891,6.010000228881836,6.019999980926514,20204
2026-02-16 00:00:00+01:00,6.010000228881836,6.090000152587891,5.989999771118164,6.039999961853027,40748
2026-02-17 00:00:00+01:00,6.039999961853027,6.039999961853027,6.0,6.03000020980835,8543
2026-02-18 00:00:00+01:00,5.989999771118164,6.019999980926514,5.920000076293945,5.960000038146973,97871
2026-02-19 00:00:00+01:00,6.0,6.119999885559082,5.980000019073486,5.980000019073486,157189
2026-02-20 00:00:00+01:00,6.019999980926514,6.059999942779541,6.0,6.03000020980835,99314
2026-02-23 00:00:00+01:00,6.050000190734863,6.079999923706055,6.0,6.070000171661377,66496
2026-02-24 00:00:00+01:00,6.070000171661377,6.110000133514404,6.0,6.059999942779541,70362
2026-02-25 00:00:00+01:00,6.099999904632568,6.110000133514404,5.989999771118164,6.039999961853027,116165
2026-02-26 00:00:00+01:00,6.039999961853027,6.039999961853027,5.980000019073486,6.0,32825
2026-02-27 00:00:00+01:00,6.03000020980835,6.050000190734863,5.980000019073486,6.039999961853027,48338
2026-03-02 00:00:00+01:00,6.0,6.039999961853027,5.949999809265137,6.0,52237
2026-03-03 00:00:00+01:00,6.0,6.0,5.849999904632568,5.900000095367432,63717
2026-03-04 00:00:00+01:00,5.900000095367432,6.0,5.900000095367432,5.929999828338623,26063
2026-03-05 00:00:00+01:00,5.929999828338623,6.059999942779541,5.920000076293945,5.949999809265137,55003
2026-03-06 00:00:00+01:00,5.960000038146973,6.039999961853027,5.929999828338623,5.980000019073486,19490
2026-03-09 00:00:00+01:00,5.909999847412109,5.909999847412109,5.619999885559082,5.71999979019165,150022
2026-03-10 00:00:00+01:00,5.800000190734863,5.900000095367432,5.800000190734863,5.880000114440918,55780
2026-03-11 00:00:00+01:00,5.900000095367432,5.920000076293945,5.800000190734863,5.869999885559082,28280
2026-03-12 00:00:00+01:00,5.869999885559082,5.900000095367432,5.800000190734863,5.880000114440918,17554
2026-03-13 00:00:00+01:00,5.880000114440918,5.880000114440918,5.739999771118164,5.769999980926514,23248
2026-03-16 00:00:00+01:00,5.769999980926514,5.800000190734863,5.690000057220459,5.75,25400
2026-03-17 00:00:00+01:00,5.800000190734863,5.900000095367432,5.730000019073486,5.889999866485596,21010
2026-03-18 00:00:00+01:00,5.900000095367432,5.900000095367432,5.800000190734863,5.889999866485596,23954
2026-03-19 00:00:00+01:00,5.889999866485596,5.889999866485596,5.71999979019165,5.75,121516
2026-03-20 00:00:00+01:00,5.869999885559082,5.900000095367432,5.630000114440918,5.71999979019165,39287
2026-03-23 00:00:00+01:00,5.659999847412109,5.659999847412109,5.170000076293945,5.550000190734863,100695
2026-03-24 00:00:00+01:00,5.599999904632568,5.639999866485596,5.409999847412109,5.480000019073486,52855
2026-03-25 00:00:00+01:00,5.480000019073486,5.630000114440918,5.480000019073486,5.630000114440918,135667
2026-03-26 00:00:00+01:00,5.639999866485596,5.650000095367432,5.510000228881836,5.630000114440918,39524
2026-03-27 00:00:00+01:00,5.619999885559082,5.619999885559082,5.300000190734863,5.489999771118164,59763
2026-03-30 00:00:00+02:00,5.550000190734863,5.550000190734863,5.480000019073486,5.53000020980835,9834
2026-03-31 00:00:00+02:00,5.5,5.570000171661377,5.449999809265137,5.550000190734863,25927
2026-04-01 00:00:00+02:00,5.480000019073486,5.579999923706055,5.480000019073486,5.53000020980835,44441
2026-04-02 00:00:00+02:00,5.5,5.590000152587891,5.420000076293945,5.590000152587891,68225
2026-04-07 00:00:00+02:00,5.590000152587891,5.630000114440918,5.489999771118164,5.519999980926514,26280
2026-04-08 00:00:00+02:00,5.5,5.650000095367432,5.5,5.639999866485596,100060
2026-04-09 00:00:00+02:00,5.650000095367432,5.650000095367432,5.599999904632568,5.650000095367432,22430
2026-04-10 00:00:00+02:00,5.670000076293945,6.079999923706055,5.610000133514404,5.75,267037
2026-04-13 00:00:00+02:00,5.889999866485596,5.929999828338623,5.710000038146973,5.739999771118164,80027
2026-04-14 00:00:00+02:00,5.800000190734863,5.849999904632568,5.659999847412109,5.78000020980835,30813
2026-04-15 00:00:00+02:00,5.78000020980835,5.78000020980835,5.510000228881836,5.699999809265137,165073
2026-04-16 00:00:00+02:00,5.699999809265137,5.75,5.679999828338623,5.699999809265137,51314
2026-04-17 00:00:00+02:00,5.699999809265137,5.769999980926514,5.630000114440918,5.769999980926514,72775
2026-04-20 00:00:00+02:00,5.730000019073486,5.849999904632568,5.699999809265137,5.760000228881836,18892
2026-04-21 00:00:00+02:00,5.800000190734863,5.800000190734863,5.699999809265137,5.730000019073486,10865
2026-04-22 00:00:00+02:00,5.78000020980835,5.78000020980835,5.650000095367432,5.699999809265137,18252
2026-04-23 00:00:00+02:00,5.699999809265137,5.78000020980835,5.659999847412109,5.690000057220459,8858
2026-04-24 00:00:00+02:00,5.650000095367432,5.710000038146973,5.570000171661377,5.619999885559082,28105
2026-04-27 00:00:00+02:00,5.619999885559082,5.699999809265137,5.53000020980835,5.579999923706055,27407
2026-04-28 00:00:00+02:00,5.630000114440918,5.630000114440918,5.489999771118164,5.539999961853027,58555
2026-04-29 00:00:00+02:00,5.5,5.579999923706055,5.46999979019165,5.550000190734863,61451
2026-04-30 00:00:00+02:00,5.559999942779541,5.579999923706055,5.440000057220459,5.449999809265137,63170
2026-05-04 00:00:00+02:00,5.429999828338623,5.559999942779541,5.429999828338623,5.53000020980835,47610
2026-05-05 00:00:00+02:00,5.53000020980835,5.610000133514404,5.46999979019165,5.610000133514404,38187
2026-05-06 00:00:00+02:00,5.570000171661377,5.690000057220459,5.570000171661377,5.639999866485596,53514
2026-05-07 00:00:00+02:00,5.650000095367432,5.699999809265137,5.5,5.5,44037
2026-05-08 00:00:00+02:00,5.489999771118164,5.599999904632568,5.489999771118164,5.579999923706055,13716
2026-05-11 00:00:00+02:00,5.690000057220459,5.739999771118164,5.610000133514404,5.639999866485596,41932
2026-05-12 00:00:00+02:00,5.659999847412109,5.659999847412109,5.5,5.53000020980835,82402
2026-05-13 00:00:00+02:00,5.5,5.590000152587891,5.489999771118164,5.519999980926514,20748
2026-05-14 00:00:00+02:00,5.510000228881836,5.619999885559082,5.5,5.539999961853027,23659
2026-05-15 00:00:00+02:00,5.539999961853027,5.590000152587891,5.5,5.570000171661377,25511
2026-05-18 00:00:00+02:00,5.590000152587891,5.590000152587891,5.489999771118164,5.570000171661377,21611
2026-05-19 00:00:00+02:00,5.559999942779541,5.820000171661377,5.480000019073486,5.789999961853027,129241
2026-05-20 00:00:00+02:00,5.800000190734863,5.820000171661377,5.789999961853027,5.809999942779541,20245
2026-05-21 00:00:00+02:00,5.809999942779541,5.809999942779541,5.690000057220459,5.769999980926514,9219
2026-05-22 00:00:00+02:00,5.809999942779541,5.809999942779541,5.710000038146973,5.789999961853027,17620
2026-05-25 00:00:00+02:00,5.800000190734863,5.800000190734863,5.630000114440918,5.630000114440918,267135
2026-05-26 00:00:00+02:00,5.650000095367432,5.71999979019165,5.650000095367432,5.699999809265137,297893
2026-05-27 00:00:00+02:00,5.650000095367432,5.710000038146973,5.619999885559082,5.690000057220459,11425
2026-05-28 00:00:00+02:00,5.489999771118164,5.539999961853027,5.449999809265137,5.53000020980835,145333
2026-05-29 00:00:00+02:00,5.519999980926514,5.53000020980835,5.449999809265137,5.46999979019165,67805
2026-06-01 00:00:00+02:00,5.480000019073486,5.510000228881836,5.449999809265137,5.489999771118164,38097
2026-06-02 00:00:00+02:00,5.489999771118164,5.539999961853027,5.340000152587891,5.53000020980835,122443
2026-06-03 00:00:00+02:00,5.550000190734863,5.889999866485596,5.53000020980835,5.699999809265137,184965
2026-06-05 00:00:00+02:00,5.710000038146973,5.78000020980835,5.699999809265137,5.710000038146973,51344
2026-06-08 00:00:00+02:00,5.639999866485596,5.679999828338623,5.559999942779541,5.650000095367432,31410
2026-06-09 00:00:00+02:00,5.650000095367432,5.670000076293945,5.539999961853027,5.570000171661377,23173
2026-06-10 00:00:00+02:00,5.570000171661377,5.579999923706055,5.480000019073486,5.539999961853027,26922
2026-06-11 00:00:00+02:00,5.539999961853027,5.539999961853027,5.260000228881836,5.460000038146973,83709
2026-06-12 00:00:00+02:00,5.429999828338623,5.5,5.429999828338623,5.5,16859
2026-06-15 00:00:00+02:00,5.5,5.5,5.440000057220459,5.46999979019165,23718
2026-06-16 00:00:00+02:00,5.46999979019165,5.46999979019165,5.440000057220459,5.449999809265137,33826
2026-06-17 00:00:00+02:00,5.440000057220459,5.489999771118164,5.440000057220459,5.46999979019165,21997
2026-06-18 00:00:00+02:00,5.46999979019165,5.46999979019165,5.409999847412109,5.429999828338623,22793
2026-06-19 00:00:00+02:00,5.460000038146973,5.559999942779541,5.409999847412109,5.559999942779541,66182
2026-06-22 00:00:00+02:00,5.559999942779541,5.559999942779541,5.460000038146973,5.5,13573
2026-06-23 00:00:00+02:00,5.46999979019165,5.5,5.420000076293945,5.489999771118164,22263
2026-06-24 00:00:00+02:00,5.449999809265137,5.489999771118164,5.420000076293945,5.429999828338623,9295
2026-06-25 00:00:00+02:00,5.409999847412109,5.46999979019165,5.409999847412109,5.429999828338623,15659
2026-06-26 00:00:00+02:00,5.449999809265137,5.449999809265137,5.360000133514404,5.369999885559082,26169
2026-06-29 00:00:00+02:00,5.369999885559082,5.369999885559082,5.25,5.300000190734863,48197
2026-06-30 00:00:00+02:00,5.309999942779541,5.369999885559082,5.309999942779541,5.309999942779541,9873
2026-07-01 00:00:00+02:00,5.309999942779541,5.309999942779541,5.150000095367432,5.199999809265137,102683
2026-07-02 00:00:00+02:00,5.179999828338623,5.25,5.090000152587891,5.110000133514404,105425
2026-07-03 00:00:00+02:00,5.199999809265137,5.400000095367432,5.199999809265137,5.360000133514404,346524
2026-07-06 00:00:00+02:00,5.420000076293945,5.449999809265137,5.380000114440918,5.400000095367432,53408
2026-07-07 00:00:00+02:00,5.420000076293945,5.429999828338623,5.349999904632568,5.360000133514404,30195
2026-07-08 00:00:00+02:00,5.380000114440918,5.400000095367432,5.320000171661377,5.340000152587891,47579
2026-07-09 00:00:00+02:00,5.380000114440918,5.380000114440918,5.309999942779541,5.329999923706055,40823
2026-07-10 00:00:00+02:00,5.329999923706055,5.400000095367432,5.300000190734863,5.320000171661377,31637
2026-07-13 00:00:00+02:00,5.340000152587891,5.380000114440918,5.289999961853027,5.320000171661377,28401
2026-07-14 00:00:00+02:00,5.300000190734863,5.349999904632568,5.199999809265137,5.340000152587891,40599
2026-07-15 00:00:00+02:00,5.340000152587891,5.369999885559082,5.199999809265137,5.360000133514404,43446
2026-07-16 00:00:00+02:00,5.360000133514404,5.369999885559082,5.210000038146973,5.300000190734863,19294
2026-07-17 00:00:00+02:00,5.300000190734863,5.300000190734863,5.199999809265137,5.289999961853027,28384
2026-07-20 00:00:00+02:00,5.289999961853027,5.289999961853027,5.130000114440918,5.179999828338623,79705
2026-07-21 00:00:00+02:00,5.159999847412109,5.25,5.130000114440918,5.159999847412109,32703
2026-07-22 00:00:00+02:00,5.159999847412109,5.230000019073486,5.090000152587891,5.110000133514404,87061
2026-07-23 00:00:00+02:00,5.110000133514404,5.190000057220459,5.099999904632568,5.159999847412109,23109
2026-07-24 00:00:00+02:00,5.150000095367432,5.190000057220459,5.119999885559082,5.119999885559082,19366
2026-07-27 00:00:00+02:00,5.130000114440918,5.139999866485596,5.010000228881836,5.019999980926514,114385
2026-07-28 00:00:00+02:00,5.039999961853027,5.090000152587891,4.860000133514404,4.949999809265137,98310
2026-07-29 00:00:00+02:00,4.96999979019165,5.0,4.855000019073486,4.900000095367432,63779
2026-07-30 00:00:00+02:00,4.90500020980835,5.0,4.849999904632568,4.914999961853027,63588
2026-07-31 00:00:00+02:00,4.914999961853027,4.994999885559082,4.909999847412109,4.989999771118164,20547
2026-08-03 00:00:00+02:00,4.989999771118164,5.090000152587891,4.880000114440918,5.079999923706055,23642
2026-08-04 00:00:00+02:00,5.079999923706055,5.090000152587891,4.989999771118164,4.989999771118164,46168
2026-08-05 00:00:00+02:00,4.989999771118164,5.079999923706055,4.974999904632568,5.0,15885
2026-08-06 00:00:00+02:00,5.039999961853027,5.039999961853027,4.949999809265137,5.010000228881836,34247
2026-08-07 00:00:00+02:00,5.03000020980835,5.059999942779541,4.960000038146973,5.0,28340
2026-08-10 00:00:00+02:00,5.019999980926514,5.039999961853027,4.980000019073486,5.019999980926514,23720
2026-08-11 00:00:00+02:00,5.019999980926514,5.050000190734863,5.0,5.050000190734863,24221
2026-08-12 00:00:00+02:00,5.050000190734863,5.050000190734863,4.985000133514404,5.039999961853027,18662
2026-08-13 00:00:00+02:00,5.039999961853027,5.050000190734863,4.989999771118164,5.039999961853027,12971
2026-08-14 00:00:00+02:00,5.0,5.039999961853027,5.0,5.039999961853027,11098
2026-08-17 00:00:00+02:00,5.039999961853027,5.039999961853027,4.994999885559082,5.019999980926514,17080
2026-08-18 00:00:00+02:00,5.019999980926514,5.199999809265137,4.994999885559082,5.199999809265137,62865
2026-08-19 00:00:00+02:00,5.199999809265137,5.239999771118164,5.099999904632568,5.239999771118164,60633
2026-08-20 00:00:00+02:00,5.25,5.360000133514404,5.230000019073486,5.349999904632568,78823
2026-08-21 00:00:00+02:00,5.360000133514404,5.380000114440918,5.25,5.340000152587891,36977
