Date,Open,High,Low,Close,Volume
2016-08-22 00:00:00+02:00,39.6967998799432,39.6967998799432,39.06815546427041,39.395050048828125,239
2016-08-23 00:00:00+02:00,39.39504939834054,40.97923278808594,39.31123142328184,40.97923278808594,5642
2016-08-24 00:00:00+02:00,39.90634791063608,40.61042978218454,39.90634791063608,40.14104080200195,277
2016-08-25 00:00:00+02:00,40.12427395200009,40.65233612060547,40.065600732982894,40.65233612060547,2010
2016-08-26 00:00:00+02:00,40.65233397970394,41.07143020629883,40.23323775310905,41.07143020629883,228
2016-08-29 00:00:00+02:00,40.49308324780399,40.49308324780399,40.233242406181766,40.24162292480469,667
2016-08-30 00:00:00+02:00,40.400884317622825,41.06305724488089,40.400884317622825,40.81998062133789,2582
2016-08-31 00:00:00+02:00,41.063056119959334,42.74782180786133,41.063056119959334,42.74782180786133,40678
2016-09-01 00:00:00+02:00,42.747820183782295,43.9967284940692,42.3287239074707,42.3287239074707,43806
2016-09-02 00:00:00+02:00,43.56925015694572,43.56925015694572,41.95153821312666,42.74782180786133,748
2016-09-05 00:00:00+02:00,42.705914638541316,43.569252014160156,42.705914638541316,43.569252014160156,2913
2016-09-06 00:00:00+02:00,43.569249624724264,45.68149529547521,42.76458552085274,45.67311477661133,5700
2016-09-07 00:00:00+02:00,45.68149073318825,48.363707342333456,45.68149073318825,46.81304931640625,49167
2016-09-08 00:00:00+02:00,47.684769665977036,47.76020711705982,46.60350059960728,47.693153381347656,4162
2016-09-09 00:00:00+02:00,47.69315629519822,47.69315629519822,46.60350344688466,46.93878173828125,7923
2016-09-12 00:00:00+02:00,46.972310762172455,47.69315685898076,46.100589752197266,46.100589752197266,7945
2016-09-13 00:00:00+02:00,46.100589752197266,46.92201805863323,45.80722364184542,46.100589752197266,2959
2016-09-14 00:00:00+02:00,46.268229645973896,46.43586879635713,45.68149421835803,45.76531219482422,3689
2016-09-15 00:00:00+02:00,45.79883808793419,46.10058790215861,45.01093828214317,45.1785774230957,2674
2016-09-16 00:00:00+02:00,45.254017068567585,45.388127748335236,44.6756621641408,44.759483337402344,3034
2016-09-19 00:00:00+02:00,44.759481269591326,45.90780411189198,44.759481269591326,45.43003463745117,2062
2016-09-20 00:00:00+02:00,45.84912631790849,46.35204049426749,45.43841062250337,45.47193908691406,1953
2016-09-21 00:00:00+02:00,45.68149192771786,45.68149192771786,44.466112145196696,44.64213180541992,7425
2016-09-22 00:00:00+02:00,45.09475806356826,46.100589752197266,44.59184381797915,46.100589752197266,3496
2016-09-23 00:00:00+02:00,46.10059319615917,46.14250218684728,45.51385773417238,46.09221267700195,53714
2016-09-26 00:00:00+02:00,45.76530972265576,46.09220748709744,45.262395496123546,45.43003463745117,4365
2016-09-27 00:00:00+02:00,45.34621501767483,45.664729077336816,45.103141611766446,45.30430603027344,10430
2016-09-28 00:00:00+02:00,46.05029761318184,46.05029761318184,44.7678640329929,45.26239776611328,319
2016-09-29 00:00:00+02:00,45.93295317425894,46.000010116062775,45.43003890053404,45.689876556396484,853
2016-09-30 00:00:00+02:00,45.51384682776661,47.190231633190436,45.51384682776661,46.84657287597656,702
2016-10-03 00:00:00+02:00,46.84657399280445,47.341107650092226,46.84657399280445,47.106414794921875,8059
2016-10-04 00:00:00+02:00,47.02260150439922,48.891773733609405,47.02260150439922,47.86079406738281,10027
2016-10-05 00:00:00+02:00,47.98652375049945,48.61516816644486,47.98652375049945,48.24636459350586,13468
2016-10-06 00:00:00+02:00,49.017500029949765,49.419832070991454,48.2463644173159,48.44752883911133,3951
2016-10-07 00:00:00+02:00,48.95044209925759,48.95044209925759,46.008384704589844,46.008384704589844,7749
2016-10-10 00:00:00+02:00,46.10058737998122,46.89687089239829,46.01676940917969,46.01676940917969,2939
2016-10-11 00:00:00+02:00,46.01676908522511,46.01676908522511,44.59184120947604,44.6756591796875,5086
2016-10-12 00:00:00+02:00,44.67566487207388,44.67566487207388,42.84002423196815,43.95481872558594,11124
2016-10-13 00:00:00+02:00,44.50801816164731,45.09475352069369,44.50801816164731,44.85167694091797,7430
2016-10-14 00:00:00+02:00,45.68149133630701,46.938780088682435,45.68149133630701,46.519683837890625,3142
2016-10-17 00:00:00+02:00,46.22631549524723,46.854959840890025,46.22631549524723,46.687320709228516,1399
2016-10-18 00:00:00+02:00,46.85496376415748,47.77697426932199,46.771142592582954,46.93878173828125,4316
2016-10-19 00:00:00+02:00,46.93878479710614,47.60933822614603,46.77114564048342,47.27406311035156,4909
2016-10-20 00:00:00+02:00,47.60933197646057,47.60933197646057,46.35204326301116,46.60350036621094,4995
2016-10-21 00:00:00+02:00,46.56159282347968,46.60350180906873,46.18440555827692,46.519683837890625,3034
2016-10-24 00:00:00+02:00,46.603496108934834,46.89686536707711,44.88520233034529,46.69569778442383,4773
2016-10-25 00:00:00+02:00,46.65379543195763,47.02259898885843,46.65379543195763,46.980690002441406,21909
2016-10-26 00:00:00+02:00,47.1986249517476,47.357880389586,46.77114494880891,47.02260208129883,1718
2016-10-27 00:00:00+02:00,46.98068679154829,47.106416939657045,46.519681577567006,46.687320709228516,14856
2016-10-28 00:00:00+02:00,46.93878173828125,46.93878173828125,46.60350344688466,46.93878173828125,200
2016-10-31 00:00:00+01:00,46.938786248850846,47.19024339283662,46.27661331830916,46.35205078125,771
2016-11-02 00:00:00+01:00,46.1760296684199,46.23470289361559,45.38812978904136,46.08382797241211,21293
2016-11-03 00:00:00+01:00,46.00000869166375,46.00000869166375,44.13922018108956,44.4242057800293,12750
2016-11-04 00:00:00+01:00,44.42420288753466,45.262395394846635,44.05539933539963,45.1785774230957,3642
2016-11-07 00:00:00+01:00,45.26239776611328,45.26239776611328,45.18696030860506,45.26239776611328,9613
2016-11-08 00:00:00+01:00,45.99162627640432,46.08382797241211,45.262399622221466,46.08382797241211,192
2016-11-09 00:00:00+01:00,44.424205214888964,45.26239776611328,44.424205214888964,45.26239776611328,3509
2016-11-10 00:00:00+01:00,46.09220768997715,46.09220768997715,44.93550112692088,45.93294906616211,1936
2016-11-14 00:00:00+01:00,45.97485567510471,46.10058582451542,45.37973978912182,45.84912872314453,20269
2016-11-15 00:00:00+01:00,45.849128609536876,45.849128609536876,45.59767150878906,45.59767150878906,25495
2016-11-16 00:00:00+01:00,45.59767606558334,45.59767606558334,45.26239776611328,45.26239776611328,21535
2016-11-17 00:00:00+01:00,45.43003691584831,45.43003691584831,45.26239776611328,45.26239776611328,64304
2016-11-18 00:00:00+01:00,45.26239776611328,45.26239776611328,44.0889269154189,45.26239776611328,6945
2016-11-21 00:00:00+01:00,45.26239776611328,45.68149404172544,44.17274808901183,45.26239776611328,3766
2016-11-22 00:00:00+01:00,44.84330383112666,46.10059272358816,44.84330383112666,45.34621810913086,27710
2016-11-23 00:00:00+01:00,46.49453730838181,46.49453730838181,45.681489589747095,45.84912872314453,258
2016-11-24 00:00:00+01:00,46.01677105565662,46.93040103886571,45.84913191060481,46.14249801635742,5878
2016-11-25 00:00:00+01:00,46.35204292588631,46.35204292588631,45.765307557720554,45.84912872314453,3636
2016-11-28 00:00:00+01:00,46.100591957022296,46.100591957022296,44.43258731388071,45.681495666503906,3033
2016-11-29 00:00:00+01:00,44.71757253616689,45.72340426428269,44.42420641429812,44.482879638671875,2069
2016-11-30 00:00:00+01:00,45.010939009383726,45.178578153044796,44.633751735509,44.843299865722656,1828
2016-12-01 00:00:00+01:00,44.399060535634234,44.399060535634234,42.3287239074707,42.3287239074707,246944
2016-12-02 00:00:00+01:00,42.83164114855771,43.03280878210172,42.37901956862305,42.76458740234375,92806
2016-12-05 00:00:00+01:00,43.02442425221468,43.12500646088507,42.75619970000902,42.96574783325195,65396
2016-12-06 00:00:00+01:00,42.9825082037244,43.74526321226333,42.957363453179866,43.6530647277832,33969
2016-12-07 00:00:00+01:00,44.25656499946074,44.29847398652263,43.694977538439815,44.00510787963867,19708
2016-12-08 00:00:00+01:00,44.24818303000266,44.24818303000266,43.92128846520871,44.088924407958984,3646
2016-12-09 00:00:00+01:00,44.248192475181774,44.248192475181774,43.60278372598277,43.76203918457031,21546
2016-12-12 00:00:00+01:00,43.96319889257679,44.248184481028666,43.669829588242074,44.00510787963867,7530
2016-12-13 00:00:00+01:00,44.2481813595551,44.2481813595551,43.60277277248978,43.66982650756836,3263
2016-12-14 00:00:00+01:00,43.66982650756836,44.23979764426369,43.5860085393575,43.66982650756836,11447
2016-12-15 00:00:00+01:00,44.2314187962375,44.2314187962375,43.76202984316504,44.088924407958984,2984
2016-12-16 00:00:00+01:00,44.08892585376245,44.08892585376245,43.334554494296235,44.00510787963867,22833
2016-12-19 00:00:00+01:00,44.00510778456198,44.00510778456198,43.16691525533223,43.7536506652832,21078
2016-12-20 00:00:00+01:00,43.837468639225875,43.837468639225875,40.233241403028096,43.7536506652832,25327
2016-12-21 00:00:00+01:00,43.75365147927266,44.00510860322952,43.75365147927266,43.963199615478516,2765
2016-12-22 00:00:00+01:00,43.96319793988175,46.083823974276,43.96319793988175,45.93294906616211,21470
2016-12-23 00:00:00+01:00,45.84912872314453,45.941330406385646,43.75364754930292,45.84912872314453,13781
2016-12-27 00:00:00+01:00,45.094754109842924,45.59767150878906,44.84329700909511,45.59767150878906,4032
2016-12-28 00:00:00+01:00,44.85168137823402,45.26239712943502,44.44096882448381,45.2037239074707,9375
2016-12-29 00:00:00+01:00,45.43003691584831,45.43003691584831,44.92711946664322,45.26239776611328,1150
2016-12-30 00:00:00+01:00,45.01094138371771,45.01094138371771,44.684046794932776,44.927120208740234,5831
2017-01-02 00:00:00+01:00,45.22048640897117,45.279159628686955,45.077992020053784,45.1785774230957,1455
2017-01-03 00:00:00+01:00,45.26239357938213,45.26239357938213,45.13666342934807,45.25401306152344,15286
2017-01-04 00:00:00+01:00,45.26239758716833,45.26239758716833,44.6756621641408,44.759483337402344,5547
2017-01-05 00:00:00+01:00,45.26239776611328,45.27077828474716,45.01094064023615,45.26239776611328,3205
2017-01-09 00:00:00+01:00,45.262400592592634,46.43587151656619,45.262400592592634,46.09221267700195,4613
2017-01-10 00:00:00+01:00,46.05868076463997,46.50292178815871,45.63958449416545,46.100589752197266,37394
2017-01-11 00:00:00+01:00,46.18440827616264,46.43586859939632,45.68149402459695,46.25984573364258,64370
2017-01-12 00:00:00+01:00,46.268224113630474,46.268224113630474,45.63957977294922,45.63957977294922,1786
2017-01-13 00:00:00+01:00,45.91618693288398,46.09220979870373,44.96064793608039,45.26239776611328,28076
2017-01-16 00:00:00+01:00,45.68149348172275,46.100589752197266,45.68149348172275,46.100589752197266,3229
2017-01-17 00:00:00+01:00,46.46939276981617,47.77697426932199,46.184407181364286,46.93878173828125,51360
2017-01-18 00:00:00+01:00,46.93878749515494,46.93878749515494,45.85751823011042,45.865901947021484,15901
2017-01-19 00:00:00+01:00,45.52223080785412,46.89686584472656,44.34037964103572,46.89686584472656,26983
2017-01-20 00:00:00+01:00,46.89687411304937,49.788639068603516,46.603504800195566,49.788639068603516,51690
2017-01-23 00:00:00+01:00,49.74672543828742,51.54884065900531,48.07034037620595,49.87245559692383,107366
2017-01-24 00:00:00+01:00,50.249642779651275,50.249642779651275,48.288272132854544,49.62099838256836,41222
2017-01-25 00:00:00+01:00,49.704818269095156,50.08200556134863,49.285721988247055,49.44498062133789,48476
2017-01-26 00:00:00+01:00,49.03426326129666,49.03426326129666,47.44169616699219,47.44169616699219,24930
2017-01-27 00:00:00+01:00,47.52551608401549,49.03426196657378,47.52551608401549,48.61516571044922,14350
2017-01-30 00:00:00+01:00,48.61516715686733,48.84147952560201,48.28827257895638,48.531349182128906,41803
2017-01-31 00:00:00+01:00,48.53972888104431,48.61516633601547,48.29665228197606,48.321800231933594,4724
2017-02-01 00:00:00+01:00,48.32180370509851,48.32180370509851,47.827269953065006,48.02005386352539,3947
2017-02-02 00:00:00+01:00,47.885944997834436,47.986527216364095,47.69316108004797,47.944618225097656,2054
2017-02-03 00:00:00+01:00,47.77696778670601,48.531342241265705,47.77696778670601,48.19606399536133,9430
2017-02-06 00:00:00+01:00,48.590023432614046,48.590023432614046,47.86917732378007,47.95299530029297,5265
2017-02-07 00:00:00+01:00,48.204455889420196,48.204455889420196,47.86079704511371,47.944618225097656,2575
2017-02-08 00:00:00+01:00,47.94461460522893,47.94461460522893,47.802120208740234,47.802120208740234,29449
2017-02-09 00:00:00+01:00,47.80211477704581,48.1122482881543,47.776970026531785,48.02842712402344,16548
2017-02-10 00:00:00+01:00,48.1122482881543,48.36370538564595,47.776970026531785,48.02842712402344,39431
2017-02-13 00:00:00+01:00,48.15416116663374,48.15416116663374,46.771142222383006,46.93040084838867,57525
2017-02-14 00:00:00+01:00,46.93877606850864,49.87244957279043,46.863338621929095,48.15415573120117,13544
2017-02-15 00:00:00+01:00,48.15416419375846,48.15416419375846,47.77697689457427,48.070343017578125,13314
2017-02-16 00:00:00+01:00,48.07033982790298,48.19606998510528,47.776973724365234,47.776973724365234,3622
2017-02-17 00:00:00+01:00,47.77696927616733,48.028426369709706,46.77113770454741,46.97230529785156,9160
2017-02-20 00:00:00+01:00,46.972313267920875,47.525520246560156,46.94716531608434,47.27406311035156,25228
2017-02-21 00:00:00+01:00,47.35787827271041,48.11225283391089,47.35787827271041,47.98652267456055,94506
2017-02-22 00:00:00+01:00,48.11225364779499,48.35532705722636,47.8356485715254,47.844032287597656,5393
2017-02-23 00:00:00+01:00,48.26312692160003,48.26312692160003,47.776973724365234,47.776973724365234,2230
2017-02-24 00:00:00+01:00,47.776973724365234,47.93622915236419,47.776973724365234,47.776973724365234,6635
2017-02-27 00:00:00+01:00,47.818882429038275,47.818882429038275,47.37464141845703,47.37464141845703,199
2017-02-28 00:00:00+01:00,47.776968221748824,47.776968221748824,46.863338350662985,47.357872009277344,5170
2017-03-01 00:00:00+01:00,47.315969016739736,47.60095460519162,46.695705136891256,46.93878173828125,11063
2017-03-02 00:00:00+01:00,46.93877756992596,48.38046961847213,46.645411489094116,48.02842712402344,24498
2017-03-03 00:00:00+01:00,47.81888825800709,49.327634332197775,47.81888825800709,48.69898986816406,17677
2017-03-06 00:00:00+01:00,48.690603431520394,48.866623092670025,48.154160732330645,48.66545867919922,20829
2017-03-07 00:00:00+01:00,48.40561209968899,48.61516020401664,47.56741968237835,48.19606399536133,1486
2017-03-08 00:00:00+01:00,48.19607353862606,48.19607353862606,47.35788095534561,48.02005386352539,4483
2017-03-09 00:00:00+01:00,47.366257981961674,47.776973724365234,47.35787746362519,47.776973724365234,1365
2017-03-10 00:00:00+01:00,47.35787916160873,48.44752883911133,47.35787916160873,48.44752883911133,10755
2017-03-13 00:00:00+01:00,47.818880334851926,48.196067590265855,47.693153381347656,47.693153381347656,5872
2017-03-14 00:00:00+01:00,48.02843119359302,48.02843119359302,45.38812665003534,46.43586730957031,56458
2017-03-15 00:00:00+01:00,46.519686022671785,46.519686022671785,45.68149348172275,46.100589752197266,36865
2017-03-16 00:00:00+01:00,46.100589752197266,46.60350399778637,45.94133432049923,46.100589752197266,27971
2017-03-17 00:00:00+01:00,46.64541399210843,46.77114094887558,45.93294844729197,46.519683837890625,5232
2017-03-20 00:00:00+01:00,46.519689214158554,46.519689214158554,46.01677493406697,46.393959045410156,1968
2017-03-21 00:00:00+01:00,46.930396295526215,47.44169099995319,46.30175196320819,46.67893600463867,5702
2017-03-22 00:00:00+01:00,46.47778022372609,46.47778022372609,45.388130485226995,46.393959045410156,2271
2017-03-23 00:00:00+01:00,46.393953416534444,46.477774584680546,46.10058732164965,46.469390869140625,12762
2017-03-24 00:00:00+01:00,46.26822754356806,47.19023803260382,46.26822754356806,46.72923278808594,1427
2017-03-27 00:00:00+02:00,45.68148911670994,46.938777807995535,45.68148911670994,46.687320709228516,4786
2017-03-28 00:00:00+02:00,46.27660806185353,46.72923278808594,46.26822754356806,46.72923278808594,3221
2017-03-29 00:00:00+02:00,46.72923206656442,46.93039967426738,46.43586596934203,46.771141052246094,2501
2017-03-30 00:00:00+02:00,46.93878136675441,46.93878136675441,46.43586713109091,46.93040084838867,5233
2017-03-31 00:00:00+02:00,46.91363843314821,46.91363843314821,46.36881199217972,46.85496520996094,60045
2017-04-03 00:00:00+02:00,46.854963849824074,46.854963849824074,46.10058929152786,46.838199615478516,4272
2017-04-04 00:00:00+02:00,46.82981963961689,46.82981963961689,46.20955890654836,46.58674621582031,805
2017-04-05 00:00:00+02:00,46.31851602253558,46.419101424438175,45.891039255526756,46.01676940917969,13414
2017-04-06 00:00:00+02:00,45.9329508847781,46.10059003348093,45.57252783417482,45.857513427734375,47263
2017-04-07 00:00:00+02:00,45.44679512308215,46.10058420314258,45.44679512308215,46.075439453125,573
2017-04-10 00:00:00+02:00,46.075438909409186,46.075438909409186,45.68148744404705,45.974853515625,53781
2017-04-11 00:00:00+02:00,45.689873742788045,45.689873742788045,44.02187238627121,44.407440185546875,16629
2017-04-12 00:00:00+02:00,44.256558644598215,45.17018850014123,42.78972192590211,44.868438720703125,49840
2017-04-13 00:00:00+02:00,44.73433367089146,45.08637619018555,44.34038536275015,45.08637619018555,41404
2017-04-18 00:00:00+02:00,45.07799218993213,45.086375905609216,44.55831372872646,44.684043884277344,26955
2017-04-19 00:00:00+02:00,44.667287434426285,44.96065358523493,44.51641250045291,44.83492660522461,832
2017-04-20 00:00:00+02:00,44.83492088373491,45.08637800911775,44.83492088373491,45.01094055175781,129162
2017-04-21 00:00:00+02:00,44.59184213169491,45.13666534423828,44.59184213169491,45.13666534423828,2412
2017-04-24 00:00:00+02:00,45.01094363975138,45.12829009315059,44.843304478844935,45.052852630615234,119446
2017-04-25 00:00:00+02:00,45.07799530029297,45.08637901654853,44.72595595638103,45.07799530029297,46269
2017-04-26 00:00:00+02:00,45.05284708510163,46.477774981236834,44.60860608121414,44.73433303833008,15288
2017-04-27 00:00:00+02:00,44.61699028779818,45.262398952857104,44.60860976894457,45.12828826904297,390
2017-04-28 00:00:00+02:00,45.061224484585516,45.061224484585516,44.633747744055846,44.692420959472656,54762
2017-05-02 00:00:00+02:00,44.60860247736179,44.60860247736179,44.01348341760265,44.13921356201172,975
2017-05-04 00:00:00+02:00,44.088931977747706,44.097315694795036,43.586017668248395,43.83747482299805,6540
2017-05-05 00:00:00+02:00,43.250728803113184,43.58600705947392,42.99927170956784,43.40160369873047,11054
2017-05-08 00:00:00+02:00,43.37645845278195,43.37645845278195,43.04118020025372,43.14176559448242,21087
2017-05-09 00:00:00+02:00,42.99927200764532,43.083093171041774,41.92638669577423,41.95991516113281,19877
2017-05-10 00:00:00+02:00,41.90962154930155,43.477040499959315,41.90962154930155,42.59693908691406,13883
2017-05-11 00:00:00+02:00,43.3932271514248,43.3932271514248,41.364799590007756,41.90962600708008,26647
2017-05-12 00:00:00+02:00,41.90962674262836,41.90962674262836,41.49891099367227,41.57434844970703,42579
2017-05-15 00:00:00+02:00,41.490524422067615,41.741981506347656,41.38994222784566,41.741981506347656,40386
2017-05-16 00:00:00+02:00,41.32289276908286,41.78389803983031,40.32544476892376,41.49053192138672,61942
2017-05-17 00:00:00+02:00,41.77551737989629,42.88193130493164,41.77551737989629,42.88193130493164,2824
2017-05-18 00:00:00+02:00,42.890312342494354,43.409994038911655,42.41254283260654,43.334556579589844,9933
2017-05-19 00:00:00+02:00,43.41837112386607,44.34038479792897,43.334553152337925,44.28171157836914,55483
2017-05-22 00:00:00+02:00,44.27333314448712,44.382299078433704,43.66983344564576,44.256568908691406,2361
2017-05-23 00:00:00+02:00,44.00511168724284,46.85496781834945,44.00511168724284,46.09221267700195,31838
2017-05-24 00:00:00+02:00,46.00838732990763,46.519685283352814,45.68149275572483,46.43586730957031,14881
2017-05-25 00:00:00+02:00,46.46939113671338,46.82981416819038,45.304304071104255,46.519683837890625,5117
2017-05-26 00:00:00+02:00,46.519683837890625,46.519683837890625,45.93294844729197,46.519683837890625,3723
2017-05-29 00:00:00+02:00,46.519686397341125,46.829816744703834,46.108970642089844,46.108970642089844,48709
2017-05-30 00:00:00+02:00,46.5196877431327,46.5196877431327,44.549936478034475,46.419105529785156,3273
2017-05-31 00:00:00+02:00,46.10058901953882,46.47777629646156,45.59767478194233,46.43586730957031,6776
2017-06-01 00:00:00+02:00,46.100589752197266,46.100589752197266,45.84913262940271,46.100589752197266,545
2017-06-02 00:00:00+02:00,45.60605900624999,46.09221224655497,45.30430916019186,45.89104461669922,7392
2017-06-05 00:00:00+02:00,45.88265873742686,46.01676940917969,45.28753963391371,46.01676940917969,4649
2017-06-06 00:00:00+02:00,45.68987033408694,45.68987033408694,44.8852063267305,45.25401306152344,1041
2017-06-07 00:00:00+02:00,45.26239603412857,46.100588553279096,44.8516802928665,45.23725128173828,5402
2017-06-08 00:00:00+02:00,45.68149634976719,45.68149634976719,44.61699137223446,45.09476089477539,331
2017-06-09 00:00:00+02:00,45.05285148963015,45.756933389645205,44.64213571568347,45.731788635253906,15575
2017-06-12 00:00:00+02:00,45.631200608435385,45.631200608435385,44.05540093947774,45.30430603027344,34949
2017-06-13 00:00:00+02:00,44.256569014397876,45.26240078238554,44.256569014397876,45.052852630615234,3355
2017-06-14 00:00:00+02:00,44.42420157787964,45.513851165771484,44.42420157787964,45.513851165771484,2823
2017-06-15 00:00:00+02:00,45.513851165771484,45.513851165771484,45.513851165771484,45.513851165771484,0
2017-06-16 00:00:00+02:00,45.51385071491672,45.60605239868164,44.34876368723394,45.60605239868164,765
2017-06-19 00:00:00+02:00,44.42420150013921,45.61443328857422,44.42420150013921,45.61443328857422,405
2017-06-20 00:00:00+02:00,44.440965008408504,45.59767150878906,44.440965008408504,45.59767150878906,468
2017-06-21 00:00:00+02:00,45.254017823176156,45.262398341916644,44.36553255649326,44.4242057800293,18051
2017-06-22 00:00:00+02:00,44.4242057800293,45.1282876599127,44.4242057800293,44.4242057800293,3002
2017-06-23 00:00:00+02:00,44.30685993100004,45.12828826904297,44.29847621469552,45.12828826904297,5360
2017-06-26 00:00:00+02:00,44.994176405517564,45.26239776611328,44.340387238746864,45.26239776611328,3684
2017-06-27 00:00:00+02:00,44.50802085928559,45.22048640897117,44.474495589055614,45.1785774230957,6588
2017-06-28 00:00:00+02:00,44.35714827601461,45.26239776611328,44.35714827601461,45.26239776611328,16704
2017-06-29 00:00:00+02:00,44.843302060972974,44.843302060972974,44.323623567889065,44.4242057800293,105799
2017-06-30 00:00:00+02:00,44.4242057800293,44.4242057800293,44.281714579284866,44.4242057800293,43236
2017-07-03 00:00:00+02:00,44.508029412209325,44.508029412209325,44.34039343649355,44.34877395629883,43611
2017-07-04 00:00:00+02:00,43.946433749097764,44.34876577197978,43.946433749097764,44.189510345458984,49927
2017-07-05 00:00:00+02:00,44.18950672640878,44.424199587839645,44.02186759790798,44.34038162231445,7251
2017-07-06 00:00:00+02:00,44.41582526128881,44.4242057800293,44.03025425275796,44.4242057800293,3417
2017-07-07 00:00:00+02:00,45.35719965431143,45.365757794557226,44.467002868652344,44.467002868652344,30027
2017-07-10 00:00:00+02:00,43.6538433379687,45.365758762987085,43.6538433379687,45.357200622558594,3009
2017-07-11 00:00:00+02:00,45.36576094924363,45.36576094924363,44.52692274238587,45.32296371459961,212
2017-07-12 00:00:00+02:00,45.186010493213374,45.1945686340332,43.91919341259894,45.1945686340332,20420
2017-07-13 00:00:00+02:00,45.023379686839476,45.023379686839476,44.17598327994442,44.218780517578125,752
2017-07-14 00:00:00+02:00,44.37284621146078,45.36575698852539,44.37284621146078,45.36575698852539,9745
2017-07-17 00:00:00+02:00,45.36575698852539,45.36575698852539,44.53547699499726,45.36575698852539,3750
2017-07-18 00:00:00+02:00,44.51835919090639,45.357200622558594,44.51835919090639,45.357200622558594,9522
2017-07-19 00:00:00+02:00,45.27160112139712,45.36575698852539,44.518357449590354,45.36575698852539,3250
2017-07-20 00:00:00+02:00,45.28016456304637,46.204597200056874,44.16741691809102,45.37431716918945,32183
2017-07-21 00:00:00+02:00,45.40855753669092,46.17892081018239,44.210218657639324,45.8365364074707,10698
2017-07-24 00:00:00+02:00,45.75093956402095,45.75093956402095,44.51835839043002,45.34008026123047,1345
2017-07-25 00:00:00+02:00,44.59539324779719,45.34863691076148,44.261570279329895,45.26304244995117,26076
2017-07-26 00:00:00+02:00,45.348639216910556,45.357200622558594,44.398525633590225,45.357200622558594,1342
2017-07-27 00:00:00+02:00,45.049052808596926,46.093318939208984,44.6125125710657,46.093318939208984,2407
2017-07-28 00:00:00+02:00,46.03340058902333,46.03340058902333,44.63819199421611,45.27159881591797,4240
2017-07-31 00:00:00+02:00,45.31439508738633,45.31439508738633,44.295806698210725,45.29727554321289,3504
2017-08-01 00:00:00+02:00,44.35572698574813,44.93777847290039,44.35572698574813,44.93777847290039,1666
2017-08-02 00:00:00+02:00,44.612511612138604,44.92921829223633,44.34716683151856,44.92921829223633,943
2017-08-03 00:00:00+02:00,44.4070840680973,44.42420361302841,43.747996281736405,44.28725051879883,10537
2017-08-04 00:00:00+02:00,43.65384261599896,43.91062927246094,43.65384261599896,43.91062927246094,6964
2017-08-07 00:00:00+02:00,43.653838000260116,44.23588943481445,43.653838000260116,44.23588943481445,366
2017-08-08 00:00:00+02:00,44.28725348192211,45.357200622558594,44.28725348192211,45.357200622558594,210
2017-08-09 00:00:00+02:00,44.50979824573016,44.50979824573016,43.525445632284935,43.902069091796875,27280
2017-08-10 00:00:00+02:00,43.833591444839634,45.26304244995117,42.41270184494075,45.26304244995117,4679
2017-08-11 00:00:00+02:00,45.254480159623895,45.254480159623895,43.91918831187114,44.50123977661133,3302
2017-08-14 00:00:00+02:00,45.26304111030809,45.26304111030809,43.65383982599056,44.972015380859375,332
2017-08-15 00:00:00+02:00,44.972015380859375,44.972015380859375,44.972015380859375,44.972015380859375,0
2017-08-16 00:00:00+02:00,45.23736380002289,45.357200622558594,44.330050714503656,45.357200622558594,520
2017-08-17 00:00:00+02:00,44.12461770088977,45.36575698852539,44.12461770088977,45.36575698852539,371
2017-08-18 00:00:00+02:00,44.12461601495155,44.92921829223633,44.12461601495155,44.92921829223633,482
2017-08-21 00:00:00+02:00,44.10749708575041,44.12461663074212,43.95342444604437,44.07326126098633,725
2017-08-22 00:00:00+02:00,43.91919127930025,43.91919127930025,43.01187493114434,43.5682487487793,563
2017-08-23 00:00:00+02:00,43.06323012445355,43.140266442806464,42.2415083069494,42.797882080078125,7715
2017-08-24 00:00:00+02:00,44.08181617911456,44.08181617911456,41.71937465164871,41.91624450683594,3821
2017-08-25 00:00:00+02:00,41.6594600985717,42.3613484234288,41.6509019581847,42.352787017822266,69086
2017-08-28 00:00:00+02:00,42.35278780413426,42.541099548339844,41.650902731465656,42.541099548339844,2219
2017-08-29 00:00:00+02:00,41.882010045966325,42.780764967702446,41.77073463197021,41.93336868286133,1280
2017-08-30 00:00:00+02:00,41.65090000292515,41.94192574071439,41.5995413673555,41.830650329589844,784
2017-08-31 00:00:00+02:00,41.513948378200034,41.513948378200034,39.5024490927668,40.99181365966797,8968
2017-09-01 00:00:00+02:00,39.89618246847213,39.90474060739175,39.588037223862166,39.7934684753418,5391
2017-09-04 00:00:00+02:00,39.75923653941125,39.75923653941125,38.94607605661386,39.3483772277832,57639
2017-09-05 00:00:00+02:00,39.34837624643198,39.5880433559328,39.202861740506854,39.54524612426758,3357
2017-09-06 00:00:00+02:00,39.37405340377278,39.784912699637985,39.28845894159148,39.44253158569336,202462
2017-09-07 00:00:00+02:00,39.44253562707364,39.63084411621094,38.56945830944511,39.63084411621094,112641
2017-09-08 00:00:00+02:00,39.63083648186093,39.80202865600586,39.48532525623018,39.80202865600586,2348
2017-09-11 00:00:00+02:00,39.77635125034583,39.97322110915993,39.048785321456336,39.716434478759766,182502
2017-09-12 00:00:00+02:00,39.80202895890717,39.80202895890717,38.80056012014955,39.03166580200195,3269
2017-09-13 00:00:00+02:00,39.03167021742545,39.03167021742545,38.184273914187905,38.68928909301758,3206
2017-09-14 00:00:00+02:00,38.52664405117586,38.52664405117586,37.362544641915356,37.66212844848633,50746
2017-09-15 00:00:00+02:00,37.66213201293037,38.26130294799805,36.81473260594312,38.26130294799805,45647
2017-09-18 00:00:00+02:00,38.68072386484848,39.202858538082396,38.26130645748364,38.860477447509766,1208
2017-09-19 00:00:00+02:00,38.86047607246231,40.70078294037283,37.936040303666296,39.356929779052734,159701
2017-09-20 00:00:00+02:00,38.18427342080884,39.88762741088633,38.18427342080884,39.33125686645508,65742
2017-09-21 00:00:00+02:00,38.81766971979563,39.33124615776978,37.66212844848633,37.66212844848633,4145
2017-09-22 00:00:00+02:00,37.59366302120853,39.41685395308241,37.59366302120853,38.52665710449219,8629
2017-09-25 00:00:00+02:00,38.51809663685789,38.60369110107422,37.876128359576924,38.60369110107422,18490
2017-09-26 00:00:00+02:00,38.68928950291222,39.18574328139016,38.01308212210474,38.66360855102539,2662
2017-09-27 00:00:00+02:00,38.56945204252104,39.228539810459694,38.09011459350586,38.09011459350586,57401
2017-09-28 00:00:00+02:00,38.20995266864045,39.014555027189495,37.97028554833373,37.978843688964844,45195
2017-09-29 00:00:00+02:00,38.16715061363421,38.51809310913086,38.10723384112644,38.51809310913086,908
2017-10-02 00:00:00+02:00,39.03166637783159,39.03166637783159,38.098672436357205,38.51809310913086,194
2017-10-03 00:00:00+02:00,38.11579498060259,38.93751684650475,37.24271774291992,37.24271774291992,4110
2017-10-04 00:00:00+02:00,37.234161376953125,38.50953983552701,36.82330205703379,37.234161376953125,53455
2017-10-05 00:00:00+02:00,37.0629691773485,37.31975584414563,37.0629691773485,37.234161376953125,2555
2017-10-06 00:00:00+02:00,37.15712327980611,38.00452283159852,37.15712327980611,37.24271774291992,1679
2017-10-09 00:00:00+02:00,38.51809488310823,38.51809488310823,37.328314252487324,38.50953674316406,99
2017-10-10 00:00:00+02:00,38.29554707713076,38.29554707713076,37.33687214867426,38.25274658203125,275
2017-10-11 00:00:00+02:00,37.550862765971324,38.51809586529461,36.81473863366614,37.22560119628906,203295
2017-10-12 00:00:00+02:00,36.977367260698585,36.977367260698585,36.84897232055664,36.84897232055664,1328
2017-10-13 00:00:00+02:00,36.79762219022992,36.79762219022992,36.2498065309008,36.35252380371094,55548
2017-10-16 00:00:00+02:00,36.29260253816249,36.29260253816249,35.779026033294166,36.12141036987305,50676
2017-10-17 00:00:00+02:00,35.87319330778493,36.03582412355588,35.53080886222285,35.95022964477539,38107
2017-10-18 00:00:00+02:00,35.53080405197749,37.662140243354884,35.53080405197749,37.234161376953125,56318
2017-10-19 00:00:00+02:00,37.234149716117166,37.66212844848633,36.8147291216992,37.66212844848633,30092
2017-10-20 00:00:00+02:00,38.17571018217367,38.93751523940976,37.670695034119284,37.679256439208984,6609
2017-10-23 00:00:00+02:00,37.747731071622994,38.24418807609543,37.747731071622994,37.76485061645508,1213
2017-10-24 00:00:00+02:00,37.747731158015085,37.747731158015085,36.76338181706236,36.80617904663086,2200
2017-10-25 00:00:00+02:00,36.763385985936864,36.763385985936864,36.04438134590712,36.378204345703125,27408
2017-10-26 00:00:00+02:00,36.17276559830907,36.95168685913086,35.99301529163151,36.95168685913086,1631
2017-10-27 00:00:00+02:00,37.148571215432526,37.148571215432526,36.03582342164021,36.463802337646484,1838
2017-10-30 00:00:00+01:00,36.806183220358456,36.90033909521778,36.17277304917191,36.378204345703125,2704
2017-10-31 00:00:00+01:00,36.36963885153371,36.36963885153371,35.265452794519405,36.2926025390625,6116
2017-11-01 00:00:00+01:00,36.2926025390625,36.2926025390625,36.2926025390625,36.2926025390625,0
2017-11-02 00:00:00+01:00,35.77902921089032,36.80617904663086,35.77902921089032,36.80617904663086,46067
2017-11-03 00:00:00+01:00,36.806183039793495,36.806183039793495,36.378204167237755,36.592193603515625,21905
2017-11-06 00:00:00+01:00,36.74626168890479,37.31975173950195,36.63498628161756,37.31975173950195,13531
2017-11-07 00:00:00+01:00,37.234161376953125,37.234161376953125,36.806182510551366,37.234161376953125,7669
2017-11-08 00:00:00+01:00,36.85753399808387,37.53373799421967,36.76337814331055,36.76337814331055,23354
2017-11-09 00:00:00+01:00,36.80618749346052,36.80618749346052,35.65064570382362,35.95022964477539,2977
2017-11-10 00:00:00+01:00,36.010142252281966,36.378204345703125,35.95878361184424,36.378204345703125,2275
2017-11-13 00:00:00+01:00,35.9502165718376,36.37819534054995,35.9502165718376,36.0871696472168,6233
2017-11-14 00:00:00+01:00,36.378201434812325,38.43250117486597,36.378201434812325,37.88468551635742,54218
2017-11-15 00:00:00+01:00,38.475300208073484,38.475300208073484,37.876129150390625,37.876129150390625,10196
2017-11-16 00:00:00+01:00,37.8590056615189,37.8590056615189,36.54939152977549,37.74773025512695,577
2017-11-17 00:00:00+01:00,37.88468334560196,37.88468334560196,37.74773025512695,37.74773025512695,110
2017-11-20 00:00:00+01:00,37.670694838704065,37.670694838704065,36.80617904663086,36.80617904663086,2170
2017-11-21 00:00:00+01:00,36.80617904663086,36.80617904663086,36.80617904663086,36.80617904663086,426
2017-11-22 00:00:00+01:00,36.80617904663086,36.80617904663086,36.80617904663086,36.80617904663086,650
2017-11-23 00:00:00+01:00,36.72914390986517,37.23415907155947,36.72914390986517,37.1400032043457,22022
2017-11-24 00:00:00+01:00,36.96880982507888,36.96880982507888,36.80617904663086,36.80617904663086,329
2017-11-27 00:00:00+01:00,36.617867025628605,37.062965393066406,36.06149651524582,37.062965393066406,16484
2017-11-28 00:00:00+01:00,37.062966926423734,37.88468551635742,36.806180275221884,37.88468551635742,1234
2017-11-29 00:00:00+01:00,37.86756706635941,37.86756706635941,36.91745357265567,37.74773025512695,5976
2017-11-30 00:00:00+01:00,36.93457696347439,37.876129150390625,36.93457696347439,37.876129150390625,2745
2017-12-01 00:00:00+01:00,37.8761260827719,37.918923312307435,36.8147371581062,37.148563385009766,3217
2017-12-04 00:00:00+01:00,36.81473659070612,37.64501654482019,36.80617845101863,37.490943908691406,278
2017-12-05 00:00:00+01:00,36.90033636138735,37.23415933645146,36.90033636138735,37.22560119628906,533
2017-12-06 00:00:00+01:00,37.49094308381386,37.66213526077029,36.93457259022945,37.645015716552734,21536
2017-12-07 00:00:00+01:00,37.66213577784849,38.09011459350586,37.405349141497915,38.09011459350586,6467
2017-12-08 00:00:00+01:00,37.66213478952439,39.27989414782116,37.66213478952439,39.24565505981445,20357
2017-12-11 00:00:00+01:00,39.37405572974725,39.37405572974725,38.526656137127794,39.36549758911133,1957
2017-12-12 00:00:00+01:00,38.68928457319161,39.24565505981445,38.51809239837721,39.24565505981445,3968
2017-12-13 00:00:00+01:00,39.23709913269105,39.23709913269105,38.74064212425995,38.93751525878906,493
2017-12-14 00:00:00+01:00,38.518092961601134,38.74920191119704,37.75629120101787,38.73208236694336,349
2017-12-15 00:00:00+01:00,38.509536430232316,38.94607339866369,38.509536430232316,38.93751525878906,4299
2017-12-18 00:00:00+01:00,38.93751033096385,38.93751033096385,37.7134907749826,38.218505859375,32724
2017-12-19 00:00:00+01:00,38.34689753256152,38.41537570376947,37.84188244816912,38.218505859375,6207
2017-12-20 00:00:00+01:00,38.31266303231008,38.860478671880806,38.31266303231008,38.8519172668457,6233
2017-12-21 00:00:00+01:00,38.004519840430135,38.51809310913086,38.004519840430135,38.51809310913086,9623
2017-12-22 00:00:00+01:00,38.81767667594921,38.94607162475586,38.18426986705834,38.94607162475586,26994
2017-12-25 00:00:00+01:00,38.94607162475586,38.94607162475586,38.94607162475586,38.94607162475586,0
2017-12-26 00:00:00+01:00,38.94607162475586,38.94607162475586,38.94607162475586,38.94607162475586,0
2017-12-27 00:00:00+01:00,39.20286476395798,40.5723991394043,38.56945784993559,40.5723991394043,8841
2017-12-28 00:00:00+01:00,40.52959644940332,43.183067321777344,39.65652245456842,43.183067321777344,17986
2017-12-29 00:00:00+01:00,43.14026739419985,43.14026739419985,41.513946533203125,41.513946533203125,32271
2018-01-01 00:00:00+01:00,41.513946533203125,41.513946533203125,41.513946533203125,41.513946533203125,0
2018-01-02 00:00:00+01:00,41.513946533203125,41.513946533203125,41.513946533203125,41.513946533203125,0
2018-01-03 00:00:00+01:00,41.51394748665199,42.96907619592904,39.545245475380426,40.40120315551758,6068
2018-01-04 00:00:00+01:00,40.4868007241409,41.257164001464844,40.230014053439476,41.257164001464844,5211
2018-01-05 00:00:00+01:00,41.17156216292402,41.513946533203125,40.743583332684814,41.513946533203125,487
2018-01-08 00:00:00+01:00,41.342754630193454,41.42835235595703,41.25716016964924,41.42835235595703,75907
2018-01-09 00:00:00+01:00,41.17156626775125,41.42835620367235,41.17156626775125,41.257164001464844,8542
2018-01-10 00:00:00+01:00,41.34275745630889,42.36990737915039,41.34275745630889,42.36990737915039,40347
2018-01-11 00:00:00+01:00,42.71229075723814,43.99622731388594,41.513948664945715,43.65384292602539,63273
2018-01-12 00:00:00+01:00,44.16741298803866,44.16741298803866,42.96907424926758,42.96907424926758,35541
2018-01-15 00:00:00+01:00,42.797885840343724,43.1402702331543,42.36990698194029,43.1402702331543,1699
2018-01-16 00:00:00+01:00,43.14026643058324,43.14026643058324,42.3699032472724,42.96907424926758,18377
2018-01-17 00:00:00+01:00,42.79787881216817,42.79787881216817,41.94192123592481,42.284305572509766,2446
2018-01-18 00:00:00+01:00,42.198711077913174,42.797882080078125,42.02751889654901,42.797882080078125,5735
2018-01-19 00:00:00+01:00,43.140266442806464,43.140266442806464,42.797882080078125,42.797882080078125,43396
2018-01-22 00:00:00+01:00,42.541097941154945,44.50979997951257,42.541097941154945,44.33860778808594,72063
2018-01-23 00:00:00+01:00,44.50979995727539,45.194565457420346,43.996226648471534,44.50979995727539,146193
2018-01-24 00:00:00+01:00,44.3386045719651,44.3386045719651,43.48264694213867,43.48264694213867,954
2018-01-25 00:00:00+01:00,42.45549805023065,42.79788241564352,42.02751922607422,42.02751922607422,2763
2018-01-26 00:00:00+01:00,42.62669300359893,43.99622728904848,42.62669300359893,43.825035095214844,3791
2018-01-29 00:00:00+01:00,43.65384226578932,44.6809921486165,43.65384226578932,44.50979995727539,52081
2018-01-30 00:00:00+01:00,44.50979995727539,44.50979995727539,44.50979995727539,44.50979995727539,0
2018-01-31 00:00:00+01:00,44.338607765934285,44.50979995727539,43.65384226578932,44.50979995727539,1486
2018-02-01 00:00:00+01:00,44.33860778808594,44.680992170939206,44.33860778808594,44.33860778808594,156
2018-02-02 00:00:00+01:00,44.50979993520861,44.680992126464844,44.50979993520861,44.680992126464844,11641
2018-02-05 00:00:00+01:00,42.79788457430326,44.50979995727539,41.25716138267223,44.50979995727539,4632
2018-02-06 00:00:00+01:00,42.02752195779097,44.6809927991635,42.02752195779097,43.825035095214844,273270
2018-02-07 00:00:00+01:00,43.825034479025504,44.33860778808594,43.65384228759887,44.33860778808594,8974
2018-02-08 00:00:00+01:00,43.482650074448216,44.50979995727539,43.31145788310711,44.50979995727539,818
2018-02-09 00:00:00+01:00,42.797882080078125,43.140266442806464,42.45549771734979,42.797882080078125,13730
2018-02-12 00:00:00+01:00,42.79788522159352,43.65384292602539,42.79788522159352,43.65384292602539,748
2018-02-13 00:00:00+01:00,43.99622728904848,43.99622728904848,42.9690773912662,43.825035095214844,3929
2018-02-14 00:00:00+01:00,44.167414912728425,46.05052245882261,43.3114572340692,45.536949157714844,116999
2018-02-15 00:00:00+01:00,45.36575260258415,46.56409454345703,45.19456043028529,46.56409454345703,8069
2018-02-16 00:00:00+01:00,45.36575698852539,46.56409904525345,45.19456479967575,45.36575698852539,43133
2018-02-19 00:00:00+01:00,45.36575635274251,46.22171401977539,45.36575635274251,46.22171401977539,15862
2018-02-20 00:00:00+01:00,46.050522439089626,46.221714627792,45.365756949499556,45.7081413269043,1560
2018-02-21 00:00:00+01:00,44.85218366783134,45.536949157714844,44.85218366783134,45.536949157714844,433
2018-02-22 00:00:00+01:00,45.36575635274251,46.22171401977539,45.36575635274251,46.22171401977539,750
2018-02-23 00:00:00+01:00,45.536949157714844,45.536949157714844,45.36575696893912,45.536949157714844,1591
2018-02-26 00:00:00+01:00,45.53694917737503,45.53694917737503,45.36575698852539,45.36575698852539,1520
2018-02-27 00:00:00+01:00,45.36575698852539,45.36575698852539,44.50979930949661,45.36575698852539,3454
2018-02-28 00:00:00+01:00,44.50979234215562,44.852176666259766,43.99621912121831,44.852176666259766,9689
2018-03-01 00:00:00+01:00,44.85218366783134,45.536949157714844,44.85218366783134,45.536949157714844,1373
2018-03-02 00:00:00+01:00,45.53694204924915,45.53694204924915,44.852176666259766,44.852176666259766,87209
2018-03-05 00:00:00+01:00,44.50979995727539,44.50979995727539,44.50979995727539,44.50979995727539,10
2018-03-06 00:00:00+01:00,44.50979930949661,45.36575698852539,44.50979930949661,45.36575698852539,10592
2018-03-07 00:00:00+01:00,45.365749887197076,45.365749887197076,44.50979234215562,44.852176666259766,15650
2018-03-08 00:00:00+01:00,44.680995289131566,45.36576083740698,44.680995289131566,45.1945686340332,4792
2018-03-09 00:00:00+01:00,44.6809921486165,44.6809921486165,44.16741557459318,44.50979995727539,417
2018-03-12 00:00:00+01:00,45.023376430659425,45.36576083740698,43.82503753748238,45.1945686340332,4260
2018-03-13 00:00:00+01:00,45.19456476079718,45.7081413269043,44.50979927120711,45.7081413269043,34182
2018-03-14 00:00:00+01:00,45.708142031443664,45.708142031443664,44.50979995727539,44.50979995727539,833
2018-03-15 00:00:00+01:00,46.0505256652832,46.22171786597891,45.02337572632864,46.0505256652832,46576
2018-03-16 00:00:00+01:00,46.22171719789937,46.73529052734375,45.87933280145673,46.73529052734375,20019
2018-03-19 00:00:00+01:00,47.0776749237864,47.0776749237864,44.680993944346646,46.73529052734375,3548
2018-03-20 00:00:00+01:00,44.852183058610535,46.22171401977539,44.852183058610535,46.22171401977539,1646
2018-03-21 00:00:00+01:00,46.22171786597891,46.39291006667461,45.36576012772004,46.0505256652832,131449
2018-03-22 00:00:00+01:00,46.221714667554174,46.221714667554174,45.36575698852539,45.36575698852539,5035
2018-03-23 00:00:00+01:00,45.36575702814478,45.36575702814478,45.023372650146484,45.023372650146484,149
2018-03-26 00:00:00+02:00,44.50979868570963,46.22171401977539,44.50979868570963,46.22171401977539,186
2018-03-27 00:00:00+02:00,46.22171401977539,46.22171401977539,45.36575635274251,46.22171401977539,117601
2018-03-28 00:00:00+02:00,46.22171858905617,46.22171858905617,44.509803085757795,45.1945686340332,71013
2018-03-29 00:00:00+02:00,45.023372591387655,46.22171464759834,44.167414912728425,45.536949157714844,12126
2018-03-30 00:00:00+02:00,45.536949157714844,45.536949157714844,45.536949157714844,45.536949157714844,0
2018-04-02 00:00:00+02:00,45.536949157714844,45.536949157714844,45.536949157714844,45.536949157714844,0
2018-04-03 00:00:00+02:00,45.365760158873606,45.87933349609375,44.33861021921367,45.87933349609375,60
2018-04-04 00:00:00+02:00,44.50979234215562,45.02336556309293,44.50979234215562,44.852176666259766,3287
2018-04-05 00:00:00+02:00,44.50979993520861,44.680992126464844,44.50979993520861,44.680992126464844,7551
2018-04-06 00:00:00+02:00,45.36575767142627,45.36575767142627,43.482650096172236,44.33860778808594,3631
2018-04-09 00:00:00+02:00,43.31146092736105,45.1945686340332,43.31146092736105,45.1945686340332,7270
2018-04-10 00:00:00+02:00,45.02337197984161,46.22171401977539,45.02337197984161,46.22171401977539,51424
2018-04-11 00:00:00+02:00,46.22171401977539,46.22171401977539,44.68099087216008,46.22171401977539,247
2018-04-12 00:00:00+02:00,44.68099028298412,46.90647888183594,44.68099028298412,46.90647888183594,11042
2018-04-13 00:00:00+02:00,45.53694853919296,46.22171401977539,45.53694853919296,46.22171401977539,577
2018-04-16 00:00:00+02:00,46.050525696907016,46.050525696907016,44.680994620840195,45.87933349609375,7094
2018-04-17 00:00:00+02:00,45.8793334645875,46.0505256652832,45.70814452911144,46.0505256652832,13037
2018-04-18 00:00:00+02:00,45.879330270046886,45.879330270046886,45.023372591387655,45.536949157714844,11005
2018-04-19 00:00:00+02:00,44.33860715936931,46.221714707921095,44.33860715936931,45.023372650146484,16159
2018-04-20 00:00:00+02:00,45.36575635274251,46.22171401977539,45.36575635274251,46.22171401977539,4107
2018-04-23 00:00:00+02:00,45.70814072564341,46.22171401977539,45.36575635274251,46.22171401977539,50578
2018-04-24 00:00:00+02:00,45.708139525287194,47.76243591308594,45.708139525287194,47.76243591308594,45669
2018-04-25 00:00:00+02:00,47.93362808227539,47.93362808227539,47.42005480176729,47.93362808227539,11312
2018-04-26 00:00:00+02:00,47.93362808227539,48.276012446093645,47.76243590036626,47.93362808227539,78905
2018-04-27 00:00:00+02:00,47.93362809504065,48.10482027699537,47.76243591308594,47.76243591308594,66358
2018-04-30 00:00:00+02:00,47.933630025611734,48.10482221446137,45.36575698852539,45.36575698852539,4722
2018-05-01 00:00:00+02:00,45.36575698852539,45.36575698852539,45.36575698852539,45.36575698852539,0
2018-05-02 00:00:00+02:00,46.5640983753516,47.07767166929249,45.70814070863719,46.392906188964844,5057
2018-05-03 00:00:00+02:00,46.392906188964844,46.392906188964844,46.392906188964844,46.392906188964844,0
2018-05-04 00:00:00+02:00,46.73528669764288,46.90647888183594,46.050521226089955,46.90647888183594,1643
2018-05-07 00:00:00+02:00,46.73528668274838,47.59124433822157,46.392905579690705,47.07767105102539,11427
2018-05-08 00:00:00+02:00,47.077670437949045,47.93362808227539,46.56409715744095,47.93362808227539,34218
2018-05-09 00:00:00+02:00,47.93362808227539,47.93362808227539,47.591243718457136,47.93362808227539,75483
2018-05-10 00:00:00+02:00,47.93362808227539,47.93362808227539,46.56409715744095,47.93362808227539,34782
2018-05-11 00:00:00+02:00,47.93362808227539,47.93362808227539,47.24886261985817,47.93362808227539,68518
2018-05-14 00:00:00+02:00,47.93362808227539,47.93362808227539,47.077670437949045,47.93362808227539,411
2018-05-15 00:00:00+02:00,47.93362808227539,47.93362808227539,47.42005480176729,47.93362808227539,4465
2018-05-16 00:00:00+02:00,48.10482346843883,48.44720458984375,47.93363127512662,48.44720458984375,10437
2018-05-17 00:00:00+02:00,48.44720516547829,48.44720516547829,47.248866328493534,48.27601623535156,11591
2018-05-18 00:00:00+02:00,47.591243731131215,47.93362809504065,47.591243731131215,47.76243591308594,23232
2018-05-21 00:00:00+02:00,48.27601566175104,48.44720458984375,47.248865767097286,48.44720458984375,135
2018-05-22 00:00:00+02:00,48.61839354469261,48.789585726601736,46.73528607413079,47.93362808227539,24854
2018-05-23 00:00:00+02:00,47.93362870649858,47.93362870649858,46.56409776382921,47.07767105102539,13449
2018-05-24 00:00:00+02:00,47.24886387325871,47.762437167390694,45.53694853919296,46.22171401977539,20788
2018-05-25 00:00:00+02:00,46.22171401977539,46.22171401977539,44.68099087216008,46.22171401977539,10510
2018-05-28 00:00:00+02:00,46.22171336640965,47.4200553894043,45.53694789550671,47.4200553894043,56205
2018-05-29 00:00:00+02:00,47.24886780493348,47.24886780493348,45.70814452911144,46.0505256652832,1427
2018-05-30 00:00:00+02:00,46.050521833324936,46.564098392676286,45.36575635274251,46.22171401977539,2348
2018-05-31 00:00:00+02:00,46.22171401977539,46.22171401977539,46.22171401977539,46.22171401977539,0
2018-06-01 00:00:00+02:00,44.85218614256797,47.0776749237864,44.85218614256797,46.73529052734375,13560
2018-06-04 00:00:00+02:00,46.22171401977539,46.39290620622584,45.70814072564341,46.22171401977539,6047
2018-06-05 00:00:00+02:00,46.221717897720275,46.221717897720275,45.365760158873606,45.87933349609375,13194
2018-06-06 00:00:00+02:00,45.023372650146484,45.023372650146484,45.023372650146484,45.023372650146484,326
2018-06-07 00:00:00+02:00,45.02337138615091,46.90647888183594,44.16741373040493,46.90647888183594,12438
2018-06-08 00:00:00+02:00,45.7081413269043,45.7081413269043,45.7081413269043,45.7081413269043,86
2018-06-11 00:00:00+02:00,45.53694853919296,46.90647950035782,45.53694853919296,46.22171401977539,929
2018-06-12 00:00:00+02:00,46.221717897720275,46.56410229934681,45.87933349609375,45.87933349609375,1616
2018-06-13 00:00:00+02:00,45.53694917737503,46.221714667554174,45.36575698852539,45.36575698852539,1564
2018-06-14 00:00:00+02:00,45.365757626270316,45.87933093481955,44.50979993520861,44.680992126464844,3057
2018-06-15 00:00:00+02:00,44.509803085757795,45.1945686340332,44.509803085757795,45.1945686340332,36936
2018-06-18 00:00:00+02:00,45.02337326607924,45.02337326607924,44.50979995727539,44.50979995727539,2390
2018-06-19 00:00:00+02:00,43.996226648471534,44.50979995727539,42.79788457430326,44.50979995727539,7604
2018-06-20 00:00:00+02:00,44.33860516935433,44.33860516935433,42.96907424926758,42.96907424926758,22058
2018-06-21 00:00:00+02:00,42.79788522159352,44.85218501831781,42.79788522159352,43.65384292602539,8512
2018-06-22 00:00:00+02:00,43.65383972167969,43.65383972167969,42.797882080078125,42.797882080078125,786
2018-06-25 00:00:00+02:00,42.54109856330786,43.65384292602539,40.40120430222819,43.65384292602539,7343
2018-06-26 00:00:00+02:00,43.65384292602539,43.65384292602539,43.48265073209511,43.65384292602539,951
2018-06-27 00:00:00+02:00,42.797886241566054,42.969078439576236,42.36990737915039,42.36990737915039,36081
2018-06-28 00:00:00+02:00,42.712284358804546,42.797878810337615,41.94192123413086,41.94192123413086,81392
2018-06-29 00:00:00+02:00,41.94192386149495,43.48264694213867,41.94192386149495,43.48264694213867,919
2018-07-02 00:00:00+02:00,43.140265859120504,43.48264695199716,42.79788150102461,43.31145477294922,2558
2018-07-03 00:00:00+02:00,42.969074261442294,42.969074261442294,42.797882080078125,42.797882080078125,6307
2018-07-04 00:00:00+02:00,43.48264695199716,43.48264695199716,43.31145477294922,43.31145477294922,306
2018-07-05 00:00:00+02:00,42.79788149132138,43.48264694213867,42.79788149132138,43.48264694213867,357
2018-07-06 00:00:00+02:00,42.96907367033051,43.48264694213867,42.79788149132138,43.48264694213867,2163
2018-07-09 00:00:00+02:00,43.62224283927622,47.984467123203835,43.62224283927622,44.32019805908203,3940
2018-07-10 00:00:00+02:00,44.32019717983639,44.32019717983639,43.62224197387695,43.62224197387695,26282
2018-07-11 00:00:00+02:00,42.749798142127815,43.97122227743382,42.13908607447481,43.53499984741211,7171
2018-07-12 00:00:00+02:00,43.62223685109246,44.14570236206055,43.62223685109246,44.14570236206055,27845
2018-07-13 00:00:00+02:00,43.971214294433594,43.971214294433594,43.2732558706232,43.971214294433594,5118
2018-07-16 00:00:00+02:00,43.011523125750514,43.971214294433594,42.313568030052544,43.971214294433594,5656
2018-07-17 00:00:00+02:00,43.62224197387695,43.62224197387695,42.83704028710199,43.62224197387695,4344
2018-07-18 00:00:00+02:00,42.83704028710199,43.62224197387695,42.83704028710199,43.62224197387695,2913
2018-07-19 00:00:00+02:00,43.098778314522235,43.098778314522235,43.011531829833984,43.011531829833984,32
2018-07-20 00:00:00+02:00,42.83703817669172,43.186017426535095,42.66255187988281,42.66255187988281,1568
2018-07-23 00:00:00+02:00,42.57531277533599,44.32020267045725,41.877357482910156,41.877357482910156,66350
2018-07-24 00:00:00+02:00,43.01153524911631,43.01153524911631,41.877357482910156,41.877357482910156,16341
2018-07-25 00:00:00+02:00,41.877357482910156,41.877357482910156,41.877357482910156,41.877357482910156,60
2018-07-26 00:00:00+02:00,42.05183822605889,42.05183822605889,41.61561584472656,41.61561584472656,6148
2018-07-27 00:00:00+02:00,41.61561830500415,42.40081664095496,41.61561830500415,42.13908386230469,31591
2018-07-30 00:00:00+02:00,42.400823120201196,42.400823120201196,41.877357482910156,41.877357482910156,1269
2018-07-31 00:00:00+02:00,41.964593380196064,42.66255187988281,41.26663820862209,42.66255187988281,6149
2018-08-01 00:00:00+02:00,42.575304385597164,42.749794006347656,41.615616463638524,42.749794006347656,5102
2018-08-02 00:00:00+02:00,42.749794006347656,42.92428362709815,41.87734923070791,42.749794006347656,13446
2018-08-03 00:00:00+02:00,43.44775269967806,43.44775269967806,41.964595794677734,41.964595794677734,639
2018-08-06 00:00:00+02:00,42.139090301555676,42.139090301555676,41.877357482910156,41.877357482910156,18605
2018-08-07 00:00:00+02:00,42.40081467740499,42.662550772047304,41.52836990356445,41.52836990356445,320
2018-08-08 00:00:00+02:00,42.40081821802413,42.575307852985276,41.6156198528684,41.964595794677734,47720
2018-08-09 00:00:00+02:00,41.964595794677734,41.964595794677734,41.964595794677734,41.964595794677734,0
2018-08-10 00:00:00+02:00,42.57531277533599,42.57531277533599,41.441135009129844,41.877357482910156,4249
2018-08-13 00:00:00+02:00,41.441135009129844,41.877357482910156,41.441135009129844,41.877357482910156,246
2018-08-14 00:00:00+02:00,41.877357482910156,41.877357482910156,41.877357482910156,41.877357482910156,664
2018-08-15 00:00:00+02:00,41.877357482910156,41.877357482910156,41.877357482910156,41.877357482910156,0
2018-08-16 00:00:00+02:00,41.441128149391105,42.2263298034668,41.441128149391105,42.2263298034668,20050
2018-08-17 00:00:00+02:00,42.2263298034668,42.2263298034668,42.2263298034668,42.2263298034668,30
2018-08-20 00:00:00+02:00,42.57531050155264,42.57531050155264,41.70286560058594,41.70286560058594,87
2018-08-21 00:00:00+02:00,42.57530939073199,43.011531829833984,42.13908695163,43.011531829833984,3065
2018-08-22 00:00:00+02:00,42.57530834551098,44.32019805908203,42.57530834551098,44.32019805908203,45826
2018-08-23 00:00:00+02:00,43.36051004786316,44.32019805908203,43.36051004786316,44.32019805908203,2973
2018-08-24 00:00:00+02:00,44.320191549055416,46.23957061767578,44.14570193770583,46.23957061767578,1891
2018-08-27 00:00:00+02:00,46.23957061767578,46.23957061767578,45.36712588904039,46.23957061767578,6812
2018-08-28 00:00:00+02:00,46.23957555042447,48.507930755615234,46.23957555042447,48.507930755615234,120404
2018-08-29 00:00:00+02:00,46.41406520012778,49.72935485839844,46.41406520012778,49.72935485839844,21180
2018-08-30 00:00:00+02:00,49.72935553959438,49.72935553959438,47.28651066993864,48.856910705566406,20792
2018-08-31 00:00:00+02:00,46.93753076212893,49.72935485839844,46.93753076212893,49.72935485839844,107788
2018-09-03 00:00:00+02:00,49.72935624556108,49.72935624556108,47.63548728292385,47.984466552734375,5726
2018-09-04 00:00:00+02:00,47.4609998664014,47.98446543076459,44.494686126708984,44.494686126708984,4485
2018-09-05 00:00:00+02:00,44.49468681335449,45.36713165283203,42.749797134399415,43.62224197387695,3048
2018-09-06 00:00:00+02:00,43.53499759368617,43.53499759368617,40.306951113012865,43.36050796508789,56438
2018-09-07 00:00:00+02:00,42.83704129688695,43.62224300217124,42.83704129688695,43.53499984741211,9956
2018-09-10 00:00:00+02:00,43.53499750334315,45.367130279541016,42.226330283741,45.367130279541016,1440
2018-09-11 00:00:00+02:00,43.62223936660359,45.890594482421875,43.62223936660359,45.890594482421875,1311
2018-09-12 00:00:00+02:00,46.93752573496159,46.93752573496159,45.71610511173956,46.23957061767578,14615
2018-09-13 00:00:00+02:00,46.065086364746094,46.065086364746094,46.065086364746094,46.065086364746094,282
2018-09-14 00:00:00+02:00,45.01815170595994,47.11202062033091,45.01815170595994,45.71611022949219,24543
2018-09-17 00:00:00+02:00,45.71611022949219,45.71611022949219,45.36713096772606,45.71611022949219,10120
2018-09-18 00:00:00+02:00,45.36713095272288,45.36713095272288,44.32019649588362,44.494686126708984,82
2018-09-19 00:00:00+02:00,44.49468158811431,47.11201579917986,43.2732576250387,44.14570236206055,633
2018-09-20 00:00:00+02:00,43.09877640143561,44.32019717983639,43.09877640143561,43.62224197387695,2227
2018-09-21 00:00:00+02:00,43.534998821174376,43.971221240913145,43.186019554138184,43.62224197387695,455
2018-09-24 00:00:00+02:00,42.40081288801685,45.54161593816304,42.40081288801685,44.14570236206055,5590
2018-09-25 00:00:00+02:00,44.49468158811431,44.49468158811431,44.14570236206055,44.14570236206055,24617
2018-09-26 00:00:00+02:00,44.145708422102324,44.32019805908203,43.62224283927622,44.32019805908203,38086
2018-09-27 00:00:00+02:00,43.9712205623458,44.494686126708984,43.9712205623458,44.494686126708984,4785
2018-09-28 00:00:00+02:00,44.49468855139824,45.01815414428711,43.97122295850938,45.01815414428711,6889
2018-10-01 00:00:00+02:00,44.8436678320662,45.71611270562303,44.8436678320662,45.01815414428711,13024
2018-10-02 00:00:00+02:00,45.01815102306864,45.367130279541016,45.01815102306864,45.367130279541016,1988
2018-10-03 00:00:00+02:00,45.01815169107216,45.01815169107216,44.145706865058266,44.494686126708984,9116
2018-10-04 00:00:00+02:00,45.01815102306864,45.367130279541016,45.01815102306864,45.367130279541016,717
2018-10-05 00:00:00+02:00,44.8436678320662,45.01815414428711,44.8436678320662,45.01815414428711,65
2018-10-08 00:00:00+02:00,45.01815169107216,45.01815169107216,43.9712205623458,44.494686126708984,832
2018-10-09 00:00:00+02:00,45.0181507762345,45.0181507762345,43.796730041503906,43.796730041503906,230
2018-10-10 00:00:00+02:00,44.32019017822637,44.32019017822637,43.971214294433594,43.971214294433594,10591
2018-10-11 00:00:00+02:00,43.97121966878337,44.494685222508934,43.796730041503906,43.796730041503906,7553
2018-10-12 00:00:00+02:00,44.494686126708984,44.494686126708984,43.796730931520436,44.494686126708984,6842
2018-10-15 00:00:00+02:00,44.4946870029801,45.19264221191406,43.3605093724483,45.19264221191406,4704
2018-10-16 00:00:00+02:00,45.19264065130483,47.11201990567721,44.32019583823673,45.367130279541016,8294
2018-10-17 00:00:00+02:00,47.11201990567721,47.11201990567721,44.494685466472916,45.367130279541016,17724
2018-10-18 00:00:00+02:00,45.367130279541016,46.76304064920483,44.669175094709104,45.367130279541016,15037
2018-10-19 00:00:00+02:00,45.01814976128419,47.11201858520508,44.84366346605141,47.11201858520508,752
2018-10-22 00:00:00+02:00,46.76303612361201,47.112015346311175,46.23957061767578,46.23957061767578,346
2018-10-23 00:00:00+02:00,45.89059651708607,45.89059651708607,44.494686126708984,44.494686126708984,1042
2018-10-24 00:00:00+02:00,44.494685222508934,47.1120196473624,43.796730041503906,43.796730041503906,1211
2018-10-25 00:00:00+02:00,43.796730931520436,44.494686126708984,43.01152925686277,44.494686126708984,1125
2018-10-26 00:00:00+02:00,43.79673160375161,44.843666076660156,43.79673160375161,44.843666076660156,5573
2018-10-29 00:00:00+01:00,44.32019717983639,44.84366608039068,43.27326270684076,43.62224197387695,35045
2018-10-30 00:00:00+01:00,43.534999684842866,45.541622189826974,43.534999684842866,44.32019805908203,7203
2018-10-31 00:00:00+01:00,43.79673028164101,46.06508546437292,43.36050787510696,45.367130279541016,26815
2018-11-01 00:00:00+01:00,45.367130279541016,45.367130279541016,45.367130279541016,45.367130279541016,0
2018-11-02 00:00:00+01:00,45.36712588904039,46.23957061767578,45.36712588904039,46.23957061767578,8779
2018-11-05 00:00:00+01:00,46.58855438232422,46.58855438232422,45.5416199402729,46.58855438232422,188
2018-11-06 00:00:00+01:00,45.7161095686336,46.58855438232422,45.19264068355152,46.58855438232422,494
2018-11-07 00:00:00+01:00,46.23957687319789,47.984466566526116,45.890597603287056,46.76304244995117,29517
2018-11-08 00:00:00+01:00,47.112021719862,47.984466566526116,45.716111296444616,46.76304244995117,4449
2018-11-09 00:00:00+01:00,46.4140634199357,47.11201858520508,46.239573796590165,47.11201858520508,3094
2018-11-12 00:00:00+01:00,47.11201858520508,47.11201858520508,47.11201858520508,47.11201858520508,0
2018-11-13 00:00:00+01:00,47.112015346311175,47.112015346311175,45.36712588904039,46.23957061767578,1169
2018-11-14 00:00:00+01:00,46.23957061767578,46.76303612361201,45.89059139497662,46.23957061767578,896
2018-11-15 00:00:00+01:00,46.23957061767578,46.41406022902537,45.89059139497662,46.23957061767578,1773
2018-11-16 00:00:00+01:00,46.23957509260911,46.23957509260911,45.01815102306864,45.367130279541016,4950
2018-11-19 00:00:00+01:00,45.367132552847266,45.367132552847266,43.79673247625592,44.32019805908203,3097
2018-11-20 00:00:00+01:00,43.971221240913145,43.971221240913145,42.05184192843997,43.62224197387695,25038
2018-11-21 00:00:00+01:00,43.62224197387695,43.62224197387695,43.534998821174376,43.62224197387695,10021
2018-11-22 00:00:00+01:00,43.796731607395046,43.971221240913145,43.011529920620085,43.62224197387695,7020
2018-11-23 00:00:00+01:00,43.62224197387695,43.62224197387695,43.186019554138184,43.62224197387695,3444
2018-11-26 00:00:00+01:00,43.36050918765628,44.1457075463183,43.36050918765628,43.62224197387695,369
2018-11-27 00:00:00+01:00,43.62224197387695,43.62224197387695,43.62224197387695,43.62224197387695,26
2018-11-28 00:00:00+01:00,43.62224197387695,43.62224197387695,43.36050918765628,43.62224197387695,3952
2018-11-29 00:00:00+01:00,43.62224197387695,43.971221240913145,43.44775234035885,43.62224197387695,9840
2018-11-30 00:00:00+01:00,44.669175187405756,45.367130373686045,43.36050796508789,43.36050796508789,2220
2018-12-03 00:00:00+01:00,43.53500034367078,44.843667648653515,43.53500034367078,44.6691780090332,41102
2018-12-04 00:00:00+01:00,45.36713632507417,46.23958125440252,45.19264667358585,45.5416259765625,1251
2018-12-05 00:00:00+01:00,45.19263627769081,46.23957061767578,45.19263627769081,46.23957061767578,1169
2018-12-06 00:00:00+01:00,45.367130279541016,45.367130279541016,44.84366472294529,45.367130279541016,45731
2018-12-07 00:00:00+01:00,45.36712632513616,45.36712632513616,44.14570236206055,44.14570236206055,7445
2018-12-10 00:00:00+01:00,44.843666970021154,46.06508777265308,43.79673247625592,44.32019805908203,7900
2018-12-11 00:00:00+01:00,44.494691395745825,46.23958125440252,43.62224646641747,45.5416259765625,78159
2018-12-12 00:00:00+01:00,46.2395782985119,46.2395782985119,44.66917819173222,45.01815414428711,5214
2018-12-13 00:00:00+01:00,45.36712588904039,47.112015346311175,45.36712588904039,46.23957061767578,67012
2018-12-14 00:00:00+01:00,46.58855525968621,46.58855525968621,45.54162079791888,46.065086364746094,11845
2018-12-17 00:00:00+01:00,46.588554349081484,46.588554349081484,45.01815102306864,45.367130279541016,31580
2018-12-18 00:00:00+01:00,45.36713164905795,45.36713164905795,44.49468680965299,44.843666076660156,11274
2018-12-19 00:00:00+01:00,45.01815102306864,45.367130279541016,44.494685466472916,45.367130279541016,157729
2018-12-20 00:00:00+01:00,45.36713164905795,45.36713164905795,44.14570754264583,44.843666076660156,793
2018-12-21 00:00:00+01:00,45.19264359978107,45.19264359978107,44.4946883694129,44.6691780090332,358
2018-12-24 00:00:00+01:00,44.6691780090332,44.6691780090332,44.6691780090332,44.6691780090332,0
2018-12-25 00:00:00+01:00,44.6691780090332,44.6691780090332,44.6691780090332,44.6691780090332,0
2018-12-26 00:00:00+01:00,44.6691780090332,44.6691780090332,44.6691780090332,44.6691780090332,0
2018-12-27 00:00:00+01:00,45.36712588904039,46.76303612361201,44.494681160405,46.23957061767578,13511
2018-12-28 00:00:00+01:00,46.76304156322001,46.76304156322001,45.36713116627218,46.065086364746094,8962
2018-12-31 00:00:00+01:00,46.065086364746094,46.065086364746094,46.065086364746094,46.065086364746094,0
2019-01-01 00:00:00+01:00,46.065086364746094,46.065086364746094,46.065086364746094,46.065086364746094,0
2019-01-02 00:00:00+01:00,46.76304156322001,46.76304156322001,44.49468633615156,46.065086364746094,11458
2019-01-03 00:00:00+01:00,46.23957512560283,47.11201993929345,45.7161095686336,46.58855438232422,54203
2019-01-04 00:00:00+01:00,46.23957061767578,46.76303612361201,46.23957061767578,46.23957061767578,55968
2019-01-07 00:00:00+01:00,46.23957668046913,46.93753188926871,46.06508704624099,46.414066314697266,19908
2019-01-08 00:00:00+01:00,46.41406475396352,46.58855438232422,46.23957512560283,46.58855438232422,7284
2019-01-09 00:00:00+01:00,46.41406475396352,46.58855438232422,46.23957512560283,46.58855438232422,7157
2019-01-10 00:00:00+01:00,46.588556143108725,46.76304244995117,46.23957687319789,46.76304244995117,28240
2019-01-11 00:00:00+01:00,46.763042255040574,46.763042255040574,46.06508704624099,46.414066314697266,441
2019-01-14 00:00:00+01:00,47.11202152349685,47.11202152349685,46.414066314697266,46.414066314697266,9441
2019-01-15 00:00:00+01:00,46.76304244995117,46.76304244995117,46.23957687319789,46.76304244995117,1248
2019-01-16 00:00:00+01:00,46.763042436510496,47.984466552734375,46.23957685990767,47.984466552734375,37983
2019-01-17 00:00:00+01:00,47.80997533510974,47.80997533510974,46.937530517578125,46.937530517578125,1451
2019-01-18 00:00:00+01:00,47.286509118414045,48.15895392381611,47.286509118414045,47.809974670410156,3390
2019-01-21 00:00:00+01:00,47.635485043707185,47.809974670410156,47.460998745117024,47.809974670410156,23841
2019-01-22 00:00:00+01:00,47.635485043707185,47.98446429711313,47.635485043707185,47.809974670410156,33422
2019-01-23 00:00:00+01:00,47.80997759060359,49.554867307984104,47.80997759060359,48.33344650268555,59520
2019-01-24 00:00:00+01:00,48.15895057680584,50.6017951965332,48.15895057680584,50.6017951965332,39104
2019-01-25 00:00:00+01:00,50.6017951965332,50.776284811109285,50.252815967381046,50.6017951965332,28503
2019-01-28 00:00:00+01:00,50.95077442568536,50.95077442568536,50.07832968091755,50.6017951965332,4503
2019-01-29 00:00:00+01:00,50.42730558195713,50.776284811109285,50.07832968091755,50.6017951965332,25519
2019-01-30 00:00:00+01:00,49.90385150151992,50.427317137084685,49.031406556836394,49.3803825378418,4447
2019-01-31 00:00:00+01:00,49.380375618316585,50.95077896118164,49.380375618316585,50.95077896118164,84046
2019-02-01 00:00:00+01:00,50.95078139157692,51.474246978759766,50.77629175314495,51.474246978759766,2674
2019-02-04 00:00:00+01:00,51.474246978759766,51.474246978759766,50.95078139157692,51.474246978759766,13278
2019-02-05 00:00:00+01:00,50.601795322359244,51.823219299316406,49.72935057542202,51.823219299316406,3519
2019-02-06 00:00:00+01:00,50.60179773966471,52.52117694024006,50.60179773966471,52.34668731689453,9329
2019-02-07 00:00:00+01:00,52.521171938734156,52.521171938734156,50.427303314208984,50.427303314208984,4486
2019-02-08 00:00:00+01:00,51.12526770189584,52.34669184280654,50.427312476281024,51.474246978759766,5123
2019-02-11 00:00:00+01:00,51.99771008560784,52.1721997157165,50.95077896118164,50.95077896118164,6590
2019-02-12 00:00:00+01:00,51.474239941301015,51.474239941301015,50.42730558195713,50.6017951965332,1597
2019-02-13 00:00:00+01:00,50.42731552221331,50.950784469127996,49.20589463563886,49.55487060546875,2414
2019-02-14 00:00:00+01:00,50.601801078152455,50.601801078152455,48.333445809342535,49.20589065551758,3952
2019-02-15 00:00:00+01:00,48.85690477201949,50.601794228163044,48.333439266421436,49.903839111328125,45149
2019-02-18 00:00:00+01:00,51.47424701781397,51.47424701781397,49.72935728839655,50.25282287597656,1621
2019-02-19 00:00:00+01:00,50.25281500568933,50.25281500568933,49.903839111328125,49.903839111328125,64
2019-02-20 00:00:00+01:00,49.72935728839655,50.25282287597656,48.15895719754348,50.25282287597656,3877
2019-02-21 00:00:00+01:00,49.03140119500032,50.77629089355469,49.03140119500032,50.77629089355469,4338
2019-02-22 00:00:00+01:00,51.474246978759766,51.474246978759766,49.72935725066621,51.474246978759766,432
2019-02-25 00:00:00+01:00,51.29975167147761,51.47424129062769,49.72935175535218,50.078330993652344,4693
2019-02-26 00:00:00+01:00,50.42731697844477,50.42731697844477,49.03140640258789,49.03140640258789,1482
2019-02-27 00:00:00+01:00,49.20588997042277,50.25282110876599,48.68242107313823,48.856910705566406,7020
2019-02-28 00:00:00+01:00,49.38037627473802,49.38037627473802,48.68242107313823,48.856910705566406,16448
2019-03-01 00:00:00+01:00,48.85691001554284,48.85691001554284,48.33344445376431,48.507930755615234,4058
2019-03-04 00:00:00+01:00,47.98446722796424,48.33344650268555,47.46100164399529,48.33344650268555,1995
2019-03-05 00:00:00+01:00,48.50793281193319,49.031401724015154,48.33344650268555,48.33344650268555,526
2019-03-06 00:00:00+01:00,48.68241882324219,49.55486361694944,48.68241882324219,48.68241882324219,8145
2019-03-07 00:00:00+01:00,48.856908447606195,48.856908447606195,48.68241882324219,48.68241882324219,1412
2019-03-08 00:00:00+01:00,48.682420385579036,48.682420385579036,48.33344445376431,48.507930755615234,1433
2019-03-11 00:00:00+01:00,49.554865207285154,49.554865207285154,48.158954823800514,48.507930755615234,13986
2019-03-12 00:00:00+01:00,49.38037627473802,49.38037627473802,48.50793144071005,48.856910705566406,386
2019-03-13 00:00:00+01:00,49.20588493614974,50.6017951965332,48.6824160924215,50.6017951965332,12100
2019-03-14 00:00:00+01:00,49.90384990341187,49.90384990341187,49.031404986667305,49.55487060546875,31508
2019-03-15 00:00:00+01:00,50.25282042039959,50.25282042039959,49.03139966635928,49.72935485839844,6151
2019-03-18 00:00:00+01:00,49.72935623197741,49.90384586683502,48.85691138580237,49.20589065551758,9253
2019-03-19 00:00:00+01:00,49.20588929639729,49.90384448843645,49.20588929639729,49.72935485839844,828
2019-03-20 00:00:00+01:00,49.55486083718931,50.6017951965332,49.55486083718931,50.6017951965332,6316
2019-03-21 00:00:00+01:00,50.427305707349284,53.04463994816097,50.427305707349284,51.823219299316406,21179
2019-03-22 00:00:00+01:00,51.82322625562369,52.34669184280654,51.474246978759766,51.474246978759766,2361
2019-03-25 00:00:00+01:00,51.474246978759766,51.474246978759766,50.77629175314495,51.474246978759766,110
2019-03-26 00:00:00+01:00,50.6017951965332,50.95077442568536,49.903840066341466,50.6017951965332,8782
2019-03-27 00:00:00+01:00,50.25281690290431,51.474240899562716,50.25281690290431,51.29975128173828,719
2019-03-28 00:00:00+01:00,51.648730909777775,51.648730909777775,50.078330993652344,50.078330993652344,3192
2019-03-29 00:00:00+01:00,51.12526166391385,51.29975128173828,50.07833061319251,51.29975128173828,302
2019-04-01 00:00:00+02:00,52.17219507149275,52.17219507149275,50.252815967381046,50.6017951965332,1137
2019-04-02 00:00:00+02:00,52.17220081542726,52.17220081542726,50.4273111337868,51.997711181640625,241368
2019-04-03 00:00:00+02:00,51.997711181640625,51.997711181640625,51.474245608393666,51.997711181640625,4516
2019-04-04 00:00:00+02:00,51.82322710946422,52.172203063964844,51.299758185543645,52.172203063964844,8640
2019-04-05 00:00:00+02:00,52.172197693548995,52.34668731689453,51.47424252827962,52.34668731689453,1038
2019-04-08 00:00:00+02:00,52.17219676428965,52.34668638452728,51.64873123168945,51.64873123168945,2693
2019-04-09 00:00:00+02:00,51.823219299316406,52.17219520122374,50.95077455237917,51.823219299316406,2753
2019-04-10 00:00:00+02:00,51.997705586213776,52.17219520122374,51.47424006929648,51.823219299316406,22774
2019-04-11 00:00:00+02:00,51.6487328409132,53.044643190081345,51.6487328409132,52.6956672668457,84436
2019-04-12 00:00:00+02:00,52.34668731689453,53.04464248216391,52.172197693548995,52.34668731689453,25509
2019-04-15 00:00:00+02:00,52.69566971678717,53.21913529003413,51.29975597460703,51.997711181640625,892
2019-04-16 00:00:00+02:00,53.04464248216391,53.04464248216391,52.34668731689453,52.34668731689453,934
2019-04-17 00:00:00+02:00,52.3466927052717,52.3466927052717,51.47424782685051,52.172203063964844,358
2019-04-18 00:00:00+02:00,51.474240899562716,51.474240899562716,50.42730652072874,51.29975128173828,16124
2019-04-19 00:00:00+02:00,51.29975128173828,51.29975128173828,51.29975128173828,51.29975128173828,0
2019-04-22 00:00:00+02:00,51.29975128173828,51.29975128173828,51.29975128173828,51.29975128173828,0
2019-04-23 00:00:00+02:00,50.60180294842931,52.172203063964844,50.60180294842931,52.172203063964844,1329
2019-04-24 00:00:00+02:00,52.17220132115299,52.17220132115299,50.77629089355469,50.77629089355469,3865
2019-04-25 00:00:00+02:00,51.474245608393666,51.997711181640625,51.474245608393666,51.997711181640625,18231
2019-04-26 00:00:00+02:00,50.950776078851625,51.99770714405202,50.950776078851625,51.64873123168945,9528
2019-04-29 00:00:00+02:00,51.47424161145182,52.34668638452728,51.125262370976564,51.64873123168945,11890
2019-04-30 00:00:00+02:00,51.47424252827962,52.34668731689453,50.77628736301024,52.34668731689453,1049
2019-05-01 00:00:00+02:00,52.34668731689453,52.34668731689453,52.34668731689453,52.34668731689453,0
2019-05-02 00:00:00+02:00,51.47424161145182,52.34668638452728,51.47424161145182,51.64873123168945,596
2019-05-03 00:00:00+02:00,51.64873123168945,51.64873123168945,51.64873123168945,51.64873123168945,0
2019-05-06 00:00:00+02:00,52.17219272527582,52.17219272527582,49.3803690019464,50.427303314208984,7949
2019-05-07 00:00:00+02:00,50.42731162259862,51.474246107353835,50.42731162259862,50.77629089355469,6359
2019-05-08 00:00:00+02:00,50.60180215310526,50.776291791669614,50.25282287597656,50.25282287597656,385
2019-05-09 00:00:00+02:00,50.25281370747982,50.427303314208984,50.25281370747982,50.427303314208984,20663
2019-05-10 00:00:00+02:00,50.078334138751224,50.95077896118164,50.078334138751224,50.95077896118164,61158
2019-05-13 00:00:00+02:00,50.60179292093815,50.77628252766733,50.427303314208984,50.427303314208984,10743
2019-05-14 00:00:00+02:00,49.903840066341466,53.219129430836645,49.903840066341466,50.6017951965332,3468
2019-05-15 00:00:00+02:00,50.776287295993605,52.69566649403568,50.60179767287838,51.12526321411133,1733
2019-05-16 00:00:00+02:00,51.12526166391385,51.474240899562716,51.12526166391385,51.29975128173828,1969
2019-05-17 00:00:00+02:00,51.2997480197424,51.2997480197424,49.90383782213391,50.427303314208984,8499
2019-05-20 00:00:00+02:00,50.07833480445074,50.07833480445074,48.33344513639479,48.856910705566406,20224
2019-05-21 00:00:00+02:00,48.856912086654496,49.554867307984104,48.33344650268555,48.33344650268555,3085
2019-05-22 00:00:00+02:00,48.50793744055656,49.205896056598334,48.333451114659454,49.03140640258789,3193
2019-05-23 00:00:00+02:00,48.85691674857745,49.554872036505884,48.85691674857745,49.03140640258789,7083
2019-05-24 00:00:00+02:00,49.03140033799459,49.5548659071662,48.856910705566406,48.856910705566406,24058
2019-05-27 00:00:00+02:00,49.03140206225219,50.60180215310526,49.03140206225219,50.25282287597656,24120
2019-05-28 00:00:00+02:00,49.554858608675566,50.77628252766733,49.554858608675566,50.427303314208984,2994
2019-05-29 00:00:00+02:00,49.90384586683502,49.90384586683502,49.20589065551758,49.20589065551758,417
2019-05-30 00:00:00+02:00,49.72936025444031,49.90384990341187,49.55487060546875,49.55487060546875,341
2019-05-31 00:00:00+02:00,49.554858608675566,50.427303314208984,49.03139311660049,50.427303314208984,732
2019-06-03 00:00:00+02:00,50.42730558195713,51.12526071214886,50.252815967381046,50.6017951965332,31115
2019-06-04 00:00:00+02:00,51.125258413013235,51.125258413013235,50.427303314208984,50.427303314208984,20214
2019-06-05 00:00:00+02:00,49.72935175535218,50.601796522989936,49.72935175535218,50.078330993652344,862
2019-06-06 00:00:00+02:00,50.788667672394034,53.09724209004377,50.788667672394034,52.91965866088867,2721
2019-06-07 00:00:00+02:00,51.49899951482224,53.097243649926746,51.49899951482224,52.38691329956055,31727
2019-06-10 00:00:00+02:00,52.91965539869125,53.27482223510742,51.85416166368668,53.27482223510742,1518
2019-06-11 00:00:00+02:00,53.097238816899335,53.629989071523596,53.097238816899335,53.27482223510742,1175
2019-06-12 00:00:00+02:00,52.91966021555462,52.91966021555462,52.38691329956055,52.38691329956055,3959
2019-06-13 00:00:00+02:00,52.742073540242046,55.93856140875047,52.3869067161314,55.0506477355957,20680
2019-06-14 00:00:00+02:00,55.05064829678051,55.93856197898664,55.05064829678051,55.40581512451172,96102
2019-06-17 00:00:00+02:00,55.58339294924412,55.760976356074515,55.22822952270508,55.22822952270508,65994
2019-06-18 00:00:00+02:00,55.228229669441156,55.76097650422604,53.6299857779647,55.58339309692383,38182
2019-06-19 00:00:00+02:00,55.58339458463982,56.1161448208058,55.0506477355957,55.0506477355957,29246
2019-06-20 00:00:00+02:00,55.0506477355957,55.0506477355957,55.0506477355957,55.0506477355957,0
2019-06-21 00:00:00+02:00,55.050654335627485,55.938568115234375,54.87307090228165,55.938568115234375,3681
2019-06-24 00:00:00+02:00,55.938565939867615,56.116149366307496,55.22823562123023,55.760982513427734,5220
2019-06-25 00:00:00+02:00,56.11614331883049,56.11614331883049,54.51789942735404,55.58339309692383,2453
2019-06-26 00:00:00+02:00,55.58339309692383,56.64889015361538,55.05064626213893,55.58339309692383,3197
2019-06-27 00:00:00+02:00,55.58339799761535,56.4713117252905,55.58339799761535,56.293731689453125,1219
2019-06-28 00:00:00+02:00,55.760982513427734,55.938565939867615,55.22823562123023,55.760982513427734,8189
2019-07-01 00:00:00+02:00,56.64889363257316,56.64889363257316,53.097238816899335,53.27482223510742,46073
2019-07-02 00:00:00+02:00,55.40581773340092,56.471311492521586,53.80757032047581,54.3403205871582,53177
2019-07-03 00:00:00+02:00,54.340319083666074,56.11614648256286,54.162735666352006,54.87306594848633,51737
2019-07-04 00:00:00+02:00,55.0506477355957,55.93856140875047,54.16273406244093,55.0506477355957,3175
2019-07-05 00:00:00+02:00,55.050654335627485,55.938568115234375,55.050654335627485,55.938568115234375,1442
2019-07-08 00:00:00+02:00,56.293731689453125,56.4713117252905,55.22823453881853,56.293731689453125,4067
2019-07-09 00:00:00+02:00,55.938559911528266,55.938559911528266,55.228229669441156,55.58339309692383,2298
2019-07-10 00:00:00+02:00,55.58339596663389,56.648893078335895,55.050649104343854,56.471309661865234,4676
2019-07-11 00:00:00+02:00,55.760981190733794,55.760981190733794,54.3403205871582,54.3403205871582,348
2019-07-12 00:00:00+02:00,54.340317836147136,55.93856178103813,53.62998757032023,53.80756759643555,888
2019-07-15 00:00:00+02:00,53.629991262376656,54.16273815164232,53.27482441145147,53.45240783691406,12491
2019-07-16 00:00:00+02:00,53.807569102609705,53.98515252081779,53.27482223510742,53.27482223510742,3410
2019-07-17 00:00:00+02:00,53.45240729532462,53.9851541791924,52.0317432931404,53.09724044799805,2904
2019-07-18 00:00:00+02:00,52.74207536760514,54.16273593902588,52.74207536760514,53.27482223510742,650
2019-07-19 00:00:00+02:00,54.16273593902588,54.340319357233966,53.27482223510742,53.27482223510742,612
2019-07-22 00:00:00+02:00,53.09724001868802,54.51790400938567,53.09724001868802,54.3403205871582,1339
2019-07-23 00:00:00+02:00,54.3403205871582,54.3403205871582,54.16273716493074,54.3403205871582,711
2019-07-24 00:00:00+02:00,54.34031747449626,55.0506477355957,54.34031747449626,55.0506477355957,5974
2019-07-25 00:00:00+02:00,54.16273406244093,55.0506477355957,54.16273406244093,55.0506477355957,2264
2019-07-26 00:00:00+02:00,54.873064323540376,55.93856140875047,54.873064323540376,55.0506477355957,3083
2019-07-29 00:00:00+02:00,55.76097650422604,55.76097650422604,55.05064626213893,55.58339309692383,3937
2019-07-30 00:00:00+02:00,55.58339908698785,55.760982513427734,55.05065219479035,55.760982513427734,581
2019-07-31 00:00:00+02:00,55.40581512451172,56.47130883346157,55.05064829678051,55.40581512451172,44010
2019-08-01 00:00:00+02:00,56.29372823286113,56.29372823286113,55.0506477355957,55.0506477355957,10437
2019-08-02 00:00:00+02:00,55.0506477355957,55.760977996695146,55.0506477355957,55.0506477355957,6478
2019-08-05 00:00:00+02:00,55.58339294924412,55.58339294924412,54.69547930221388,55.22822952270508,114187
2019-08-06 00:00:00+02:00,55.0506477355957,55.93856140875047,54.51790088655159,55.0506477355957,5244
2019-08-07 00:00:00+02:00,55.05064829678051,55.40581512451172,54.340318028439974,55.40581512451172,599
2019-08-08 00:00:00+02:00,55.40581455970636,56.1161448208058,53.807567238330286,55.0506477355957,5354
2019-08-09 00:00:00+02:00,55.40581647936051,55.93856334686279,52.91965539869125,53.27482223510742,5536
2019-08-12 00:00:00+02:00,53.27482196690361,56.47130993006904,52.56449168476929,54.87306594848633,53739
2019-08-13 00:00:00+02:00,54.87306876835047,55.760982513427734,53.98515502327321,55.760982513427734,8570
2019-08-14 00:00:00+02:00,55.05064867363601,55.228232088717284,54.16273498535156,54.16273498535156,1808
2019-08-15 00:00:00+02:00,54.16273498535156,54.16273498535156,54.16273498535156,54.16273498535156,0
2019-08-16 00:00:00+02:00,54.16273406244093,56.29372823286113,54.16273406244093,55.0506477355957,1053
2019-08-19 00:00:00+02:00,55.93856140875047,55.93856140875047,54.34031747449626,55.0506477355957,1739
2019-08-20 00:00:00+02:00,54.87307090228165,55.938568115234375,54.695487468935816,55.938568115234375,34521
2019-08-21 00:00:00+02:00,55.760977996695146,55.93856140875047,55.0506477355957,55.0506477355957,1358
2019-08-22 00:00:00+02:00,55.22823531729578,55.22823531729578,53.45240783691406,53.45240783691406,5242
2019-08-23 00:00:00+02:00,55.58339651044662,55.58339651044662,53.27482223510742,53.27482223510742,2832
2019-08-26 00:00:00+02:00,52.386907064781745,54.87306468873684,52.386907064781745,53.80756759643555,1029
2019-08-27 00:00:00+02:00,54.16273917168876,54.16273917168876,52.56449508666992,52.56449508666992,2258
2019-08-28 00:00:00+02:00,53.62999227238988,54.16273917168876,52.56449508666992,52.56449508666992,2939
2019-08-29 00:00:00+02:00,52.91965391737145,53.80756759643555,52.74207389125613,53.80756759643555,918
2019-08-30 00:00:00+02:00,53.98515157027029,54.87306525855474,53.80756815518901,54.16273498535156,4525
2019-09-02 00:00:00+02:00,54.16273554046493,54.51790237426758,54.16273554046493,54.51790237426758,989
2019-09-03 00:00:00+02:00,53.985153742703275,54.87306746671854,53.985153742703275,54.3403205871582,556
2019-09-04 00:00:00+02:00,54.51789942735404,56.29372672613271,54.51789942735404,55.58339309692383,2711
2019-09-05 00:00:00+02:00,55.583401248542714,55.938568115234375,55.405821202319146,55.938568115234375,4977
2019-09-06 00:00:00+02:00,55.93856473250364,55.93856473250364,54.69548416137695,54.69548416137695,7099
2019-09-09 00:00:00+02:00,54.695480911485056,56.1161448208058,54.695480911485056,55.0506477355957,7129
2019-09-10 00:00:00+02:00,55.760977996695146,55.93856140875047,54.51790088655159,55.0506477355957,8846
2019-09-11 00:00:00+02:00,53.80756883172386,55.58339623062065,53.80756883172386,54.87306594848633,17014
2019-09-12 00:00:00+02:00,55.228237768973315,55.938568115234375,55.228237768973315,55.938568115234375,2802
2019-09-13 00:00:00+02:00,55.050654335627485,55.938568115234375,53.98515712267476,55.938568115234375,3028
2019-09-16 00:00:00+02:00,55.938557423780644,56.648887634277344,55.583390624971486,56.648887634277344,19710
2019-09-17 00:00:00+02:00,56.648893078335895,56.648893078335895,56.11614621604586,56.471309661865234,3388
2019-09-18 00:00:00+02:00,56.826479867788464,58.95747421767939,55.93856611985427,57.714393615722656,13827
2019-09-19 00:00:00+02:00,58.24713951799089,58.6023063659668,57.35922578517321,58.6023063659668,66620
2019-09-20 00:00:00+02:00,58.6023063659668,58.6023063659668,57.71439263314912,58.6023063659668,5325
2019-09-23 00:00:00+02:00,58.60230461040348,58.60230461040348,57.714390904185244,58.42472457885742,8989
2019-09-24 00:00:00+02:00,58.42472457885742,58.42472457885742,57.714390904185244,58.42472457885742,13170
2019-09-25 00:00:00+02:00,57.714390904185244,58.42472457885742,57.181644035303094,58.42472457885742,33906
2019-09-26 00:00:00+02:00,58.24713777306739,58.60230461040348,57.8919709357313,58.42472457885742,23391
2019-09-27 00:00:00+02:00,58.6023063659668,58.957473213942706,58.24713951799089,58.6023063659668,11465
2019-09-30 00:00:00+02:00,58.95747602070419,59.4902229309082,58.95747602070419,59.4902229309082,26079
2019-10-01 00:00:00+02:00,61.26604868193078,61.26604868193078,58.06956054033108,59.31264114379883,17587
2019-10-02 00:00:00+02:00,59.312641071701925,59.312641071701925,57.35922676170012,57.714393615722656,23318
2019-10-03 00:00:00+02:00,57.71439060611739,59.13505117388072,57.18164373998663,58.779884338378906,2333
2019-10-04 00:00:00+02:00,58.77988340114804,59.66779708862305,58.06955651571433,59.66779708862305,7140
2019-10-07 00:00:00+02:00,60.555716751316226,60.910883616200394,57.89197542605167,59.4902229309082,1166
2019-10-08 00:00:00+02:00,59.84538484488436,59.84538484488436,57.71439060611739,58.779884338378906,57015
2019-10-09 00:00:00+02:00,58.95747421767939,58.95747421767939,57.714393615722656,57.714393615722656,303
2019-10-10 00:00:00+02:00,58.6023063659668,58.6023063659668,58.6023063659668,58.6023063659668,326
2019-10-11 00:00:00+02:00,58.6023063659668,59.13505325080857,58.42472632910093,58.6023063659668,1388
2019-10-14 00:00:00+02:00,57.89197267001498,59.31264006191861,57.71439263314912,58.6023063659668,2316
2019-10-15 00:00:00+02:00,61.088470435764734,61.088470435764734,57.89197542605167,59.4902229309082,899
2019-10-16 00:00:00+02:00,60.73330357088056,60.73330357088056,59.13505606602403,59.4902229309082,701
2019-10-17 00:00:00+02:00,57.89197063674633,60.20055168038618,57.89197063674633,58.779884338378906,1968
2019-10-18 00:00:00+02:00,59.13505425756851,59.312641071701925,57.714393615722656,57.714393615722656,15571
2019-10-21 00:00:00+02:00,58.24714050963432,59.84538796561358,56.29373297387681,57.714393615722656,52171
2019-10-22 00:00:00+02:00,58.42472167601815,58.42472167601815,56.1161441222795,57.536808013916016,4547
2019-10-23 00:00:00+02:00,58.42472834951786,58.95747525278284,56.826480865478516,56.826480865478516,16376
2019-10-24 00:00:00+02:00,56.826471033681926,56.826471033681926,55.76097402437607,56.648887634277344,20515
2019-10-25 00:00:00+02:00,56.471315028149604,56.64889846149544,55.050654335627485,55.938568115234375,1968
2019-10-28 00:00:00+01:00,54.87306990830325,56.826480865478516,54.87306990830325,56.826480865478516,3864
2019-10-29 00:00:00+01:00,58.60230169874113,58.60230169874113,56.64889096469206,57.536808013916016,510
2019-10-30 00:00:00+01:00,57.18164332774788,58.779883914617976,56.471309661865234,56.471309661865234,18939
2019-10-31 00:00:00+01:00,57.35922184678285,57.71438867037235,55.0506476548167,57.00405502319336,1350
2019-11-01 00:00:00+01:00,57.00405502319336,57.00405502319336,57.00405502319336,57.00405502319336,0
2019-11-04 00:00:00+01:00,56.29373297387681,60.022968005502705,56.29373297387681,57.714393615722656,3131
2019-11-05 00:00:00+01:00,57.359228492841694,58.95747599705719,57.359228492841694,57.89197540283203,951
2019-11-06 00:00:00+01:00,57.00406090848537,58.247141532266596,56.826480865478516,56.826480865478516,961
2019-11-07 00:00:00+01:00,56.82647437453685,57.891968059361965,56.82647437453685,57.536808013916016,5834
2019-11-08 00:00:00+01:00,57.53680864569946,57.53680864569946,57.00405502319336,57.00405502319336,40
2019-11-11 00:00:00+01:00,57.00405502319336,57.00405502319336,57.00405502319336,57.00405502319336,0
2019-11-12 00:00:00+01:00,56.82648039123161,58.06956100463867,56.82648039123161,58.06956100463867,1238
2019-11-13 00:00:00+01:00,58.602309659685965,58.602309659685965,56.82648209424094,58.24714279174805,4529
2019-11-14 00:00:00+01:00,58.24714226757375,58.24714226757375,56.471314718109646,57.89197540283203,2326
2019-11-15 00:00:00+01:00,57.181645748307346,58.6023063659668,57.181645748307346,58.6023063659668,2045
2019-11-18 00:00:00+01:00,59.66780196344103,60.378135681152344,57.18164749994021,60.378135681152344,6582
2019-11-19 00:00:00+01:00,58.779886717462674,61.26604789235747,58.779886717462674,60.91088104248047,6254
2019-11-20 00:00:00+01:00,60.91088026694761,60.91088026694761,58.77988596906217,59.84538650512695,2020
2019-11-21 00:00:00+01:00,59.13505554199219,59.13505554199219,57.891974913035526,59.13505554199219,838
2019-11-22 00:00:00+01:00,59.13504996719085,60.20055045195406,58.60230311193114,58.95746994018555,6252
2019-11-25 00:00:00+01:00,59.135057095537846,60.910884676630545,59.135057095537846,60.200557708740234,7979
2019-11-26 00:00:00+01:00,59.845389302301996,60.73330307006836,59.667802484202056,60.73330307006836,51305
2019-11-27 00:00:00+01:00,60.200547149925384,61.26604080200195,60.200547149925384,61.26604080200195,940
2019-11-28 00:00:00+01:00,61.26604080200195,61.26604080200195,60.378127167190335,61.26604080200195,200
2019-11-29 00:00:00+01:00,60.55571625196842,61.0884699320238,60.37813620811293,60.73330307006836,5584
2019-12-02 00:00:00+01:00,61.08846282958985,61.08846282958985,60.37812918826573,61.088462829589844,922
2019-12-03 00:00:00+01:00,61.266051547698005,61.266051547698005,58.602310176058964,60.200557708740234,4701
2019-12-04 00:00:00+01:00,60.20055358109313,60.73330046404426,60.20055358109313,60.55571365356445,5919
2019-12-05 00:00:00+01:00,60.20055616425743,61.0884699320238,59.667802484202056,60.73330307006836,3351
2019-12-06 00:00:00+01:00,60.55571365356445,60.73330046404426,59.84538673437766,60.55571365356445,3338
2019-12-09 00:00:00+01:00,59.845388779991055,60.378135681152344,59.13505506227974,60.378135681152344,284
2019-12-10 00:00:00+01:00,60.55571342159268,61.26604711230253,58.60230593350677,59.84538650512695,1814
2019-12-11 00:00:00+01:00,61.088470435764734,61.088470435764734,59.13505606602403,59.4902229309082,2711
2019-12-12 00:00:00+01:00,59.49021679544526,61.26604416247347,58.95746994018555,58.95746994018555,2394
2019-12-13 00:00:00+01:00,58.95747602070419,59.4902229309082,57.18164847052783,59.4902229309082,28649
2019-12-16 00:00:00+01:00,59.49021552373241,62.15395651733237,59.49021552373241,61.088462829589844,11899
2019-12-17 00:00:00+01:00,61.26604734699539,61.26604734699539,60.55571365356445,60.55571365356445,1054
2019-12-18 00:00:00+01:00,61.266046370403586,62.15396008591669,60.55571268829549,61.443626403808594,35449
2019-12-19 00:00:00+01:00,61.443630526404405,61.79879739128858,59.4902229309082,59.4902229309082,9579
2019-12-20 00:00:00+01:00,60.37812573615163,62.68669977709701,59.845378922740124,61.79878616333008,32977
2019-12-23 00:00:00+01:00,61.62120761077529,61.62120761077529,61.26604080200195,61.26604080200195,6483
2019-12-24 00:00:00+01:00,61.26604080200195,61.26604080200195,61.26604080200195,61.26604080200195,0
2019-12-25 00:00:00+01:00,61.26604080200195,61.26604080200195,61.26604080200195,61.26604080200195,0
2019-12-26 00:00:00+01:00,61.26604080200195,61.26604080200195,61.26604080200195,61.26604080200195,0
2019-12-27 00:00:00+01:00,62.15395177479603,62.15395177479603,61.266038178013225,61.97637176513672,3858
2019-12-30 00:00:00+01:00,61.266038178013225,62.15395177479603,61.266038178013225,61.97637176513672,5834
2019-12-31 00:00:00+01:00,61.97637176513672,61.97637176513672,61.97637176513672,61.97637176513672,0
2020-01-01 00:00:00+01:00,61.97637176513672,61.97637176513672,61.97637176513672,61.97637176513672,0
2020-01-02 00:00:00+01:00,62.153957927141235,63.752205269250965,61.443624269704955,62.509124755859375,2093
2020-01-03 00:00:00+01:00,63.041873931884766,63.39704077367377,61.621213338972794,63.041873931884766,26463
2020-01-06 00:00:00+01:00,63.041873931884766,63.041873931884766,63.041873931884766,63.041873931884766,0
2020-01-07 00:00:00+01:00,63.04187913374467,69.25727566805753,63.04187913374467,68.3693618774414,17921
2020-01-08 00:00:00+01:00,71.92100744976963,71.92100744976963,68.902099609375,68.902099609375,16515
2020-01-09 00:00:00+01:00,71.92100985220155,71.92100985220155,65.88319396972656,65.88319396972656,9982
2020-01-10 00:00:00+01:00,65.70561981201172,66.41595354670426,63.574625382178645,65.70561981201172,8940
2020-01-13 00:00:00+01:00,65.70561503092448,67.83660930569516,65.70561503092448,66.5935287475586,21897
2020-01-14 00:00:00+01:00,66.59352541645336,69.61243325684799,66.59352541645336,68.902099609375,6300
2020-01-15 00:00:00+01:00,69.07968492881716,71.03309225616425,68.72451811268762,69.43484497070312,19607
2020-01-16 00:00:00+01:00,69.07968316717934,70.14517681415265,68.01418274596263,69.25726318359375,3662
2020-01-17 00:00:00+01:00,69.25727234562379,69.79001923958742,68.36935859760297,68.72452545166016,2039
2020-01-20 00:00:00+01:00,69.61243919968098,69.61243919968098,67.12627799552497,68.72452545166016,2565
2020-01-21 00:00:00+01:00,68.19178182901604,69.43485571648291,68.19178182901604,68.3693618774414,36446
2020-01-22 00:00:00+01:00,68.7245163601071,69.61242999066599,68.54692956944928,69.25726318359375,9571
2020-01-23 00:00:00+01:00,70.85551628239045,71.56584318097885,69.79001577314193,71.03309631347656,15838
2020-01-24 00:00:00+01:00,71.3882581058211,73.34166540672244,70.3227576718575,73.1640853881836,4678
2020-01-27 00:00:00+01:00,73.69684035689743,73.69684035689743,71.56584602787323,71.92101287841797,20318
2020-01-28 00:00:00+01:00,71.92100673085291,72.63134037122545,70.32275942713649,71.38825988769531,1376
2020-01-29 00:00:00+01:00,72.09858378644755,72.09858378644755,69.61242969595409,70.5003433227539,1213
2020-01-30 00:00:00+01:00,70.50034010760136,72.80891407715019,70.14517331823006,70.85550689697266,44854
2020-01-31 00:00:00+01:00,70.50035225048325,72.63134657950745,70.50035225048325,71.92101287841797,12485
2020-02-03 00:00:00+01:00,71.5658445192241,72.4537582397461,70.85551760735295,72.4537582397461,1589
2020-02-04 00:00:00+01:00,73.16409040603608,73.16409040603608,72.4537567346765,72.98650360107422,41528
2020-02-05 00:00:00+01:00,72.98650972193236,78.66915924664055,72.80892967632207,76.71575164794922,22984
2020-02-06 00:00:00+01:00,79.02432048687717,79.02432048687717,74.2295850800156,75.6502456665039,13150
2020-02-07 00:00:00+01:00,75.65024980705766,77.24849728823618,72.98650852125643,75.29508972167969,1319
2020-02-10 00:00:00+01:00,76.71575108967758,76.89333113399562,72.98650919079896,74.76233673095703,2472
2020-02-11 00:00:00+01:00,74.05200804909761,76.71574929709216,73.69684119451614,74.58475494384766,1987
2020-02-12 00:00:00+01:00,74.76233498401623,74.76233498401623,74.05200804909761,74.58475494384766,10848
2020-02-13 00:00:00+01:00,74.40717490367906,74.58475494384766,74.22958808926619,74.58475494384766,7165
2020-02-14 00:00:00+01:00,74.58475018669577,75.47266387939453,74.05200332592528,75.47266387939453,5535
2020-02-17 00:00:00+01:00,75.11749267578125,78.13640041011152,75.11749267578125,75.11749267578125,1540
2020-02-18 00:00:00+01:00,75.47266387939453,77.07091123594985,74.76233021553797,75.47266387939453,1799
2020-02-19 00:00:00+01:00,75.47267425891965,76.36058807373047,75.47267425891965,76.36058807373047,13133
2020-02-20 00:00:00+01:00,76.36057251185066,78.31397979664249,76.36057251185066,77.60365295410156,5461
2020-02-21 00:00:00+01:00,77.24849526019487,78.66915588714271,75.6502478209759,77.07091522216797,4761
2020-02-24 00:00:00+01:00,75.65025471407596,76.18300842518855,73.16410008394485,74.40718078613281,2595
2020-02-25 00:00:00+01:00,71.21067164548808,71.21067164548808,66.59352339948767,69.96759796142578,20690
2020-02-26 00:00:00+01:00,69.25726289038549,71.56583696521633,69.25726289038549,70.5003433227539,3642
2020-02-27 00:00:00+01:00,67.65902535362464,70.85552028782274,67.4814453125,67.4814453125,17652
2020-02-28 00:00:00+01:00,66.59353049637532,69.25727171623033,63.04187553656864,66.77111053466797,30098
2020-03-02 00:00:00+01:00,66.59352880128672,70.14518367068868,63.041873931884766,63.041873931884766,37082
2020-03-03 00:00:00+01:00,65.70561675642365,68.36935797627866,65.35044990559413,66.77111053466797,15937
2020-03-04 00:00:00+01:00,69.79001000708041,70.50034362122489,68.01418274596263,69.25726318359375,4955
2020-03-05 00:00:00+01:00,71.03309341623813,73.69683441934706,69.07968605698906,70.14517974853516,6153
2020-03-06 00:00:00+01:00,67.48144108241773,69.61243531355339,64.10736631859928,65.17286682128906,80482
2020-03-09 00:00:00+01:00,59.31263985142653,64.64012222942613,59.13505304094672,60.55571365356445,36728
2020-03-10 00:00:00+01:00,60.37812773562983,63.92978230831394,60.37812773562983,61.62120819091797,10322
2020-03-11 00:00:00+01:00,64.81770500704802,64.81770500704802,55.40582042936665,59.13505554199219,9968
2020-03-12 00:00:00+01:00,54.16273593902588,55.58339651044662,52.20932511298088,53.27482223510742,117310
2020-03-13 00:00:00+01:00,55.40581697408953,55.40581697408953,44.92843246459961,44.92843246459961,113889
2020-03-16 00:00:00+01:00,45.63876736953494,47.05942799179695,38.18029063485413,42.08711242675781,38087
2020-03-17 00:00:00+01:00,45.28359889984131,47.4145931440944,43.15260465558822,46.171512603759766,11840
2020-03-18 00:00:00+01:00,45.81634696027757,49.72316871409066,44.750853197530425,47.23701095581055,15535
2020-03-19 00:00:00+01:00,45.461182055149834,47.76975631713867,45.461182055149834,47.76975631713867,12073
2020-03-20 00:00:00+01:00,49.190423332644926,50.966250840868604,49.190423332644926,50.611083984375,19686
2020-03-23 00:00:00+01:00,51.8541596009244,51.8541596009244,47.23700784679466,47.94733810424805,13074
2020-03-24 00:00:00+01:00,49.54558400122551,52.74207536760514,48.48008687909896,49.723167419433594,11239
2020-03-25 00:00:00+01:00,51.32141069973037,51.676577531237655,47.592172517391624,49.01283645629883,6222
2020-03-26 00:00:00+01:00,48.83525177284523,48.83525177284523,47.94733810424805,47.94733810424805,16201
2020-03-27 00:00:00+01:00,48.302508105679756,48.83525498705333,47.05942753297867,47.23701095581055,5812
2020-03-30 00:00:00+02:00,47.592172210709904,47.592172210709904,46.171511668079305,47.059425354003906,5152
2020-03-31 00:00:00+02:00,47.94733810424805,47.94733810424805,47.05942443565086,47.94733810424805,9465
2020-04-01 00:00:00+02:00,47.414595662833186,49.01283973736328,47.05942880754998,48.65767288208008,4160
2020-04-02 00:00:00+02:00,48.65766744668786,49.723164506392045,47.94733720259233,48.83525085449219,6960
2020-04-03 00:00:00+02:00,48.83525630972168,48.83525630972168,47.414595662833186,48.65767288208008,3787
2020-04-06 00:00:00+02:00,48.83525532322894,49.54558563232422,48.83525532322894,49.54558563232422,8166
2020-04-07 00:00:00+02:00,49.723168736647736,51.49899619152801,49.723168736647736,51.143829345703125,43166
2020-04-08 00:00:00+02:00,51.676578643914695,52.9196558067117,51.498995224337406,52.031742095947266,26620
2020-04-09 00:00:00+02:00,51.498998284339905,56.826480865478516,51.498998284339905,56.826480865478516,31038
2020-04-10 00:00:00+02:00,56.826480865478516,56.826480865478516,56.826480865478516,56.826480865478516,0
2020-04-13 00:00:00+02:00,56.826480865478516,56.826480865478516,56.826480865478516,56.826480865478516,0
2020-04-14 00:00:00+02:00,58.42472911050019,62.15396425617275,58.42472911050019,59.4902229309082,46926
2020-04-15 00:00:00+02:00,59.490221659570594,59.490221659570594,55.93856663511862,58.06956100463867,13821
2020-04-16 00:00:00+02:00,57.71438803663899,59.490215360843266,56.82647437453685,57.536808013916016,27759
2020-04-17 00:00:00+02:00,57.53681633710119,60.200557708740234,57.35922951444515,60.200557708740234,5165
2020-04-20 00:00:00+02:00,60.378139110169116,63.92979435194377,59.49022529972545,62.331546783447266,42343
2020-04-21 00:00:00+02:00,61.798793372745266,65.35044824214722,59.49021906248281,63.041873931884766,87042
2020-04-22 00:00:00+02:00,63.92978170715425,63.92978170715425,59.490213533046315,63.21944808959961,118665
2020-04-23 00:00:00+02:00,62.50912553532369,62.50912553532369,59.13505078179368,60.02296447753906,21745
2020-04-24 00:00:00+02:00,60.02296447753906,61.79879186902983,59.13505078179368,60.02296447753906,22290
2020-04-27 00:00:00+02:00,60.378137013268855,61.266050792875745,55.938568115234375,55.938568115234375,14239
2020-04-28 00:00:00+02:00,55.93856349174877,58.779884641949536,55.93856349174877,58.42472457885742,184395
2020-04-29 00:00:00+02:00,59.31263962421662,59.84538650512695,57.536812171686115,59.84538650512695,3146
2020-04-30 00:00:00+02:00,60.20055666067655,61.26605048108457,59.13505606602403,59.4902229309082,13006
2020-05-01 00:00:00+02:00,59.4902229309082,59.4902229309082,59.4902229309082,59.4902229309082,0
2020-05-04 00:00:00+02:00,60.378137757151656,60.55571780556308,59.490223966605306,60.200557708740234,20464
2020-05-05 00:00:00+02:00,60.73330067957806,62.15396129723751,57.35922578517321,58.6023063659668,14338
2020-05-06 00:00:00+02:00,60.20055379473629,60.20055379473629,57.35922578517321,58.6023063659668,14471
2020-05-07 00:00:00+02:00,60.02296807846304,60.02296807846304,58.06956054033108,59.31264114379883,992
2020-05-08 00:00:00+02:00,59.49021679544526,59.49021679544526,58.60230311193114,58.95746994018555,758
2020-05-11 00:00:00+02:00,58.60230915582002,60.20055666067655,58.60230915582002,59.4902229309082,1094
2020-05-12 00:00:00+02:00,58.60230867258019,61.97638369979016,58.60230867258019,60.73330307006836,18641
2020-05-13 00:00:00+02:00,60.733302540008,61.08846939886365,59.490221921135394,60.378135681152344,168173
2020-05-14 00:00:00+02:00,60.37813429647946,60.55571433471259,57.00405937609615,57.35922622680664,3496
2020-05-15 00:00:00+02:00,57.714389428417036,61.44362418947877,57.714389428417036,58.95746994018555,2022
2020-05-18 00:00:00+02:00,57.89197592381013,60.73330409306892,57.181648962178855,58.24714279174805,12307
2020-05-19 00:00:00+02:00,59.13504996719085,59.31263676843995,57.53680940141174,58.95746994018555,18113
2020-05-20 00:00:00+02:00,57.89197542605167,60.20055666067655,57.89197542605167,59.4902229309082,4804
2020-05-21 00:00:00+02:00,59.49021965977202,59.84538650512695,59.1350528144171,59.84538650512695,636
2020-05-22 00:00:00+02:00,59.66779708862305,60.02296391846182,57.53680965807809,59.66779708862305,2169
2020-05-25 00:00:00+02:00,60.378131310685994,60.378131310685994,59.84538444808754,60.02296447753906,46562
2020-05-26 00:00:00+02:00,60.200547149925384,61.26604080200195,59.845380341152044,61.26604080200195,49289
2020-05-27 00:00:00+02:00,61.0884682357037,65.3504501380878,60.37813453151755,64.81770324707031,10448
2020-05-28 00:00:00+02:00,64.8176996030063,66.41594696044922,64.64011957406548,66.41594696044922,21816
2020-05-29 00:00:00+02:00,66.59352738396487,66.59352738396487,62.68670575592348,65.17286682128906,10617
2020-06-01 00:00:00+02:00,66.59353481461328,69.2572762071978,63.04187962450057,67.12628173828125,4448
2020-06-02 00:00:00+02:00,67.12627893377133,68.90210645463429,65.88319831431838,66.23836517333984,4696
2020-06-03 00:00:00+02:00,66.23836672590885,66.59353359325512,65.70561981201172,65.70561981201172,8424
2020-06-04 00:00:00+02:00,65.88319332513899,67.4814406825819,65.35044646407265,66.41594696044922,2847
2020-06-05 00:00:00+02:00,67.12628050715225,67.12628050715225,65.17287289811459,65.70561981201172,2180
2020-06-08 00:00:00+02:00,65.88319985856258,68.7245280230882,65.35045294466545,65.70561981201172,19496
2020-06-09 00:00:00+02:00,65.88319106755131,65.88319106755131,62.50912321358611,64.99527740478516,3339
2020-06-10 00:00:00+02:00,65.35044065745856,65.35044065745856,63.04186661513332,64.6401138305664,3547
2020-06-11 00:00:00+02:00,64.6401138305664,64.6401138305664,64.6401138305664,64.6401138305664,0
2020-06-12 00:00:00+02:00,62.15394973754883,64.46252365866634,62.15394973754883,62.15394973754883,88014
2020-06-15 00:00:00+02:00,62.68670709009576,63.041873931884766,61.621213338972794,63.041873931884766,2102
2020-06-16 00:00:00+02:00,63.57461489766349,63.57461489766349,61.088460784737,61.26604080200195,5545
2020-06-17 00:00:00+02:00,61.621218418765466,63.397045999858165,59.845390837672774,60.200557708740234,4517
2020-06-18 00:00:00+02:00,60.555704590889725,63.39703216514057,60.37812458123042,61.97637176513672,6010
2020-06-19 00:00:00+02:00,62.33153445407853,62.33153445407853,59.13504672360538,61.26604080200195,9984
2020-06-22 00:00:00+02:00,60.55570775456664,63.397035477260026,60.55570775456664,61.62120819091797,2925
2020-06-23 00:00:00+02:00,61.79878907270321,65.3504436949763,61.79878907270321,62.686702728271484,44072
2020-06-24 00:00:00+02:00,62.86428330138941,63.0418633052281,62.15394973754883,62.15394973754883,8984
2020-06-25 00:00:00+02:00,63.041873931884766,63.041873931884766,62.15396021453427,63.041873931884766,1226
2020-06-26 00:00:00+02:00,62.50912124558691,62.68670126285187,60.91087399322862,61.26604080200195,1914
2020-06-29 00:00:00+02:00,61.97637441954863,62.50912124558691,59.49021353237871,61.26604080200195,2898
2020-06-30 00:00:00+02:00,61.79879422994652,62.68670795961312,60.20055358109313,60.55571365356445,4473
2020-07-01 00:00:00+02:00,60.91088311392386,61.97638369979016,58.779888716435686,60.73330307006836,3133
2020-07-02 00:00:00+02:00,60.733289384110584,62.15394973754883,60.733289384110584,62.15394973754883,2116
2020-07-03 00:00:00+02:00,62.15394973754883,62.15394973754883,61.621202951789854,62.15394973754883,794
2020-07-06 00:00:00+02:00,62.15394973754883,62.15394973754883,61.44361617370825,62.15394973754883,6394
2020-07-07 00:00:00+02:00,61.97637500303508,62.3315350409087,61.26604137880086,61.62120819091797,40835
2020-07-08 00:00:00+02:00,62.331546783447266,64.46254128336102,61.6212197996392,62.331546783447266,6053
2020-07-09 00:00:00+02:00,62.86429466909744,64.64012212557766,62.33154101275806,64.10736846923828,41433
2020-07-10 00:00:00+02:00,63.75220761546278,64.64012133281327,62.68670709009576,63.041873931884766,1802
2020-07-13 00:00:00+02:00,63.75219686906868,64.64011043674795,61.79878295562854,62.15394973754883,33846
2020-07-14 00:00:00+02:00,62.3315379543784,64.28495212520627,62.3315379543784,62.509124755859375,18493
2020-07-15 00:00:00+02:00,62.68670763109247,63.39704132080078,62.68670763109247,63.39704132080078,23493
2020-07-16 00:00:00+02:00,63.21944808959961,63.39703488110998,62.86428805506572,63.21944808959961,4253
2020-07-17 00:00:00+02:00,63.21944808959961,63.21944808959961,62.509121246288395,63.21944808959961,5270
2020-07-20 00:00:00+02:00,63.21944808959961,64.46252853319852,62.86428805506572,63.21944808959961,3520
2020-07-21 00:00:00+02:00,63.04187221662257,66.41594696044922,63.04187221662257,66.41594696044922,4128
2020-07-22 00:00:00+02:00,67.12627005021196,67.12627005021196,63.574615478515625,63.574615478515625,3231
2020-07-23 00:00:00+02:00,64.10736671321501,66.060780926382,62.86429294712434,63.929786682128906,3949
2020-07-24 00:00:00+02:00,63.92978198682787,63.92978198682787,61.266041070710045,62.864288330078125,1607
2020-07-27 00:00:00+02:00,62.153952963685505,63.7522001781633,61.44361936297465,61.79878616333008,1571
2020-07-28 00:00:00+02:00,61.62121683783473,63.041877511412025,60.02296934615749,60.73330307006836,1406
2020-07-29 00:00:00+02:00,60.73329397596367,63.219448088890154,60.55570718445529,61.26604080200195,1484
2020-07-30 00:00:00+02:00,61.26603616986956,63.75219686906868,61.26603616986956,62.15394973754883,10091
2020-07-31 00:00:00+02:00,61.443620819956436,63.75220168988731,60.55570718513485,63.21944808959961,7648
2020-08-03 00:00:00+02:00,63.397040330968096,68.54693579109245,61.443626101891404,67.83660888671875,4304
2020-08-04 00:00:00+02:00,67.83660930569516,67.83660930569516,65.88319506455368,66.5935287475586,3459
2020-08-05 00:00:00+02:00,66.59353155838816,67.4814453125,66.59353155838816,67.4814453125,1334
2020-08-06 00:00:00+02:00,66.77110878118779,67.3038624305635,66.5935287475586,66.5935287475586,1574
2020-08-07 00:00:00+02:00,66.5935287475586,67.48144246419271,66.5935287475586,66.5935287475586,1287
2020-08-10 00:00:00+02:00,65.88319985856258,66.23836672590885,65.17287289811459,65.70561981201172,396
2020-08-11 00:00:00+02:00,66.23836388119835,66.23836388119835,63.21945579977362,64.81770324707031,1461
2020-08-12 00:00:00+02:00,63.39704155119268,66.41594958205788,63.39704155119268,64.10736846923828,1436
2020-08-13 00:00:00+02:00,63.574624164653336,66.41595227476434,62.509130357264475,64.28495788574219,2074
2020-08-14 00:00:00+02:00,63.041871611814685,64.81769898116157,62.509124755859375,62.509124755859375,4309
2020-08-17 00:00:00+02:00,64.10736494740904,65.88319230633165,62.33153758848642,63.75220489501953,2322
2020-08-18 00:00:00+02:00,62.686707858902935,65.52803585381777,62.153960976807696,64.10736846923828,22539
2020-08-19 00:00:00+02:00,62.50912782295257,65.35044904362326,62.50912782295257,64.10736846923828,15449
2020-08-20 00:00:00+02:00,62.68669981456561,65.35044065745856,62.68669981456561,64.6401138305664,4151
2020-08-21 00:00:00+02:00,64.81769044058663,65.70560400826591,61.26603616986956,62.15394973754883,22607
2020-08-24 00:00:00+02:00,62.50911651946912,64.10735687674605,61.44361617370825,62.15394973754883,21924
2020-08-25 00:00:00+02:00,62.153960750933294,64.64012189066827,62.153960750933294,63.39704132080078,14462
2020-08-26 00:00:00+02:00,62.864294250430056,65.70561545217795,62.864294250430056,65.35044860839844,5234
2020-08-27 00:00:00+02:00,65.70561981201172,66.59353359325512,65.35045294466545,65.70561981201172,9346
2020-08-28 00:00:00+02:00,65.70561545217795,66.06078229595747,65.35044860839844,65.35044860839844,6688
2020-08-31 00:00:00+02:00,65.70561981201172,65.70561981201172,65.17287289811459,65.70561981201172,4676
2020-09-01 00:00:00+02:00,65.70561981201172,65.70561981201172,65.70561981201172,65.70561981201172,1863
2020-09-02 00:00:00+02:00,65.70561981201172,66.41595354670426,64.81770603076832,65.70561981201172,1495
2020-09-03 00:00:00+02:00,65.3504501380878,65.70561699018087,64.81770324707031,64.81770324707031,2050
2020-09-04 00:00:00+02:00,65.17286964924953,66.5935302735702,64.2849559122686,66.06078338623047,3876
2020-09-07 00:00:00+02:00,67.48144334624835,67.48144334624835,63.752208397337554,64.10736846923828,1305
2020-09-08 00:00:00+02:00,64.46253983881593,66.23836741990863,59.312643918193885,60.200557708740234,4024
2020-09-09 00:00:00+02:00,60.37812260219029,63.57461009098708,56.826468331473215,62.15394973754883,5283
2020-09-10 00:00:00+02:00,62.15394973754883,62.68669652330781,60.733289384110584,62.15394973754883,1129
2020-09-11 00:00:00+02:00,61.08845933686249,61.79878616333008,60.73329253650706,61.79878616333008,700
2020-09-14 00:00:00+02:00,60.91087254956314,63.7522001781633,60.37812573615163,61.79878616333008,1502
2020-09-15 00:00:00+02:00,61.26604080200195,61.62120761077529,60.022960358417,61.26604080200195,71936
2020-09-16 00:00:00+02:00,61.26604424246779,62.509124755859375,59.84538370183904,62.509124755859375,11222
2020-09-17 00:00:00+02:00,62.50911976404093,64.64011379193023,60.73329253650706,61.79878616333008,1543
2020-09-18 00:00:00+02:00,61.97638366164232,61.97638366164232,58.957475498246,59.13505554199219,18880
2020-09-21 00:00:00+02:00,58.957475498246,64.81770500704802,58.957475498246,59.13505554199219,5875
2020-09-22 00:00:00+02:00,58.42472859276298,63.041877472608356,57.714394869289336,59.13505554199219,4180
2020-09-23 00:00:00+02:00,59.312640379400285,61.97638159211148,59.312640379400285,60.91088104248047,11015
2020-09-24 00:00:00+02:00,60.91087456668375,61.62120819091797,60.37812773562983,61.62120819091797,14275
2020-09-25 00:00:00+02:00,61.62120761077529,61.62120761077529,60.55570718445529,61.26604080200195,1369
2020-09-28 00:00:00+02:00,61.26603616986956,62.15394973754883,60.91086938794927,62.15394973754883,5440
2020-09-29 00:00:00+02:00,62.15395927429199,65.70561408996582,61.79879243787582,63.929786682128906,13460
2020-09-30 00:00:00+02:00,63.929780229430975,64.99527385689085,63.929780229430975,64.6401138305664,19083
2020-10-01 00:00:00+02:00,64.4625285324751,64.4625285324751,61.26604080200195,61.26604080200195,3816
2020-10-02 00:00:00+02:00,61.9763831588806,63.39704382005884,59.31264187882976,60.378135681152344,2034
2020-10-05 00:00:00+02:00,61.62121474223447,64.46253599276206,58.779886717462674,60.91088104248047,3766
2020-10-06 00:00:00+02:00,61.443627383231046,61.79879422994652,59.49021988766219,60.55571365356445,2952
2020-10-07 00:00:00+02:00,60.55571625196842,61.26604997587929,60.02296934615749,60.73330307006836,502
2020-10-08 00:00:00+02:00,60.55571077609806,61.2660444357756,59.66779708862305,59.66779708862305,772
2020-10-09 00:00:00+02:00,60.20055199129389,60.20055199129389,58.24713777306739,58.42472457885742,2277
2020-10-12 00:00:00+02:00,58.60230284444643,63.75220489501953,58.069555991618394,63.75220489501953,6048
2020-10-13 00:00:00+02:00,62.86429389811229,63.21945396565724,62.15396021453427,63.041873931884766,3294
2020-10-14 00:00:00+02:00,62.509128869831734,65.70561699018087,62.33154205666307,64.81770324707031,47950
2020-10-15 00:00:00+02:00,65.70561699018087,66.41595069436701,61.443628313552516,64.81770324707031,37805
2020-10-16 00:00:00+02:00,64.28495274193996,66.41594696044922,61.44362485917966,66.41594696044922,12632
2020-10-19 00:00:00+02:00,66.41595069436701,66.41595069436701,63.21945579977362,64.81770324707031,16281
2020-10-20 00:00:00+02:00,64.81770603076832,65.70561981201172,64.81770603076832,65.70561981201172,3837
2020-10-21 00:00:00+02:00,64.99528607731918,65.70561981201172,64.81770603076832,65.70561981201172,2744
2020-10-22 00:00:00+02:00,65.52803976546086,65.70561981201172,64.81770603076832,65.70561981201172,7473
2020-10-23 00:00:00+02:00,65.70561545217795,65.70561545217795,64.81770172985122,65.35044860839844,2009
2020-10-26 00:00:00+01:00,64.99527740478516,65.70561104469553,62.331536416486685,64.99527740478516,3366
2020-10-27 00:00:00+01:00,65.35044685128207,65.528033655519,63.929786288606266,65.17286682128906,792
2020-10-28 00:00:00+01:00,65.17287164998105,65.17287164998105,62.509130357264475,64.28495788574219,4257
2020-10-29 00:00:00+01:00,63.21945579977362,64.99528328599472,63.04187576084921,64.81770324707031,7296
2020-10-30 00:00:00+01:00,65.35044065745856,65.35044065745856,63.04186661513332,64.6401138305664,4109
2020-11-02 00:00:00+01:00,64.64012320814591,65.3504501380878,63.04187576084921,64.81770324707031,2548
2020-11-03 00:00:00+01:00,64.81770324707031,65.70561699018087,63.92978950395976,64.81770324707031,4955
2020-11-04 00:00:00+01:00,64.46253056197419,65.52803102183977,64.107363742019,64.99527740478516,1918
2020-11-05 00:00:00+01:00,64.28495337089068,65.88319396972656,64.28495337089068,65.88319396972656,3580
2020-11-06 00:00:00+01:00,65.17286643513182,66.41594696044922,64.64011957406548,66.41594696044922,1308
2020-11-09 00:00:00+01:00,66.41594854020369,70.50035027118814,66.06078169963025,68.54693603515625,5315
2020-11-10 00:00:00+01:00,72.27617390587103,72.27617390587103,68.3693524131292,70.14517974853516,5281
2020-11-11 00:00:00+01:00,70.14517974853516,70.14517974853516,70.14517974853516,70.14517974853516,0
2020-11-12 00:00:00+01:00,70.85551643760593,70.85551643760593,67.6590216771021,69.0796890258789,1242
2020-11-13 00:00:00+01:00,69.61243655687656,69.61243655687656,67.12627544710652,68.54693603515625,1469
2020-11-16 00:00:00+01:00,69.79001659004126,69.79001659004126,67.8366091282534,68.54693603515625,4379
2020-11-17 00:00:00+01:00,68.5469352328073,71.03309631347656,67.83660833421891,71.03309631347656,13387
2020-11-18 00:00:00+01:00,71.03309913917825,72.45375976711297,71.03309913917825,71.92101287841797,8765
2020-11-19 00:00:00+01:00,71.92101287841797,72.98650665580796,71.92101287841797,71.92101287841797,6231
2020-11-20 00:00:00+01:00,71.92101287841797,72.45375976711297,71.92101287841797,71.92101287841797,1408
2020-11-23 00:00:00+01:00,71.21066691210089,73.6968276634569,70.85550689697266,70.85550689697266,7221
2020-11-24 00:00:00+01:00,73.5192562389188,73.5192562389188,68.01418729658056,70.32276153564453,13552
2020-11-25 00:00:00+01:00,70.14517974853516,71.03309341623813,69.96759972469204,70.14517974853516,4032
2020-11-26 00:00:00+01:00,69.43484711776652,72.80892181396484,68.72452023778631,72.80892181396484,15207
2020-11-27 00:00:00+01:00,70.14518351727222,74.40717206093068,70.14518351727222,73.69683837890625,4134
2020-11-30 00:00:00+01:00,73.6968388033257,73.6968388033257,72.09859139668848,72.4537582397461,1262
2020-12-01 00:00:00+01:00,72.80891739758475,73.69683102438457,69.96759650152269,70.5003433227539,6444
2020-12-02 00:00:00+01:00,74.40717109806428,74.40717109806428,69.25726890563965,71.03309631347656,6060
2020-12-03 00:00:00+01:00,71.03309631347656,73.51925739414582,70.85551628239045,71.03309631347656,1133
2020-12-04 00:00:00+01:00,71.21067594930234,72.27617645263672,71.21067594930234,72.27617645263672,2973
2020-12-07 00:00:00+01:00,72.80892181396484,72.80892181396484,69.96760074555641,72.80892181396484,3740
2020-12-08 00:00:00+01:00,72.98650511721047,72.98650511721047,71.03309764175972,72.4537582397461,203
2020-12-09 00:00:00+01:00,73.51925698607154,74.40717068506156,72.27617645263672,72.27617645263672,7729
2020-12-10 00:00:00+01:00,72.98650665580796,74.40717405798691,71.2106791773285,71.92101287841797,8216
2020-12-11 00:00:00+01:00,71.92101877340869,73.69684639744348,71.21068501409687,71.74343872070312,6934
2020-12-14 00:00:00+01:00,71.92101136228172,74.05200564638332,71.38826448481733,72.4537582397461,588
2020-12-15 00:00:00+01:00,71.92101136228172,72.80892508280371,71.21067767616648,72.4537582397461,1752
2020-12-16 00:00:00+01:00,72.27617778910144,73.69683837890625,72.27617778910144,73.69683837890625,8228
2020-12-17 00:00:00+01:00,74.22958525330255,74.22958525330255,73.16409150450995,73.69683837890625,3400
2020-12-18 00:00:00+01:00,73.16408715247192,74.05200081506443,71.38825982728689,73.34166717529297,28511
2020-12-21 00:00:00+01:00,73.34167153789404,73.69683837890625,72.27617778910144,73.69683837890625,6724
2020-12-22 00:00:00+01:00,73.69683837890625,74.05200521991847,73.34167153789404,73.69683837890625,5324
2020-12-23 00:00:00+01:00,74.05200804909761,75.47266869317917,72.9865074853532,74.58475494384766,14285
2020-12-28 00:00:00+01:00,75.47265887799193,77.60365295410156,75.47265887799193,77.60365295410156,3710
2020-12-29 00:00:00+01:00,78.13640091252283,82.57596914618891,77.42606728543886,80.26739501953125,23805
2020-12-30 00:00:00+01:00,81.51047978804307,82.93114034305653,80.26739926206484,82.57597351074219,29784
2021-01-04 00:00:00+01:00,82.5759754390507,82.5759754390507,79.73465426267344,80.8001480102539,3523
2021-01-05 00:00:00+01:00,80.26739838105338,80.26739838105338,76.71574364538061,77.95882415771484,5994
2021-01-07 00:00:00+01:00,78.13639389345342,79.55705424575852,77.7812271118164,77.7812271118164,8511
2021-01-08 00:00:00+01:00,79.55705424575852,79.91222102739553,77.7812271118164,77.7812271118164,5150
2021-01-11 00:00:00+01:00,77.9588230264068,78.84673669743994,77.07090935537367,77.24848937988281,6746
2021-01-12 00:00:00+01:00,77.42608017966934,77.42608017966934,76.00541946315374,76.1830062866211,2658
2021-01-13 00:00:00+01:00,75.65023319623728,78.84672745672742,75.65023319623728,77.7812271118164,3180
2021-01-14 00:00:00+01:00,77.7812271118164,78.84672745672742,76.00539997787428,77.7812271118164,2998
2021-01-15 00:00:00+01:00,78.49156067509041,78.66914067878747,77.24848032648235,77.7812271118164,2627
2021-01-18 00:00:00+01:00,77.78123799833953,77.78123799833953,76.53815747574575,77.42607116699219,855
2021-01-19 00:00:00+01:00,77.2484846982089,78.13639831542969,77.07090468446205,78.13639831542969,16819
2021-01-20 00:00:00+01:00,78.1364072754793,79.91223471355838,77.42607359055005,79.55706787109375,6608
2021-01-21 00:00:00+01:00,79.5570649930711,79.91223182268736,78.49157127846613,78.66915130615234,559
2021-01-22 00:00:00+01:00,78.13639835387772,80.80013920685083,78.13639835387772,80.08980560302734,3512
2021-01-25 00:00:00+01:00,80.08980556361811,80.62255915334522,77.7812315136927,78.13639831542969,2199
2021-01-26 00:00:00+01:00,80.44498721979943,81.51048782175872,78.13641274358778,81.33290100097656,2436
2021-01-27 00:00:00+01:00,82.22080413912383,82.5759709604692,78.31398265281204,80.44497680664062,2086
2021-01-28 00:00:00+01:00,80.80014843259792,80.80014843259792,78.1364072754793,79.55706787109375,6604
2021-01-29 00:00:00+01:00,80.08981628334568,80.08981628334568,76.89332818836131,79.02432250976562,5119
2021-02-01 00:00:00+01:00,79.91223031329613,80.6225639591118,77.60365612576076,79.20189666748047,13663
2021-02-02 00:00:00+01:00,79.20189194639731,79.20189194639731,77.42606471195573,78.13639831542969,4512
2021-02-03 00:00:00+01:00,77.78123587573289,79.0243163644037,77.78123587573289,78.49156951904297,12831
2021-02-04 00:00:00+01:00,78.31397836771194,80.6225591930166,78.31397836771194,80.08980560302734,1612
2021-02-05 00:00:00+01:00,80.6225639591118,80.80014398344387,79.0243166431484,79.20189666748047,13015
2021-02-08 00:00:00+01:00,79.02432142069365,80.44498202396966,78.13640769686563,78.3139877319336,2618
2021-02-09 00:00:00+01:00,78.31398447653608,79.91223182268736,77.95882442116364,78.66915130615234,6401
2021-02-10 00:00:00+01:00,77.7812315136927,79.91222554987127,77.42606471195573,78.13639831542969,44038
2021-02-11 00:00:00+01:00,78.66915093464777,79.9122314453125,78.31398410670873,79.9122314453125,1456
2021-02-12 00:00:00+01:00,79.0243166431484,80.0898103376282,78.66914982024056,79.20189666748047,8467
2021-02-15 00:00:00+01:00,80.08981606373322,81.688063493965,79.55706917840403,80.97772979736328,72926
2021-02-16 00:00:00+01:00,81.68806584167588,83.10872650146484,81.33289898316755,83.10872650146484,37101
2021-02-17 00:00:00+01:00,83.46388965240591,85.2397170918188,83.10872280967452,84.70697021484375,2339
2021-02-18 00:00:00+01:00,85.06213927068079,85.23971930954463,83.28631178506527,83.64147186279297,16771
2021-02-19 00:00:00+01:00,84.35180769657755,85.41730150515234,82.75356020947095,85.06214141845703,14784
2021-02-22 00:00:00+01:00,84.35180581134298,84.35180581134298,81.68806457519531,81.68806457519531,6253
2021-02-23 00:00:00+01:00,82.75355547223276,83.46388915344909,79.20190061463919,80.8001480102539,4925
2021-02-24 00:00:00+01:00,80.62256149824046,83.46388244628906,79.91222787410655,83.46388244628906,3017
2021-02-25 00:00:00+01:00,82.57596428250173,88.25861264173757,82.57596428250173,86.3051986694336,39082
2021-02-26 00:00:00+01:00,84.88454550463055,87.01553966766706,82.04322447007767,85.59487915039062,8783
2021-03-01 00:00:00+01:00,83.28630679101137,85.23971419835956,83.28630679101137,83.81905364990234,1577
2021-03-02 00:00:00+01:00,83.99664083563782,85.06214141845703,82.75356020947095,85.06214141845703,1986
2021-03-03 00:00:00+01:00,84.88455401976215,84.88455401976215,81.33289898316755,83.10872650146484,4530
2021-03-04 00:00:00+01:00,83.46389614797025,83.99664306640625,82.22081548878985,83.99664306640625,1982
2021-03-05 00:00:00+01:00,84.17421972443945,84.52937977768048,81.86563873291016,81.86563873291016,1963
2021-03-08 00:00:00+01:00,84.35180921182773,84.35180921182773,80.08982035247966,81.33290100097656,1075
2021-03-09 00:00:00+01:00,81.6880598170783,83.28630717537085,80.97772615244963,82.57597351074219,1076
2021-03-10 00:00:00+01:00,83.46389563878378,85.41730325254684,80.80015428860983,85.2397232055664,3594
2021-03-11 00:00:00+01:00,85.23971862665108,85.41729866409226,83.99663804183025,84.17422485351562,14290
2021-03-12 00:00:00+01:00,85.23971232751059,88.79136700782352,84.17421863311418,85.59487915039062,28133
2021-03-15 00:00:00+01:00,87.01554434441026,90.56719921561069,85.5948837507789,86.6603775024414,14678
2021-03-16 00:00:00+01:00,87.01554184650908,87.37070867828238,83.2863070484991,84.52938079833984,5758
2021-03-17 00:00:00+01:00,82.04322197226476,85.95004335651423,82.04322197226476,83.46388244628906,9105
2021-03-18 00:00:00+01:00,83.64146968664957,85.41729712606246,83.64146968664957,84.70697021484375,1256
2021-03-19 00:00:00+01:00,85.59487950940262,86.48279318320505,83.81905216179776,84.35179901123047,30223
2021-03-22 00:00:00+01:00,84.88454404020605,87.548285004486,84.52937722345334,86.12762451171875,1695
2021-03-23 00:00:00+01:00,86.66037726172448,86.66037726172448,85.2397166720393,85.9500503540039,946
2021-03-24 00:00:00+01:00,86.30520337675142,86.30520337675142,84.8845429030166,85.41728973388672,2752
2021-03-25 00:00:00+01:00,86.30521239978654,86.83796606059848,83.10872430613597,84.17422485351562,55737
2021-03-26 00:00:00+01:00,85.2397232055664,85.77247012075229,84.3518094221751,85.2397232055664,3594
2021-03-29 00:00:00+02:00,85.23971407935281,87.7258751163648,84.52938041899401,85.7724609375,12315
2021-03-30 00:00:00+02:00,85.41729373494233,88.79136844557158,85.41729373494233,87.01554107666016,11550
2021-03-31 00:00:00+02:00,88.08103767461425,88.08103767461425,85.77246337422908,87.90345764160156,1673
2021-04-01 00:00:00+02:00,87.54829033372793,87.72587714003615,85.86125293214185,86.57158660888672,2981
2021-04-06 00:00:00+02:00,86.57158241271972,88.79136657714844,86.48279240099131,88.79136657714844,9707
2021-04-07 00:00:00+02:00,89.14653516547865,94.11885043751762,87.63707783919861,88.96894836425781,13436
2021-04-08 00:00:00+02:00,89.67928085467656,89.67928085467656,87.9034535110196,88.16983032226562,2763
2021-04-09 00:00:00+02:00,88.16982858414374,88.70257542188986,87.01553812382416,88.0810317993164,6289
2021-04-12 00:00:00+02:00,88.08103478830948,88.52499163053734,86.7491642616259,87.01554107666016,13938
2021-04-13 00:00:00+02:00,88.16982972080586,89.67928024291992,87.72587288792012,88.79136657714844,3947
2021-04-14 00:00:00+02:00,89.50170745800253,90.56720123340371,89.32412064593953,90.03445434570312,15156
2021-04-15 00:00:00+02:00,90.56719452650505,92.343021870162,88.08103353568781,88.16983032226562,9947
2021-04-16 00:00:00+02:00,89.50170021946309,89.67928024291992,87.72587288792012,88.79136657714844,15098
2021-04-19 00:00:00+02:00,88.79137245464523,89.67928617919169,88.08103876531042,88.6137924194336,4947
2021-04-20 00:00:00+02:00,89.14653667132427,89.14653667132427,87.45949928957008,88.43620300292969,2446
2021-04-21 00:00:00+02:00,86.1276284923591,88.43620274658386,85.95004846289714,87.72587585449219,1651
2021-04-22 00:00:00+02:00,88.79137088090945,88.79137088090945,86.57158660888672,86.57158660888672,1673
2021-04-23 00:00:00+02:00,86.57157575984755,87.9034461561529,85.59487215740559,86.92674255371094,6943
2021-04-26 00:00:00+02:00,86.74917215299304,88.08104280083374,85.06214141845703,85.06214141845703,2957
2021-04-27 00:00:00+02:00,86.1276302144985,88.16983446536463,86.1276302144985,87.90345764160156,14722
2021-04-28 00:00:00+02:00,88.16982972080586,89.50170021946309,87.28191605503437,88.79136657714844,15641
2021-04-29 00:00:00+02:00,89.14653479746666,90.21202850341797,87.10433062444226,90.21202850341797,67669
2021-04-30 00:00:00+02:00,90.38961567704935,90.38961567704935,88.79136833728077,88.96894836425781,5974
2021-05-04 00:00:00+02:00,90.03445346702419,90.03445346702419,87.37071228027344,87.37071228027344,4473
2021-05-05 00:00:00+02:00,87.54828496157027,89.85685910796587,87.54828496157027,88.0810317993164,3279
2021-05-06 00:00:00+02:00,88.96895531334455,90.38962273709997,88.08104156061958,89.501708984375,14484
2021-05-07 00:00:00+02:00,89.85685615798292,96.78258514404297,88.96894253280821,96.78258514404297,16275
2021-05-10 00:00:00+02:00,96.78258514404297,96.78258514404297,94.11884426851886,96.78258514404297,3174
2021-05-11 00:00:00+02:00,96.78259691330827,99.09117126464844,95.89468318015865,99.09117126464844,7312
2021-05-12 00:00:00+02:00,98.55842590332031,99.97908654347428,95.53951780909048,98.55842590332031,5341
2021-05-13 00:00:00+02:00,99.62390979982179,101.93249073191498,98.55841611904309,101.57732391357422,53433
2021-05-14 00:00:00+02:00,102.11007075396357,102.82040439064511,101.22215709523344,101.57732391357422,1995
2021-05-17 00:00:00+02:00,103.70833276713294,105.66174038385941,103.53074594563854,104.7738265991211,3858
2021-05-18 00:00:00+02:00,105.66172614147749,105.66172614147749,103.17556516962762,105.48414611816406,9370
2021-05-19 00:00:00+02:00,105.66173034531084,105.66173034531084,99.26875441226692,100.68941497802734,19832
2021-05-20 00:00:00+02:00,100.68942050690059,101.75491429616638,95.53951805221257,96.60501861572266,4649
2021-05-21 00:00:00+02:00,96.7825960441378,97.84808980465085,95.00676859378666,96.42742919921875,15146
2021-05-24 00:00:00+02:00,96.7825929082351,99.09116716404147,94.65159868201233,94.82918548583984,2809
2021-05-25 00:00:00+02:00,96.78259945338597,101.04458819405852,94.82919189888693,99.26876068115234,8859
2021-05-26 00:00:00+02:00,100.68942107113176,103.70832918996089,98.55842670641448,101.22216796875,17831
2021-05-27 00:00:00+02:00,101.39973953216995,106.37206155887195,101.39973953216995,105.66172790527344,18613
2021-05-28 00:00:00+02:00,106.3720672570262,106.3720672570262,100.68941804656049,102.28765869140625,4425
2021-05-31 00:00:00+02:00,102.28766176398648,102.28766176398648,100.33425421463816,101.22216796875,4694
2021-06-01 00:00:00+02:00,101.93249771625197,104.77381890917606,99.44633659176033,99.62391662597656,9007
2021-06-02 00:00:00+02:00,99.97908020019531,102.82040807447645,99.97908020019531,99.97908020019531,20124
2021-06-04 00:00:00+02:00,101.932489255426,102.28764929437868,100.33424198316492,102.11006927490234,7388
2021-06-07 00:00:00+02:00,102.465255271485,102.465255271485,99.09118007579735,100.5118408203125,10967
2021-06-08 00:00:00+02:00,99.09117126464844,100.1566718089745,98.38084434267526,99.09117126464844,2406
2021-06-09 00:00:00+02:00,99.26875784731665,99.26875784731665,96.2498498067084,98.38084411621094,5771
2021-06-10 00:00:00+02:00,99.26876324630324,99.26876324630324,96.07226822107775,96.2498550415039,24883
2021-06-11 00:00:00+02:00,96.78258514404297,97.67049876921767,96.24983832378682,96.78258514404297,3184
2021-06-14 00:00:00+02:00,96.96016515938057,97.13775194896152,96.24983832378682,96.78258514404297,2345
2021-06-15 00:00:00+02:00,97.67050976931338,97.67050976931338,95.18434862912412,96.42742919921875,14930
2021-06-16 00:00:00+02:00,96.42743180134883,98.5584261541247,95.7171048665864,96.60501861572266,72970
2021-06-17 00:00:00+02:00,97.49293305304167,97.49293305304167,95.89468558361698,96.072265625,7909
2021-06-18 00:00:00+02:00,96.78258987709327,98.38083719026568,91.45510786551016,95.8946762084961,21500
2021-06-21 00:00:00+02:00,94.76862167384714,97.29098324794685,94.40829019716062,95.66946411132812,1659
2021-06-22 00:00:00+02:00,96.39014879477492,101.61503811411215,95.66947203594118,98.73233795166016,5238
2021-06-23 00:00:00+02:00,100.35385987356734,102.51588333429817,97.4711596349652,101.97537231445312,19079
2021-06-24 00:00:00+02:00,102.15554313201349,106.29941734900841,102.15554313201349,105.39857482910156,59037
2021-06-25 00:00:00+02:00,105.39857482910156,106.47958310383659,104.4977323091947,105.39857482910156,8122
2021-06-28 00:00:00+02:00,106.1192498365348,106.2994155883789,102.69604556843386,106.2994155883789,1819
2021-06-29 00:00:00+02:00,104.67788620401457,105.39856288744056,103.41671231734243,103.59687805175781,1059
2021-06-30 00:00:00+02:00,105.21840558460912,105.21840558460912,101.79520137334357,104.67789459228516,5968
2021-07-01 00:00:00+02:00,104.67789013008543,106.29940929216983,103.59688193728415,104.85806274414062,89811
2021-07-02 00:00:00+02:00,103.59688807342012,106.2994155883789,103.59688807342012,106.2994155883789,2065
2021-07-05 00:00:00+02:00,106.29940235759972,106.29940235759972,105.3985599647387,105.9390640258789,3057
2021-07-06 00:00:00+02:00,105.39856684054126,106.29940929216983,104.4977243889127,104.85806274414062,20832
2021-07-07 00:00:00+02:00,105.39857308339265,109.72261985647985,104.67789633025049,106.2994155883789,12415
2021-07-08 00:00:00+02:00,105.03822326660156,107.20024641766878,103.7770425224055,105.03822326660156,9107
2021-07-09 00:00:00+02:00,104.67789261402177,107.56059265136719,102.33570355878544,107.56059265136719,1879
2021-07-12 00:00:00+02:00,107.56059118746269,107.56059118746269,103.95722134448494,106.47957611083984,1001
2021-07-13 00:00:00+02:00,106.29941255517632,111.1639633178711,104.67789334331717,111.1639633178711,13640
2021-07-14 00:00:00+02:00,110.62344997572998,112.0647964477539,109.18209663082393,112.0647964477539,1249
2021-07-15 00:00:00+02:00,112.42514071239701,112.42514071239701,104.85806274414062,104.85806274414062,9431
2021-07-16 00:00:00+02:00,105.5787256941581,107.92092141390235,105.5787256941581,105.9390640258789,889
2021-07-19 00:00:00+02:00,105.93906118972316,107.2002418805412,104.67788049890514,105.21839141845703,4194
2021-07-20 00:00:00+02:00,106.2994155883789,108.8217773514936,106.2994155883789,106.2994155883789,7159
2021-07-21 00:00:00+02:00,107.20025294280249,109.36227622546915,106.29941048109828,109.00193786621094,881
2021-07-22 00:00:00+02:00,109.90278032791517,109.90278032791517,107.20025294280249,109.00193786621094,2512
2021-07-23 00:00:00+02:00,110.08293903494916,112.24496217942611,107.56058442712781,112.0647964477539,7062
2021-07-26 00:00:00+02:00,111.16396015107425,112.2449683462632,110.9837875366211,110.9837875366211,8754
2021-07-27 00:00:00+02:00,112.42514416344125,112.6053099101444,111.1639633178711,111.1639633178711,2888
2021-07-28 00:00:00+02:00,110.9837893406907,112.96564689459605,110.9837893406907,112.60530853271484,9738
2021-07-29 00:00:00+02:00,112.60530331901826,114.22682243596503,111.70446089246612,112.78546905517578,5951
2021-07-30 00:00:00+02:00,112.78547986948655,114.4069991419109,109.36228244408827,110.44329071044922,2091
2021-08-02 00:00:00+02:00,109.90278112792969,113.50615100097656,109.90278112792969,112.60530853271484,1079
2021-08-03 00:00:00+02:00,112.60530853271484,116.02851266126241,112.60530853271484,112.60530853271484,2521
2021-08-04 00:00:00+02:00,112.42514038085938,115.48799920905823,111.70446367252879,112.42514038085938,69365
2021-08-05 00:00:00+02:00,112.06479923766342,112.78546905517578,111.88462662862364,112.78546905517578,8022
2021-08-06 00:00:00+02:00,113.50614320778264,115.66815948486328,112.42513506924233,115.66815948486328,1687
2021-08-09 00:00:00+02:00,115.66817168434935,118.01036768635426,113.14581680409592,114.40699768066406,7510
2021-08-10 00:00:00+02:00,114.58716519053246,114.76733781731205,112.60531440613762,113.50615692138672,20111
2021-08-11 00:00:00+02:00,112.78547462528797,113.50615135127451,111.16396230114219,113.14581298828125,1836
2021-08-12 00:00:00+02:00,111.16396297362304,113.32598629177907,110.62345886230469,110.62345886230469,939
2021-08-13 00:00:00+02:00,110.44328864116356,113.14581612931381,110.08295026816697,110.80362701416016,37090
2021-08-16 00:00:00+02:00,111.16396505192722,114.9475007747747,110.26312255859375,110.26312255859375,1653
2021-08-17 00:00:00+02:00,110.44328864116356,112.60531200626032,110.44328864116356,110.80362701416016,1435
2021-08-18 00:00:00+02:00,110.8036248860731,111.52430161822501,108.6416015625,108.6416015625,11677
2021-08-19 00:00:00+02:00,109.00194376752056,109.00194376752056,106.47958198903633,107.38042449951172,5564
2021-08-20 00:00:00+02:00,107.38041857158429,108.82177200708142,106.47957611083984,106.47957611083984,7543
2021-08-23 00:00:00+02:00,106.47957790117653,110.44328616967397,106.47957790117653,108.1010971069336,3228
2021-08-24 00:00:00+02:00,112.78548245195051,118.37070341083916,112.78548245195051,116.20868682861328,48565
2021-08-25 00:00:00+02:00,116.92935738479548,125.57743699944844,115.30783816149635,123.41542053222656,35704
2021-08-26 00:00:00+02:00,123.41540562455543,130.622144639128,123.05507417213234,125.9377670288086,32346
2021-08-27 00:00:00+02:00,125.93778514080749,126.11795089292995,120.17238485252837,120.53273010253906,4974
2021-08-30 00:00:00+02:00,120.53271276787916,127.19894085805328,120.53271276787916,125.9377670288086,19272
2021-08-31 00:00:00+02:00,126.11793158778775,126.11793158778775,122.69472783839505,125.39725494384766,10031
2021-09-01 00:00:00+02:00,126.11794798913664,126.11794798913664,123.41542053222656,123.41542053222656,3169
2021-09-02 00:00:00+02:00,123.41542403609664,125.0369433054321,119.8120539912471,121.61373901367188,4114
2021-09-03 00:00:00+02:00,122.51458330296758,123.05509431584592,119.812055730108,120.71289825439453,1556
2021-09-06 00:00:00+02:00,123.41542403609664,123.95593504113042,119.99221974433641,121.61373901367188,2396
2021-09-07 00:00:00+02:00,123.05509252991803,123.23525828300734,121.43357326058256,121.61373901367188,3895
2021-09-08 00:00:00+02:00,121.61374077868105,122.15425179155939,120.71289825439453,120.71289825439453,2033
2021-09-09 00:00:00+02:00,120.53273249869044,122.33441754726348,118.91121320582148,120.71289825439453,7473
2021-09-10 00:00:00+02:00,121.43357326058256,121.61373901367188,121.25340750749326,121.61373901367188,1610
2021-09-13 00:00:00+02:00,121.25340511228605,121.97406811040749,120.89305986745974,121.4335708618164,20039
2021-09-14 00:00:00+02:00,122.51457730630287,122.51457730630287,118.73104163864365,119.81204986572266,18878
2021-09-15 00:00:00+02:00,118.73104338156425,125.2171065850163,118.73104338156425,121.4335708618164,41668
2021-09-16 00:00:00+02:00,122.51457101726993,122.51457101726993,120.89305188700607,121.97406005859375,10337
2021-09-17 00:00:00+02:00,121.25338441545442,128.0997779493511,121.25338441545442,126.11792755126953,20910
2021-09-20 00:00:00+02:00,126.11795156973379,126.11795156973379,121.0732280086381,121.61373901367188,7059
2021-09-21 00:00:00+02:00,121.43357433413846,123.41542512717345,121.43357433413846,122.15425109863281,1483
2021-09-22 00:00:00+02:00,122.51458152488425,123.05509252991803,121.43357326058256,121.61373901367188,4267
2021-09-23 00:00:00+02:00,121.07322907900829,122.3344168533149,121.07322907900829,122.15425109863281,454
2021-09-24 00:00:00+02:00,121.07322383968726,121.61373482610946,119.81204986572266,119.81204986572266,1520
2021-09-27 00:00:00+02:00,119.81204561422798,121.61373051068254,116.7491867885612,118.01036071777344,3249
2021-09-28 00:00:00+02:00,116.56901143872025,120.89305809280167,115.66816895852685,119.81204986572266,3387
2021-09-29 00:00:00+02:00,118.91121148003472,121.61373901367188,117.46985796378856,121.61373901367188,13874
2021-09-30 00:00:00+02:00,118.01036896882233,122.15425001870564,118.01036896882233,121.61373901367188,72040
2021-10-01 00:00:00+02:00,121.0732189644547,122.15424089376977,119.45171356201172,119.45171356201172,15192
2021-10-04 00:00:00+02:00,119.45171837195144,121.25340333233825,118.73104163864365,119.81204986572266,1392
2021-10-05 00:00:00+02:00,119.27154298621333,121.61373901367188,118.91121148003472,121.61373901367188,978
2021-10-06 00:00:00+02:00,123.0550854056369,123.0550854056369,118.55087311034661,120.17237854003906,15921
2021-10-07 00:00:00+02:00,119.8120539912471,121.79390476676117,119.45172248506849,121.61373901367188,33740
2021-10-08 00:00:00+02:00,121.79390203324627,133.86519966002624,121.25340478610914,129.54115295410156,14197
2021-10-11 00:00:00+02:00,130.62216423653268,136.9280618203653,129.7213217245566,133.32469177246094,194508
2021-10-12 00:00:00+02:00,133.32469294621393,134.2255354661208,127.91963782677283,128.8204803466797,4440
2021-10-13 00:00:00+02:00,128.27994895974905,132.42382939139063,127.73945178112004,129.00062561035156,2899
2021-10-14 00:00:00+02:00,129.72130426433566,130.261815197076,126.29810043042956,127.55928802490234,1993
2021-10-15 00:00:00+02:00,128.64031108616615,128.64031108616615,124.13609860937999,125.57743835449219,3397
2021-10-18 00:00:00+02:00,125.39726667719368,127.73946255271592,124.67658996582031,124.67658996582031,2723
2021-10-19 00:00:00+02:00,125.93776503446819,126.47826220454358,123.59556939351741,124.31624603271484,2452
2021-10-20 00:00:00+02:00,124.31626232936533,124.31626232936533,120.71289240677504,122.33441162109375,12544
2021-10-21 00:00:00+02:00,122.15425001870564,122.51458152488425,121.25340750749326,121.61373901367188,9351
2021-10-22 00:00:00+02:00,121.61373026546889,121.61373026546889,119.81204537264712,121.0732192993164,4644
2021-10-25 00:00:00+02:00,121.07322803423384,121.43357328625447,118.37070050002535,119.09137725830078,10810
2021-10-26 00:00:00+02:00,120.35256063626278,131.16267037919303,119.09137291879505,127.91963195800781,25887
2021-10-27 00:00:00+02:00,129.54115881104954,130.44200134277344,127.01879697306939,130.44200134277344,27682
2021-10-28 00:00:00+02:00,130.62216771792058,132.4238527898919,129.00064840399315,131.52301025390625,7980
2021-10-29 00:00:00+02:00,131.52301025390625,133.32469532587757,131.16267873781848,131.52301025390625,37773
2021-11-02 00:00:00+01:00,131.52298978756988,133.32467457918045,131.52298978756988,131.70315551757812,2021
2021-11-03 00:00:00+01:00,133.32469177246094,133.32469177246094,130.62216423653268,133.32469177246094,1811
2021-11-04 00:00:00+01:00,133.1445260192189,133.32469177246094,131.52300674850878,133.32469177246094,3550
2021-11-05 00:00:00+01:00,133.14451340484027,139.99090759975786,131.34282855158332,136.02720642089844,77981
2021-11-08 00:00:00+01:00,136.0272198851589,139.45042419433594,136.0272198851589,139.45042419433594,3608
2021-11-09 00:00:00+01:00,138.00906828915316,138.72974503850634,136.0272175377562,136.74789428710938,1766
2021-11-10 00:00:00+01:00,138.54957470126715,138.72974044620005,130.80232395726415,138.00906372070312,7722
2021-11-12 00:00:00+01:00,137.82890904414188,138.72975158691406,136.02722395859755,138.72975158691406,6052
2021-11-15 00:00:00+01:00,136.5677349825674,140.35127091305725,132.60401954691005,138.72975158691406,2778
2021-11-16 00:00:00+01:00,140.8917554337105,143.23395133114212,131.883330821689,135.8470458984375,7193
2021-11-17 00:00:00+01:00,135.84705715618813,138.54958476375515,135.12638037835035,138.18923950195312,318
2021-11-18 00:00:00+01:00,137.82891409737724,138.18924562939043,130.26184195896522,132.42385864257812,4940
2021-11-19 00:00:00+01:00,133.14452772156667,135.1263785241003,129.36099187204508,134.9462127685547,3359
2021-11-22 00:00:00+01:00,137.4685764897181,137.648742247762,126.29812079603617,131.52301025390625,4344
2021-11-23 00:00:00+01:00,129.54113325537753,131.52298368504051,127.37910335830236,127.73944854736328,4010
2021-11-24 00:00:00+01:00,128.82046035833864,133.144506532107,124.49641418457031,124.49641418457031,1748
2021-11-25 00:00:00+01:00,124.85676295732873,130.98248032090027,124.85676295732873,125.21709442138672,2303
2021-11-26 00:00:00+01:00,126.65846076357583,126.65846076357583,117.28969053347915,122.51457977294922,18042
2021-11-29 00:00:00+01:00,122.33439483060286,129.54113368665296,117.46983785531096,126.298095703125,13471
2021-11-30 00:00:00+01:00,126.11794938712283,131.34283861088534,121.97406840895398,130.62216186523438,14491
2021-12-01 00:00:00+01:00,130.62214379371352,130.62214379371352,124.85675811767578,124.85675811767578,2747
2021-12-02 00:00:00+01:00,125.57742979439581,126.65845171174817,121.97406005859375,121.97406005859375,1004
2021-12-03 00:00:00+01:00,123.05507337569352,128.64029332668576,122.51456245479336,124.85675811767578,3992
2021-12-06 00:00:00+01:00,124.4964117560733,128.82045784549436,122.6947270309615,124.31624603271484,4083
2021-12-07 00:00:00+01:00,127.73945447434056,131.70315551757812,126.47826687275473,131.70315551757812,8231
2021-12-08 00:00:00+01:00,132.24368110650764,133.3246893521013,129.72131936961208,130.62216186523438,3727
2021-12-09 00:00:00+01:00,132.6040058457765,132.6040058457765,127.3791168883994,128.6403045654297,1029
2021-12-10 00:00:00+01:00,127.37911732414675,127.91962829411803,123.9559270002119,124.67658996582031,2054
2021-12-13 00:00:00+01:00,125.03693519438949,126.83862009994044,124.4964242244182,124.67658996582031,7204
2021-12-14 00:00:00+01:00,126.11795156973379,126.11795156973379,120.8930622555488,121.61373901367188,3367
2021-12-15 00:00:00+01:00,123.23525828300734,123.59558978918595,121.61373901367188,121.61373901367188,3291
2021-12-16 00:00:00+01:00,121.79388351261086,127.73944854736328,121.79388351261086,127.73944854736328,27607
2021-12-17 00:00:00+01:00,124.31626476961024,128.46014576023686,121.79390302513168,122.51457977294922,24975
2021-12-20 00:00:00+01:00,122.51458330296758,123.05509431584592,113.86649644439353,120.71289825439453,25312
2021-12-21 00:00:00+01:00,120.71289032350634,124.13609444004238,118.91120539330475,123.77574920654297,8925
2021-12-22 00:00:00+01:00,123.9559114344102,127.91961223057338,121.25338441545442,126.11792755126953,17742
2021-12-23 00:00:00+01:00,127.55928403622154,127.55928403622154,122.51456130760303,124.31624603271484,10780
2021-12-27 00:00:00+01:00,126.11792755126953,129.18078600778077,123.59556625109148,126.11792755126953,58725
2021-12-28 00:00:00+01:00,128.6402941592733,128.6402941592733,125.75760130259705,125.9377670288086,22476
2021-12-29 00:00:00+01:00,125.93777721634824,130.6221552056031,125.75761147556247,128.6403045654297,38036
2021-12-30 00:00:00+01:00,128.64031043127162,129.36098717304165,126.11794870795933,127.01879119873047,7826
2022-01-03 00:00:00+01:00,127.19895114761361,128.82047030621547,127.01878540682783,128.6403045654297,56957
2022-01-04 00:00:00+01:00,129.36096961263632,130.44197770566464,125.39725494384766,125.39725494384766,2837
2022-01-05 00:00:00+01:00,126.29810169207343,128.64029742966005,124.49641689262656,127.19894409179688,24899
2022-01-07 00:00:00+01:00,126.11792755126953,128.0997779493511,124.31624287196567,126.11792755126953,4232
2022-01-10 00:00:00+01:00,127.19895437127863,127.37912011663043,121.79389953613281,121.79389953613281,2457
2022-01-11 00:00:00+01:00,123.41542582725411,124.13610259583655,119.45172421869981,120.71289825439453,5422
2022-01-12 00:00:00+01:00,121.4335680454292,123.4154187358296,120.7128913182567,121.79389953613281,3882
2022-01-13 00:00:00+01:00,121.61373556095317,123.95593152191476,120.71289307531649,123.41542053222656,134359
2022-01-14 00:00:00+01:00,122.69474551232433,123.23525650957983,119.99221801757812,119.99221801757812,3728
2022-01-17 00:00:00+01:00,119.99221974433641,123.41542403609664,117.83020321573304,121.61373901367188,17212
2022-01-18 00:00:00+01:00,121.61374077868105,122.87491481437577,118.19053643723905,120.71289825439453,3531
2022-01-19 00:00:00+01:00,119.09137725830078,123.05509255593275,118.91121150517338,119.09137725830078,3872
2022-01-20 00:00:00+01:00,118.19053132098344,123.41542048482245,118.19053132098344,120.89305877685547,3619
2022-01-21 00:00:00+01:00,121.07322803423384,121.25340753312709,118.91121150517338,119.09137725830078,4679
2022-01-24 00:00:00+01:00,121.07321458039036,121.43355979236888,117.10951346897687,117.6500244140625,9154
2022-01-25 00:00:00+01:00,116.5690131257394,120.71289409290661,116.5690131257394,118.91120910644531,13749
2022-01-26 00:00:00+01:00,118.19053065222145,120.17238135949385,118.19053065222145,119.81204986572266,31197
2022-01-27 00:00:00+01:00,119.81204705472187,120.35255802846272,118.9112045956638,120.17237854003906,20402
2022-01-28 00:00:00+01:00,119.9922214858121,120.71289825439453,117.10952815724842,120.71289825439453,29011
2022-01-31 00:00:00+01:00,120.17238485252837,120.53273010253906,114.76733668714283,120.53273010253906,18036
2022-02-01 00:00:00+01:00,120.53273191268985,120.53273191268985,117.10952758789062,117.10952758789062,7652
2022-02-02 00:00:00+01:00,116.92935600458321,119.81204917544075,115.66816829211939,118.73104095458984,8242
2022-02-03 00:00:00+01:00,116.74918776110144,118.55087267256434,114.40699187789367,116.02851104736328,1708
2022-02-04 00:00:00+01:00,118.01035453019016,118.01035453019016,110.98378105328554,111.5242919921875,9200
2022-02-07 00:00:00+01:00,111.70446640919079,114.22682807726105,111.70446640919079,113.14581298828125,3893
2022-02-08 00:00:00+01:00,112.60530843545088,113.14581254136453,109.5424426714301,110.08294677734375,2064
2022-02-09 00:00:00+01:00,109.9027841613002,111.34413077572431,106.47957993827053,107.74076080322266,6301
2022-02-10 00:00:00+01:00,108.10108705495571,108.10108705495571,106.83990633140482,107.9209213256836,6326
2022-02-11 00:00:00+01:00,108.10109320990954,108.10109320990954,106.83991241455078,106.83991241455078,7354
2022-02-14 00:00:00+01:00,104.13738235973618,106.2994055419454,101.61502770789393,106.1192398071289,4127
2022-02-15 00:00:00+01:00,105.75890637865226,109.72261458472734,104.67789130087765,109.00193786621094,7457
2022-02-16 00:00:00+01:00,109.00194200466727,109.00194200466727,105.93907614400914,108.28126525878906,9042
2022-02-17 00:00:00+01:00,108.64159522561147,108.64159522561147,105.75890221091197,107.20024871826172,4267
2022-02-18 00:00:00+01:00,108.10109917504938,109.36228004000152,106.29941418879856,107.74076080322266,2561
2022-02-21 00:00:00+01:00,109.5424461276345,109.9027845005736,107.20025701285458,108.28126525878906,10635
2022-02-22 00:00:00+01:00,103.77703925957226,111.8846206665039,102.8761968810243,111.8846206665039,9144
2022-02-23 00:00:00+01:00,110.44327737117567,112.42513478398043,108.82176516747954,112.0647964477539,21323
2022-02-24 00:00:00+01:00,100.89435577392578,105.21840234196134,98.732332489908,100.89435577392578,49713
2022-02-25 00:00:00+01:00,96.93065376740056,105.39857482910156,96.93065376740056,105.39857482910156,13046
2022-02-28 00:00:00+01:00,105.39856967926026,108.1010971069336,99.09267234802246,108.1010971069336,22597
2022-03-01 00:00:00+01:00,108.1010988035507,108.1010988035507,103.77705210225557,104.67789459228516,29739
2022-03-02 00:00:00+01:00,107.02009063125705,109.72261810302734,103.59688641786155,109.72261810302734,1003
2022-03-03 00:00:00+01:00,106.65974195411574,108.6415924927584,103.05637233994213,104.49771881103516,4676
2022-03-04 00:00:00+01:00,104.67788961507891,104.67788961507891,97.29098429722069,101.79519653320312,1882
2022-03-07 00:00:00+01:00,97.29098546277162,99.09267037874886,93.86778137326182,97.83148956298828,5160
2022-03-08 00:00:00+01:00,95.48929595947266,97.11081505510715,93.14710705579787,95.48929595947266,25531
2022-03-09 00:00:00+01:00,96.39013837418466,96.39013837418466,94.04794947050989,95.48929595947266,42677
2022-03-10 00:00:00+01:00,96.02981157177672,96.02981157177672,92.78677986373727,94.2281265258789,19127
2022-03-11 00:00:00+01:00,95.30913958125414,95.48930533272879,93.68762032645088,94.58846282958984,6251
2022-03-14 00:00:00+01:00,94.76862018339516,94.76862018339516,92.78676960125904,93.5074462890625,12977
2022-03-15 00:00:00+01:00,93.5074462890625,96.02980095061008,92.24626552184758,93.5074462890625,13755
2022-03-16 00:00:00+01:00,95.48930032532344,100.5340167037829,95.48930032532344,99.81334686279297,3771
2022-03-17 00:00:00+01:00,99.81335031841263,99.81335031841263,95.8496420006525,98.01166534423828,3954
2022-03-18 00:00:00+01:00,98.55215655954089,99.99350297560386,97.47114159283228,98.19181823730469,40537
2022-03-21 00:00:00+01:00,98.011667090671,98.011667090671,93.1471161991441,94.58846282958984,58885
2022-03-22 00:00:00+01:00,96.93064300096022,106.1192398071289,90.9850844045465,106.1192398071289,44844
2022-03-23 00:00:00+01:00,106.11924633502586,106.11924633502586,101.61503395871549,105.5787353515625,5422
2022-03-24 00:00:00+01:00,105.39857308339265,106.2994155883789,103.23654969684904,106.2994155883789,2991
2022-03-25 00:00:00+01:00,106.11923795510387,112.24496217942611,105.21839555097866,112.0647964477539,10004
2022-03-28 00:00:00+02:00,112.42514196984001,112.42514196984001,108.10109540450672,109.00193786621094,32006
2022-03-29 00:00:00+02:00,109.00193215747737,109.00193215747737,103.0563735961914,103.0563735961914,20726
2022-03-30 00:00:00+02:00,105.75890221091197,107.38041445434958,102.3356982421843,107.20024871826172,6214
2022-03-31 00:00:00+02:00,107.38042385322174,108.8217773596136,103.41672232929272,103.77705383300781,60729
2022-04-01 00:00:00+02:00,103.95722579549214,105.39857241981908,101.97536817327011,102.696044921875,4216
2022-04-04 00:00:00+02:00,103.5968887046683,108.10110125704519,103.5968887046683,107.38042449951172,12532
2022-04-05 00:00:00+02:00,107.92093136090844,111.70446701049805,106.65975052008434,108.1010971069336,17840
2022-04-06 00:00:00+02:00,108.10109703144938,109.18210525261081,105.5787353515625,105.5787353515625,4349
2022-04-07 00:00:00+02:00,109.7226079060609,109.7226079060609,103.7770425224055,105.03822326660156,2765
2022-04-08 00:00:00+02:00,105.39857372561906,107.38042449951172,99.9935186627668,107.38042449951172,13060
2022-04-11 00:00:00+02:00,107.20025159540648,107.20025159540648,101.61503115219375,102.33570098876953,7020
2022-04-12 00:00:00+02:00,102.15553452161411,102.69603861342408,101.25469207763672,101.25469207763672,26565
2022-04-13 00:00:00+02:00,102.696044921875,103.7770531718995,102.696044921875,102.696044921875,1740
2022-04-14 00:00:00+02:00,102.69603563391644,104.85805881131218,101.79519321607508,103.59687805175781,7285
2022-04-19 00:00:00+02:00,103.41671531775897,103.41671531775897,99.99351128149186,101.25469207763672,6850
2022-04-20 00:00:00+02:00,101.79519485458927,103.05637563444384,96.93064434536872,97.1108169555664,27695
2022-04-21 00:00:00+02:00,97.11082491141785,101.43486481717672,95.48930565120648,97.65132904052734,11178
2022-04-22 00:00:00+02:00,101.4348644788693,101.4348644788693,94.58846282958984,94.58846282958984,5193
2022-04-25 00:00:00+02:00,98.19183100299188,98.19183100299188,92.42643771631305,92.9669418334961,5078
2022-04-26 00:00:00+02:00,92.42643447747427,93.68761528862846,88.10239481865169,89.18340301513672,5917
2022-04-27 00:00:00+02:00,89.18339931923612,90.444580078125,84.9494427067687,90.444580078125,3864
2022-04-28 00:00:00+02:00,90.985088644887,92.60660782533503,89.18340372122587,90.26441192626953,1704
2022-04-29 00:00:00+02:00,90.62475499367234,90.98509337170121,88.46273159838206,89.81399536132812,1557
2022-05-02 00:00:00+02:00,89.54375089419989,89.54375089419989,83.77835719642819,84.94945526123047,3677
2022-05-04 00:00:00+02:00,85.12960294001745,87.3817088379015,83.59817367860899,87.2916259765625,7901
2022-05-05 00:00:00+02:00,87.56189052344482,88.1024015357796,82.33700801156692,82.51717376708984,4078
2022-05-06 00:00:00+02:00,82.69733536107985,82.69733536107985,76.39143853881963,81.52623748779297,29170
2022-05-09 00:00:00+02:00,81.16590211509181,82.42708290016257,79.90472133002106,81.9766616821289,3232
2022-05-10 00:00:00+02:00,82.60725209354084,82.60725209354084,78.2832123432799,80.17498016357422,10585
2022-05-11 00:00:00+02:00,80.44523401566828,86.39079284667969,80.44523401566828,86.39079284667969,8269
2022-05-12 00:00:00+02:00,86.21061946617662,88.1023941040039,84.76927292492732,88.1023941040039,3831
2022-05-13 00:00:00+02:00,86.66103976183338,90.08424377441406,86.66103976183338,90.08424377441406,3903
2022-05-16 00:00:00+02:00,90.80491917311447,91.88592733377062,87.92221928989426,91.52558898925781,3218
2022-05-17 00:00:00+02:00,92.78676556960266,94.40828461026307,87.47179412841797,87.47179412841797,81458
2022-05-18 00:00:00+02:00,90.2644074202573,90.2644074202573,85.58002960173621,87.65196990966797,5332
2022-05-19 00:00:00+02:00,86.66104236752231,87.3817190885396,85.94037251938762,87.20155334472656,848
2022-05-20 00:00:00+02:00,89.00323671586779,89.00323671586779,86.93129633388642,88.91314697265625,1086
2022-05-23 00:00:00+02:00,90.80492641290623,90.98509216308594,89.27349004484736,90.98509216308594,39934
2022-05-24 00:00:00+02:00,90.98509327570598,91.70577003100334,86.48088073730469,86.48088073730469,2489
2022-05-25 00:00:00+02:00,89.99415724239465,89.99415724239465,86.12053216860099,86.57095336914062,1265
2022-05-26 00:00:00+02:00,85.94037606847132,88.73298645019531,85.12961644206555,88.73298645019531,1900
2022-05-27 00:00:00+02:00,89.00323559827405,90.08424377441406,87.74205481085578,90.08424377441406,1634
2022-05-30 00:00:00+02:00,90.08424900080162,90.80492574196114,88.37264689520984,89.90408325195312,13692
2022-05-31 00:00:00+02:00,88.28256467309329,90.98509216308594,88.28256467309329,90.98509216308594,21935
2022-06-01 00:00:00+02:00,91.70576253513691,93.5074474032309,89.18340097065239,89.54373931884766,20955
2022-06-02 00:00:00+02:00,89.00322765978596,90.8049123745761,85.12960277383443,87.56187438964844,5522
2022-06-03 00:00:00+02:00,87.9222154222986,88.10238802307056,82.33699538312531,82.42707824707031,8660
2022-06-06 00:00:00+02:00,82.60725489789375,83.59818715096289,81.16590826554257,83.41801452636719,2075
2022-06-07 00:00:00+02:00,82.5171611110153,84.58910134616002,81.07581466924948,82.42707824707031,43002
2022-06-08 00:00:00+02:00,83.5080963990267,83.5080963990267,81.16590729048278,81.79650115966797,14671
2022-06-09 00:00:00+02:00,84.58910881516648,84.58910881516648,81.0758218280415,81.88658142089844,3244
2022-06-10 00:00:00+02:00,83.23784455312716,85.48995069973297,78.55345964445756,81.61632537841797,17115
2022-06-13 00:00:00+02:00,78.82371429062268,83.59818201966479,77.92287184158698,78.01295471191406,133762
2022-06-14 00:00:00+02:00,81.88658835077072,82.78743089176297,74.95009666140062,75.22035217285156,10460
2022-06-15 00:00:00+02:00,74.76992549896241,78.1931296565017,70.445878865532,72.06739807128906,37586
2022-06-17 00:00:00+02:00,69.63512483582986,75.22034533295623,69.63512483582986,73.50874328613281,24809
2022-06-20 00:00:00+02:00,74.76992570956561,76.4815277931563,73.14840649924125,75.4005126953125,6821
2022-06-21 00:00:00+02:00,76.30136004429674,83.86843872070312,76.21127716528017,83.86843872070312,14846
2022-06-22 00:00:00+02:00,81.1659062575744,83.86843370370596,79.27413841985887,83.77835083007812,16245
2022-06-23 00:00:00+02:00,84.40892849604232,84.94943942387955,83.77834157740816,84.67918395996094,3643
2022-06-24 00:00:00+02:00,82.1568339512863,86.93130199114482,82.1568339512863,86.48088073730469,2805
2022-06-27 00:00:00+02:00,87.47180026710066,88.19247697416654,86.66104068987218,88.1023941040039,7529
2022-06-28 00:00:00+02:00,86.57095432270933,89.27348155571512,85.3998633121361,87.3817138671875,5075
2022-06-29 00:00:00+02:00,88.55281311101224,91.52558898925781,86.21061730812012,91.52558898925781,3869
2022-06-30 00:00:00+02:00,90.98508909932566,93.32727813720703,89.99416376093922,93.32727813720703,9372
2022-07-01 00:00:00+02:00,93.14500417696112,96.60832424249595,89.5905525270053,94.6032485961914,10324
2022-07-04 00:00:00+02:00,94.60323842938857,97.33743599147004,90.41079660479113,95.69691467285156,14737
2022-07-05 00:00:00+02:00,95.69691265330596,95.69691265330596,91.86903892854325,92.96271514892578,1990
2022-07-06 00:00:00+02:00,94.42095975690344,95.15008192937427,87.31204986572266,87.31204986572266,5105
2022-07-07 00:00:00+02:00,90.2285238647461,91.3222001605248,87.67660323669668,91.13992309570312,12986
2022-07-08 00:00:00+02:00,91.13992853065656,94.6032485961914,87.67660846512173,94.6032485961914,1485
2022-07-11 00:00:00+02:00,94.42095441986208,95.69691467285156,93.32727817639908,95.69691467285156,5107
2022-07-12 00:00:00+02:00,94.78552259959802,95.69692185536339,92.2336019020852,92.41588592529297,9625
2022-07-13 00:00:00+02:00,92.9627183000551,95.69691589711555,89.13484444554011,91.32219696044922,12268
2022-07-14 00:00:00+02:00,90.68423254202798,90.68423254202798,85.21583660984538,87.03863525390625,7061
2022-07-15 00:00:00+02:00,86.49178566040351,86.5829241899186,84.85126431543542,86.30950164794922,408
2022-07-18 00:00:00+02:00,86.03608609655701,90.31965956643313,85.85380208402401,90.13738250732422,15178
2022-07-19 00:00:00+02:00,89.77282394897163,90.593084644774,87.22090332945857,89.9551010131836,1465
2022-07-20 00:00:00+02:00,89.95509203438964,94.23867215005137,89.95509203438964,93.14498901367188,35556
2022-07-21 00:00:00+02:00,92.96271897140127,96.06147766113281,91.6867586928737,96.06147766113281,1751
2022-07-22 00:00:00+02:00,96.06147042392693,96.42603146938677,92.41587387617581,93.14498901367188,2227
2022-07-25 00:00:00+02:00,92.96271665931353,92.96271665931353,89.77281951904297,89.77281951904297,1588
2022-07-26 00:00:00+02:00,92.05131975809734,92.05131975809734,87.49432373046875,87.49432373046875,696
2022-07-27 00:00:00+02:00,90.59308241994101,90.59308241994101,87.49432373046875,87.49432373046875,1336
2022-07-28 00:00:00+02:00,87.4943246951992,87.4943246951992,85.76266479492188,85.76266479492188,6827
2022-07-29 00:00:00+02:00,84.85126435207684,90.13738250732422,84.85126435207684,90.13738250732422,4518
2022-08-01 00:00:00+02:00,90.13737931940805,90.50194037815642,87.95001992034173,90.31965637207031,3093
2022-08-02 00:00:00+02:00,90.41079469680143,95.51463560105014,88.40571930829216,92.96271514892578,44534
2022-08-03 00:00:00+02:00,94.78552174980744,98.24884167203557,93.50956141249054,96.24375915527344,13263
2022-08-04 00:00:00+02:00,96.06148355105225,96.06148355105225,92.05132540983968,93.32728576660156,65260
2022-08-05 00:00:00+02:00,93.32728325949675,96.97288020749721,91.32220076604189,92.05132293701172,55071
2022-08-08 00:00:00+02:00,92.96271711077009,96.79059091631456,92.96271711077009,95.69691467285156,9951
2022-08-09 00:00:00+02:00,96.79060583010364,97.33745098951867,94.60325300614372,94.78553009033203,27226
2022-08-10 00:00:00+02:00,97.7019914140159,97.7019914140159,94.42095568619895,97.51971435546875,10193
2022-08-11 00:00:00+02:00,97.88428365115585,98.43112182617188,97.15516144885139,98.43112182617188,457
2022-08-12 00:00:00+02:00,99.34251462543432,102.62355041503906,99.34251462543432,102.62355041503906,1718
2022-08-16 00:00:00+02:00,102.62355521838802,109.18563405816322,102.62355521838802,107.54511260986328,36902
2022-08-17 00:00:00+02:00,108.82107515517393,108.82107515517393,102.8058413126459,104.08179473876953,2266
2022-08-18 00:00:00+02:00,104.08179795383599,104.99319725974847,103.17039864792349,103.89952087402344,257
2022-08-19 00:00:00+02:00,104.08178845200234,105.5400327710762,101.16531372070312,101.16531372070312,7529
2022-08-22 00:00:00+02:00,100.43618967596781,102.25898808717176,96.06147766113281,96.06147766113281,3028
2022-08-23 00:00:00+02:00,96.06147702681945,101.16531115380403,95.87919301484824,97.51971435546875,1756
2022-08-24 00:00:00+02:00,99.70707791849756,99.70707791849756,91.86904587098144,92.05132293701172,2716
2022-08-25 00:00:00+02:00,92.05132225365774,96.24375732205037,92.05132225365774,93.50955963134766,1606
2022-08-26 00:00:00+02:00,94.42095016099876,94.42095016099876,87.85887908935547,87.85887908935547,2300
2022-08-29 00:00:00+02:00,87.95002004753863,87.95002004753863,82.93732460441467,85.30696105957031,4648
2022-08-30 00:00:00+02:00,86.94748880096861,90.59308575737465,85.67152847554163,85.85380554199219,11763
2022-08-31 00:00:00+02:00,85.67152713043521,93.32728200937173,85.67152713043521,90.22852325439453,5927
2022-09-01 00:00:00+02:00,88.86142913331376,90.95765024295666,85.6715316772461,85.6715316772461,1801
2022-09-02 00:00:00+02:00,87.49432528264487,90.50194549560547,87.49432528264487,90.50194549560547,741
2022-09-05 00:00:00+02:00,90.9576551200071,90.9576551200071,85.0335595268093,87.03863525390625,2751
2022-09-06 00:00:00+02:00,88.77028464729425,88.77028464729425,86.67406367814017,88.40572357177734,3256
2022-09-07 00:00:00+02:00,88.40572357177734,90.13738346541452,86.49178661709381,88.40572357177734,1679
2022-09-08 00:00:00+02:00,89.13484507381239,93.32728002817089,89.13484507381239,89.86396026611328,5502
2022-09-09 00:00:00+02:00,91.13992309570312,92.96272155761719,89.77282424926757,91.13992309570312,4216
2022-09-12 00:00:00+02:00,93.14499862243886,94.05639785339591,89.4082631661999,91.13992309570312,3164
2022-09-13 00:00:00+02:00,92.23360426786944,92.41588829575278,86.58293151855469,86.58293151855469,33958
2022-09-14 00:00:00+02:00,87.76776074496068,88.40573751265094,84.76014008944884,86.85636138916016,1832
2022-09-15 00:00:00+02:00,89.77281951904297,89.86395804665162,88.67914328089121,89.77281951904297,311
2022-09-16 00:00:00+02:00,89.68169266954739,89.68169266954739,84.5778579711914,84.5778579711914,6292
2022-09-19 00:00:00+02:00,84.57784966241026,88.40572357177734,84.57784966241026,88.40572357177734,4793
2022-09-20 00:00:00+02:00,88.40572474931318,95.15008039922398,87.22090297645784,92.59815979003906,4554
2022-09-21 00:00:00+02:00,91.3222050644083,95.51464731467878,91.13992798979858,93.69184875488281,20117
2022-09-22 00:00:00+02:00,94.23868291929826,94.23868291929826,89.40826416015625,89.40826416015625,1013
2022-09-23 00:00:00+02:00,92.05132658938145,92.05132658938145,85.6715316772461,85.6715316772461,1147
2022-09-26 00:00:00+02:00,85.3069705772963,87.31205315030789,82.93733385775951,85.6715316772461,2494
2022-09-27 00:00:00+02:00,83.57531716439739,87.49433712970203,83.39304007674724,87.12977600097656,3846
2022-09-28 00:00:00+02:00,87.31205783188538,87.49433491492147,84.85127549034821,87.03863525390625,5731
2022-09-29 00:00:00+02:00,87.49433022357047,89.22599023326357,83.11961093102211,85.6715316772461,5330
2022-09-30 00:00:00+02:00,84.76012286511096,85.21582245040726,80.203127012148,82.93732452392578,7152
2022-10-03 00:00:00+02:00,80.29426892559194,84.48670389648342,80.29426892559194,82.48162841796875,3837
2022-10-04 00:00:00+02:00,82.93733440198396,89.13485228152406,82.93733440198396,86.58293151855469,4109
2022-10-05 00:00:00+02:00,87.0386231393274,88.3145834032589,85.39810180664062,85.39810180664062,1642
2022-10-06 00:00:00+02:00,85.48926235545937,88.22346042286095,84.85127863434384,86.85636138916016,1669
2022-10-07 00:00:00+02:00,87.49432663690476,87.49432663690476,84.85126746239673,86.12722778320312,4448
2022-10-10 00:00:00+02:00,85.67153110299058,85.67153110299058,84.03100964092519,84.7601318359375,2841
2022-10-11 00:00:00+02:00,85.58038419389682,85.58038419389682,82.93732518735139,83.84872436523438,2903
2022-10-12 00:00:00+02:00,85.58039076955045,85.58039076955045,81.75250975626857,82.02593231201172,2752
2022-10-13 00:00:00+02:00,82.02593231201172,84.21329189768358,82.02593231201172,82.02593231201172,14033
2022-10-14 00:00:00+02:00,82.390486412255,84.48670033256364,82.390486412255,82.93732452392578,4696
2022-10-17 00:00:00+02:00,84.39556180618916,84.39556180618916,81.38794871528792,82.93732452392578,5850
2022-10-18 00:00:00+02:00,83.84872786725154,83.84872786725154,81.29680728122638,83.39302825927734,5024
2022-10-19 00:00:00+02:00,83.8487301944347,83.8487301944347,81.11453247070312,81.11453247070312,863
2022-10-20 00:00:00+02:00,82.02591826460805,82.57275632902079,80.74995814536284,81.47908020019531,48298
2022-10-21 00:00:00+02:00,82.8461894922689,82.8461894922689,80.02085333493491,82.48162841796875,34779
2022-10-24 00:00:00+02:00,82.93732868726958,82.93732868726958,80.02085397633967,81.02339172363281,77151
2022-10-25 00:00:00+02:00,82.02593231201172,83.75759227372797,80.56769490603861,82.02593231201172,225803
2022-10-26 00:00:00+02:00,80.38541257271282,85.21583146946405,80.38541257271282,84.7601318359375,7778
2022-10-27 00:00:00+02:00,84.76012892950149,86.12722778320312,84.76012892950149,86.12722778320312,2740
2022-10-28 00:00:00+02:00,86.40064415354716,86.40064415354716,82.48162493862948,82.93732452392578,4534
2022-10-31 00:00:00+01:00,83.8487357485299,84.5778579711914,81.57023749449377,84.5778579711914,7415
2022-11-02 00:00:00+01:00,84.57785372487024,86.49179077148438,81.66137193407414,86.49179077148438,28878
2022-11-03 00:00:00+01:00,86.12722748448539,86.12722748448539,84.7601286355253,84.9424057006836,1733
2022-11-04 00:00:00+01:00,85.67152531941733,87.49432373046875,85.67152531941733,87.49432373046875,21160
2022-11-07 00:00:00+01:00,87.49432014016544,92.96271514892578,86.58292097203872,92.96271514892578,9689
2022-11-08 00:00:00+01:00,92.78043809666997,93.1449922011816,89.49939552867471,92.96271514892578,7699
2022-11-09 00:00:00+01:00,92.96271234629106,94.78551062759088,88.58799368980203,89.3171157836914,6096
2022-11-10 00:00:00+01:00,88.40572357177734,89.68168385937443,86.58292514761699,88.40572357177734,5292
2022-11-14 00:00:00+01:00,89.49939952163827,91.04878234863281,88.95256138705014,91.04878234863281,6561
2022-11-15 00:00:00+01:00,90.41080132146884,90.41080132146884,88.40572578604176,88.49686431884766,12039
2022-11-16 00:00:00+01:00,88.40571987249793,91.50447845458984,87.76774323210718,91.50447845458984,1441
2022-11-17 00:00:00+01:00,90.59308274423867,91.04878234863281,88.67914579646813,91.04878234863281,3283
2022-11-18 00:00:00+01:00,90.22852103687867,91.04878170971693,88.95256076284406,90.13738250732422,1064
2022-11-21 00:00:00+01:00,90.86649769718393,91.04878170971693,88.6791451741807,90.13738250732422,75502
2022-11-22 00:00:00+01:00,90.95764123822732,91.13991829344464,87.85888262556541,89.77281951904297,51636
2022-11-23 00:00:00+01:00,89.31711956125015,89.77281915084836,87.4943212028573,88.58799743652344,2248
2022-11-24 00:00:00+01:00,89.22598201391263,89.22598201391263,86.76520003100313,88.31458282470703,8620
2022-11-25 00:00:00+01:00,88.40572038205372,89.31711956125015,88.31458185481885,88.58799743652344,7474
2022-11-28 00:00:00+01:00,89.31711633267356,89.31711633267356,87.58545656411047,87.85887908935547,2104
2022-11-29 00:00:00+01:00,87.67660549499739,89.04370437664554,87.49432842548077,88.8614273071289,19468
2022-11-30 00:00:00+01:00,89.22598006411569,89.22598006411569,87.31204319929275,87.95001983642578,18105
2022-12-01 00:00:00+01:00,88.86142348411342,88.86142348411342,86.76520250773389,88.1323013305664,1651
2022-12-02 00:00:00+01:00,87.76773834228516,88.40571494713218,86.76519374406342,87.76773834228516,4042
2022-12-05 00:00:00+01:00,88.67915097022399,88.67915097022399,85.85380769540369,87.40319061279297,4166
2022-12-06 00:00:00+01:00,86.40065362553315,86.58293069826492,84.48670959472656,84.48670959472656,2752
2022-12-07 00:00:00+01:00,84.48669905880551,85.39809821565746,82.9373232735267,83.48416137695312,1611
2022-12-08 00:00:00+01:00,84.94239808912968,85.30695914020282,77.92462740802229,79.92970275878906,11135
2022-12-09 00:00:00+01:00,80.65883254034907,82.02593139696516,78.65375699868189,81.38795471191406,7886
2022-12-12 00:00:00+01:00,81.47909415394986,83.39303118387858,79.38287310238422,82.02593231201172,14293
2022-12-13 00:00:00+01:00,83.02846383411,90.04624168597685,82.75504825240542,88.58799743652344,23019
2022-12-14 00:00:00+01:00,87.03861576288996,90.13737415455711,87.03861576288996,89.2259750366211,5548
2022-12-15 00:00:00+01:00,90.0462467999244,91.68676124359249,88.67914795348887,91.13992309570312,8345
2022-12-16 00:00:00+01:00,90.22852294136361,91.86904432166719,85.76266536469208,89.043701171875,7354
2022-12-19 00:00:00+01:00,89.04370276277317,89.68168640136719,86.67406613488309,89.68168640136719,1504
2022-12-20 00:00:00+01:00,88.40573647480309,88.40573647480309,85.85381552715005,87.12977600097656,42606
2022-12-21 00:00:00+01:00,87.22090181470345,88.40572357177734,85.85380299658318,88.40572357177734,1575
2022-12-22 00:00:00+01:00,88.40572357177734,89.49939984490389,88.40572357177734,88.40572357177734,1306
2022-12-23 00:00:00+01:00,89.4994026935803,89.4994026935803,86.76520497031298,89.40826416015625,2149
2022-12-27 00:00:00+01:00,91.04878557548639,91.13992410891044,87.67660421140208,89.40826416015625,987
2022-12-28 00:00:00+01:00,87.58545602577185,89.3171157836914,87.22089497882716,89.3171157836914,1771
2022-12-29 00:00:00+01:00,89.31712522601137,92.05132293701172,87.403188218996,92.05132293701172,4115
2022-12-30 00:00:00+01:00,92.78044510798155,94.60324358198179,90.50194701548126,92.05132293701172,8497
2023-01-02 00:00:00+01:00,93.1449922011816,93.87411431705252,91.32219386492815,92.96271514892578,4345
2023-01-03 00:00:00+01:00,92.96271769318602,92.96271769318602,91.6867574322026,91.8690414428711,11264
2023-01-04 00:00:00+01:00,92.59816544695042,94.23868693213666,87.85889197285076,93.69184875488281,19243
2023-01-05 00:00:00+01:00,92.05132293701172,93.69184434498167,90.77536261452668,92.05132293701172,3659
2023-01-09 00:00:00+01:00,92.96272408806729,94.2386844368237,91.86904776251865,92.41588592529297,15394
2023-01-10 00:00:00+01:00,92.41588402249664,93.87412141101196,92.05132293701172,92.05132293701172,589
2023-01-11 00:00:00+01:00,92.05131589016344,92.96271505739277,89.77281797209008,90.59307861328125,3933
2023-01-12 00:00:00+01:00,90.59308845380815,92.59816405814125,90.04625028475591,90.6842269897461,5186
2023-01-13 00:00:00+01:00,92.59815529205457,92.59815529205457,88.49685898228758,90.0462417602539,7545
2023-01-16 00:00:00+01:00,90.04624050362841,90.59307861328125,89.31711838847541,90.59307861328125,13750
2023-01-17 00:00:00+01:00,90.95763967085774,90.95763967085774,89.31711838847541,90.59307861328125,1123
2023-01-18 00:00:00+01:00,89.0437002388638,90.50194454093142,88.40572357177734,88.40572357177734,80040
2023-01-19 00:00:00+01:00,89.31712514099836,94.60324349193739,88.22344883900894,94.42095947265625,60765
2023-01-20 00:00:00+01:00,94.42096054766087,98.79567971227445,94.42096054766087,98.61339569091797,4631
2023-01-23 00:00:00+01:00,98.9779600011879,99.34252110234013,96.60832327383535,98.43112182617188,3028
2023-01-24 00:00:00+01:00,98.43111355505258,100.07163489567307,96.79059221443207,97.51971435546875,1458
2023-01-25 00:00:00+01:00,97.51972304090788,97.70200011568923,90.77536697262744,92.23360443115234,8603
2023-01-26 00:00:00+01:00,91.50448102890036,97.51971435546875,91.50448102890036,97.51971435546875,9836
2023-01-27 00:00:00+01:00,97.51971629297172,98.61339257283163,93.32728128227647,94.056396484375,6879
2023-01-30 00:00:00+01:00,94.78551863989775,94.78551863989775,92.78044314234651,94.056396484375,3340
2023-01-31 00:00:00+01:00,95.69692941812369,95.69692941812369,92.96273143474872,94.78553009033203,5538
2023-02-01 00:00:00+01:00,94.78551926537442,96.42604064941406,93.50955896150184,96.42604064941406,11925
2023-02-02 00:00:00+01:00,95.33236289651487,100.0716433046446,95.33236289651487,98.43112182617188,22194
2023-02-03 00:00:00+01:00,95.87918931248306,100.2539080829257,95.69691226097454,98.24883270263672,5161
2023-02-06 00:00:00+01:00,97.51971693334647,100.25391460437487,94.05639710200745,94.9677963256836,9787
2023-02-07 00:00:00+01:00,96.60831903005945,96.60831903005945,93.32728317066683,94.42095947265625,7869
2023-02-08 00:00:00+01:00,94.78552001953125,94.78552001953125,91.13992309570312,91.13992309570312,4748
2023-02-09 00:00:00+01:00,92.05131598079906,93.6918372647967,91.13991681267234,92.96271514892578,5290
2023-02-10 00:00:00+01:00,92.05131320564115,92.05131320564115,84.76012008044185,89.3171157836914,43561
2023-02-13 00:00:00+01:00,88.86142253875732,89.04369959849282,87.12976265757365,87.49432373046875,15109
2023-02-14 00:00:00+01:00,88.4057166430415,90.50193744790575,87.58545602577185,89.3171157836914,11838
2023-02-15 00:00:00+01:00,90.59307987753806,90.95764094020213,88.67914299033157,90.0462417602539,10843
2023-02-16 00:00:00+01:00,88.86142743712315,92.41588592529297,88.86142743712315,92.41588592529297,2429
2023-02-17 00:00:00+01:00,92.78044189558919,92.78044189558919,89.86396026611328,89.86396026611328,280
2023-02-20 00:00:00+01:00,92.05131844709207,92.05131844709207,89.68168193715867,90.41079711914062,429
2023-02-21 00:00:00+01:00,91.13992086794929,92.59815821115164,87.1297629590747,87.22090148925781,12261
2023-02-22 00:00:00+01:00,86.58292771464315,90.22852467104917,85.85380554199219,85.85380554199219,25934
2023-02-23 00:00:00+01:00,87.95003457593668,88.67915681493103,86.40065850985495,87.03863525390625,1785
2023-02-24 00:00:00+01:00,88.77028727917164,88.77028727917164,85.67152847554163,85.85380554199219,1523
2023-02-27 00:00:00+01:00,86.5829235417393,86.5829235417393,85.30696327780781,85.39810180664062,1170
2023-02-28 00:00:00+01:00,85.6715284543755,87.40318839892541,85.6715284543755,87.31204986572266,1250
2023-03-01 00:00:00+01:00,87.31204667073325,88.31458440612673,86.67406305481079,87.49432373046875,1549
2023-03-02 00:00:00+01:00,88.40572450433908,90.59308402709004,87.12976420328232,90.50194549560547,2924
2023-03-03 00:00:00+01:00,90.41079460778109,90.59307861328125,87.76774258555506,90.59307861328125,6982
2023-03-06 00:00:00+01:00,90.41080269306894,93.8741226196289,90.41080269306894,93.8741226196289,5953
2023-03-07 00:00:00+01:00,93.87411393219408,98.24883270263672,93.14499181931237,98.24883270263672,8121
2023-03-08 00:00:00+01:00,98.43111551066305,98.43111551066305,94.056396484375,94.056396484375,13826
2023-03-09 00:00:00+01:00,96.79059220689287,96.97287621884988,93.87411754982145,95.15007781982422,4125
2023-03-10 00:00:00+01:00,94.60324409248487,95.33235931396484,92.96272267566225,95.33235931396484,22564
2023-03-13 00:00:00+01:00,94.23868249649686,96.24375803652738,89.86396337752657,92.05132293701172,3715
2023-03-14 00:00:00+01:00,92.59815662527305,94.05639394350096,91.32219636428961,91.8690414428711,4495
2023-03-15 00:00:00+01:00,92.05132302925725,92.05132302925725,88.77028716345374,89.68168640136719,31408
2023-03-16 00:00:00+01:00,90.13737931940805,92.05131618605715,90.13737931940805,90.31965637207031,5820
2023-03-17 00:00:00+01:00,92.051325889089,92.051325889089,88.95256699322684,90.6842269897461,49251
2023-03-20 00:00:00+01:00,90.68422094169789,91.04878201456039,88.86142253080948,89.86396026611328,4067
2023-03-21 00:00:00+01:00,89.86396217379294,92.59815984816852,89.86396217379294,90.22852325439453,10578
2023-03-22 00:00:00+01:00,90.22852133897578,91.869042690145,89.86396026611328,89.86396026611328,1416
2023-03-23 00:00:00+01:00,89.31712246125028,91.04878234863281,89.31712246125028,91.04878234863281,2159
2023-03-24 00:00:00+01:00,90.2285238647461,91.13992309570312,89.49940169861074,91.13992309570312,3005
2023-03-27 00:00:00+02:00,91.13992216942172,92.41588247047848,90.13738441624294,90.50194549560547,119
2023-03-28 00:00:00+02:00,90.50194324407033,92.59815722976224,90.50194324407033,91.32219696044922,2114
2023-03-29 00:00:00+02:00,91.8690414428711,93.691839829012,90.50194265326542,91.8690414428711,14240
2023-03-30 00:00:00+02:00,93.50956083012834,95.51464333440313,91.32220125883963,95.33235931396484,6588
2023-03-31 00:00:00+02:00,94.60324358198179,94.78552064801207,92.05132293701172,92.05132293701172,4940
2023-04-03 00:00:00+02:00,91.50447473923802,93.3272730131136,91.32219073979631,93.14498901367188,2380
2023-04-04 00:00:00+02:00,93.69184743834037,95.51464597252269,93.14500231534602,94.23868560791016,26270
2023-04-05 00:00:00+02:00,93.8741226196289,94.78552186836318,92.96272337089465,93.8741226196289,8579
2023-04-06 00:00:00+02:00,93.87413076254037,94.78553009033203,92.7804543505604,94.78553009033203,471
2023-04-11 00:00:00+02:00,94.60325300614372,94.78553009033203,93.32729255655039,94.78553009033203,7658
2023-04-12 00:00:00+02:00,94.05640346226768,95.1500867766904,93.32728820607727,94.6032485961914,3738
2023-04-13 00:00:00+02:00,94.6032485961914,96.79060131818738,94.42096456707526,94.6032485961914,74644
2023-04-14 00:00:00+02:00,95.51463761674906,96.79059091631456,94.60323842938857,95.69691467285156,40519
2023-04-17 00:00:00+02:00,95.51464788149796,95.51464788149796,93.87412638657626,94.6032485961914,18056
2023-04-18 00:00:00+02:00,94.23868111879723,95.33235740583889,93.6918429752764,94.9677963256836,23684
2023-04-19 00:00:00+02:00,94.96779380786721,95.51463889031416,94.78551674933428,95.15007781982422,11856
2023-04-20 00:00:00+02:00,95.51464333440313,95.51464333440313,94.78552115949877,95.33235931396484,10972
2023-04-21 00:00:00+02:00,95.51464142262867,97.51971693334647,94.60324219895254,94.9677963256836,42561
2023-04-24 00:00:00+02:00,94.78551675671729,97.7019914140159,94.78551675671729,97.51971435546875,92913
2023-04-25 00:00:00+02:00,97.70199455085282,100.25391517298955,96.06148011098576,99.70707702636719,65084
2023-04-26 00:00:00+02:00,99.70708013974662,101.71215572444571,98.43111978883607,100.43619537353516,25561
2023-04-27 00:00:00+02:00,100.4361915611662,101.34759078387523,99.34251527528505,101.16531372070312,13926
2023-04-28 00:00:00+02:00,101.16530937984072,105.72230529785156,101.16530937984072,105.72230529785156,19736
2023-05-02 00:00:00+02:00,105.72230268444844,107.90966206170799,103.71722731145772,104.44634246826172,3584
2023-05-04 00:00:00+02:00,104.81091519392591,104.81091519392591,100.43619595228787,101.34759521484375,3671
2023-05-05 00:00:00+02:00,101.1653211239737,105.90459464751068,101.1653211239737,103.53495788574219,3737
2023-05-08 00:00:00+02:00,106.08686698136232,107.90966535920901,104.08178459367656,104.26406860351562,3368
2023-05-09 00:00:00+02:00,104.62863155941963,104.62863155941963,102.9881102083593,103.1703872680664,2235
2023-05-10 00:00:00+02:00,103.89951068670428,107.90966863020928,103.17038853209456,106.45143127441406,49281
2023-05-11 00:00:00+02:00,107.36282660970505,107.36282660970505,105.17546717837506,105.72230529785156,1469
2023-05-12 00:00:00+02:00,106.99826998706448,111.55526609423566,106.81598597072308,109.73246765136719,4649
2023-05-15 00:00:00+02:00,109.91474215138534,111.55526349308437,106.45142936274436,108.45650482177734,56169
2023-05-16 00:00:00+02:00,106.45143060048768,110.27930450439453,106.45143060048768,110.27930450439453,1545
2023-05-17 00:00:00+02:00,110.27931534775196,110.27931534775196,109.0033549365145,110.09703826904297,1140
2023-05-18 00:00:00+02:00,109.00334232119786,110.27930258476425,108.8210652635844,109.91474151611328,1528
2023-05-19 00:00:00+02:00,109.91474215719073,110.82614135742188,107.90966669805185,110.82614135742188,31547
2023-05-22 00:00:00+02:00,111.00842536952254,111.00842536952254,109.73246509851413,110.82614135742188,38372
2023-05-23 00:00:00+02:00,110.27930258476425,110.27930258476425,106.9982668737536,109.91474151611328,21399
2023-05-24 00:00:00+02:00,109.55018303280396,109.55018303280396,104.26407174959886,104.9931869506836,14590
2023-05-25 00:00:00+02:00,104.81090611424939,107.36282660970505,102.8058306916942,105.72230529785156,7465
2023-05-26 00:00:00+02:00,106.0868670163108,107.36282727190863,104.81090676071298,106.63370513916016,14670
2023-05-29 00:00:00+02:00,105.90458618174468,106.45143127441406,105.72230911980435,106.45143127441406,969
2023-05-30 00:00:00+02:00,106.45143188781262,106.45143188781262,105.90458679199219,105.90458679199219,604
2023-05-31 00:00:00+02:00,105.9045886943194,107.90967119035437,105.72231162805457,106.26914978027344,26567
2023-06-01 00:00:00+02:00,106.63370705451891,106.9982681274414,104.44634757040807,106.9982681274414,12827
2023-06-02 00:00:00+02:00,106.99826620553439,106.99826620553439,104.9931838171881,106.63370513916016,5432
2023-06-05 00:00:00+02:00,107.18055046211758,107.18055046211758,103.17039236945709,103.35267639160156,3617
2023-06-06 00:00:00+02:00,103.8995088151295,106.26914534478973,103.35267068573468,106.08686828613281,8572
2023-06-07 00:00:00+02:00,104.81091694234702,105.72231622010656,103.17039546100999,104.08179473876953,2640
2023-06-09 00:00:00+02:00,103.89951645193743,103.89951645193743,102.98811718481517,103.71723937988281,478
2023-06-12 00:00:00+02:00,103.71724379421089,103.89952087402344,99.52480142427355,103.89952087402344,2531
2023-06-13 00:00:00+02:00,103.89951138883023,103.89951138883023,100.80075264093466,101.16531372070312,10241
2023-06-14 00:00:00+02:00,101.16531751041535,102.07671676726594,100.80075641699021,101.89443969726562,4840
2023-06-15 00:00:00+02:00,101.89443588024005,101.89443588024005,99.70707635505352,101.16531372070312,21216
2023-06-16 00:00:00+02:00,100.98303607373113,102.62355049306876,96.24375597098816,97.88427734375,5681
2023-06-19 00:00:00+02:00,98.06655926032751,101.89444033511691,98.06655926032751,101.34759521484375,17268
2023-06-20 00:00:00+02:00,101.71215308551467,103.53495155283007,99.34251646868951,102.98811340332031,7424
2023-06-21 00:00:00+02:00,103.35268349275691,103.35268349275691,101.52988486661808,102.4412841796875,3007
2023-06-22 00:00:00+02:00,102.0767035912516,104.99317805534649,101.52986549841177,104.62862396240234,3422
2023-06-23 00:00:00+02:00,104.62863986816498,105.72231622010656,101.16531983130886,104.08179473876953,5552
2023-06-26 00:00:00+02:00,103.89950693064722,106.08686636197721,102.07670856344289,105.72230529785156,15161
2023-06-27 00:00:00+02:00,105.54003798266278,105.54003798266278,102.07671798397936,102.25899505615234,8829
2023-06-28 00:00:00+02:00,103.35268268116093,103.89952087402344,102.44128337524843,103.89952087402344,997
2023-06-29 00:00:00+02:00,103.899512556921,105.35774993896484,103.3526744078326,105.35774993896484,1288
2023-06-30 00:00:00+02:00,105.54003204327739,105.72230910519252,103.89951067234438,104.9931869506836,1308
2023-07-03 00:00:00+02:00,107.13590450536897,107.50855255126953,104.9000233376359,107.50855255126953,8735
2023-07-04 00:00:00+02:00,107.50855505915929,107.50855505915929,106.01796994845596,107.32222747802734,1453
2023-07-05 00:00:00+02:00,105.83165183881391,106.57694801470171,105.83165183881391,106.20429992675781,3289
2023-07-06 00:00:00+02:00,106.20429001238492,107.8812026977539,105.6453214864854,107.8812026977539,2903
2023-07-07 00:00:00+02:00,106.57693623598719,108.99913787841797,106.57693623598719,108.99913787841797,6686
2023-07-10 00:00:00+02:00,108.99914685489533,113.47090956893375,108.99914685489533,112.91193389892578,3674
2023-07-11 00:00:00+02:00,112.72560995133196,114.77516365283336,110.48972866299455,113.6572265625,7213
2023-07-12 00:00:00+02:00,113.65722244790538,119.99221801757812,112.91192634288375,119.99221801757812,7772
2023-07-13 00:00:00+02:00,119.99221726168847,119.99221726168847,116.07942339647906,118.50162506103516,3536
2023-07-14 00:00:00+02:00,119.0606058299223,120.55118387958264,117.38369308563072,118.68795776367188,12464
2023-07-17 00:00:00+02:00,120.17853773293496,120.17853773293496,117.38368801821554,118.50162506103516,11792
2023-07-18 00:00:00+02:00,119.24692191255647,119.99221801757812,117.9426572826038,119.99221801757812,8536
2023-07-19 00:00:00+02:00,120.36486357037346,126.1408837285694,119.24692647771317,120.17854309082031,22571
2023-07-20 00:00:00+02:00,120.73751760706546,120.73751760706546,118.12898827187837,119.2469253540039,1541
2023-07-21 00:00:00+02:00,119.24692630921217,119.24692630921217,116.45207647384001,118.68795776367188,1276
2023-07-24 00:00:00+02:00,118.68795984981159,118.68795984981159,113.2845805633837,114.02987670898438,1543
2023-07-25 00:00:00+02:00,112.91192720841504,116.63839354674782,108.62649234086643,112.35295867919922,8138
2023-07-26 00:00:00+02:00,112.35296171423315,112.72560977966701,111.6076726910361,112.16664123535156,298
2023-07-27 00:00:00+02:00,112.35295513431848,112.35295513431848,107.50855189040122,109.55810546875,5265
2023-07-28 00:00:00+02:00,109.55810733023998,109.55810733023998,106.57693714604896,108.44017028808594,2284
2023-07-31 00:00:00+02:00,108.9991366945464,110.86236980043608,108.06752014160156,108.06752014160156,11328
2023-08-01 00:00:00+02:00,109.93075324749124,109.93075324749124,106.57693507842386,108.06752014160156,24807
2023-08-02 00:00:00+02:00,108.06752014160156,108.9991366945464,107.13590358865672,108.06752014160156,11675
2023-08-03 00:00:00+02:00,108.99913787841797,108.99913787841797,105.27267162616437,108.99913787841797,1669
2023-08-04 00:00:00+02:00,108.81282516649689,111.79399553776908,108.44017709317018,110.48973083496094,1280
2023-08-07 00:00:00+02:00,109.74443093074984,111.79398446962492,109.18545532226562,109.18545532226562,12424
2023-08-08 00:00:00+02:00,108.06751832063742,109.5581033586984,107.8811978562561,109.18545532226562,2743
2023-08-09 00:00:00+02:00,109.74443277997037,109.74443277997037,108.06752014160156,108.06752014160156,2444
2023-08-10 00:00:00+02:00,109.55811625424707,111.23502906174066,108.9991476876395,110.86238098144531,1359
2023-08-11 00:00:00+02:00,110.86237638679334,111.04869686538356,107.69487849706512,110.67605590820312,3398
2023-08-14 00:00:00+02:00,110.67605053500021,110.67605053500021,108.99913787841797,108.99913787841797,1096
2023-08-16 00:00:00+02:00,109.93076113480242,109.93076113480242,104.52738189697266,104.52738189697266,3490
2023-08-17 00:00:00+02:00,104.341064453125,105.45900158634011,103.5957682925343,104.341064453125,2636
2023-08-18 00:00:00+02:00,104.34105277683423,107.13590240478516,104.34105277683423,107.13590240478516,2902
2023-08-21 00:00:00+02:00,106.5769391995122,109.37178896641721,104.34105796445408,108.81282043457031,1901
2023-08-22 00:00:00+02:00,107.50855464459741,109.37178780270943,107.50855464459741,107.8812026977539,1040
2023-08-23 00:00:00+02:00,108.99914680385147,108.99914680385147,106.39061737060547,106.39061737060547,153
2023-08-24 00:00:00+02:00,108.06753215958587,108.8128283278928,105.2726821899414,105.2726821899414,1053
2023-08-25 00:00:00+02:00,106.204296885804,108.62649872657762,104.90003216918099,106.39061737060547,19308
2023-08-28 00:00:00+02:00,106.39061581767935,106.39061581767935,106.01797485351562,106.01797485351562,1073
2023-08-29 00:00:00+02:00,107.13591550303772,108.62650073198056,104.71371361754672,105.2726821899414,7823
2023-08-30 00:00:00+02:00,106.20428975140821,106.20428975140821,102.85047149658203,102.85047149658203,1142
2023-08-31 00:00:00+02:00,102.85047121785105,103.78208779209305,97.07444419294839,97.81974029541016,48553
2023-09-01 00:00:00+02:00,99.12401025391536,100.05562687827984,97.81974555827092,99.49665832519531,3876
2023-09-04 00:00:00+02:00,99.49665227195243,100.05562079103007,97.81973960704916,99.86929321289062,5389
2023-09-05 00:00:00+02:00,99.86928828702267,99.86928828702267,97.81973478227164,98.1923828125,3473
2023-09-06 00:00:00+02:00,98.19238950263485,100.24194314702797,97.81974144701688,98.75135803222656,2471
2023-09-07 00:00:00+02:00,98.75135686965216,100.05562149512504,97.81974029541016,97.81974029541016,3290
2023-09-08 00:00:00+02:00,98.75136134249067,99.49665747870982,95.95651149317489,96.5154800415039,4146
2023-09-11 00:00:00+02:00,96.88812372116816,98.9376773414324,96.88812372116816,97.81974029541016,4809
2023-09-12 00:00:00+02:00,97.81973688252565,99.12400146249335,97.44708884429629,98.56503295898438,5183
2023-09-13 00:00:00+02:00,99.1240074241676,102.10517769396053,97.26077422862937,101.1735610961914,43651
2023-09-14 00:00:00+02:00,100.42827073570024,102.29150390625,100.42827073570024,102.29150390625,2425
2023-09-15 00:00:00+02:00,102.29150432611915,102.29150432611915,100.24194356549943,101.73252868652344,3092
2023-09-18 00:00:00+02:00,100.61459233212818,103.2231216430664,100.24194427232693,103.2231216430664,3072
2023-09-19 00:00:00+02:00,104.34105515797305,104.34105515797305,99.12400382160845,100.42826843261719,3412
2023-09-20 00:00:00+02:00,100.61459236501534,100.61459236501534,98.37871111314755,99.68297576904297,5688
2023-09-21 00:00:00+02:00,98.19238857394842,100.61459025105074,97.81974052185488,99.3103256225586,2269
2023-09-22 00:00:00+02:00,100.61458890233115,102.66414249986607,98.93767624422418,100.42826843261719,2596
2023-09-25 00:00:00+02:00,100.42826954635592,102.29150269483992,97.44709224417927,97.81974029541016,4573
2023-09-26 00:00:00+02:00,98.93768494130457,98.93768494130457,95.9565145178005,96.32916259765625,3644
2023-09-27 00:00:00+02:00,97.44709763082096,97.44709763082096,95.95651245117188,95.95651245117188,7517
2023-09-28 00:00:00+02:00,97.2607779939652,97.2607779939652,93.34798386725339,93.9069595336914,10678
2023-09-29 00:00:00+02:00,94.46592600041095,96.14283163957558,93.53430938720703,93.53430938720703,8256
2023-10-02 00:00:00+02:00,93.72062682318104,94.2795953514166,90.73945660081095,91.95055389404297,13114
2023-10-03 00:00:00+02:00,91.95056157186359,91.95056157186359,88.68990325927734,88.68990325927734,2687
2023-10-04 00:00:00+02:00,87.85144553018996,92.9753366731292,87.66511795129904,92.78900909423828,13473
2023-10-05 00:00:00+02:00,92.7890187811025,93.90696304814658,90.83262519836425,93.16166687011719,2054
2023-10-06 00:00:00+02:00,93.16165808475378,93.72062661172822,91.85739345003314,92.23004150390625,15887
2023-10-09 00:00:00+02:00,92.23003848075984,93.06849479757352,92.23003848075984,92.4163589477539,12605
2023-10-10 00:00:00+02:00,92.23004793458495,97.81974780940828,92.23004793458495,96.32916259765625,6046
2023-10-11 00:00:00+02:00,97.81974144701688,100.24194314702797,96.51547680618923,98.75135803222656,3427
2023-10-12 00:00:00+02:00,98.75135593344018,98.75135593344018,97.44709132033238,98.37870788574219,7287
2023-10-13 00:00:00+02:00,97.44709116350148,100.9872369494294,97.44709116350148,100.42826843261719,2006
2023-10-16 00:00:00+02:00,100.61458823464133,106.94958367026094,100.42826776616381,102.47782135009766,18194
2023-10-17 00:00:00+02:00,102.47782227792936,103.40943884409235,101.54620571176636,101.91885375976562,10314
2023-10-18 00:00:00+02:00,100.80091284114158,101.35988848486146,97.633422100972,99.68297576904297,3856
2023-10-19 00:00:00+02:00,99.49665642108475,100.80091398409827,97.81974368625217,100.61459350585938,6493
2023-10-20 00:00:00+02:00,98.75136029278791,101.54621011239512,97.26077514386486,100.61459350585938,2172
2023-10-23 00:00:00+02:00,101.5462110786337,101.5462110786337,99.68297784783309,100.05562591552734,7051
2023-10-24 00:00:00+02:00,100.6145893101077,100.6145893101077,99.68297274242153,99.86929321289062,3871
2023-10-25 00:00:00+02:00,100.05562382896603,100.61459236501534,99.68297576904297,99.68297576904297,11547
2023-10-26 00:00:00+02:00,100.42827302762049,100.61459350585938,98.37871222863949,100.61459350585938,4500
2023-10-27 00:00:00+02:00,100.61459446323339,100.61459446323339,100.05562591552734,100.05562591552734,1254
2023-10-30 00:00:00+01:00,100.61459141578237,100.61459141578237,98.75135824141603,100.241943359375,1826
2023-10-31 00:00:00+01:00,100.61459446323339,100.61459446323339,99.12400930012704,100.05562591552734,7743
2023-11-02 00:00:00+01:00,100.61459025105074,100.61459025105074,95.39753884475256,99.3103256225586,23868
2023-11-03 00:00:00+01:00,98.75136029278791,100.61459350585938,97.07444755795532,100.61459350585938,10880
2023-11-06 00:00:00+01:00,100.61459350585938,100.61459350585938,99.68297689932365,100.61459350585938,3190
2023-11-07 00:00:00+01:00,100.42827539723307,100.42827539723307,98.93768310546875,98.93768310546875,1679
2023-11-08 00:00:00+01:00,100.24194314702797,100.24194314702797,97.81974144701688,98.75135803222656,6037
2023-11-09 00:00:00+01:00,98.75136139195993,101.54621124267578,98.75136139195993,101.54621124267578,15523
2023-11-10 00:00:00+01:00,101.54620664130361,103.78208784209575,100.42826959474274,101.3598861694336,2296
2023-11-13 00:00:00+01:00,103.22311861631209,103.78208713578836,101.17355790133861,103.40943908691406,41737
2023-11-14 00:00:00+01:00,103.40943623418393,107.13590240478516,101.91885118747747,107.13590240478516,7162
2023-11-15 00:00:00+01:00,107.13591550303772,107.13591550303772,104.34106553339325,105.2726821899414,2932
2023-11-16 00:00:00+01:00,105.27267364719432,109.37178802490234,105.27267364719432,109.37178802490234,4983
2023-11-17 00:00:00+01:00,109.93076198323327,112.53929138183594,108.99914535625672,112.53929138183594,6020
2023-11-20 00:00:00+01:00,112.53928930078541,113.84354686829792,109.18546381955134,112.16664123535156,3557
2023-11-21 00:00:00+01:00,112.72560653374373,116.45207286543774,111.42134189611673,114.40251922607422,8470
2023-11-22 00:00:00+01:00,114.7751567562771,114.7751567562771,109.55810546875,109.55810546875,2941
2023-11-23 00:00:00+01:00,109.55810708945405,109.55810708945405,105.8316408135701,106.9495849609375,5743
2023-11-24 00:00:00+01:00,108.06752628148917,108.81282240925735,103.96841179410545,104.15473937988281,6626
2023-11-27 00:00:00+01:00,104.1547375043168,105.08635409341562,101.73252868652344,101.73252868652344,18542
2023-11-28 00:00:00+01:00,100.24194133298803,103.96840760639034,99.86929328411372,103.40943908691406,3954
2023-11-29 00:00:00+01:00,104.15474203840981,105.45899963378906,104.15474203840981,105.45899963378906,2753
2023-11-30 00:00:00+01:00,105.64532918032326,105.64532918032326,103.4094478062221,104.341064453125,1647
2023-12-01 00:00:00+01:00,103.78208427277808,107.13590240478516,102.85046773012778,107.13590240478516,19075
2023-12-04 00:00:00+01:00,107.13591339674946,107.13591339674946,104.71371155887887,104.90003204345703,46690
2023-12-05 00:00:00+01:00,104.90002952891659,106.39061469282402,104.90002952891659,105.08635711669922,2938
2023-12-06 00:00:00+01:00,105.08636170170018,105.8316507623361,104.71371361754672,105.2726821899414,1358
2023-12-07 00:00:00+01:00,105.83164544506933,105.83164544506933,103.59576416015625,103.59576416015625,1417
2023-12-08 00:00:00+01:00,104.34105914553271,104.34105914553271,102.66414642333984,102.66414642333984,18054
2023-12-11 00:00:00+01:00,103.4094488768451,105.2726821899414,102.66415270853817,105.2726821899414,3839
2023-12-12 00:00:00+01:00,105.83165175488337,105.83165175488337,103.22312935668701,104.71371459960938,2391
2023-12-13 00:00:00+01:00,104.71370465011552,105.0863527023563,102.66414391662644,102.85047149658203,5000
2023-12-14 00:00:00+01:00,104.34106360710568,106.57694496307784,103.03679889048267,106.39061737060547,7394
2023-12-15 00:00:00+01:00,106.39061717842843,115.33414258616206,106.0179762094986,109.9307632446289,14649
2023-12-18 00:00:00+01:00,109.74443742863951,112.53928720586119,109.74443742863951,111.79399108886719,2601
2023-12-19 00:00:00+01:00,111.60767286099859,114.02987462850135,108.99914350665983,113.6572265625,8854
2023-12-20 00:00:00+01:00,114.21619280759188,114.96148892458586,111.79399108886719,111.79399108886719,2952
2023-12-21 00:00:00+01:00,110.489727375219,112.53928816050313,110.30340689822526,111.23502349853516,1513
2023-12-22 00:00:00+01:00,112.53929280286795,112.7256132875476,110.86238001006748,111.42134857177734,2287
2023-12-27 00:00:00+01:00,112.72560653374373,115.33413580899771,111.79398995082023,114.40251922607422,2554
2023-12-28 00:00:00+01:00,113.65722689539575,116.82472480417863,113.65722689539575,116.63839721679688,9433
2023-12-29 00:00:00+01:00,116.26575378160611,116.45207425734965,111.79399128705566,113.28457641601562,3076
2024-01-02 00:00:00+01:00,115.70677303268116,115.70677303268116,108.06752014160156,108.06752014160156,5904
2024-01-03 00:00:00+01:00,108.06752106628522,109.37178567310202,106.94958403625384,107.50855255126953,9572
2024-01-04 00:00:00+01:00,107.13590814681476,109.93075792455775,107.13590814681476,108.25384521484375,16028
2024-01-05 00:00:00+01:00,108.99913549008576,109.74443156727408,106.01796539667285,107.13590240478516,1820
2024-01-08 00:00:00+01:00,108.62649853036184,109.9307632446289,107.50856140823058,109.9307632446289,6016
2024-01-09 00:00:00+01:00,110.30339943156395,110.48971989594527,108.06751832063742,109.18545532226562,14189
2024-01-10 00:00:00+01:00,108.06752886719137,114.21619719154914,108.06752886719137,114.02987670898438,22422
2024-01-11 00:00:00+01:00,112.53928956566233,113.65722665692445,110.11708068847656,110.11708068847656,4936
2024-01-12 00:00:00+01:00,110.11708482085461,110.86238098144531,108.44017912103196,110.86238098144531,4365
2024-01-15 00:00:00+01:00,110.86237988229524,110.86237988229524,106.76326525502914,109.9307632446289,1790
2024-01-16 00:00:00+01:00,108.44017259425928,109.18546160232174,106.57693941259733,106.76325988769531,20645
2024-01-17 00:00:00+01:00,106.94958919750754,107.88120580338244,104.15473937988281,104.15473937988281,1412
2024-01-18 00:00:00+01:00,104.15473981213752,105.08635642187875,103.03679561584565,103.59576416015625,3189
2024-01-19 00:00:00+01:00,103.59576936508633,105.64533027409487,103.59576936508633,105.2726821899414,16720
2024-01-22 00:00:00+01:00,106.57694582722615,106.57694582722615,104.341064453125,104.341064453125,1057
2024-01-23 00:00:00+01:00,105.08635387698469,105.08635387698469,103.78208923339844,103.78208923339844,1005
2024-01-24 00:00:00+01:00,104.5273817376768,104.5273817376768,102.85047608921917,103.03679656982422,7912
2024-01-25 00:00:00+01:00,103.03680079269164,106.20429884648956,103.03680079269164,105.2726821899414,18683
2024-01-26 00:00:00+01:00,107.13591550303772,107.13591550303772,104.52738602163447,105.2726821899414,12795
2024-01-29 00:00:00+01:00,107.13591012024118,107.13591012024118,103.59576416015625,103.59576416015625,3176
2024-01-30 00:00:00+01:00,103.40944067397226,107.50855505915929,103.40944067397226,107.32222747802734,1690
2024-01-31 00:00:00+01:00,107.32223287318999,111.60767505494113,107.32223287318999,110.48973083496094,7358
2024-02-01 00:00:00+01:00,111.42134746444235,111.42134746444235,108.2538495026714,110.48973083496094,4310
2024-02-02 00:00:00+01:00,110.86237449645996,112.53928720586119,109.55810984555575,111.79399108886719,6550
2024-02-05 00:00:00+01:00,111.7939965199616,111.7939965199616,108.99914660696255,109.9307632446289,1024
2024-02-06 00:00:00+01:00,109.93076305844754,113.47090911865234,106.39061699824275,113.47090911865234,9227
2024-02-07 00:00:00+01:00,112.72561186416293,112.72561186416293,109.55811391090849,112.53929138183594,2021
2024-02-08 00:00:00+01:00,112.7256067345666,112.7256067345666,108.99914039623381,112.35295867919922,13196
2024-02-09 00:00:00+01:00,112.35296619495577,112.35296619495577,109.93076433454242,110.86238098144531,8765
2024-02-12 00:00:00+01:00,110.11707837946597,111.79399108886719,109.74443742863951,111.79399108886719,9046
2024-02-13 00:00:00+01:00,112.35295297043902,112.35295297043902,109.18545532226562,109.18545532226562,7850
2024-02-14 00:00:00+01:00,110.30340939279232,113.09825925692893,107.13591145857002,111.04869842529297,13313
2024-02-15 00:00:00+01:00,110.11708482085461,113.65723092215401,110.11708482085461,110.86238098144531,8663
2024-02-16 00:00:00+01:00,110.86237100454477,112.72560413067157,108.81281740887341,108.99913787841797,1183
2024-02-19 00:00:00+01:00,110.86236886160076,110.86236886160076,107.88119876049133,108.6264877319336,84012
2024-02-20 00:00:00+01:00,110.67605243492193,110.67605243492193,106.76325853828443,107.8812026977539,3470
2024-02-21 00:00:00+01:00,107.88120520926294,108.44017374817543,107.32222956267987,107.69487762451172,37802
2024-02-22 00:00:00+01:00,107.50855714743109,107.69487762451172,105.27267588411055,107.69487762451172,2246
2024-02-23 00:00:00+01:00,105.27266959126794,108.81281530554679,105.27266959126794,108.6264877319336,2133
2024-02-26 00:00:00+01:00,108.62649960734416,110.86238098144531,107.88121055442441,110.86238098144531,996
2024-02-27 00:00:00+01:00,110.86237861020982,112.53929138183594,109.74444150090628,112.53929138183594,1106
2024-02-28 00:00:00+01:00,110.11708246556026,112.53929138183594,109.3717934285815,112.53929138183594,1550
2024-02-29 00:00:00+01:00,112.53929478500382,112.53929478500382,109.7444448195584,110.30341339111328,1442
2024-03-01 00:00:00+01:00,110.8623735654002,112.35295867919922,110.30340503618437,112.35295867919922,3032
2024-03-04 00:00:00+01:00,112.35295844586278,112.72560650045624,107.32222747802734,107.32222747802734,3109
2024-03-05 00:00:00+01:00,107.32222747802734,110.86237333515943,107.32222747802734,107.32222747802734,3528
2024-03-06 00:00:00+01:00,107.32222287024716,108.06751894743546,106.576933900729,107.13590240478516,5059
2024-03-07 00:00:00+01:00,106.57694272510531,106.57694272510531,104.52738189697266,104.52738189697266,15853
2024-03-08 00:00:00+01:00,105.2726821899414,106.20429884648956,104.71371361754672,105.2726821899414,3485
2024-03-11 00:00:00+01:00,106.57693996593656,107.13590850180316,102.47782552346389,103.2231216430664,11704
2024-03-12 00:00:00+01:00,102.85046939472298,105.27267102328214,102.47782135009766,102.47782135009766,4338
2024-03-13 00:00:00+01:00,103.40943790782582,103.40943790782582,100.80090870311886,102.47782135009766,2905
2024-03-14 00:00:00+01:00,102.4778311593192,105.64532918032326,101.7325349987285,104.341064453125,57751
2024-03-15 00:00:00+01:00,104.34106553339325,105.8316507623361,102.47783222029695,105.2726821899414,6842
2024-03-18 00:00:00+01:00,106.20429333045422,106.20429333045422,101.9188583544437,102.10517883300781,2300
2024-03-19 00:00:00+01:00,104.34106141608366,104.52738189697266,101.17356348727554,104.52738189697266,1776
2024-03-20 00:00:00+01:00,102.66414642333984,106.01797186772558,101.73252982382616,102.66414642333984,2210
2024-03-21 00:00:00+01:00,102.66414015699563,107.13590240478516,102.66414015699563,107.13590240478516,15681
2024-03-22 00:00:00+01:00,107.13590543166356,107.13590543166356,106.20428886269256,106.9495849609375,563
2024-03-25 00:00:00+01:00,106.94958312113584,108.9991366945464,106.20428703571187,108.06752014160156,2157
2024-03-26 00:00:00+01:00,108.9991476876395,112.53929378893892,107.1359143938337,110.86238098144531,4540
2024-03-27 00:00:00+01:00,112.53927974164405,115.52044979655155,111.23501517724574,115.3341293334961,9611
2024-03-28 00:00:00+01:00,115.52045556640624,117.57000919306465,114.21619093686435,116.45207214355469,6309
2024-04-02 00:00:00+02:00,116.2657526086207,116.2657526086207,112.53928626998119,115.89310455322266,49511
2024-04-03 00:00:00+02:00,114.96148796856278,116.2657526086207,113.09825479924302,115.89310455322266,21992
2024-04-04 00:00:00+02:00,114.40251873538041,117.94265747070312,112.7256060502425,117.94265747070312,3020
2024-04-05 00:00:00+02:00,117.38369300717213,117.75634107317347,113.6572265625,113.6572265625,58342
2024-04-08 00:00:00+02:00,113.09825479924302,118.31530625180423,113.09825479924302,115.89310455322266,4579
2024-04-09 00:00:00+02:00,117.38368872070312,117.38368872070312,114.58883898925781,116.45207214355469,2349
2024-04-10 00:00:00+02:00,117.01104182429613,117.3836898803711,115.52045670766678,117.3836898803711,2489
2024-04-11 00:00:00+02:00,117.01104066830966,117.38368872070312,112.16663731020596,116.45207214355469,94248
2024-04-12 00:00:00+02:00,113.09825784510087,115.52045960891496,112.16664123535156,112.16664123535156,1696
2024-04-15 00:00:00+02:00,116.26575314631704,116.26575314631704,108.62649285217434,108.81282043457031,3195
2024-04-16 00:00:00+02:00,108.81281969640115,114.58883966575303,107.13590700456584,107.32222747802734,4034
2024-04-17 00:00:00+02:00,107.3222284206598,108.25384501149077,105.27267476389987,106.76325988769531,2948
2024-04-18 00:00:00+02:00,106.01796539667285,108.25383941289746,106.01796539667285,107.13590240478516,6757
2024-04-19 00:00:00+02:00,109.37179123505966,111.79399299508572,108.81282269161836,110.67605590820312,475
2024-04-22 00:00:00+02:00,110.67605402104674,113.09825573977142,108.06752471923829,111.79399108886719,994
2024-04-23 00:00:00+02:00,111.79398971383468,111.79398971383468,109.37178802490234,109.37178802490234,17575
2024-04-24 00:00:00+02:00,112.72560770230075,112.72560770230075,108.25384521484375,108.25384521484375,608
2024-04-25 00:00:00+02:00,109.93075790405274,112.1666391473642,108.25384519465152,111.79399108886719,3012
2024-04-26 00:00:00+02:00,111.79399343304044,111.79399343304044,108.99914359721444,110.11708068847656,486
2024-04-29 00:00:00+02:00,110.1170785746816,113.65722447517325,109.93075809893807,113.28457641601562,2550
2024-04-30 00:00:00+02:00,112.72561074320618,113.47090688044443,109.93076089006884,111.60767364501953,51814
2024-05-02 00:00:00+02:00,111.6076726910361,112.72560977966701,110.86237656016839,112.16664123535156,3763
2024-05-06 00:00:00+02:00,113.6572287967319,113.6572287967319,110.30341035213299,110.48973083496094,468
2024-05-07 00:00:00+02:00,110.67604746799671,111.79398446962492,108.9991348578843,109.18545532226562,13314
2024-05-08 00:00:00+02:00,109.18545532226562,109.5581033586984,107.69487028420465,109.18545532226562,1961
2024-05-09 00:00:00+02:00,109.55810399414192,111.04868904084837,107.13590240478516,107.13590240478516,3356
2024-05-10 00:00:00+02:00,107.32222405617759,109.37178473725838,107.32222405617759,108.06752014160156,1642
2024-05-13 00:00:00+02:00,108.99914131164552,112.72560768127443,107.3222286022443,111.79399108886719,50673
2024-05-14 00:00:00+02:00,113.09825912833912,116.4520775399557,111.79399443835746,114.5888442993164,3278
2024-05-15 00:00:00+02:00,114.58884197409112,118.31530837975262,114.58884197409112,116.26575469970703,74093
2024-05-16 00:00:00+02:00,114.58884325025858,118.68795776367188,114.58884325025858,118.68795776367188,12397
2024-05-17 00:00:00+02:00,119.06060028076172,119.99221684913178,116.07942299737533,119.06060028076172,2777
2024-05-20 00:00:00+02:00,119.61956400147986,119.61956400147986,115.89310476374175,117.3836898803711,19956
2024-05-21 00:00:00+02:00,117.38368966714435,120.92383553192008,115.52045649782461,115.89310455322266,80995
2024-05-22 00:00:00+02:00,115.89310882926766,118.31531061721991,111.7939942839873,113.09825897216797,6222
2024-05-23 00:00:00+02:00,112.72560768127443,112.72560768127443,110.30340596254973,111.79399108886719,3097
2024-05-24 00:00:00+02:00,111.04868839675937,112.1666325060577,109.18545532226562,109.18545532226562,10232
2024-05-27 00:00:00+02:00,109.93075203273607,109.93075203273607,106.94958193932315,107.13590240478516,40086
2024-05-28 00:00:00+02:00,107.13591450887216,108.99914780467863,104.34106456516245,105.83164978027344,16233
2024-05-29 00:00:00+02:00,106.39061141290045,106.39061141290045,103.59576165136012,103.78208923339844,5941
2024-05-31 00:00:00+02:00,103.96841179410545,104.90002839998036,102.85047471012382,104.15473937988281,17984
2024-06-03 00:00:00+02:00,104.15473459355641,110.11707491102592,104.15473459355641,108.99913787841797,5070
2024-06-04 00:00:00+02:00,109.93076344320062,109.93076344320062,106.204296885804,106.39061737060547,822
2024-06-05 00:00:00+02:00,106.39061469282402,107.32223130872501,105.08635711669922,105.08635711669922,3770
2024-06-06 00:00:00+02:00,105.27267128281503,106.01796737390308,103.78208620830922,103.9684066772461,11250
2024-06-07 00:00:00+02:00,104.1547439668128,104.341064453125,103.4094478062221,104.341064453125,1632
2024-06-10 00:00:00+02:00,104.3410587147996,104.3410587147996,103.03679405933049,103.2231216430664,5328
2024-06-11 00:00:00+02:00,104.3410577641724,105.27267435135252,103.40944117699229,103.78208923339844,3346
2024-06-12 00:00:00+02:00,104.15474077646671,104.34106125707176,103.03679656982422,103.03679656982422,3002
2024-06-13 00:00:00+02:00,103.2231174393483,105.27267102328214,102.47782135009766,102.47782135009766,5901
2024-06-14 00:00:00+02:00,102.66414298916546,104.34105565526464,101.73252642081488,103.40943908691406,2828
2024-06-17 00:00:00+02:00,103.22312302740447,103.22312302740447,99.86929755188517,102.10517883300781,6087
2024-06-18 00:00:00+02:00,100.8009118901508,103.03679312092451,99.86929530296763,100.241943359375,7073
2024-06-19 00:00:00+02:00,100.61459350585938,101.1735620482467,99.86929737756253,100.61459350585938,27844
2024-06-20 00:00:00+02:00,100.6145893101077,101.3598854073248,99.86929321289062,99.86929321289062,13444
2024-06-21 00:00:00+02:00,100.24194292817221,100.42827050940963,97.0744451238407,97.26077270507812,23524
2024-06-24 00:00:00+02:00,97.63342097304314,98.75135803222656,97.07444533578094,98.75135803222656,8548
2024-06-25 00:00:00+02:00,99.86929719799711,99.86929719799711,98.56503963732865,99.12400817871094,2364
2024-06-26 00:00:00+02:00,98.75135709825351,99.3103256225586,98.19238857394842,99.3103256225586,2765
2024-06-27 00:00:00+02:00,98.19238950263485,98.75135803222656,97.07444533578094,98.75135803222656,22176
2024-06-28 00:00:00+02:00,99.31032539266329,100.61459001813617,97.26077177239904,97.81974029541016,44640
2024-07-01 00:00:00+02:00,97.81973478227164,99.4966473644643,96.32914976902816,98.1923828125,5091
2024-07-02 00:00:00+02:00,98.75136150610635,98.75136150610635,97.26077633886908,98.00606536865234,2437
2024-07-03 00:00:00+02:00,98.37870881842127,98.37870881842127,97.63341982362992,97.81974029541016,36494
2024-07-04 00:00:00+02:00,98.00606536865234,98.93768198663449,97.8197448881242,98.00606536865234,1345
2024-07-05 00:00:00+02:00,98.19239182513203,98.19239182513203,96.14283102459117,97.07444763183594,2968
2024-07-08 00:00:00+02:00,96.3291570563269,102.29150466802227,96.3291570563269,96.7018051147461,3015
2024-07-09 00:00:00+02:00,97.81974472605208,97.81974472605208,95.95651149317489,96.5154800415039,16146
2024-07-10 00:00:00+02:00,97.44709412391393,97.44709412391393,96.14282947328205,96.7018051147461,1625
2024-07-11 00:00:00+02:00,96.88813116360438,97.44709972955253,96.1428350038929,96.32916259765625,3458
2024-07-12 00:00:00+02:00,96.88812485452267,96.88812485452267,94.27959557306349,95.21121215820312,4729
2024-07-15 00:00:00+02:00,95.02489884002036,95.95651549531468,95.02489884002036,95.77019500732422,1494
2024-07-16 00:00:00+02:00,95.95650761210715,95.95650761210715,92.23004129707385,92.50952911376953,7861
2024-07-17 00:00:00+02:00,93.06849247585707,94.09326923410039,88.7830578728677,92.32319641113281,5953
2024-07-18 00:00:00+02:00,93.3479808514804,94.09327697753906,91.95055594587339,94.09327697753906,2766
2024-07-19 00:00:00+02:00,95.80406084637231,95.99414536242779,94.09327119683515,94.28335571289062,9151
2024-07-22 00:00:00+02:00,95.04371484120688,95.80406746044052,90.48161362832495,91.2419662475586,21479
2024-07-23 00:00:00+02:00,92.19239807128906,93.71309597066666,91.43204549597048,92.19239807128906,1354
2024-07-24 00:00:00+02:00,92.9527494509106,93.14283396666532,90.76674126343406,91.71717834472656,1899
2024-07-25 00:00:00+02:00,90.76674662315737,90.76674662315737,88.01047747440114,88.9609146118164,3299
2024-07-26 00:00:00+02:00,89.72126366194303,90.29152447151117,86.96499462256075,87.5352554321289,17944
2024-07-29 00:00:00+02:00,88.96091705316195,88.96091705316195,87.63030357401271,88.10552215576172,2843
2024-07-30 00:00:00+02:00,88.77083359837326,88.77083359837326,87.82039642333984,87.82039642333984,3911
2024-07-31 00:00:00+02:00,88.29560801239285,90.48160899094735,86.96499462256075,87.5352554321289,10938
2024-08-01 00:00:00+02:00,88.39065505056833,88.39065505056833,86.5848230132617,87.63030242919922,18674
2024-08-02 00:00:00+02:00,87.3451685194575,88.39064785022985,84.77898406982422,84.77898406982422,4481
2024-08-05 00:00:00+02:00,83.16324963218894,85.5393424788229,81.73759392420855,82.0227279663086,13453
2024-08-06 00:00:00+02:00,82.87811640381496,84.11368759669986,79.9317626953125,79.9317626953125,5409
2024-08-07 00:00:00+02:00,81.73759752638797,89.34109497070312,79.74168089750728,89.34109497070312,11077
2024-08-08 00:00:00+02:00,89.34109150654561,89.34109150654561,83.3533346008157,87.91543579101562,12867
2024-08-09 00:00:00+02:00,87.91543283065045,87.91543283065045,85.25420601743498,85.44429779052734,4352
2024-08-12 00:00:00+02:00,87.0600367518717,89.34108723798713,85.5393388448813,86.77490997314453,4556
2024-08-13 00:00:00+02:00,89.24604623725817,89.24604623725817,84.20872664483595,85.44429779052734,7551
2024-08-14 00:00:00+02:00,84.11368443749167,85.44429784494687,82.21281021291558,83.63846588134766,10772
2024-08-16 00:00:00+02:00,84.39882022216227,84.39882022216227,82.30785418100491,83.06820678710938,3022
2024-08-19 00:00:00+02:00,82.21281442986871,89.15100860595703,80.78715868831029,89.15100860595703,19239
2024-08-20 00:00:00+02:00,90.10144051318416,90.10144051318416,86.29969209070819,86.48977661132812,1573
2024-08-21 00:00:00+02:00,86.48978120537214,88.67578956491305,85.53934404926916,88.39065551757812,1050
2024-08-22 00:00:00+02:00,87.44021836147513,90.19648756442582,87.44021836147513,88.39065551757812,11733
2024-08-23 00:00:00+02:00,88.48570005796563,89.72127129317093,86.77491748375085,89.34109497070312,2623
2024-08-26 00:00:00+02:00,90.29152221822773,94.85362308344196,90.29152221822773,92.76265716552734,6177
2024-08-27 00:00:00+02:00,93.0477952629064,93.71309834471975,89.43613131553747,93.14283752441406,172262
2024-08-28 00:00:00+02:00,94.47345328426596,96.94458840110086,92.19240269516455,94.09327697753906,46158
2024-08-29 00:00:00+02:00,95.04371411872633,95.04371411872633,92.28744495903128,94.09327697753906,15127
2024-08-30 00:00:00+02:00,94.09327697753906,94.85362959099285,92.00231816743106,94.09327697753906,3903
2024-09-02 00:00:00+02:00,94.09327756835692,94.09327756835692,92.76266411208776,93.04779815673828,2315
2024-09-03 00:00:00+02:00,93.99823302887809,93.99823302887809,90.2915267944336,90.2915267944336,7144
2024-09-04 00:00:00+02:00,90.29152909914653,92.47753744099828,90.10144456996811,91.2419662475586,4403
2024-09-05 00:00:00+02:00,91.71718248066149,92.19240104273746,90.2915267944336,90.2915267944336,2240
2024-09-06 00:00:00+02:00,91.24196391858553,92.19240104273746,90.19648453227036,90.2915267944336,1618
2024-09-09 00:00:00+02:00,91.90726450282973,92.00231401366506,86.2996914240063,86.77490997314453,5277
2024-09-10 00:00:00+02:00,86.10960093387621,92.19239990353677,86.10960093387621,88.0104751586914,18097
2024-09-11 00:00:00+02:00,87.91543919989404,91.05188479617813,87.34517834182245,89.34109497070312,24345
2024-09-12 00:00:00+02:00,89.34109566577095,89.34109566577095,88.01048215241167,89.05596160888672,45453
2024-09-13 00:00:00+02:00,91.14691570489173,92.00231051102655,89.91134462366817,91.52709197998047,2799
2024-09-16 00:00:00+02:00,90.8617935180664,93.23788648271908,89.91135633220533,90.8617935180664,2005
2024-09-17 00:00:00+02:00,90.67170425761353,91.90726818410675,90.19648568944076,90.7667465209961,8291
2024-09-18 00:00:00+02:00,89.81630823235763,92.00231651841099,86.8699545977386,90.2915267944336,3311
2024-09-19 00:00:00+02:00,90.2915279522755,90.3865702156575,87.63030107002027,88.20056915283203,2410
2024-09-20 00:00:00+02:00,88.20056809851621,88.4856948852539,86.01455981056156,88.4856948852539,5523
2024-09-23 00:00:00+02:00,87.25013495838758,89.72127014594052,86.01456373898102,88.86587524414062,2165
2024-09-24 00:00:00+02:00,90.2915269547689,90.2915269547689,86.20464441315438,86.67986297607422,3166
2024-09-25 00:00:00+02:00,87.34516905957264,87.82038759934044,85.53933715820312,85.53933715820312,2327
2024-09-26 00:00:00+02:00,85.91951571272625,86.77491055718423,82.6880281065848,83.92359924316406,6840
2024-09-27 00:00:00+02:00,84.6839476037827,85.34925795159614,81.92767845143531,82.0227279663086,11534
2024-09-30 00:00:00+02:00,84.11368271655361,86.01455690223844,82.02272401280412,84.20872497558594,4465
2024-10-01 00:00:00+02:00,84.30377687529088,85.53934813778527,81.8326416015625,81.8326416015625,4995
2024-10-02 00:00:00+02:00,81.83263570752284,82.973164617969,81.26237487792969,81.26237487792969,12618
2024-10-03 00:00:00+02:00,82.5929866204119,82.5929866204119,79.07636494940762,80.02680206298828,5313
2024-10-04 00:00:00+02:00,80.121854601033,81.3574185445912,77.93584625674231,78.12593078613281,3834
2024-10-07 00:00:00+02:00,78.22097796722822,79.26645735018887,77.17549133300781,77.17549133300781,5235
2024-10-08 00:00:00+02:00,77.17549248863766,78.03088736069047,73.56383572512341,75.08453369140625,11700
2024-10-09 00:00:00+02:00,75.65478870189483,77.93583910145766,75.27461242675781,75.27461242675781,14992
2024-10-10 00:00:00+02:00,76.03496551513672,76.89036032743388,75.2746129594816,76.03496551513672,7815
2024-10-11 00:00:00+02:00,76.98540547245817,78.79123742144677,76.41514465995114,77.74575805664062,92626
2024-10-14 00:00:00+02:00,77.9358455773556,78.41106414794922,77.7457610496221,78.41106414794922,31793
2024-10-15 00:00:00+02:00,77.935844902892,78.8862820358541,77.74576037680352,78.69619750976562,19894
2024-10-16 00:00:00+02:00,77.93584828818295,80.31194122379829,77.84080602101037,80.12185668945312,4422
2024-10-17 00:00:00+02:00,80.31193673314951,80.78715529370069,76.0349696881889,77.17549133300781,4911
2024-10-18 00:00:00+02:00,77.93584216760131,79.83671636681109,77.3655813580903,79.55158233642578,2813
2024-10-21 00:00:00+02:00,79.74167759586338,80.78715700091738,78.12593010508907,78.41106414794922,67250
2024-10-22 00:00:00+02:00,79.3615008004104,79.3615008004104,75.08453369140625,75.08453369140625,6030
2024-10-23 00:00:00+02:00,76.03496722483277,76.03496722483277,75.27461465208063,75.46470642089844,4514
2024-10-24 00:00:00+02:00,75.46470418995598,76.32009899619946,75.27461242675781,75.27461242675781,659
2024-10-25 00:00:00+02:00,76.03496908130299,76.03496908130299,74.70435567212824,75.65479278564453,6029
2024-10-28 00:00:00+01:00,75.93992738389547,76.03496964570064,74.60931396484375,74.60931396484375,2590
2024-10-29 00:00:00+01:00,75.55975296622829,75.65479523039923,72.23322296142578,72.23322296142578,7719
2024-10-30 00:00:00+01:00,72.23322130617282,73.56383472785429,70.80756562249836,70.99765014648438,7034
2024-10-31 00:00:00+01:00,72.42331059090479,74.0390581560362,69.95217536034761,70.33235168457031,4773
2024-11-04 00:00:00+01:00,74.03905379456786,74.03905379456786,70.3323475414554,71.75800323486328,5983
2024-11-05 00:00:00+01:00,72.23322605442357,76.03497479413006,69.95217536034761,70.33235168457031,26396
2024-11-06 00:00:00+01:00,71.09270062350633,75.36966773251048,70.42739027801642,75.08453369140625,24119
2024-11-07 00:00:00+01:00,75.084530667534,75.46470695660886,74.22913582993043,74.41922760009766,11776
2024-11-08 00:00:00+01:00,74.98948721339039,74.98948721339039,73.18365530749891,73.94400787353516,9829
2024-11-12 00:00:00+01:00,74.41923059717622,75.08453369140625,73.65887798840487,75.08453369140625,6436
2024-11-13 00:00:00+01:00,75.0845397825318,75.55975838875037,73.65888396387615,73.84896850585938,10859
2024-11-14 00:00:00+01:00,75.08453792448967,75.08453792448967,73.08862127801478,73.65888214111328,3788
2024-11-15 00:00:00+01:00,73.75391441913175,74.98948549785968,73.75391441913175,74.51426696777344,2357
2024-11-18 00:00:00+01:00,74.51426593684398,74.98948446035541,72.80347635169915,74.79939270019531,3833
2024-11-19 00:00:00+01:00,74.79939781445168,75.08453184855769,73.6588761805471,74.89444732666016,5919
2024-11-20 00:00:00+01:00,74.98949021843492,74.98949021843492,71.28278400017393,72.04313659667969,3347
2024-11-21 00:00:00+01:00,72.04314070599692,74.13409958876572,71.47287260045981,73.18366241455078,2066
2024-11-22 00:00:00+01:00,73.27869770689412,74.79939559064266,72.32826062314385,74.70435333251953,872
2024-11-25 00:00:00+01:00,74.7043597404704,75.08453605683297,73.18366172628023,73.46879577636719,2557
2024-11-26 00:00:00+01:00,74.22913310857548,77.74575458951881,74.22913310857548,75.27461242675781,23669
2024-11-27 00:00:00+01:00,74.98949747071434,75.84489241169415,72.89853125373479,73.088623046875,2554
2024-11-28 00:00:00+01:00,73.84896029352686,73.84896029352686,70.42738815949937,70.52243041992188,6497
2024-11-29 00:00:00+01:00,71.28278350830078,71.56791754283786,69.7620855770423,71.28278350830078,5659
2024-12-02 00:00:00+01:00,70.9026089407065,74.7043574871386,70.80756667729769,73.27870178222656,14941
2024-12-03 00:00:00+01:00,74.03905498571342,74.03905498571342,71.6629621251402,72.23322296142578,2424
2024-12-04 00:00:00+01:00,72.80348092636008,72.80348092636008,70.52243041992188,70.52243041992188,3663
2024-12-05 00:00:00+01:00,70.42739037257543,71.37782750918579,70.42739037257543,70.7125244140625,5501
2024-12-06 00:00:00+01:00,70.61748504638672,71.28278816879137,70.61748504638672,70.61748504638672,3576
2024-12-09 00:00:00+01:00,70.80756432624081,71.09269835825972,69.38190866866549,69.7620849609375,6876
2024-12-10 00:00:00+01:00,70.33234760984203,70.33234760984203,67.29095169478522,67.38599395751953,11566
2024-12-11 00:00:00+01:00,67.1958974531424,68.43146853553779,66.91077068499992,67.29094696044922,9994
2024-12-12 00:00:00+01:00,66.81573321931975,67.00581774504289,65.10494348277217,65.58016204833984,16539
2024-12-13 00:00:00+01:00,67.76617591542548,67.76617591542548,64.62973022460938,64.62973022460938,12795
2024-12-16 00:00:00+01:00,65.58016564238892,65.96034196593018,64.62972845916589,65.19998931884766,6791
2024-12-17 00:00:00+01:00,65.77025060120044,65.77025060120044,63.77433395385742,63.77433395385742,9847
2024-12-18 00:00:00+01:00,63.86937298728012,65.10494417132753,62.63380905449264,62.728851318359375,15278
2024-12-19 00:00:00+01:00,65.58016481578491,65.58016481578491,61.30319754519025,62.53876876831055,68856
2024-12-20 00:00:00+01:00,61.20815772179391,65.5801674337948,60.9230236585341,64.62973022460938,18287
2024-12-23 00:00:00+01:00,65.1999887008932,73.84896553599717,65.10494643372375,73.18366241455078,22304
2024-12-27 00:00:00+01:00,74.13409473655062,75.84488443866721,73.94401021465309,74.89444732666016,15525
2024-12-30 00:00:00+01:00,76.03496776459139,76.03496776459139,74.41922760009766,74.41922760009766,8048
2025-01-02 00:00:00+01:00,74.41923544534356,74.5142777148167,71.56792385358726,72.6134033203125,12278
2025-01-03 00:00:00+01:00,73.08862014738132,73.65888100165826,72.23322524033584,73.18366241455078,14283
2025-01-07 00:00:00+01:00,74.8944468232803,76.03496844951923,73.46879116485182,74.13409423828125,8416
2025-01-08 00:00:00+01:00,75.0845325974852,75.0845325974852,72.13817897112696,72.80348205566406,4300
2025-01-09 00:00:00+01:00,73.18365835451088,73.65887691525445,72.70843979376731,72.80348205566406,5375
2025-01-10 00:00:00+01:00,72.80348439864748,73.18366070972925,69.76208841251339,71.187744140625,7915
2025-01-13 00:00:00+01:00,71.1877418821435,72.80348208890548,67.95625421735976,68.43147277832031,4778
2025-01-14 00:00:00+01:00,68.43147452150929,68.90669309457532,67.385995111016,67.86121368408203,3652
2025-01-15 00:00:00+01:00,67.95625417662542,68.90669129797683,65.77024589701328,65.86529541015625,9465
2025-01-16 00:00:00+01:00,66.34051397083195,67.00581705527402,65.58016137324691,65.86529541015625,39951
2025-01-17 00:00:00+01:00,66.53059321958482,67.95624878857592,65.86529018789265,66.81572723388672,6061
2025-01-20 00:00:00+01:00,67.29094880788168,68.05129412839575,66.81573026333804,67.48103332519531,7337
2025-01-21 00:00:00+01:00,67.67111666991497,69.57199081515145,67.57607441290503,68.8116455078125,2881
2025-01-22 00:00:00+01:00,69.66704627810594,70.0472153386401,68.71660912425054,69.38191223144531,3014
2025-01-23 00:00:00+01:00,69.28686928520477,70.33234869391642,68.62155893329013,69.66704559326172,1715
2025-01-24 00:00:00+01:00,69.85713010085257,72.80348379771137,69.85713010085257,72.23322296142578,4779
2025-01-27 00:00:00+01:00,72.89852370065171,72.89852370065171,70.80756495157877,71.28278350830078,4748
2025-01-28 00:00:00+01:00,72.13818069725484,72.23322296142578,71.56791986096925,72.23322296142578,2857
2025-01-29 00:00:00+01:00,72.23322123302373,73.94401095220452,71.75800267228016,72.80348205566406,6462
2025-01-30 00:00:00+01:00,73.18366241455078,73.18366241455078,71.09270353178198,73.18366241455078,13292
2025-01-31 00:00:00+01:00,73.94401911424872,73.94401911424872,73.27870870501394,73.5638427734375,5975
2025-02-03 00:00:00+01:00,73.5638387344888,73.5638387344888,72.89852836178223,73.18366241455078,38431
2025-02-04 00:00:00+01:00,73.27869470485659,74.22913174966993,73.27869470485659,74.03904724121094,44979
2025-02-05 00:00:00+01:00,74.32417400389943,74.41922350938812,73.46878646457478,74.03904724121094,5891
2025-02-06 00:00:00+01:00,74.51427170303857,75.08453252512938,74.03905314275295,74.60931396484375,4681
2025-02-07 00:00:00+01:00,75.08452654025378,75.08452654025378,72.32825766004325,74.03904724121094,6321
2025-02-10 00:00:00+01:00,75.08453134390024,75.08453134390024,70.90260662892476,74.13409423828125,11724
2025-02-11 00:00:00+01:00,74.22913891883458,74.79939975054742,73.18365951881773,73.27870178222656,5110
2025-02-12 00:00:00+01:00,73.46879116485182,74.13409423828125,73.46879116485182,74.13409423828125,6508
2025-02-13 00:00:00+01:00,74.13409958876572,74.41923364153428,72.89852836178223,73.18366241455078,3690
2025-02-14 00:00:00+01:00,73.18366079932272,74.89445057565506,71.662962804394,71.94808959960938,9709
2025-02-17 00:00:00+01:00,72.23322534437524,72.70844393216719,69.28687155031724,70.61748504638672,10657
2025-02-18 00:00:00+01:00,70.9976522329955,73.37374510894931,69.85713055304169,72.99357604980469,98359
2025-02-19 00:00:00+01:00,73.18366535765759,73.94401802811147,72.80348902243065,73.84896850585938,10347
2025-02-20 00:00:00+01:00,73.84895548149275,74.03904724121094,72.9935679421681,74.03904724121094,1682
2025-02-21 00:00:00+01:00,74.03905439201694,74.13409665542576,73.27870178222656,73.27870178222656,1810
2025-02-24 00:00:00+01:00,73.84896143904798,74.32417999979155,72.04313670923021,72.80348205566406,3925
2025-02-25 00:00:00+01:00,73.18366418841168,73.18366418841168,70.90261346475458,72.6134033203125,13804
2025-02-26 00:00:00+01:00,72.61339986873661,73.37374523964013,69.85713067746883,71.187744140625,3228
2025-02-27 00:00:00+01:00,71.37782997895052,72.51835893310265,69.76208969131018,69.85713195800781,33193
2025-02-28 00:00:00+01:00,69.76208727745214,71.28278524577674,69.66704501404308,70.7125244140625,3250
2025-03-03 00:00:00+01:00,70.71252956401254,72.04314310242678,70.71252956401254,71.56792449951172,8589
2025-03-04 00:00:00+01:00,71.85304438466737,71.85304438466737,69.38190933795119,69.4769515991211,5397
2025-03-05 00:00:00+01:00,69.4769510527551,71.28278300582116,69.4769510527551,70.52243041992188,13240
2025-03-06 00:00:00+01:00,70.52242923877229,70.52242923877229,69.85712617569803,70.04721069335938,3512
2025-03-07 00:00:00+01:00,70.33234762797869,70.4273898907375,69.66704453740715,69.9521713256836,1037
2025-03-10 00:00:00+01:00,70.2373041909998,70.2373041909998,69.28686707678128,69.4769515991211,2163
2025-03-11 00:00:00+01:00,69.28686576923285,70.90260593240896,68.24138641357422,68.24138641357422,3947
2025-03-12 00:00:00+01:00,67.766168490584,70.04721174169677,67.766168490584,69.7620849609375,39348
2025-03-13 00:00:00+01:00,70.14226310246106,71.6629610603816,69.38191049787088,69.9521713256836,2784
2025-03-14 00:00:00+01:00,71.56792176360594,71.56792176360594,69.0967793219064,69.85713195800781,4968
2025-03-17 00:00:00+01:00,69.95217536034761,70.33235168457031,69.4769567678843,70.33235168457031,3924
2025-03-18 00:00:00+01:00,70.33235054275617,70.90261139420217,69.66704742461253,69.85713195800781,5245
2025-03-19 00:00:00+01:00,69.7620855770423,71.75800206502278,68.90669072469075,71.28278350830078,22853
2025-03-20 00:00:00+01:00,72.04314018437287,72.4233092502981,71.18774528352081,71.6629638671875,26417
2025-03-21 00:00:00+01:00,71.6629654946384,73.65888214111328,70.90261284300021,73.65888214111328,20329
2025-03-24 00:00:00+01:00,72.99357673628835,73.18366126764833,72.04313957696823,72.70844268798828,13682
2025-03-25 00:00:00+01:00,75.17957530257353,77.93584442138672,75.17957530257353,77.93584442138672,244374
2025-03-26 00:00:00+01:00,78.88628596373506,81.92768204014605,78.03089105122565,81.6425552368164,32807
2025-03-27 00:00:00+01:00,81.6425500091042,81.73759227079503,77.08044893534662,80.78715515136719,26779
2025-03-28 00:00:00+01:00,80.78715818474092,80.78715818474092,78.88628387451172,78.88628387451172,8599
2025-03-31 00:00:00+02:00,78.88628223606077,79.6466348448641,77.1754924918832,77.65071105957031,7903
2025-04-01 00:00:00+02:00,78.22097846001768,78.5061052473888,77.46062585784168,77.93584442138672,12314
2025-04-02 00:00:00+02:00,77.93584442138672,77.93584442138672,77.46062585784168,77.93584442138672,19656
2025-04-03 00:00:00+02:00,77.46062653299943,79.07636676263165,76.03497082993809,77.65071105957031,40733
2025-04-04 00:00:00+02:00,77.8408020783539,80.69211345667266,77.46062577765944,79.7416763305664,40251
2025-04-07 00:00:00+02:00,78.03088966490719,79.64663719344365,75.17957817470649,78.60115051269531,24861
2025-04-08 00:00:00+02:00,78.8862831648006,84.77899057299257,78.60114912032746,81.73759460449219,15127
2025-04-09 00:00:00+02:00,79.83672089527573,81.64255293720659,78.88628374176055,80.6921157836914,18208
2025-04-10 00:00:00+02:00,84.58890180315291,88.39065019880023,82.68802760532924,83.16324615478516,19679
2025-04-11 00:00:00+02:00,83.1632467826603,85.53933954787917,82.87811275033017,84.68394470214844,9846
2025-04-14 00:00:00+02:00,85.53933525668138,87.44020937349653,82.49793957028088,83.54341888427734,9637
2025-04-15 00:00:00+02:00,81.2623818423931,84.58891209325128,80.97724777752963,82.307861328125,5139
2025-04-16 00:00:00+02:00,83.25829445449772,84.11368935582594,81.45246238530706,81.92768096923828,2592
2025-04-17 00:00:00+02:00,84.49385594268492,84.58889819827381,82.40289006343268,83.54341888427734,1947
2025-04-22 00:00:00+02:00,83.63846889761992,84.58890604418377,81.16733376680587,81.73759460449219,10403
2025-04-23 00:00:00+02:00,82.68802642822266,83.63846351360453,81.73758934284079,82.68802642822266,21331
2025-04-24 00:00:00+02:00,82.97316335825703,83.44838191757978,82.30785302444932,82.59298706054688,30859
2025-04-25 00:00:00+02:00,83.8285534264287,83.8285534264287,80.88219972233271,81.73759460449219,26122
2025-04-28 00:00:00+02:00,81.73759100191141,83.92359924316406,81.35741470979012,83.92359924316406,71973
2025-04-29 00:00:00+02:00,85.159160876137,90.10143804047775,84.01863928119808,85.53933715820312,35594
2025-04-30 00:00:00+02:00,88.29560682529237,88.29560682529237,84.58890073604523,85.25420379638672,9933
2025-05-02 00:00:00+02:00,85.53933950570914,87.25012919632718,85.25420547351958,86.48977661132812,7454
2025-05-05 00:00:00+02:00,86.39473368358203,86.96499449229599,84.30376771661805,86.77490997314453,10803
2025-05-06 00:00:00+02:00,85.6343824319576,86.77491131832554,84.1136845013934,86.20464324951172,22633
2025-05-07 00:00:00+02:00,86.20464760572824,89.24605087180892,85.72942902520877,89.15100860595703,34213
2025-05-08 00:00:00+02:00,89.34109081593576,91.9072681835491,87.63030107002027,88.20056915283203,27766
2025-05-09 00:00:00+02:00,88.29561663941584,90.38657556255176,88.29561663941584,89.81631469726562,5811
2025-05-12 00:00:00+02:00,89.81631040615888,94.75858067086152,89.81631040615888,93.04779815673828,48535
2025-05-13 00:00:00+02:00,93.14283751166624,98.4652839192238,91.71718183546727,97.51484680175781,91301
2025-05-14 00:00:00+02:00,97.51484794253867,98.6553768475962,95.0437128584704,95.42388916015625,8498
2025-05-15 00:00:00+02:00,95.61397727899602,95.61397727899602,93.14284210205078,95.04371643066406,33027
2025-05-16 00:00:00+02:00,94.94866602160373,96.75449792916862,93.52301039740927,94.28335571289062,9523
2025-05-19 00:00:00+02:00,94.09327345628004,94.09327345628004,90.29152503380409,92.66761779785156,10854
2025-05-20 00:00:00+02:00,93.8081382297666,94.09327225832595,90.57665791281154,92.19239807128906,13309
2025-05-21 00:00:00+02:00,92.19239740660186,93.52301077818616,91.24196031993586,92.47753143310547,10452
2025-05-22 00:00:00+02:00,92.57257145859077,93.52300852233142,92.19239518284265,92.28743743896484,8811
2025-05-23 00:00:00+02:00,93.99822947176585,93.99822947176585,90.00638935063239,91.43204498291016,11964
2025-05-26 00:00:00+02:00,90.00639047804822,94.09327290894038,90.00639047804822,93.71309661865234,10804
2025-05-27 00:00:00+02:00,92.00231543988106,93.04779481394023,86.10960098846265,86.20464324951172,50012
2025-05-28 00:00:00+02:00,86.29968831983476,87.34516764008139,80.88219270376872,82.49794006347656,62245
2025-05-29 00:00:00+02:00,82.68802760532924,84.49385954351364,82.49794308605073,83.16324615478516,20153
2025-05-30 00:00:00+02:00,83.63846889761992,83.63846889761992,81.73759460449219,81.73759460449219,13180
2025-06-02 00:00:00+02:00,81.73759335205649,84.01864391911003,79.64663456215898,83.06820678710938,14095
2025-06-03 00:00:00+02:00,83.82855412899958,84.39882222272531,81.45246124267578,81.45246124267578,7667
2025-06-04 00:00:00+02:00,81.45246056001905,84.39882151537499,80.78715745792833,81.73759460449219,16461
2025-06-05 00:00:00+02:00,83.44838679931459,83.44838679931459,80.12185668945312,80.12185668945312,9380
2025-06-06 00:00:00+02:00,80.12185577514376,82.02273010194423,78.41106598051931,78.60115051269531,13048
2025-06-09 00:00:00+02:00,79.55158698258792,79.83672102962632,76.41514872146577,78.88628387451172,45629
2025-06-10 00:00:00+02:00,79.36150429291008,81.45246318215932,78.88628570432978,79.07637023925781,15694
2025-06-11 00:00:00+02:00,79.36149771419572,80.02680078255341,76.89036270867628,76.98540496826172,10584
2025-06-12 00:00:00+02:00,77.46062469482422,77.84080099020413,76.79532161635414,77.46062469482422,14731
2025-06-13 00:00:00+02:00,76.89036393371958,77.5556670126771,75.65479278564453,75.65479278564453,24608
2025-06-16 00:00:00+02:00,75.08453013452237,76.89036205636405,74.60931158936717,75.46470642089844,7598
2025-06-17 00:00:00+02:00,75.65480061855394,76.70028010141348,71.94809404181511,73.088623046875,46297
2025-06-18 00:00:00+02:00,73.08861840321924,75.27461950099152,73.08861840321924,73.75392150878906,20082
2025-06-20 00:00:00+02:00,74.13409724988435,74.9894921299427,71.18774355302556,72.23322296142578,24903
2025-06-23 00:00:00+02:00,71.75800727054144,73.75392390331108,71.47287321531996,72.13818359375,17834
2025-06-24 00:00:00+02:00,73.94400971766132,75.46470763639977,73.18365713266226,74.13409423828125,39792
2025-06-25 00:00:00+02:00,75.4647082081543,78.79123810302406,75.2746164348345,77.46062469482422,12118
2025-06-26 00:00:00+02:00,78.88627740862484,79.07636192356352,73.65887348395692,75.74983215332031,43212
2025-06-27 00:00:00+02:00,75.65478923730916,77.17548709736002,75.08452844619751,76.03496551513672,23847
2025-06-30 00:00:00+02:00,76.98540844889443,77.36558475568417,75.65479500076032,75.84488677978516,3019
2025-07-01 00:00:00+02:00,76.03496551513672,77.17548709736002,74.89444393291342,76.03496551513672,26193
2025-07-02 00:00:00+02:00,77.27054133292759,80.59707127774288,77.27054133292759,77.93584442138672,31528
2025-07-03 00:00:00+02:00,78.88628042719537,82.11776806362158,78.88628042719537,80.02680206298828,43989
2025-07-04 00:00:00+02:00,81.16733151925712,81.54750781760747,78.50610468206452,78.9813232421875,11665
2025-07-07 00:00:00+02:00,79.26645854046242,80.1218534125512,77.1754924918832,77.65071105957031,29478
2025-07-08 00:00:00+02:00,77.93584325123417,79.26645665943403,76.98540613841425,77.46062469482422,16748
2025-07-09 00:00:00+02:00,78.4110587314168,78.79123501188162,76.32010006574946,76.79531860351562,10720
2025-07-10 00:00:00+02:00,76.32010006574946,78.31601647411546,76.2250505571887,76.79531860351562,13951
2025-07-11 00:00:00+02:00,76.98540669559067,77.46062525544,75.36966649260687,76.41514587402344,9943
2025-07-14 00:00:00+02:00,76.41514245812462,77.46062179280631,75.74983215332031,75.74983215332031,11186
2025-07-15 00:00:00+02:00,75.7498314939512,76.79531807079184,75.2746129594816,76.03496551513672,24589
2025-07-16 00:00:00+02:00,76.79531807079184,76.89036032743388,75.46470472402507,76.03496551513672,19018
2025-07-17 00:00:00+02:00,76.79532343551186,76.79532343551186,74.79939965030202,75.08453369140625,16644
2025-07-18 00:00:00+02:00,75.57337138092095,78.40858880768705,75.2800694255417,76.45326232910156,13593
2025-07-21 00:00:00+02:00,77.13762978316718,78.01752817562492,75.57337011823037,75.67113494873047,14429
2025-07-22 00:00:00+02:00,76.45326428193404,76.45326428193404,73.81357645200995,74.20464324951172,20373
2025-07-23 00:00:00+02:00,74.59570860964526,76.06220347778523,73.4225082397461,73.4225082397461,27380
2025-07-24 00:00:00+02:00,73.42250655233612,76.94209266318856,73.42250655233612,75.67113494873047,45271
2025-07-25 00:00:00+02:00,76.35549399534722,76.35549399534722,74.3024027787818,74.49793243408203,17011
2025-07-28 00:00:00+02:00,75.28006539940885,76.55103052610703,74.10687255859375,74.10687255859375,21011
2025-07-29 00:00:00+02:00,75.4755960666229,76.35549443853763,74.30240321005545,75.7688980102539,14394
2025-07-30 00:00:00+02:00,76.2577327929045,76.2577327929045,74.30240631103516,74.30240631103516,18769
2025-07-31 00:00:00+02:00,75.18230010855055,76.25772811582425,71.56494186356689,72.83590698242188,144081
2025-08-01 00:00:00+02:00,73.61804679225995,73.61804679225995,71.85824993276402,72.05377960205078,15612
2025-08-04 00:00:00+02:00,72.93367152834871,74.2046366423178,71.36941193660236,73.71580505371094,13545
2025-08-05 00:00:00+02:00,73.71580533709239,73.71580533709239,72.34707539193582,72.83590698242188,6857
2025-08-06 00:00:00+02:00,73.22698034311412,73.32474517822266,72.54261157939676,73.32474517822266,11106
2025-08-07 00:00:00+02:00,73.22697963480722,73.42250930313298,71.95601441375358,72.93367767333984,18140
2025-08-08 00:00:00+02:00,73.5202682255111,74.4979314064832,72.54260504453899,72.83590698242188,15688
2025-08-11 00:00:00+02:00,72.83591107128346,74.4001707568576,72.73814623949356,73.03144073486328,9600
2025-08-12 00:00:00+02:00,73.52027032104301,73.52027032104301,71.46717907427842,71.85824584960938,6356
2025-08-13 00:00:00+02:00,71.56494672048956,72.24931546900321,70.48951864022943,71.27165222167969,14605
2025-08-14 00:00:00+02:00,71.85824481861012,72.83590801342113,70.58727968176449,72.34707641601562,17975
2025-08-18 00:00:00+02:00,72.34707641601562,73.7158063805467,71.46717804889006,72.34707641601562,12067
2025-08-19 00:00:00+02:00,72.34707539193582,73.32473857290793,72.05377345405294,72.83590698242188,25017
2025-08-20 00:00:00+02:00,73.22697944607309,73.32474427998399,71.36941776585108,71.6627197265625,8859
2025-08-21 00:00:00+02:00,72.64038045676935,72.64038045676935,70.58728172116568,71.36941528320312,19589
2025-08-22 00:00:00+02:00,71.27164941610211,71.95601067869752,70.88058264077115,71.85824584960938,39792
2025-08-25 00:00:00+02:00,71.85824923483742,74.8890038332185,71.85824923483742,73.8135757446289,12253
2025-08-26 00:00:00+02:00,73.81357120823216,74.30240280563767,72.05377447398102,72.34707641601562,8107
2025-08-27 00:00:00+02:00,71.36941692645733,71.36941692645733,63.45034612915299,63.54811096191406,570799
2025-08-28 00:00:00+02:00,63.74364062743619,66.0900339085949,63.15704417189117,63.54811096191406,242827
2025-08-29 00:00:00+02:00,64.72130247931925,66.09003248543631,64.03694120574994,64.91683959960938,81829
2025-09-01 00:00:00+02:00,65.40567125913539,65.40567125913539,63.743639300871216,63.84141159057617,17114
2025-09-02 00:00:00+02:00,64.91683919089681,65.01460402093713,63.25480724429784,63.6458740234375,16310
2025-09-03 00:00:00+02:00,63.548108881170094,64.62353692428653,62.668210497173604,64.52577209472656,34305
2025-09-04 00:00:00+02:00,64.81907814188996,64.81907814188996,64.03694453798713,64.72130584716797,13498
2025-09-05 00:00:00+02:00,65.01460117541454,65.11236600117593,64.0369379998444,64.23246765136719,19143
2025-09-08 00:00:00+02:00,64.91683753894077,66.77439909835051,64.52577076975268,65.89450073242188,35297
2025-09-09 00:00:00+02:00,66.48109537760416,67.94759012858073,65.50343221028646,65.99226379394531,32091
2025-09-10 00:00:00+02:00,65.99226691506125,66.18779657418119,64.33024243560662,64.52577209472656,24634
2025-09-11 00:00:00+02:00,65.30790311167681,65.99226435098468,63.450341586297924,64.23246765136719,53735
2025-09-12 00:00:00+02:00,64.23247124321271,64.33024353341958,62.96151351928711,62.96151351928711,92882
2025-09-15 00:00:00+02:00,63.548107898380735,63.548107898380735,62.17937792877381,62.863746643066406,71183
2025-09-16 00:00:00+02:00,62.96151171025535,63.45034331133035,60.419585146971876,60.908416748046875,116876
2025-09-17 00:00:00+02:00,60.61511993408203,61.59278315882529,59.53969187866014,60.61511993408203,93455
2025-09-18 00:00:00+02:00,61.00618532791378,61.103950156368306,59.44192196621726,59.83298873901367,29465
2025-09-19 00:00:00+02:00,60.02852381539217,60.90841848472202,59.539692200379164,59.73522186279297,46852
2025-09-22 00:00:00+02:00,60.61512133444408,60.61512133444408,58.95309306808566,59.24639129638672,25569
2025-09-23 00:00:00+02:00,60.028523868809856,60.028523868809856,58.562029022465865,58.659793853759766,36044
2025-09-24 00:00:00+02:00,58.659793492190175,59.0508602739338,57.975428488883445,58.46426010131836,32691
2025-09-25 00:00:00+02:00,58.56202801819794,59.441922673221654,57.68212963368504,58.07319641113281,32802
2025-09-26 00:00:00+02:00,58.65979284781529,59.050859625263065,57.291062856237254,58.07319641113281,26856
2025-09-29 00:00:00+02:00,58.07319845429655,58.464261516013735,57.38883343442982,58.170963287353516,36247
2025-09-30 00:00:00+02:00,58.170961879755254,59.83299010793183,58.170961879755254,58.46426010131836,20692
2025-10-01 00:00:00+02:00,58.659793853759766,59.24639030050166,58.36649563038881,58.659793853759766,26102
2025-10-02 00:00:00+02:00,59.539692591674296,59.539692591674296,57.7798957824707,57.7798957824707,33317
2025-10-03 00:00:00+02:00,58.36649531794763,58.36649531794763,56.70446708842358,57.388832092285156,45130
2025-10-06 00:00:00+02:00,57.68212958258509,57.68212958258509,56.997764587402344,56.997764587402344,22201
2025-10-07 00:00:00+02:00,56.90000116682997,58.46426085499115,55.92233792935691,56.7044677734375,67973
2025-10-08 00:00:00+02:00,56.606702941485906,57.68213101091056,56.11787132274938,56.7044677734375,26381
2025-10-09 00:00:00+02:00,56.70446677113,57.19329838122595,55.7268035509381,56.11787033081055,94775
2025-10-10 00:00:00+02:00,55.92233518140223,56.70446498704993,55.82456662476559,56.215633392333984,32694
2025-10-13 00:00:00+02:00,56.215636154700974,56.7044677734375,55.92233792935691,56.7044677734375,22552
2025-10-14 00:00:00+02:00,56.70446606320992,57.877662658691406,56.020101071721626,57.877662658691406,17824
2025-10-15 00:00:00+02:00,58.65979313353249,61.88608100997894,58.65979313353249,60.419586181640625,70082
2025-10-16 00:00:00+02:00,60.615119612125106,60.615119612125106,58.170961563249094,59.34415817260742,23898
2025-10-17 00:00:00+02:00,59.34415812725403,59.34415812725403,57.682129909390696,58.26872634887695,18561
2025-10-20 00:00:00+02:00,59.34415952017298,60.22405420005515,58.65979450504955,60.12628936767578,10137
2025-10-21 00:00:00+02:00,60.321821022331605,61.10395084727894,59.148624420166016,59.148624420166016,32340
2025-10-22 00:00:00+02:00,59.246388159942605,59.63745492996755,57.291061768796126,57.486595153808594,30199
2025-10-23 00:00:00+02:00,57.68212892780392,57.68212892780392,56.41116751088573,56.6067008972168,21745
2025-10-24 00:00:00+02:00,57.584364411920994,57.68212924087257,55.14020639323995,55.726802825927734,51804
2025-10-27 00:00:00+01:00,56.60670117715207,57.68212921305748,55.824567627959965,56.80223083496094,32164
2025-10-28 00:00:00+01:00,57.19330011150151,57.19330011150151,56.02010346588054,57.09553527832031,30612
2025-10-29 00:00:00+01:00,57.09553318089225,57.19329801048201,55.43350497144194,55.92233657836914,32601
2025-10-30 00:00:00+01:00,56.215633687956405,56.508931900430525,55.14020566572158,55.33573532104492,27643
2025-10-31 00:00:00+01:00,55.2379723080529,55.531270530162416,53.869242298889525,54.16254425048828,62194
2025-11-03 00:00:00+01:00,54.651377205978385,55.23797366460322,53.77147878855181,53.86924362182617,20691
2025-11-04 00:00:00+01:00,53.967011911912515,54.358074972523376,52.79381527110129,53.67371368408203,36389
2025-11-05 00:00:00+01:00,54.26031013974299,54.358074972523376,53.18488206120146,53.67371368408203,27993
2025-11-06 00:00:00+01:00,54.16254452549279,55.14020775714797,53.771477741035014,54.35807418823242,21873
2025-11-07 00:00:00+01:00,55.23797193834095,55.531270158487395,53.282645498045696,53.967010498046875,22390
2025-11-10 00:00:00+01:00,54.45584210812069,54.45584210812069,53.57594371819214,53.967010498046875,8385
2025-11-12 00:00:00+01:00,54.06477601941805,54.455842804272095,52.98934795530331,53.28264617919922,19359
2025-11-13 00:00:00+01:00,53.28264441249539,54.16254278449738,53.18487958426811,53.380409240722656,41602
2025-11-14 00:00:00+01:00,53.38041134671064,53.38041134671064,52.304983275825826,52.402748107910156,23418
2025-11-17 00:00:00+01:00,53.0871106729656,53.28264405760694,51.62061588238927,52.10944747924805,27649
2025-11-18 00:00:00+01:00,52.10944711481996,52.10944711481996,49.958587357785575,50.83848571777344,62985
2025-11-19 00:00:00+01:00,53.771477420773124,56.02010209428943,53.380410638644534,55.237972259521484,207814
2025-11-20 00:00:00+01:00,55.922337312634596,56.31340036561753,53.67371263714268,54.16254425048828,52678
2025-11-21 00:00:00+01:00,53.86924055592818,53.86924055592818,52.30498093563021,53.184879302978516,34015
2025-11-24 00:00:00+01:00,53.67371124922269,54.7491392789784,53.18487964851752,54.455841064453125,31601
2025-11-25 00:00:00+01:00,54.651373781038586,56.215633392333984,54.651373781038586,56.215633392333984,32731
2025-11-26 00:00:00+01:00,56.21563442966394,56.21563442966394,55.3357360511431,55.726802825927734,11430
2025-11-27 00:00:00+01:00,55.72680179761804,56.215633392333984,55.23797020290208,56.215633392333984,16309
2025-11-28 00:00:00+01:00,56.2156333849294,58.36649314729408,55.72680179027783,57.29106140136719,62213
2025-12-01 00:00:00+01:00,57.68213166309004,58.56203007856003,56.900001810166344,58.170963287353516,34594
2025-12-02 00:00:00+01:00,58.17096292931186,58.562029718111354,57.09553485434719,57.97542953491211,11095
2025-12-03 00:00:00+01:00,57.682130918544885,60.517355794472465,57.682130918544885,59.930755615234375,50421
2025-12-04 00:00:00+01:00,60.32181997002092,60.712883010927925,59.24638821617614,59.637454986572266,30034
2025-12-05 00:00:00+01:00,59.63745774680037,60.71288582093056,59.63745774680037,60.12628936767578,23060
2025-12-08 00:00:00+01:00,60.12628870010376,60.615120315551756,58.659793853759766,58.659793853759766,19753
2025-12-09 00:00:00+01:00,58.659791436381745,58.75755626364674,56.704465055169024,58.366493225097656,23919
2025-12-10 00:00:00+01:00,58.56202938103439,59.73522228170151,58.170962594485836,58.85532760620117,19276
2025-12-11 00:00:00+01:00,58.95309243809367,59.344159224642226,58.36649598776011,58.85532760620117,17039
2025-12-12 00:00:00+01:00,59.0508602739338,59.24638993531639,58.36649527062707,58.46426010131836,37763
2025-12-15 00:00:00+01:00,58.659791436381745,58.953089647665834,57.877661629794474,58.366493225097656,21940
2025-12-16 00:00:00+01:00,58.65979281338778,59.148624420166016,58.46425942477865,59.148624420166016,22711
2025-12-17 00:00:00+01:00,59.14862661104002,59.24639144422122,56.900001882468594,57.09553527832031,62774
2025-12-18 00:00:00+01:00,57.095533832150934,57.584365444653976,55.53127043444766,56.31340026855469,53541
2025-12-19 00:00:00+01:00,56.704465055169024,58.46425805236265,56.411166843884935,58.366493225097656,63460
2025-12-22 00:00:00+01:00,58.3664942626846,58.464259091687566,57.584364442193326,57.877662658691406,28606
2025-12-23 00:00:00+01:00,58.366495962034996,58.46426079388441,57.68213095062129,57.7798957824707,50810
2025-12-29 00:00:00+01:00,59.05085959060604,60.419585851891576,58.56202798382781,59.148624420166016,41345
2025-12-30 00:00:00+01:00,60.1262880023499,60.1262880023499,58.953091392991574,59.34415817260742,24814
2026-01-02 00:00:00+01:00,60.419585209036995,62.277146786825796,59.832988778940084,61.983848571777344,77066
2026-01-05 00:00:00+01:00,62.76597711216688,63.645875521192856,61.98385099446047,63.35258102416992,81394
2026-01-07 00:00:00+01:00,64.03694052234665,64.3302424701625,62.961512478652544,63.45034408569336,52245
2026-01-08 00:00:00+01:00,63.548111032402716,63.939177822859385,61.98385132955468,62.47268295288086,25090
2026-01-09 00:00:00+01:00,62.47268158346993,63.84141159057617,62.37491302325421,63.84141159057617,30360
2026-01-12 00:00:00+01:00,63.8414143380316,65.8945057075578,63.74364204411896,64.33024597167969,39088
2026-01-13 00:00:00+01:00,64.72130531141512,65.01460727519549,63.54811237425123,64.33024597167969,19862
2026-01-14 00:00:00+01:00,65.89450058106588,65.89450058106588,62.96151100735949,63.74363708496094,27444
2026-01-15 00:00:00+01:00,64.03694348597232,65.60120320910109,62.57044859698059,65.21013641357422,28643
2026-01-16 00:00:00+01:00,65.21013481377507,65.60120159970792,64.81907548682078,65.30790710449219,29637
2026-01-19 00:00:00+01:00,65.50343637248032,65.50343637248032,64.03694152832031,64.03694152832031,22824
2026-01-20 00:00:00+01:00,64.03694228842188,64.03694228842188,61.592784185810366,62.27714920043945,44661
2026-01-21 00:00:00+01:00,62.27714672285253,62.66820976601904,60.22405176064405,60.908416748046875,61795
2026-01-22 00:00:00+01:00,61.59278383029728,62.66821189744327,61.49501899855283,62.08161544799805,25120
2026-01-23 00:00:00+01:00,62.08161514034927,62.08161514034927,58.85532722541007,60.81065368652344,30806
2026-01-26 00:00:00+01:00,61.20171710263999,61.788317282133264,60.615120652636,61.006187438964844,19962
2026-01-27 00:00:00+01:00,61.006187078532626,61.49501869381096,59.44192367194838,60.81065368652344,23935
2026-01-28 00:00:00+01:00,60.81065368652344,61.397250133061746,60.12628867923591,60.81065368652344,16670
2026-01-29 00:00:00+01:00,60.81065365351512,60.81065365351512,58.65979380156006,59.73522186279297,26242
2026-01-30 00:00:00+01:00,60.32182312011719,60.419587953077084,59.14862647715185,60.32182312011719,14757
2026-02-02 00:00:00+01:00,60.12628695386641,60.12628695386641,58.659792150113574,59.83298873901367,20018
2026-02-03 00:00:00+01:00,60.12628972470808,60.419587953077084,59.63745810092996,60.32182312011719,21341
2026-02-04 00:00:00+01:00,60.321822878626904,60.321822878626904,56.80223296382109,56.900001525878906,98114
2026-02-05 00:00:00+01:00,57.09553175461833,58.17095977119777,55.92233518140223,56.215633392333984,28693
2026-02-06 00:00:00+01:00,57.19329833984375,57.682129949586,56.21563512035924,57.19329833984375,47609
2026-02-09 00:00:00+01:00,57.48659588370119,59.14862408317587,56.80223089221289,57.877662658691406,30476
2026-02-10 00:00:00+01:00,58.464260515651645,59.24639035519258,57.58436584472656,57.58436584472656,13969
2026-02-11 00:00:00+01:00,58.17096124075016,58.65979284781529,57.58436480406768,58.07319641113281,55072
2026-02-12 00:00:00+01:00,58.07319604618652,59.53969085816608,57.877662658691406,57.877662658691406,23347
2026-02-13 00:00:00+01:00,58.659794248383626,58.85532764177609,56.508934380045034,56.7044677734375,31474
2026-02-16 00:00:00+01:00,56.7044653576239,58.17096015135555,56.41116714477539,56.41116714477539,20454
2026-02-17 00:00:00+01:00,57.584366178958966,57.584366178958966,56.31340098665257,56.7044677734375,15147
2026-02-18 00:00:00+01:00,56.997765320121665,57.09553388039843,54.846905477392895,55.237972259521484,33383
2026-02-19 00:00:00+01:00,55.62903974028906,56.21563619135971,54.162544883123154,54.55360794067383,33916
2026-02-20 00:00:00+01:00,54.65137692984317,54.94467515767364,52.98934866615138,53.67371368408203,43867
2026-02-23 00:00:00+01:00,53.96701219467303,55.62904046707303,53.673713965305815,54.94467544555664,15577
2026-02-24 00:00:00+01:00,54.94467334777106,54.94467334777106,52.89157836160897,53.77147674560547,40736
2026-02-25 00:00:00+01:00,53.86924058428979,57.486595153808594,53.86924058428979,57.486595153808594,38932
2026-02-26 00:00:00+01:00,57.48659651973221,58.659793128193925,57.09553346990444,58.26872634887695,73319
2026-02-27 00:00:00+01:00,58.36649530854501,59.53969192504883,58.36649530854501,59.53969192504883,35084
2026-03-02 00:00:00+01:00,56.70446813125258,58.757559451105664,56.508934736626266,56.900001525878906,90557
2026-03-03 00:00:00+01:00,56.802233014811335,57.19329980441503,54.749141693115234,54.749141693115234,45604
2026-03-04 00:00:00+01:00,54.55360558091965,56.7044653576239,54.55360558091965,56.41116714477539,14803
2026-03-05 00:00:00+01:00,56.41117024621445,57.19330009997436,56.020103454589844,56.020103454589844,11559
2026-03-06 00:00:00+01:00,56.020100016216446,56.50893161099929,54.94467199948982,55.14020538330078,13948
2026-03-09 00:00:00+01:00,55.82456977029142,55.82456977029142,53.771478448595325,54.749141693115234,16298
2026-03-10 00:00:00+01:00,54.84690511729954,56.50893333620027,54.74914028715388,55.04243850708008,15124
2026-03-11 00:00:00+01:00,55.72680493763515,56.50893478735322,54.35807490351155,54.749141693115234,20265
2026-03-12 00:00:00+01:00,54.65137438461202,54.749139212839296,52.89157764060802,53.380409240722656,12206
2026-03-13 00:00:00+01:00,53.673713301942215,53.673713301942215,52.402748107910156,52.402748107910156,19745
2026-03-16 00:00:00+01:00,52.79381320045779,53.184879975219815,51.91391482198783,52.50051498413086,19659
2026-03-17 00:00:00+01:00,53.18487960401821,53.18487960401821,51.913914459656866,52.30498123168945,27339
2026-03-18 00:00:00+01:00,52.4027488976423,52.989349087456475,51.522854207155035,51.718387603759766,26077
2026-03-19 00:00:00+01:00,51.71838652400291,51.8161513555195,50.8384881223965,51.13178634643555,50429
2026-03-20 00:00:00+01:00,51.71838688666411,52.30498333885556,50.64295508499407,51.32732009887695,39207
2026-03-23 00:00:00+01:00,51.42508281264337,51.620616198482026,49.56752497089894,50.15412139892578,81160
2026-03-24 00:00:00+01:00,50.83848572261531,50.83848572261531,49.37199094215525,49.763057708740234,28070
2026-03-25 00:00:00+01:00,49.37199226640685,49.86082387300494,46.04793584974418,46.24346923828125,232997
2026-03-26 00:00:00+01:00,46.87895255027762,46.927834965802475,45.99905415287312,46.63453674316406,101954
2026-03-27 00:00:00+01:00,46.878951818654436,47.416665840014495,45.99905343498221,46.24346923828125,44507
2026-03-30 00:00:00+02:00,46.292353067595386,46.39012162959602,44.97250918124585,45.950172424316406,29794
2026-03-31 00:00:00+02:00,55.82456972017881,57.19329975307373,54.94467503859433,56.900001525878906,480068
2026-04-01 00:00:00+02:00,56.60670328040109,56.704468112938024,55.23797324794825,55.82456970214844,91114
2026-04-02 00:00:00+02:00,55.82456735189255,57.09553249829988,55.72680252347159,56.6067008972168,96154
2026-04-07 00:00:00+02:00,56.508935079375945,56.606703642026766,55.82457005877753,56.020103454589844,34555
2026-04-08 00:00:00+02:00,56.117869967037855,56.606701573965054,55.92233657836914,55.92233657836914,41144
2026-04-09 00:00:00+02:00,55.92233657836914,56.020101407958904,55.629038360110656,55.92233657836914,98103
2026-04-10 00:00:00+02:00,55.82456942851975,56.21563621572923,55.53127120285728,55.6290397644043,171122
2026-04-13 00:00:00+02:00,55.62903763128436,55.92233584570018,55.53126907348633,55.53126907348633,76582
2026-04-14 00:00:00+02:00,55.531270161001885,56.411168550970274,55.531270161001885,56.11787033081055,49502
2026-04-15 00:00:00+02:00,55.92233792935691,57.09553456022244,55.824569367916034,56.7044677734375,47720
2026-04-16 00:00:00+02:00,56.215636154700974,56.7044677734375,55.92233792935691,56.7044677734375,20159
2026-04-17 00:00:00+02:00,56.411169189665685,56.60670258181576,56.02010240536553,56.508934020996094,20733
2026-04-20 00:00:00+02:00,56.11787060714485,56.60670221964789,55.824568656051646,56.31340026855469,21682
2026-04-21 00:00:00+02:00,56.21563516103405,56.21563516103405,55.824568381161605,56.11787033081055,19104
2026-04-22 00:00:00+02:00,56.117868565186434,56.313398219481535,55.92233518140223,56.215633392333984,16723
2026-04-23 00:00:00+02:00,55.92233757403511,56.508934020996094,55.92233757403511,56.508934020996094,14302
2026-04-24 00:00:00+02:00,56.508934020996094,56.508934020996094,56.117870966185194,56.508934020996094,23379
2026-04-27 00:00:00+02:00,56.508934020996094,56.60670258181576,56.2156357975156,56.508934020996094,13834
2026-04-28 00:00:00+02:00,56.606702941485906,56.99776599878157,56.41116954809344,56.7044677734375,88531
2026-04-29 00:00:00+02:00,56.70446813125258,56.900001525878906,56.70446813125258,56.900001525878906,37990
2026-04-30 00:00:00+02:00,56.7044677734375,56.90000116682997,56.7044677734375,56.7044677734375,52374
2026-05-04 00:00:00+02:00,56.900001525878906,57.09553492050522,56.80223296382109,56.900001525878906,35075
2026-05-05 00:00:00+02:00,56.900001525878906,57.09553492050522,56.900001525878906,56.900001525878906,210316
2026-05-06 00:00:00+02:00,56.997764587402344,57.09553314642227,56.899999757871605,56.997764587402344,22853
2026-05-07 00:00:00+02:00,56.900001882468594,57.09553527832031,56.900001882468594,57.09553527832031,14414
2026-05-08 00:00:00+02:00,57.09553527832031,57.19330011150151,56.997766715649796,57.09553527832031,8142
2026-05-11 00:00:00+02:00,57.09553527832031,57.19330011150151,56.997766715649796,57.09553527832031,14523
2026-05-12 00:00:00+02:00,57.09553314642227,57.193297975953016,56.997764587402344,56.997764587402344,16532
2026-05-13 00:00:00+02:00,57.09553314642227,57.193297975953016,56.997764587402344,56.997764587402344,52692
2026-05-14 00:00:00+02:00,57.19329657423251,57.29106140136719,57.09553174709784,57.29106140136719,110000
2026-05-15 00:00:00+02:00,57.29106316999651,57.29106316999651,57.09553350969098,57.19329833984375,114510
2026-05-18 00:00:00+02:00,57.19329870125481,57.388832092285156,57.09553387048426,57.388832092285156,19874
2026-05-19 00:00:00+02:00,57.388833507353226,57.388833507353226,57.09553527832031,57.09553527832031,32650
2026-05-20 00:00:00+02:00,57.09553174709784,57.29106140136719,57.09553174709784,57.29106140136719,25691
2026-05-21 00:00:00+02:00,57.29106140136719,57.29106140136719,57.09553174709784,57.29106140136719,12827
2026-05-22 00:00:00+02:00,57.29106316999651,57.29106316999651,57.09553350969098,57.19329833984375,16492
2026-05-25 00:00:00+02:00,57.19329657423251,57.29106140136719,57.19329657423251,57.29106140136719,19620
2026-05-26 00:00:00+02:00,57.29106316999651,57.29106316999651,57.19329833984375,57.19329833984375,15782
2026-05-27 00:00:00+02:00,57.19329833984375,57.29106316999651,57.19329833984375,57.19329833984375,13009
2026-05-28 00:00:00+02:00,57.19329870125481,57.388832092285156,57.19329870125481,57.388832092285156,135640
2026-05-29 00:00:00+02:00,57.38883032604692,57.58436371105939,57.19329694103445,57.486595153808594,5812
2026-06-01 00:00:00+02:00,57.19329657423251,57.68212816888408,56.997763190474075,57.29106140136719,18180
2026-06-02 00:00:00+02:00,57.29106316999651,57.48659655979126,56.80223156025426,57.19329833984375,4082
2026-06-03 00:00:00+02:00,56.90000048933413,57.29106354197349,54.260309033689246,55.237972259521484,7129
2026-06-05 00:00:00+02:00,55.72680252347159,56.70446572563775,55.43350430871956,56.6067008972168,4645
2026-06-08 00:00:00+02:00,56.11786957365158,57.09553278065256,56.11786957365158,56.80223083496094,10767
2026-06-09 00:00:00+02:00,57.09553350969098,57.29106316999651,55.92233690041173,57.19329833984375,8597
2026-06-10 00:00:00+02:00,57.09553319700256,58.17096124075016,56.899999808278665,58.07319641113281,15239
2026-06-11 00:00:00+02:00,58.073196688707675,58.659793128193925,57.48659651973221,58.26872634887695,7084
2026-06-12 00:00:00+02:00,58.17096124075016,58.56202801819794,57.58436480406768,58.07319641113281,4026
2026-06-15 00:00:00+02:00,58.659793128193925,58.659793128193925,57.77989473947534,58.26872634887695,5714
2026-06-16 00:00:00+02:00,57.291063485576714,58.562028661498886,57.291063485576714,58.46426010131836,12504
2026-06-17 00:00:00+02:00,58.17096124075016,58.4642594590914,57.68212963368504,58.07319641113281,3119
2026-06-18 00:00:00+02:00,57.68212963368504,58.07319641113281,57.58436480406768,58.07319641113281,2802
2026-06-19 00:00:00+02:00,58.07319852808957,58.170963361270765,56.117872028551055,57.09553527832031,11617
2026-06-22 00:00:00+02:00,56.6067008972168,57.58436409938297,56.02010073822361,56.6067008972168,8948
2026-06-23 00:00:00+02:00,56.117868565186434,57.09553175461833,56.117868565186434,56.215633392333984,5057
2026-06-24 00:00:00+02:00,56.313398219481535,56.70446498704993,55.62903697047048,56.215633392333984,8524
2026-06-25 00:00:00+02:00,55.72680522561604,57.19330009997436,55.72680522561604,56.020103454589844,3844
2026-06-26 00:00:00+02:00,56.215633392333984,56.215633392333984,55.531268413833835,56.215633392333984,3963
2026-06-29 00:00:00+02:00,56.41116954809344,56.7044677734375,55.824569367916034,56.7044677734375,4286
2026-06-30 00:00:00+02:00,56.704468065547694,58.073198096856636,56.50893467114795,57.97542953491211,16869
2026-07-01 00:00:00+02:00,57.09553355100245,58.07319677119434,56.11787033081055,56.11787033081055,7119
2026-07-02 00:00:00+02:00,56.21563410354873,57.97542712089243,56.21563410354873,57.68212890625,8728
2026-07-03 00:00:00+02:00,57.19330011150151,57.584366903204945,56.80223331979808,57.09553527832031,2334
2026-07-06 00:00:00+02:00,56.704464979580955,57.97542637977719,56.704464979580955,57.29106140136719,6344
2026-07-07 00:00:00+02:00,57.29106353202537,57.48659692305571,56.900000479453915,57.388832092285156,2115
2026-07-08 00:00:00+02:00,57.19329975307373,57.38883314770005,56.508934736626266,56.900001525878906,7737
2026-07-09 00:00:00+02:00,56.60670329868408,56.997766358447414,56.31340134199995,56.900001525878906,12394
2026-07-10 00:00:00+02:00,56.79999923706055,58.599998474121094,56.70000076293945,58.0,13752
2026-07-13 00:00:00+02:00,58.20000076293945,58.400001525878906,57.29999923706055,57.70000076293945,15761
2026-07-14 00:00:00+02:00,57.599998474121094,57.79999923706055,56.29999923706055,57.0,20332
2026-07-15 00:00:00+02:00,57.70000076293945,57.70000076293945,56.79999923706055,57.70000076293945,7838
2026-07-16 00:00:00+02:00,57.400001525878906,58.0,55.79999923706055,56.0,23738
2026-07-17 00:00:00+02:00,56.400001525878906,57.5,56.0,56.5,7488
2026-07-20 00:00:00+02:00,57.0,59.400001525878906,56.79999923706055,59.0,14024
2026-07-21 00:00:00+02:00,59.20000076293945,60.5,58.0,58.79999923706055,17666
2026-07-22 00:00:00+02:00,58.79999923706055,59.0,58.0,58.79999923706055,7532
2026-07-23 00:00:00+02:00,58.599998474121094,58.70000076293945,58.20000076293945,58.70000076293945,5697
2026-07-24 00:00:00+02:00,58.79999923706055,58.79999923706055,57.79999923706055,57.900001525878906,9738
2026-07-27 00:00:00+02:00,57.900001525878906,58.5,57.099998474121094,57.5,3955
2026-07-28 00:00:00+02:00,57.79999923706055,58.099998474121094,57.0,58.099998474121094,3365
2026-07-29 00:00:00+02:00,58.5,58.5,57.0,58.400001525878906,10617
2026-07-30 00:00:00+02:00,58.70000076293945,61.099998474121094,57.5,60.900001525878906,44569
2026-07-31 00:00:00+02:00,61.099998474121094,64.0999984741211,60.900001525878906,64.0999984741211,45557
2026-08-03 00:00:00+02:00,64.0999984741211,66.0,63.400001525878906,65.0,43312
2026-08-04 00:00:00+02:00,65.0,65.4000015258789,65.0,65.19999694824219,18668
2026-08-05 00:00:00+02:00,65.0,65.5,65.0,65.19999694824219,17528
2026-08-06 00:00:00+02:00,65.19999694824219,65.5,64.0999984741211,65.19999694824219,14246
2026-08-07 00:00:00+02:00,64.9000015258789,65.19999694824219,64.30000305175781,65.19999694824219,7771
2026-08-10 00:00:00+02:00,65.19999694824219,65.5,64.5,65.5,4895
2026-08-11 00:00:00+02:00,65.5,65.5,64.0,64.0,15182
2026-08-12 00:00:00+02:00,64.80000305175781,65.30000305175781,64.80000305175781,65.0,7059
2026-08-13 00:00:00+02:00,64.80000305175781,65.0,63.20000076293945,64.5999984741211,7460
2026-08-14 00:00:00+02:00,63.79999923706055,65.0,63.79999923706055,64.69999694824219,3719
2026-08-17 00:00:00+02:00,64.69999694824219,65.0999984741211,63.29999923706055,64.9000015258789,12244
2026-08-18 00:00:00+02:00,64.5,64.5,63.29999923706055,64.0,3125
2026-08-19 00:00:00+02:00,64.0,64.5,63.29999923706055,64.5,3049
2026-08-20 00:00:00+02:00,63.70000076293945,65.0,63.70000076293945,64.0,975
2026-08-21 00:00:00+02:00,64.0,64.4000015258789,60.5,62.79999923706055,5556
